,index,split,essay_id,c3 (N),c3 (Y),c2 (N),c2 (Y),c11 (N),c11 (Y),c8 (N),c8 (Y),c9 (N),c9 (Y),c0 (N),c0 (Y),c10 (N),c10 (Y),c6 (N),c6 (Y),c7 (N),c7 (Y),c5 (N),c5 (Y),c4 (N),c4 (Y),c1 (N),c1 (Y)
0,0,train,8905,0.5019072890281677,0.4541192948818207,0.5109291076660156,0.4429611265659332,0.5097273588180542,0.4495211541652679,0.5091924667358398,0.4457736611366272,0.4987111687660217,0.4535155296325683,0.501241147518158,0.4533955752849579,0.5006935000419617,0.4541378319263458,0.499637633562088,0.4543380439281463,0.5002647638320923,0.4541455507278442,0.5066164135932922,0.4475801587104797,0.502696692943573,0.4545001685619354,0.4994552731513977,0.4525631964206695
1,1,train,9123,0.5952781438827515,0.4042711853981018,0.6111712455749512,0.3901312351226806,0.6038928031921387,0.3959398567676544,0.6084482669830322,0.391812652349472,0.5923808217048645,0.4047009944915771,0.5951162576675415,0.4039246141910553,0.594664990901947,0.405169814825058,0.5892240405082703,0.4062066972255707,0.5906975269317627,0.4040872752666473,0.6041334271430969,0.3933629393577575,0.5975053906440735,0.4050935208797455,0.593585193157196,0.4035069346427917
2,2,train,9754,0.5006418824195862,0.4541462361812591,0.5147079825401306,0.4427452385425567,0.5105206370353699,0.4478511810302734,0.5109307169914246,0.4462783336639404,0.4985435307025909,0.4536535143852234,0.5008352398872375,0.453469455242157,0.5008237957954407,0.4536983370780945,0.4988750517368316,0.4542921781539917,0.5008935928344727,0.4529283940792084,0.5095551013946533,0.4470466673374176,0.5022091269493103,0.4531631469726562,0.4990617930889129,0.4525627791881561
3,3,train,9383,0.5519519448280334,0.4350394308567047,0.5652332901954651,0.4234116971492767,0.5580317974090576,0.4284777045249939,0.5623038411140442,0.4260450005531311,0.5498456954956055,0.4346902072429657,0.5517932176589966,0.4347131848335266,0.5508404970169067,0.4353706836700439,0.5475545525550842,0.4355051517486572,0.5490888357162476,0.4339044988155365,0.5598830580711365,0.4272226095199585,0.5524221062660217,0.4352172613143921,0.5505803227424622,0.4340843856334686
4,4,train,10003,0.4880958199501037,0.460328072309494,0.4994886517524719,0.4486531913280487,0.497144877910614,0.4542725682258606,0.4952719509601593,0.4524491429328918,0.4851313531398773,0.4596355557441711,0.4875365197658539,0.4591443538665771,0.4872172176837921,0.4597394466400146,0.485740602016449,0.4607777297496795,0.4866379201412201,0.4595163464546203,0.4950302839279175,0.4529509544372558,0.4891997873783111,0.4593122899532318,0.4861159920692444,0.4586780965328216
5,5,train,9633,0.61907958984375,0.3744139969348907,0.6387558579444885,0.3557725548744201,0.6342067122459412,0.3590855002403259,0.6365420818328857,0.3560441434383392,0.6139723062515259,0.3762353062629699,0.6191825866699219,0.3732282817363739,0.6211621761322021,0.373421311378479,0.6129956245422363,0.3767316043376922,0.6124783754348755,0.3757657408714294,0.6277500987052917,0.3611273765563965,0.624668300151825,0.3720103204250335,0.6175007224082947,0.3730323910713196
6,6,train,9790,0.5828858017921448,0.415894865989685,0.5978978872299194,0.4020631313323974,0.5905914902687073,0.4073465168476105,0.59519362449646,0.4046084880828857,0.580456554889679,0.4161589741706848,0.5825485587120056,0.4155153334140777,0.5815737843513489,0.4166211783885956,0.5768988728523254,0.4174182713031769,0.5784837007522583,0.4154111444950104,0.591079831123352,0.4063490629196167,0.5842353701591492,0.4159797728061676,0.5810320973396301,0.415057361125946
7,7,train,9954,0.5299248099327087,0.4449053704738617,0.5442954897880554,0.4327844381332397,0.5378940105438232,0.4376879334449768,0.5401137471199036,0.4363381862640381,0.5273690223693848,0.4446806013584137,0.530064582824707,0.4440946280956268,0.529154896736145,0.4448253810405731,0.5260604023933411,0.4452658891677856,0.5274244546890259,0.4437920153141022,0.5387154221534729,0.4372098445892334,0.5306232571601868,0.4443608224391937,0.5281699299812317,0.4439399838447571
8,8,train,8945,0.5476558804512024,0.4338339567184448,0.5601965188980103,0.4224123656749725,0.5535599589347839,0.4274646341800689,0.556990921497345,0.4250965118408203,0.5449110269546509,0.4341205954551697,0.5469780564308167,0.4336188733577728,0.5469257831573486,0.4337641894817352,0.5436451435089111,0.4337497055530548,0.5453972816467285,0.4325218498706817,0.556122899055481,0.4254944324493408,0.5474465489387512,0.4341011047363281,0.5468198657035828,0.4323326647281647
9,9,test,10313,0.6153441071510315,0.3748338222503662,0.6368775367736816,0.3540581464767456,0.6318100094795227,0.3575654923915863,0.6348371505737305,0.3540478944778442,0.6098534464836121,0.376270592212677,0.6156843304634094,0.3728395104408264,0.618354856967926,0.3731909394264221,0.6101897358894348,0.3769870698451996,0.6098073720932007,0.3758746683597564,0.6251848936080933,0.3607377707958221,0.6213219165802002,0.3713826239109039,0.6147721409797668,0.3729996681213379
10,10,train,10261,0.6110430359840393,0.3882516920566559,0.6290140151977539,0.3718781173229217,0.6238035559654236,0.3762280642986297,0.6269649267196655,0.3730227053165436,0.6076951026916504,0.3891951441764831,0.611061155796051,0.3873160779476166,0.6117255091667175,0.3880457580089569,0.6055898666381836,0.3900213241577148,0.6060143709182739,0.3881473839282989,0.6199992895126343,0.3765434622764587,0.616586446762085,0.3859865665435791,0.6095978021621704,0.3869715332984924
11,11,train,9977,0.652597188949585,0.3313231766223907,0.66977459192276,0.3135972917079925,0.6656716465950012,0.3143130838871002,0.6681872010231018,0.3118689656257629,0.6440007090568542,0.3333325386047363,0.6520002484321594,0.328178733587265,0.6555711030960083,0.3299356400966644,0.6477598547935486,0.3353624045848846,0.6454967260360718,0.3361051082611084,0.6591793298721313,0.321723997592926,0.6544846296310425,0.3283850848674774,0.6521458625793457,0.3309272527694702
12,12,train,9432,0.5424753427505493,0.4407410323619842,0.5568384528160095,0.4284753501415252,0.5501554012298584,0.4329001009464264,0.5534233450889587,0.4317994117736816,0.5405972003936768,0.4404933452606201,0.5425423979759216,0.4402166306972503,0.541146457195282,0.4411135613918304,0.5372123122215271,0.4415391981601715,0.5390582084655762,0.4399234354496002,0.5518534779548645,0.4328338503837585,0.5433873534202576,0.4401258528232574,0.5413615703582764,0.4396657049655914
13,13,train,9654,0.5994499325752258,0.4014425873756408,0.6149841547012329,0.3871699273586273,0.6085218191146851,0.3925388157367706,0.6131148934364319,0.3888753056526184,0.5968121886253357,0.4018607139587402,0.5988730788230896,0.4013029336929321,0.598745584487915,0.4019393622875213,0.5936732888221741,0.4029801487922668,0.5946897268295288,0.401011198759079,0.607843279838562,0.3907920718193054,0.6018410921096802,0.4022051692008972,0.597532331943512,0.4005509912967682
14,14,test,10159,0.574022114276886,0.4208595156669616,0.5884334444999695,0.408152163028717,0.581238865852356,0.4132484793663025,0.5858080387115479,0.4105576872825622,0.5723428130149841,0.4206571280956268,0.5741720199584961,0.4203035533428192,0.5727745294570923,0.4215239286422729,0.5680859088897705,0.422001451253891,0.5697703957557678,0.4202274084091186,0.581646203994751,0.4122856259346008,0.5754443407058716,0.4211497902870178,0.57184898853302,0.4203566014766693
15,15,train,9053,0.5662083029747009,0.4269570112228393,0.5790380835533142,0.4153367578983307,0.5721729397773743,0.4203636944293976,0.5771680474281311,0.4178323447704315,0.5641241669654846,0.4266835153102875,0.5656315684318542,0.4267087578773498,0.5644044280052185,0.4276484847068786,0.5614422559738159,0.4275345802307129,0.5628556609153748,0.4258879721164703,0.5733546018600464,0.4190122783184051,0.566199541091919,0.4280779957771301,0.563779890537262,0.4264683723449707
16,16,train,10578,0.4717106521129608,0.4617116451263428,0.4823769330978393,0.4477805495262146,0.4814164638519287,0.4552292227745056,0.4782807528972626,0.4522081613540649,0.4679472744464874,0.4612156748771667,0.4710721671581268,0.4608690738677978,0.4700304865837097,0.4617843329906463,0.4698434770107269,0.4621848165988922,0.4701309204101562,0.4615786075592041,0.4763543605804443,0.4538460969924927,0.4725788831710815,0.4607502520084381,0.4687462449073791,0.4604937434196472
17,17,train,9786,0.6054390072822571,0.3953628838062286,0.6228687167167664,0.3790016174316406,0.6172109842300415,0.3838474452495575,0.6202462315559387,0.3803255259990692,0.6020160913467407,0.3962904512882232,0.6055862903594971,0.3946462273597717,0.6058489084243774,0.3954063653945923,0.599625289440155,0.3974854350090027,0.6003798246383667,0.3955035507678985,0.6134098768234253,0.3841206133365631,0.6101740598678589,0.393464982509613,0.6038168668746948,0.3941422998905182
18,18,train,9182,0.5641312003135681,0.4300844669342041,0.5780991911888123,0.4171599745750427,0.5706003308296204,0.4226951599121094,0.5751423835754395,0.4199180901050567,0.5619193315505981,0.4299896657466888,0.5637514591217041,0.4295997619628906,0.5636729598045349,0.4300093650817871,0.5596145987510681,0.4305106997489929,0.5620526671409607,0.4283344745635986,0.5736097693443298,0.4202865362167358,0.5645551681518555,0.4303066730499267,0.5636365413665771,0.4283351898193359
19,19,train,10096,0.5768174529075623,0.4175531566143036,0.590448260307312,0.4050218164920807,0.5832623839378357,0.4104792177677154,0.5878773331642151,0.4072175025939941,0.5742218494415283,0.418035089969635,0.5761861205101013,0.4174821674823761,0.5763216018676758,0.4176127910614013,0.5719754695892334,0.4180196225643158,0.5737463235855103,0.4160694181919098,0.585482120513916,0.4075486958026886,0.5773471593856812,0.4186782538890838,0.576133668422699,0.4156955778598785
20,20,train,10191,0.5025575757026672,0.4537143111228943,0.5160318613052368,0.4421246945858001,0.511412501335144,0.4475352168083191,0.5117508172988892,0.4452664852142334,0.5007652640342712,0.4533571004867553,0.5031720399856567,0.4525029361248016,0.502042293548584,0.4533894956111908,0.5002722144126892,0.4542681276798248,0.500891923904419,0.4528606534004211,0.5103914141654968,0.4466428160667419,0.5048322677612305,0.4530263841152191,0.5005744099617004,0.4524970352649688
21,21,train,9141,0.5748418569564819,0.4122481346130371,0.5881894826889038,0.4004897177219391,0.5809370875358582,0.406196117401123,0.5869632959365845,0.4018767476081848,0.572583794593811,0.4121114313602447,0.574068546295166,0.4120086431503296,0.5734058618545532,0.4127666652202606,0.5700759887695312,0.412917286157608,0.5716461539268494,0.4113150835037231,0.5831788778305054,0.402849018573761,0.5752140283584595,0.4135538041591644,0.5729148387908936,0.411281019449234
22,22,train,9842,0.622035026550293,0.3625109493732452,0.642085611820221,0.3432037234306335,0.6385151147842407,0.3459120392799377,0.6407120227813721,0.3424544334411621,0.6165408492088318,0.3644365072250366,0.6223025321960449,0.3607183396816253,0.6247654557228088,0.3610939383506775,0.6165959239006042,0.3648749589920044,0.6156935691833496,0.3640365600585937,0.6314979791641235,0.3485052585601806,0.6277897357940674,0.3594712018966675,0.6207011342048645,0.360957384109497
23,23,test,9068,0.621801495552063,0.3645294606685638,0.6424241662025452,0.3446702361106872,0.638447642326355,0.3477785289287567,0.6409986019134521,0.3442144989967346,0.6163743138313293,0.3668367266654968,0.6221365332603455,0.3629541099071502,0.6242770552635193,0.3631115853786468,0.615917444229126,0.3668625354766845,0.6148359775543213,0.3659409880638122,0.6308231949806213,0.3503898084163666,0.6277241706848145,0.3619393110275268,0.6199495196342468,0.3630702793598175
24,24,train,9843,0.5102317333221436,0.4566136300563812,0.5230796337127686,0.445512443780899,0.5193459391593933,0.449837327003479,0.5190719366073608,0.4487485885620117,0.5076006650924683,0.4560664594173431,0.5100735425949097,0.4557108283042907,0.5094059705734253,0.4561459422111511,0.5073997378349304,0.4567276537418365,0.5084975361824036,0.4554266929626465,0.5175616145133972,0.4496331512928009,0.5107875466346741,0.4556985795497894,0.5083494782447815,0.4551058411598205
25,25,train,9446,0.6317523717880249,0.3542506694793701,0.6532466411590576,0.3325411081314087,0.6488012075424194,0.334455132484436,0.6508948802947998,0.3322106003761291,0.6245147585868835,0.3572673201560974,0.6318591833114624,0.3520842790603637,0.6357356905937195,0.3516611456871032,0.6260049343109131,0.3572839498519897,0.6244643330574036,0.3568539917469024,0.6414108872413635,0.3392567038536072,0.636042594909668,0.3510113358497619,0.6305893659591675,0.3527704179286957
26,26,train,10357,0.5064112544059753,0.4468954801559448,0.5168671011924744,0.436124324798584,0.5134503841400146,0.4423448443412781,0.5141626000404358,0.4387970268726349,0.5031936168670654,0.4460763335227966,0.5056729316711426,0.4461469650268554,0.5051760673522949,0.4471826553344726,0.503913402557373,0.4471949338912964,0.5046809315681458,0.4463454782962799,0.5119199752807617,0.4402443468570709,0.5063474178314209,0.4477454721927643,0.5042538046836853,0.4452606737613678
27,27,train,10523,0.5426928400993347,0.4421785473823547,0.5566368699073792,0.4303970336914062,0.5501722097396851,0.4346922636032104,0.5526320934295654,0.4333990216255188,0.5402973890304565,0.4419445991516113,0.5425702333450317,0.4416765570640564,0.5416697263717651,0.4422008097171783,0.5378337502479553,0.4426461160182953,0.5395994782447815,0.4412453174591064,0.5518066883087158,0.4341670870780945,0.5431130528450012,0.4419425129890442,0.5414961576461792,0.4409993290901184
28,28,train,10423,0.5285649299621582,0.4414723217487335,0.541042149066925,0.431041419506073,0.5355638265609741,0.4357238709926605,0.5382104516029358,0.4334614276885986,0.5263857841491699,0.4412272870540619,0.5280212163925171,0.4413624107837677,0.5282875299453735,0.441303014755249,0.52588951587677,0.4415429532527923,0.5270076394081116,0.4402580857276916,0.5367521643638611,0.4341593384742737,0.5297900438308716,0.4416593015193939,0.5271130800247192,0.4403620362281799
29,29,test,8997,0.6211445331573486,0.364103227853775,0.6424769163131714,0.3429159224033355,0.637998104095459,0.3461227118968963,0.6405723690986633,0.3430449962615967,0.6150752902030945,0.3667002320289612,0.6217448711395264,0.3623746633529663,0.6240403056144714,0.3619949221611023,0.6156671643257141,0.3662551939487457,0.6140323281288147,0.3659382164478302,0.6300816535949707,0.3496105968952179,0.6272876262664795,0.3608844876289367,0.6192268133163452,0.3627604246139526
30,30,train,8947,0.5557098984718323,0.4271472990512848,0.5675587058067322,0.4165232479572296,0.5611562728881836,0.4211970269680023,0.5653131008148193,0.4185470044612884,0.5532287955284119,0.4270424246788025,0.5545321702957153,0.4271623790264129,0.5546312928199768,0.4271561503410339,0.5515155792236328,0.4274196028709411,0.5527105331420898,0.4260013103485107,0.5632448792457581,0.4191667437553406,0.5548382997512817,0.4281002879142761,0.5537527799606323,0.4262192249298095
31,31,test,10493,0.5837256908416748,0.4184658229351043,0.5985396504402161,0.4052006006240845,0.5912591814994812,0.4102638661861419,0.5953288674354553,0.4075594842433929,0.5816528797149658,0.4185311794281006,0.5836308002471924,0.4181412756443023,0.582065761089325,0.41944020986557,0.5771732330322266,0.4203434586524963,0.5791157484054565,0.418212890625,0.5910902619361877,0.4096860587596893,0.5853723287582397,0.4188174903392792,0.5813701152801514,0.4182174801826477
32,32,train,9081,0.607147216796875,0.3950872421264648,0.623437225818634,0.3800938725471496,0.6167557835578918,0.3850424885749817,0.6208502054214478,0.3816650211811065,0.6036525964736938,0.3962740004062652,0.6068268418312073,0.3947868645191192,0.6071768999099731,0.3955007195472717,0.6011773943901062,0.3971140086650848,0.6022821664810181,0.3949306309223175,0.6152017712593079,0.3841325938701629,0.610153079032898,0.3949287533760071,0.6053066253662109,0.3941420018672943
33,33,train,9714,0.5092296600341797,0.4495007395744324,0.5215335488319397,0.4382489919662475,0.5175009369850159,0.44412961602211,0.518744170665741,0.4409776628017425,0.5058940649032593,0.4488317966461181,0.5086158514022827,0.4487940073013305,0.5083932876586914,0.4489756524562835,0.5072259306907654,0.4495840966701507,0.5076078772544861,0.4486768543720245,0.5167135000228882,0.4423741400241852,0.5100328326225281,0.4490682780742645,0.5070807933807373,0.447892814874649
34,34,train,9190,0.4887510240077972,0.4564609825611114,0.4976142644882202,0.4447968006134033,0.4983144700527191,0.4518090188503265,0.4960394203662872,0.4477379620075226,0.4847880601882934,0.4557182788848877,0.4879035651683807,0.455513060092926,0.4878291189670563,0.4566780626773834,0.4881117641925812,0.4564463198184967,0.4888228178024292,0.4562331736087799,0.4936748445034027,0.4497210383415222,0.48980912566185,0.4569257199764251,0.4857921302318573,0.4552085995674133
35,35,train,9134,0.4686265289783478,0.4568140506744385,0.4779480695724487,0.4449503421783447,0.4788488447666168,0.4515345990657806,0.4745325446128845,0.4482602477073669,0.4650256931781769,0.4565218985080719,0.4680612087249756,0.455427885055542,0.4668779373168945,0.456680953502655,0.4667215049266815,0.4568778872489929,0.4676479995250702,0.4570972323417663,0.4728234708309173,0.4496968388557434,0.4699013829231262,0.4563705325126648,0.4649204909801483,0.4556021988391876
36,36,train,8987,0.5695043206214905,0.4264400899410248,0.5837641358375549,0.4133244752883911,0.5759639739990234,0.4192792773246765,0.5803412795066833,0.4165182709693908,0.5667061805725098,0.4267767071723938,0.5691214203834534,0.4263772666454315,0.5690284371376038,0.4265681505203247,0.564741849899292,0.4270119071006775,0.5664738416671753,0.4252816438674927,0.5783490538597107,0.416932463645935,0.5697218775749207,0.4274122416973114,0.5684855580329895,0.4252133965492248
37,37,train,10501,0.561065137386322,0.4296195209026336,0.575158953666687,0.4178844094276428,0.568125307559967,0.422175645828247,0.5722176432609558,0.4204504191875458,0.558997392654419,0.4294205605983734,0.5605853199958801,0.4292591512203216,0.5592967867851257,0.4302890002727508,0.5554134845733643,0.4306253790855407,0.5573699474334717,0.4287664592266083,0.5693975687026978,0.4215357303619385,0.5615763068199158,0.4298153519630432,0.5590119957923889,0.4288102686405182
38,38,train,9845,0.6133374571800232,0.3845013976097107,0.6317759156227112,0.3667716383934021,0.6267414093017578,0.3713809251785278,0.6291882991790771,0.3681105673313141,0.6088050603866577,0.386029988527298,0.6133385300636292,0.3838482499122619,0.6140386462211609,0.3843431770801544,0.6075423955917358,0.3864008486270904,0.6074297428131104,0.3851456642150879,0.621502697467804,0.3722220063209533,0.6184840202331543,0.3827514350414276,0.6113476157188416,0.3832633793354034
39,39,train,9587,0.5497465133666992,0.4364452064037323,0.5643110275268555,0.4242571592330932,0.5565930604934692,0.4293929636478424,0.5611180663108826,0.4272573292255401,0.5479880571365356,0.4360378682613373,0.5499082207679749,0.4359039068222046,0.5485251545906067,0.4367460310459137,0.5447303652763367,0.4370764493942261,0.5464497208595276,0.4353533089160919,0.5589044690132141,0.4281605184078216,0.5504388809204102,0.4363601207733154,0.5484795570373535,0.4353560209274292
40,40,train,10621,0.6390763521194458,0.3403698205947876,0.6569232940673828,0.3221858143806457,0.6542190909385681,0.3222985863685608,0.6558613777160645,0.3205325603485107,0.6315858960151672,0.3426746428012848,0.6386541128158569,0.3376522958278656,0.6421142220497131,0.3381303548812866,0.6345694065093994,0.3430800139904022,0.6323919892311096,0.3435088694095611,0.646747350692749,0.3287794589996338,0.6421817541122437,0.3375667929649353,0.6376844644546509,0.3397444784641266
41,41,train,9026,0.5526667833328247,0.4328194856643677,0.5652791261672974,0.4217865467071533,0.5586694478988647,0.4261309802532196,0.5627235174179077,0.4242640435695648,0.5503868460655212,0.4326219856739044,0.5518735647201538,0.4325548112392425,0.5512089133262634,0.4331912398338318,0.5480034947395325,0.4330544173717499,0.5497346520423889,0.4314677119255066,0.5607207417488098,0.4248432517051697,0.5529423952102661,0.4331184923648834,0.5511658787727356,0.431427001953125
42,42,train,10447,0.5007060766220093,0.4566732943058014,0.5130221247673035,0.4446407258510589,0.5095598697662354,0.4508147835731506,0.5086860656738281,0.4485348761081695,0.4980122447013855,0.4559560418128967,0.5003421902656555,0.4559464752674103,0.4998671114444732,0.4564796686172485,0.4984703958034515,0.457160085439682,0.4988861978054046,0.4561196565628052,0.5082001686096191,0.4488450586795807,0.501713752746582,0.4558870494365692,0.4986446499824524,0.4552442729473114
43,43,train,10630,0.5067838430404663,0.4532023966312408,0.5192874670028687,0.4424720406532287,0.5159592628479004,0.4475391209125519,0.515942394733429,0.4454150795936584,0.5041589736938477,0.4528341591358185,0.5066993236541748,0.4522943794727325,0.5065186023712158,0.4527468085289001,0.5043976306915283,0.4534915089607239,0.5052964091300964,0.4523508548736572,0.5141251087188721,0.4462104439735412,0.5079705715179443,0.4529900848865509,0.5047853589057922,0.4518696665763855
44,44,train,9622,0.5215863585472107,0.448439747095108,0.5354592800140381,0.4370819628238678,0.5289022326469421,0.4418620467185974,0.5311557054519653,0.4403821527957916,0.5188685655593872,0.4481628835201263,0.5210955739021301,0.4483129978179931,0.5210933089256287,0.4482881426811218,0.5183891654014587,0.4485389590263366,0.519706130027771,0.4472581744194031,0.5307566523551941,0.4408112466335296,0.5217781066894531,0.4480419158935547,0.5203201174736023,0.4472020864486694
45,45,train,10008,0.6044355630874634,0.3920844793319702,0.6199941635131836,0.3778979182243347,0.6140010952949524,0.3827456533908844,0.617993175983429,0.3789597749710083,0.601565420627594,0.3928879201412201,0.6041474938392639,0.391613245010376,0.6042012572288513,0.3923841118812561,0.5988090634346008,0.3939165771007538,0.6001607179641724,0.3917135000228882,0.6128761172294617,0.3816701471805572,0.6074420213699341,0.3910651206970215,0.6031942367553711,0.3907707035541534
46,46,train,9128,0.5046926140785217,0.4533213376998901,0.5176990032196045,0.4420693814754486,0.5138772130012512,0.4469401836395263,0.5139194130897522,0.445009171962738,0.5018453001976013,0.4528175890445709,0.5041317939758301,0.4527204632759094,0.5040609836578369,0.4528867900371551,0.5024245381355286,0.4532343447208404,0.5032834410667419,0.4521583318710327,0.5132733583450317,0.445608377456665,0.5055262446403503,0.4525437355041504,0.5027501583099365,0.4517753422260284
47,47,train,9627,0.4745311439037323,0.4558204114437103,0.4828259944915771,0.4445582628250122,0.4840534329414367,0.4504053592681885,0.4797933995723724,0.4475480616092682,0.470364898443222,0.4564422965049743,0.4738053381443023,0.4553826749324798,0.473116010427475,0.4563296735286712,0.4726684689521789,0.4562191367149353,0.4733010530471802,0.4566462337970733,0.478807121515274,0.4496358633041382,0.4759034812450409,0.455705463886261,0.4718497991561889,0.4550224244594574
48,48,train,9990,0.5206226110458374,0.4493452906608581,0.5347611904144287,0.4382275640964508,0.5287743806838989,0.4431570768356323,0.5311141014099121,0.4415111541748047,0.5182162523269653,0.4486741721630096,0.520483672618866,0.448508471250534,0.5199885368347168,0.4488281011581421,0.5178269147872925,0.4492620825767517,0.518859326839447,0.4480872750282287,0.5296055674552917,0.4419985711574554,0.5210135579109192,0.4487020075321197,0.5187505483627319,0.4480058252811432
49,49,test,10250,0.5898296236991882,0.4098067581653595,0.6046222448348999,0.3956881463527679,0.5975695848464966,0.401627242565155,0.601895272731781,0.3975937962532043,0.5866222977638245,0.4107021689414978,0.5892017483711243,0.4098276197910309,0.5894635915756226,0.4099325239658355,0.5850170850753784,0.4105122983455658,0.5862542986869812,0.4084830284118652,0.5982385277748108,0.3987900614738464,0.5913833379745483,0.4106439054012298,0.5884661674499512,0.4081728756427765
50,50,train,9217,0.4822025597095489,0.4571138620376587,0.4928584098815918,0.4445480704307556,0.4920466542243957,0.4519339501857757,0.4889657199382782,0.4483404755592346,0.4786789417266845,0.4560787379741668,0.4819645285606384,0.4556735754013061,0.4810558557510376,0.4569713175296783,0.480433315038681,0.4574923813343048,0.4812985360622406,0.4568781852722168,0.4875011742115021,0.4495111405849457,0.4842230677604675,0.456565111875534,0.4799410700798034,0.455599844455719
51,51,train,9329,0.4878130555152893,0.4559002816677093,0.4989550411701202,0.4438248872756958,0.4964784979820251,0.4502440690994262,0.4945167303085327,0.4478234946727752,0.4845910370349884,0.455013245344162,0.4875621497631073,0.4545712172985077,0.486737996339798,0.4555459916591644,0.4854562282562256,0.4564797580242157,0.4863721430301666,0.4556183516979217,0.4933613836765289,0.4489358067512512,0.4891515076160431,0.455098420381546,0.4856778383255005,0.4538940191268921
52,52,test,9511,0.6290565729141235,0.3556626439094543,0.6512308120727539,0.3341345489025116,0.6469584107398987,0.3359580039978027,0.6486756205558777,0.333844929933548,0.6220872402191162,0.358644038438797,0.6296176314353943,0.3532097339630127,0.6330459117889404,0.3533890545368194,0.6230077147483826,0.3590891063213348,0.621572732925415,0.3584750294685364,0.6389589905738831,0.3410376608371734,0.6345694065093994,0.3519565165042877,0.6279870271682739,0.3542123734951019
53,53,train,8964,0.6316925287246704,0.350413978099823,0.652878999710083,0.3290115594863891,0.6493895053863525,0.3298200368881225,0.6510615944862366,0.3281178176403045,0.6239649057388306,0.3536129593849182,0.6312483549118042,0.3482349514961242,0.6362565159797668,0.3475873470306396,0.6264945864677429,0.3533317744731903,0.6245867609977722,0.3534700572490692,0.6413891911506653,0.3362006247043609,0.6359454989433289,0.3469678461551666,0.6311838030815125,0.3488277792930603
54,54,train,9950,0.606503427028656,0.3933734893798828,0.6226829886436462,0.3782859146595001,0.6164657473564148,0.3837953805923462,0.6210362911224365,0.3791520893573761,0.6031542420387268,0.3939724564552307,0.6061562895774841,0.3927802741527557,0.6065108180046082,0.3934036791324615,0.6009024381637573,0.394807368516922,0.6016475558280945,0.3930325210094452,0.6149943470954895,0.3817273378372192,0.6096971035003662,0.3930285274982452,0.6048489809036255,0.3917235434055328
55,55,train,9693,0.6391671299934387,0.3425082564353943,0.6573591828346252,0.3242169022560119,0.6536607146263123,0.3242499232292175,0.6561595797538757,0.3223710656166076,0.6315732002258301,0.3446787297725677,0.6389434933662415,0.3395141959190368,0.6437697410583496,0.3397438526153564,0.6355826258659363,0.3449395596981048,0.633733332157135,0.3450768291950226,0.6476113200187683,0.3309669494628906,0.6422005891799927,0.3394032418727875,0.6394180059432983,0.3412253260612488
56,56,train,10202,0.6184117794036865,0.380244106054306,0.638676643371582,0.3612981736660003,0.632652759552002,0.3660419881343841,0.6363282203674316,0.3620516359806061,0.6130782961845398,0.3812955021858215,0.6184004545211792,0.3790440857410431,0.6199922561645508,0.3807909488677978,0.6123174428939819,0.3838690817356109,0.612442135810852,0.3819456100463867,0.6276465058326721,0.3678658902645111,0.6237877011299133,0.3783793449401855,0.6169388294219971,0.3801418244838714
57,57,train,9597,0.5208923816680908,0.4451695680618286,0.5340742468833923,0.4343622028827667,0.5284525752067566,0.4390047490596771,0.5299690961837769,0.4374692142009735,0.5182967782020569,0.4447030425071716,0.520332932472229,0.4446966350078583,0.520128071308136,0.4447910487651825,0.5176742076873779,0.4451968371868133,0.5186750292778015,0.4440571367740631,0.5296546816825867,0.4377792179584503,0.5212756395339966,0.444831907749176,0.5193706750869751,0.4437785446643829
58,58,test,9910,0.5053424835205078,0.4563987851142883,0.5188051462173462,0.4448422789573669,0.5141423940658569,0.4501251578330993,0.514296293258667,0.4479853808879852,0.5029744505882263,0.4558466672897339,0.5054884552955627,0.4555111527442932,0.5048164129257202,0.4558831751346588,0.5026659369468689,0.4567591249942779,0.503675103187561,0.4554028511047363,0.5136992931365967,0.4489868581295013,0.5061631202697754,0.4554575085639953,0.5034823417663574,0.4550423920154571
59,59,train,10245,0.6147905588150024,0.3837566375732422,0.6327203512191772,0.3662664294242859,0.6278910636901855,0.3707211911678314,0.6302652955055237,0.3674214482307434,0.6109235882759094,0.3852005898952484,0.6149397492408752,0.3830384612083435,0.6154426336288452,0.3837540447711944,0.6087245941162109,0.3862088918685913,0.6089702844619751,0.3844360113143921,0.6229800581932068,0.3716225624084472,0.6203391551971436,0.3812325596809387,0.6129487156867981,0.3827883601188659
60,60,train,10061,0.6209158301353455,0.3702819645404815,0.6410244107246399,0.3518823087215423,0.637242317199707,0.3544903099536896,0.6390740275382996,0.3519760370254516,0.6155915260314941,0.3723028004169464,0.6212141513824463,0.3690513372421264,0.6234477758407593,0.3693923056125641,0.6151189208030701,0.3728568255901336,0.614650309085846,0.3716612160205841,0.6299029588699341,0.3576580584049225,0.6267745494842529,0.3677298724651336,0.6193088889122009,0.3694549798965454
61,61,train,10561,0.6431886553764343,0.3434685468673706,0.6629667282104492,0.3233365416526794,0.6578758358955383,0.3249332308769226,0.6602507829666138,0.3227480351924896,0.6341344118118286,0.3463793992996216,0.6418605446815491,0.3411353230476379,0.6478849053382874,0.3410029411315918,0.6387518644332886,0.3468498587608337,0.6367992162704468,0.3472890853881836,0.652237594127655,0.3315295279026031,0.6459338068962097,0.3405459821224212,0.6437537670135498,0.3421206474304199
62,62,train,9519,0.5671470165252686,0.4239297211170196,0.5809981822967529,0.4121702015399933,0.5738911032676697,0.4168450534343719,0.5787249803543091,0.414459615945816,0.5657129883766174,0.4233541786670685,0.5673064589500427,0.4231303036212921,0.5652260780334473,0.4247594177722931,0.5612810850143433,0.4251043200492859,0.5631400942802429,0.4232646822929382,0.5750688314437866,0.4159090518951416,0.5677686929702759,0.4242635369300842,0.5644559264183044,0.4237514436244964
63,63,train,8911,0.4702030122280121,0.4588536918163299,0.4812105298042297,0.4452416002750397,0.4810462594032287,0.4523423910140991,0.4762359261512756,0.4491031765937805,0.4658695757389068,0.4580502808094024,0.4699794054031372,0.4576971232891083,0.4686934053897857,0.4586333632469177,0.4679487347602844,0.459272563457489,0.4683527052402496,0.4592395722866058,0.4756686687469482,0.450575053691864,0.4712404608726501,0.4578992426395416,0.4670763909816742,0.4573748707771301
64,64,train,9074,0.475405603647232,0.4576677083969116,0.4855564832687378,0.4445453584194183,0.4860018789768219,0.4519600570201874,0.4814880490303039,0.4495804905891418,0.4710865616798401,0.4571468532085418,0.4746319949626922,0.4562793374061584,0.4739868640899658,0.4576835930347442,0.4740002453327179,0.4579027593135834,0.4743190705776214,0.4574650526046753,0.4806972742080688,0.4508400559425354,0.4762299656867981,0.457053393125534,0.4725444912910461,0.4561534523963928
65,65,train,10562,0.6118173003196716,0.3816491067409515,0.6309639811515808,0.3638984858989715,0.6261661052703857,0.3678012192249298,0.6288800835609436,0.364626407623291,0.6076174974441528,0.3827802240848541,0.6119205355644226,0.3806709051132202,0.6130157709121704,0.381259948015213,0.6062686443328857,0.3837579190731048,0.6063126921653748,0.3823607563972473,0.620512843132019,0.3693408966064453,0.6177118420600891,0.3791790902614593,0.6104316711425781,0.3803665935993194
66,66,train,10252,0.6512736678123474,0.3336540162563324,0.6687365770339966,0.3156599104404449,0.6641932725906372,0.3166740834712982,0.6673471927642822,0.3137035369873047,0.6420512795448303,0.335897833108902,0.6500189304351807,0.3309174478054046,0.654750645160675,0.3321205675601959,0.6466907262802124,0.3376505672931671,0.6440795660018921,0.3385742008686065,0.6585354208946228,0.323859304189682,0.652633786201477,0.3311823606491089,0.6511746048927307,0.3334609568119049
67,67,train,10077,0.6343517303466797,0.348999947309494,0.6565126180648804,0.3264330923557281,0.6522426605224609,0.3281644880771637,0.6544150710105896,0.3261021673679352,0.6263640522956848,0.3523594737052917,0.6340951919555664,0.3466435968875885,0.6383609175682068,0.3467259705066681,0.6286090612411499,0.3525000214576721,0.6266117691993713,0.3527259826660156,0.6441200971603394,0.3340854942798614,0.6382953524589539,0.3461988866329193,0.6332775354385376,0.3477582633495331
68,68,train,9819,0.5242375731468201,0.4459294974803924,0.537583589553833,0.4347909688949585,0.5319520235061646,0.4394612610340118,0.5341532826423645,0.4377210140228271,0.5225704312324524,0.4450545907020569,0.5245065093040466,0.4452725052833557,0.522485077381134,0.4462240934371948,0.5191997289657593,0.4468808174133301,0.5206957459449768,0.4453182518482208,0.5320146679878235,0.4389650821685791,0.5249158143997192,0.445751428604126,0.521966278553009,0.4450768530368805
69,69,train,9711,0.4964417219161987,0.4561538994312286,0.5092633962631226,0.4441702365875244,0.5053832530975342,0.4496522545814514,0.5044483542442322,0.4483514428138733,0.4939731061458587,0.4554977715015411,0.496877372264862,0.4549704194068908,0.495534598827362,0.455854594707489,0.4937976002693176,0.4567537605762481,0.4944479465484619,0.4555909633636474,0.5036010146141052,0.4490327537059784,0.4981680512428283,0.4546157121658325,0.494396835565567,0.4547294974327087
70,70,test,9505,0.511284589767456,0.4484425783157348,0.5228467583656311,0.4381050765514374,0.5198705792427063,0.443281888961792,0.5200676918029785,0.4407964050769806,0.5087989568710327,0.4477278888225555,0.511216402053833,0.4477116167545318,0.5107176303863525,0.4481978416442871,0.5095877051353455,0.4484837055206299,0.5099440813064575,0.4476076960563659,0.5182408690452576,0.4419709742069244,0.5129702687263489,0.4480323791503906,0.5095680952072144,0.4470306038856506
71,71,train,10371,0.4868592917919159,0.4448079466819763,0.4974339604377746,0.4342390894889831,0.4972163140773773,0.4401091933250427,0.4939913749694824,0.4375708699226379,0.4833307266235351,0.4448846578598022,0.4861597120761871,0.4446557760238647,0.4850613176822662,0.4450720846652984,0.4860928952693939,0.4445729553699493,0.4864357709884643,0.4448222815990448,0.4919433891773224,0.4390028119087219,0.4867661893367767,0.4448992013931274,0.483577698469162,0.444001168012619
72,72,train,9495,0.6360250115394592,0.3492978811264038,0.656632125377655,0.3284192681312561,0.651762843132019,0.3301219344139099,0.6543899774551392,0.3277179002761841,0.627838671207428,0.3521665930747986,0.6355523467063904,0.346890389919281,0.6402692794799805,0.346901535987854,0.6307044625282288,0.3528530895709991,0.6291176676750183,0.3527157306671142,0.6451824307441711,0.3364646732807159,0.6399744749069214,0.3456321656703949,0.6356598734855652,0.3480494916439056
73,73,train,9276,0.5554013252258301,0.4283453226089477,0.5684009790420532,0.4166798591613769,0.5610148310661316,0.4220156371593475,0.5655097961425781,0.4190537631511688,0.552538275718689,0.4283766746520996,0.5544207096099854,0.4284032583236694,0.5551415681838989,0.4282154142856598,0.5514026284217834,0.4282712042331695,0.5529682040214539,0.4269901812076568,0.5646195411682129,0.4193674623966217,0.5550605654716492,0.4289766848087311,0.5547545552253723,0.4267882406711578
74,74,train,8919,0.5203072428703308,0.4475874006748199,0.5342912673950195,0.4364733397960663,0.5279738903045654,0.4411781430244446,0.5301463007926941,0.4399304687976837,0.5180534720420837,0.4471760988235473,0.5201502442359924,0.4472363293170929,0.5203108787536621,0.447377860546112,0.5173420906066895,0.4477987289428711,0.5187376737594604,0.4463178813457489,0.5295416116714478,0.4399982094764709,0.5214805006980896,0.4470893740653991,0.5192446708679199,0.4464395940303802
75,75,test,9697,0.6475093960762024,0.3344801962375641,0.6653978228569031,0.3159526586532593,0.6616233587265015,0.3167780935764313,0.6645886301994324,0.3141770958900451,0.6391953229904175,0.3370311856269836,0.6473725438117981,0.3314422965049743,0.6500486135482788,0.3327628076076507,0.6423442363739014,0.3381571769714355,0.6396818161010742,0.3390454947948456,0.6541345119476318,0.3239944279193878,0.649889349937439,0.3317508995532989,0.6461714506149292,0.3340106606483459
76,76,train,9508,0.5030480623245239,0.4550944566726684,0.5162346959114075,0.4427282214164734,0.5123685002326965,0.4489431083202362,0.5116470456123352,0.4465978443622589,0.5001122355461121,0.4546574354171753,0.5029733180999756,0.4542957246303558,0.5022227764129639,0.4545431733131408,0.5006155371665955,0.4554209411144256,0.5013865828514099,0.4543975591659546,0.5106764435768127,0.4474463164806366,0.5043591856956482,0.4540794789791107,0.5010615587234497,0.4527536034584045
77,77,train,9973,0.6088632941246033,0.3949055075645447,0.6246956586837769,0.3805308043956756,0.61873459815979,0.3847119510173797,0.623272716999054,0.3810364902019501,0.6062896847724915,0.3948360681533813,0.6089542508125305,0.3935351967811584,0.6078324913978577,0.3964711427688598,0.6018399000167847,0.3984075784683227,0.6034690141677856,0.395856499671936,0.6166384816169739,0.3854520916938782,0.6122116446495056,0.3933973908424377,0.6071285605430603,0.394364595413208
78,78,test,10433,0.6276006102561951,0.3593479096889496,0.6484227180480957,0.3394539654254913,0.6440598964691162,0.3414539992809295,0.6463600397109985,0.3389249444007873,0.6211358308792114,0.36170095205307,0.6277503371238708,0.357351690530777,0.6314257383346558,0.3577226102352142,0.6220952272415161,0.3626669347286224,0.6213312745094299,0.3617677688598633,0.637354850769043,0.345808744430542,0.6326371431350708,0.3563289642333984,0.626976490020752,0.3583409786224365
79,79,test,8883,0.5966723561286926,0.4015257954597473,0.6124852895736694,0.3867686986923218,0.605482816696167,0.3929910659790039,0.6102413535118103,0.3886319994926452,0.5933933854103088,0.4025588631629944,0.5962527990341187,0.4016227722167969,0.596829891204834,0.4013997614383697,0.5919113755226135,0.4023765921592712,0.5927962064743042,0.4006487131118774,0.6053845882415771,0.390089750289917,0.5990680456161499,0.401975154876709,0.5953965783119202,0.3998608887195587
80,80,train,9766,0.5780107975006104,0.4199519753456116,0.5923098921775818,0.4071018099784851,0.5855883359909058,0.4114085137844085,0.5892983675003052,0.4098224937915802,0.5757067203521729,0.4199088513851166,0.5776349306106567,0.4195275604724884,0.5769023895263672,0.4203044176101684,0.5727259516716003,0.4208130240440368,0.5746588110923767,0.4188176989555359,0.5868440866470337,0.4105083346366882,0.5788630843162537,0.4202145338058471,0.5765278935432434,0.4188388288021087
81,81,test,9720,0.6126559376716614,0.3852383494377136,0.6307543516159058,0.3681321442127228,0.625375509262085,0.3730805814266205,0.6285484433174133,0.3691417872905731,0.6090084910392761,0.3864407241344452,0.6129541993141174,0.3846929967403412,0.6136642694473267,0.384775847196579,0.606874406337738,0.3872458338737488,0.6071323752403259,0.3856452405452728,0.6214748620986938,0.37275430560112,0.6176470518112183,0.3835884630680084,0.6111570000648499,0.383567750453949
82,82,train,9307,0.4927999973297119,0.4548547565937042,0.5033952593803406,0.4439126253128052,0.5019140243530273,0.4499319195747375,0.5003601312637329,0.4472286999225616,0.4893828928470611,0.4540054500102997,0.4923377335071563,0.4542511701583862,0.4913296103477478,0.4547078013420105,0.4900183379650116,0.4551017880439758,0.490849494934082,0.4545210003852844,0.4985429942607879,0.4478342831134796,0.4932431578636169,0.4547537267208099,0.4903308749198913,0.4532587230205536
83,83,train,9424,0.6048194169998169,0.3931063115596771,0.6206490397453308,0.3777642250061035,0.6142581701278687,0.3836032748222351,0.6184391379356384,0.3793803751468658,0.6015792489051819,0.3940560221672058,0.6044450998306274,0.3928587734699249,0.6048298478126526,0.3933792412281036,0.5991441607475281,0.3950416445732116,0.6000130772590637,0.3930462300777435,0.6128122806549072,0.3819982707500458,0.6078912615776062,0.3928493559360504,0.602994441986084,0.3919409811496734
84,84,train,9469,0.5540034174919128,0.4322707056999206,0.5678715109825134,0.4209235310554504,0.5611451268196106,0.4252192974090576,0.5647971034049988,0.4235483407974243,0.5520420074462891,0.4321206510066986,0.5538961291313171,0.4319076836109161,0.5525166392326355,0.4327678680419922,0.5487262010574341,0.43304643034935,0.5504705905914307,0.4314423203468323,0.5626366138458252,0.4243366718292236,0.5549070239067078,0.4324994385242462,0.5523647665977478,0.4314706325531006
85,85,train,10143,0.6151861548423767,0.3853693008422851,0.6338859796524048,0.3680976629257202,0.6290727853775024,0.3713432848453522,0.6315400004386902,0.3685989081859588,0.6108940839767456,0.3863207697868347,0.6152494549751282,0.3839977085590362,0.6155127882957458,0.3871452808380127,0.6077779531478882,0.389771431684494,0.6087263226509094,0.3876669704914093,0.6232089400291443,0.3748100697994232,0.6206449866294861,0.3830166757106781,0.6133195161819458,0.3857604563236236
86,86,test,9457,0.4939146041870117,0.4614885151386261,0.5069016814231873,0.4502708911895752,0.5036848783493042,0.4556033909320831,0.5025430917739868,0.4539252817630768,0.4909802079200744,0.4607504904270172,0.4936038553714752,0.4606031775474548,0.4930578470230102,0.4612287878990173,0.4915531277656555,0.4620479345321655,0.4925330281257629,0.4607504904270172,0.5008834004402161,0.454784631729126,0.4949900209903717,0.4605090022087097,0.4919891655445099,0.4598541557788849
87,87,train,9403,0.5128981471061707,0.449353277683258,0.5255412459373474,0.4391441941261291,0.5208286046981812,0.4442265927791595,0.5215424299240112,0.4423914849758148,0.5094166398048401,0.4494087398052215,0.5119904279708862,0.4494293630123138,0.5122596025466919,0.449479728937149,0.5099512934684753,0.4497136771678924,0.5106845498085022,0.4486247897148132,0.5209733843803406,0.4427019655704498,0.5131338238716125,0.4495137333869934,0.510580837726593,0.4485712349414825
88,88,train,10571,0.5012704730033875,0.4539560377597809,0.5130978226661682,0.4423585534095764,0.5100433230400085,0.4487658143043518,0.5096160769462585,0.4458049237728119,0.4988285303115845,0.4530817866325378,0.5012401342391968,0.4531745016574859,0.5006056427955627,0.4538635909557342,0.4988332986831665,0.4542411863803863,0.499206006526947,0.4533507227897644,0.5083888173103333,0.4467296004295349,0.5030794143676758,0.4536429643630981,0.4994910657405853,0.4524364471435547
89,89,train,9309,0.5565258264541626,0.4310970604419708,0.5695670247077942,0.4194973409175873,0.5628447532653809,0.4239874184131622,0.5664814114570618,0.4225687384605407,0.5541835427284241,0.4307712316513061,0.5560436248779297,0.430807501077652,0.5554742217063904,0.4313686192035675,0.5519074201583862,0.4315860271453857,0.5536991953849792,0.4299900531768799,0.5653862357139587,0.4225834608078003,0.5567063093185425,0.4313695430755615,0.5554367303848267,0.4298557043075561
90,90,test,10560,0.6038642525672913,0.3977342844009399,0.6203050017356873,0.3819625377655029,0.6137332320213318,0.3870323896408081,0.6184078454971313,0.383756548166275,0.6008357405662537,0.3980214297771454,0.6039713025093079,0.3964363634586334,0.6030369997024536,0.398605465888977,0.59757000207901,0.399838387966156,0.5986802577972412,0.3978057205677032,0.6123242974281311,0.386839747428894,0.6071206331253052,0.3967505395412445,0.6015396118164062,0.3972026109695434
91,91,train,9543,0.6130303144454956,0.386709600687027,0.6301218271255493,0.3704695403575897,0.6245453357696533,0.3747913241386413,0.6277064085006714,0.3717729151248932,0.6096952557563782,0.3876772224903106,0.6130499243736267,0.3859534561634063,0.6134747266769409,0.3873820006847381,0.606590211391449,0.389586478471756,0.6074486374855042,0.3874673545360565,0.6210536956787109,0.3757602572441101,0.6174477934837341,0.3848030567169189,0.6114010810852051,0.3858975172042846
92,92,train,8956,0.6233487725257874,0.3659221827983856,0.6443991661071777,0.3462034165859222,0.6401669979095459,0.3491994440555572,0.6420190930366516,0.346068799495697,0.6178065538406372,0.3678296506404876,0.6235907077789307,0.3643053472042084,0.6260694861412048,0.3647084832191467,0.6172634363174438,0.3687610030174255,0.6166186928749084,0.3678486049175262,0.633212149143219,0.3519358336925506,0.6296992897987366,0.3626572787761688,0.622419536113739,0.3643136322498321
93,93,train,9983,0.4746119081974029,0.4598288536071777,0.48459193110466,0.4459670484066009,0.4847630858421325,0.4538647532463074,0.4801159501075744,0.4505175650119781,0.4707130789756775,0.4587227702140808,0.4741664230823517,0.4585700333118438,0.4733051657676697,0.4595970213413238,0.4729443490505218,0.4599948525428772,0.4737555086612701,0.4596742391586303,0.4795785248279571,0.4517108201980591,0.4759979546070099,0.4588111639022827,0.4717120826244354,0.458383709192276
94,94,train,9185,0.6033642888069153,0.3985184133052826,0.6189841628074646,0.3839584589004516,0.6127408146858215,0.3885691165924072,0.6165836453437805,0.3855087161064148,0.6010614037513733,0.3987053632736206,0.6033097505569458,0.3979075849056244,0.6024861335754395,0.3996680080890655,0.5963019132614136,0.4015009105205536,0.5981781482696533,0.3990741074085235,0.6111764311790466,0.3883296251296997,0.6065163612365723,0.3976532816886902,0.6015141606330872,0.39785036444664
95,95,train,9664,0.6441993713378906,0.3379797339439392,0.6629135608673096,0.3186249136924743,0.6586654782295227,0.3197431862354278,0.6613278388977051,0.3172530829906463,0.635550320148468,0.3407853841781616,0.6433069705963135,0.3354524970054626,0.6475995779037476,0.3356768786907196,0.6391018629074097,0.3414604067802429,0.6367274522781372,0.3423160910606384,0.6520200371742249,0.3263804316520691,0.6470574736595154,0.3348856270313263,0.6435678601264954,0.3370384871959686
96,96,train,9012,0.5432981252670288,0.4376035928726196,0.5574900507926941,0.4262906014919281,0.5503556728363037,0.431107610464096,0.5539703369140625,0.4291162490844726,0.5407724380493164,0.4373938739299774,0.5428065061569214,0.4371939301490783,0.5424659848213196,0.4375737011432647,0.5391729474067688,0.437665730714798,0.5406795740127563,0.4362035095691681,0.5522408485412598,0.4298376142978668,0.5434960126876831,0.4378407597541809,0.5418661832809448,0.4363227188587188
97,97,train,9682,0.5323761105537415,0.4455772340297699,0.5450272560119629,0.434777170419693,0.5389044880867004,0.4395055174827575,0.5424929261207581,0.4375442862510681,0.5303976535797119,0.4452031254768371,0.5326000452041626,0.4452258944511413,0.5319364666938782,0.44573575258255,0.5292267203330994,0.4457710981369018,0.5302295684814453,0.4444741308689117,0.5401549935340881,0.4385809898376465,0.5335874557495117,0.4453532099723816,0.5309800505638123,0.4445516467094421
98,98,test,10376,0.6269010901451111,0.3569183945655823,0.6479581594467163,0.3366009294986725,0.6443864107131958,0.3378262519836426,0.6462444067001343,0.3356576263904571,0.6202380657196045,0.359636902809143,0.6273283958435059,0.3546821177005768,0.6312296390533447,0.3546516597270965,0.6216172575950623,0.3597845435142517,0.620389997959137,0.3592612743377685,0.6365009546279907,0.3432934284210205,0.6320405602455139,0.3534524738788605,0.6263161301612854,0.3554687201976776
99,99,train,10075,0.4942989945411682,0.4628230631351471,0.5055990815162659,0.4507215023040771,0.5031121969223022,0.456962376832962,0.5019405484199524,0.4547286033630371,0.4913797378540039,0.4622255563735962,0.494286298751831,0.4615989923477173,0.4937838912010193,0.4623118638992309,0.4921334683895111,0.4636056125164032,0.492784708738327,0.4622489809989929,0.5012260675430298,0.4546259045600891,0.4955741167068481,0.4622936248779297,0.4925631284713745,0.4607426226139068
100,100,train,9199,0.4723430275917053,0.4663723707199096,0.4833438098430633,0.4528465270996094,0.4820587933063507,0.4589590728282928,0.4786999523639679,0.4577420949935913,0.4689399600028991,0.4655926525592804,0.4717496931552887,0.4650417864322662,0.4707418382167816,0.465938925743103,0.4692668318748474,0.4673048555850982,0.4702444970607757,0.4660512804985046,0.476620465517044,0.4584285616874695,0.4733772277832031,0.4650056362152099,0.4700343310832977,0.4645158350467682
101,101,train,9293,0.4893223643302917,0.4603149890899658,0.5010921359062195,0.4470681548118591,0.498905748128891,0.4536062180995941,0.4965453743934631,0.4511468410491943,0.485860675573349,0.4594531953334808,0.4884787201881408,0.4587573707103729,0.4881143271923065,0.4598285853862762,0.4875987470149994,0.4603886902332306,0.48799729347229,0.4595611691474914,0.496324211359024,0.4516155123710632,0.4903887808322906,0.4591680467128753,0.4866199791431427,0.4586447179317474
102,102,train,10058,0.4916914999485016,0.4453286230564117,0.5013165473937988,0.4330771863460541,0.5014714598655701,0.4397385716438293,0.4988034963607788,0.4365188479423523,0.4880957007408142,0.4453195929527282,0.4909331500530243,0.4446732699871063,0.4903370141983032,0.4457803070545196,0.4908633232116699,0.4446853101253509,0.4911661446094513,0.4449641406536102,0.4969153702259063,0.4386680424213409,0.4925978183746338,0.445880651473999,0.4890942573547363,0.4443667531013489
103,103,test,9384,0.5287562012672424,0.4418308734893799,0.5426257848739624,0.4308226406574249,0.5370160341262817,0.4356774687767029,0.53900146484375,0.4334365427494049,0.526851236820221,0.4411253333091736,0.5291638374328613,0.4410869777202606,0.5274043679237366,0.4419872760772705,0.5239109396934509,0.4424367547035217,0.5254362225532532,0.441101998090744,0.5368193984031677,0.4346679151058197,0.5299063920974731,0.4415331184864044,0.5267784595489502,0.4407302439212799
104,104,train,9500,0.506230890750885,0.453788697719574,0.5198248028755188,0.4422181248664856,0.5153430104255676,0.4475554525852203,0.515862226486206,0.4456460177898407,0.5039163827896118,0.4529392123222351,0.5061973333358765,0.4529267251491546,0.5062503814697266,0.4533267319202423,0.5042722225189209,0.4537704885005951,0.5051796436309814,0.4527033269405365,0.5145084857940674,0.4461522400379181,0.5077576041221619,0.4528585970401764,0.5049275755882263,0.4523019790649414
105,105,train,9211,0.4936614334583282,0.4581543803215027,0.505631148815155,0.4451663494110107,0.5028314590454102,0.4522673189640045,0.5014902353286743,0.4489859938621521,0.4905092120170593,0.4574208557605743,0.493373304605484,0.4570496082305908,0.4929786920547485,0.4578192830085754,0.4923206269741058,0.4582750201225281,0.4925882220268249,0.458004355430603,0.5000141859054565,0.4509133398532867,0.4953713119029999,0.457211285829544,0.4917512834072113,0.4565612077713012
106,106,train,10269,0.6206685304641724,0.3746528029441833,0.6403276920318604,0.3568148016929626,0.6362360119819641,0.3598409593105316,0.6382959485054016,0.3568748533725738,0.6161366701126099,0.3761616945266723,0.6209872364997864,0.3733069002628326,0.6224673986434937,0.3741386830806732,0.6145946979522705,0.3769868016242981,0.6145832538604736,0.3754432797431946,0.6297290325164795,0.3617644906044006,0.6265371441841125,0.3719956576824188,0.61887526512146,0.373451292514801
107,107,train,9502,0.5956799983978271,0.402201771736145,0.6102195382118225,0.3887892961502075,0.6029968857765198,0.3941950798034668,0.6075289845466614,0.3905095756053924,0.5929136276245117,0.4025830924510956,0.5953486561775208,0.4018796384334564,0.5951213836669922,0.4024189412593841,0.589797854423523,0.4035883545875549,0.5914692878723145,0.40147665143013,0.6039040088653564,0.3921630680561065,0.5973341464996338,0.4024869799613952,0.5943995714187622,0.4009804725646972
108,108,train,9444,0.5747573971748352,0.4234165847301483,0.5888676047325134,0.4105378687381744,0.5811594128608704,0.4160952270030975,0.5861640572547913,0.4133307039737701,0.5723462104797363,0.4236622750759125,0.5743849277496338,0.4233272671699524,0.5737696886062622,0.4239276349544525,0.5696483254432678,0.4243206679821014,0.571235716342926,0.4223468601703644,0.5836957693099976,0.4138565063476562,0.5754345059394836,0.424322247505188,0.5735188722610474,0.4224729537963867
109,109,train,9679,0.6270925998687744,0.3593380451202392,0.6491345167160034,0.3377470374107361,0.6445090174674988,0.3405339419841766,0.6474646329879761,0.3371206820011139,0.6204314827919006,0.3619045913219452,0.6275396943092346,0.3570765554904938,0.6308382153511047,0.3567818701267242,0.6215130090713501,0.3616881072521209,0.6198641657829285,0.3614153861999511,0.6369547247886658,0.3440700471401214,0.6325599551200867,0.3564534187316894,0.6256659626960754,0.3577376306056976
110,110,train,10136,0.4971842467784881,0.4588198959827423,0.5095993876457214,0.4463352560997009,0.5061106085777283,0.4524338245391845,0.5055321455001831,0.4503982663154602,0.4949704110622406,0.4579052925109863,0.4973569810390472,0.4574710428714752,0.4967899322509765,0.458383172750473,0.4951404333114624,0.4595732986927032,0.4962185323238373,0.4581672549247741,0.5043825507164001,0.4512330293655395,0.4986420273780823,0.457741379737854,0.4953219294548034,0.4574603736400604
111,111,train,9534,0.5082941055297852,0.4533363878726959,0.5224916338920593,0.4417490661144256,0.5181115865707397,0.4468910098075866,0.517637312412262,0.4454692304134369,0.5052108764648438,0.4526003897190094,0.5080646872520447,0.4524124562740326,0.5078979134559631,0.4527874290943146,0.5064430236816406,0.4534584581851959,0.5072866678237915,0.4521118402481079,0.5170446038246155,0.4459495842456817,0.5096393823623657,0.452195793390274,0.5064756870269775,0.4517851173877716
112,112,train,10553,0.5045571327209473,0.4580175578594208,0.5173075199127197,0.4463427662849426,0.5130078792572021,0.4521852433681488,0.5135705471038818,0.4495054483413696,0.5015754699707031,0.4573428034782409,0.5041772723197937,0.4571058452129364,0.503791332244873,0.4574213027954101,0.5022100210189819,0.4584202766418457,0.5031779408454895,0.4569228887557983,0.5124884843826294,0.4500274956226349,0.5056474208831787,0.4574443101882934,0.5024493336677551,0.4562676250934601
113,113,train,9733,0.5084730386734009,0.4540883302688598,0.5230072736740112,0.4422735273838043,0.5183272957801819,0.4474639296531677,0.5185354351997375,0.4457800984382629,0.5060908794403076,0.4535466432571411,0.5086532235145569,0.453253835439682,0.5085983872413635,0.4535717368125915,0.5065575838088989,0.4542182385921478,0.5076038837432861,0.4528114795684814,0.5179075002670288,0.4461062252521515,0.5101376175880432,0.4531857073307037,0.507247805595398,0.4526191055774688
114,114,train,10410,0.5896756052970886,0.4157576858997345,0.6044459342956543,0.402227908372879,0.597400426864624,0.4068811237812042,0.602219820022583,0.4044303297996521,0.5885108113288879,0.415143221616745,0.5900925397872925,0.4146552681922912,0.5869643688201904,0.4175403118133545,0.5815458297729492,0.4189341366291046,0.5837700963020325,0.4163881838321686,0.5968886613845825,0.4072498679161072,0.5920049548149109,0.4150673747062683,0.5864967703819275,0.4161194264888763
115,115,train,10581,0.6126647591590881,0.3839882612228393,0.6315842270851135,0.366150826215744,0.6261664032936096,0.3714272081851959,0.6284881234169006,0.3675897419452667,0.6084733009338379,0.3851859867572784,0.6129559874534607,0.3833376169204712,0.6136791110038757,0.3836233019828796,0.6068069338798523,0.3859959840774536,0.6068696975708008,0.3845658898353576,0.6207495927810669,0.3715938627719879,0.6184582114219666,0.3821524977684021,0.6106652617454529,0.3828604221343994
116,116,train,8983,0.4996610879898071,0.4531161785125732,0.5128957033157349,0.4419548511505127,0.5091087818145752,0.4474817216396332,0.5084630250930786,0.4453283846378326,0.4970225691795349,0.4526055157184601,0.4995209872722626,0.4525191783905029,0.4991012215614319,0.4529198408126831,0.497539758682251,0.4534372985363006,0.4983119964599609,0.4524874091148376,0.5076225996017456,0.4463155567646026,0.5010377764701843,0.4522927105426788,0.4979577958583832,0.4515890479087829
117,117,train,9932,0.5092189311981201,0.4517437815666199,0.5223162770271301,0.4401227235794067,0.5181977152824402,0.4456509053707123,0.5182860493659973,0.4432423412799835,0.506726086139679,0.451328307390213,0.5091338157653809,0.4507797360420227,0.5087795257568359,0.4511920511722564,0.5064488649368286,0.4518994688987732,0.5076496601104736,0.450529545545578,0.5178175568580627,0.4433853030204773,0.5101343393325806,0.4511711895465851,0.5074341297149658,0.4500274956226349
118,118,train,9775,0.6397665739059448,0.3412983119487762,0.6580225229263306,0.3223131000995636,0.6541078090667725,0.3233825266361236,0.6568096876144409,0.320827305316925,0.6317915916442871,0.3438917994499206,0.639188826084137,0.3386633098125458,0.6431849002838135,0.3388926982879638,0.6350051760673523,0.3442559242248535,0.6325556635856628,0.3450252413749695,0.647149920463562,0.3295545279979706,0.642612874507904,0.3387064337730407,0.6386436820030212,0.3403487205505371
119,119,train,10444,0.4966967403888702,0.458579421043396,0.5099357962608337,0.4465425014495849,0.5062729716300964,0.452466607093811,0.5057072639465332,0.4504440128803253,0.4945569038391113,0.4578604698181152,0.4970434308052063,0.4574774801731109,0.4966332912445068,0.4580317139625549,0.4951058328151703,0.4587595760822296,0.4956387281417846,0.4577983021736145,0.5051658749580383,0.4507649540901184,0.4982821643352508,0.4574868083000183,0.49517622590065,0.4570212662220001
120,120,train,9326,0.5926505327224731,0.4040999114513397,0.6073364019393921,0.3901880085468292,0.60037761926651,0.3958246111869812,0.6052075028419495,0.3919329941272735,0.5896797776222229,0.4045791923999786,0.5920201539993286,0.4038983583450317,0.5917913317680359,0.4044663906097412,0.5873807072639465,0.4052570462226867,0.5882044434547424,0.4034222066402435,0.6003684401512146,0.3939065635204315,0.5940761566162109,0.4047948122024536,0.59050053358078,0.4032021462917328
121,121,train,9972,0.5157357454299927,0.4544324278831482,0.5293819308280945,0.4433031678199768,0.5240879654884338,0.4484627246856689,0.5251891016960144,0.4466897249221802,0.5131195783615112,0.4539620578289032,0.5158184170722961,0.4538910388946533,0.5154920816421509,0.4540587365627289,0.5129794478416443,0.4548204243183136,0.5142150521278381,0.4533526599407196,0.5248079299926758,0.447002649307251,0.5169356465339661,0.4542425870895386,0.514263391494751,0.4531306326389313
122,122,test,10352,0.5275176763534546,0.4437124729156494,0.5406611561775208,0.4325618147850036,0.5357885956764221,0.4373846352100372,0.5376525521278381,0.4353876709938049,0.5256608128547668,0.443049281835556,0.5277263522148132,0.4429309964179992,0.5264801383018494,0.4432854056358337,0.5235580205917358,0.444244235754013,0.5245698094367981,0.4431375563144684,0.5355081558227539,0.4361318945884704,0.5295745730400085,0.4416119456291199,0.5251730680465698,0.4426422119140625
123,123,test,9634,0.6303209662437439,0.3560719490051269,0.6524707078933716,0.3338793516159057,0.6481001377105713,0.3358771800994873,0.6500046849250793,0.333381175994873,0.6233416795730591,0.358456403017044,0.6303825974464417,0.3532499969005584,0.6351354718208313,0.3536367118358612,0.6248226761817932,0.3594292402267456,0.6235170364379883,0.3587694466114044,0.6409990787506104,0.3411068916320801,0.635474443435669,0.3520587682723999,0.629978358745575,0.3542730510234833
124,124,train,10382,0.5384700298309326,0.4451844990253448,0.5518268942832947,0.4341305494308471,0.5455631017684937,0.4383561611175537,0.5476984977722168,0.4369992613792419,0.5358136892318726,0.4450675249099731,0.5377406477928162,0.4449129700660705,0.537886917591095,0.4449581801891327,0.5343952775001526,0.4450567662715912,0.5360558032989502,0.4435822963714599,0.5471070408821106,0.4372957348823547,0.5384406447410583,0.4454403221607208,0.5373014211654663,0.4437304139137268
125,125,train,10430,0.5028116106987,0.4440658390522003,0.5149197578430176,0.4331549108028412,0.5123358368873596,0.4394015967845917,0.5119670629501343,0.4362706243991852,0.5001890659332275,0.4434181153774261,0.502555251121521,0.4433329701423645,0.5017015933990479,0.4437390863895416,0.5007210373878479,0.4442784488201141,0.5013542771339417,0.443643718957901,0.5087515711784363,0.4373286068439483,0.5037684440612793,0.4439691603183746,0.5003035664558411,0.4424782395362854
126,126,test,10120,0.4976013898849487,0.4384918212890625,0.5066302418708801,0.4276323020458221,0.5040067434310913,0.4330763816833496,0.504861056804657,0.4314816296100616,0.4951792657375335,0.4375009536743164,0.4974715411663055,0.4372101724147796,0.4944608807563782,0.4385932087898254,0.4939825534820556,0.4394389390945434,0.4955135881900787,0.4393743872642517,0.5030621886253357,0.4295710325241089,0.4986859560012817,0.4390279948711395,0.491582989692688,0.4381517469882965
127,127,test,9104,0.4975000619888305,0.4611813426017761,0.5111076831817627,0.447874516248703,0.5078622698783875,0.4542518854141235,0.5066761374473572,0.4518863260746002,0.4941943883895874,0.4600445628166199,0.497605413198471,0.4591137170791626,0.496577501296997,0.4606462717056274,0.4953284859657287,0.4618353247642517,0.4966841638088226,0.4605798423290252,0.5045435428619385,0.4539022743701935,0.4995028078556061,0.4591875076293945,0.4951106309890747,0.4591928124427795
128,128,train,10017,0.6089664101600647,0.3859778940677643,0.6263208389282227,0.3702466487884521,0.6217519640922546,0.3740424215793609,0.6239331364631653,0.3711963295936584,0.6055868268013,0.3871268928050995,0.6093523502349854,0.3851836323738098,0.6098992824554443,0.386023998260498,0.6033236980438232,0.388084352016449,0.6039993166923523,0.3863029479980469,0.6167058348655701,0.3749914467334747,0.6140629649162292,0.3841013610363006,0.6072615385055542,0.3851911425590515
129,129,train,10608,0.6488643884658813,0.3376367390155792,0.6668059229850769,0.319002240896225,0.6622751951217651,0.3198647797107696,0.6645127534866333,0.3178067207336426,0.6397157311439514,0.3400900661945343,0.6474390625953674,0.335018515586853,0.6516028046607971,0.3367024660110473,0.643338143825531,0.3423129022121429,0.6419402360916138,0.3424551784992218,0.6558095216751099,0.3280548751354217,0.6507729887962341,0.3344738483428955,0.6484208703041077,0.3376107215881347
130,130,train,9650,0.5250262022018433,0.4435220658779144,0.5386673808097839,0.4334442019462585,0.5330203771591187,0.4382317662239074,0.5350034236907959,0.4363045692443847,0.5228774547576904,0.4430693387985229,0.5252567529678345,0.4433158934116363,0.5245614051818848,0.4436267912387848,0.5226534008979797,0.4435927271842956,0.523551344871521,0.4425199925899505,0.5338783264160156,0.4364327788352966,0.5259348154067993,0.4440181851387024,0.5231778025627136,0.4425866305828094
131,131,train,9279,0.4731894433498382,0.4422792494297027,0.4820951521396637,0.432032972574234,0.4827968180179596,0.4369269609451294,0.4773430824279785,0.4359319508075714,0.4693222641944885,0.4432851374149322,0.4724624156951904,0.4420643746852875,0.4726112782955169,0.442419022321701,0.4728098809719085,0.4416009187698364,0.4729577600955963,0.4422420263290405,0.4785534739494324,0.4358060657978058,0.474074125289917,0.4431488811969757,0.4707128703594208,0.4410701394081116
132,132,train,10427,0.5005621910095215,0.4590703845024109,0.5138746500015259,0.4474793374538421,0.5103115439414978,0.4530077874660492,0.5094045400619507,0.4506312012672424,0.4980486929416656,0.4583503901958465,0.501061201095581,0.4578839540481567,0.500090479850769,0.4584027826786041,0.4980507493019104,0.4596438109874725,0.4990765750408172,0.4585471749305725,0.5081273317337036,0.4513449668884277,0.502417266368866,0.457943707704544,0.4986186027526855,0.4574284255504608
133,133,train,10029,0.6154516935348511,0.3818079531192779,0.6341152787208557,0.3643541932106018,0.6284361481666565,0.3688293397426605,0.6318384408950806,0.3651525676250458,0.6112765073776245,0.3827245533466339,0.6157214045524597,0.3804407715797424,0.6167570948600769,0.3823258876800537,0.6090083718299866,0.385301798582077,0.6097476482391357,0.3830390870571136,0.6239380836486816,0.3705373406410217,0.6208206415176392,0.3790338933467865,0.6139996647834778,0.3813072144985199
134,134,train,9299,0.6300106048583984,0.3524271547794342,0.6520614624023438,0.3304420411586761,0.647322416305542,0.3325451910495758,0.6500720977783203,0.3299843072891235,0.6226041913032532,0.3555274605751037,0.6302202939987183,0.3500117361545563,0.6345271468162537,0.349382072687149,0.6247266530990601,0.3551660776138305,0.6226751804351807,0.3552818596363067,0.6399284601211548,0.337473064661026,0.6349118947982788,0.3490820229053497,0.6292237639427185,0.3505694568157196
135,135,test,8884,0.6278055906295776,0.3648238182067871,0.6476227045059204,0.3452584147453308,0.6422404050827026,0.3482227027416229,0.6462125778198242,0.3447245359420776,0.6213948726654053,0.3662769496440887,0.6270418167114258,0.3631591200828552,0.6302937865257263,0.3645508289337158,0.6225273609161377,0.3681086897850036,0.6216285228729248,0.3669996559619903,0.6372329592704773,0.3518745601177215,0.631483793258667,0.3625578284263611,0.6262959241867065,0.3645781576633453
136,136,train,10389,0.5053606629371643,0.4568179249763489,0.5189831256866455,0.4460813403129577,0.513717532157898,0.4507132470607757,0.5146610736846924,0.4494597017765045,0.5027607679367065,0.4563836455345154,0.5054406523704529,0.4563424289226532,0.505120575428009,0.4566906988620758,0.5027260184288025,0.4572579860687256,0.503643274307251,0.455956220626831,0.5141176581382751,0.4496099352836609,0.506777286529541,0.4561735987663269,0.5044587850570679,0.4555404484272003
137,137,train,10328,0.638343334197998,0.3440629839897156,0.659067690372467,0.3226616978645324,0.6540542244911194,0.3245995640754699,0.6573429107666016,0.3219577372074127,0.6304783821105957,0.3471841812133789,0.6387138366699219,0.3411427140235901,0.6421999931335449,0.3408171236515045,0.6327426433563232,0.3471393287181854,0.6303931474685669,0.347759872674942,0.6471619009971619,0.3302252292633056,0.6422033309936523,0.340706467628479,0.6371076107025146,0.3424299657344818
138,138,train,10428,0.4989140927791595,0.4500683546066284,0.5094866752624512,0.4390200078487396,0.5063555240631104,0.4451380968093872,0.5063362121582031,0.4422717988491058,0.4953697919845581,0.4489441812038421,0.4978826642036438,0.4491118490695953,0.4976130127906799,0.4500054717063904,0.4965571463108063,0.4504627883434295,0.4971278607845306,0.4493564963340759,0.5048100352287292,0.4435592293739319,0.4989913702011108,0.4502642154693603,0.4969334304332733,0.4482788443565368
139,139,train,9135,0.511134147644043,0.4445667862892151,0.5232046842575073,0.4334709048271179,0.5198363065719604,0.438219279050827,0.5196546316146851,0.4360915422439575,0.5082422494888306,0.4443709850311279,0.5105242729187012,0.4440136551856994,0.5103904008865356,0.4443489611148834,0.5089221596717834,0.4442327916622162,0.509721040725708,0.4433525502681732,0.5180875062942505,0.4371831715106964,0.5119265913963318,0.4441421926021576,0.5090699791908264,0.4428656101226806
140,140,train,10082,0.5362025499343872,0.4380485117435455,0.5481786727905273,0.4269931614398956,0.5430778861045837,0.4316078126430511,0.5456798076629639,0.429802656173706,0.5337229371070862,0.4378069043159485,0.53560471534729,0.4373376667499542,0.5356698632240295,0.4381181001663208,0.5334686636924744,0.4378345012664795,0.5343834161758423,0.4367820918560028,0.5436545610427856,0.430975466966629,0.5369535088539124,0.4381645619869232,0.5347648859024048,0.4369090795516968
141,141,train,9606,0.4930939972400665,0.45601686835289,0.5052953362464905,0.4444267451763153,0.503219723701477,0.4495659172534942,0.5008382797241211,0.4485125839710235,0.4898579716682434,0.4553278982639313,0.4926343858242035,0.4550215601921081,0.4921295940876007,0.4558543860912323,0.4908884465694427,0.4564170241355896,0.4915385544300079,0.4556668400764465,0.4990581274032593,0.449542760848999,0.4946248531341553,0.4549813568592071,0.4906738400459289,0.4543402791023254
142,142,train,9344,0.5138114094734192,0.4445893168449402,0.5258681774139404,0.4340014457702636,0.521578848361969,0.4387177526950836,0.5229835510253906,0.4371305108070373,0.5112507939338684,0.4443028271198272,0.5128043293952942,0.4443921744823456,0.5131394863128662,0.4446796774864197,0.5116716027259827,0.4446100890636444,0.5124357342720032,0.4433936178684234,0.5209864974021912,0.4378078281879425,0.5144097805023193,0.4449271261692047,0.5119032263755798,0.4433432817459106
143,143,test,9404,0.6253729462623596,0.357103556394577,0.6480165719985962,0.3349350094795227,0.643467128276825,0.3372169733047485,0.645849883556366,0.3345251679420471,0.6184877753257751,0.3601099848747253,0.6259595155715942,0.3548146784305572,0.6296091675758362,0.3544194102287292,0.6195839047431946,0.3598359823226928,0.6178238391876221,0.359531819820404,0.6355676054954529,0.3417016863822937,0.6315087676048279,0.353152871131897,0.624470591545105,0.3551635444164276
144,144,train,10150,0.6166640520095825,0.3791800141334533,0.6353850960731506,0.3618528544902801,0.6295551061630249,0.3664263188838959,0.6330142021179199,0.3626282513141632,0.6127884387969971,0.3800722360610962,0.6169383525848389,0.3780257999897003,0.6178143620491028,0.3794637620449066,0.6106998920440674,0.3820957541465759,0.6111966967582703,0.3800407350063324,0.6255005598068237,0.367402583360672,0.6218203902244568,0.3766471743583679,0.6151975989341736,0.378244400024414
145,145,test,9256,0.5456627607345581,0.4390865564346313,0.5592329502105713,0.4271798133850097,0.553230881690979,0.4317773282527923,0.5557244420051575,0.4302392899990082,0.5434858798980713,0.4384943842887878,0.5456622838973999,0.4382945001125335,0.5432376861572266,0.4396094381809234,0.5397980809211731,0.4399007558822632,0.5414089560508728,0.4385632574558258,0.5535144805908203,0.4314448535442352,0.5464012026786804,0.438950628042221,0.5434299111366272,0.4381014108657837
146,146,train,10172,0.5101625323295593,0.4477614760398865,0.5220543742179871,0.4372818171977997,0.5184016227722168,0.4424713551998138,0.518770694732666,0.4401432275772095,0.5078347325325012,0.447074294090271,0.51010662317276,0.4473385214805603,0.5096060633659363,0.4477884769439697,0.5081274509429932,0.4476796090602875,0.508794367313385,0.4468174874782562,0.5167866349220276,0.4410684108734131,0.5111913681030273,0.4477240443229675,0.5082881450653076,0.4466088712215423
147,147,test,9706,0.646744966506958,0.3363096117973327,0.6642317771911621,0.3180017471313476,0.6604654788970947,0.3187170326709747,0.6627349853515625,0.3163173198699951,0.637783944606781,0.3387338817119598,0.6455549001693726,0.3335133492946625,0.6498996019363403,0.3343735337257385,0.6421856880187988,0.3397258818149566,0.6396044492721558,0.340708315372467,0.6535230875015259,0.3261187970638275,0.6487922072410583,0.3335793912410736,0.6463456749916077,0.3355579674243927
148,148,train,10119,0.6496173739433289,0.3326174318790436,0.6675018072128296,0.3143251240253448,0.6625338792800903,0.3159624338150024,0.6660604476928711,0.3124896883964538,0.6408948302268982,0.3346551060676574,0.6489877700805664,0.3295114636421203,0.6526879072189331,0.3310948312282562,0.6446208953857422,0.3367970585823059,0.6419745087623596,0.3377778232097626,0.6562546491622925,0.3230301737785339,0.6518384218215942,0.3297125101089477,0.6492077708244324,0.3322237730026245
149,149,train,9310,0.5495874285697937,0.4338986575603485,0.5633559823036194,0.4226985871791839,0.5567128658294678,0.4266197085380554,0.5599034428596497,0.4254987835884094,0.546776533126831,0.4339388906955719,0.5487526059150696,0.4337092339992523,0.5483642816543579,0.434156596660614,0.5446285009384155,0.4343130588531494,0.5463816523551941,0.4328659474849701,0.5586941838264465,0.4261672496795654,0.5494397282600403,0.4337846934795379,0.5481903553009033,0.4329105317592621
150,150,test,9817,0.5787946581840515,0.4196599423885345,0.5930902361869812,0.4076410233974457,0.5860123634338379,0.4121699035167694,0.5906909108161926,0.4097091853618622,0.576490581035614,0.4197871685028076,0.5782465934753418,0.4196290671825409,0.5779487490653992,0.4200707077980041,0.5736601948738098,0.4206255376338959,0.5754180550575256,0.4186552166938782,0.5875322818756104,0.4106582403182983,0.580608606338501,0.4195237755775451,0.5772885084152222,0.4187785983085632
151,151,train,9245,0.6248170733451843,0.3566289842128753,0.6464203000068665,0.3353949785232544,0.642232358455658,0.3375440239906311,0.6449733376502991,0.334487646818161,0.6180761456489563,0.3592258393764496,0.62507164478302,0.3544388711452484,0.6285404562950134,0.3542003035545349,0.6193709373474121,0.3591761887073517,0.6174656748771667,0.3591169714927673,0.6348795294761658,0.3417947888374328,0.6300118565559387,0.3533817231655121,0.6235179305076599,0.3549236059188843
152,152,train,8974,0.4860014021396637,0.4594613313674927,0.4967135787010193,0.4468447268009186,0.4943174123764038,0.4533385932445526,0.4931301176548004,0.4513670206069946,0.4832356870174408,0.4582456350326538,0.4852504432201385,0.4582477807998657,0.4847159087657928,0.4591376185417175,0.4838490486145019,0.4597139358520508,0.4853555560111999,0.4582399427890777,0.4916098415851593,0.4517042636871338,0.487105518579483,0.4584204256534576,0.4839174747467041,0.4575419127941131
153,153,test,10346,0.5876402258872986,0.4138683378696441,0.6028351783752441,0.3998604416847229,0.5955277681350708,0.4051665663719177,0.6006129384040833,0.4020008444786072,0.5856226682662964,0.4136255085468292,0.5876142382621765,0.4131394028663635,0.5860199332237244,0.4148863852024078,0.5812033414840698,0.4157339036464691,0.5830990076065063,0.4134505689144134,0.5954614281654358,0.4041756689548492,0.5894419550895691,0.4138725996017456,0.5851709246635437,0.4132378101348877
154,154,train,9031,0.5882287621498108,0.4108598530292511,0.6030787229537964,0.3968248665332794,0.5959253907203674,0.4023087322711944,0.6007360816001892,0.3989495933055877,0.5856727957725525,0.4112406373023987,0.587803304195404,0.4104684889316559,0.5876412391662598,0.4112074077129364,0.5829317569732666,0.4120424389839172,0.5845938920974731,0.4097856879234314,0.5966618061065674,0.4005453288555145,0.5893216133117676,0.4108941555023193,0.5868952870368958,0.409236878156662
155,155,train,10315,0.5987415909767151,0.4034890234470367,0.6137406826019287,0.3897190392017364,0.6065109372138977,0.3953103721141815,0.6119799017906189,0.3916261792182922,0.5962508916854858,0.4034145474433899,0.5983245372772217,0.4031707644462585,0.5971980690956116,0.4045762717723846,0.5920049548149109,0.4056684970855713,0.5931763648986816,0.4036078453063965,0.6068266034126282,0.3934766054153442,0.6005865335464478,0.4042998850345611,0.5959391593933105,0.4034066498279571
156,156,test,9327,0.4721417725086212,0.4623590409755707,0.4808664917945862,0.449300467967987,0.481778085231781,0.4566268622875213,0.4777557849884033,0.4530318677425384,0.4681681096553802,0.4618867635726928,0.4715344905853271,0.4613350331783294,0.4708566069602966,0.4625154733657837,0.4712456464767456,0.4625719785690307,0.471559464931488,0.4631560444831848,0.4764014780521393,0.4552938938140869,0.4734339714050293,0.4617153108119964,0.4686415195465088,0.4615509808063507
157,157,train,9897,0.6219577789306641,0.3648715913295746,0.6434561610221863,0.3437289297580719,0.6386508941650391,0.3465830683708191,0.6409786343574524,0.3439444005489349,0.615710973739624,0.3671390116214752,0.6220906972885132,0.3628299534320831,0.6253061294555664,0.3630880713462829,0.6165642142295837,0.3675686120986938,0.6155882477760315,0.3665687143802643,0.6316074132919312,0.3504954576492309,0.6275038719177246,0.3615497350692749,0.6207304000854492,0.363498330116272
158,158,train,10398,0.6168273091316223,0.3768074512481689,0.6349937915802002,0.3604948222637176,0.6303725242614746,0.3640612065792084,0.6329428553581238,0.3610175848007202,0.6124414801597595,0.3781956136226654,0.6169244050979614,0.375748723745346,0.6180835962295532,0.3767293095588684,0.61113440990448,0.3790605366230011,0.6114025712013245,0.3773153722286224,0.625249445438385,0.3650947511196136,0.6216859817504883,0.3751289844512939,0.6149695515632629,0.3759135901927948
159,159,train,9000,0.6246193647384644,0.3692200481891632,0.6454675197601318,0.349039077758789,0.6407807469367981,0.3521842658519745,0.6429851055145264,0.3494096994400024,0.6183578372001648,0.3714749217033386,0.6246809363365173,0.3674852252006531,0.6274663805961609,0.3688111305236816,0.6180161833763123,0.3730437457561493,0.6178691387176514,0.3713556230068207,0.6339945793151855,0.3557788729667663,0.63023841381073,0.3663241863250732,0.6234539747238159,0.3680141866207123
160,160,test,10435,0.6187552809715271,0.3779526054859161,0.637877345085144,0.3596968948841095,0.6333180665969849,0.36286661028862,0.6356629133224487,0.3603644967079162,0.6143530011177063,0.37881600856781,0.6188294291496277,0.3765153884887695,0.6196810007095337,0.3788445591926574,0.6118685007095337,0.3817150592803955,0.6121545433998108,0.3799497485160827,0.6267235279083252,0.3668766915798187,0.6243730187416077,0.3750127553939819,0.6165419220924377,0.3781435489654541
161,161,train,9391,0.4846359491348266,0.450781762599945,0.4950157403945923,0.4384727478027344,0.4943943917751312,0.4455799758434295,0.4924004077911377,0.4415113925933838,0.4811930656433105,0.4502455592155456,0.4838311374187469,0.4502564966678619,0.4837219715118408,0.4509086906909942,0.4834597110748291,0.4508948922157287,0.4839106202125549,0.450837105512619,0.4901935756206512,0.4435286521911621,0.4855692982673645,0.4510453939437866,0.4820906519889831,0.449693888425827
162,162,train,8920,0.629000186920166,0.3595311045646667,0.6498727202415466,0.3390858769416809,0.6463050842285156,0.340909481048584,0.6480213403701782,0.3381642997264862,0.6218256950378418,0.3623018562793731,0.6289459466934204,0.3575350046157837,0.6332946419715881,0.3574561178684234,0.623220682144165,0.3626219630241394,0.6219199895858765,0.3620007336139679,0.6390078067779541,0.3449399769306183,0.6336557269096375,0.3569020926952362,0.6284400820732117,0.3576462864875793
163,163,train,9033,0.496239423751831,0.4449664950370788,0.5081242918968201,0.4336249530315399,0.5053777098655701,0.4393130838871002,0.5050429105758667,0.4367513358592987,0.4925905466079712,0.4445280134677887,0.4953902661800384,0.4445309340953827,0.494728535413742,0.4452455639839172,0.4942947030067444,0.4448725879192352,0.494632363319397,0.4443568289279938,0.5017185807228088,0.4385897517204284,0.4966422319412231,0.4453641176223755,0.4932596385478973,0.4436796605587005
164,164,test,9070,0.6231192946434021,0.374848335981369,0.6433800458908081,0.3551683723926544,0.6388919353485107,0.3584296703338623,0.6406548619270325,0.3551378548145294,0.617255449295044,0.3764232993125915,0.6233850121498108,0.3728909790515899,0.6256375312805176,0.3746263682842254,0.6171170473098755,0.3784404695034027,0.6170241236686707,0.3768455684185028,0.6318128108978271,0.3621851503849029,0.628985583782196,0.3718257248401642,0.6217533946037292,0.3743850588798523
165,165,test,9207,0.6325139403343201,0.3537886142730713,0.652698814868927,0.3337448239326477,0.6488972902297974,0.3348761796951294,0.6506826281547546,0.3328998684883117,0.6252716183662415,0.3560860455036163,0.6317931413650513,0.35153728723526,0.6366308927536011,0.351858377456665,0.627829909324646,0.3569766581058502,0.6265649199485779,0.3564750552177429,0.6426945328712463,0.3403592705726623,0.6362289190292358,0.3506451845169067,0.6323491334915161,0.3527607917785644
166,166,train,9868,0.5564485192298889,0.4331120550632477,0.5704835653305054,0.4207110106945038,0.5631999373435974,0.4257522225379944,0.5670400261878967,0.4235715866088867,0.5543324947357178,0.4330931007862091,0.5563586950302124,0.4327923059463501,0.555645227432251,0.4333136975765228,0.5516164302825928,0.4336335062980652,0.5535251498222351,0.4319078326225281,0.5654308795928955,0.4243316352367401,0.5567171573638916,0.4333492815494537,0.5555890798568726,0.4317874610424042
167,167,train,9017,0.5549077987670898,0.431797057390213,0.5685133934020996,0.4196377992630005,0.5609071254730225,0.4248104691505432,0.5651213526725769,0.422369509935379,0.5522313714027405,0.4320758283138275,0.5543325543403625,0.4316748678684234,0.554574191570282,0.4317120015621185,0.5504347681999207,0.4319587647914886,0.5523902773857117,0.4302270412445068,0.5640894174575806,0.4227691888809204,0.5549708008766174,0.4324046969413757,0.5542377233505249,0.4304102957248688
168,168,train,9740,0.5703635215759277,0.423606663942337,0.5848625302314758,0.4109391272068023,0.5768662691116333,0.4165490865707397,0.581722617149353,0.4136110544204712,0.5678362250328064,0.4238157868385315,0.569734513759613,0.4236041009426117,0.569473385810852,0.4239141941070556,0.5650055408477783,0.424519807100296,0.5668156147003174,0.4225959777832031,0.5791192054748535,0.4141561985015869,0.571006178855896,0.4245100319385528,0.5693174004554749,0.4222699999809265
169,169,test,9356,0.6133928298950195,0.3799472749233246,0.6329758167266846,0.3611586093902588,0.6281886100769043,0.3656671047210693,0.6309873461723328,0.3620860874652862,0.6089190244674683,0.3813360333442688,0.6136759519577026,0.3784340023994446,0.6153345704078674,0.3784323036670685,0.6086083054542542,0.3812919855117798,0.6080675721168518,0.3800225555896759,0.6217663288116455,0.3668136894702911,0.6193028092384338,0.3773340880870819,0.6118698716163635,0.3780011832714081
170,170,test,9267,0.5412591695785522,0.4379628002643585,0.5549479722976685,0.4260290861129761,0.5478481650352478,0.4311654269695282,0.5520275235176086,0.428844004869461,0.5389243960380554,0.4378876388072967,0.5412173271179199,0.4377401173114776,0.5412026643753052,0.4379256665706634,0.5375691056251526,0.4382213354110718,0.5392167568206787,0.4366870522499084,0.5505477786064148,0.4298096001148224,0.5414661765098572,0.4379145205020904,0.5405267477035522,0.4367694556713104
171,171,train,10568,0.4946155250072479,0.4533551037311554,0.5075259804725647,0.4423317611217499,0.5040507316589355,0.4475121796131134,0.5036359429359436,0.445552796125412,0.4914261996746063,0.4529348909854889,0.4941995143890381,0.4524678885936737,0.4938556253910064,0.4531575441360473,0.4926016926765442,0.4535222053527832,0.4929063618183136,0.4524727761745453,0.5023880004882812,0.4462694823741913,0.4959082901477813,0.4528352320194244,0.4926805198192596,0.4518356025218963
172,172,train,9629,0.5315344929695129,0.4394905865192413,0.5444304347038269,0.4281316101551056,0.5380584001541138,0.4330236613750458,0.5408499836921692,0.4308788180351257,0.5290274024009705,0.4395246207714081,0.5310868620872498,0.4392782747745514,0.530870795249939,0.4394547641277313,0.5280096530914307,0.4395793974399566,0.529499888420105,0.4380886852741241,0.5399941802024841,0.4317241907119751,0.5315895080566406,0.4394503533840179,0.530139148235321,0.4380612373352051
173,173,train,8962,0.542863130569458,0.4394490718841553,0.5563834309577942,0.427567183971405,0.5502434968948364,0.4319410026073456,0.5526548624038696,0.4304299652576446,0.5404815077781677,0.4393818378448486,0.5425599217414856,0.4388653635978699,0.5421202182769775,0.4393658936023712,0.5386305451393127,0.4395196437835693,0.5403631329536438,0.4380111992359161,0.5518384575843811,0.4312821328639984,0.5426169633865356,0.4393004775047302,0.5417929291725159,0.4380980134010315
174,174,train,8910,0.6043473482131958,0.3977806270122528,0.6212835907936096,0.3820907771587372,0.6151695251464844,0.3867126405239105,0.6185651421546936,0.3838869929313659,0.6016985774040222,0.3980849385261535,0.6046678423881531,0.3968143761157989,0.6040900945663452,0.3984079360961914,0.5976303219795227,0.4004523158073425,0.5989729166030884,0.3981367349624634,0.6122922897338867,0.3872599303722381,0.6083437204360962,0.396341323852539,0.6024136543273926,0.3971324563026428
175,175,train,10033,0.6246128678321838,0.3598200678825378,0.6468443870544434,0.3381316661834717,0.6431282162666321,0.3400668799877167,0.6446440815925598,0.3382084369659424,0.6181326508522034,0.3627599775791168,0.6253808736801147,0.3575934171676636,0.6290324330329895,0.3570317924022674,0.6193050742149353,0.3620505928993225,0.6176227331161499,0.3619178235530853,0.6344974040985107,0.3449768722057342,0.6305320858955383,0.3564382195472717,0.623714029788971,0.358036994934082
176,176,train,10041,0.6103325486183167,0.383785992860794,0.6299030780792236,0.3651827275753021,0.6248375177383423,0.3694073557853699,0.627838671207428,0.3663859069347381,0.6058309674263,0.3852172493934631,0.6109911203384399,0.3827425241470337,0.6124898195266724,0.3829436004161834,0.6051362156867981,0.3858928978443146,0.6046059131622314,0.3844075500965118,0.6193509101867676,0.3708518147468567,0.6172295808792114,0.3809311687946319,0.6090822219848633,0.3822778165340423
177,177,test,9930,0.6219766736030579,0.3727754056453705,0.6431354284286499,0.3529894948005676,0.637584924697876,0.3574713766574859,0.6407293677330017,0.3535338342189789,0.6167096495628357,0.3738171756267547,0.6221883296966553,0.3707917332649231,0.6246188282966614,0.3716637790203094,0.6167973279953003,0.3750635981559753,0.6163158416748047,0.3737001717090606,0.6321591734886169,0.3588450849056244,0.628070056438446,0.3699027895927429,0.6217496991157532,0.3706854581832886
178,178,test,8954,0.4945906102657318,0.4549109637737274,0.5072901844978333,0.4429935812950134,0.504233181476593,0.449182778596878,0.5036453008651733,0.4467952847480774,0.4916067719459533,0.4537985026836395,0.4942641258239746,0.4540266394615173,0.4936022162437439,0.4543298780918121,0.4927736520767212,0.4550214409828186,0.4935171902179718,0.4543976485729217,0.5014853477478027,0.4477110207080841,0.4957578778266907,0.4541380405426025,0.492631196975708,0.4529783427715301
179,179,train,10280,0.4965214133262634,0.4531618654727936,0.5059773921966553,0.4418594539165497,0.5046082735061646,0.4479424655437469,0.5035727024078369,0.4447133839130401,0.4928546547889709,0.4525725543498993,0.4953025281429291,0.4522602558135986,0.4955211281776428,0.453379362821579,0.4947001039981842,0.4537351429462433,0.4949103593826294,0.4532288610935211,0.5013599991798401,0.4470020830631256,0.4964437186717987,0.4535503089427948,0.4941737949848175,0.4515714347362518
180,180,train,9362,0.4935547113418579,0.4552606046199798,0.5065008997917175,0.4445298314094543,0.5034053921699524,0.4494518041610718,0.5023490786552429,0.4480185508728027,0.4908676445484161,0.4543487727642059,0.4931330978870392,0.454298734664917,0.4927650690078735,0.4548825919628143,0.4913670718669891,0.4556271135807037,0.492130309343338,0.4545882642269134,0.5007292032241821,0.448523610830307,0.4956332147121429,0.4544943273067474,0.4915473759174347,0.453718364238739
181,181,train,10365,0.6200497150421143,0.3697926700115204,0.6405680775642395,0.3501541912555694,0.6365536451339722,0.3536286354064941,0.6386470198631287,0.3502184748649597,0.6150896549224854,0.3715547919273376,0.6205435991287231,0.3684886395931244,0.6223021149635315,0.3684454262256622,0.6144900918006897,0.3718526363372803,0.6134244203567505,0.3710803985595703,0.6290250420570374,0.3558623492717743,0.6261240839958191,0.3670679330825805,0.6181260347366333,0.3684604465961456
182,182,train,8868,0.5916972160339355,0.4075455963611603,0.606634259223938,0.3943395316600799,0.5991860032081604,0.4000093042850494,0.6037396192550659,0.3963415920734405,0.5885043144226074,0.4085164070129394,0.5909062027931213,0.4077895581722259,0.5913236141204834,0.4077215492725372,0.5865132212638855,0.4085774421691894,0.587752640247345,0.4067386090755462,0.6006010174751282,0.3972327411174774,0.5928417444229126,0.4084442555904388,0.5905695557594299,0.4061199724674225
183,183,train,9317,0.4976181089878082,0.4581114947795868,0.5112949013710022,0.4469324648380279,0.5071437358856201,0.4519213736057281,0.5073689222335815,0.4501672685146332,0.4948934316635132,0.4575614631175995,0.4975309073925018,0.457123726606369,0.4972128868103027,0.4576853513717651,0.4955613613128662,0.4584191441535949,0.4963494837284088,0.4570502042770386,0.5067141056060791,0.4503522217273712,0.4988070130348205,0.4570899903774261,0.4956773817539215,0.4568301737308502
184,184,train,10007,0.6155767440795898,0.3799837529659271,0.6340211033821106,0.3630602359771728,0.6290945410728455,0.3667964935302734,0.6320024132728577,0.3635478019714355,0.61148601770401,0.3812453746795654,0.6160778403282166,0.3786022067070007,0.6170924305915833,0.3795645236968994,0.6100644469261169,0.3822518289089203,0.6102629899978638,0.3805745244026184,0.6241804361343384,0.3680307269096374,0.6208817958831787,0.377616822719574,0.6143335700035095,0.3786557614803314
185,185,test,9613,0.474080353975296,0.4566013216972351,0.483255386352539,0.4427614510059356,0.4833270013332367,0.4501826465129852,0.4789048135280609,0.4474710822105407,0.4703446328639984,0.4556030929088592,0.4731963872909546,0.455073744058609,0.4725511372089386,0.456306129693985,0.4723588824272156,0.4567617177963257,0.473118245601654,0.4567327797412872,0.4780796766281128,0.448370486497879,0.475611925125122,0.4553061127662658,0.4710822999477386,0.4546998739242553
186,186,train,9395,0.6205987334251404,0.3728948533535003,0.6403200030326843,0.3537638485431671,0.6360598802566528,0.3569519519805908,0.6381896138191223,0.3540242910385132,0.6157451868057251,0.3746773600578308,0.6208711266517639,0.371443510055542,0.6227346658706665,0.3720447719097137,0.6146835088729858,0.3753881454467773,0.6139727830886841,0.3744369447231293,0.6289796829223633,0.3599352240562439,0.6267794370651245,0.3696352839469909,0.6189793944358826,0.371669054031372
187,187,train,9912,0.5078478455543518,0.4476807713508606,0.5181222558021545,0.4375628232955932,0.514872670173645,0.442851573228836,0.5152284502983093,0.4405353367328644,0.5052539706230164,0.4470208883285522,0.5073856711387634,0.4471473693847656,0.5074995160102844,0.4475840628147125,0.5058985352516174,0.4472413957118988,0.5066016316413879,0.4465174376964569,0.5137518048286438,0.440953642129898,0.5093103051185608,0.4478442370891571,0.5061457753181458,0.4463432133197784
188,188,train,10622,0.6222503185272217,0.3709103763103485,0.6423180103302002,0.3521095216274261,0.6377599835395813,0.355435699224472,0.6407310366630554,0.3520280420780182,0.6170364022254944,0.3721863925457001,0.6223823428153992,0.3695124089717865,0.6242707371711731,0.3708522617816925,0.6161057949066162,0.3743471801280975,0.6158711910247803,0.3728042840957641,0.6314724683761597,0.3582978844642639,0.6283369064331055,0.3680160343647003,0.6208035349845886,0.3703454136848449
189,189,train,10340,0.6094222664833069,0.3890204131603241,0.6275457143783569,0.3719300031661987,0.621661901473999,0.3767317831516266,0.6250956058502197,0.3733890056610107,0.6057852506637573,0.3899887502193451,0.6095869541168213,0.3881982266902923,0.6097152829170227,0.3893515765666961,0.6035043001174927,0.3912205696105957,0.6039390563964844,0.3896345794200897,0.6175442934036255,0.3772736191749573,0.6142316460609436,0.3872851431369781,0.6075596213340759,0.3880378901958465
190,190,train,10460,0.6189070343971252,0.3742176294326782,0.6382360458374023,0.3556661009788513,0.6332910060882568,0.360144168138504,0.6362577080726624,0.3560704290866852,0.6147415041923523,0.3756178319454193,0.6193181276321411,0.3729486167430877,0.6207055449485779,0.3735938966274261,0.6130500435829163,0.3764831721782684,0.6130163073539734,0.3748102188110351,0.6278851628303528,0.3609145581722259,0.6243187785148621,0.3722794950008392,0.6171808838844299,0.3727435171604156
191,191,train,10087,0.5492245554924011,0.4328321516513824,0.5623273849487305,0.4220389425754547,0.5556653141975403,0.4264930486679077,0.5595441460609436,0.4247992634773254,0.5476902723312378,0.4322277903556824,0.5489593744277954,0.4322664737701416,0.54823237657547,0.4330166578292846,0.545078456401825,0.4329237639904022,0.5464985370635986,0.4315383434295654,0.5571796894073486,0.4254894852638244,0.5498616099357605,0.4333019554615021,0.5476130247116089,0.4319131076335907
192,192,train,8955,0.4964202046394348,0.4592694044113159,0.5069851875305176,0.4477591812610626,0.504687488079071,0.4532157778739929,0.5044609904289246,0.4511540234088897,0.493673175573349,0.4583074748516083,0.4958595633506775,0.4580545723438263,0.4954768717288971,0.459171712398529,0.4943172931671142,0.4596012532711029,0.4949502050876617,0.4584283530712127,0.5025040507316589,0.452408879995346,0.4973584115505218,0.458906352519989,0.4941703081130981,0.4575607180595398
193,193,test,10577,0.6086971759796143,0.3903614580631256,0.6259445548057556,0.3744052350521087,0.6195275187492371,0.3794113099575043,0.6235945820808411,0.3754748404026031,0.6060905456542969,0.3903197944164276,0.6092438697814941,0.3889568746089935,0.608605146408081,0.3911296725273132,0.6021925210952759,0.3935370743274688,0.6034984588623047,0.3911904990673065,0.6167725920677185,0.379584401845932,0.6128360033035278,0.3887159824371338,0.6069039106369019,0.3897581100463867
194,194,train,9161,0.4976406991481781,0.4580935537815094,0.5102439522743225,0.4460571706295013,0.5067704916000366,0.4517127275466919,0.5062721371650696,0.4497623145580292,0.4950194656848907,0.4567843377590179,0.4974142611026764,0.4567167460918426,0.4970611035823822,0.4577937424182892,0.4956217408180237,0.458420842885971,0.4967833459377289,0.4569531977176666,0.5060116648674011,0.4498911798000335,0.4993268847465515,0.4566556811332702,0.496274322271347,0.4561341404914856
195,195,train,10012,0.5378319621086121,0.4408230185508728,0.5512988567352295,0.4297532141208648,0.5444750785827637,0.4344207942485809,0.5475903749465942,0.4326982200145721,0.5352614521980286,0.4407215714454651,0.5374239683151245,0.4406760931015014,0.5374519228935242,0.4407664537429809,0.5340671539306641,0.4408917725086212,0.5355492830276489,0.4394512772560119,0.5469508767127991,0.4330829977989197,0.5381522178649902,0.4408161640167236,0.5367187857627869,0.4397636651992798
196,196,test,9428,0.4978100955486297,0.4509342014789581,0.5073835849761963,0.439427375793457,0.5061360597610474,0.4459437131881714,0.5044951438903809,0.4424300491809845,0.4945228099822998,0.4504953026771545,0.497014582157135,0.4503972828388214,0.4965396225452423,0.4509305953979492,0.4956260025501251,0.4508411288261413,0.4959208369255066,0.4505080580711365,0.5024502277374268,0.4441481232643127,0.4982646405696869,0.4514530599117279,0.4954997599124908,0.4493468701839447
197,197,train,10599,0.5217706561088562,0.4452629089355469,0.5341981649398804,0.4346320927143097,0.5296186804771423,0.4391700327396393,0.5309975147247314,0.4370810389518738,0.519479513168335,0.4446138739585876,0.5217670798301697,0.4448374807834625,0.5219631791114807,0.4448666274547577,0.5198776125907898,0.444791704416275,0.5209934711456299,0.4435808062553406,0.529353678226471,0.4380938410758972,0.5228012204170227,0.4455378353595733,0.5205198526382446,0.4437640607357025
198,198,train,10572,0.5078436136245728,0.4548981189727783,0.5210368037223816,0.443688690662384,0.5171095728874207,0.4484322965145111,0.5168113708496094,0.4472400546073913,0.5053831338882446,0.4544559717178345,0.5076950192451477,0.4541214108467102,0.5080118179321289,0.4544662535190582,0.5058626532554626,0.4550262987613678,0.5066710114479065,0.4538283050060272,0.5161833167076111,0.4477765262126922,0.5093621611595154,0.4539806842803955,0.5064019560813904,0.453543484210968
199,199,test,10625,0.5482401847839355,0.4367361664772033,0.5625496506690979,0.4240184426307678,0.5550141334533691,0.4293991029262543,0.5587450265884399,0.4273492693901062,0.546467125415802,0.4367279410362243,0.5483027100563049,0.4362531900405884,0.547295331954956,0.4369862675666809,0.5434305667877197,0.4371771812438965,0.5455006957054138,0.435369998216629,0.5571378469467163,0.4280312657356262,0.5484377145767212,0.4371528923511505,0.5470038056373596,0.4358232915401459
200,200,train,10519,0.4613377153873443,0.4572846591472626,0.4693910181522369,0.4482839405536651,0.4712678790092468,0.4530421793460846,0.4658308327198028,0.4525651335716247,0.4578513503074646,0.4579618573188782,0.4609177410602569,0.4574819207191467,0.4603783786296844,0.4584807753562927,0.4600886106491089,0.4583185315132141,0.4605915248394012,0.4579658806324005,0.4648261666297912,0.4520160555839538,0.4631087779998779,0.4582873880863189,0.4589220285415649,0.4569270610809326
201,201,train,9435,0.6413617134094238,0.3395238518714905,0.660130500793457,0.3201301693916321,0.6561561226844788,0.3211448490619659,0.6588878035545349,0.3187036514282226,0.6333532929420471,0.3423108756542206,0.6412916779518127,0.3366458415985107,0.6445490717887878,0.3369014263153076,0.6361615657806396,0.3425454199314117,0.633597195148468,0.3434091508388519,0.6488792896270752,0.3274174034595489,0.6445156931877136,0.3364196717739105,0.6400927901268005,0.3384612202644348
202,202,train,8899,0.6295487880706787,0.3540880382061004,0.6514179706573486,0.3323847651481628,0.6479992866516113,0.3335626423358917,0.6502345204353333,0.3314851820468902,0.6225917339324951,0.3569664657115936,0.6298460364341736,0.3517854511737823,0.6337536573410034,0.3516135811805725,0.6237640976905823,0.3570840954780578,0.6217344403266907,0.3570609390735626,0.6394575834274292,0.3391105532646179,0.6351626515388489,0.3504879176616668,0.6282040476799011,0.3527959287166595
203,203,train,10421,0.6120647192001343,0.3845662474632263,0.6300506591796875,0.3673880994319916,0.6246885061264038,0.3720975518226623,0.6275360584259033,0.3685184419155121,0.6077735424041748,0.3860373795032501,0.6118062734603882,0.384263664484024,0.6127790808677673,0.3845579326152801,0.6060295104980469,0.3867124021053314,0.6061784029006958,0.3849402070045471,0.6201769113540649,0.372083306312561,0.6167255640029907,0.3833347856998443,0.6099616289138794,0.3836570382118225
204,204,train,10377,0.5241310000419617,0.4450863897800445,0.5378158092498779,0.4339831471443176,0.5318779945373535,0.4385324418544769,0.5343295335769653,0.4368515908718109,0.5215011239051819,0.4447908699512481,0.523674726486206,0.4447508752346039,0.5235242247581482,0.4450361728668213,0.5206693410873413,0.445192813873291,0.5218847990036011,0.4437554180622101,0.5330478549003601,0.4377417862415313,0.5248503088951111,0.4438152909278869,0.5224719047546387,0.4439710676670074
205,205,train,10083,0.4773064255714416,0.4613497853279114,0.4865646958351135,0.4478413164615631,0.4866514801979065,0.4552185833454132,0.4824917912483215,0.4515680372714996,0.4739461541175842,0.4607093036174774,0.4774775207042694,0.4594470858573913,0.4765075147151947,0.4607884585857391,0.475757747888565,0.4619008004665375,0.4767484366893768,0.4614981710910797,0.4826626777648926,0.4529556035995483,0.4797570705413818,0.4593226611614227,0.4751055538654327,0.4595042169094085
206,206,train,10606,0.6437826156616211,0.3380877077579498,0.66250079870224,0.3187163174152374,0.6587759852409363,0.3195351064205169,0.6611992120742798,0.317207396030426,0.635229766368866,0.3409633636474609,0.6434617042541504,0.3352434635162353,0.6467527151107788,0.3356513381004333,0.6384046077728271,0.3414109647274017,0.6358881592750549,0.3423279225826263,0.6511363387107849,0.3263075351715088,0.6465215682983398,0.3351533114910126,0.642568826675415,0.3370692133903503
207,207,test,9507,0.4936994314193725,0.4598864614963531,0.506893515586853,0.4484895169734955,0.503676176071167,0.4537471234798431,0.502454936504364,0.4515614807605743,0.4913296103477478,0.4595232009887695,0.4940167665481567,0.4588691890239715,0.4930692017078399,0.4596328437328338,0.4911387860774994,0.4606901705265045,0.4921109080314636,0.4593735635280609,0.5009657740592957,0.4528918266296386,0.4953064322471618,0.4588751792907715,0.491519570350647,0.45863938331604
208,208,train,9171,0.492650955915451,0.4597584903240204,0.5050212144851685,0.4479784667491913,0.5020509362220764,0.4537525177001953,0.5002492666244507,0.4515970349311828,0.4899878203868866,0.4591376185417175,0.4926663339138031,0.4587333500385284,0.4918910264968872,0.4595372378826141,0.4902977347373962,0.4600645899772644,0.4910867214202881,0.4589582681655884,0.4997624158859253,0.4521389007568359,0.4941340386867523,0.4588401913642883,0.4909655451774597,0.458111047744751
209,209,test,8900,0.5001275539398193,0.4488772451877594,0.510837197303772,0.4375669956207275,0.5076992511749268,0.4433855414390564,0.5071675777435303,0.4416353404521942,0.4970866739749908,0.4485673010349273,0.4996581673622131,0.448384553194046,0.4985483288764953,0.4486871361732483,0.4976004362106323,0.44910928606987,0.4986960291862488,0.4478904902935028,0.5055255889892578,0.4419136047363281,0.5003151297569275,0.4494188725948334,0.4978971481323242,0.4469727873802185
210,210,test,10235,0.5386648178100586,0.4376586079597473,0.5520809888839722,0.4269363582134247,0.5464425683021545,0.4315310418605804,0.5489835739135742,0.4292037189006805,0.5367497801780701,0.4368914663791656,0.5386427044868469,0.4370682835578918,0.5376024842262268,0.4376713931560516,0.5346285700798035,0.4377752840518951,0.5361642837524414,0.4364282786846161,0.5464741587638855,0.4303297996520996,0.5392286777496338,0.4377170503139496,0.5368609428405762,0.4364659190177917
211,211,train,10620,0.502047598361969,0.4522142112255096,0.5151335597038269,0.4386863708496094,0.5112873315811157,0.4458013772964477,0.5113604068756104,0.4416278600692749,0.4993199408054352,0.4514765739440918,0.5025287866592407,0.4507781863212585,0.5009989738464355,0.4516221284866333,0.4998526871204376,0.4524696469306946,0.5012044906616211,0.4516288638114929,0.5088456869125366,0.4438690841197967,0.5032860636711121,0.4511533379554748,0.5000320672988892,0.4500888288021087
212,212,train,10640,0.6148029565811157,0.3797364830970764,0.63352370262146,0.362049788236618,0.6289629340171814,0.3655672073364258,0.6317132711410522,0.3622430860996246,0.610552966594696,0.3814612627029419,0.6152738332748413,0.3784963190555572,0.6161807179450989,0.3791294693946838,0.6089468598365784,0.3819977045059204,0.6087988615036011,0.3805051147937774,0.6232144832611084,0.367378681898117,0.620378851890564,0.3773288130760193,0.6132975816726685,0.3783235847949981
213,213,train,9846,0.4979576766490936,0.4339125454425812,0.5040501952171326,0.4251094460487366,0.5029595494270325,0.4298825562000274,0.5035326480865479,0.4281950294971466,0.4959281086921692,0.4337453842163086,0.4982929229736328,0.4329144656658172,0.4952057898044586,0.4341044425964355,0.4946523308753967,0.4344633221626282,0.4965927600860595,0.434912234544754,0.5017655491828918,0.4261872470378876,0.4985542595386505,0.435352087020874,0.492416113615036,0.4337518513202667
214,214,train,9407,0.4739773273468017,0.4605360627174377,0.4847960174083709,0.4470224976539612,0.4847679138183594,0.4541495442390442,0.480621725320816,0.4514063000679016,0.4694612622261047,0.4601260721683502,0.4736590683460235,0.4592636227607727,0.4724534153938293,0.4606907963752746,0.47195565700531,0.461188942193985,0.4722330868244171,0.4607697427272796,0.4790915846824646,0.4533805251121521,0.4755411744117737,0.459553450345993,0.4710367619991302,0.4594204723834991
215,215,train,9224,0.525851845741272,0.4488083124160766,0.5398322939872742,0.4378647804260254,0.5338793396949768,0.4428150057792663,0.5356858372688293,0.4410367012023926,0.5238521099090576,0.4481645226478576,0.5261721014976501,0.4481990933418274,0.5254160165786743,0.4487852752208709,0.5225232243537903,0.4490744173526764,0.5239262580871582,0.4476531744003296,0.5350112915039062,0.4414840638637543,0.5271445512771606,0.4484378695487976,0.5245518684387207,0.447854608297348
216,216,train,9367,0.5033490657806396,0.4523802995681762,0.5150486826896667,0.4416684508323669,0.5120955109596252,0.4469650685787201,0.5121158361434937,0.4448469579219818,0.5001969933509827,0.4516002833843231,0.5026735663414001,0.4517087936401367,0.5024402737617493,0.4523473680019378,0.5012560486793518,0.4523998498916626,0.5018975734710693,0.451392114162445,0.5098286271095276,0.4457557499408722,0.5050576329231262,0.4518109560012817,0.5011484622955322,0.4508346319198608
217,217,test,9069,0.4850555062294006,0.4574400186538696,0.4957537651062011,0.4449456334114074,0.4944198429584503,0.4514006674289703,0.4922343790531158,0.4488219916820526,0.4813419580459595,0.4569096863269806,0.4841528236865997,0.4564316868782043,0.4841124713420868,0.457330584526062,0.4833985269069671,0.4577466249465942,0.4840369522571563,0.457029789686203,0.4897082448005676,0.4508411884307861,0.4861949980258941,0.4567823708057403,0.4822512567043304,0.4560514092445373
218,218,train,10112,0.5900571942329407,0.4113197922706604,0.6048212051391602,0.3978123962879181,0.5971236228942871,0.4035092294216156,0.6021140813827515,0.4000818431377411,0.5872701406478882,0.4118134975433349,0.5890633463859558,0.4113717973232269,0.5889245867729187,0.4119438230991363,0.5845699906349182,0.4123245775699615,0.5861497521400452,0.4102098345756531,0.5986679196357727,0.4011396765708923,0.5906237363815308,0.412513792514801,0.5886003375053406,0.4100054502487182
219,219,train,9177,0.6065613627433777,0.3977062404155731,0.6229478716850281,0.3823453485965729,0.6168829202651978,0.387160062789917,0.620204746723175,0.3845157325267792,0.6038331985473633,0.398158997297287,0.6069943308830261,0.3965618908405304,0.6061782240867615,0.3986628651618957,0.5999314188957214,0.4004002213478088,0.6015667915344238,0.3978574275970459,0.6147797107696533,0.3872600197792053,0.610171377658844,0.3962832689285278,0.6048234701156616,0.3970089852809906
220,220,train,10054,0.4913958609104156,0.4535722434520721,0.504352867603302,0.4420743286609649,0.5013267397880554,0.4486303031444549,0.5004726052284241,0.4454112350940704,0.4885857999324798,0.4527629911899566,0.4913375377655029,0.4529260993003845,0.4906394481658935,0.4533481895923614,0.4898314774036407,0.4537909924983978,0.4906968474388122,0.4532561004161834,0.4977779686450958,0.4467648565769195,0.4931267201900482,0.4532887935638428,0.4889630973339081,0.4523579478263855
221,221,train,9142,0.6159579157829285,0.3788016438484192,0.6348434686660767,0.3607609272003174,0.6296173930168152,0.3651079833507538,0.6323733329772949,0.362028956413269,0.6116384863853455,0.3802557587623596,0.6160954833030701,0.3780146539211273,0.6173405051231384,0.3783065378665924,0.6103134155273438,0.3808523416519165,0.6101418137550354,0.3794811964035034,0.624360978603363,0.366370677947998,0.6217619180679321,0.376225084066391,0.6140708327293396,0.3778260946273803
222,222,test,10298,0.4881464838981628,0.4618808627128601,0.4990220665931701,0.449861079454422,0.4966960251331329,0.4559228718280792,0.4951549470424652,0.4535953998565674,0.4849253892898559,0.4607846736907959,0.4870676398277282,0.4608507454395294,0.4866429567337036,0.461643248796463,0.4854661226272583,0.4621700346469879,0.4863721430301666,0.4608913660049438,0.4938812851905823,0.4546969830989837,0.4891093075275421,0.4609869420528412,0.486328661441803,0.4599467515945434
223,223,train,9485,0.489810585975647,0.4546068906784057,0.5013062357902527,0.4436362683773041,0.4994275569915771,0.4491618573665619,0.4970132708549499,0.4469494223594665,0.4869269430637359,0.4536316394805908,0.48997762799263,0.4535514414310455,0.4888271391391754,0.4542894959449768,0.4873017966747284,0.4550478160381317,0.4882867932319641,0.4543959498405456,0.4954011440277099,0.4478667080402374,0.4915924370288849,0.4536973536014557,0.4878075420856476,0.4527539610862732
224,224,train,9236,0.5065605640411377,0.4544270932674408,0.5188769698143005,0.4434576332569122,0.5150883793830872,0.4494860470294952,0.5153216123580933,0.4469209909439087,0.5032879114151001,0.4537007808685303,0.5062417387962341,0.4537819623947143,0.5056747794151306,0.454211562871933,0.5042707324028015,0.4545756876468658,0.5052676200866699,0.4537699818611145,0.5133233666419983,0.4477142691612243,0.5075402855873108,0.4541670978069305,0.5046558976173401,0.4526157677173614
225,225,test,10401,0.6192963123321533,0.3674452602863312,0.6400845646858215,0.3468369543552398,0.6349894404411316,0.3501744270324707,0.6378468871116638,0.3475666642189026,0.6131845116615295,0.3687481880187988,0.6185542941093445,0.3657733798027038,0.621446430683136,0.3661897778511047,0.614516019821167,0.3694801032543182,0.6133988499641418,0.368676096200943,0.6285684704780579,0.3535073101520538,0.6244507431983948,0.3644854426383972,0.6176847219467163,0.3661295175552368
226,226,train,10387,0.5216010808944702,0.4448589980602264,0.5340795516967773,0.4342612326145172,0.5290834903717041,0.4388294816017151,0.5310114026069641,0.4368302226066589,0.5194911360740662,0.4445471465587616,0.5211931467056274,0.4446312189102173,0.5210335850715637,0.444705605506897,0.5186060070991516,0.4449051320552826,0.5196821689605713,0.4437991380691528,0.5300527811050415,0.4372356832027435,0.5220672488212585,0.4450572431087494,0.5200631618499756,0.4436984360218048
227,227,train,8929,0.6080132722854614,0.3945715129375458,0.6240629553794861,0.3792627453804016,0.6176022887229919,0.3842212259769439,0.6214221119880676,0.3812442719936371,0.6052339673042297,0.3950446844100952,0.6079715490341187,0.3937376737594604,0.6073217391967773,0.3956875503063202,0.6009644269943237,0.3976794779300689,0.6025415658950806,0.3951608836650848,0.615761935710907,0.3841504752635956,0.6109930872917175,0.3937723636627197,0.6060628890991211,0.3939652740955353
228,228,train,9855,0.5300660133361816,0.4442859292030334,0.544734537601471,0.4325804710388183,0.537674069404602,0.4374355673789978,0.5400744676589966,0.4360291957855224,0.5278042554855347,0.4439975321292877,0.5303369760513306,0.4438189566135406,0.5284190773963928,0.4448945522308349,0.5250518918037415,0.444993108510971,0.5268251895904541,0.443278431892395,0.5389050841331482,0.4366113543510437,0.5310989618301392,0.4441962838172912,0.52818363904953,0.4433863461017608
229,229,train,8967,0.5455467104911804,0.4352430403232574,0.5587747693061829,0.4236322343349457,0.551895797252655,0.4284699261188507,0.5553868412971497,0.4263674914836883,0.5426814556121826,0.4356184303760528,0.5448054671287537,0.4352322816848755,0.5449641346931458,0.4351367354393005,0.5411584973335266,0.4354607462882995,0.5429283380508423,0.4340414404869079,0.5548346638679504,0.4264363348484039,0.5452238321304321,0.4360497891902923,0.5450799465179443,0.4335687160491943
230,230,train,9686,0.6105061769485474,0.3910030424594879,0.6270703077316284,0.3753410279750824,0.621723473072052,0.3796139657497406,0.6249634027481079,0.3763523995876312,0.606937825679779,0.3915025591850281,0.610161542892456,0.3901393115520477,0.6099756956100464,0.3922409117221832,0.6036284565925598,0.3941259980201721,0.604754626750946,0.3918263912200928,0.6182162165641785,0.3806541562080383,0.6144086122512817,0.3895072937011719,0.608428955078125,0.3906404972076416
231,231,test,9336,0.5242191553115845,0.4447095692157745,0.5382370948791504,0.4335908591747284,0.5322954058647156,0.4376649260520935,0.5348554849624634,0.4365475475788116,0.5220181941986084,0.4443916082382202,0.5240262746810913,0.444140613079071,0.5233058333396912,0.4448437988758087,0.5202629566192627,0.4451708495616913,0.5218909382820129,0.443488597869873,0.5337066054344177,0.4371997714042663,0.5247871279716492,0.4444266557693481,0.5228103995323181,0.4436846971511841
232,232,test,9644,0.514763355255127,0.4502535760402679,0.5276988744735718,0.4385644495487213,0.523253321647644,0.4435549974441528,0.5239134430885315,0.4417109489440918,0.5117625594139099,0.4501296877861023,0.5142848491668701,0.449755996465683,0.5140900611877441,0.4501629471778869,0.5118724703788757,0.4504003822803497,0.5133690237998962,0.4489399492740631,0.5230919122695923,0.4426111876964569,0.5153564810752869,0.449763149023056,0.5129345059394836,0.4489828646183014
233,233,train,10478,0.6184636354446411,0.366555243730545,0.6396834850311279,0.3455994129180908,0.6357256174087524,0.3485804498195648,0.6376532912254333,0.3458192944526672,0.6127468943595886,0.3687010407447815,0.6184087991714478,0.3651016056537628,0.6204758882522583,0.3651487827301025,0.6127188205718994,0.3687199652194977,0.6115796566009521,0.3678966164588928,0.6278629302978516,0.3516603112220764,0.6248260140419006,0.3633292019367218,0.6164514422416687,0.3648174107074737
234,234,train,9915,0.6149429678916931,0.3842424750328064,0.6309866905212402,0.3686246573925018,0.6254779696464539,0.3730378746986389,0.6298860311508179,0.3695430159568786,0.6114704012870789,0.3850901424884796,0.6145631670951843,0.3837729096412658,0.6150522828102112,0.3845452964305877,0.6095397472381592,0.386077344417572,0.6098945736885071,0.3842000961303711,0.622836709022522,0.3730702400207519,0.6181896328926086,0.3838940858840942,0.6125620603561401,0.3836657106876373
235,235,train,10541,0.6282143592834473,0.3586308658123016,0.649506151676178,0.3374114036560058,0.6454998850822449,0.3397281467914581,0.6475966572761536,0.3370826542377472,0.621819257736206,0.3613997101783752,0.628307044506073,0.3567809462547302,0.6313269734382629,0.3567584455013275,0.6216110587120056,0.361664742231369,0.620441198348999,0.3610286116600036,0.6374320983886719,0.3439276814460754,0.6338353753089905,0.3554410636425018,0.6265251636505127,0.3572189807891845
236,236,test,10327,0.467731237411499,0.4616046845912933,0.477829247713089,0.4488157033920288,0.4780624806880951,0.4558686316013336,0.4739057123661041,0.4529423415660858,0.4636961221694946,0.4609100818634033,0.4672944247722626,0.4604445397853851,0.4662946462631225,0.4619995951652527,0.4662739038467407,0.4617102742195129,0.4665441811084747,0.46165931224823,0.4729681313037872,0.454048603773117,0.4692615568637848,0.4611724019050598,0.4647487103939056,0.4606918096542358
237,237,train,10184,0.4722413420677185,0.4583539962768554,0.483430951833725,0.444203108549118,0.4833187162876129,0.4521830081939697,0.4787019193172455,0.448671281337738,0.4679245948791504,0.4580065608024597,0.4724541008472442,0.4570844769477844,0.4707686603069305,0.4582616090774536,0.4699324369430542,0.4585768580436706,0.4708216786384582,0.4587668180465698,0.4775730073451996,0.4501389563083648,0.4737975895404815,0.4575150609016418,0.4692635536193847,0.4569234848022461
238,238,train,9802,0.635252833366394,0.3456946909427643,0.6536476016044617,0.327475368976593,0.650424599647522,0.3277396857738495,0.6519390940666199,0.326064258813858,0.6277819871902466,0.348024308681488,0.6348366737365723,0.3430016040802002,0.6393746137619019,0.3432061374187469,0.631251871585846,0.3482716977596283,0.629572868347168,0.348373681306839,0.6437130570411682,0.3340503275394439,0.6384526491165161,0.3428135514259338,0.6352298855781555,0.3442008197307586
239,239,train,8875,0.6310458779335022,0.3498250842094421,0.6518577337265015,0.3288643658161163,0.6482484340667725,0.3297518789768219,0.6499773859977722,0.3281728327274322,0.6234466433525085,0.352682888507843,0.6309834122657776,0.3472128808498382,0.6349540948867798,0.3469001352787018,0.6255989670753479,0.3526602983474731,0.6236554980278015,0.3528522253036499,0.6403528451919556,0.3357529044151306,0.6350018382072449,0.3467133343219757,0.629923939704895,0.3481557667255401
240,240,test,9092,0.6418520212173462,0.3397719264030456,0.660629391670227,0.3201803267002105,0.6563425064086914,0.3215171098709106,0.6594408750534058,0.3187257945537567,0.6334965229034424,0.3425775170326233,0.6413436532020569,0.3371052145957947,0.645767092704773,0.3370299339294433,0.6372274160385132,0.3429039716720581,0.6345027685165405,0.3438944518566131,0.6500126123428345,0.3275341093540191,0.6448819637298584,0.3366005420684814,0.6414030194282532,0.3386585116386413
241,241,train,9169,0.6206380128860474,0.3672305941581726,0.6409927606582642,0.3475943207740783,0.6375024318695068,0.349856287240982,0.6397240161895752,0.347289115190506,0.6149716377258301,0.3693271279335022,0.6207443475723267,0.365975558757782,0.6233975291252136,0.3655925095081329,0.6154046654701233,0.3690246343612671,0.6142742037773132,0.3685344457626343,0.6295288801193237,0.3534321188926697,0.62651127576828,0.3644252419471741,0.6187969446182251,0.3660368025302887
242,242,train,10271,0.4902926385402679,0.4623614847660064,0.5025248527526855,0.4500699937343597,0.5002192854881287,0.4566153287887573,0.4984304308891296,0.4537983238697052,0.4872275292873382,0.4612725079059601,0.4900588691234588,0.4610263705253601,0.4892750978469848,0.4616627097129822,0.4881577491760254,0.4625435769557953,0.4890302717685699,0.4615911245346069,0.4962510466575622,0.4551622867584228,0.4917773306369781,0.4615907073020935,0.4877876937389374,0.4607441425323486
243,243,train,9453,0.5468752980232239,0.4429735541343689,0.561022937297821,0.4314171075820923,0.5542410612106323,0.4359980523586273,0.5571502447128296,0.4345312416553497,0.5447643995285034,0.4429903626441955,0.5468252897262573,0.4427556991577148,0.5462393164634705,0.4429733157157898,0.5426989197731018,0.4432897567749023,0.5442803502082825,0.4418264925479889,0.5560300350189209,0.4351502060890198,0.5472618937492371,0.4429822266101837,0.5458493232727051,0.441909909248352
244,244,train,9232,0.5542165637016296,0.4332146346569061,0.5686460733413696,0.4210755527019501,0.5608851313591003,0.4265108108520508,0.5649024248123169,0.4239837825298309,0.5516582727432251,0.4331602752208709,0.5538435578346252,0.432881623506546,0.5536597967147827,0.4332662224769592,0.5497584939002991,0.4336903691291809,0.5514150261878967,0.4320636689662933,0.5640109777450562,0.4244163930416107,0.5546870231628418,0.4336461126804352,0.5532292127609253,0.4320416450500488
245,245,train,9727,0.4762002229690552,0.4434153437614441,0.4833475649356842,0.4347931146621704,0.484170138835907,0.4389884769916534,0.4801857471466064,0.4384998977184295,0.4738656282424927,0.4431163072586059,0.4762893319129944,0.4436468780040741,0.4757184982299804,0.4442249536514282,0.4747838377952575,0.4427296817302704,0.4760003685951233,0.4427947402000427,0.4804607927799225,0.4381704330444336,0.4785231351852417,0.4447740614414215,0.4738834500312805,0.4420475959777832
246,246,train,9728,0.5866054892539978,0.4125168323516845,0.6017683744430542,0.3985979855060577,0.5947381854057312,0.4039657115936279,0.5988141894340515,0.4008075892925262,0.5837202668190002,0.4130509197711944,0.5861995220184326,0.4122371077537536,0.5856120586395264,0.4129892885684967,0.5811377763748169,0.4135724902153015,0.5826302170753479,0.4117345809936523,0.5947813987731934,0.4027141332626343,0.5878072381019592,0.413051575422287,0.5845611691474915,0.4118171632289886
247,247,test,10359,0.6291386485099792,0.3614356517791748,0.650162398815155,0.3410368263721466,0.6456916928291321,0.342637687921524,0.6477289795875549,0.3406233787536621,0.6224762201309204,0.3635660707950592,0.628790557384491,0.3595895767211914,0.6325818300247192,0.3610537946224212,0.6226361989974976,0.3659377098083496,0.6223486065864563,0.3644818365573883,0.6385437250137329,0.3493667840957641,0.633877694606781,0.3577377796173095,0.6286649107933044,0.3610402941703796
248,248,train,9040,0.4905369579792022,0.4567783176898956,0.5035847425460815,0.4435559511184692,0.4997563362121582,0.4505087435245514,0.5000399351119995,0.4478236734867096,0.4871303737163543,0.4558040201663971,0.4899573028087616,0.4553943574428558,0.4895782470703125,0.4564574658870697,0.4882173538208008,0.4570442140102386,0.4891577959060669,0.4558539390563965,0.4974606931209564,0.4487555027008056,0.4912635385990143,0.4557821154594421,0.4885432422161102,0.4547185003757477
249,249,train,9987,0.6391511559486389,0.3464445471763611,0.659334123134613,0.3259219825267792,0.6552011370658875,0.3268254399299621,0.6574403643608093,0.3247467875480652,0.6311725974082947,0.3493610918521881,0.6389683485031128,0.3437659740447998,0.6436098217964172,0.3436538279056549,0.6334340572357178,0.3501647710800171,0.6316525340080261,0.3502938449382782,0.6483138799667358,0.3333427309989929,0.6427860260009766,0.3429732918739319,0.6387969851493835,0.3448445796966553
250,250,train,9297,0.5803738832473755,0.4192078411579132,0.5942131280899048,0.4062323868274688,0.586959183216095,0.4118118286132812,0.5919204354286194,0.4085870385169983,0.5782220363616943,0.4192551374435425,0.5800039172172546,0.4188737869262695,0.5795118808746338,0.4196571707725525,0.5750492215156555,0.4202041327953338,0.5766882300376892,0.418288379907608,0.5888291597366333,0.4096312820911407,0.5810824036598206,0.4199279248714447,0.5791517496109009,0.4180746972560882
251,251,test,8985,0.5554715991020203,0.428388774394989,0.5689321756362915,0.4169044196605682,0.5621533989906311,0.4214829504489898,0.5661564469337463,0.4195354580879211,0.5525797605514526,0.4285213053226471,0.5545048117637634,0.4285178482532501,0.5545299053192139,0.428482711315155,0.5511404871940613,0.4286509752273559,0.5526807904243469,0.4270924031734466,0.5649404525756836,0.4198528528213501,0.5551636219024658,0.4290666282176971,0.5540281534194946,0.4272822141647339
252,252,test,10306,0.6327648758888245,0.3485264182090759,0.6536957025527954,0.3279194831848144,0.6496843695640564,0.329194039106369,0.6521113514900208,0.3268818855285644,0.6254347562789917,0.3516791462898254,0.6331132054328918,0.3458717763423919,0.6373237371444702,0.3455900549888611,0.6272971630096436,0.351517766714096,0.6255112886428833,0.3515388369560241,0.6421144604682922,0.3345809876918793,0.636785089969635,0.3456460237503052,0.6317203640937805,0.347386360168457
253,253,train,9292,0.4644227921962738,0.4565809369087219,0.4736094176769256,0.4436506330966949,0.4746128916740417,0.4503443837165832,0.4701230227947235,0.4473559558391571,0.4607644379138946,0.4559240043163299,0.4639113247394562,0.4556716978549957,0.4631334245204925,0.4563754498958587,0.462686687707901,0.4564052522182464,0.4631286859512329,0.4569318890571594,0.4688527882099151,0.448411226272583,0.4658815860748291,0.4552449285984039,0.4610445499420166,0.4550995528697967
254,254,test,10277,0.4896652400493622,0.4530892074108124,0.5010845065116882,0.4408755600452423,0.4990111589431762,0.4470995962619781,0.4978189766407013,0.4444891810417175,0.4859273731708526,0.4524117708206177,0.4887735843658447,0.4523878395557403,0.4881470501422882,0.4531194567680359,0.4870308041572571,0.4532331228256225,0.4875878691673279,0.4527785778045654,0.495592325925827,0.4461894035339355,0.4902794659137726,0.4527141749858856,0.4865244626998901,0.4516494572162628
255,255,train,8882,0.6201818585395813,0.3688834905624389,0.6417287588119507,0.3482927680015564,0.6372228264808655,0.3515580892562866,0.6395570635795593,0.3479690849781036,0.6147040128707886,0.3706396818161011,0.6206413507461548,0.3670382499694824,0.6238613724708557,0.3670990169048309,0.6148677468299866,0.3714317083358764,0.6141958832740784,0.3703938722610473,0.6300390362739563,0.3544723093509674,0.6264955997467041,0.3654369115829468,0.6195499897003174,0.3670514822006225
256,256,test,10265,0.4954098165035248,0.4445862472057342,0.5015228390693665,0.4370171129703522,0.5026723742485046,0.4414831101894378,0.4975118041038513,0.4405058622360229,0.4933998584747314,0.445364236831665,0.494666039943695,0.4452094435691833,0.4952719509601593,0.4455783665180206,0.4940091967582702,0.444094717502594,0.4955591261386871,0.4443398714065552,0.4986562728881836,0.4400595426559448,0.496692031621933,0.446005254983902,0.4933678805828094,0.4443327486515045
257,257,train,10338,0.4799694120883941,0.464125394821167,0.4917378425598144,0.4498621821403503,0.490299791097641,0.4570558369159698,0.4871968030929565,0.4541211128234863,0.4760849773883819,0.4633833169937134,0.479859709739685,0.4627097845077514,0.4782482385635376,0.4635192453861236,0.4772510826587677,0.4644164741039276,0.4784024059772491,0.4634502530097961,0.485176682472229,0.455745667219162,0.4807895720005035,0.4631961286067962,0.4772391319274902,0.4621771574020386
258,258,test,9157,0.6305278539657593,0.3514874875545501,0.6513096690177917,0.3308241963386535,0.6481800079345703,0.3321152031421661,0.6497249603271484,0.3300318121910095,0.6237947940826416,0.354000836610794,0.6303206086158752,0.3490920662879944,0.6339583992958069,0.349077045917511,0.625568687915802,0.3538531363010406,0.6240825057029724,0.3535864055156708,0.6407017707824707,0.3368092775344848,0.6346534490585327,0.3486626148223877,0.6292722225189209,0.3498725891113281
259,259,train,10015,0.5455510020256042,0.4399609267711639,0.5614815354347229,0.427397072315216,0.5537019371986389,0.4326057434082031,0.5571235418319702,0.430717259645462,0.5431892275810242,0.4398505985736847,0.5457735061645508,0.4395595788955688,0.5448091626167297,0.4399169683456421,0.5409778356552124,0.4406702220439911,0.5426449775695801,0.4390351772308349,0.5549201369285583,0.4317828118801117,0.5468570590019226,0.43961963057518,0.5445701479911804,0.4387166500091553
260,260,train,9535,0.5758816003799438,0.4130518734455108,0.5880178809165955,0.4025534391403198,0.5812167525291443,0.4075148701667785,0.58849036693573,0.4034731984138489,0.574578046798706,0.4117290079593658,0.5761088728904724,0.4118740260601043,0.5736603140830994,0.4135551750659942,0.5703884959220886,0.4140463471412658,0.5716487169265747,0.412402331829071,0.5826597809791565,0.4051764607429504,0.5764866471290588,0.4140197336673736,0.5729221105575562,0.4124666452407837
261,261,train,9411,0.6243601441383362,0.3640947341918945,0.6451631188392639,0.343670904636383,0.641112744808197,0.3458883762359619,0.643223762512207,0.3433834016323089,0.6181811094284058,0.3666957914829254,0.6246929168701172,0.3623012900352478,0.6275929808616638,0.3627778589725494,0.6184104681015015,0.3673933744430542,0.6173492074012756,0.366667628288269,0.633118748664856,0.3506014943122864,0.6300450563430786,0.3608413934707641,0.6229413151741028,0.3633926510810852
262,262,train,9924,0.6123490333557129,0.3836479187011719,0.6313039660453796,0.3655466139316559,0.6258071660995483,0.3704451620578766,0.6283149719238281,0.3670579791069031,0.6080836057662964,0.3851297199726105,0.6123669743537903,0.3829390704631805,0.6131143569946289,0.3835363686084747,0.6061850190162659,0.3859981596469879,0.6065572500228882,0.3841623067855835,0.6205351948738098,0.3712795078754425,0.6180099844932556,0.3813832402229309,0.6102451682090759,0.382720947265625
263,263,train,9810,0.5147754549980164,0.447544664144516,0.5271361470222473,0.4374841451644897,0.5231888294219971,0.4416700899600982,0.5241396427154541,0.4403237700462341,0.5124677419662476,0.4470416605472564,0.5144018530845642,0.4470787346363067,0.5141108632087708,0.4473948180675506,0.5117724537849426,0.4474888443946838,0.5128373503684998,0.4463782906532287,0.5223322510719299,0.4408560991287231,0.5158241987228394,0.4469475150108337,0.5129460096359253,0.4461498558521271
264,264,train,9675,0.5990502238273621,0.4020623564720154,0.6141380667686462,0.3879988491535187,0.6072632670402527,0.3934800624847412,0.6122062802314758,0.3895879983901977,0.596336841583252,0.4028626084327698,0.5987007021903992,0.4019365012645721,0.5988808274269104,0.4023468792438507,0.5936960577964783,0.4035119414329529,0.5948033928871155,0.4016259610652923,0.6072918176651001,0.3917331397533417,0.6011300683021545,0.4023030698299408,0.5974951982498169,0.4010280668735504
265,265,train,9122,0.4923457205295563,0.4510739147663116,0.5037615299224854,0.4393288195133209,0.5021888613700867,0.4451662600040436,0.4996592402458191,0.4428195059299469,0.4885740876197815,0.4505250155925751,0.4917488694190979,0.4505310654640198,0.4910386800765991,0.4508867859840393,0.4901319444179535,0.4510780870914459,0.4908627569675445,0.4507960677146911,0.4976626634597778,0.4442718625068664,0.4924199283123016,0.4503549337387085,0.4897075593471527,0.4494989514350891
266,266,train,10292,0.501172661781311,0.4506509602069855,0.514838457107544,0.4392011165618896,0.5108528733253479,0.4449043869972229,0.5112022757530212,0.4422429203987121,0.4986693561077118,0.4500839114189148,0.5015368461608887,0.4494739174842834,0.5010175704956055,0.4499055743217468,0.4992715716361999,0.4506516456604004,0.499979019165039,0.4498836994171142,0.509563684463501,0.4431236088275909,0.5028257369995117,0.4501205086708069,0.4994665086269378,0.4488352239131927
267,267,train,10624,0.6270297169685364,0.3600820899009704,0.6482307314872742,0.3396950364112854,0.644806444644928,0.341571569442749,0.6462333798408508,0.3391647338867187,0.6206237077713013,0.3626444935798645,0.627086877822876,0.3582945466041565,0.6306633949279785,0.3584760129451751,0.6208266019821167,0.3632740378379822,0.6198503971099854,0.3624185621738434,0.6366490125656128,0.3461114168167114,0.6326012015342712,0.3568959534168243,0.6257373094558716,0.358864963054657
268,268,test,9373,0.6384815573692322,0.3459158837795257,0.6591503024101257,0.3246292471885681,0.654681384563446,0.3258355855941772,0.6569302678108215,0.3239318430423736,0.6305336952209473,0.3489292562007904,0.6385903358459473,0.3430784940719604,0.6423314213752747,0.3430470526218414,0.6324272751808167,0.3494093418121338,0.6305848956108093,0.3497818410396576,0.6474864482879639,0.3322433233261108,0.642276406288147,0.3422461152076721,0.6374269127845764,0.344413548707962
269,269,train,8969,0.4810748398303985,0.4623271524906158,0.4913102686405182,0.4478658437728882,0.4904937148094177,0.4563632309436798,0.4864746332168579,0.4532282650470733,0.4772313833236694,0.4613950252532959,0.480448305606842,0.4609804451465606,0.479633092880249,0.462065041065216,0.4790000915527344,0.4627156853675842,0.4797436892986297,0.4620116949081421,0.4855937063694,0.4542524814605713,0.4823403656482696,0.4617657363414764,0.4784699082374573,0.4608809649944305
270,270,train,9105,0.5814957022666931,0.4175693690776825,0.5958613753318787,0.4044432342052459,0.5880958437919617,0.4098016321659088,0.5934982299804688,0.4068330526351928,0.5795645713806152,0.4174836874008178,0.5813198089599609,0.4168950021266937,0.5794487595558167,0.4187936782836914,0.574724018573761,0.419372409582138,0.5767661333084106,0.41709965467453,0.5891736149787903,0.4085538685321808,0.5827321410179138,0.4179837107658386,0.5791227221488953,0.4169557988643646
271,271,train,10026,0.5606271624565125,0.4283821880817413,0.5742443203926086,0.4163065254688263,0.5671783685684204,0.4217593669891357,0.5713948607444763,0.4187800288200378,0.5582674741744995,0.4284103214740753,0.5600342750549316,0.428033709526062,0.5594082474708557,0.428728312253952,0.5556514859199524,0.428780734539032,0.5573116540908813,0.4270681142807007,0.5689868330955505,0.4195998311042785,0.5607712864875793,0.4297145903110504,0.558917760848999,0.427463561296463
272,272,test,9497,0.5407843589782715,0.4390221536159515,0.5541472434997559,0.4275945425033569,0.5475107431411743,0.4322302043437958,0.5506460070610046,0.4305617213249206,0.5378940105438232,0.4390284419059753,0.5400881767272949,0.4387832880020141,0.5400812029838562,0.4388774037361145,0.5366052389144897,0.4391120672225952,0.5384017825126648,0.4377321004867553,0.5500659346580505,0.4308468103408813,0.5406304597854614,0.4390996098518371,0.5398628115653992,0.4375973045825958
273,273,train,10262,0.6271104216575623,0.3635695278644562,0.6494429707527161,0.3417590260505676,0.6442407965660095,0.3445692062377929,0.6468572616577148,0.3418538272380829,0.6199010610580444,0.3657053709030151,0.6270372271537781,0.3612348735332489,0.6306231617927551,0.3628440797328949,0.6207965016365051,0.3679762482643127,0.6203903555870056,0.3666089475154876,0.6370449662208557,0.3504368662834167,0.632378101348877,0.3601598143577575,0.6265271902084351,0.3628467619419098
274,274,train,9220,0.4868010282516479,0.4537069499492645,0.4980587363243103,0.4414897859096527,0.4969440996646881,0.4488275349140167,0.4939108788967132,0.4456303119659424,0.482848048210144,0.4528723955154419,0.4861474931240082,0.4527336657047272,0.4850439429283142,0.4536034166812897,0.4845114946365356,0.4542733430862427,0.4854278564453125,0.4538347423076629,0.4918401837348938,0.4467099606990814,0.4880299866199493,0.4538069069385528,0.4841859042644501,0.4521322250366211
275,275,train,9231,0.6294022798538208,0.3516139090061188,0.6505035758018494,0.3310090005397796,0.6466081738471985,0.3323879241943359,0.6486973166465759,0.3300491571426391,0.6221542954444885,0.3546983003616333,0.6293514370918274,0.349369615316391,0.6334813237190247,0.3490779399871826,0.6239174604415894,0.3545645773410797,0.6220513582229614,0.3544480204582214,0.6391015648841858,0.3372908532619476,0.633861780166626,0.3485190272331238,0.6283541321754456,0.3502072989940643
276,276,train,9809,0.5150270462036133,0.4426143765449524,0.5269877314567566,0.4325971901416778,0.5234593749046326,0.4378676116466522,0.5241348147392273,0.4350551068782806,0.5123448967933655,0.4424909055233001,0.5149025917053223,0.4420633912086487,0.5146194100379944,0.4421163499355316,0.5131908059120178,0.4427004158496856,0.5135473012924194,0.4420513212680816,0.5227249264717102,0.4354631006717682,0.5157328844070435,0.4428630471229553,0.513063907623291,0.4413009583950043
277,277,train,9061,0.4606750607490539,0.4574078917503357,0.4699467122554779,0.4456256926059723,0.4709990620613098,0.4525628983974457,0.466681569814682,0.4483691155910492,0.4570619165897369,0.4576678276062011,0.4601821005344391,0.456845611333847,0.4593982398509979,0.4574943482875824,0.4594406485557556,0.4578512609004974,0.4599037766456604,0.4582024812698364,0.4654497802257538,0.4504914581775665,0.4627861976623535,0.4574202597141266,0.4577420353889465,0.4562744796276092
278,278,train,9532,0.6327088475227356,0.3524328768253326,0.6542211771011353,0.3319408893585205,0.6503356695175171,0.3339121639728546,0.6522166132926941,0.3310242891311645,0.6262322664260864,0.3548128008842468,0.6328932046890259,0.3502856791019439,0.6365308165550232,0.3505938053131103,0.6264467835426331,0.3560382723808288,0.625273585319519,0.3553553819656372,0.6429105997085571,0.3380745649337768,0.6374877095222473,0.349748820066452,0.631687581539154,0.3509561717510223
279,279,test,9687,0.5804150104522705,0.4153843224048614,0.594353199005127,0.402253121137619,0.5869262218475342,0.408000111579895,0.591693103313446,0.4041534662246704,0.5775811076164246,0.4158191680908203,0.5795870423316956,0.4154033064842224,0.5796080231666565,0.4157212376594543,0.5751045346260071,0.4163617193698883,0.5767275094985962,0.4143921434879303,0.5889678001403809,0.4054773151874542,0.5808157324790955,0.4161304831504822,0.5791499614715576,0.4140374064445495
280,280,train,8924,0.551689863204956,0.4357771873474121,0.5641658902168274,0.4245631992816925,0.5575612783432007,0.4294954538345337,0.5614959001541138,0.4273175597190857,0.5494443774223328,0.435509592294693,0.5513162612915039,0.4356003105640411,0.5509501099586487,0.4357908964157104,0.547747790813446,0.4359241425991058,0.5488527417182922,0.4345595836639404,0.5596441030502319,0.4277465641498565,0.551884114742279,0.4362302422523498,0.5502288341522217,0.434713214635849
281,281,train,9525,0.486352264881134,0.4607630968093872,0.4980416893959045,0.4490223228931427,0.4960205256938934,0.4545531868934631,0.493941992521286,0.4525669813156128,0.4834584891796112,0.4601859450340271,0.4858813285827636,0.4596790671348572,0.4853194057941437,0.4605646729469299,0.4839800894260406,0.4613587856292724,0.4849026799201965,0.4601066708564758,0.4928319454193115,0.4533613324165344,0.4876938462257385,0.4598270356655121,0.4841526448726654,0.4590381383895874
282,282,train,10289,0.6126182079315186,0.3741335868835449,0.6338741183280945,0.3537946939468384,0.6300973296165466,0.3572486340999603,0.632475733757019,0.3538245260715484,0.6070432662963867,0.3758047223091125,0.6127177476882935,0.3728046417236328,0.6145570874214172,0.3727202713489532,0.6072040796279907,0.376043438911438,0.6060835123062134,0.3752801120281219,0.621866762638092,0.3598255217075348,0.6195301413536072,0.3710980415344238,0.6107005476951599,0.3726000189781189
283,283,train,9311,0.6276814341545105,0.357035219669342,0.6488828063011169,0.336398184299469,0.6452423930168152,0.3380769789218902,0.6470043063163757,0.3360309898853302,0.6214213371276855,0.3600249886512756,0.62822425365448,0.3549570143222809,0.6314723491668701,0.3548561632633209,0.6216731667518616,0.3597617447376251,0.6203005909919739,0.3592395186424255,0.637269139289856,0.3425197899341583,0.6335499882698059,0.3534396588802337,0.6264492869377136,0.3555277585983276
284,284,test,9779,0.6190416216850281,0.3686465919017792,0.6399941444396973,0.3488352298736572,0.6354613900184631,0.351913183927536,0.6380148530006409,0.3486784696578979,0.6136659979820251,0.3705800771713257,0.6197115182876587,0.3668051064014435,0.6218467950820923,0.367131233215332,0.6137055158615112,0.3707523345947265,0.6127985715866089,0.3697710633277893,0.6285558938980103,0.3545690476894378,0.6254813075065613,0.365234911441803,0.617670476436615,0.3670803904533386
285,285,train,9002,0.6113371849060059,0.3886617720127105,0.6286683678627014,0.3722469806671142,0.6227258443832397,0.3771330118179321,0.6264557242393494,0.3736456334590912,0.6075561046600342,0.3894733488559723,0.6111103296279907,0.3878307938575744,0.6115027070045471,0.3888307511806488,0.6058304309844971,0.3904317021369934,0.606522798538208,0.3885024189949035,0.6192978620529175,0.3774079084396362,0.6155140399932861,0.3868990838527679,0.6095208525657654,0.3875144124031067
286,286,test,10217,0.584359884262085,0.4133091270923614,0.5989230871200562,0.4002670645713806,0.591248631477356,0.4057833850383758,0.5958216190338135,0.4026705622673034,0.5813972353935242,0.4140245616436004,0.5835940837860107,0.4134284257888794,0.5836500525474548,0.413745254278183,0.5788564085960388,0.4144267439842224,0.5806770324707031,0.4124269485473633,0.5928291082382202,0.4033079147338867,0.5850774645805359,0.4141744077205658,0.5830463171005249,0.4121332466602325
287,287,train,9998,0.5873000025749207,0.4072232246398926,0.6032732129096985,0.3931154608726501,0.5959951281547546,0.3990807235240936,0.6007682681083679,0.3951077759265899,0.5846627354621887,0.4072973132133484,0.5871657729148865,0.4069898128509521,0.5871369242668152,0.4073629379272461,0.5825232863426208,0.4083269834518432,0.5838542580604553,0.4061084985733032,0.5962669253349304,0.3962828814983368,0.5898089408874512,0.4076868891716003,0.5860462784767151,0.4058342278003692
288,288,train,10318,0.5181054472923279,0.4508327543735504,0.5320226550102234,0.4397727847099304,0.5263262391090393,0.4444570541381836,0.5279607772827148,0.4426504373550415,0.5157875418663025,0.4503882825374603,0.5177167654037476,0.4502991139888763,0.5176056623458862,0.4504765272140503,0.5153256058692932,0.4507728219032287,0.5164741277694702,0.4495027065277099,0.527296245098114,0.4430866241455078,0.5187957882881165,0.4502402544021606,0.5168129205703735,0.4490923285484314
289,289,test,9473,0.4941096305847168,0.4613950252532959,0.5048045516014099,0.4501014947891235,0.502416729927063,0.4557406306266784,0.5015158653259277,0.4533703327178955,0.4908891916275024,0.4600657522678375,0.4933539628982544,0.4600586891174316,0.4932122826576233,0.4610323905944824,0.4919382631778717,0.4618660509586334,0.4926275014877319,0.4609453976154327,0.5005364418029785,0.4544054269790649,0.4949197173118591,0.460392028093338,0.4918921589851379,0.4594303965568542
290,290,train,10270,0.4671874642372131,0.4658916294574737,0.4767611026763916,0.4524548947811126,0.4769116044044494,0.4596876502037048,0.47234907746315,0.4565490186214447,0.463616281747818,0.4655671715736389,0.4671270549297333,0.4644103050231933,0.4662066996097564,0.4658683538436889,0.4657555520534515,0.4665904641151428,0.4667094051837921,0.4664005637168884,0.4716196954250335,0.4582357704639435,0.4692439138889313,0.4648834466934204,0.4647316038608551,0.4645981788635254
291,291,train,8932,0.647047221660614,0.3374345302581787,0.6657208204269409,0.3183322250843048,0.6613881587982178,0.3192344903945923,0.6634089350700378,0.3172472715377807,0.6382460594177246,0.3398936092853546,0.6462084650993347,0.3346531987190246,0.6509286761283875,0.3351975381374359,0.6423985362052917,0.3409760892391205,0.6404774785041809,0.3414812386035919,0.6551104187965393,0.3263511061668396,0.6493993401527405,0.3343625962734222,0.6471070051193237,0.3365107774734497
292,292,train,9981,0.4770386815071106,0.4576819837093353,0.4886732399463653,0.4447377622127533,0.4876728057861328,0.4515302181243896,0.4843955934047699,0.448554515838623,0.4733495116233825,0.4571194946765899,0.4773354828357696,0.4563759565353393,0.4762864112854004,0.4575806260108948,0.475534975528717,0.4576959311962127,0.4761672616004944,0.4575827419757843,0.4831163287162781,0.4503505229949951,0.4781579375267029,0.4568198323249817,0.4744901955127716,0.4562176465988159
293,293,train,10436,0.4741517305374145,0.4640284478664398,0.485228568315506,0.4496907293796539,0.4847769141197204,0.4570799767971039,0.4803214073181152,0.4554832577705383,0.4699500203132629,0.463550329208374,0.4734716415405273,0.4631902575492859,0.472648561000824,0.4638713002204895,0.4723949432373047,0.4641672074794769,0.4725361764431,0.4641278088092804,0.4795590043067932,0.4562039375305176,0.4752072989940643,0.463082492351532,0.4713321328163147,0.4626531302928924
294,294,test,8927,0.6182973384857178,0.3722712397575378,0.6383307576179504,0.3531680405139923,0.6342633962631226,0.3570720255374908,0.6369392275810242,0.3535378575325012,0.6136436462402344,0.3738706707954407,0.6184580326080322,0.3714511096477508,0.620154857635498,0.3714691400527954,0.6126044392585754,0.3742942810058594,0.611903190612793,0.3730316162109375,0.6275333762168884,0.3584468364715576,0.6241900324821472,0.3703924715518951,0.6165321469306946,0.3705643713474273
295,295,train,9129,0.6312727928161621,0.3523438572883606,0.6528341770172119,0.33078134059906,0.648329496383667,0.3322309553623199,0.6507647633552551,0.3300889134407043,0.6233291625976562,0.3555146753787994,0.6310694217681885,0.3499910533428192,0.6362810730934143,0.3492277562618255,0.626122772693634,0.355459988117218,0.6240221858024597,0.355741798877716,0.6410192251205444,0.3382287323474884,0.635476291179657,0.3492191135883331,0.6312091946601868,0.350478857755661
296,296,train,9271,0.5702806711196899,0.423056423664093,0.5847041606903076,0.4099999070167541,0.5771512985229492,0.4150542020797729,0.5816121101379395,0.4126139283180237,0.5678664445877075,0.4233310222625732,0.5696782469749451,0.4228185415267944,0.5693758726119995,0.4232900142669678,0.5652493834495544,0.4237653613090515,0.5671187043190002,0.4218737781047821,0.5790591239929199,0.4134948551654815,0.5708779096603394,0.4234155118465423,0.5687897801399231,0.4219745695590973
297,297,train,9192,0.6125085949897766,0.3832080364227295,0.6321812868118286,0.3647371232509613,0.6270199418067932,0.369000107049942,0.6298564076423645,0.3652649223804474,0.6082271933555603,0.3846405446529388,0.6131415367126465,0.3821164667606354,0.6145440340042114,0.3825967311859131,0.6066977381706238,0.3855045437812805,0.6066238284111023,0.3839741945266723,0.6216347813606262,0.3699560761451721,0.6186723709106445,0.3807163536548614,0.6111634969711304,0.3817426562309265
298,298,train,9610,0.5031250715255737,0.45417320728302,0.5160963535308838,0.4428209960460663,0.5125564932823181,0.4482126832008362,0.512192964553833,0.4462577998638153,0.5005995631217957,0.4533042907714844,0.5029542446136475,0.4533555805683136,0.5029162764549255,0.4538509547710418,0.5009163022041321,0.4541583359241485,0.5018580555915833,0.4531676471233368,0.5114955306053162,0.4473132193088531,0.5045796036720276,0.4530825614929199,0.5014315843582153,0.452668160200119
299,299,train,10160,0.468388944864273,0.4535404443740845,0.4770862758159637,0.4418785274028778,0.4775139689445495,0.4488274753093719,0.473636656999588,0.4452505707740783,0.4649469256401062,0.4532432556152344,0.4683432281017303,0.452602356672287,0.4673206806182861,0.4533155560493469,0.4669667780399322,0.4535456597805023,0.4678715765476227,0.4533593654632568,0.472674548625946,0.4464344084262848,0.47012859582901,0.4531900286674499,0.4657223522663116,0.4521547257900238
300,300,train,10027,0.5134042501449585,0.4502322375774383,0.5266159772872925,0.4394455552101135,0.5213181972503662,0.4440179765224457,0.5231598019599915,0.4425026178359985,0.5109868049621582,0.4497984647750854,0.5132227540016174,0.4497257173061371,0.5128955841064453,0.4500768482685089,0.5105865001678467,0.450264424085617,0.5118765234947205,0.4491207003593445,0.5215575695037842,0.443271666765213,0.5146639347076416,0.4496056735515594,0.5118677616119385,0.4487688839435577
301,301,train,9710,0.5103224515914917,0.4522270262241363,0.5227243304252625,0.4413426518440246,0.5183985829353333,0.446757823228836,0.5189818143844604,0.4444208145141601,0.507396936416626,0.4515552222728729,0.5099318027496338,0.4513176083564758,0.5101079344749451,0.4516533017158508,0.5081713199615479,0.4524923861026764,0.5087970495223999,0.4515296518802643,0.5178166031837463,0.4453414678573608,0.5113050937652588,0.4517595171928406,0.508600115776062,0.4506101906299591
302,302,train,9538,0.51385098695755,0.4515667855739593,0.5269383788108826,0.4406437277793884,0.5220217704772949,0.4459828436374664,0.5238863825798035,0.4437536895275116,0.5117528438568115,0.4512550830841064,0.513604462146759,0.4513458907604217,0.5134028792381287,0.451649934053421,0.5115049481391907,0.4517041742801666,0.5122541189193726,0.4507686495780945,0.5217764973640442,0.4445484578609466,0.5151569843292236,0.4517154097557068,0.512006938457489,0.4506820440292358
303,303,train,10260,0.6317843794822693,0.3561715483665466,0.6531608700752258,0.3352908790111542,0.6491695642471313,0.3369626104831695,0.6508992314338684,0.3348638117313385,0.6252859234809875,0.3587773740291595,0.6321277022361755,0.3539422452449798,0.6355497241020203,0.3543987870216369,0.6254931688308716,0.3599081635475158,0.6244457364082336,0.3590206503868103,0.6409745812416077,0.3425829410552978,0.6373642086982727,0.352214366197586,0.6306815147399902,0.3551043272018432
304,304,train,9949,0.5828972458839417,0.4158427715301513,0.5973872542381287,0.4025903344154358,0.5903481841087341,0.4072807133197784,0.5950722694396973,0.4047389924526214,0.5811776518821716,0.4156803786754608,0.5827476382255554,0.4150078296661377,0.5801833868026733,0.4177198410034179,0.5751287937164307,0.4187422394752502,0.5774332284927368,0.4163441956043243,0.5907227396965027,0.4070234000682831,0.5841677784919739,0.4156769216060638,0.5804746747016907,0.4157768487930298
305,305,train,9698,0.508929967880249,0.4553333520889282,0.5210568904876709,0.444732517004013,0.5167049765586853,0.4499682188034057,0.5177031755447388,0.4482319056987762,0.5062888860702515,0.4545207619667053,0.5088270902633667,0.4545062482357025,0.5088083744049072,0.455161452293396,0.5072428584098816,0.455379456281662,0.507926344871521,0.4540894627571106,0.5164567828178406,0.4488482773303985,0.5098806023597717,0.4552951753139496,0.5071768760681152,0.4542121589183807
306,306,train,9405,0.5075094699859619,0.4501495361328125,0.5189374089241028,0.4396015107631683,0.5149438381195068,0.4444446265697479,0.5155248641967773,0.442658931016922,0.5051037073135376,0.4496674835681915,0.507233738899231,0.4495301842689514,0.5068691372871399,0.4499087631702423,0.5048413872718811,0.4503526389598846,0.5057846903800964,0.4491114020347595,0.5140937566757202,0.4435031414031982,0.5084726214408875,0.449980765581131,0.5057467222213745,0.4488298892974853
307,307,train,9137,0.6458567976951599,0.3338548243045807,0.6639471054077148,0.315209150314331,0.6607389450073242,0.3158180713653564,0.6636038422584534,0.3131369352340698,0.6377788186073303,0.3363991975784302,0.6457706093788147,0.3308950364589691,0.6483884453773499,0.3318988680839538,0.6405714154243469,0.3373290300369262,0.6376833915710449,0.3383197784423828,0.6523284912109375,0.3229909539222717,0.648413360118866,0.3312316536903381,0.644059956073761,0.3334102034568786
308,308,train,9515,0.4666414558887481,0.4603202939033508,0.4761056303977966,0.447315514087677,0.476612240076065,0.454415887594223,0.4725576937198639,0.4518643617630005,0.4630136489868164,0.4598932862281799,0.465536892414093,0.4590785205364227,0.4653376340866089,0.4601448476314544,0.4652271866798401,0.4602355659008026,0.4656591415405273,0.4600826203823089,0.4714501202106476,0.4523749053478241,0.4680548310279846,0.4592871963977813,0.4633325636386871,0.4588873088359833
309,309,train,9132,0.4717591404914856,0.4502032399177551,0.4814477562904358,0.4383835196495056,0.4813540875911712,0.4451848864555359,0.4779770374298095,0.4413861334323883,0.4682389795780182,0.4501732289791107,0.4712481796741485,0.4499896466732025,0.4704804420471191,0.4501518309116363,0.4709379076957702,0.4497294425964355,0.4715846478939056,0.4503130912780761,0.476280152797699,0.4433338046073913,0.4727375209331512,0.4500398635864258,0.4686065316200256,0.4489406049251556
310,310,test,10149,0.6318514943122864,0.3535833954811096,0.6534321308135986,0.3317840993404388,0.6491086483001709,0.3336356580257416,0.651430070400238,0.3308790922164917,0.6244809031486511,0.3564237356185913,0.631960928440094,0.3512040376663208,0.6358733773231506,0.3509253263473511,0.6260899305343628,0.356662780046463,0.6245487928390503,0.3565976619720459,0.6413489580154419,0.3389512896537781,0.6363377571105957,0.3504064083099365,0.6310266852378845,0.352043867111206
311,311,train,9096,0.5063574314117432,0.4562139213085174,0.519072949886322,0.44470876455307,0.5152520537376404,0.4504975080490112,0.5157256126403809,0.4477937519550323,0.5041652321815491,0.4555530250072479,0.5068246126174927,0.4551365077495575,0.5062971711158752,0.4558703899383545,0.5047474503517151,0.4564822018146515,0.5053790211677551,0.4555307626724243,0.5136980414390564,0.4491594135761261,0.5078005790710449,0.4558402895927429,0.5044706463813782,0.4548650085926056
312,312,test,9743,0.5035461187362671,0.4544481635093689,0.5169171690940857,0.4435029327869415,0.5126352310180664,0.4489408135414123,0.513495147228241,0.4464205503463745,0.5009186267852783,0.4537034332752228,0.503429651260376,0.4534588158130646,0.5031786561012268,0.4540676772594452,0.5018713474273682,0.454492837190628,0.5024160146713257,0.4534147381782532,0.5118927359580994,0.4474448263645172,0.5047498941421509,0.4540790915489197,0.5014693737030029,0.4530905783176422
313,313,test,10587,0.6451406478881836,0.3396306037902832,0.6634072065353394,0.3208043277263641,0.659335732460022,0.3216320872306824,0.6619746685028076,0.31940558552742,0.6366676092147827,0.3423052430152893,0.6442553400993347,0.3371941447257995,0.6485588550567627,0.3374872803688049,0.6404078602790833,0.3428769409656524,0.6383355855941772,0.3434566855430603,0.6529395580291748,0.3283372819423675,0.6477064490318298,0.3366585671901703,0.6447756290435791,0.3387699425220489
314,314,train,9269,0.5313629508018494,0.4476255178451538,0.5451474189758301,0.4365935325622558,0.5391600131988525,0.440833032131195,0.5413304567337036,0.4396973848342895,0.529226541519165,0.4470585286617279,0.5310611724853516,0.4472813606262207,0.5307391285896301,0.447462648153305,0.5274959802627563,0.4479106068611145,0.5287964344024658,0.4464522898197174,0.5402061939239502,0.4402998983860016,0.5320703983306885,0.4467170238494873,0.5297933220863342,0.4465889036655426
315,315,train,10274,0.5831508040428162,0.4091792702674866,0.5964175462722778,0.3970804214477539,0.5896761417388916,0.4025643169879913,0.5953905582427979,0.3986696004867553,0.5807645916938782,0.4091790020465851,0.5824880003929138,0.4088501334190368,0.5824198126792908,0.4094407856464386,0.5787090063095093,0.4096720218658447,0.57976233959198,0.4079248011112213,0.5916138291358948,0.3996129035949707,0.583958625793457,0.4104430079460144,0.5814878940582275,0.4079973399639129
316,316,test,9194,0.6059345602989197,0.3955377340316772,0.6210444569587708,0.3814615905284881,0.6150146722793579,0.3857652842998504,0.6192102432250977,0.3829394578933716,0.6036107540130615,0.3958612978458404,0.605920135974884,0.3949989974498749,0.6046318411827087,0.3973154127597809,0.5989438891410828,0.3987726867198944,0.600530207157135,0.3963157534599304,0.6127849221229553,0.3864102661609649,0.6085578203201294,0.3952392935752868,0.6033634543418884,0.3958872854709625
317,317,train,8878,0.6217080950737,0.3694193363189697,0.6429629921913147,0.348978728055954,0.638390302658081,0.3518148958683014,0.6412211656570435,0.3488218486309051,0.6159905195236206,0.3712334930896759,0.6222992539405823,0.3674350380897522,0.6250673532485962,0.3681386709213257,0.6159961223602295,0.3722640872001648,0.6153510212898254,0.3710466027259826,0.6314240097999573,0.3556104004383087,0.6278124451637268,0.3660667836666107,0.6208400130271912,0.36793914437294
318,318,train,10326,0.6205007433891296,0.3693645894527435,0.641324520111084,0.3497764766216278,0.6374058127403259,0.3533034026622772,0.639507532119751,0.3496807515621185,0.6154000163078308,0.3710138499736786,0.6210561394691467,0.3678316473960876,0.6227220892906189,0.3684869408607483,0.6144744753837585,0.3720093071460724,0.6138023734092712,0.3708469271659851,0.6303206086158752,0.3549706637859344,0.6268477439880371,0.3667258024215698,0.6190044283866882,0.3677786290645599
319,319,train,10426,0.6198033094406128,0.3740167021751404,0.6399939060211182,0.3546126186847687,0.635821521282196,0.3575704991817474,0.6377859711647034,0.3548814654350281,0.6148901581764221,0.3758380711078644,0.6199010014533997,0.3726940155029297,0.6221006512641907,0.3732009828090668,0.6138063073158264,0.3765038549900055,0.6134323477745056,0.3752853572368622,0.628869354724884,0.3605051338672638,0.6255253553390503,0.3712754547595978,0.6185123920440674,0.3724797070026397
320,320,train,9738,0.4673636257648468,0.4659706056118011,0.4763013422489166,0.4518921077251434,0.4775901734828949,0.4595950543880462,0.4728713929653168,0.4562669694423675,0.4634084105491638,0.4651644229888916,0.4668732285499573,0.4645330309867859,0.4662784039974212,0.4660335779190063,0.4660608470439911,0.466179758310318,0.4663077592849731,0.4665795862674713,0.4726872146129608,0.4575419425964355,0.4696938395500183,0.4648929834365845,0.4644339978694916,0.4648471176624298
321,321,train,9965,0.5551086068153381,0.4296416044235229,0.5684901475906372,0.4180652499198913,0.5617305636405945,0.4230644404888153,0.5658053159713745,0.4206430613994598,0.5530663132667542,0.429263025522232,0.5548866987228394,0.4291591942310333,0.5536242127418518,0.4300887882709503,0.5507336854934692,0.4298941195011139,0.5518183708190918,0.4286048114299774,0.5627187490463257,0.4219242334365845,0.555611252784729,0.4302705526351928,0.5528115034103394,0.429117202758789
322,322,train,9253,0.6235100626945496,0.3686972856521606,0.6449576616287231,0.3476662933826446,0.6405183672904968,0.3505836129188537,0.642598032951355,0.3476201891899109,0.6169015169143677,0.3708814680576324,0.623235821723938,0.367082267999649,0.6266829967498779,0.3675777316093445,0.617560088634491,0.3717520534992218,0.6168480515480042,0.3708430528640747,0.6335497498512268,0.3545409739017486,0.6289170980453491,0.3656512796878814,0.6227060556411743,0.36734139919281
323,323,train,9833,0.4676409959793091,0.461757481098175,0.4776496291160583,0.4490961730480194,0.4777015447616577,0.4557484984397888,0.4730075895786285,0.453767865896225,0.4641799330711365,0.4610770046710968,0.4669046103954315,0.460042804479599,0.4666543900966644,0.4614135921001434,0.4659979343414306,0.4618083834648132,0.4664519131183624,0.461688220500946,0.4731288254261017,0.4545194804668426,0.4693622887134552,0.4608245193958282,0.4650616943836212,0.4604581892490387
324,324,train,10332,0.5984821319580078,0.4044994413852691,0.6137511730194092,0.3897595703601837,0.6066892147064209,0.3953404128551483,0.6116340160369873,0.3914663791656494,0.5953845977783203,0.4050555825233459,0.597996711730957,0.4043342471122741,0.5977325439453125,0.4053141176700592,0.5924603939056396,0.4064881503582001,0.5936581492424011,0.4044218957424164,0.6064550876617432,0.3938492834568023,0.6004751920700073,0.4046354591846466,0.5963817238807678,0.4040154218673706
325,325,train,9341,0.4899346530437469,0.4549556970596313,0.5005373954772949,0.4425510466098785,0.4995086193084717,0.4487133920192718,0.4980651140213012,0.4458361268043518,0.4864785671234131,0.4544318914413452,0.4892441630363464,0.4539041519165039,0.4887592494487762,0.4544731080532074,0.4881770014762878,0.4548387825489044,0.4885145723819732,0.4544138014316559,0.4957803785800934,0.4477409124374389,0.490606278181076,0.4544059336185455,0.4875240623950958,0.4530786573886871
326,326,test,9251,0.4899976551532745,0.4590417444705963,0.5015267133712769,0.4465502500534057,0.4996854364871979,0.4535007178783417,0.4982584714889526,0.4501658380031585,0.4868238568305969,0.4574964940547943,0.4893591403961181,0.457851767539978,0.4886956810951233,0.4587256610393524,0.4879859983921051,0.4596209824085235,0.4886680245399475,0.4588305354118347,0.4957310557365417,0.451939046382904,0.4916974902153015,0.4581889808177948,0.4874622523784637,0.4574021995067596
327,327,train,10509,0.63255774974823,0.3561568558216095,0.6544617414474487,0.3343387842178345,0.6490491032600403,0.3369925618171692,0.6520372629165649,0.3338645100593567,0.6249819397926331,0.3587928414344787,0.6324970126152039,0.3539110422134399,0.636895477771759,0.354054182767868,0.6269134879112244,0.3597752749919891,0.6257116198539734,0.3591260910034179,0.6424283385276794,0.3418839871883392,0.6374880075454712,0.3528746962547302,0.6321097016334534,0.3547439277172088
328,328,train,9747,0.6307453513145447,0.3591612577438354,0.6531161665916443,0.3370158672332763,0.6482652425765991,0.3390314877033233,0.6501690149307251,0.3369403779506683,0.6230594515800476,0.3616417050361633,0.630516767501831,0.3568121194839477,0.6348532438278198,0.3575633466243744,0.6247272491455078,0.3630058467388153,0.6240819692611694,0.3620489239692688,0.6404051184654236,0.3457503020763397,0.636189341545105,0.3549029529094696,0.6304462552070618,0.3580260574817657
329,329,test,9050,0.6030852794647217,0.4006555080413818,0.6194834113121033,0.3850570619106293,0.6138870120048523,0.3892050385475158,0.6168369650840759,0.3869017958641052,0.6003254055976868,0.4010504186153412,0.6033297777175903,0.3997875154018402,0.6021648645401001,0.4019984304904938,0.5959686636924744,0.4038680791854858,0.5977190732955933,0.4013367295265198,0.6101604700088501,0.390961617231369,0.6070553064346313,0.3993226289749145,0.600326657295227,0.4011375606060028
330,330,train,10125,0.5747514367103577,0.4215258359909057,0.5890796780586243,0.4083003103733063,0.5815845727920532,0.4138023555278778,0.5865510702133179,0.4105991423130035,0.5728874206542969,0.4215264022350311,0.5747490525245667,0.4209876358509063,0.5739280581474304,0.4218324422836303,0.5689704418182373,0.4226624071598053,0.5710264444351196,0.4206888377666473,0.5836864113807678,0.4117139875888824,0.575814962387085,0.4218063950538635,0.5735222101211548,0.4202647507190704
331,331,train,10331,0.6496914029121399,0.3305142521858215,0.6673557162284851,0.3125807046890259,0.6642757058143616,0.3128683567047119,0.6663273572921753,0.3104634582996368,0.6414564251899719,0.3325231671333313,0.6493663191795349,0.327216774225235,0.6526222229003906,0.3290056884288788,0.6447912454605103,0.3344663679599762,0.6418939828872681,0.3354811072349548,0.6562110185623169,0.3207343518733978,0.65217524766922,0.327704519033432,0.6487950682640076,0.3302269279956817
332,332,train,9021,0.550627589225769,0.4365777373313904,0.5644721388816833,0.4240890145301819,0.557142436504364,0.4288969337940216,0.5609021782875061,0.4272042214870453,0.5482860803604126,0.4367707669734955,0.550646960735321,0.436065524816513,0.5507605671882629,0.4362516403198242,0.5465486645698547,0.4367091953754425,0.5486923456192017,0.4350880086421966,0.5598305463790894,0.4279192090034485,0.5507263541221619,0.4367059767246246,0.5503374934196472,0.4352560043334961
333,333,train,10576,0.5511431097984314,0.4334286749362945,0.5634368062019348,0.4221042692661285,0.5579881072044373,0.426889955997467,0.5608690977096558,0.4245392084121704,0.549923837184906,0.4327766597270965,0.5517027378082275,0.4324739575386047,0.5485782027244568,0.4339694082736969,0.5456680655479431,0.4340465366840362,0.5469387769699097,0.4328910708427429,0.5567921996116638,0.4263374507427215,0.552544355392456,0.4337002336978912,0.5475178360939026,0.4333275556564331
334,334,train,9734,0.5036876797676086,0.4552313387393951,0.5170717239379883,0.4447894990444183,0.5118542909622192,0.4491738379001617,0.5130645036697388,0.448140412569046,0.5009008646011353,0.4548829197883606,0.503605842590332,0.4547942578792572,0.50357985496521,0.4549908936023712,0.5011463165283203,0.4555139243602752,0.5021683573722839,0.4539923965930938,0.5124084949493408,0.4484977126121521,0.5050261616706848,0.4546439349651336,0.5024856925010681,0.4540212452411651
335,335,test,10279,0.5584715008735657,0.4323929846286773,0.5732396841049194,0.4207659065723419,0.5661190152168274,0.4254722893238067,0.5702171325683594,0.4230954349040985,0.5563923716545105,0.4321596622467041,0.5585544109344482,0.4322143495082855,0.5580123066902161,0.432497501373291,0.5541118383407593,0.4327524304389953,0.5556985139846802,0.4312151968479156,0.5676497220993042,0.4238425195217132,0.5597145557403564,0.4327488541603088,0.5571501851081848,0.4314269125461578
336,336,train,9085,0.4908084869384765,0.4568283855915069,0.502036988735199,0.4446848928928375,0.4997753798961639,0.4507122039794922,0.4984746277332306,0.4479463398456573,0.4874541461467743,0.4565597176551819,0.4901611506938934,0.4561585485935211,0.4895358383655548,0.4564510583877563,0.4886799156665802,0.4570046961307525,0.4895526468753814,0.4565303325653076,0.4974762201309204,0.4490759670734405,0.4914504587650299,0.456516832113266,0.4885156452655792,0.4553426504135132
337,337,train,10626,0.493028849363327,0.4577776193618774,0.5047246217727661,0.4439108371734619,0.5025351047515869,0.45049849152565,0.5005523562431335,0.4484182596206665,0.489717960357666,0.4571221768856048,0.4927401840686798,0.4560847580432892,0.4917623996734619,0.4572329521179199,0.4911192059516907,0.4579150974750519,0.491560697555542,0.4569592177867889,0.4985511600971222,0.4498764276504516,0.4941684901714325,0.4560980498790741,0.4905701279640198,0.4558429419994354
338,338,train,10441,0.5708181262016296,0.4213175773620605,0.5835309624671936,0.409146785736084,0.5765841603279114,0.4146737456321716,0.5807479023933411,0.4117766916751861,0.5679188966751099,0.4218835234642029,0.5698068141937256,0.4213903844356537,0.5705915093421936,0.4211671948432922,0.5666465759277344,0.4214737117290497,0.568331241607666,0.4199104309082031,0.5796028971672058,0.4117363691329956,0.5704085230827332,0.4224277436733246,0.5703840255737305,0.4195563197135925
339,339,train,9178,0.5735849738121033,0.4203880429267883,0.5865853428840637,0.409429669380188,0.5794869661331177,0.4146769940853119,0.5850109457969666,0.4114786982536316,0.5717315077781677,0.4198662340641022,0.5731903314590454,0.4200485348701477,0.5728997588157654,0.4205369055271148,0.5698222517967224,0.4204666316509247,0.5710367560386658,0.4189468026161194,0.581539511680603,0.4120993316173553,0.5737791657447815,0.4216694235801697,0.5716034770011902,0.419607400894165
340,340,train,9191,0.5565617084503174,0.4297747313976288,0.5705444812774658,0.4174335598945617,0.5632320642471313,0.4228046238422394,0.5672918558120728,0.420403242111206,0.5544572472572327,0.4296589493751526,0.5564411282539368,0.4294136762619018,0.5554689168930054,0.4299438893795013,0.5517124533653259,0.4301412999629974,0.553250253200531,0.4286547601222992,0.5653749704360962,0.4211682975292206,0.5567191243171692,0.4301081001758575,0.5552204251289368,0.4286469221115112
341,341,train,10039,0.5311727523803711,0.441506952047348,0.544185996055603,0.4309156239032745,0.5386661887168884,0.43569415807724,0.5408594012260437,0.433709055185318,0.5293616056442261,0.440930426120758,0.5312598943710327,0.4410863220691681,0.5306602716445923,0.441343605518341,0.5275904536247253,0.4415775537490845,0.5290166735649109,0.4404456615447998,0.5395466685295105,0.4340215921401977,0.5320490002632141,0.4413943588733673,0.5297271609306335,0.4403374791145324
342,342,train,10636,0.6154366135597229,0.385448008775711,0.6338250041007996,0.3678946793079376,0.6283703446388245,0.3725435435771942,0.6315120458602905,0.3690859675407409,0.6112689971923828,0.3865783512592315,0.6158515810966492,0.3845986127853393,0.6163830161094666,0.385867029428482,0.6093267202377319,0.3884769082069397,0.6097087264060974,0.3865058720111847,0.6239723563194275,0.373529702425003,0.6204145550727844,0.3839979767799377,0.6137493252754211,0.3848189413547516
343,343,train,9752,0.5977609753608704,0.4039312303066253,0.6141554713249207,0.388657808303833,0.6073598861694336,0.3935981690883636,0.6118998527526855,0.3904045224189758,0.5952207446098328,0.4041639268398285,0.5980124473571777,0.4031773805618286,0.5964493751525879,0.4054024517536163,0.5905331373214722,0.4072280526161194,0.5921706557273865,0.4047523736953735,0.6049914956092834,0.3943784832954407,0.600858747959137,0.402997076511383,0.5950616598129272,0.4039600491523742
344,344,train,9324,0.6412109732627869,0.3421006202697754,0.659966230392456,0.3227794766426086,0.6554004549980164,0.3237999379634857,0.657804548740387,0.3215008080005646,0.632111132144928,0.3449419140815735,0.6399968862533569,0.3395235538482666,0.6456938982009888,0.3395520150661468,0.6368086934089661,0.3454257547855377,0.6350395679473877,0.3456217348575592,0.6499060392379761,0.3300461173057556,0.6430535912513733,0.3395270109176636,0.6413770318031311,0.340945690870285
345,345,train,9875,0.4747754037380218,0.4569333791732788,0.4854574799537658,0.4433820843696594,0.4850194752216339,0.4505264461040497,0.4806531071662903,0.4481519162654876,0.4703914821147918,0.4564655423164367,0.4736418426036834,0.4559333920478821,0.4725015759468078,0.4566451609134674,0.4731098711490631,0.4568499326705932,0.473625510931015,0.45701465010643,0.4793642461299896,0.4489490091800689,0.4746758341789245,0.4562394320964813,0.4709798097610473,0.4552973508834839
346,346,train,9939,0.5417969822883606,0.4369892477989197,0.5529271364212036,0.4263953864574432,0.5480415225028992,0.4311636686325073,0.5513912439346313,0.4286746978759765,0.539823591709137,0.4365666806697845,0.5413724780082703,0.4369097650051117,0.5417536497116089,0.4370017051696777,0.5389457941055298,0.4366659522056579,0.5398966073989868,0.4356153905391693,0.5487171411514282,0.4297988712787628,0.5421620607376099,0.4378737211227417,0.5403284430503845,0.436000108718872
347,347,train,10055,0.6200906038284302,0.3760986030101776,0.6389625668525696,0.3583004176616668,0.633791983127594,0.3626695573329925,0.6385471820831299,0.3585949242115021,0.6161670684814453,0.376542329788208,0.6204409003257751,0.3748304545879364,0.6210993528366089,0.3761807680130005,0.6143451929092407,0.3786162137985229,0.6142339706420898,0.3768883049488067,0.6294059753417969,0.3636397123336792,0.6254590153694153,0.3740393221378326,0.6182540059089661,0.3753012716770172
348,348,train,10445,0.5821346640586853,0.4164338707923889,0.5962544679641724,0.4037343859672546,0.5882163047790527,0.4098123013973236,0.5935640335083008,0.4062080979347229,0.578899085521698,0.4170239269733429,0.5812346339225769,0.4165550172328949,0.5815017223358154,0.4164483845233917,0.5770540237426758,0.4170088171958923,0.5787295699119568,0.41513791680336,0.5911382436752319,0.4062455296516418,0.5820443034172058,0.4181409776210785,0.5807341933250427,0.4149898290634155
349,349,test,10467,0.4691658318042755,0.4509465992450714,0.4780109226703644,0.4379767775535583,0.4796238243579864,0.4451729357242584,0.4751823544502258,0.4414839744567871,0.4658676087856293,0.4505027532577514,0.4689452946186065,0.4494552612304687,0.467842549085617,0.4505170583724975,0.4680131673812866,0.4503568410873413,0.4688076674938202,0.4507935643196106,0.4734392762184143,0.4430494606494903,0.4708032310009002,0.4507244825363159,0.4661168456077575,0.4491689801216125
350,350,train,9059,0.6294410228729248,0.3590621054172516,0.6509073972702026,0.3383142650127411,0.6473190784454346,0.3402577042579651,0.648533284664154,0.3381199836730957,0.6234752535820007,0.3614973425865173,0.6304192543029785,0.3567233681678772,0.6333105564117432,0.3570512235164642,0.6232218146324158,0.3622225522994995,0.6221831440925598,0.3612636923789978,0.6387651562690735,0.3448455035686493,0.6353983283042908,0.355332463979721,0.6282840967178345,0.3575580418109894
351,351,train,10253,0.6165653467178345,0.3770816624164581,0.6367400288581848,0.3575282394886017,0.6321263909339905,0.3612532317638397,0.6344838738441467,0.3579213619232178,0.6112964153289795,0.3788186609745025,0.6168618202209473,0.3758136332035064,0.6188012361526489,0.3766074180603027,0.6105543971061707,0.3801150619983673,0.6105667352676392,0.37847700715065,0.6256395578384399,0.3638360500335693,0.6228529214859009,0.3739424049854278,0.6155765056610107,0.3757649660110473
352,352,train,9636,0.5142152905464172,0.4514165222644806,0.5272623896598816,0.441422700881958,0.5226346850395203,0.4456370174884796,0.5233397483825684,0.4441420137882232,0.5124974250793457,0.4506519138813019,0.5145499110221863,0.4507993757724762,0.5133154392242432,0.4512750804424286,0.5106432437896729,0.4518642127513885,0.5117869973182678,0.4506155252456665,0.5222070217132568,0.4447191655635834,0.5156108736991882,0.4509570896625519,0.5121040940284729,0.4505718648433685
353,353,train,9151,0.6129353642463684,0.3797621428966522,0.6335641145706177,0.3603790402412414,0.6281304955482483,0.3651400506496429,0.6310092806816101,0.3612819910049438,0.6083000302314758,0.3811898827552795,0.6135132312774658,0.3787043690681457,0.6145746111869812,0.3790076375007629,0.6074758768081665,0.381669133901596,0.6070365905761719,0.3805141746997833,0.6224102973937988,0.366133451461792,0.6196998357772827,0.3767158687114715,0.6112702488899231,0.3784284293651581
354,354,train,9792,0.5489943623542786,0.435945987701416,0.5634530782699585,0.4234045743942261,0.5561785697937012,0.4287042915821075,0.5599742531776428,0.4265570044517517,0.5465356707572937,0.4361156523227691,0.5487000346183777,0.4357731938362121,0.5491265654563904,0.4353956580162048,0.5450056195259094,0.4362351894378662,0.5470123887062073,0.4345753490924835,0.5586874485015869,0.4270530343055725,0.5496943593025208,0.4358229339122772,0.5491654872894287,0.4340806305408478
355,355,train,9829,0.4764289855957031,0.4434385299682617,0.4837041199207306,0.4346677660942077,0.4853832125663757,0.4381718039512634,0.4812875986099243,0.4382196366786957,0.4741167426109314,0.4445679485797882,0.4759069383144378,0.4428067803382873,0.4758392870426178,0.4445464313030243,0.4760414361953735,0.4426425695419311,0.4763502478599548,0.4429814219474792,0.4797858893871307,0.4392425119876861,0.4768528342247009,0.4440898299217224,0.4738784730434418,0.4431857764720917
356,356,test,10540,0.5003496408462524,0.4538900852203369,0.5124324560165405,0.4426418244838714,0.5095969438552856,0.447706937789917,0.5089997053146362,0.4464633464813232,0.4975075423717499,0.4533970057964325,0.5001258850097656,0.4531838893890381,0.4997476935386657,0.4537374973297119,0.4984299540519714,0.4539167284965515,0.4988983273506164,0.4530468285083771,0.5070103406906128,0.4475342631340027,0.5014740228652954,0.4532811641693115,0.4982520937919616,0.4527041912078857
357,357,train,9931,0.6406473517417908,0.3411518335342407,0.6591487526893616,0.3212898969650268,0.6559500694274902,0.3220164775848388,0.6586592793464661,0.3196986019611358,0.63262540102005,0.3439759314060211,0.6404448747634888,0.3382490575313568,0.644084095954895,0.3383146226406097,0.6360588669776917,0.3438502550125122,0.6333353519439697,0.3448006808757782,0.6484764218330383,0.3285767138004303,0.643680214881897,0.3381302952766418,0.639589250087738,0.3400099873542785
358,358,train,9899,0.5592573881149292,0.4348723590373993,0.5729184746742249,0.4229538738727569,0.5659615993499756,0.4279896020889282,0.5700546503067017,0.4261477589607239,0.5572969317436218,0.4343354403972626,0.559134840965271,0.4343951344490051,0.5574061870574951,0.4354754090309143,0.553782045841217,0.4359439611434936,0.5550957918167114,0.4343262612819671,0.5664673447608948,0.4271656572818756,0.5602015256881714,0.4351344108581543,0.5569125413894653,0.4344681799411773
359,359,test,10281,0.4924493134021759,0.4542049169540405,0.5046696662902832,0.4423464238643646,0.5021103620529175,0.4481318593025207,0.5005495548248291,0.4454457759857178,0.4894972145557403,0.4536526799201965,0.4925585985183716,0.4533016979694366,0.4914990067481994,0.4538060128688812,0.4899045526981354,0.4544850587844848,0.4904906749725342,0.4540219306945801,0.4986327290534973,0.4469632506370544,0.4937507510185241,0.4532080888748169,0.4900499284267425,0.4526483118534088
360,360,train,9707,0.5008416771888733,0.4525639712810516,0.5126485228538513,0.4411249160766601,0.5091944932937622,0.4474092721939087,0.5095494985580444,0.4442465305328369,0.4977030754089355,0.4513445198535919,0.5000823140144348,0.4515893459320068,0.4993560314178467,0.4523391127586365,0.4984034299850464,0.4529789388179779,0.4989188015460968,0.4522784948348999,0.5071037411689758,0.4452526569366455,0.5018213987350464,0.4524723887443542,0.4982005953788757,0.4507006406784057
361,361,train,10358,0.6168096661567688,0.3816582560539245,0.6355401873588562,0.363911360502243,0.6304649710655212,0.3679881691932678,0.6333823204040527,0.3647260963916778,0.6129301190376282,0.3825799822807312,0.6170328855514526,0.3805798292160034,0.617677628993988,0.3823565244674682,0.6098777055740356,0.3851653337478637,0.6107646226882935,0.3829334676265716,0.6257574558258057,0.369802713394165,0.6216818690299988,0.3794429898262024,0.6155606508255005,0.3807096779346466
362,362,train,10506,0.6133393049240112,0.3812072873115539,0.6327332854270935,0.3631280362606048,0.6274319887161255,0.3678124248981476,0.630500853061676,0.3638307452201843,0.6090072989463806,0.3825348615646362,0.6140016913414001,0.3799574673175812,0.6152814030647278,0.3802587687969208,0.6078051328659058,0.3831139504909515,0.6077167987823486,0.3816111981868744,0.6220793724060059,0.368518203496933,0.6196155548095703,0.3787019848823547,0.6123650074005127,0.3795226812362671
363,363,train,9575,0.6038983464241028,0.3914276361465454,0.6204904913902283,0.3764106631278991,0.6140729188919067,0.3818381428718567,0.6187041997909546,0.3776508569717407,0.6004416346549988,0.3923287987709045,0.603549063205719,0.3911552131175995,0.6040207147598267,0.3913793563842773,0.5989867448806763,0.3924416899681091,0.5994255542755127,0.3908810019493103,0.612559974193573,0.3797766864299774,0.6071203351020813,0.391624391078949,0.6020402908325195,0.3898225128650665
364,364,test,9372,0.6151384711265564,0.3814127445220947,0.6341158151626587,0.3635561764240265,0.6284482479095459,0.3682542443275451,0.6317465901374817,0.3646802306175232,0.6104146838188171,0.3828021287918091,0.6152511239051819,0.3804874122142792,0.6162207722663879,0.3814007639884949,0.6093032956123352,0.3838252127170563,0.609052300453186,0.3822901546955108,0.6236878633499146,0.3689236044883728,0.6207495927810669,0.379459023475647,0.6132020354270935,0.3807003796100616
365,365,train,9011,0.4953524768352508,0.4600651562213897,0.5090299248695374,0.4468732476234436,0.5050384402275085,0.4537760317325592,0.5040673613548279,0.4514034390449524,0.4925290942192077,0.4594815671443939,0.4956569969654083,0.4586308598518371,0.4947508871555328,0.4595164954662323,0.4929361045360565,0.4605387449264526,0.4938356280326843,0.4595590531826019,0.5033843517303467,0.4515579342842102,0.4969170689582824,0.4588422775268554,0.4936596155166626,0.4581701159477234
366,366,train,10545,0.480065107345581,0.4548886120319366,0.4900096654891968,0.4424197375774383,0.4895976185798645,0.4495866894721985,0.487494021654129,0.4457000494003296,0.476193368434906,0.4538799822330475,0.4792369604110718,0.4535593688488006,0.4789583086967468,0.4550507664680481,0.4785356819629669,0.4552817046642303,0.479020893573761,0.4547822773456573,0.4852564036846161,0.4477323293685913,0.4812087416648865,0.4549100995063782,0.4775920212268829,0.4533611238002777
367,367,train,9202,0.6036003828048706,0.4029881656169891,0.6174866557121277,0.3897232413291931,0.6098329424858093,0.3955045044422149,0.6161964535713196,0.3920354843139648,0.6005868911743164,0.4036608934402466,0.6029444336891174,0.403201162815094,0.6028517484664917,0.4038309752941131,0.5984949469566345,0.4044317901134491,0.5994587540626526,0.4024121165275574,0.6116460561752319,0.3933422267436981,0.6045790910720825,0.4044014811515808,0.6016985177993774,0.4027039408683777
368,368,train,9541,0.5455988645553589,0.4401792287826538,0.5598600506782532,0.4281049072742462,0.5528469681739807,0.4325393140316009,0.5561981201171875,0.4311673045158386,0.5441771149635315,0.4397635161876678,0.5460953712463379,0.4394110441207886,0.544255793094635,0.4404472112655639,0.5402255058288574,0.4409343302249908,0.5422505140304565,0.4390237331390381,0.5540507435798645,0.432136595249176,0.5466172695159912,0.4397260546684265,0.544018030166626,0.4392336905002594
369,369,train,8942,0.6138587594032288,0.3828128278255462,0.6326220631599426,0.3651071190834045,0.6279485821723938,0.369175523519516,0.6306970119476318,0.3658617436885834,0.6093916893005371,0.3840868771076202,0.6136052012443542,0.3820498287677765,0.6146631240844727,0.3826412558555603,0.6077802181243896,0.3848907649517059,0.607689619064331,0.3834408223628998,0.6226147413253784,0.3700544238090515,0.6196179389953613,0.3805872499942779,0.6117979884147644,0.3816569745540619
370,370,train,10152,0.4946403801441192,0.4580038487911224,0.505938708782196,0.4456290304660797,0.5043483972549438,0.4528984129428863,0.5022212862968445,0.4490590393543243,0.4904815554618835,0.4570468664169311,0.4938266575336456,0.4568593800067901,0.4934053719043731,0.4580555558204651,0.4925263822078705,0.4582946002483368,0.4933438003063202,0.4577629268169403,0.5008556246757507,0.4509023427963257,0.4957305788993835,0.4573523700237274,0.4920637309551239,0.4564246237277984
371,371,train,10099,0.5820111632347107,0.4158888459205627,0.5957075953483582,0.4028644561767578,0.5878425240516663,0.4088313579559326,0.5929467678070068,0.4052728712558746,0.578922688961029,0.4166077673435211,0.5808780193328857,0.4161602258682251,0.5814346671104431,0.4158205687999725,0.577184796333313,0.4163419604301452,0.5789823532104492,0.4143593907356262,0.5909358859062195,0.4056859910488128,0.581490159034729,0.4171620011329651,0.5812360048294067,0.4138762354850769
372,372,train,9768,0.585135817527771,0.4157238900661468,0.5996742248535156,0.4030626714229584,0.5924683809280396,0.4076975584030151,0.5973720550537109,0.4048849940299988,0.5832434892654419,0.4151162207126617,0.5848943591117859,0.4150511920452118,0.5820558667182922,0.417377233505249,0.5774440169334412,0.4181908071041107,0.5793649554252625,0.4158706367015838,0.5921438336372375,0.4073506891727447,0.5863222479820251,0.4158421754837036,0.5814139246940613,0.4160301983356476
373,373,train,10431,0.6179891228675842,0.3757639527320862,0.6394320726394653,0.3553022146224975,0.6335214972496033,0.3596774041652679,0.6369094252586365,0.3557468354701996,0.6119118928909302,0.3770279586315155,0.6177127957344055,0.3743566572666168,0.6200358867645264,0.3750688433647156,0.611764132976532,0.3789288103580475,0.6115608811378479,0.377509742975235,0.627451479434967,0.3621236085891723,0.6233094930648804,0.3730641901493072,0.6162407994270325,0.3748924732208252
374,374,train,9296,0.6305942535400391,0.3636215031147003,0.651414155960083,0.3442772030830383,0.6470593214035034,0.3461455106735229,0.6490452885627747,0.3433873355388641,0.6243354678153992,0.3652879893779754,0.6305559277534485,0.3614276945590973,0.6338019967079163,0.3638485968112945,0.6241031289100647,0.3685306012630462,0.6243129372596741,0.3666920065879822,0.6401905417442322,0.3519021272659302,0.635763943195343,0.3602871596813202,0.6301437616348267,0.3633035719394684
375,375,train,9853,0.6010993123054504,0.4025895297527313,0.616632342338562,0.3881980180740356,0.6096435785293579,0.3934999406337738,0.6143630146980286,0.3901073932647705,0.5984008312225342,0.4030149281024933,0.6008411049842834,0.4023608863353729,0.6006333231925964,0.4032462835311889,0.5951769948005676,0.404427021741867,0.5963495373725891,0.4024354219436645,0.6098200678825378,0.3919366002082824,0.6037375330924988,0.4029868841171264,0.5993984937667847,0.4019074440002441
376,376,test,10459,0.6333568096160889,0.3518255650997162,0.6546751260757446,0.3296980857849121,0.6508165001869202,0.3308917582035064,0.6532490253448486,0.3292448222637176,0.6260499954223633,0.355193942785263,0.6337081789970398,0.348682165145874,0.6374661326408386,0.3496545851230621,0.6269180774688721,0.3555437624454498,0.6251857280731201,0.3550688326358795,0.6428833603858948,0.3372245728969574,0.6380865573883057,0.3470478653907776,0.6319395303726196,0.3506717383861542
377,377,train,10452,0.5018439292907715,0.4587802588939667,0.5152076482772827,0.4475047886371612,0.5109000205993652,0.4527455866336822,0.5108111500740051,0.4509325623512268,0.4995152950286865,0.4578301310539245,0.5019090175628662,0.4576577842235565,0.5014424920082092,0.4581503272056579,0.4997121691703796,0.45918670296669,0.5007699728012085,0.4577009677886963,0.5101456642150879,0.4513109624385834,0.5035045742988586,0.4579912424087524,0.5004709362983704,0.4571872055530548
378,378,train,9180,0.5200030207633972,0.4487423300743103,0.5338295102119446,0.4369996190071106,0.5286355018615723,0.4419368207454681,0.5293192863464355,0.4403810799121856,0.5182569026947021,0.4481936693191528,0.5208980441093445,0.4477454721927643,0.5195437073707581,0.4481446444988251,0.5166157484054565,0.4490295648574829,0.517912745475769,0.4477193355560303,0.5286387801170349,0.4410215318202972,0.5220007300376892,0.4476991891860962,0.5183107256889343,0.4479044079780578
379,379,train,10113,0.6326555013656616,0.3486660420894623,0.6540846228599548,0.3266599774360657,0.6500630974769592,0.3277721107006073,0.6529799103736877,0.3256010711193084,0.6247172355651855,0.352393239736557,0.6325667500495911,0.3462976515293121,0.6365294456481934,0.3456306457519531,0.6266370415687561,0.3517245352268219,0.6241466999053955,0.3523511886596679,0.6423002481460571,0.3336353003978729,0.6367515325546265,0.3456116020679474,0.6312881708145142,0.3468948602676391
380,380,train,10127,0.5005723834037781,0.4653878211975097,0.5010255575180054,0.4657708704471588,0.5003411173820496,0.4664499461650848,0.4994947016239166,0.4654904901981354,0.4993833899497986,0.4657252728939056,0.4998814761638641,0.4666352272033691,0.5002403259277344,0.4663687944412231,0.4996161460876465,0.4661488533020019,0.4991135895252228,0.4666576385498047,0.5007836818695068,0.4645312130451202,0.5009657144546509,0.4672907888889313,0.4993193447589874,0.4656951129436493
381,381,train,8874,0.6293806433677673,0.3512445390224457,0.6513797640800476,0.3297538459300995,0.6472689509391785,0.3316729664802551,0.6497809290885925,0.3287871778011322,0.6223673224449158,0.353965163230896,0.6296894550323486,0.3484980165958404,0.633582592010498,0.3484162092208862,0.6239537000656128,0.3537963628768921,0.622001588344574,0.3535759449005127,0.6398564577102661,0.3356339633464813,0.6340354084968567,0.3484209477901459,0.6281262636184692,0.3492305874824524
382,382,train,9402,0.5037265419960022,0.4523179531097412,0.5145312547683716,0.4412106275558471,0.5107429623603821,0.4476376473903656,0.5117534399032593,0.4444777071475982,0.5014399886131287,0.451506495475769,0.5032060146331787,0.4513902366161346,0.50323486328125,0.4518156349658966,0.5024853944778442,0.452179878950119,0.503201425075531,0.4513108134269714,0.510329008102417,0.4454990029335022,0.5046209096908569,0.452450543642044,0.5019063353538513,0.4504876434803009
383,383,train,9229,0.5142276883125305,0.451994925737381,0.5275295376777649,0.4403866529464721,0.5231469869613647,0.4453979134559631,0.5235249400138855,0.4437963366508484,0.5111042857170105,0.4513406455516815,0.5134425759315491,0.4513530731201172,0.5135364532470703,0.4517489671707153,0.511273980140686,0.4520047903060913,0.512279212474823,0.4508351385593414,0.5230200290679932,0.4445174634456634,0.5149545073509216,0.4509960114955902,0.5126015543937683,0.4504600763320923
384,384,train,9034,0.49335977435112,0.4570724070072174,0.5051380395889282,0.4451572000980377,0.5029290914535522,0.4504994451999664,0.5014501810073853,0.448648989200592,0.4904008209705353,0.4565773606300354,0.4929821491241455,0.4561715424060821,0.4924268722534179,0.4568671882152557,0.4909941852092743,0.4573910236358642,0.4916680455207824,0.4565025269985199,0.5001935362815857,0.449467122554779,0.4947610795497894,0.4559332430362701,0.4913949370384216,0.4554716050624847
385,385,train,9408,0.6168032884597778,0.3772503733634949,0.636175811290741,0.3591789901256561,0.6311081647872925,0.3631828725337982,0.635008692741394,0.3597296774387359,0.6125425696372986,0.3781841993331909,0.617023766040802,0.3759467303752899,0.6181444525718689,0.3773705065250397,0.6108888983726501,0.3799489438533783,0.6107012033462524,0.3781234622001648,0.6256755590438843,0.3648093640804291,0.6225791573524475,0.3750722408294678,0.614989161491394,0.376438170671463
386,386,train,10380,0.5882461667060852,0.4098586440086365,0.6033999919891357,0.3962663412094116,0.595827043056488,0.4021743834018707,0.6008363366127014,0.3983403444290161,0.5853342413902283,0.41067835688591,0.5876569747924805,0.409984290599823,0.588310718536377,0.410002589225769,0.5835247039794922,0.4106922149658203,0.5852111577987671,0.4084821045398712,0.5974298715591431,0.3987850546836853,0.5893523693084717,0.4105784893035888,0.5870447754859924,0.408495157957077
387,387,test,8993,0.6218082904815674,0.3702138066291809,0.6435960531234741,0.3496407866477966,0.6389572024345398,0.3530358076095581,0.6417061686515808,0.3492395281791687,0.6164270639419556,0.3718379139900207,0.6223006844520569,0.3684718608856201,0.6255359053611755,0.3687834441661834,0.6164524555206299,0.3728016912937164,0.6156671047210693,0.3718632757663727,0.6319044828414917,0.3558632433414459,0.6282281279563904,0.3670800924301147,0.6212958693504333,0.3686181306838989
388,388,train,9154,0.6063351631164551,0.3961997926235199,0.6226909160614014,0.3809634149074554,0.6158336997032166,0.3864900469779968,0.6200851202011108,0.382743090391159,0.6035237908363342,0.3965331017971039,0.6066963076591492,0.395240843296051,0.6062708497047424,0.3965879678726196,0.6002533435821533,0.3986108005046844,0.6014782190322876,0.3963179290294647,0.6144914031028748,0.38542240858078,0.6098065972328186,0.395365834236145,0.6045455932617188,0.3955148458480835
389,389,train,9735,0.6326603293418884,0.3516677618026733,0.6534520387649536,0.3313674330711365,0.6496631503105164,0.332818329334259,0.6514490246772766,0.3306742310523987,0.6252798438072205,0.3548271656036377,0.6323776841163635,0.3496057987213135,0.6367460489273071,0.349506676197052,0.6270421743392944,0.3546420633792877,0.6254020929336548,0.3542609214782715,0.642837405204773,0.3370795249938965,0.63654625415802,0.3493252992630005,0.6317620277404785,0.3500910699367523
390,390,train,10071,0.6220055222511292,0.3734926283359527,0.6418996453285217,0.3543577492237091,0.6377065777778625,0.3573051393032074,0.6397234797477722,0.3545033931732178,0.6164023876190186,0.3753210306167602,0.6217588782310486,0.3722054362297058,0.6239310503005981,0.37317556142807,0.6154441833496094,0.3768915832042694,0.6150819659233093,0.3756671249866485,0.6308736801147461,0.3607066571712494,0.6275323629379272,0.3705247938632965,0.6203591227531433,0.3727304339408874
391,391,train,10095,0.5022585391998291,0.4558719992637634,0.5167725682258606,0.443668395280838,0.512028694152832,0.449066549539566,0.51198810338974,0.44768887758255,0.4999651312828064,0.4551917314529419,0.5024738907814026,0.4549857974052429,0.5021183490753174,0.4553762674331665,0.5000145435333252,0.4561487436294555,0.5009511709213257,0.4548403620719909,0.5113881230354309,0.4480158686637878,0.5046058893203735,0.4541086852550506,0.5006337761878967,0.4544512331485748
392,392,test,10497,0.4741356074810028,0.4550014138221741,0.4842328727245331,0.4421631693840027,0.4842201769351959,0.4498523473739624,0.4804041087627411,0.4469622075557709,0.4705549776554107,0.4545643031597137,0.4741657674312591,0.4540853798389435,0.473438560962677,0.4547914266586303,0.4732031226158142,0.4547029733657837,0.4736857414245605,0.4550673067569732,0.4796131253242492,0.4473874270915985,0.4763633608818054,0.4546353220939636,0.4710524082183838,0.4539814889431
393,393,train,8923,0.4663536846637726,0.4624014496803283,0.475641518831253,0.4506783187389374,0.4762572348117828,0.4571109712123871,0.4714692831039428,0.4546930193901062,0.4632130265235901,0.4621172249317169,0.4658087790012359,0.4614557325839996,0.4649122953414917,0.4621536433696747,0.4641898572444916,0.4628300070762634,0.4652877748012543,0.4628073871135711,0.4709258079528808,0.455434501171112,0.467637836933136,0.4620240330696106,0.4634899497032165,0.4610276222229004
394,394,train,10066,0.471378892660141,0.4454905390739441,0.478953868150711,0.4366686940193176,0.4787230193614959,0.4406581223011017,0.4750221371650696,0.4406161606311798,0.4700439274311065,0.4457803964614868,0.4712176024913788,0.4446816444396972,0.4711899161338806,0.4456819593906402,0.4703662693500519,0.4440705776214599,0.4714193642139435,0.4446098506450653,0.4764802455902099,0.440487265586853,0.4738562107086181,0.4456304311752319,0.4699637293815613,0.4447672665119171
395,395,train,9814,0.6161779165267944,0.3805840611457824,0.6349035501480103,0.3626759052276611,0.6300007700920105,0.3665807247161865,0.6325218081474304,0.363356351852417,0.612111508846283,0.3816231489181518,0.6165048480033875,0.3791696727275848,0.6176133155822754,0.3809732794761657,0.6095250248908997,0.3843369483947754,0.6101381182670593,0.3821071684360504,0.6241000890731812,0.3693470358848572,0.6217001080513,0.377788782119751,0.6142682433128357,0.3805607855319977
396,396,test,9330,0.4942505955696106,0.4560290575027466,0.5065160393714905,0.4431281983852386,0.5040847659111023,0.4491207003593445,0.5024106502532959,0.4473983347415924,0.4909141957759857,0.4555046856403351,0.4940588176250458,0.4551403820514679,0.4929381906986236,0.4558459818363189,0.4914946258068084,0.4565281569957733,0.4926922619342804,0.4553461968898773,0.5010761022567749,0.4482957124710083,0.4951408505439758,0.4544118344783783,0.4921568036079407,0.4542451202869415
397,397,train,9545,0.6153016686439514,0.384725421667099,0.6321914792060852,0.3688268065452575,0.6270989775657654,0.3720425963401794,0.6300557851791382,0.3695943355560303,0.6125538945198059,0.384709745645523,0.6159064769744873,0.3828248083591461,0.613872766494751,0.3879401981830597,0.6059795022010803,0.3908099830150604,0.6078525185585022,0.3881569802761078,0.6213046312332153,0.3770789206027984,0.6203500628471375,0.3819608092308044,0.6123085618019104,0.386561632156372
398,398,train,9600,0.5149530172348022,0.4510781466960907,0.5281331539154053,0.4397424161434173,0.5235269665718079,0.444566398859024,0.5239779353141785,0.4430155754089355,0.5123864412307739,0.4503599405288696,0.514815628528595,0.4502647519111633,0.5145428776741028,0.4505780637264251,0.5119461417198181,0.4511552155017853,0.5131852626800537,0.4498397409915924,0.5233613848686218,0.4433325827121734,0.5160709023475647,0.4502328932285309,0.5133837461471558,0.4496018290519714
399,399,train,8935,0.4733330011367798,0.4565114080905914,0.4840729236602783,0.4423927068710327,0.4838078022003174,0.45035520195961,0.4802784025669098,0.4465474486351013,0.4696107506752014,0.4557375609874725,0.4732767939567566,0.4549189805984497,0.4721202552318573,0.4560250341892242,0.4713154435157776,0.4566693305969238,0.4718720018863678,0.4566489458084106,0.4792849421501159,0.4478153586387634,0.474692165851593,0.4551765024662018,0.4706734120845794,0.4548086822032928
400,400,train,10115,0.5198264122009277,0.4447318613529205,0.5327026844024658,0.4339344799518585,0.5273177623748779,0.4392693042755127,0.5294395089149475,0.4369071722030639,0.5185738801956177,0.4441856741905212,0.5200437307357788,0.4442176222801208,0.5190593004226685,0.4445745646953583,0.5166887640953064,0.4447728395462036,0.5178804993629456,0.4436597824096679,0.5275527834892273,0.4374844133853912,0.5210941433906555,0.445537269115448,0.5179515480995178,0.4435747563838959
401,401,test,9352,0.5395969152450562,0.4431342780590057,0.5533141493797302,0.4310805201530456,0.54643315076828,0.4357081055641174,0.5496617555618286,0.4342909753322601,0.5374722480773926,0.4429320096969604,0.5398429036140442,0.4426059126853943,0.5386637449264526,0.4433167576789856,0.5347062349319458,0.443786472082138,0.536542534828186,0.4422491192817688,0.5487504601478577,0.435198962688446,0.5400581359863281,0.4427087903022766,0.5383023023605347,0.442086398601532
402,402,train,9228,0.5550123453140259,0.4310883283615112,0.5673999190330505,0.4197081923484802,0.5603360533714294,0.425008088350296,0.5650508403778076,0.4220950007438659,0.5526031851768494,0.430848479270935,0.5543478727340698,0.4311337769031524,0.5544188618659973,0.4311692714691162,0.551525354385376,0.4309578239917755,0.5527751445770264,0.4295958280563354,0.56296306848526,0.4226611256599426,0.5551853775978088,0.4318677484989166,0.5536881685256958,0.4300660192966461
403,403,train,9778,0.6279401779174805,0.3564743101596832,0.6499139070510864,0.334569364786148,0.645601212978363,0.3363509178161621,0.6478819847106934,0.3339878618717193,0.6206169128417969,0.3594204187393188,0.6278527975082397,0.3542546927928924,0.6318178176879883,0.353985995054245,0.6216318607330322,0.3598152101039886,0.6201201677322388,0.3596082329750061,0.6379356384277344,0.3415419459342956,0.6328612565994263,0.3530163764953613,0.6267942190170288,0.354850023984909
404,404,train,9106,0.4799166917800903,0.4629440903663635,0.4914867877960205,0.4496044218540191,0.4902725219726562,0.456222265958786,0.4878629446029663,0.4534781873226166,0.476255863904953,0.4622784256935119,0.4789944589138031,0.4617865681648254,0.4781067073345184,0.4626196920871734,0.4773881435394287,0.463593065738678,0.4779187738895416,0.4626502096652984,0.4857212007045746,0.4549241364002228,0.4810713231563568,0.4616792798042297,0.4774371087551117,0.4610261023044586
405,405,train,9089,0.4745825529098511,0.4543696045875549,0.4850614368915558,0.4419162571430206,0.4847905337810516,0.4482354819774627,0.4807116091251373,0.4464228749275207,0.4707908630371094,0.4540727436542511,0.4741515815258026,0.4532957077026367,0.4730783402919769,0.4540014266967773,0.4724575281143188,0.4543108940124511,0.4730107486248016,0.4543006122112274,0.4798822104930877,0.4468722343444824,0.4757882356643677,0.4534508287906647,0.4715604186058044,0.4528259634971618
406,406,train,9010,0.6103302240371704,0.3824221789836883,0.6291890740394592,0.364742249250412,0.6237799525260925,0.3698058128356933,0.6272527575492859,0.3659206926822662,0.6064130663871765,0.3834308683872223,0.6101425886154175,0.3817754685878753,0.6112772822380066,0.3819110691547394,0.6051232218742371,0.3840101361274719,0.6048111915588379,0.3825984299182892,0.6184309720993042,0.3698793351650238,0.6156212687492371,0.3808603584766388,0.6084765195846558,0.3808252811431885
407,407,train,10437,0.651391863822937,0.3323780298233032,0.6689204573631287,0.3141866624355316,0.665124237537384,0.3149607181549072,0.6679171919822693,0.3122556805610657,0.6428118348121643,0.3345879912376404,0.6510680317878723,0.3291594088077545,0.6543604731559753,0.3306725025177002,0.6464490294456482,0.3362691402435303,0.6438840627670288,0.337123304605484,0.6580799221992493,0.322289764881134,0.6533262133598328,0.3295345306396484,0.6506181359291077,0.3318734467029571
408,408,test,10222,0.6002318263053894,0.4037037491798401,0.6157640814781189,0.3896444141864776,0.6099658012390137,0.3932975828647613,0.614855170249939,0.3906898498535156,0.5988984704017639,0.402702271938324,0.6008946299552917,0.4021376669406891,0.5973690152168274,0.406741052865982,0.5917577743530273,0.4081136584281921,0.5936524271965027,0.4054499268531799,0.6066509485244751,0.3961304128170013,0.6039197444915771,0.402199387550354,0.5967081189155579,0.4051153361797333
409,409,test,9904,0.4744767248630523,0.4566945731639862,0.4848484992980957,0.4444420933723449,0.4851094186306,0.4512765407562256,0.4815428853034973,0.4475854933261871,0.4707104563713074,0.4561931788921356,0.4738838076591491,0.4554143249988556,0.4735168218612671,0.4562321007251739,0.4733446836471557,0.4570274353027344,0.473720371723175,0.4570465683937073,0.4807141423225403,0.4490027129650116,0.4762943089008331,0.4557580649852752,0.4720085561275482,0.4548657238483429
410,410,test,9551,0.4938072562217712,0.4651933312416076,0.506460964679718,0.4526502192020416,0.5031725168228149,0.4584621787071228,0.5021609663963318,0.4566197991371155,0.4910577535629272,0.4640576243400574,0.4934380054473877,0.4638189971446991,0.4930447340011596,0.4645136892795563,0.4915030300617218,0.4659421443939209,0.4926802217960357,0.4641538560390472,0.5012217164039612,0.4574167132377624,0.4959269165992737,0.4634470641613006,0.4921163916587829,0.4631431400775909
411,411,train,9175,0.4856976270675659,0.4555851817131042,0.495407372713089,0.4432368278503418,0.4950445890426636,0.4501414000988006,0.4915625751018524,0.4470232725143432,0.4814798533916473,0.4547980427742004,0.4849018454551697,0.4542278051376343,0.4840947091579437,0.4554223418235779,0.4838187396526336,0.456140786409378,0.4838418960571289,0.4556194841861725,0.4898777604103088,0.4485771059989929,0.4866527020931244,0.4549318850040436,0.4831193387508392,0.4540281593799591
412,412,train,10337,0.5067295432090759,0.4521511197090149,0.5201930403709412,0.4412588477134704,0.5158787965774536,0.445987343788147,0.5162429809570312,0.4445768594741821,0.5039469003677368,0.4517858028411865,0.5063385367393494,0.4517188966274261,0.5060813426971436,0.4521050751209259,0.5043732523918152,0.4522094428539276,0.5052892565727234,0.4511139988899231,0.515237033367157,0.4451264441013336,0.5077480673789978,0.4515632688999176,0.504802942276001,0.450985312461853
413,413,train,9284,0.6305585503578186,0.3567235171794891,0.651709794998169,0.3348981440067291,0.6469208002090454,0.3369277119636535,0.6500375866889954,0.3345950841903686,0.6227935552597046,0.3600179851055145,0.6302852034568787,0.3546644747257232,0.6339156031608582,0.3546487689018249,0.6243987679481506,0.3599644303321838,0.622473955154419,0.3600009083747864,0.639560341835022,0.3420159220695495,0.6351805329322815,0.3534881174564361,0.62852942943573,0.355738490819931
414,414,train,9908,0.5578309893608093,0.4249573051929474,0.5703985095024109,0.4136312007904053,0.5637350082397461,0.4186398386955261,0.5686279535293579,0.4156392812728882,0.5559316277503967,0.4244760572910309,0.5576069355010986,0.4245060384273529,0.557030439376831,0.4249476790428161,0.5543133020401001,0.4245523810386657,0.5555530786514282,0.4232144355773926,0.5660813450813293,0.4163452088832855,0.5577172040939331,0.4260919094085693,0.5563575029373169,0.4235196113586426
415,415,test,9014,0.4789409637451172,0.4552719593048095,0.4902034103870392,0.4423040151596069,0.4900697469711303,0.4493170380592346,0.4864612519741058,0.446234792470932,0.4750898480415344,0.4545810520648956,0.4782931804656982,0.45404714345932,0.4777000546455383,0.4550375342369079,0.4774167835712433,0.45502969622612,0.4781099259853363,0.4550551176071167,0.4846330285072326,0.4481915831565857,0.4798228144645691,0.4549193978309631,0.4757457673549652,0.4535507559776306
416,416,train,9877,0.6290366053581238,0.3589625060558319,0.6499728560447693,0.3378126323223114,0.6459342837333679,0.3400991559028625,0.6481032967567444,0.3375864326953888,0.6222776770591736,0.3616743087768554,0.629008412361145,0.3571495115756988,0.6323937177658081,0.3573533296585083,0.6230965256690979,0.3619958460330963,0.621760368347168,0.36143958568573,0.6383417844772339,0.3448993861675262,0.634217381477356,0.3556618988513946,0.6275152564048767,0.3577666282653808
417,417,test,9420,0.49139004945755,0.4603683352470398,0.5032524466514587,0.4473479986190796,0.5010746717453003,0.4531307220458984,0.4997519254684448,0.451546847820282,0.4880339205265045,0.4595781862735748,0.4908425509929657,0.4592540562152862,0.4900999665260315,0.4598362147808075,0.4886234998703003,0.4610064625740051,0.489275723695755,0.4598983228206634,0.4980401694774627,0.4525717794895172,0.4924752712249756,0.4589496254920959,0.4889684617519378,0.4583325684070587
418,418,train,9315,0.496043711900711,0.4512748718261719,0.5067912340164185,0.4398225843906402,0.5043213963508606,0.4458920359611511,0.502787709236145,0.4431737065315246,0.492915540933609,0.4508151113986969,0.4953366219997406,0.4505484700202942,0.4949800968170166,0.4511361718177795,0.4936754405498504,0.4517257511615753,0.4944692850112915,0.4509016275405884,0.5015374422073364,0.4444929659366607,0.4968135952949524,0.4515103995800018,0.494269460439682,0.4495068192481994
419,419,train,9173,0.6489166021347046,0.3314982950687408,0.6661840081214905,0.3137422502040863,0.6626403331756592,0.3143852055072784,0.6652615070343018,0.3116312026977539,0.6405022740364075,0.3336211144924164,0.6484108567237854,0.3284024596214294,0.6518399715423584,0.3298262655735016,0.6441699862480164,0.3352159559726715,0.6413881778717041,0.3362234234809875,0.6550918221473694,0.3217861950397491,0.6510167717933655,0.3288427889347076,0.6480689644813538,0.3310272395610809
420,420,train,9114,0.4691745340824127,0.4664272367954254,0.478647917509079,0.4526212513446808,0.478449285030365,0.4595336318016052,0.474158227443695,0.457105278968811,0.4644917249679565,0.4658802449703216,0.468319684267044,0.4647469520568847,0.4670134782791137,0.4660604000091553,0.4667090475559234,0.4665703475475311,0.4675267338752746,0.4661426544189453,0.4742920398712158,0.4583296179771423,0.4694766104221344,0.4649140536785126,0.4659642875194549,0.4648980796337127
421,421,train,10356,0.5032162666320801,0.449245423078537,0.5148991346359253,0.438213586807251,0.5127518773078918,0.4440515339374542,0.5119356513023376,0.440485805273056,0.499987244606018,0.4486844539642334,0.5032926201820374,0.4482802748680115,0.5026043057441711,0.4491254985332489,0.5013464689254761,0.4496422111988067,0.5019326210021973,0.4488763213157654,0.5102765560150146,0.4422202110290527,0.50435471534729,0.44886115193367,0.5009286999702454,0.4484280347824096
422,422,train,9158,0.4745006561279297,0.449726402759552,0.4825488924980163,0.4382869899272918,0.4846478104591369,0.4443683624267578,0.480200707912445,0.4415070712566376,0.4704166352748871,0.4503498077392578,0.4738601446151733,0.4492810368537903,0.4735578894615173,0.4498764276504516,0.4738136529922485,0.449581116437912,0.4737812578678131,0.4503234028816223,0.4789614379405975,0.443340003490448,0.4757793247699737,0.449774831533432,0.4716716110706329,0.4485722482204437
423,423,test,9049,0.5220171213150024,0.4484725892543793,0.5351158976554871,0.4370284974575043,0.5306469202041626,0.441552996635437,0.5315074324607849,0.4404908418655395,0.5198161005973816,0.4482994377613067,0.5223077535629272,0.4478141069412231,0.5209884643554688,0.4485251605510711,0.5177221298217773,0.4491029977798462,0.5191121101379395,0.447835236787796,0.5295500755310059,0.4417064189910888,0.5229460597038269,0.4480669796466827,0.5203825831413269,0.4474494755268097
424,424,train,10554,0.5353350639343262,0.444839596748352,0.5493411421775818,0.4332925677299499,0.542216956615448,0.4380747377872467,0.5458232760429382,0.4362842440605163,0.5327668786048889,0.4445083141326904,0.5350603461265564,0.4442915916442871,0.5355634093284607,0.4443279504776001,0.5321076512336731,0.4449462890625,0.533666729927063,0.4433041512966156,0.5443685054779053,0.4370611310005188,0.5356594920158386,0.4445036947727203,0.5345261096954346,0.443355917930603
425,425,train,9188,0.4670698344707489,0.4591995179653168,0.476839929819107,0.4459860026836395,0.4772228598594665,0.4530264735221863,0.4730663299560547,0.450160413980484,0.463329017162323,0.4583897590637207,0.4664511978626251,0.4576229155063629,0.4658447504043579,0.458451509475708,0.4654052853584289,0.4592411816120147,0.4662262201309204,0.458784282207489,0.4718899428844452,0.4502351880073547,0.4683206379413605,0.4579665064811706,0.4638837873935699,0.4574983716011047
426,426,train,8873,0.48661670088768,0.4542044401168823,0.4960661828517914,0.4423139691352844,0.4956385493278503,0.4499852955341339,0.4931774437427521,0.4455160200595855,0.4827789068222046,0.4538043439388275,0.4864015281200409,0.4534805417060852,0.4855969548225403,0.4549674987792969,0.4851873517036438,0.4546204805374145,0.4858824014663696,0.4542341828346252,0.4913566708564758,0.4478932917118072,0.4880731105804443,0.4547800421714782,0.4845433831214905,0.4535695910453796
427,427,train,9499,0.6417402625083923,0.3442734479904175,0.661871075630188,0.3232146501541137,0.6574795246124268,0.3245626091957092,0.6603953242301941,0.3221063911914825,0.6335992217063904,0.3475395739078522,0.6419127583503723,0.3413636684417724,0.6458157300949097,0.3411860167980194,0.6362187266349792,0.3475086390972137,0.6339937448501587,0.3481275141239166,0.650744616985321,0.3305447995662689,0.6455647945404053,0.3405376374721527,0.6408971548080444,0.3426844179630279
428,428,train,9103,0.5198552012443542,0.449237048625946,0.5340673923492432,0.4384343028068542,0.5287337899208069,0.4431401789188385,0.5297691822052002,0.4413999319076538,0.5175108313560486,0.4486732184886932,0.5195849537849426,0.448774516582489,0.5192462205886841,0.4491858780384063,0.5168797373771667,0.4494141340255737,0.5178079009056091,0.4483444094657898,0.5292182564735413,0.4422312080860138,0.5207229256629944,0.4488588571548462,0.51808100938797,0.4481661021709442
429,429,train,9346,0.4805940091609955,0.4578002989292145,0.4919704496860504,0.4445860683917999,0.4913721978664398,0.4518834948539734,0.4872393012046814,0.4487093985080719,0.4770647883415222,0.4575217366218567,0.4818638563156128,0.4563300609588623,0.4796782732009887,0.457469642162323,0.4788207411766052,0.458197683095932,0.47993865609169,0.4582165479660034,0.4860634803771972,0.4500319063663482,0.482452392578125,0.4572561979293823,0.4779932796955108,0.4564857184886932
430,430,train,9769,0.6521552801132202,0.3329601883888244,0.6697043776512146,0.3151009976863861,0.6654489636421204,0.3159658312797546,0.6676203012466431,0.3133221268653869,0.6426778435707092,0.3349246382713318,0.6504892110824585,0.3300943970680237,0.6562216281890869,0.3314652144908905,0.6481426954269409,0.3370306193828583,0.6459718942642212,0.337588906288147,0.6596355438232422,0.3237136304378509,0.6538006663322449,0.3300920128822326,0.6530376076698303,0.3324355781078338
431,431,train,9145,0.5021447539329529,0.447158008813858,0.5132803320884705,0.4368125796318054,0.5095746517181396,0.4424242377281189,0.5103268027305603,0.439486026763916,0.4989718496799469,0.4470810294151306,0.5012969970703125,0.446845144033432,0.501196026802063,0.447409838438034,0.5000797510147095,0.4469331502914428,0.5006837248802185,0.4467328786849975,0.5081517100334167,0.4409396946430206,0.5028464794158936,0.4479305148124695,0.4998019635677337,0.4460462927818298
432,432,train,10243,0.4807899594306946,0.4478427469730377,0.4907329082489013,0.4359481632709503,0.491752415895462,0.4428289532661438,0.4884642660617828,0.4397737085819244,0.4770379960536957,0.4491089582443237,0.4792785346508026,0.4487937986850738,0.479875236749649,0.4489298164844513,0.4805690050125122,0.4477230012416839,0.4803252816200256,0.4481471180915832,0.4858421087265014,0.4417236745357513,0.4824354648590088,0.4494690895080566,0.4777225852012634,0.4475772678852081
433,433,test,9736,0.5627501606941223,0.4283095896244049,0.5758273005485535,0.4167766869068146,0.568937361240387,0.4215075075626373,0.5732617378234863,0.4192355871200561,0.5601629614830017,0.4284592270851135,0.5616888403892517,0.4282371699810028,0.5617214441299438,0.4285679757595062,0.5579127073287964,0.4288738965988159,0.5598815679550171,0.4271376729011535,0.5719249248504639,0.4196445941925049,0.5628125667572021,0.4287899434566498,0.561768114566803,0.4269984364509582
434,434,train,9043,0.529872477054596,0.4440129697322845,0.5445193648338318,0.4319179654121399,0.5376895070075989,0.4366405308246612,0.5399711728096008,0.4356527626514435,0.5277760624885559,0.4436347186565399,0.5303809642791748,0.4434857666492462,0.5287392735481262,0.4441759884357452,0.5247997641563416,0.4447344541549682,0.5264967679977417,0.4431776702404022,0.5389693975448608,0.4361850917339325,0.5307257175445557,0.4434933364391327,0.5284737944602966,0.4428784251213074
435,435,train,9864,0.5599452257156372,0.4296766519546509,0.5730230212211609,0.418405145406723,0.5663934946060181,0.4224922060966491,0.5701574087142944,0.4207072556018829,0.5582914352416992,0.429108589887619,0.5597771406173706,0.4287319481372833,0.55756014585495,0.4301745295524597,0.5536137819290161,0.4307105839252472,0.5556524395942688,0.428934246301651,0.5681334137916565,0.4216191172599792,0.5602866411209106,0.4297026991844177,0.5578490495681763,0.4288932979106903
436,436,train,9818,0.4699843525886535,0.4554539918899536,0.4807665944099426,0.4433997571468353,0.4815339744091034,0.4496458768844604,0.4772971272468567,0.4471217095851898,0.4659501016139984,0.4555040299892425,0.469584047794342,0.4550221860408783,0.4686237573623657,0.455585777759552,0.4686750173568725,0.4555355012416839,0.4693234264850616,0.4555983543395996,0.4751356840133667,0.4482901096343994,0.4714909195899963,0.4549873769283294,0.4666290879249573,0.4542774260044098
437,437,test,9641,0.6087247133255005,0.3961265981197357,0.6252655386924744,0.3806112408638,0.6191376447677612,0.3849378228187561,0.6228465437889099,0.3819317519664764,0.605904757976532,0.3962965011596679,0.6087404489517212,0.3953349590301513,0.6071563363075256,0.3979790508747101,0.6007519364356995,0.4000855386257171,0.602123498916626,0.3978321850299835,0.6152464151382446,0.3870201110839844,0.6125425100326538,0.3944801688194275,0.6055168509483337,0.3967874348163605
438,438,train,10178,0.4968070089817047,0.4525439441204071,0.5072872042655945,0.4407064616680145,0.5053064227104187,0.4468755424022674,0.5047823190689087,0.4435479640960693,0.493777185678482,0.4524157643318176,0.4963603615760803,0.4517610371112823,0.4958898723125458,0.4522314667701721,0.4946193099021911,0.4526807963848114,0.4950843453407287,0.4518794119358063,0.5027682185173035,0.4452273249626159,0.4976645708084106,0.4524738490581512,0.4949796497821808,0.4506902694702148
439,439,train,9561,0.5194892287254333,0.450681209564209,0.5335542559623718,0.4398854374885559,0.5281400680541992,0.4440353810787201,0.5297126173973083,0.4431197047233581,0.5169661641120911,0.4504056870937347,0.5193555951118469,0.4503904283046722,0.5193432569503784,0.4506461024284363,0.5165951251983643,0.450816661119461,0.5179345011711121,0.4494531154632568,0.5293179750442505,0.4432543516159057,0.5203900933265686,0.4500573873519897,0.5183320641517639,0.4495570659637451
440,440,train,9458,0.5955066680908203,0.4082261323928833,0.6106436848640442,0.3938833177089691,0.6036593914031982,0.3994374275207519,0.6081708073616028,0.3959763944149017,0.5925489068031311,0.4090028405189514,0.5948619842529297,0.408180296421051,0.5946987867355347,0.40898197889328,0.5894788503646851,0.4098998308181762,0.5910449624061584,0.4076648354530334,0.6035303473472595,0.3977406620979309,0.5974910855293274,0.4088824689388275,0.593822181224823,0.4071802198886871
441,441,train,8908,0.5442609190940857,0.4412856101989746,0.5581400990486145,0.4293229877948761,0.5514950156211853,0.4345382452011108,0.553781270980835,0.43220055103302,0.5419799089431763,0.4412022233009338,0.5440195798873901,0.4409761428833008,0.5435143709182739,0.4412693977355957,0.539941668510437,0.441630095243454,0.5415719151496887,0.4402083158493042,0.5529910922050476,0.4332750141620636,0.5449655055999756,0.4411975741386413,0.543129026889801,0.4400536119937897
442,442,test,8984,0.6356225609779358,0.3468903005123138,0.6553395390510559,0.3271515369415283,0.6516240835189819,0.3274218738079071,0.6535578370094299,0.3259299099445343,0.627672553062439,0.3501908183097839,0.6352458596229553,0.3446077406406402,0.6397608518600464,0.3442068696022033,0.6303194761276245,0.3499015867710113,0.6282582879066467,0.3502519726753235,0.6441481709480286,0.3340309858322143,0.639035165309906,0.344002902507782,0.6348798274993896,0.3455320298671722
443,443,train,9993,0.5355604887008667,0.4420901834964752,0.5491675734519958,0.4299954175949096,0.5426110029220581,0.4350990951061249,0.5449952483177185,0.4335843622684479,0.5329746603965759,0.4419729113578796,0.5350746512413025,0.4417287707328796,0.5348966121673584,0.4418805241584778,0.5316025018692017,0.4421341717243194,0.533057451248169,0.4407203197479248,0.5452052354812622,0.433611124753952,0.5350959300994873,0.4422170519828796,0.5347662568092346,0.4402844607830047
444,444,train,9651,0.560756504535675,0.4322598874568939,0.5747154951095581,0.4197813868522644,0.5669258832931519,0.4250872135162353,0.571560800075531,0.4228191673755646,0.5583611726760864,0.4322775900363922,0.5602755546569824,0.4321045577526092,0.5600021481513977,0.4322600066661834,0.5564987659454346,0.4325219392776489,0.55815190076828,0.4307548105716705,0.5696486830711365,0.4233372211456299,0.5609457492828369,0.4327337741851806,0.5596215724945068,0.430925190448761
445,445,train,9940,0.5898184180259705,0.4086536765098572,0.604064404964447,0.3954409062862396,0.5971331000328064,0.4010962247848511,0.6015210747718811,0.3975668549537658,0.586799681186676,0.4093477427959442,0.5892510414123535,0.4087390899658203,0.5893418192863464,0.408873975276947,0.5846685767173767,0.4098243713378906,0.58586186170578,0.4080095291137695,0.597955584526062,0.398661732673645,0.5912990570068359,0.4094925820827484,0.588262140750885,0.4076341986656189
446,446,test,10308,0.4918856024742126,0.462649255990982,0.5038077235221863,0.4502331018447876,0.5014532208442688,0.4562973082065582,0.4993912279605865,0.4542732536792755,0.488900750875473,0.4616324603557586,0.4912885129451751,0.4615984261035919,0.4908075034618377,0.4619921743869781,0.4890915155410766,0.4630264341831207,0.4899918735027313,0.4619905352592468,0.4988985657691955,0.4546918570995331,0.4926068484783172,0.4612971842288971,0.4898715913295746,0.4606642127037048
447,447,test,9722,0.5448092818260193,0.438642680644989,0.558586835861206,0.42670539021492,0.5517787933349609,0.4314785897731781,0.5552769899368286,0.4295971095561981,0.5428260564804077,0.4384675323963165,0.54481041431427,0.4382490813732147,0.5443308353424072,0.4384993314743042,0.5405682325363159,0.4391277432441711,0.5426091551780701,0.4374598562717438,0.5538278818130493,0.4302024841308594,0.5459158420562744,0.4384066462516784,0.5441692471504211,0.4372709691524505
448,448,train,9486,0.6543421149253845,0.3288133442401886,0.6713293194770813,0.3122320473194122,0.6673323512077332,0.3129745125770569,0.6696659326553345,0.3097507953643799,0.6456311345100403,0.3296076357364654,0.6536237001419067,0.3251650333404541,0.6579615473747253,0.3279430270195007,0.6503979563713074,0.3332068920135498,0.6480507850646973,0.3339210748672485,0.6608880162239075,0.3211166560649872,0.6559556126594543,0.3261255919933319,0.6550375819206238,0.3289180397987366
449,449,train,10022,0.6381025314331055,0.3469588160514831,0.6591441631317139,0.3245474696159363,0.6539963483810425,0.3266545534133911,0.6575495600700378,0.3240133821964264,0.6291339993476868,0.3505424261093139,0.6379488110542297,0.3441321849822998,0.6417962312698364,0.3435230851173401,0.6323233842849731,0.3501134514808655,0.6294933557510376,0.3514543175697326,0.6466286182403564,0.332797110080719,0.6418059468269348,0.3436109125614166,0.6368016600608826,0.3451387882232666
450,450,train,9131,0.5618903040885925,0.4276713728904724,0.5759299993515015,0.4159276187419891,0.568730354309082,0.4210522174835205,0.573160707950592,0.4184660315513611,0.5598149299621582,0.4272005259990692,0.5615300536155701,0.4270475506782532,0.5596473813056946,0.4285901486873626,0.5562232732772827,0.4287760853767395,0.5578578114509583,0.4268341362476349,0.5698878765106201,0.4194103181362152,0.5625420808792114,0.4282441735267639,0.5596946477890015,0.4270264208316803
451,451,train,10166,0.5332528352737427,0.4423686265945434,0.5458148717880249,0.4307350814342499,0.5402612090110779,0.4355100393295288,0.5425549149513245,0.4340401589870453,0.5304931402206421,0.4423392415046692,0.5325520038604736,0.4420581758022308,0.5327388644218445,0.4423361718654632,0.5301326513290405,0.4423008859157562,0.5313117504119873,0.4409762322902679,0.5419341325759888,0.4344503581523895,0.5331290364265442,0.4421802759170532,0.5322162508964539,0.441039115190506
452,452,test,10538,0.6279975771903992,0.3570831716060638,0.6488688588142395,0.3368601500988006,0.645291805267334,0.3387230038642883,0.6471965312957764,0.3361771404743194,0.6216388940811157,0.3592218160629272,0.6282239556312561,0.3548452854156494,0.6315433382987976,0.3551785349845886,0.6230378746986389,0.3594608008861542,0.6217387318611145,0.3587296903133392,0.6378250122070312,0.3424267768859863,0.6327943205833435,0.3544968664646148,0.6266834735870361,0.3559113442897796
453,453,train,10121,0.4913370311260223,0.4596540331840515,0.502461850643158,0.4467621445655823,0.5000725388526917,0.4535466432571411,0.4984343349933624,0.4510304927825928,0.4887387454509735,0.4584515988826751,0.4907507002353668,0.4581517875194549,0.4904249012470245,0.4589512348175049,0.4895938038825989,0.4596001505851745,0.4901710450649261,0.4586000740528106,0.497539758682251,0.4517824053764343,0.4924884438514709,0.4584238529205322,0.4891087412834167,0.4580459594726562
454,454,test,10028,0.5764181017875671,0.4150558412075043,0.5904443264007568,0.4026672840118408,0.5828033685684204,0.407732605934143,0.5880523324012756,0.4046941101551056,0.5736522674560547,0.4154272079467773,0.5755787491798401,0.4149957597255707,0.5758373141288757,0.4152575731277466,0.5716547966003418,0.415444016456604,0.5733075737953186,0.4133493602275848,0.5858832001686096,0.404856413602829,0.5767848491668701,0.4162742793560028,0.5755999088287354,0.4133584499359131
455,455,train,10373,0.6342630386352539,0.3594990074634552,0.6552394032478333,0.3392597436904907,0.6517992615699768,0.3399501740932464,0.6526795029640198,0.3386428654193878,0.6268419027328491,0.3623146116733551,0.6339775323867798,0.35734823346138,0.6379285454750061,0.3594697713851928,0.6274313926696777,0.3647371828556061,0.6270660161972046,0.3631324172019958,0.6432979106903076,0.3477583229541778,0.6395338773727417,0.3554217219352722,0.6333153247833252,0.3595266342163086
456,456,train,10360,0.6205028891563416,0.3734525740146637,0.6404622197151184,0.354512482881546,0.6361589431762695,0.3574118614196777,0.6380981206893921,0.3544216752052307,0.6149234175682068,0.3752809166908264,0.620373010635376,0.3720241189002991,0.6227980852127075,0.3734148740768432,0.613978922367096,0.3771674931049347,0.614004909992218,0.375510960817337,0.6292998790740967,0.3608842492103576,0.626361608505249,0.3703267872333526,0.6192036271095276,0.3726548254489898
457,457,test,8889,0.5182008743286133,0.4467399716377258,0.5317077040672302,0.4356889128684997,0.5261247754096985,0.4402370452880859,0.5279951691627502,0.4387876391410827,0.5158163905143738,0.4466224312782287,0.518013596534729,0.4464200735092163,0.5176358222961426,0.4465813040733337,0.5148128271102905,0.4468227326869964,0.5162342190742493,0.4455308318138122,0.5269823670387268,0.439146488904953,0.5188072919845581,0.4468374848365783,0.5167564153671265,0.4453763663768768
458,458,train,9375,0.5085760951042175,0.4550651907920837,0.5225817561149597,0.4436640441417694,0.5179582834243774,0.4486750364303589,0.5181719660758972,0.4471485018730163,0.5059928297996521,0.4546395540237427,0.5089718103408813,0.4544257223606109,0.5083832740783691,0.4547934532165527,0.5056721568107605,0.4553648829460144,0.5069754123687744,0.453935295343399,0.5170724391937256,0.4481046199798584,0.5099346041679382,0.4543464779853821,0.5070945620536804,0.4539766609668731
459,459,train,9062,0.6441574692726135,0.3373752534389496,0.662833571434021,0.3176543712615967,0.6593379378318787,0.3184669613838196,0.6616069078445435,0.3161720037460327,0.6356978416442871,0.3399561941623688,0.6438312530517578,0.3342626988887787,0.6472986936569214,0.3349044620990753,0.6392225027084351,0.3405428230762481,0.6363813281059265,0.3416909873485565,0.6516666412353516,0.3255234062671661,0.6469472050666809,0.3342390358448028,0.643229603767395,0.3363120853900909
460,460,train,9481,0.6101117730140686,0.3879826664924621,0.6280182600021362,0.3713149428367615,0.6227783560752869,0.3752621114253998,0.6259125471115112,0.37216717004776,0.6068556308746338,0.3882735073566437,0.6104732155799866,0.3863840401172638,0.610296368598938,0.3887031674385071,0.6035202145576477,0.3911813199520111,0.6048873662948608,0.3887208998203277,0.6183681488037109,0.3772883415222168,0.6152753233909607,0.3852257430553436,0.6083738803863525,0.3875186145305633
461,461,train,8949,0.623414158821106,0.3601232767105102,0.6451005935668945,0.3396427929401397,0.6412410140037537,0.3418936431407928,0.6432016491889954,0.3391032814979553,0.6174537539482117,0.3625274300575256,0.6237804889678955,0.3581189513206482,0.6267686486244202,0.3582679629325866,0.6178677082061768,0.3623796105384826,0.6164723634719849,0.3617526590824127,0.6337847113609314,0.3450783789157867,0.6289814114570618,0.3569788634777069,0.622151792049408,0.3581162393093109
462,462,train,8938,0.6219435334205627,0.3684080839157104,0.6427584886550903,0.3485324084758758,0.6383213996887207,0.3517495095729828,0.6408049464225769,0.3483917713165283,0.6162595152854919,0.3700172007083893,0.6219788193702698,0.3666806817054748,0.6247784495353699,0.3675882518291473,0.6164808869361877,0.3712572455406189,0.6158646941184998,0.36998051404953,0.6316461563110352,0.3551309108734131,0.627689778804779,0.3650487065315246,0.6210225224494934,0.3671684265136719
463,463,train,9503,0.5423449277877808,0.4413784742355346,0.5562846660614014,0.4292324483394623,0.5493886470794678,0.4340074956417084,0.5531065464019775,0.4320947527885437,0.5407386422157288,0.4410499632358551,0.5426865220069885,0.4407825171947479,0.5422177910804749,0.4411222338676452,0.5382376909255981,0.4416889548301697,0.5401151776313782,0.4401904940605163,0.5514306426048279,0.4331080317497253,0.5432012677192688,0.4411040544509887,0.5413841605186462,0.4403409957885742
464,464,test,9015,0.5715559720993042,0.4179288744926452,0.5847753882408142,0.405223399400711,0.5773286819458008,0.4111847579479217,0.5830685496330261,0.4072407186031341,0.5690979957580566,0.4178456664085388,0.5710805058479309,0.4173830449581146,0.5708342790603638,0.417963445186615,0.5670469999313354,0.4183265566825866,0.5684921741485596,0.4166196286678314,0.5798353552818298,0.4082892537117004,0.5717587471008301,0.4186883568763733,0.5701281428337097,0.4165835082530975
465,465,train,9397,0.582689106464386,0.412471055984497,0.5963613390922546,0.3999566733837127,0.5890196561813354,0.4054951667785644,0.5948387980461121,0.401683360338211,0.5801772475242615,0.4126482307910919,0.5818087458610535,0.4124426245689392,0.5815714597702026,0.4129682779312134,0.5780357718467712,0.4129636287689209,0.579357385635376,0.4112276136875152,0.5914912223815918,0.4026729166507721,0.5825837254524231,0.4139531254768371,0.5810112357139587,0.411411702632904
466,466,train,8879,0.5576874613761902,0.4329638183116913,0.5718002915382385,0.4206591546535492,0.5638473033905029,0.4261252582073211,0.568595290184021,0.423417866230011,0.5548391342163086,0.4330757856369018,0.5571479797363281,0.432791531085968,0.5573925375938416,0.432793915271759,0.5536041855812073,0.4332610368728637,0.5551267266273499,0.4316418468952179,0.5672314763069153,0.4240378737449646,0.5579531788825989,0.4331667721271515,0.5569813251495361,0.4314320981502533
467,467,train,9713,0.546231210231781,0.4356076419353485,0.5594850182533264,0.4236924350261688,0.5524404048919678,0.4285032153129577,0.5561534762382507,0.4263538718223572,0.5433847308158875,0.4358024895191192,0.5454966425895691,0.4354943931102752,0.5453987717628479,0.4354691505432129,0.5417410135269165,0.4358920753002167,0.5435057878494263,0.4343652725219726,0.5554261803627014,0.42697674036026,0.5458725690841675,0.4361035227775574,0.5454447269439697,0.4341640472412109
468,468,train,9582,0.6288594603538513,0.3537021279335022,0.6504058241844177,0.3323643207550049,0.6467909216880798,0.3337210416793823,0.6484894156455994,0.3315112888813019,0.6216865181922913,0.3563908338546753,0.6291248798370361,0.3511346280574798,0.6331322193145752,0.3508337438106537,0.6237177848815918,0.356375515460968,0.6218639016151428,0.3564250767230987,0.639024555683136,0.3389403820037842,0.6336238384246826,0.3502960503101349,0.6282850503921509,0.3518303036689758
469,469,train,9959,0.6143617033958435,0.3838777244091034,0.629964292049408,0.3692531883716583,0.623684823513031,0.3743204772472381,0.6296541690826416,0.3702565431594848,0.6114730834960938,0.3836284875869751,0.6141795516014099,0.3828646838665008,0.6138806343078613,0.3846197128295898,0.6087944507598877,0.3860882818698883,0.609239399433136,0.3840045630931854,0.6213815808296204,0.37357097864151,0.6170904636383057,0.3843880593776703,0.6114179491996765,0.3842638731002807
470,470,train,10588,0.50893235206604,0.4524354338645935,0.5230682492256165,0.4412041902542114,0.5185035467147827,0.4463042616844177,0.5190579295158386,0.4442916214466095,0.5065808296203613,0.4519568681716919,0.5092311501502991,0.4517558813095093,0.5090821385383606,0.452047199010849,0.5071157813072205,0.4526671767234802,0.5083006620407104,0.4513493776321411,0.5177962183952332,0.4452050030231476,0.5109725594520569,0.4516905844211578,0.5070723295211792,0.4509773850440979
471,471,train,10210,0.6160166263580322,0.3847624063491821,0.6330610513687134,0.3685663938522339,0.6275055408477783,0.3730398118495941,0.6326460242271423,0.3688060939311981,0.6129591464996338,0.3844517469406128,0.6159680485725403,0.3831839561462402,0.6157749891281128,0.3856993019580841,0.6098126173019409,0.3876744508743286,0.6104593276977539,0.3853959441184997,0.6245279908180237,0.3736537396907806,0.6202507019042969,0.3829797208309173,0.6137322187423706,0.3845992386341095
472,472,train,9204,0.5167245864868164,0.4506846666336059,0.5309670567512512,0.4395108520984649,0.5253483653068542,0.4437112510204315,0.526668906211853,0.4431071281433105,0.514846682548523,0.4498855769634247,0.5168826580047607,0.4500133991241455,0.5157325863838196,0.4507326185703277,0.5123512744903564,0.4512161314487457,0.5138542652130127,0.4496223032474518,0.5254871249198914,0.4436547458171844,0.5178186297416687,0.4497621953487396,0.5151958465576172,0.4496019184589386
473,473,train,9489,0.4970450103282928,0.4522458016872406,0.5071657299995422,0.4410125017166137,0.5056683421134949,0.447187602519989,0.5040321946144104,0.4436816871166229,0.4942269027233124,0.4515316486358642,0.4967939257621765,0.451107919216156,0.4960998594760895,0.452012300491333,0.4948147237300873,0.4524045884609222,0.4955806136131286,0.451610118150711,0.501980721950531,0.4457912743091583,0.4982268810272217,0.4519222676753998,0.4948030114173889,0.450403481721878
474,474,test,9996,0.6508205533027649,0.3297158777713775,0.6682792901992798,0.311864823102951,0.6648016571998596,0.3123378753662109,0.6673367619514465,0.3096917569637298,0.6421504616737366,0.3317205905914306,0.6503373384475708,0.3264094889163971,0.6536418795585632,0.3282503485679626,0.6458243131637573,0.3337357938289642,0.643088161945343,0.3346577286720276,0.6571655869483948,0.3199987411499023,0.6526955962181091,0.3270682990550995,0.6497282385826111,0.3295001685619354
475,475,train,9189,0.6326794028282166,0.3489612340927124,0.65439772605896,0.3272269666194916,0.6503193378448486,0.3288673460483551,0.6522199511528015,0.3264755010604858,0.6248722672462463,0.3520979285240173,0.6323902010917664,0.3465528786182403,0.637031614780426,0.3460842967033386,0.6275103092193604,0.3518038392066955,0.6253601312637329,0.3520143628120422,0.6429269313812256,0.3338365256786346,0.6366607546806335,0.3459315299987793,0.6317846775054932,0.347228080034256
476,476,train,9776,0.6205374002456665,0.3680003881454468,0.6409725546836853,0.3490578234195709,0.6370434165000916,0.3515509366989136,0.6389015913009644,0.349073052406311,0.6152427196502686,0.3700091540813446,0.6209471225738525,0.3665686249732971,0.6234272122383118,0.3669057190418243,0.6149507164955139,0.3705995380878448,0.6143600344657898,0.3695292770862579,0.629365861415863,0.3550368249416351,0.6266169548034668,0.3649325370788574,0.6192389130592346,0.3670136034488678
477,477,train,10212,0.6162019371986389,0.3805981874465942,0.6350976228713989,0.3633825182914734,0.6296852827072144,0.3672057390213012,0.6341660022735596,0.3639444410800934,0.6129636764526367,0.3806407451629638,0.6165086627006531,0.3790093660354614,0.6164617538452148,0.3819546997547149,0.609074592590332,0.3844592869281769,0.6096649169921875,0.3821234703063965,0.6247500777244568,0.3696258962154388,0.621880829334259,0.3780259788036346,0.6139657497406006,0.3806920647621155
478,478,train,10198,0.5040479302406311,0.4497403800487518,0.5166367888450623,0.4389939904212951,0.5126555562019348,0.4443588554859161,0.5135316252708435,0.4417163133621216,0.5015483498573303,0.4494854807853699,0.5039154291152954,0.4494940042495727,0.503730297088623,0.4495191574096679,0.5018267631530762,0.4495636522769928,0.5029356479644775,0.4484053254127502,0.512653648853302,0.4420824348926544,0.5048086047172546,0.4494464993476867,0.5028639435768127,0.4481589198112488
479,479,train,10449,0.4930742979049682,0.4546278715133667,0.5072105526924133,0.443233460187912,0.5037378072738647,0.4485591053962707,0.5022449493408203,0.4466909170150757,0.4906478226184845,0.4541402459144592,0.4933676719665527,0.4536308050155639,0.4924768805503845,0.454315036535263,0.4904699623584747,0.4549626111984253,0.491562008857727,0.4538537561893463,0.5011353492736816,0.447714626789093,0.4950880706310272,0.4537111222743988,0.4911261796951294,0.4533170163631439
480,480,train,10238,0.6244814395904541,0.3600944280624389,0.6456906795501709,0.3397526741027832,0.6425747871398926,0.341551125049591,0.6438568830490112,0.339347779750824,0.6188046932220459,0.3626116216182709,0.6251866221427917,0.3582275509834289,0.6278533339500427,0.3582969605922699,0.6185922026634216,0.362661212682724,0.6173943877220154,0.3618482053279876,0.6340415477752686,0.3457270264625549,0.630700409412384,0.3565402328968048,0.6231968402862549,0.3584368526935577
481,481,train,9583,0.6326472759246826,0.3525260388851166,0.6542113423347473,0.3312025070190429,0.6504036784172058,0.3324781358242035,0.6519683599472046,0.3305123746395111,0.6254087686538696,0.3554557561874389,0.6329463124275208,0.3499676287174225,0.6371368169784546,0.3501524925231933,0.6267182230949402,0.356034517288208,0.6253921389579773,0.3555077612400055,0.6422964930534363,0.338238924741745,0.6373486518859863,0.3491573929786682,0.6319591403007507,0.3511494994163513
482,482,train,10414,0.6405874490737915,0.3429433405399322,0.6610652208328247,0.3217093646526336,0.6567391753196716,0.3228790760040283,0.6594482660293579,0.32073575258255,0.6324549317359924,0.3463961780071258,0.6404868960380554,0.3402921259403229,0.6443887948989868,0.339758038520813,0.6348516941070557,0.3461100459098816,0.6322542428970337,0.3472273051738739,0.6490650773048401,0.3293943405151367,0.6442613005638123,0.3395583927631378,0.639522135257721,0.3411236703395843
483,483,train,9905,0.6347568035125732,0.3522538244724273,0.6562966108322144,0.3303282558917999,0.6518182754516602,0.3316975235939026,0.6543521881103516,0.3294994533061981,0.6273941397666931,0.355114072561264,0.6350014805793762,0.3495168387889862,0.6390646696090698,0.3494542241096496,0.6291236877441406,0.3554145395755768,0.6271728277206421,0.3556938767433166,0.6442922353744507,0.3380680084228515,0.6393555402755737,0.3481411933898926,0.6341757774353027,0.3504586517810821
484,484,train,8866,0.5953564643859863,0.4047566652297973,0.6095172762870789,0.3917193412780761,0.6022890210151672,0.3969806730747223,0.6078585982322693,0.3932554125785827,0.5932018160820007,0.4044418632984161,0.5950152277946472,0.4040718674659729,0.5928937196731567,0.4064870476722717,0.5883404016494751,0.4072047173976898,0.5895890593528748,0.4051941335201263,0.6021105647087097,0.3960894048213959,0.596718430519104,0.4053518772125244,0.5918537378311157,0.4053666591644287
485,485,train,9097,0.6151784658432007,0.384128600358963,0.6340084671974182,0.3666112422943115,0.6286851763725281,0.3706482946872711,0.6319077610969543,0.3673713207244873,0.6110557913780212,0.3847846090793609,0.6153929829597473,0.3829417824745178,0.61544269323349,0.3852863609790802,0.6081699132919312,0.3878764808177948,0.6088806390762329,0.3858040869235992,0.6236311793327332,0.373031347990036,0.6205518841743469,0.3815454840660095,0.6132039427757263,0.3840897679328918
486,486,train,9214,0.5016799569129944,0.4541901051998138,0.5140553712844849,0.443478375673294,0.5108701586723328,0.448526382446289,0.5111016631126404,0.4460334479808807,0.4992537796497345,0.4535489380359649,0.5015361905097961,0.4532102346420288,0.5011263489723206,0.4537425339221954,0.4997125267982483,0.4542969763278961,0.5003665685653687,0.4531519711017608,0.5087980031967163,0.4475706815719604,0.5028398036956787,0.4535057842731476,0.4993728995323181,0.4530407190322876
487,487,train,9108,0.6483349204063416,0.3355987071990967,0.6664702296257019,0.3169006109237671,0.6619886755943298,0.317923903465271,0.6646835207939148,0.3153689205646515,0.6394248008728027,0.3380080759525299,0.6473298668861389,0.3328388035297394,0.6517509818077087,0.3337770104408264,0.6433433294296265,0.3395611345767975,0.6411583423614502,0.3402492702007293,0.6557868719100952,0.3250688016414642,0.6502761840820312,0.3327428698539734,0.6481250524520874,0.3349443674087524
488,488,test,9063,0.6323058605194092,0.3551211059093475,0.6537010669708252,0.3338693976402282,0.6499517560005188,0.3352696597576141,0.6515589952468872,0.3331656157970428,0.625350296497345,0.3578532338142395,0.6322107911109924,0.352853924036026,0.6364579200744629,0.3527915477752685,0.6269195079803467,0.3582387566566467,0.6257519721984863,0.3577542304992676,0.6425061821937561,0.3406568765640259,0.6370426416397095,0.3516328334808349,0.631915271282196,0.3536902368068695
489,489,train,9314,0.6381933689117432,0.343980461359024,0.6591916680335999,0.3224955201148987,0.6545758247375488,0.3237993419170379,0.657281756401062,0.3216465413570404,0.6299256086349487,0.3472355604171753,0.6381449103355408,0.3412863910198211,0.6424870491027832,0.3410094678401947,0.6326544284820557,0.3472808003425598,0.6304661631584167,0.3479522466659546,0.6470949053764343,0.3302035629749298,0.6417183876037598,0.3406861424446106,0.6373422145843506,0.3424412906169891
490,490,train,10593,0.6421186327934265,0.339276373386383,0.6592633724212646,0.3218427896499634,0.6561524868011475,0.3219957053661346,0.6576210260391235,0.3202753067016601,0.6345006823539734,0.3409410715103149,0.6413143277168274,0.3364872336387634,0.645858883857727,0.3373430371284485,0.6383609175682068,0.3422233164310455,0.6362661719322205,0.342607706785202,0.6495611667633057,0.3291093409061432,0.6449171304702759,0.3362361192703247,0.642099916934967,0.3387414813041687
491,491,train,10641,0.6315447688102722,0.3507977724075317,0.6536349058151245,0.3292390406131744,0.6497087478637695,0.3308544158935547,0.65193772315979,0.3280901312828064,0.6246420741081238,0.3535584807395935,0.6320523619651794,0.3483729958534241,0.6357380151748657,0.3482743203639984,0.6253288984298706,0.3541152477264404,0.6236138939857483,0.3539448380470276,0.6418604850769043,0.3354552686214447,0.6365240812301636,0.3476223051548004,0.6306654810905457,0.3488275110721588
492,492,train,9945,0.5755906105041504,0.4202198982238769,0.5893317461013794,0.4081027209758758,0.582290530204773,0.4128009676933288,0.5874714851379395,0.4104063808917999,0.5736256241798401,0.4200561940670013,0.5749730467796326,0.4198578894138336,0.5735726356506348,0.4212808907032013,0.5697685480117798,0.4212862551212311,0.57140052318573,0.4194695055484772,0.5826237797737122,0.4121375977993011,0.5762552618980408,0.4211957156658172,0.5727502107620239,0.4201943874359131
493,493,test,10613,0.4994511604309082,0.46083465218544,0.5116423964500427,0.4487960636615753,0.5080652236938477,0.4543744325637817,0.5075008869171143,0.4522901475429535,0.4969018697738647,0.459337055683136,0.4983857572078705,0.4592419862747192,0.498619794845581,0.459990918636322,0.497266411781311,0.4611733555793762,0.4985343515872955,0.4598251283168793,0.5067780613899231,0.4529295265674591,0.5006000399589539,0.4594252109527588,0.4975188672542572,0.4585555493831634
494,494,test,8871,0.6362293362617493,0.3485892117023468,0.6573677659034729,0.3272113502025604,0.6524913907051086,0.3286141753196716,0.6556740999221802,0.3260501325130462,0.6280004382133484,0.3517731726169586,0.6361318230628967,0.3459165096282959,0.641141951084137,0.3455559611320495,0.630800724029541,0.3519442975521087,0.6288718581199646,0.3522040545940399,0.6457496285438538,0.3348385989665985,0.640029788017273,0.3450912535190582,0.6360247731208801,0.3467961847782135
495,495,test,8876,0.4729212522506714,0.4618775546550751,0.4834699630737304,0.4488126933574676,0.4827689528465271,0.4553409516811371,0.479369193315506,0.4531275928020477,0.4691299200057983,0.461527019739151,0.4722318351268768,0.4604432284832001,0.47193443775177,0.4615949392318725,0.4712341129779815,0.4621513485908508,0.4720281064510345,0.4613879024982452,0.4785368740558624,0.4534791111946106,0.4740436375141144,0.4608612656593323,0.4700543582439422,0.460383802652359
496,496,train,9377,0.6314684152603149,0.3560314476490021,0.6528918743133545,0.3347160518169403,0.6482545733451843,0.3365748226642608,0.650479257106781,0.3346851468086242,0.624220073223114,0.3588590919971466,0.6311076879501343,0.3540243208408355,0.6353111863136292,0.3543843626976013,0.6255589723587036,0.3593792617321014,0.6243770718574524,0.3586371839046478,0.6411618590354919,0.3419757783412933,0.6359206438064575,0.3528090417385101,0.630275309085846,0.3549090027809143
497,497,train,8977,0.4997227489948272,0.4563981890678406,0.5116643905639648,0.4449233114719391,0.5091588497161865,0.4502055048942566,0.5076164603233337,0.4487512707710266,0.4973191320896148,0.4558489024639129,0.4993823170661926,0.4557396173477173,0.4991712570190429,0.4559807181358337,0.4974124431610107,0.4565280973911285,0.4980267882347107,0.4555459022521972,0.5067417621612549,0.4492333829402923,0.5007910132408142,0.4557714760303497,0.4977414608001709,0.4546623229980469
498,498,train,9233,0.5814827680587769,0.4184423387050628,0.5960245728492737,0.405977338552475,0.589337944984436,0.4098425507545471,0.593533992767334,0.4079035222530365,0.579646110534668,0.4179115295410156,0.5812313556671143,0.4176116585731506,0.5781698822975159,0.4200098514556885,0.5738844275474548,0.4207468628883362,0.5757400989532471,0.4187707602977752,0.5884929895401001,0.4104736149311065,0.5827680230140686,0.4182958006858825,0.5778340101242065,0.4186434745788574
499,499,train,9870,0.6543676257133484,0.3258602619171142,0.6700060963630676,0.3110351860523224,0.6672827005386353,0.3106619119644165,0.6682278513908386,0.3080829381942749,0.6466994881629944,0.3258167207241058,0.6535557508468628,0.3219674527645111,0.6580091118812561,0.3257371187210083,0.6513761878013611,0.3302598893642425,0.6492615342140198,0.3305777013301849,0.6606075167655945,0.3194292485713959,0.6562020182609558,0.3232354521751404,0.6553288698196411,0.3267063498497009
500,500,train,9936,0.6144235730171204,0.386462390422821,0.6325346827507019,0.3693833649158478,0.6270798444747925,0.3737961649894714,0.6300527453422546,0.3702926337718963,0.6106051206588745,0.3874010145664215,0.6146156787872314,0.3854075074195862,0.6148106455802917,0.3875219821929931,0.6076315641403198,0.3900120854377746,0.6084387302398682,0.3880518972873688,0.6221296191215515,0.3756459951400757,0.6193379163742065,0.3845992386341095,0.6122323274612427,0.3867023587226867
501,501,train,8990,0.4907876849174499,0.4333640038967132,0.4964297413825989,0.426969051361084,0.4982500076293945,0.4308727979660034,0.4947213530540466,0.4291164577007293,0.4877358078956604,0.4343018531799316,0.4907261431217193,0.4339937567710876,0.490222156047821,0.4347307384014129,0.4906088709831238,0.4332114160060882,0.4915084540843963,0.4331152737140655,0.4939154088497162,0.4304895997047424,0.4915326833724975,0.4351566433906555,0.4889746904373169,0.4336008131504059
502,502,train,9077,0.6209312081336975,0.3772523701190948,0.6404522657394409,0.358297735452652,0.6360301375389099,0.3617383241653442,0.6379104852676392,0.3590099513530731,0.6161100268363953,0.3786989152431488,0.6210349798202515,0.3759187459945678,0.6223639845848083,0.3776184320449829,0.6141965389251709,0.3809005916118622,0.6144525408744812,0.3791348934173584,0.6290974020957947,0.3652259707450866,0.6269930005073547,0.3741101920604706,0.619011640548706,0.3769084215164184
503,503,train,10567,0.5828893780708313,0.4137164354324341,0.5970560908317566,0.4007671177387237,0.5899072885513306,0.4059901237487793,0.5949472784996033,0.4026120603084564,0.5805410742759705,0.4137605130672455,0.5823700428009033,0.4133795201778412,0.5820042490959167,0.4142249524593353,0.5776326060295105,0.4146851599216461,0.579189658164978,0.4127803742885589,0.5917108058929443,0.4037566483020782,0.5840599536895752,0.4143640398979187,0.5816752910614014,0.4124181866645813
504,504,train,10635,0.5019279718399048,0.4547446966171264,0.5131128430366516,0.4453654587268829,0.50888592004776,0.4498386979103088,0.5101310610771179,0.4485303163528442,0.4994533061981201,0.4542515873908996,0.5016001462936401,0.4542840719223022,0.5016751885414124,0.454637736082077,0.4999284744262695,0.4552903473377228,0.5002380609512329,0.4539856612682342,0.5090429186820984,0.4488079249858856,0.5027920603752136,0.4551657438278198,0.5003376007080078,0.4536591172218323
505,505,train,9401,0.467481255531311,0.4607338607311249,0.4778703153133392,0.4484356641769409,0.4775482714176178,0.4555283188819885,0.4734891355037689,0.4524813592433929,0.462908536195755,0.4602590203285217,0.4666974246501922,0.4599581360816955,0.465846300125122,0.4604741036891937,0.4651221334934234,0.4610686898231506,0.4658114910125732,0.4607652723789215,0.4716659486293793,0.4540141522884369,0.4684789180755615,0.4604377746582031,0.4646061956882477,0.4591691493988037
506,506,train,9020,0.640920877456665,0.3396550714969635,0.6596632599830627,0.32014861702919,0.656216561794281,0.3206797242164612,0.658276379108429,0.3187658488750458,0.6320236921310425,0.3429164886474609,0.6397742033004761,0.3373561501502991,0.6444768905639648,0.3370767831802368,0.636053204536438,0.3426687121391296,0.6334177851676941,0.3436320424079895,0.6488535404205322,0.3275637030601501,0.6434053182601929,0.336874395608902,0.6400250196456909,0.3385554254055023
507,507,train,10546,0.504716694355011,0.4562113881111145,0.5183835625648499,0.4448313415050506,0.5134114027023315,0.4503135681152344,0.5137153267860413,0.4483510255813598,0.5021372437477112,0.4557154774665832,0.5045517086982727,0.4557293951511383,0.5043264031410217,0.455845832824707,0.5022203922271729,0.4563630521297455,0.5030676126480103,0.4552620649337768,0.5138295292854309,0.448498785495758,0.5058637857437134,0.4553999900817871,0.5032030344009399,0.4548000991344452
508,508,train,8943,0.612145185470581,0.3843377232551574,0.6308247447013855,0.3665109574794769,0.6250558495521545,0.3713142573833465,0.6285754442214966,0.3673511147499084,0.6085478663444519,0.3853775858879089,0.6128175854682922,0.3831478357315063,0.6136196851730347,0.3840823769569397,0.6066128015518188,0.3866533637046814,0.6068716049194336,0.3849183917045593,0.6209296584129333,0.3718035519123077,0.617380678653717,0.3822217583656311,0.6110429167747498,0.382602334022522
509,509,train,10618,0.6050286889076233,0.3951256275177002,0.62239009141922,0.3787827789783478,0.616887629032135,0.383474737405777,0.6204797029495239,0.3801086544990539,0.6020562648773193,0.3950756788253784,0.6054553985595703,0.3936313688755035,0.6051934361457825,0.3958581984043121,0.5991731286048889,0.398056298494339,0.6002974510192871,0.3956104516983032,0.6127229928970337,0.3849437236785888,0.609552264213562,0.3929823040962219,0.6031718850135803,0.3947194516658783
510,510,train,9342,0.5203268527984619,0.446347177028656,0.5338523387908936,0.4355588257312774,0.5279502868652344,0.4399097859859466,0.5299638509750366,0.4385280311107635,0.5181103348731995,0.4460503756999969,0.5203495621681213,0.4460348486900329,0.5200375914573669,0.4462240934371948,0.5170496702194214,0.4465365409851074,0.5184465050697327,0.4451963603496551,0.5295636653900146,0.4389747083187103,0.5211299061775208,0.4457953572273254,0.5194701552391052,0.4450750946998596
511,511,train,9205,0.5373257398605347,0.436585009098053,0.5490666031837463,0.4260552227497101,0.5430327653884888,0.4313614666461944,0.5470169186592102,0.4281811416149139,0.5353339910507202,0.4356373846530914,0.5370212197303772,0.4361964762210846,0.5361496210098267,0.4368996620178222,0.533932089805603,0.4365074038505554,0.5348377823829651,0.435481458902359,0.5445422530174255,0.4294047057628631,0.5377211570739746,0.437365174293518,0.5356089472770691,0.4352856874465942
512,512,train,10532,0.515074610710144,0.4526100754737854,0.5288501381874084,0.441735029220581,0.5234257578849792,0.4461584985256195,0.525105893611908,0.4450185596942901,0.5126888751983643,0.4519721269607544,0.5151533484458923,0.4520041644573211,0.5144830346107483,0.4525068998336792,0.5117384791374207,0.4529324471950531,0.513157308101654,0.4513961672782898,0.5239776372909546,0.4454280734062195,0.5162286758422852,0.4521354734897613,0.5133850574493408,0.4515495300292969
513,513,train,10291,0.5678154826164246,0.4272966384887695,0.5825998187065125,0.4146012961864471,0.5752882957458496,0.4194600880146026,0.5793771147727966,0.4174382984638214,0.5660911798477173,0.427282840013504,0.5679686069488525,0.4268951714038849,0.5661224126815796,0.428220123052597,0.5615068674087524,0.4289205968379974,0.5634483695030212,0.4269760847091675,0.5767946243286133,0.4189328849315643,0.5688798427581787,0.427232027053833,0.5660106539726257,0.4267712831497192
514,514,train,8915,0.5909945368766785,0.4093089997768402,0.6059602499008179,0.3960760831832886,0.599149227142334,0.4006343483924866,0.6040768027305603,0.3978292346000671,0.5890210270881653,0.4091841876506805,0.5907127857208252,0.4088994860649109,0.5890418887138367,0.4106046557426452,0.5843542814254761,0.4113919734954834,0.5857701301574707,0.4091437757015228,0.5984365940093994,0.400311678647995,0.5931357741355896,0.4096585810184479,0.5883468985557556,0.4091430604457855
515,515,test,9088,0.5146975517272949,0.4538290500640869,0.528191328048706,0.4426392018795013,0.5229001641273499,0.4474778771400451,0.524027407169342,0.4461815655231476,0.5119806528091431,0.4532494843006134,0.5142663717269897,0.4533663094043731,0.5144410729408264,0.4535497725009918,0.5116820931434631,0.4539699852466583,0.513055145740509,0.4526275098323822,0.5236614942550659,0.4463303387165069,0.5160514712333679,0.4529685080051422,0.5135056376457214,0.4525004923343658
516,516,test,10001,0.6545878648757935,0.3208248913288116,0.6697152256965637,0.306949257850647,0.6670525074005127,0.3065877556800842,0.668545663356781,0.3033422827720642,0.6473838090896606,0.3201332986354828,0.6542679071426392,0.3164890110492706,0.6578161716461182,0.3214586675167084,0.6513134837150574,0.3258987069129944,0.6490913033485413,0.3262603282928467,0.6598911285400391,0.3156692385673523,0.6563510894775391,0.3183816075325012,0.6550257205963135,0.3225259184837341
517,517,train,9921,0.6175155639648438,0.3748939335346222,0.6379302144050598,0.3553996682167053,0.6335673332214355,0.3590781092643738,0.635552704334259,0.3564887940883636,0.6126375198364258,0.3769006431102752,0.6176975965499878,0.3738695383071899,0.6192512512207031,0.3739392459392547,0.6117320656776428,0.3768055438995361,0.6109475493431091,0.3758352994918823,0.6261074542999268,0.3615539371967315,0.6241569519042969,0.3718821406364441,0.6154957413673401,0.3736663460731506
518,518,train,9517,0.6209381222724915,0.3673039376735687,0.6417373418807983,0.3477002382278442,0.6374194025993347,0.3509827256202698,0.639849066734314,0.3471965193748474,0.6157408952713013,0.3689890205860138,0.6214253902435303,0.3655802011489868,0.6238231062889099,0.3658835887908935,0.6151744723320007,0.3696511089801788,0.6144078373908997,0.3687378168106079,0.6308117508888245,0.3529287874698639,0.627016544342041,0.3643133044242859,0.6200136542320251,0.3653866052627563
519,519,train,9889,0.6006333231925964,0.3996926248073578,0.6166620254516602,0.3848192691802978,0.6100557446479797,0.3897558450698852,0.6143226027488708,0.386434257030487,0.5979320406913757,0.4000356197357178,0.6006230711936951,0.3988637626171112,0.5989370346069336,0.4013851583003998,0.5930815935134888,0.402629017829895,0.5945904850959778,0.4003486633300781,0.6077110171318054,0.3900171816349029,0.6032941341400146,0.3997202813625335,0.5976510643959045,0.399856686592102
520,520,train,10242,0.6349252462387085,0.3522458672523498,0.6565068364143372,0.3309780061244964,0.6526821851730347,0.3319064974784851,0.6541540026664734,0.3301158547401428,0.6275232434272766,0.3549048602581024,0.634782612323761,0.3496310412883758,0.6400115489959717,0.3498039543628692,0.6299488544464111,0.3555054664611816,0.6285088658332825,0.3551810979843139,0.6453156471252441,0.3381357491016388,0.6392681002616882,0.3488000333309173,0.6351694464683533,0.350596159696579
521,521,train,9759,0.6211330890655518,0.3706916272640228,0.6422626376152039,0.3506595492362976,0.6374928951263428,0.3540789484977722,0.6398377418518066,0.3510574698448181,0.6158462166786194,0.3724775612354278,0.6213876605033875,0.3691129386425018,0.6233330965042114,0.3698085844516754,0.6148746609687805,0.3734355270862579,0.6144681572914124,0.372303158044815,0.6302325129508972,0.3569892048835754,0.6273347735404968,0.3676180839538574,0.619576096534729,0.3694608807563782
522,522,train,9398,0.5184758901596069,0.4507197737693786,0.5318790674209595,0.4386760890483856,0.5266426205635071,0.4435866177082062,0.5276224613189697,0.4419562816619873,0.5160226225852966,0.4503373205661773,0.5183000564575195,0.4500792622566223,0.5172380208969116,0.4506214261054992,0.5141562819480896,0.4513984322547912,0.515393853187561,0.4500229656696319,0.52718585729599,0.4430448114871979,0.518919050693512,0.4499338865280151,0.5169265866279602,0.4494550824165344
523,523,train,10400,0.6091158986091614,0.391827642917633,0.6246741414070129,0.3767277896404266,0.6178185343742371,0.382415622472763,0.6229347586631775,0.3779717981815338,0.6059474349021912,0.3925016820430755,0.6089064478874207,0.3913615345954895,0.6091951131820679,0.3920465111732483,0.6040910482406616,0.3932874798774719,0.604594886302948,0.3914006650447845,0.6175956726074219,0.3797409534454345,0.6116960048675537,0.3920323848724365,0.607356071472168,0.3907658159732818
524,524,train,9443,0.5823131799697876,0.4161232113838196,0.5973082780838013,0.4026683568954468,0.589899480342865,0.4080708026885986,0.5947883129119873,0.4050793647766113,0.5803641080856323,0.4160598516464233,0.5821260809898376,0.4155078530311584,0.5810014009475708,0.4168303310871124,0.5762643814086914,0.4174860417842865,0.578172504901886,0.4154996573925018,0.5915036797523499,0.4059247672557831,0.5834311246871948,0.4163280427455902,0.580700695514679,0.4151604771614074
525,525,train,9138,0.5067974925041199,0.4534147381782532,0.5176677703857422,0.4430291354656219,0.5148069262504578,0.4489106833934784,0.5147818922996521,0.4459529519081116,0.5045616626739502,0.4529328346252441,0.506702721118927,0.4528649747371673,0.5066568851470947,0.4533396661281585,0.505300760269165,0.4534038603305816,0.5061551928520203,0.4525425732135772,0.5134061574935913,0.4467842876911163,0.5081920027732849,0.4534339606761932,0.5050891637802124,0.4522373378276825
526,526,test,9009,0.5365156531333923,0.4405494928359985,0.5491349101066589,0.4296617209911346,0.5432478189468384,0.4346429109573364,0.5458654761314392,0.4324767589569092,0.5339201092720032,0.4401867985725403,0.5361887216567993,0.4401057660579681,0.5362260937690735,0.4401256740093231,0.533470094203949,0.4402986168861389,0.534695565700531,0.4392409920692444,0.5447913408279419,0.4328557252883911,0.5365138053894043,0.4410211741924286,0.5351473689079285,0.4391727447509765
527,527,train,10091,0.4690677225589752,0.4615007042884826,0.4784344732761383,0.4485065937042236,0.4785152077674866,0.4556600153446197,0.4738958179950714,0.4529895782470703,0.4652550518512726,0.4606053829193115,0.467955082654953,0.4601549506187439,0.4677084386348724,0.4608568251132965,0.4667679071426391,0.461691677570343,0.4674701690673828,0.4611141979694366,0.4732950627803802,0.4539662003517151,0.4704360067844391,0.4603857696056366,0.4659729897975921,0.460034966468811
528,528,test,9013,0.6001671552658081,0.4004499018192291,0.6171687841415405,0.3854323327541351,0.6104922890663147,0.3907196223735809,0.6150743365287781,0.3871987164020538,0.5982409119606018,0.4000676870346069,0.6003212928771973,0.3996671736240387,0.5982763767242432,0.4022673666477203,0.5927274823188782,0.4037782549858093,0.5939117074012756,0.4015718102455139,0.6074934005737305,0.3913616240024566,0.6038520932197571,0.3998847603797912,0.5965343117713928,0.4013671875
529,529,train,9193,0.6090327501296997,0.3899937868118286,0.625847578048706,0.3741314709186554,0.6203804016113281,0.3783413171768188,0.623658299446106,0.3752340972423553,0.6062085032463074,0.3901376128196716,0.6094977855682373,0.3887309432029724,0.6082342863082886,0.3919025659561157,0.6011430025100708,0.3944205939769745,0.6026678085327148,0.3918748199939728,0.6160187721252441,0.3805256485939026,0.6136526465415955,0.3881205022335052,0.6065775156021118,0.3905438184738159
530,530,train,8869,0.5359238982200623,0.4417798221111297,0.5496528148651123,0.4310767650604248,0.5435285568237305,0.4355622828006744,0.5461894869804382,0.4339348375797272,0.5335434675216675,0.441485196352005,0.5355116724967957,0.4416263103485107,0.5356405973434448,0.441693514585495,0.5325331091880798,0.4417170584201813,0.5337699055671692,0.440481036901474,0.5456189513206482,0.4342248439788818,0.5361677408218384,0.4416954815387726,0.5348809957504272,0.4405818581581116
531,531,train,9459,0.5051907896995544,0.4550549685955047,0.5181435346603394,0.4430094063282013,0.5149146318435669,0.448242574930191,0.5138705968856812,0.4473198056221008,0.502429723739624,0.4545341730117798,0.5055797100067139,0.453898936510086,0.5047535300254822,0.4549697339534759,0.5029041767120361,0.4551374316215515,0.503568708896637,0.4543185234069824,0.5125343799591064,0.448051393032074,0.5068119764328003,0.4539808928966522,0.50327467918396,0.4537543654441833
532,532,test,10302,0.5072327852249146,0.4488883316516876,0.5173802375793457,0.4372142255306244,0.5146043300628662,0.4440540373325348,0.5143333673477173,0.4399902522563934,0.504092812538147,0.4485691487789154,0.5064564943313599,0.4484253227710724,0.5059021711349487,0.448774516582489,0.5048732161521912,0.4487358033657074,0.5056078433990479,0.4480923116207123,0.5124000906944275,0.4415512681007385,0.5078762769699097,0.4491833746433258,0.5048317313194275,0.4469277262687683
533,533,train,10611,0.5780417919158936,0.4182315766811371,0.5922864675521851,0.4055157005786896,0.584834635257721,0.4111002385616302,0.5896431803703308,0.4079829156398773,0.5752838253974915,0.4187207520008087,0.5773944854736328,0.4183055758476257,0.5778340101242065,0.4182774126529693,0.5733269453048706,0.4189842641353607,0.5749954581260681,0.4170263409614563,0.5874625444412231,0.4080780744552612,0.5786606073379517,0.4190775454044342,0.577338695526123,0.4166730344295501
534,534,test,10256,0.6334967017173767,0.3572881817817688,0.6551470160484314,0.3365137577056885,0.6499151587486267,0.3382270932197571,0.6518917679786682,0.3359058499336242,0.625787615776062,0.3597768247127533,0.633120059967041,0.3548033833503723,0.6380265951156616,0.3569217622280121,0.6270803213119507,0.3628991544246673,0.6270861029624939,0.3611385226249695,0.6430303454399109,0.3459613621234894,0.6374848484992981,0.3538187444210052,0.6339221000671387,0.3570772409439087
535,535,train,9343,0.6129923462867737,0.3921387493610382,0.6295223236083984,0.3762988150119781,0.6232335567474365,0.3806555271148681,0.6276386976242065,0.3779162466526031,0.6101278066635132,0.3918476104736328,0.6128429770469666,0.3908790946006775,0.609797477722168,0.3951033353805542,0.6039291024208069,0.3968167006969452,0.6054210066795349,0.394309937953949,0.6192005276679993,0.3834923505783081,0.6168356537818909,0.3900705575942993,0.6085103750228882,0.3938662111759186
536,536,train,10137,0.5820911526679993,0.4140538275241852,0.5961958765983582,0.4013456702232361,0.588807225227356,0.4065586626529693,0.594109833240509,0.4035205245018005,0.5796375274658203,0.4140610992908478,0.5811529159545898,0.4136712253093719,0.5809434056282043,0.414425641298294,0.5769572257995605,0.4150400161743164,0.5785905122756958,0.4128628373146057,0.5908560156822205,0.4043988287448883,0.582909345626831,0.414571613073349,0.5805442333221436,0.4129001498222351
537,537,train,8982,0.6257572770118713,0.3706499636173248,0.6457745432853699,0.3516973555088043,0.6405929327011108,0.3549087047576904,0.6441001892089844,0.3516735434532165,0.6206503510475159,0.3717812895774841,0.6259069442749023,0.3689002096652984,0.6275551915168762,0.3707504570484161,0.6197807788848877,0.374112606048584,0.6195024847984314,0.3724532723426819,0.6350479125976562,0.3579869568347931,0.6309384703636169,0.3681052029132843,0.6243132948875427,0.3702352344989776
538,538,train,9806,0.6171835660934448,0.3796057105064392,0.6366822719573975,0.361491858959198,0.6314111351966858,0.3659754991531372,0.6345112323760986,0.3621488809585571,0.6133209466934204,0.3806602954864502,0.617761492729187,0.3784118294715881,0.6189083456993103,0.3793104290962219,0.6114377379417419,0.3822254240512848,0.611457109451294,0.3806071877479553,0.6257714033126831,0.367228239774704,0.623120129108429,0.3772099614143371,0.6155969500541687,0.3787634670734405
539,539,test,9669,0.4848681092262268,0.4365139901638031,0.4908853471279144,0.4305935800075531,0.490292876958847,0.4342913627624511,0.4883113503456116,0.4329629242420196,0.4826690852642059,0.4376139640808105,0.4841429889202118,0.437269777059555,0.4836934804916382,0.4388643801212311,0.483495831489563,0.4365683794021606,0.4846016764640808,0.4368384480476379,0.488713264465332,0.4332201480865478,0.4856666326522827,0.4399411082267761,0.4837360382080078,0.4363906383514404
540,540,test,8950,0.5016773343086243,0.4572559893131256,0.5164576768875122,0.4452687203884125,0.5108999013900757,0.4506599605083465,0.511387050151825,0.4490895271301269,0.4994395077228546,0.456446886062622,0.5022825598716736,0.4563808739185333,0.5015863180160522,0.4567444622516632,0.4987000823020935,0.4580203592777252,0.5003827214241028,0.4564843773841858,0.5111584067344666,0.4495156705379486,0.5036007761955261,0.4557544887065887,0.5002844929695129,0.4556604027748108
541,541,train,10464,0.6116352677345276,0.386368066072464,0.6294155716896057,0.3696990609169006,0.6242132782936096,0.3738960027694702,0.6271787285804749,0.3703873753547668,0.608029842376709,0.387421041727066,0.6118969321250916,0.3852450847625732,0.6125760078430176,0.3864177167415619,0.6055947542190552,0.3887868523597717,0.6063133478164673,0.3868505656719208,0.6200422644615173,0.3746644556522369,0.6164345741271973,0.3843507468700409,0.6103507876396179,0.3851577043533325
542,542,train,10088,0.4879474937915802,0.4553218781948089,0.4984751045703888,0.4425349831581116,0.4969771802425384,0.4496826529502868,0.4958884716033935,0.4460451900959015,0.4840487837791443,0.4550227224826813,0.4870837032794952,0.4542244374752044,0.486395925283432,0.4554784297943115,0.4859134554862976,0.4558317065238952,0.4865171909332275,0.455182135105133,0.4932448863983154,0.4474910795688629,0.4890443980693817,0.4553844630718231,0.4853405058383941,0.4534839987754822
543,543,test,9861,0.5076976418495178,0.4548953175544739,0.5201929211616516,0.4442383646965027,0.5161195397377014,0.4494450688362121,0.516912043094635,0.4473886489868164,0.5048702955245972,0.4543050229549408,0.5075885057449341,0.4541314542293548,0.5075421333312988,0.4548271298408508,0.5063790082931519,0.4548345804214477,0.5068871974945068,0.4541937410831451,0.5147509574890137,0.4485171735286712,0.5091148018836975,0.4543043375015259,0.505705714225769,0.4537000060081482
544,544,train,10042,0.6009395122528076,0.405204564332962,0.6169086694717407,0.3907192647457123,0.6100174784660339,0.3955507576465606,0.6146983504295349,0.3923859000205993,0.5990091562271118,0.4048789441585541,0.6009737253189087,0.4044550359249115,0.5983359217643738,0.4074993431568146,0.59269118309021,0.4087334275245666,0.5945317149162292,0.4064111113548279,0.6078396439552307,0.3966941237449646,0.603745698928833,0.4047769904136657,0.5973867774009705,0.4060683846473694
545,545,train,10186,0.5045543909072876,0.4499643445014953,0.5162948369979858,0.4394080936908722,0.5135046243667603,0.4443627595901489,0.5130453705787659,0.4420653879642486,0.5015814900398254,0.4496225416660309,0.5045449137687683,0.4489705562591553,0.5041744709014893,0.4496137797832489,0.5028701424598694,0.4501391649246216,0.5034170746803284,0.4491179585456848,0.5110993385314941,0.4435697793960571,0.5056763887405396,0.4498367607593536,0.5023683309555054,0.4484557211399078
546,546,train,9785,0.6178767085075378,0.3734551668167114,0.6390753388404846,0.3534441292285919,0.6345904469490051,0.3569142818450928,0.6365759372711182,0.3541232645511627,0.6127038598060608,0.3754425048828125,0.6180906891822815,0.3721937835216522,0.6197701692581177,0.3727721571922302,0.6118854284286499,0.3759064376354217,0.6113467812538147,0.374738335609436,0.6272051930427551,0.3595322370529175,0.6244789361953735,0.3704913854598999,0.6160979866981506,0.3721678256988525
547,547,test,10390,0.618913471698761,0.3781089782714844,0.6391378045082092,0.3587230443954468,0.6339707970619202,0.3622895777225494,0.636888325214386,0.3589990735054016,0.6133289337158203,0.379436194896698,0.6191888451576233,0.3764955699443817,0.620829164981842,0.3781004548072815,0.6122820973396301,0.3819396197795868,0.6124183535575867,0.3802683353424072,0.6275922060012817,0.3660834729671478,0.6246870160102844,0.3748577237129211,0.6172794699668884,0.3778883218765259
548,548,train,9620,0.6308492422103882,0.3566397726535797,0.6523513197898865,0.335751473903656,0.648409366607666,0.3372302651405334,0.6499820947647095,0.3351111114025116,0.6238436102867126,0.3593311607837677,0.6308499574661255,0.3545385003089905,0.635202169418335,0.3550149202346802,0.6247596740722656,0.360533595085144,0.6236144304275513,0.3597138822078705,0.6408898234367371,0.3427645266056061,0.6357478499412537,0.3533580899238586,0.6302311420440674,0.3555660545825958
549,549,train,9699,0.487894207239151,0.4587810635566711,0.499110609292984,0.4471778869628906,0.4965038299560547,0.4526810348033905,0.4949175417423248,0.4505507946014404,0.4854450523853302,0.4582931101322174,0.4874890446662903,0.4579783380031585,0.486991286277771,0.4584510922431946,0.4858410954475403,0.4591479897499084,0.4873419404029846,0.4579921960830688,0.4941046237945556,0.4513803124427795,0.4892517030239105,0.4579546451568603,0.4861936271190643,0.4568573534488678
550,550,train,9176,0.6278142333030701,0.3589199781417846,0.64860600233078,0.3388600945472717,0.6450616121292114,0.3407032787799835,0.6469433307647705,0.3382629156112671,0.6213158369064331,0.361285537481308,0.627875804901123,0.3568761944770813,0.6313314437866211,0.3572454452514648,0.6222125291824341,0.3616425991058349,0.6209459900856018,0.3608552813529968,0.6381423473358154,0.3442625403404236,0.6327021718025208,0.3561367988586426,0.6267293095588684,0.3573872447013855
551,551,train,9774,0.4880735576152801,0.4589106738567352,0.4999458789825439,0.4452705085277557,0.49855637550354,0.4526641070842743,0.4957292973995209,0.4492077529430389,0.4841574132442474,0.458158940076828,0.487438827753067,0.4578172266483307,0.4867063462734222,0.4586510360240936,0.4858838021755218,0.4590648710727691,0.4863792359828949,0.4586755037307739,0.4943414032459259,0.4510234296321869,0.4896111786365509,0.4580125510692596,0.4850333333015442,0.4573881328105926
552,552,test,10046,0.6079374551773071,0.3941053450107574,0.624035120010376,0.3787209987640381,0.6181643605232239,0.3830679059028625,0.6217025518417358,0.3801446557044983,0.6048524379730225,0.3945398330688476,0.6076980233192444,0.3932632803916931,0.6070201992988586,0.3955199420452118,0.60112065076828,0.3969891965389251,0.6025018692016602,0.3946559131145477,0.6152389049530029,0.3838379383087158,0.6113113760948181,0.392975240945816,0.6053628921508789,0.3940522074699402
553,553,test,9883,0.6008374691009521,0.399935632944107,0.6160339117050171,0.3859778642654419,0.6100668907165527,0.390553742647171,0.6150238513946533,0.3870205283164978,0.5992934703826904,0.3994863629341125,0.6012764573097229,0.398878812789917,0.5996048450469971,0.4016348123550415,0.5939390659332275,0.4029497504234314,0.5952773690223694,0.4005399048328399,0.608078122138977,0.3908863961696625,0.6047844886779785,0.3989320695400238,0.5983706116676331,0.4002875387668609
554,554,train,10524,0.5495069026947021,0.4350686073303222,0.5635493993759155,0.423503965139389,0.5559305548667908,0.4280985891819,0.5599579811096191,0.4264452457427978,0.5472408533096313,0.4349594116210937,0.5490381717681885,0.434866726398468,0.5489049553871155,0.4351507425308227,0.5447326898574829,0.435459166765213,0.5465716123580933,0.4338364601135254,0.5590376853942871,0.4268262684345245,0.5497090816497803,0.4352485835552215,0.5486815571784973,0.4338034391403198
555,555,train,9923,0.6284435391426086,0.3591322302818298,0.6506820321083069,0.3367829322814941,0.6461941599845886,0.3389723300933838,0.6478323936462402,0.3366805911064148,0.6213871240615845,0.36164191365242,0.6285155415534973,0.3567683100700378,0.6326823830604553,0.3569934666156769,0.6229936480522156,0.3624607622623443,0.6217955946922302,0.3618343472480774,0.6385486125946045,0.3445103168487549,0.6328621506690979,0.3560898005962372,0.6279709339141846,0.3575722575187683
556,556,train,8917,0.6079630255699158,0.3919110298156738,0.6246757507324219,0.3761883974075317,0.6191977858543396,0.3808273077011108,0.6228430867195129,0.3770206272602081,0.6053009033203125,0.3920958936214447,0.6082842946052551,0.3907051384449005,0.6084071397781372,0.3921404182910919,0.6018567085266113,0.3942867219448089,0.6030727028846741,0.3921695053577423,0.6162860989570618,0.380852460861206,0.6124165654182434,0.3901990354061126,0.6067512631416321,0.3906868696212768
557,557,train,10511,0.5835618376731873,0.4155013859272003,0.5986446142196655,0.4015881717205047,0.5912588238716125,0.406961590051651,0.5960124135017395,0.4040489792823791,0.5814266204833984,0.4155067801475525,0.5834136009216309,0.4149569571018219,0.5817916989326477,0.4164680540561676,0.5769317150115967,0.4175806045532226,0.5786747336387634,0.4153905510902405,0.591050386428833,0.4064920842647552,0.5857681035995483,0.415174126625061,0.5811944007873535,0.4152440726757049
558,558,train,10526,0.6091054677963257,0.3925980627536773,0.6257084012031555,0.3755480051040649,0.6199703216552734,0.3796711266040802,0.6250305771827698,0.3778042197227478,0.6060014367103577,0.392776757478714,0.6087608337402344,0.3905922770500183,0.6087392568588257,0.3933144807815552,0.6033303737640381,0.3946436941623688,0.603689968585968,0.3927620649337768,0.6176931858062744,0.3812645971775055,0.6127172112464905,0.3902286887168884,0.6069586277008057,0.3918661475181579
559,559,test,9024,0.6151500344276428,0.3818405866622925,0.6329821348190308,0.3651097118854522,0.6278824806213379,0.3692581951618194,0.630769670009613,0.3657385110855102,0.6111466288566589,0.3828985691070556,0.6153281331062317,0.3808806538581848,0.6161544919013977,0.382053017616272,0.6087258458137512,0.3848084211349487,0.6092930436134338,0.3827682435512543,0.6229750514030457,0.3705885112285614,0.6201226115226746,0.3798884153366089,0.6134134531021118,0.3810339272022247
560,560,train,10287,0.6196826696395874,0.3770180642604828,0.6404526829719543,0.3569479286670685,0.6356979608535767,0.3608246743679046,0.6382085084915161,0.3575485944747925,0.6139617562294006,0.3781839311122894,0.6195590496063232,0.3753816783428192,0.6217359304428101,0.3767267763614654,0.6139373779296875,0.3800901472568512,0.613867998123169,0.378593772649765,0.6289506554603577,0.3640559613704681,0.6254782676696777,0.3739544153213501,0.6183410882949829,0.3760916292667389
561,561,train,9415,0.6298711895942688,0.3539551496505737,0.6511226892471313,0.3326671719551086,0.6480721235275269,0.3336808979511261,0.6496625542640686,0.3314794301986694,0.6226915717124939,0.3570163249969482,0.6299442052841187,0.3516379594802856,0.6340124607086182,0.3514403402805328,0.6240547895431519,0.3572378158569336,0.6222738027572632,0.3569810688495636,0.63972008228302,0.3392634987831116,0.6348333358764648,0.3506457209587097,0.6288197040557861,0.352565735578537
562,562,train,9127,0.4991037249565124,0.4562789797782898,0.511587381362915,0.4445159435272217,0.5078270435333252,0.449826717376709,0.5078322291374207,0.448106586933136,0.4965520799160003,0.4555180966854095,0.4988715052604675,0.4553987979888916,0.4987415969371795,0.4557806253433227,0.4970372021198272,0.4563636481761932,0.4982182383537292,0.4552463591098785,0.5065352916717529,0.4486733078956604,0.5003362894058228,0.45524463057518,0.4973374009132385,0.4545268714427948
563,563,train,10067,0.5092769265174866,0.4326502978801727,0.5153886079788208,0.4236781597137451,0.5143724679946899,0.4287399649620056,0.514252781867981,0.4255475103855133,0.507013201713562,0.4334419369697571,0.5080189108848572,0.4323805570602417,0.5080012679100037,0.4329295754432678,0.5078162550926208,0.4314228296279907,0.5079582929611206,0.4318999946117401,0.5113518238067627,0.427475094795227,0.5097565650939941,0.4346735775470733,0.5063555240631104,0.4325182139873504
564,564,train,9558,0.4734126031398773,0.4556090831756592,0.48268723487854,0.4437704682350158,0.4837849140167236,0.4496610164642334,0.478451132774353,0.4485845267772674,0.4689960479736328,0.4562313556671142,0.4723408818244934,0.4553179740905761,0.4716708660125732,0.4559369087219238,0.4722490906715393,0.4554948806762695,0.4721358716487884,0.4561007022857666,0.4781284630298614,0.4486615061759949,0.475298672914505,0.455925703048706,0.4698422253131866,0.4547954201698303
565,565,train,10404,0.4846969842910766,0.4592376351356506,0.4951202273368835,0.4452612400054931,0.4953199625015259,0.4525112211704254,0.4905265271663666,0.4495053291320801,0.4803589880466461,0.458711713552475,0.4842773079872131,0.4580080509185791,0.483163982629776,0.4583576023578644,0.4827276170253753,0.4594507217407226,0.4834333956241607,0.4593478143215179,0.4903295040130615,0.450579971075058,0.4850989878177643,0.4582531452178955,0.4817936718463897,0.4572286605834961
566,566,train,9365,0.523556113243103,0.4468562006950378,0.5353949069976807,0.4359411597251892,0.5307577848434448,0.440967321395874,0.5326435565948486,0.4388284087181091,0.5211625099182129,0.4461346864700317,0.5230072140693665,0.4463748335838318,0.5231465697288513,0.4466737508773803,0.5210036635398865,0.446723997592926,0.5223065614700317,0.4458551108837127,0.5313803553581238,0.4393206536769867,0.5245141386985779,0.4471668303012848,0.5219816565513611,0.4455151259899139
567,567,test,9660,0.4747663140296936,0.4579706490039825,0.4847725629806518,0.4448520839214325,0.4845444560050964,0.4519118368625641,0.4797620177268982,0.4500709474086761,0.4705220460891723,0.4577579200267792,0.4743436872959137,0.4568459093570709,0.4733293652534485,0.4574590623378753,0.4728377163410187,0.4579726457595825,0.4733274281024933,0.4581629335880279,0.4792990684509277,0.4501760900020599,0.4760892987251282,0.4574432969093323,0.4717401564121246,0.4565642178058624
568,568,train,9780,0.4986293315887451,0.4552851021289825,0.5101567506790161,0.4433244466781616,0.5068933367729187,0.4490107297897339,0.507429301738739,0.4467488825321197,0.4956736266613006,0.4543350636959076,0.4976774454116821,0.4541893899440765,0.4978494644165039,0.4549499750137329,0.4968291819095611,0.4555047750473022,0.4974547922611236,0.454226553440094,0.505409836769104,0.4479003250598907,0.4993547797203064,0.4545303285121918,0.4966910481452942,0.4534753262996673
569,569,test,9925,0.478850245475769,0.4469224810600281,0.4894911646842956,0.4358082115650177,0.489493578672409,0.442322313785553,0.4864873886108398,0.4389684498310089,0.4750711023807525,0.4468019902706146,0.4780130088329315,0.4461914598941803,0.4772485792636871,0.4469130635261535,0.4781734943389892,0.4467747211456299,0.4784311056137085,0.4467238485813141,0.4840480983257293,0.4407407343387604,0.4792609512805938,0.4471665322780609,0.4756698906421661,0.4455976784229278
570,570,train,8880,0.6283847093582153,0.3580650687217712,0.650161623954773,0.3366164863109588,0.6463435888290405,0.3383580446243286,0.6493641138076782,0.3354759514331817,0.6218500733375549,0.3604202270507812,0.6289146542549133,0.3555905818939209,0.6322556734085083,0.3556911945343017,0.6226204037666321,0.3610114455223083,0.6206919550895691,0.3608832061290741,0.6387158632278442,0.3430728912353515,0.6337872743606567,0.3549001812934875,0.6274620890617371,0.3565585613250732
571,571,train,9624,0.4718560576438904,0.4602693617343902,0.4829711019992828,0.4484484791755676,0.4824656546115875,0.4547768235206604,0.4788707196712494,0.4524852037429809,0.4679315984249115,0.4590322077274322,0.4708862006664276,0.459355354309082,0.470219612121582,0.4604071378707886,0.46964892745018,0.4606202244758606,0.4705151617527008,0.4600543975830078,0.4769995808601379,0.4538366794586181,0.4729978442192077,0.4593982696533203,0.469163715839386,0.4591225683689117
572,572,train,10374,0.6225906014442444,0.3674015402793884,0.6437204480171204,0.3472512364387512,0.6396973729133606,0.3498825430870056,0.6412462592124939,0.3471966087818146,0.6171554923057556,0.3690986931324005,0.6233959197998047,0.3654616177082062,0.6255223751068115,0.366273820400238,0.6164931654930115,0.3703003525733948,0.6159585118293762,0.369036465883255,0.6322469711303711,0.3535389602184295,0.6287834048271179,0.3641878962516784,0.6218018531799316,0.3657353222370147
573,573,train,10351,0.4782852232456207,0.4574564099311828,0.4876872599124908,0.4442640841007232,0.4872735440731048,0.4514954388141632,0.4839455783367157,0.448456197977066,0.4751798808574676,0.4569460749626159,0.4775795340538025,0.4561560750007629,0.477084755897522,0.4571727514266968,0.4768825471401214,0.4577938020229339,0.4776581823825836,0.4574470818042755,0.4827582538127899,0.4502650797367096,0.4801139235496521,0.456870824098587,0.4757274687290191,0.455928772687912
574,574,train,9645,0.521958589553833,0.4511995315551758,0.5359296798706055,0.4395299255847931,0.5299990773200989,0.444279670715332,0.5319557189941406,0.4429694414138794,0.5196055173873901,0.4506243169307709,0.5217307209968567,0.4505593776702881,0.5216988921165466,0.4507414102554321,0.5186242461204529,0.4514636993408203,0.5199170708656311,0.4499753713607788,0.5309688448905945,0.443529725074768,0.5226048231124878,0.4505183398723602,0.5207650661468506,0.4497767388820648
575,575,train,9340,0.5766125321388245,0.4177367985248565,0.5904626846313477,0.4058764278888702,0.5828243494033813,0.4111979305744171,0.588396430015564,0.4081074595451355,0.5744238495826721,0.4177290797233581,0.5760658979415894,0.4177101850509643,0.5754045844078064,0.4183316826820373,0.5715470910072327,0.4185672998428345,0.5731988549232483,0.416756272315979,0.5849514603614807,0.4087949395179748,0.5773266553878784,0.4189085662364959,0.57447350025177,0.4170023500919342
576,576,train,9130,0.6310253739356995,0.3558865189552307,0.6522077918052673,0.3350533843040466,0.6475062966346741,0.3368786871433258,0.6495103240013123,0.3347047865390777,0.623795211315155,0.3584813177585602,0.6306394934654236,0.3538763523101806,0.6345993876457214,0.3544017076492309,0.6248003244400024,0.359768658876419,0.6241100430488586,0.3586200177669525,0.6407069563865662,0.3421189188957214,0.6349287629127502,0.3525801599025726,0.6302317380905151,0.354716420173645
577,577,train,9168,0.5352105498313904,0.4431118071079254,0.5497643947601318,0.4309510886669159,0.5431466102600098,0.4355785548686981,0.5458756685256958,0.4341955780982971,0.5333154201507568,0.4428441822528839,0.5360541939735413,0.4419633746147156,0.534579336643219,0.4428267180919647,0.5300636887550354,0.4439967274665832,0.5318536758422852,0.4423161149024963,0.5445963740348816,0.4352733790874481,0.5361872911453247,0.4424638748168945,0.5341372489929199,0.4421235024929046
578,578,test,10490,0.6269626617431641,0.3605834543704986,0.6487521529197693,0.3387537896633148,0.644818902015686,0.3409512639045715,0.6468796730041504,0.3381902575492859,0.6199376583099365,0.3634732663631439,0.6268446445465088,0.3586763143539428,0.6300286054611206,0.3590287268161773,0.6203786134719849,0.3639133870601654,0.6191038489341736,0.3632678091526031,0.6367323994636536,0.3456414043903351,0.632806658744812,0.3566752970218658,0.6256496906280518,0.3587656617164612
579,579,train,10413,0.6416251063346863,0.3418765366077423,0.6604498028755188,0.3220727741718292,0.6568185091018677,0.3229443728923797,0.6595302224159241,0.320654809474945,0.6334047913551331,0.3449707329273224,0.6412416100502014,0.3392751514911651,0.6449326276779175,0.3392086923122406,0.6363223195075989,0.344968318939209,0.6338428854942322,0.3456635177135467,0.6494836211204529,0.3293086290359497,0.6447513103485107,0.3387061953544616,0.6401886343955994,0.3409316837787628
580,580,train,10514,0.6131488084793091,0.3815322518348694,0.6295571327209473,0.3663286566734314,0.6239612698554993,0.3707857131958008,0.6272528767585754,0.3675843477249145,0.609380304813385,0.3829233348369598,0.6126744151115417,0.3812606036663055,0.613594114780426,0.381373643875122,0.607659101486206,0.3831651210784912,0.6082581281661987,0.3812886476516723,0.6210751533508301,0.3700453341007232,0.6168306469917297,0.3809332847595215,0.6112774014472961,0.3802336156368255
581,581,test,10424,0.5048747658729553,0.4538775682449341,0.5151852965354919,0.4418752789497375,0.5124602317810059,0.4486408829689026,0.5127452611923218,0.4453349411487579,0.5022099018096924,0.4531849324703216,0.5043143033981323,0.4528842866420746,0.5041942596435547,0.4532497227191925,0.502857506275177,0.4540152847766876,0.5035173296928406,0.4531878232955932,0.5109436511993408,0.4462634027004242,0.5056089758872986,0.453502207994461,0.5027671456336975,0.4519287645816803
582,582,train,9230,0.551444947719574,0.4346257746219635,0.5655125379562378,0.422931432723999,0.5582913756370544,0.4277996122837066,0.5624313354492188,0.4254935979843139,0.5494831800460815,0.4343690574169159,0.5511770248413086,0.4341520071029663,0.5503363609313965,0.4346587657928467,0.5467140674591064,0.4350533485412597,0.5486289262771606,0.4335092306137085,0.5602785348892212,0.4265364110469818,0.5520327091217041,0.4345369935035705,0.5502229928970337,0.4331856071949005
583,583,train,9003,0.4786147475242615,0.4600281715393066,0.4890679121017456,0.4475169777870178,0.4889703392982483,0.454537034034729,0.4842301905155182,0.4517607390880584,0.4743072688579559,0.4599508643150329,0.4779684245586395,0.4592896699905395,0.4770470857620239,0.4599372446537018,0.4766624569892883,0.4601692259311676,0.4776920080184936,0.4600827693939209,0.4830631613731384,0.4525889754295349,0.4789505302906036,0.4596993327140808,0.4751962423324585,0.4587826132774353
584,584,train,10579,0.5694658756256104,0.425748348236084,0.5832175612449646,0.4131966233253479,0.5757238268852234,0.4185817241668701,0.5796998143196106,0.4161801934242248,0.5668014287948608,0.4261994361877441,0.5688449144363403,0.4255869090557098,0.568954348564148,0.4257418215274811,0.5646479725837708,0.426230251789093,0.5664763450622559,0.4244952201843261,0.5786458253860474,0.4163472652435303,0.5695489645004272,0.4264573156833648,0.5689496397972107,0.4241844117641449
585,585,train,9321,0.5951641798019409,0.4032773971557617,0.6128312349319458,0.3867467045783996,0.6061700582504272,0.3918702900409698,0.6098469495773315,0.3888502717018127,0.5924371480941772,0.4035972654819488,0.5959193706512451,0.4023692607879638,0.5951038599014282,0.4039221405982971,0.5887612700462341,0.4061236381530761,0.590147078037262,0.4038027226924896,0.6024760007858276,0.393119603395462,0.5999894738197327,0.4017468988895416,0.5933667421340942,0.4028137624263763
586,586,test,9826,0.5007555484771729,0.4476114809513092,0.5103781819343567,0.4355825781822204,0.5090741515159607,0.4426188468933105,0.5084467530250549,0.4377889037132263,0.4971049427986145,0.4465611279010772,0.4999206066131592,0.4463169872760772,0.4997774660587311,0.4477511942386627,0.4993511438369751,0.447590172290802,0.4996712505817413,0.4469365775585174,0.5062308311462402,0.4406090080738067,0.5016892552375793,0.4481905996799469,0.4982210695743561,0.4460617005825043
587,587,train,9933,0.548816442489624,0.4329252541065216,0.5623733401298523,0.4209172427654266,0.5550323724746704,0.4259461760520935,0.5599628686904907,0.4231796562671661,0.5461156964302063,0.4331448376178741,0.5480186939239502,0.4328552782535553,0.5481868386268616,0.4330030083656311,0.5444469451904297,0.4332298040390014,0.546064019203186,0.4315560162067413,0.5578681230545044,0.4245060384273529,0.5484272241592407,0.4333913624286651,0.5476003289222717,0.431805819272995
588,588,train,10000,0.6431136131286621,0.3409978747367859,0.6622082591056824,0.3209003806114197,0.6567881107330322,0.3231862485408783,0.6606795191764832,0.3198120594024658,0.6339988112449646,0.3439101278781891,0.6424903273582458,0.3381909132003784,0.6470730900764465,0.3382251262664795,0.6383635401725769,0.3442580997943878,0.6355887055397034,0.3454670011997223,0.6509231925010681,0.3292345404624939,0.6456997990608215,0.3381412029266357,0.64289391040802,0.3396014869213104
589,589,train,9038,0.6345598697662354,0.3566591143608093,0.6567327976226807,0.3350281417369842,0.6517161726951599,0.3369482457637787,0.6536215543746948,0.334860622882843,0.6270114183425903,0.3592495620250702,0.6343362331390381,0.3542757630348205,0.638857901096344,0.3555568158626556,0.6287227869033813,0.3610483705997467,0.6279899477958679,0.3599084913730621,0.6446607708930969,0.3434581458568573,0.6393365263938904,0.3530925214290619,0.6343930959701538,0.3558850288391113
590,590,train,10582,0.5971273183822632,0.3922818005084991,0.6139660477638245,0.3774528801441192,0.6076992154121399,0.3831166625022888,0.6119808554649353,0.3784802854061126,0.5940268635749817,0.3928970396518707,0.5974298715591431,0.3915623724460602,0.5976362824440002,0.3919598162174225,0.5928173661231995,0.3930432200431824,0.5936688184738159,0.391152411699295,0.6058186292648315,0.3806193172931671,0.600674569606781,0.3922165930271148,0.5959585905075073,0.3903143405914306
591,591,train,9566,0.6088061332702637,0.3868920803070068,0.6258314847946167,0.3713113665580749,0.6197469830513,0.3763989508152008,0.6239393949508667,0.3723080456256866,0.605806291103363,0.3873522579669952,0.6088268160820007,0.3860789537429809,0.6089500784873962,0.3869406282901764,0.6033061146736145,0.3888072669506073,0.6041256189346313,0.386768490076065,0.6174173951148987,0.3755077421665191,0.6130594611167908,0.3853152096271515,0.6070047616958618,0.3859838247299194
592,592,train,9450,0.6251875162124634,0.3694660067558288,0.6470178365707397,0.3485702574253082,0.6420575976371765,0.3511712849140167,0.6443964838981628,0.3485893011093139,0.6190751194953918,0.3711395859718323,0.6255561113357544,0.3670536875724792,0.6280577182769775,0.369315505027771,0.6181018948554993,0.3741661012172699,0.6182973384857178,0.3724416494369507,0.6339881420135498,0.3574742674827575,0.6310635805130005,0.365814059972763,0.6242373585700989,0.368968665599823
593,593,train,9955,0.6111442446708679,0.3899168968200683,0.6285532712936401,0.3734320402145386,0.6230171322822571,0.3775995075702667,0.626400351524353,0.3746914863586426,0.6081393957138062,0.3902629613876343,0.6116273403167725,0.3885800838470459,0.610201895236969,0.3917686343193054,0.6036206483840942,0.3941162824630737,0.605002760887146,0.3915760219097137,0.6180479526519775,0.3804079890251159,0.615900456905365,0.3880469501018524,0.6084908843040466,0.3904924392700195
594,594,train,10051,0.6269914507865906,0.3536359667778015,0.6490849256515503,0.3323814570903778,0.6451847553253174,0.3344108462333679,0.6471214294433594,0.3320823609828949,0.6201546788215637,0.3566898107528686,0.6270958185195923,0.3518266975879669,0.6303877830505371,0.3514553010463714,0.6212462782859802,0.3560182154178619,0.6195374131202698,0.3558249175548553,0.6368029713630676,0.3386514186859131,0.6324604153633118,0.3506914973258972,0.625076174736023,0.352283775806427
595,595,train,9110,0.4913481473922729,0.4629256427288055,0.502094566822052,0.4507339596748352,0.5005905032157898,0.4571483433246612,0.4982759952545166,0.454235166311264,0.48794886469841,0.4618816673755646,0.4906330406665802,0.4614505469799042,0.4902125298976898,0.4627160131931305,0.4897463023662567,0.4636405706405639,0.4900010824203491,0.4627635776996612,0.4965538680553436,0.4560039341449737,0.4923309087753296,0.4617903232574463,0.4889831244945526,0.461748331785202
596,596,train,8925,0.5678279399871826,0.424444317817688,0.5817052125930786,0.4121286869049072,0.5740104913711548,0.4173848032951355,0.5786952376365662,0.4147251844406128,0.5651938915252686,0.4247101545333862,0.5672577619552612,0.4242596626281738,0.5672305226325989,0.4245450496673584,0.5630778074264526,0.4248048663139343,0.5647974610328674,0.423123687505722,0.5768676996231079,0.4152269661426544,0.5678383708000183,0.4250930547714233,0.5668031573295593,0.4233109056949615
597,597,train,9148,0.629266083240509,0.3550098836421966,0.6510624885559082,0.3333287537097931,0.6463293433189392,0.3354229927062988,0.6490813493728638,0.3324931263923645,0.6222028136253357,0.35772705078125,0.629594624042511,0.3524551689624786,0.6337699294090271,0.3520061075687408,0.6238787174224854,0.3576983213424682,0.6220053434371948,0.3576059639453888,0.6393703818321228,0.339959979057312,0.6339578628540039,0.3514699637889862,0.628622829914093,0.353074848651886
598,598,test,10268,0.6365723609924316,0.3510196805000305,0.6570539474487305,0.3304186761379242,0.6521807909011841,0.3317524492740631,0.6545820832252502,0.3296026289463043,0.6284281015396118,0.3543221950531006,0.6362513303756714,0.3486804962158203,0.6406238675117493,0.3490577638149261,0.6302675604820251,0.3553517460823059,0.6290816068649292,0.354838490486145,0.6449477076530457,0.3385919034481048,0.6399669051170349,0.3477829992771148,0.6357858180999756,0.3501133024692535
599,599,test,10311,0.6259276866912842,0.3614657819271087,0.6480697393417358,0.3402030766010284,0.6441829204559326,0.3424460589885711,0.6459790468215942,0.3398732841014862,0.6192405819892883,0.3643549382686615,0.6262922286987305,0.3595060110092163,0.629939079284668,0.3590030670166015,0.6201561689376831,0.3639858365058899,0.6187582015991211,0.3637459874153137,0.6357664465904236,0.3464433848857879,0.6320260763168335,0.3582016229629516,0.6250250339508057,0.3595126569271087
600,600,train,10140,0.6397954225540161,0.3418650031089782,0.6588602066040039,0.3219785690307617,0.6542151570320129,0.3233532011508941,0.6570621728897095,0.3207798600196838,0.6314775943756104,0.3446587324142456,0.6390422582626343,0.3392196297645569,0.6439943313598633,0.3390409350395202,0.634830117225647,0.3451283872127533,0.6327255368232727,0.3456577360630035,0.6480228900909424,0.3296325802803039,0.6424130797386169,0.3390625119209289,0.6392678022384644,0.3405536413192749
601,601,train,10135,0.481421560049057,0.4473816454410553,0.4918527007102966,0.4362361431121826,0.4915266335010528,0.4420627653598785,0.488536536693573,0.4394318759441376,0.4772074818611145,0.4480940699577331,0.4805974960327148,0.4469452500343323,0.4799742102622986,0.4477924108505249,0.4804746508598327,0.4473443627357483,0.4804587364196777,0.4478003084659576,0.4863713979721069,0.4416696727275848,0.4823319911956787,0.44740030169487,0.4783396422863006,0.4465859532356262
602,602,train,10139,0.4620601236820221,0.4554415345191955,0.4710367023944855,0.4427206814289093,0.4718175232410431,0.4492807984352112,0.4672941267490387,0.4468868672847748,0.4581666886806488,0.4551171362400055,0.4612735509872436,0.4543851613998413,0.460818350315094,0.4553957879543304,0.4606032073497772,0.4553558826446533,0.4607737958431244,0.4559389948844909,0.4662318229675293,0.448203444480896,0.4637486338615417,0.4546148478984833,0.4589160978794098,0.4544081091880798
603,603,test,9757,0.6208888292312622,0.3744840621948242,0.6395989060401917,0.3567765355110168,0.6353041529655457,0.3607800304889679,0.6379198431968689,0.3566690683364868,0.6160359382629395,0.3754503428936004,0.6206247210502625,0.3729808926582336,0.6226823925971985,0.3741883039474487,0.6154813170433044,0.3771908283233642,0.6158917546272278,0.3753031492233276,0.6297270655632019,0.3623184859752655,0.6256232261657715,0.3721713423728943,0.6197124719619751,0.3732863068580627
604,604,test,9567,0.4825953841209411,0.460974633693695,0.4931643307209015,0.4482085704803467,0.4927978515625,0.455363392829895,0.4891703426837921,0.4521894454956054,0.4788395464420318,0.4606302678585052,0.4821763932704925,0.4598258137702942,0.4816296398639679,0.4610142409801483,0.4815574288368225,0.4610220491886139,0.481993556022644,0.4609002768993377,0.488163024187088,0.4537315666675567,0.4842850863933563,0.4603886902332306,0.4800294637680053,0.4597152471542358
605,605,train,10355,0.6242840886116028,0.3614848256111145,0.6458675861358643,0.3400672674179077,0.6415192484855652,0.3427598774433136,0.6437491774559021,0.3399176299571991,0.6182977557182312,0.3636807203292846,0.6247116327285767,0.359381765127182,0.6277607679367065,0.3595391511917114,0.6187458634376526,0.3640940189361572,0.6176216006278992,0.3633968532085418,0.6340329051017761,0.3467227220535278,0.6298812031745911,0.3582010865211487,0.6232092976570129,0.3597047328948974
606,606,train,9700,0.4780965745449066,0.4626500606536865,0.4889709055423736,0.4491936564445495,0.4880992174148559,0.4565514028072357,0.4840798377990722,0.4536196291446686,0.4747945368289947,0.4620516002178192,0.4779307544231415,0.4612073004245758,0.4769538044929504,0.4622561037540436,0.4762429594993591,0.4629922211170196,0.4772407114505768,0.462725281715393,0.4828924536705017,0.4547586441040039,0.479764312505722,0.4611893892288208,0.475501000881195,0.4612929821014404
607,607,train,9281,0.5092429518699646,0.4525066316127777,0.5222355127334595,0.4417230188846588,0.5176074504852295,0.4470293819904327,0.5182285904884338,0.4445108473300934,0.5065178275108337,0.4519633650779724,0.5090362429618835,0.4520357251167297,0.5087487101554871,0.4522300064563751,0.5066951513290405,0.4525719881057739,0.507659375667572,0.4513912498950958,0.5178855061531067,0.4450195729732513,0.5106804370880127,0.4518534243106842,0.5078799724578857,0.4508810639381408
608,608,test,9338,0.633684515953064,0.3464529812335968,0.6544290781021118,0.3253282606601715,0.6504700183868408,0.3264809250831604,0.6528563499450684,0.3242932856082916,0.6256262063980103,0.3497027456760406,0.6334519982337952,0.3438473641872406,0.6378679871559143,0.3432671725749969,0.6282755732536316,0.349404901266098,0.6258150339126587,0.3500470221042633,0.642697274684906,0.3326805233955383,0.6375770568847656,0.3431856036186218,0.6325938105583191,0.3447926044464111
609,609,test,9513,0.5067728757858276,0.4330358207225799,0.5132433176040649,0.4246117770671844,0.5132220983505249,0.4293227791786194,0.5108745694160461,0.4277612566947937,0.5062353610992432,0.4334310889244079,0.5069094300270081,0.4325490891933441,0.5063788294792175,0.4331112504005432,0.5064285397529602,0.4324169754981994,0.5081031322479248,0.4314863979816437,0.5110400319099426,0.4281449615955353,0.5075802803039551,0.4342053234577179,0.5051760673522949,0.4318924844264984
610,610,train,10615,0.4951083064079284,0.4524462223052978,0.5066584944725037,0.4406948089599609,0.5035374164581299,0.4470399022102356,0.5030707120895386,0.4434908032417297,0.4921604990959167,0.4519191980361938,0.4947623312473297,0.4512904584407806,0.4940961301326751,0.4520778357982635,0.4934211671352386,0.4527900218963623,0.494055688381195,0.4518105685710907,0.5011178851127625,0.445441335439682,0.4962928593158722,0.4515620172023773,0.4928834438323974,0.4507216215133667
611,611,train,9668,0.6328238844871521,0.3481661975383758,0.6524526476860046,0.3288790583610534,0.6493479013442993,0.3294240832328796,0.6506668925285339,0.3276106417179107,0.6251558065414429,0.3505847752094269,0.6321132183074951,0.3458186089992523,0.6370915770530701,0.3456924557685852,0.6286172866821289,0.3507249057292938,0.6268000602722168,0.3508091270923614,0.6424232721328735,0.3347654044628143,0.6361290216445923,0.3456900715827942,0.6324631571769714,0.3468054831027984
612,612,train,9042,0.4937001168727875,0.4471080899238586,0.5046908855438232,0.4353619813919067,0.5031258463859558,0.442004919052124,0.5015602707862854,0.4384251832962036,0.4900035560131073,0.4463156461715698,0.4930452704429626,0.4465186297893524,0.4923820197582245,0.447159856557846,0.4916074573993683,0.4468284547328949,0.4921855628490448,0.4465025663375854,0.4986920654773712,0.4400043487548828,0.4940257668495178,0.4473442733287811,0.4911161661148071,0.4453243315219879
613,613,train,9400,0.6388630270957947,0.348282903432846,0.6595910787582397,0.3270240128040313,0.6549025774002075,0.3285952806472778,0.6578459739685059,0.3257854580879211,0.6305991411209106,0.3515249192714691,0.6386282444000244,0.3456033766269684,0.6433134078979492,0.3452672958374023,0.6332097053527832,0.3516156375408172,0.6310624480247498,0.3520649671554565,0.6480786204338074,0.3341379463672638,0.6417689919471741,0.345743179321289,0.6380805373191833,0.3466231226921081
614,614,train,9419,0.5093443393707275,0.4514275789260864,0.5226823687553406,0.4402413964271545,0.518295407295227,0.4451776146888733,0.518675684928894,0.4435788691043854,0.5067977905273438,0.4509972333908081,0.5090155601501465,0.4507100284099579,0.5088141560554504,0.4511486887931824,0.5070082545280457,0.45173379778862,0.5079629421234131,0.450305700302124,0.5175793766975403,0.4442396759986877,0.5104065537452698,0.4510982036590576,0.5075815916061401,0.4502862691879272
615,615,train,10207,0.5065112113952637,0.4544605314731598,0.5203480124473572,0.4434093534946441,0.5153753161430359,0.4476953744888305,0.5159218311309814,0.4466466903686523,0.5040792226791382,0.4541027247905731,0.5064263939857483,0.4540293514728546,0.5062299370765686,0.4542714655399322,0.5035114884376526,0.4546781480312347,0.5048136711120605,0.4533208906650543,0.5156897902488708,0.4471876621246338,0.5077564120292664,0.4536061882972717,0.5051708817481995,0.4531841874122619
616,616,train,8979,0.4781955182552337,0.4502322375774383,0.4873487949371338,0.4393303394317627,0.4893505573272705,0.4459514915943146,0.4849174320697784,0.4419456422328949,0.4747107923030853,0.4506067931652069,0.4775694012641907,0.4492732882499695,0.4773122370243072,0.4504996538162231,0.4775956273078918,0.4495882391929626,0.4781888127326965,0.4503247141838074,0.4836648106575012,0.4438956677913666,0.4804629981517792,0.4509166479110718,0.4752914607524872,0.4492256045341491
617,617,train,10316,0.6115955710411072,0.3867127299308777,0.6277592182159424,0.3714304566383362,0.6221044063568115,0.3758295178413391,0.6257821321487427,0.3725137710571289,0.6080605387687683,0.3878925144672394,0.611254096031189,0.3864882290363312,0.6112948060035706,0.3875398337841034,0.6051796078681946,0.3894394040107727,0.6060757040977478,0.3875081837177276,0.619109570980072,0.3760257363319397,0.6150601506233215,0.3858559429645538,0.6093500256538391,0.3864237666130066
618,618,train,9170,0.4879176318645477,0.4451111853122711,0.4961324334144592,0.4374332129955292,0.4978646337985992,0.4423260688781738,0.4929661750793457,0.4412865340709686,0.4861215054988861,0.4459397196769714,0.4878260493278503,0.4448997676372528,0.4877166152000427,0.4463402926921844,0.4878784716129303,0.4452874362468719,0.4887497723102569,0.4451791048049927,0.492699384689331,0.4416684508323669,0.4910078048706054,0.4474425315856933,0.4864418506622314,0.444822758436203
619,619,test,9064,0.5224921107292175,0.4401290416717529,0.5336488485336304,0.4302975535392761,0.529542088508606,0.43497434258461,0.5310933589935303,0.4326651096343994,0.5201110243797302,0.4395904541015625,0.5219229459762573,0.4400649666786194,0.5220568180084229,0.4402097165584564,0.5202168226242065,0.4395756721496582,0.521059513092041,0.4387778341770172,0.5292460322380066,0.4333212077617645,0.5233392119407654,0.4406850934028625,0.5207525491714478,0.438872218132019
620,620,test,10597,0.5942591428756714,0.4075460731983185,0.6091708540916443,0.3937370777130127,0.6024925708770752,0.3989967703819275,0.6062999963760376,0.395727664232254,0.5913392305374146,0.4082918763160705,0.5937891006469727,0.4073343575000763,0.5939621329307556,0.4079064726829529,0.5886878967285156,0.4090462625026703,0.5902448892593384,0.406871885061264,0.6027441024780273,0.3971675634384155,0.5962193012237549,0.4078733921051025,0.5931543707847595,0.4062531590461731
621,621,train,9448,0.5603246688842773,0.4295030236244201,0.5743009448051453,0.416824460029602,0.5666924118995667,0.4223760068416595,0.5710522532463074,0.4197657108306885,0.5575677752494812,0.4298767447471618,0.5597355365753174,0.4292676746845245,0.5597284436225891,0.4295403063297272,0.5556073188781738,0.4298094511032104,0.5574333071708679,0.4282393753528595,0.5696502923965454,0.42002734541893,0.5605583786964417,0.4303409159183502,0.5595836043357849,0.4279700815677643
622,622,train,9345,0.6365377902984619,0.3502768576145172,0.6573109030723572,0.3290165364742279,0.6531663537025452,0.329720675945282,0.6554955840110779,0.3280698359012604,0.6277307271957397,0.3539792895317077,0.6358280777931213,0.3481151163578033,0.6414711475372314,0.3478247821331024,0.6313355565071106,0.3538261950016022,0.629463791847229,0.3537521362304687,0.6464352011680603,0.3365638554096222,0.6397272944450378,0.34737029671669,0.6366429924964905,0.3488572239875793
623,623,train,9617,0.502392053604126,0.4549489319324493,0.5165913701057434,0.4431917667388916,0.512285590171814,0.447954773902893,0.5119490623474121,0.446578711271286,0.5001578330993652,0.4545377492904663,0.5027540326118469,0.4540977776050567,0.5014594793319702,0.4548676908016205,0.4993287920951843,0.4554879069328308,0.500602126121521,0.4541066288948059,0.5102011561393738,0.4480449259281158,0.5035511255264282,0.453941285610199,0.5005165934562683,0.4538148641586303
624,624,train,9957,0.4968193471431732,0.4547328054904938,0.5061513185501099,0.4427362084388733,0.5047363638877869,0.4497756958007812,0.5038255453109741,0.4457715153694153,0.493646889925003,0.4535596668720245,0.495972603559494,0.4536477327346802,0.4961607754230499,0.454201191663742,0.494977056980133,0.4548889994621277,0.4954136312007904,0.454445481300354,0.5018005967140198,0.4480502009391784,0.4988454580307007,0.4540858268737793,0.4947790801525116,0.4529576897621155
625,625,train,10043,0.4897878468036651,0.4497174322605133,0.4996641874313354,0.4378966689109802,0.4996030628681183,0.4450516104698181,0.4967003762722015,0.4406303465366363,0.4860568344593048,0.4489473402500152,0.4892346858978271,0.4488650262355804,0.4883652031421661,0.4494456350803375,0.487895518541336,0.4497245252132416,0.4883243143558502,0.4497220516204834,0.495107352733612,0.4423351287841797,0.4906935393810272,0.4496397674083709,0.4868457317352295,0.4483891129493713
626,626,train,9390,0.6158657670021057,0.3827213048934936,0.6344112157821655,0.3645306229591369,0.6291999220848083,0.3688548505306244,0.6324222683906555,0.3656432032585144,0.611544668674469,0.3838840425014496,0.6159578561782837,0.3817541599273681,0.6170783638954163,0.3827667832374573,0.6099624037742615,0.3853441774845123,0.6101523041725159,0.3836873769760132,0.624267578125,0.3706141710281372,0.6209921836853027,0.3803477585315704,0.6142242550849915,0.381799578666687
627,627,train,9283,0.5917263627052307,0.407627671957016,0.6065051555633545,0.393677294254303,0.5990278720855713,0.3996288776397705,0.6040368676185608,0.395901471376419,0.5887869596481323,0.4081552624702453,0.5910065770149231,0.4076581299304962,0.5911250710487366,0.4080033302307129,0.5863465070724487,0.4087710678577423,0.5876836776733398,0.4068250060081482,0.6002016663551331,0.3969769775867462,0.5930390357971191,0.4082948267459869,0.5902218818664551,0.4064956307411194
628,628,train,9172,0.6203994750976562,0.3685375154018402,0.640839695930481,0.3485845327377319,0.6365278959274292,0.3518685102462768,0.6390672922134399,0.3484795689582824,0.6153839230537415,0.3706401884555816,0.6212480664253235,0.3667866587638855,0.6232566237449646,0.3668113052845001,0.6148377060890198,0.3708020150661468,0.6138080954551697,0.3700320422649383,0.6291382312774658,0.3546230494976043,0.6265681385993958,0.3654862344264984,0.6186922192573547,0.3672301471233368
629,629,train,10442,0.6293498277664185,0.3526810705661773,0.6507302522659302,0.3311020135879516,0.6462709903717041,0.3325216174125671,0.6490960121154785,0.3301295936107635,0.621228814125061,0.3557013869285583,0.6289647221565247,0.3503122925758362,0.6334678530693054,0.3498278856277466,0.6240626573562622,0.3556023836135864,0.6218879818916321,0.3558841049671173,0.639133095741272,0.3384943604469299,0.6336217522621155,0.3493891358375549,0.6285572648048401,0.3510346114635467
630,630,train,10267,0.5035727024078369,0.4544010162353515,0.5151731371879578,0.4427108466625213,0.5119764804840088,0.4490756690502167,0.511016845703125,0.4464261531829834,0.5007637143135071,0.4533705413341522,0.5033190846443176,0.4536307156085968,0.5024882555007935,0.4538990259170532,0.5008509755134583,0.4546715319156647,0.5017870664596558,0.4537628293037414,0.5098000764846802,0.4472279548645019,0.5045380592346191,0.4537103474140167,0.501642644405365,0.4525428712368011
631,631,train,9680,0.6198495626449585,0.372264951467514,0.6403816342353821,0.3521531522274017,0.6356330513954163,0.3556747138500213,0.6379011869430542,0.3526006937026977,0.6145668029785156,0.3740172386169433,0.6202242970466614,0.3707588911056518,0.6222076416015625,0.3710334599018097,0.6138527989387512,0.3748292028903961,0.6135091185569763,0.3738793134689331,0.6285783648490906,0.3587342202663421,0.6255914568901062,0.3693858683109283,0.6185646057128906,0.370831549167633
632,632,test,9270,0.6322245597839355,0.3514471650123596,0.6531497836112976,0.3311949074268341,0.6497926712036133,0.3322971761226654,0.6515648365020752,0.3299590945243835,0.6249915361404419,0.3544954657554626,0.6324201822280884,0.3490705788135528,0.6371779441833496,0.3487418591976166,0.6269015073776245,0.3544773161411285,0.6252297163009644,0.3541355431079864,0.6426944136619568,0.3369739055633545,0.6365997791290283,0.3485181629657745,0.6320459246635437,0.3495815098285675
633,633,train,10226,0.5846506357192993,0.4121564924716949,0.5995673537254333,0.3982653319835663,0.5920025110244751,0.404150128364563,0.5968109965324402,0.4008029103279114,0.5819301605224609,0.4127618968486786,0.5842475891113281,0.4119099080562591,0.5843883752822876,0.4122035205364227,0.579480767250061,0.4131589829921722,0.5810635089874268,0.4110119640827179,0.5929626822471619,0.4018594622611999,0.5860444903373718,0.4125362038612366,0.5834217071533203,0.4106242060661316
634,634,train,10234,0.6260382533073425,0.3608080446720123,0.6472771763801575,0.3405029475688934,0.6431929469108582,0.3426993489265442,0.6452527642250061,0.340320736169815,0.6199142932891846,0.3632610738277435,0.6266390085220337,0.3587992787361145,0.6297816634178162,0.3588281571865082,0.6203310489654541,0.3633322715759277,0.6191614866256714,0.3627505302429199,0.6355880498886108,0.3467080295085907,0.6315967440605164,0.3578475415706634,0.624801754951477,0.3592891693115234
635,635,train,9421,0.523017942905426,0.4478408992290497,0.5352727770805359,0.4374562799930572,0.5302652716636658,0.4423850476741791,0.5318431854248047,0.4403342604637146,0.5207210779190063,0.4474112689495086,0.5233221054077148,0.4471623003482818,0.5229336619377136,0.4478560090065002,0.5200182795524597,0.4482946693897247,0.5211688876152039,0.4469125866889953,0.531463086605072,0.4408991038799286,0.5243781208992004,0.4480760395526886,0.5217000246047974,0.4467213153839111
636,636,train,10016,0.5057405829429626,0.4553891122341156,0.5190152525901794,0.4438784718513489,0.5148320198059082,0.4491863846778869,0.5147067308425903,0.4470388889312744,0.5031715035438538,0.4548531770706177,0.5057448148727417,0.4546506404876709,0.5053858757019043,0.4548998475074768,0.5035364627838135,0.4555073082447052,0.5045350193977356,0.454434722661972,0.5138364434242249,0.4479701817035675,0.5071287751197815,0.4546765983104706,0.5038190484046936,0.4539620280265808
637,637,train,9813,0.4972720146179199,0.4541264176368713,0.5110792517662048,0.4419394433498382,0.5066485404968262,0.4480713009834289,0.5071619749069214,0.4450750052928924,0.4948471784591675,0.4536384642124176,0.4974951446056366,0.4533653259277344,0.4968975782394409,0.4535974562168121,0.4953516721725464,0.4544167220592499,0.4963373839855194,0.4533567726612091,0.5055091381072998,0.446178525686264,0.4986951053142547,0.4530711472034454,0.4958081543445587,0.4524062871932983
638,638,train,9888,0.6089282035827637,0.3902302086353302,0.6258094906806946,0.3743057548999786,0.6201055645942688,0.3790532052516937,0.6234140396118164,0.3754450380802154,0.605606734752655,0.3910399377346039,0.6089918613433838,0.3896499872207641,0.6093685030937195,0.3906527757644653,0.6027924418449402,0.3927091956138611,0.6035701632499695,0.3906867206096649,0.6172227263450623,0.3788870871067047,0.613116443157196,0.3886766731739044,0.6073722839355469,0.3892594575881958
639,639,train,9468,0.611281156539917,0.3809874951839447,0.6300400495529175,0.363492339849472,0.6246618628501892,0.3684671819210052,0.6280841827392578,0.3641964495182037,0.6073155999183655,0.3821545541286468,0.6115550994873047,0.3800691366195678,0.612810492515564,0.3803890347480774,0.6061050295829773,0.38273486495018,0.6060171127319336,0.3812620937824249,0.6200483441352844,0.3680319488048553,0.6162239909172058,0.3797749876976013,0.6097871661186218,0.3793574869632721
640,640,train,10248,0.6308814287185669,0.3521656394004822,0.6520106792449951,0.3309690058231354,0.6487616896629333,0.3319867849349975,0.6504301428794861,0.3298946619033813,0.6235969662666321,0.3550906777381897,0.6308568120002747,0.3496794402599334,0.6351092457771301,0.3496767580509186,0.625272810459137,0.3553413450717926,0.6235969066619873,0.3550924360752105,0.641290545463562,0.3371821045875549,0.6353709101676941,0.3488985002040863,0.6300697326660156,0.3505764305591583
641,641,train,10440,0.6218085885047913,0.3687326610088348,0.6424850821495056,0.3488439321517944,0.6386023759841919,0.3510712087154388,0.6403732895851135,0.3489272594451904,0.6164288520812988,0.3708864450454712,0.6223059892654419,0.3671195805072784,0.6245182752609253,0.3673512637615204,0.6155458092689514,0.3713302910327911,0.6147845387458801,0.3702437877655029,0.6306080222129822,0.3550189733505249,0.6276056170463562,0.3656924366950989,0.6199945211410522,0.367589384317398
642,642,train,9859,0.5046036243438721,0.4506686925888061,0.5176982283592224,0.4394090175628662,0.5133503675460815,0.4449251890182495,0.5135928988456726,0.443060040473938,0.5024731755256653,0.4501497447490692,0.5044968724250793,0.4499038159847259,0.504528820514679,0.4500784575939178,0.5028535723686218,0.4506165683269501,0.5032284259796143,0.4498806595802307,0.5124359726905823,0.4437277317047119,0.5066311359405518,0.4496492147445678,0.5030412077903748,0.4492480754852295
643,643,train,9187,0.6059959530830383,0.3933788239955902,0.6229822635650635,0.3773021697998047,0.616434633731842,0.3823015987873077,0.6209920644760132,0.3783315420150757,0.6027871370315552,0.3939744532108307,0.6062639355659485,0.3924368917942047,0.6064559817314148,0.3934313654899597,0.6000899076461792,0.3957470655441284,0.6011872291564941,0.3934611082077026,0.6144070029258728,0.3816494643688202,0.6098488569259644,0.3921500146389007,0.6048089861869812,0.3918638825416565
644,644,train,9657,0.6203025579452515,0.3748124837875366,0.6403015851974487,0.3561150729656219,0.6360722780227661,0.3589746356010437,0.6382706761360168,0.3563065230846405,0.6149619817733765,0.3762063384056091,0.6204001307487488,0.3730704188346863,0.621902585029602,0.3752996027469635,0.6132822036743164,0.3789905309677124,0.6135994791984558,0.3771329820156097,0.6292034983634949,0.3631108403205871,0.6267767548561096,0.3713462352752685,0.6189740300178528,0.3743066787719726
645,645,test,10610,0.5150012373924255,0.4425324201583862,0.5282411575317383,0.4316941499710083,0.5220711827278137,0.4363000392913818,0.5240947604179382,0.4346806108951568,0.5123642086982727,0.4419071078300476,0.5145188570022583,0.4419050812721252,0.5144296288490295,0.4421923458576202,0.5120148658752441,0.4424465000629425,0.5132737159729004,0.4414439797401428,0.5239214301109314,0.4352776408195495,0.515410840511322,0.4417489767074585,0.5135770440101624,0.4411072134971618
646,646,train,10385,0.6466264724731445,0.3373246490955353,0.6644994616508484,0.3187596797943115,0.6606731414794922,0.3193352818489074,0.6629036068916321,0.3173791766166687,0.6378626227378845,0.3396729528903961,0.6458289623260498,0.3344217836856842,0.6496711373329163,0.3354809880256653,0.6418832540512085,0.3408137857913971,0.6395522952079773,0.3416345119476318,0.65369713306427,0.3270879983901977,0.6489771008491516,0.3343763053417206,0.6461893320083618,0.3366918861865997
647,647,test,10305,0.4797937273979187,0.4501985013484955,0.4881030917167663,0.4381431341171264,0.489160418510437,0.4456669986248016,0.4859832227230072,0.4415523111820221,0.4764016568660736,0.4496795237064361,0.4797893464565277,0.4491028487682342,0.4792347848415375,0.4504511654376983,0.4791281819343567,0.4500819742679596,0.4794495105743408,0.4506146311759949,0.4845952987670898,0.4434290528297424,0.4817916750907898,0.449479728937149,0.4773376584053039,0.4492958188056946
648,648,train,10293,0.50359046459198,0.4489473402500152,0.5140499472618103,0.4375569522380829,0.5122767686843872,0.4436472952365875,0.5125395059585571,0.4402345716953277,0.5002325177192688,0.4479173123836517,0.5026240348815918,0.4483071267604828,0.5025784373283386,0.4490819871425628,0.5014076232910156,0.4488699734210968,0.5015274882316589,0.4482094943523407,0.5083641409873962,0.4425266683101654,0.5041748285293579,0.4486743211746216,0.5013003945350647,0.4474228620529175
649,649,test,10084,0.4758376181125641,0.4632997810840606,0.4858066439628601,0.4498842358589172,0.485271006822586,0.4568594694137573,0.4818509221076965,0.4545075595378876,0.4722218811511993,0.4624442756175995,0.4749188721179962,0.4619762897491455,0.4744749069213867,0.4628450870513916,0.4740093648433685,0.4634426832199096,0.4745230078697204,0.4628767669200897,0.480461835861206,0.455254465341568,0.4771924316883087,0.4624834358692169,0.4731342494487762,0.4614513516426086
650,650,train,8936,0.6225256323814392,0.3711208701133728,0.6426802277565002,0.3523002564907074,0.6391428709030151,0.3547896444797516,0.641315221786499,0.3520958721637726,0.6173560619354248,0.3727871179580688,0.6226394772529602,0.3697178661823272,0.6245551109313965,0.3706865310668945,0.6159420013427734,0.374270886182785,0.6155484318733215,0.3728224039077759,0.6317774057388306,0.3581745326519012,0.6292588114738464,0.3677345216274261,0.6207937002182007,0.3701689839363098
651,651,test,10559,0.4854201674461365,0.4565974175930023,0.4946597218513489,0.4447036981582641,0.4942642152309418,0.4514296352863312,0.4915041923522949,0.4483141005039215,0.481413334608078,0.4561569094657898,0.4843515753746032,0.4559298753738403,0.4840952754020691,0.4568147361278534,0.4839155375957489,0.4565784335136413,0.4842408001422882,0.4561964571475982,0.4894003570079803,0.4498522877693176,0.4860479235649109,0.4568317532539367,0.4827205836772918,0.4553330540657043
652,652,train,10056,0.6204965114593506,0.3655573427677154,0.6428611874580383,0.3437148332595825,0.6384016871452332,0.3465404510498047,0.6404721736907959,0.343901515007019,0.6145600080490112,0.3676430583000183,0.6210148930549622,0.3634014129638672,0.6242622137069702,0.3634365499019623,0.6148430705070496,0.3680039644241333,0.6137359738349915,0.3672450184822082,0.6307079195976257,0.3504861891269684,0.6263532638549805,0.3623640835285187,0.6195412874221802,0.3636789321899414
653,653,train,9969,0.5147870182991028,0.443611592054367,0.5260908007621765,0.4328618347644806,0.5231180191040039,0.4390122890472412,0.5240885615348816,0.4354345202445984,0.5124041438102722,0.4428323209285736,0.5143453478813171,0.4428572952747345,0.5148360729217529,0.4434202313423157,0.5133582353591919,0.4433788061141968,0.5144631862640381,0.4425876438617706,0.5217577815055847,0.4366138577461242,0.5161495208740234,0.4440086781978607,0.5130762457847595,0.4420987963676452
654,654,train,9165,0.5115420818328857,0.4540500938892364,0.5249932408332825,0.4427115023136139,0.5204249024391174,0.4475468099117279,0.5206871032714844,0.4458284378051758,0.5091516375541687,0.4535280466079712,0.5113363265991211,0.4534222781658172,0.5113455653190613,0.4536831676959991,0.5089588761329651,0.4543211162090301,0.5099149942398071,0.452940285205841,0.5207810997962952,0.4464420974254608,0.5126875042915344,0.4531693458557129,0.5103044509887695,0.4526279866695404
655,655,train,10629,0.6240760684013367,0.357756644487381,0.6462298035621643,0.3361941576004028,0.6418960094451904,0.3384685814380646,0.6445884108543396,0.3354547321796417,0.6174945831298828,0.3602918982505798,0.6249668598175049,0.3553323745727539,0.6280957460403442,0.3553698658943176,0.6187509894371033,0.3605651259422302,0.617328405380249,0.3601747453212738,0.6344318985939026,0.3425157070159912,0.6299954056739807,0.3542951047420501,0.6231819987297058,0.3560231029987335
656,656,test,9911,0.4780177772045135,0.4600385129451751,0.4895415604114532,0.4466387033462524,0.4882161021232605,0.4530820846557617,0.4845666289329529,0.4515367448329925,0.474268764257431,0.4594054818153381,0.4778273999691009,0.4585650861263275,0.476550281047821,0.4598692953586578,0.4763980805873871,0.4601113200187683,0.4767780900001526,0.4600071609020233,0.4841644465923309,0.4524957537651062,0.4797095656394958,0.4584474861621856,0.4752764701843261,0.4588428437709808
657,657,train,10415,0.622667133808136,0.3627770245075226,0.6442563533782959,0.3418464660644531,0.640092670917511,0.3448188304901123,0.6429316401481628,0.3411978483200073,0.6170560717582703,0.3648774921894073,0.6233975291252136,0.3606515526771545,0.6257442831993103,0.3607584834098816,0.6171192526817322,0.3650188744068146,0.6157984137535095,0.3645071685314178,0.6330054402351379,0.3476844727993011,0.6284814476966858,0.3596351444721222,0.6211292743682861,0.3610523641109466
658,658,test,9584,0.6092126369476318,0.3891508877277374,0.6263188719749451,0.3727604150772095,0.6209875345230103,0.3767769634723663,0.6242702007293701,0.3735158741474151,0.6062045097351074,0.3895165920257568,0.6095479726791382,0.387851357460022,0.6093677878379822,0.3902015686035156,0.6022866368293762,0.3926169276237488,0.603594958782196,0.3902817368507385,0.6170750260353088,0.3783870637416839,0.6136592626571655,0.3869547545909881,0.6074234843254089,0.3886364102363586
659,659,train,9550,0.4968806207180023,0.461090624332428,0.5077202916145325,0.4493181407451629,0.5053314566612244,0.4555606544017792,0.5046819448471069,0.4529898762702942,0.4936575889587402,0.460137665271759,0.4957436919212341,0.4601889252662658,0.4957200288772583,0.4607903957366943,0.4946252703666687,0.4613905847072601,0.495652824640274,0.4602080583572387,0.5026819705963135,0.4538627862930298,0.4971316754817962,0.4605178534984588,0.4944917857646942,0.4593655169010162
660,660,train,10111,0.6330748796463013,0.3493257462978363,0.6533243060112,0.3286446630954742,0.6495193243026733,0.3297136127948761,0.6518623232841492,0.3275392353534698,0.6256304979324341,0.3522274196147918,0.6330594420433044,0.3466976583003998,0.6368926763534546,0.3463540077209472,0.6280375719070435,0.3518449664115906,0.6257671117782593,0.352369487285614,0.6420977711677551,0.335605651140213,0.6373832821846008,0.3458559513092041,0.6321793794631958,0.3476960361003876
661,661,test,9524,0.6235986351966858,0.3753625452518463,0.6438484191894531,0.3554930090904236,0.6388614773750305,0.3590058982372284,0.6417437791824341,0.3557030856609344,0.617614209651947,0.3770279586315155,0.6234290599822998,0.3737741708755493,0.6260212063789368,0.374737948179245,0.6176967620849609,0.3784720301628113,0.6172499060630798,0.3773570656776428,0.632957398891449,0.3619894683361053,0.6290373206138611,0.3724687099456787,0.6225802302360535,0.3744270801544189
662,662,train,8931,0.6249915361404419,0.3733648359775543,0.6449600458145142,0.3542419970035553,0.6405256390571594,0.3571085333824157,0.6427987813949585,0.3543294370174408,0.6195911765098572,0.3747360110282898,0.6252948641777039,0.371477335691452,0.626812756061554,0.3739204108715057,0.6181674003601074,0.3776018321514129,0.6183608174324036,0.3758442103862762,0.6337214112281799,0.3615643084049225,0.6309610605239868,0.3698789179325104,0.6236286759376526,0.3731847405433655
663,663,train,9902,0.6350374221801758,0.3527476787567138,0.6568083167076111,0.3308244049549103,0.6513394117355347,0.3328946828842163,0.6539369225502014,0.3305686116218567,0.6263998746871948,0.3558917641639709,0.6341358423233032,0.3505895435810089,0.6398482918739319,0.3505761921405792,0.6297712922096252,0.3565355241298675,0.6283073425292969,0.3562192320823669,0.6445233821868896,0.3397578597068786,0.6388167142868042,0.3494541645050049,0.6351994872093201,0.3515903055667877
664,664,train,9004,0.4810391962528229,0.4552367627620697,0.492389976978302,0.4430097639560699,0.4910646080970764,0.4503194689750671,0.4887872636318207,0.446591854095459,0.4772555828094482,0.4547861218452453,0.4803802669048309,0.4547598361968994,0.4794219136238098,0.4552382528781891,0.4790913164615631,0.4556364715099334,0.4799295365810394,0.455183207988739,0.4861609935760498,0.4484562277793884,0.4814984798431396,0.455283910036087,0.478084534406662,0.4538197815418243
665,665,train,9044,0.4747727513313293,0.4468379318714142,0.4833510518074035,0.4377668797969818,0.4834418892860412,0.4423647224903106,0.4800567030906677,0.440558910369873,0.4718683660030365,0.4479065537452698,0.4744995832443237,0.4473495781421661,0.4740842580795288,0.4481962621212005,0.4740605056285858,0.4470302164554596,0.4748596251010895,0.4470217823982239,0.4792846143245697,0.4422049224376678,0.4763404130935669,0.4485187232494354,0.4730064272880554,0.4466967284679413
666,666,test,10416,0.4866800308227539,0.4569915533065796,0.4981541931629181,0.444105714559555,0.4966834485530853,0.4513947367668152,0.4938495755195617,0.4480063915252685,0.4831086695194244,0.4557653963565826,0.4865498542785644,0.4552444815635681,0.4859426319599151,0.4566499292850494,0.4848604202270508,0.4572585821151733,0.4855845868587494,0.4567641019821167,0.4923841059207916,0.4497182369232178,0.4880794584751129,0.4564735889434814,0.484129250049591,0.455581933259964
667,667,test,9552,0.5018950700759888,0.4618793129920959,0.5157920718193054,0.4498887658119201,0.5112257599830627,0.4549798369407654,0.5105997920036316,0.4542803466320038,0.4992932081222534,0.4611355066299438,0.502058207988739,0.4607965648174286,0.5017114281654358,0.4614607393741607,0.4993505477905273,0.4625633060932159,0.5002594590187073,0.4610331058502197,0.5107955932617188,0.4544166624546051,0.5034474730491638,0.4608122706413269,0.5004158616065979,0.4604974091053009
668,668,train,8998,0.496286392211914,0.4580508768558502,0.5085655450820923,0.4465017020702362,0.5051813721656799,0.4521452784538269,0.5047928690910339,0.449613094329834,0.4936423003673553,0.4572886526584625,0.4961155951023102,0.4569966793060303,0.4957956075668335,0.4574149549007416,0.4941914975643158,0.4583395421504974,0.4948149621486664,0.4574455320835113,0.5032137632369995,0.4512394368648529,0.4978308379650116,0.4567824006080627,0.4946700632572174,0.4562180340290069
669,669,train,9971,0.6216098070144653,0.3682915866374969,0.6426081657409668,0.3474763929843902,0.6378275156021118,0.3507491052150726,0.6405423283576965,0.3475587368011474,0.6157346367835999,0.370660662651062,0.6218620538711548,0.3665719628334045,0.6245821118354797,0.3669254183769226,0.6153913140296936,0.3712908923625946,0.6142948865890503,0.3704144358634949,0.6304802894592285,0.354503720998764,0.627411961555481,0.3653402924537658,0.6198309659957886,0.3673756122589111
670,670,train,9788,0.5302898287773132,0.4460525214672088,0.5437023043632507,0.435085654258728,0.5376771688461304,0.4398073256015777,0.5403373837471008,0.4382241666316986,0.5280031561851501,0.4457159042358398,0.5299835205078125,0.4457121789455414,0.5296618938446045,0.4460916519165039,0.5266655683517456,0.4463716447353363,0.5280601978302002,0.4449464678764343,0.5395022034645081,0.4385154247283935,0.5308582782745361,0.4461230933666229,0.529172956943512,0.4449127912521362
671,671,train,9803,0.5538458824157715,0.4336069226264953,0.5672379732131958,0.4216769337654114,0.5603368282318115,0.4269265830516815,0.5637308955192566,0.4245988726615906,0.5513820052146912,0.4335452318191528,0.553277850151062,0.4332868158817291,0.5533125400543213,0.4333648979663849,0.5496498346328735,0.433569461107254,0.5513608455657959,0.4321810305118561,0.5631471872329712,0.4247656166553497,0.5539571642875671,0.434030681848526,0.5530992150306702,0.4318846464157104
672,672,train,9124,0.6067457795143127,0.3944044411182403,0.6230338215827942,0.3796058297157287,0.6169713735580444,0.3837926387786865,0.6214537620544434,0.380165696144104,0.604999840259552,0.3935905396938324,0.6076202988624573,0.3922149240970611,0.605780839920044,0.3962772786617279,0.598980724811554,0.3987935185432434,0.6012976765632629,0.395753413438797,0.6146149635314941,0.3856220543384552,0.610834002494812,0.3921425640583038,0.6047746539115906,0.394470065832138
673,673,test,9512,0.570567786693573,0.4222992360591888,0.5838580131530762,0.4102406799793243,0.5759645700454712,0.4156562685966491,0.5808189511299133,0.4125905632972717,0.5679581761360168,0.4223919510841369,0.5698289275169373,0.422051340341568,0.5699694752693176,0.4222572445869446,0.565992534160614,0.4227614104747772,0.567782998085022,0.4208191037178039,0.5799325108528137,0.4128157794475555,0.5703123211860657,0.4232306778430938,0.5697000622749329,0.4209946393966675
674,674,train,10199,0.616352379322052,0.3842889070510864,0.6344597935676575,0.368045836687088,0.62938392162323,0.3718604445457458,0.6322767734527588,0.3685778677463531,0.6127949357032776,0.3852723240852356,0.6169493198394775,0.3831879198551178,0.617533266544342,0.3848403692245483,0.610176682472229,0.3872354030609131,0.6111599802970886,0.3852797746658325,0.6249530911445618,0.3731480836868286,0.6215738654136658,0.3821550011634826,0.6150784492492676,0.3836899101734161
675,675,train,10059,0.5494846701622009,0.4367908239364624,0.5632878541946411,0.4246659278869629,0.5564523935317993,0.4294199049472809,0.5599137544631958,0.4278213381767273,0.547488808631897,0.4365465044975281,0.5495288968086243,0.4361569881439209,0.5486565232276917,0.4367929995059967,0.544563889503479,0.4371232390403747,0.5463590025901794,0.4356657862663269,0.5582148432731628,0.428409069776535,0.550189197063446,0.4364646673202514,0.548317551612854,0.4354780316352844
676,676,train,9760,0.4731044769287109,0.4577980935573578,0.4828321635723114,0.4451904594898224,0.4843518435955047,0.4523394405841827,0.4791142344474792,0.4492063522338867,0.4689193964004516,0.4576755166053772,0.4725607931613922,0.4568515121936798,0.4717154204845428,0.4575357139110565,0.4714031517505646,0.4576357901096344,0.4727407693862915,0.4584111273288727,0.4777303040027618,0.4496130049228668,0.4749380350112915,0.4569918513298034,0.4694361388683319,0.4565195441246032
677,677,test,10455,0.5620542764663696,0.4297919571399688,0.5763342976570129,0.4173061549663543,0.5689454674720764,0.4226259589195251,0.5727830529212952,0.4202971458435058,0.5599949359893799,0.4297218918800354,0.5621630549430847,0.4292902052402496,0.5609962940216064,0.4300800561904907,0.5567373037338257,0.430748850107193,0.5585567355155945,0.4289754033088684,0.5709211230278015,0.4210164546966553,0.5628271102905273,0.4302972257137298,0.5604948401451111,0.4290986657142639
678,678,train,9927,0.4968273639678955,0.4601767361164093,0.5106975436210632,0.448121041059494,0.506478488445282,0.4536337554454803,0.5061841011047363,0.4518276751041412,0.4940836727619171,0.4595847725868225,0.4971720576286316,0.4590598344802856,0.4965673685073852,0.4596646726131439,0.4944490492343902,0.4606326520442962,0.4951957464218139,0.4594592750072479,0.5048387050628662,0.4527421593666076,0.4982591867446899,0.4589722454547882,0.4949174225330353,0.4586767554283142
679,679,train,10310,0.5645943284034729,0.4275493025779724,0.5789746642112732,0.4155827760696411,0.5710120797157288,0.4207285046577453,0.5757784843444824,0.418243259191513,0.5617779493331909,0.427699327468872,0.5638019442558289,0.4275616705417633,0.5637968182563782,0.4276491403579712,0.5599821209907532,0.4278974533081054,0.561725914478302,0.4263670444488525,0.5741790533065796,0.4184650778770447,0.5648441314697266,0.4282134473323822,0.5634993314743042,0.4263723492622375
680,680,train,9852,0.4878789484500885,0.4591033458709717,0.4992341101169586,0.4460720419883728,0.4970933794975281,0.4528611600399017,0.4947512745857239,0.4496278166770935,0.484258234500885,0.4583452045917511,0.4874618351459503,0.4577260017395019,0.4860812723636627,0.4583764374256134,0.4851776361465454,0.4594166576862335,0.4858684241771698,0.4588024318218231,0.4935677349567413,0.4513729810714721,0.488828033208847,0.4581111073493957,0.48520228266716,0.4571770429611206
681,681,train,10321,0.490534096956253,0.4536575973033905,0.5016449093818665,0.4417659044265747,0.4995443224906921,0.447742223739624,0.4979678392410278,0.4452148377895355,0.4872576296329498,0.4534873962402344,0.4901563227176666,0.4527685046195984,0.4894859194755554,0.4535087645053863,0.4884558022022247,0.4538665115833282,0.4890061914920807,0.4531871378421783,0.4963444173336029,0.4468787312507629,0.4908117055892944,0.4531863331794739,0.488176941871643,0.4520650804042816
682,682,train,9385,0.600203275680542,0.4001398980617523,0.6157033443450928,0.3862690925598144,0.6087093949317932,0.3915627300739288,0.6136693358421326,0.3880835771560669,0.5973276495933533,0.4006884396076202,0.5997709631919861,0.4000450670719147,0.5995292067527771,0.4008172452449798,0.5944414734840393,0.4017221629619598,0.5958448052406311,0.3996496498584747,0.6084364056587219,0.3898913860321045,0.6023159027099609,0.4007157981395721,0.5982294678688049,0.3994526863098144
683,683,train,10101,0.4798522293567657,0.4487544000148773,0.4884892404079437,0.4385115802288055,0.4894232153892517,0.4440860450267792,0.4842174351215362,0.4427634477615356,0.4768835008144378,0.449289470911026,0.4791097939014435,0.4484229981899261,0.4793727993965149,0.4492882192134857,0.4792734384536743,0.4480660855770111,0.4806451797485351,0.4485339820384979,0.4846958518028259,0.4428043067455292,0.482097715139389,0.4496845602989197,0.4776048064231872,0.447437584400177
684,684,train,9258,0.4876640737056732,0.4592641592025757,0.4981127977371216,0.4455414414405823,0.4966807961463928,0.4528333246707916,0.493724375963211,0.4500751197338104,0.4842008948326111,0.4580180048942566,0.4869300425052643,0.4578851461410522,0.4860073924064636,0.4585185050964355,0.4853833019733429,0.4594021439552307,0.486022025346756,0.4587070643901825,0.492410808801651,0.4513437449932098,0.4892160296440124,0.4579556584358215,0.4852385520935058,0.4572053551673889
685,685,test,10343,0.5796679258346558,0.4140128493309021,0.5946784615516663,0.4011912047863006,0.5873786807060242,0.4063458740711212,0.5917059183120728,0.4034234881401062,0.5773362517356873,0.4140606820583343,0.5792820453643799,0.4136243164539337,0.5781810283660889,0.414604902267456,0.5738282203674316,0.4153629541397095,0.5756548047065735,0.4134281575679779,0.5877820253372192,0.4048577845096588,0.5810208320617676,0.4145727753639221,0.5777379870414734,0.4133608043193817
686,686,train,9824,0.5252788066864014,0.4467297792434692,0.5391393899917603,0.4352920055389404,0.5332676768302917,0.4396609961986542,0.535027801990509,0.4384890496730804,0.523246169090271,0.4464207291603088,0.524988055229187,0.4463068544864654,0.5244685411453247,0.446712464094162,0.5210586786270142,0.4470537602901459,0.522584855556488,0.4455729722976684,0.5340889096260071,0.4393656551837921,0.5261741876602173,0.44576096534729,0.5237164497375488,0.4456275999546051
687,687,train,10594,0.5066760182380676,0.4486712515354156,0.5198671221733093,0.4377315044403076,0.5152811408042908,0.4428268074989319,0.5159415006637573,0.44080650806427,0.5040653347969055,0.4482911229133606,0.506700873374939,0.448056161403656,0.5058578848838806,0.4484202265739441,0.5037168860435486,0.4489605128765106,0.5046926140785217,0.4478001594543457,0.5146637558937073,0.4412240087985992,0.5075957775115967,0.4484096765518188,0.5043903589248657,0.4475232362747192
688,688,train,10204,0.4746044874191284,0.4558651447296142,0.4841088950634002,0.4426705241203308,0.4846269190311432,0.449663370847702,0.4803911745548248,0.4470292627811432,0.4707178771495819,0.4554392397403717,0.4740163087844848,0.4546714425086975,0.4730280637741089,0.4554684162139892,0.4730362892150879,0.4556385278701782,0.4735595285892486,0.4559912383556366,0.479418396949768,0.4477358162403106,0.4753119647502899,0.4550638198852539,0.4714317321777344,0.4540436863899231
689,689,train,10255,0.6257056593894958,0.3573675751686096,0.6474119424819946,0.335534393787384,0.6430439949035645,0.3373181223869324,0.6460586190223694,0.334460973739624,0.6181317567825317,0.3604758381843567,0.6259743571281433,0.3549445569515228,0.6297809481620789,0.3544227182865143,0.6196992993354797,0.3604379594326019,0.6178916096687317,0.3605840802192688,0.6351882815361023,0.3427974283695221,0.6305220723152161,0.3541004359722137,0.6248663663864136,0.3554892539978027
690,690,train,9639,0.6139835715293884,0.3830318748950958,0.6320356130599976,0.3663884103298187,0.6266236305236816,0.3709973096847534,0.6299408674240112,0.367258757352829,0.6103599667549133,0.3838252127170563,0.6141016483306885,0.3820825517177582,0.6146302819252014,0.3833637535572052,0.6076027750968933,0.3856734037399292,0.6085060238838196,0.3837006688117981,0.6229733824729919,0.3709627687931061,0.6189519762992859,0.3809367418289184,0.6126024723052979,0.3815608322620392
691,691,train,10372,0.4741728603839874,0.4591404497623443,0.4833966791629791,0.4462560713291168,0.4836683869361877,0.4537599682807922,0.4792981445789337,0.4500378370285034,0.4705033898353576,0.4582939445972442,0.4735990464687347,0.4580238461494446,0.472567081451416,0.4585704803466797,0.4723840951919555,0.4592258930206299,0.4735768139362335,0.4588097631931305,0.4784014225006103,0.4509991705417633,0.4753040075302124,0.4587401151657104,0.47125443816185,0.4575544893741607
692,692,train,9302,0.4842129647731781,0.447306364774704,0.4924124181270599,0.4379978775978088,0.4940291345119476,0.4435041546821594,0.4912419021129608,0.4402066469192505,0.4803368151187897,0.4468244612216949,0.483786940574646,0.4467024207115173,0.4834478795528412,0.4480319619178772,0.4838371574878692,0.4467627108097076,0.4836544990539551,0.4469036161899566,0.488939493894577,0.4417945742607116,0.4854017496109009,0.4482508301734924,0.4815870523452759,0.4464413523674011
693,693,train,10461,0.5625863671302795,0.4294348657131195,0.5752545595169067,0.418068915605545,0.5682587623596191,0.4230244159698486,0.573209285736084,0.4205152988433838,0.5606916546821594,0.4291102588176727,0.5622444748878479,0.4291689693927765,0.5612413883209229,0.4300859570503235,0.5580341815948486,0.4297756254673004,0.5592597126960754,0.4283153712749481,0.5707652568817139,0.4211357831954956,0.5632962584495544,0.4302054047584533,0.5610074996948242,0.4286404550075531
694,694,train,9156,0.6077266931533813,0.3919395506381988,0.6238925457000732,0.3764187693595886,0.6176114082336426,0.3817992508411407,0.6219297051429749,0.377726286649704,0.6047123074531555,0.3926151096820831,0.6075419187545776,0.3914533853530884,0.6075746417045593,0.3927894532680511,0.6012781858444214,0.3944774270057678,0.6024940609931946,0.3923562467098236,0.615576982498169,0.3810213208198547,0.6109074354171753,0.3914368748664856,0.6056602597236633,0.3913987278938293
695,695,train,10508,0.4702492952346802,0.4649787843227386,0.4805546402931213,0.4517633318901062,0.480353981256485,0.4586088359355926,0.4761287569999695,0.456590861082077,0.4669000208377838,0.4644453823566437,0.4705905616283417,0.4639979600906372,0.4690424799919128,0.4645590186119079,0.4684749543666839,0.4648042023181915,0.4698750972747803,0.464529424905777,0.4753478467464447,0.4574160575866699,0.471751719713211,0.4637807309627533,0.4670417010784149,0.4636368751525879
696,696,train,8992,0.6245095133781433,0.3694137036800384,0.6443257331848145,0.3509492576122284,0.6398468613624573,0.3542199730873108,0.6427797675132751,0.3505706191062927,0.6194368600845337,0.3702798187732696,0.6245709657669067,0.3676048815250397,0.626274049282074,0.3696211278438568,0.617699921131134,0.3733323216438293,0.6180858612060547,0.3715256452560425,0.6338334083557129,0.3572996854782104,0.6300485134124756,0.3664196729660034,0.6229164600372314,0.3691095411777496
697,697,train,10047,0.5266751646995544,0.4427973330020904,0.5395784378051758,0.4316912889480591,0.5343292951583862,0.4366333186626434,0.5360034108161926,0.4349308907985687,0.5238212943077087,0.4424502551555633,0.5262702703475952,0.4425953924655914,0.5260531306266785,0.4425908625125885,0.5235927700996399,0.4426405131816864,0.5248496532440186,0.4416485130786896,0.5356141328811646,0.4351483583450317,0.5269221067428589,0.4427613019943237,0.5251426100730896,0.4415585696697235
698,698,test,10009,0.5495371222496033,0.4346863329410553,0.5631639361381531,0.4230245053768158,0.5569396615028381,0.4270727932453155,0.5595281720161438,0.4259486794471741,0.5476337671279907,0.4345184564590454,0.5492503046989441,0.4341422617435455,0.5474044680595398,0.4354193806648254,0.5434504151344299,0.4358222484588623,0.5452430248260498,0.4341677129268646,0.55788254737854,0.4269529283046722,0.5503246784210205,0.4345126450061798,0.5476095676422119,0.4340972900390625
699,699,test,10205,0.4966036975383758,0.4538010060787201,0.5067909359931946,0.4414738416671753,0.5051849484443665,0.4491236805915832,0.503932535648346,0.4451368749141693,0.4928825199604034,0.4526076316833496,0.496015727519989,0.4529117047786712,0.4950904250144958,0.4538620114326477,0.4944008588790893,0.4542393982410431,0.4950290620326996,0.4537283480167389,0.5013489127159119,0.4472635090351105,0.4980028569698334,0.4539848566055298,0.4939677715301513,0.452228844165802
700,700,train,10605,0.6381956934928894,0.3421168923377991,0.6576997637748718,0.3219277262687683,0.6534635424613953,0.3233601450920105,0.6563390493392944,0.3208488225936889,0.630263090133667,0.3451187908649444,0.6382207870483398,0.339263767004013,0.6418159604072571,0.3393040895462036,0.6330347657203674,0.3450560271739959,0.6308730840682983,0.3454900085926056,0.6463142037391663,0.3293910324573517,0.6418293118476868,0.3387729227542877,0.6369021534919739,0.3409993052482605
701,701,train,9417,0.5590245723724365,0.4289043247699737,0.5724973678588867,0.4174436926841736,0.5657777786254883,0.4220500588417053,0.5700541734695435,0.4195795655250549,0.5571612119674683,0.4286046028137207,0.5587306022644043,0.4284344613552093,0.5567079782485962,0.4299185574054718,0.5531736016273499,0.4298236668109894,0.5549159049987793,0.4281889200210571,0.5670275688171387,0.4210230112075805,0.5594775676727295,0.4297051727771759,0.5565490126609802,0.4284859001636505
702,702,train,10569,0.619205117225647,0.3777088224887848,0.6391850709915161,0.3586215078830719,0.6343579888343811,0.3623416721820831,0.6367447376251221,0.3592779338359833,0.6145486831665039,0.3789535462856293,0.6192126870155334,0.3761453032493591,0.6207700371742249,0.3775365948677063,0.6125415563583374,0.38097083568573,0.6130263209342957,0.379164844751358,0.6285672783851624,0.3647332489490509,0.6246088743209839,0.3751845061779022,0.6179879903793335,0.3764373958110809
703,703,train,9467,0.5460374355316162,0.4383597373962402,0.5582038760185242,0.4275258183479309,0.551844596862793,0.4323456585407257,0.555715799331665,0.4301993250846863,0.5432247519493103,0.438269555568695,0.54522305727005,0.4382927715778351,0.5452422499656677,0.4384894371032715,0.5424248576164246,0.4381786286830902,0.5439714193344116,0.4367890954017639,0.5539690852165222,0.4304880797863006,0.545703113079071,0.4390439391136169,0.5443353056907654,0.437231570482254
704,704,train,10422,0.458649218082428,0.4653303027153015,0.4679383337497711,0.4519411027431488,0.4689306318759918,0.4586500227451324,0.4644027054309845,0.4562307894229889,0.4547013938426971,0.4648877382278442,0.4584597647190094,0.4643153846263885,0.4573173224925995,0.465351790189743,0.4572289288043976,0.4659212231636047,0.4580303728580475,0.4655781388282776,0.463310033082962,0.457415223121643,0.4605399072170257,0.4643616080284118,0.45584836602211,0.4640974104404449
705,705,test,10123,0.625044047832489,0.3563905656337738,0.6467452049255371,0.3352229297161102,0.6433870792388916,0.3370777666568756,0.6457077860832214,0.3341202735900879,0.6188610196113586,0.3592247068881988,0.6258696913719177,0.3542261719703674,0.6285490393638611,0.3537779450416565,0.618821918964386,0.3591461181640625,0.616873025894165,0.3590229153633117,0.6349605917930603,0.3409560918807983,0.6309722065925598,0.3526611328125,0.6232765316963196,0.3547314703464508
706,706,test,10381,0.6100096702575684,0.3865308165550232,0.6289448142051697,0.3685862421989441,0.6234015226364136,0.3734922111034393,0.6262958645820618,0.3696419894695282,0.606108546257019,0.3874673545360565,0.6106041669845581,0.3856765329837799,0.6115405559539795,0.386214405298233,0.6038657426834106,0.3891237378120422,0.6042900085449219,0.3874906301498413,0.6186167001724243,0.3741852641105652,0.6159814596176147,0.3840343356132507,0.6085576415061951,0.3854378163814544
707,707,train,10254,0.6324506402015686,0.3498052358627319,0.6540974974632263,0.3288201987743377,0.6504810452461243,0.3302666544914245,0.6521757245063782,0.3277170062065124,0.6253398656845093,0.3528572618961334,0.6324151158332825,0.3476675748825073,0.6369884014129639,0.3471551239490509,0.6267474293708801,0.3530073761940002,0.6249758005142212,0.3528627455234527,0.6429876089096069,0.3347348868846893,0.6368962526321411,0.347055047750473,0.6318921446800232,0.3478524386882782
708,708,test,8966,0.6207118630409241,0.3810628652572632,0.6386345624923706,0.3637322187423706,0.6334037780761719,0.3673354387283325,0.6365784406661987,0.3647870719432831,0.6166527271270752,0.3816637694835663,0.6203561425209045,0.3799179494380951,0.6196966171264648,0.383411169052124,0.6128436923027039,0.3858750164508819,0.613634467124939,0.3835962116718292,0.6284211277961731,0.3708863854408264,0.6250640153884888,0.3787668943405151,0.617599368095398,0.3821401596069336
709,709,train,9480,0.6311768293380737,0.3587094843387604,0.652629554271698,0.3376456201076507,0.6490445733070374,0.339070588350296,0.6505140662193298,0.3369930982589721,0.6241146922111511,0.361163318157196,0.6308237910270691,0.3563444018363952,0.6356998085975647,0.3565216362476349,0.6256382465362549,0.3616873025894165,0.6245355606079102,0.36096853017807,0.6413195133209229,0.3443697094917297,0.6360682249069214,0.3553147912025451,0.6307937502861023,0.3568843603134155
710,710,train,9943,0.5443772077560425,0.4321951568126678,0.5564693808555603,0.4217463433742523,0.5505704879760742,0.4269839525222778,0.5544108748435974,0.4239453375339508,0.5421424508094788,0.4315556585788727,0.543606698513031,0.4318461120128631,0.5433658361434937,0.4320951104164123,0.541491687297821,0.4319935441017151,0.5424990057945251,0.4307756125926971,0.5521231293678284,0.4248894155025482,0.5441259741783142,0.4327735304832458,0.5426985025405884,0.4308233559131622
711,711,train,9648,0.4764305055141449,0.4645357131958008,0.4879927039146423,0.4509698748588562,0.4864066541194916,0.4581385254859924,0.4832554459571838,0.4555661976337433,0.4726515412330627,0.4637223184108734,0.475923091173172,0.4629978537559509,0.4750693738460541,0.4637864828109741,0.4742674827575683,0.4648379683494568,0.4752804040908813,0.4638344943523407,0.4817559421062469,0.4566507339477539,0.4774803519248962,0.4633608162403106,0.4737154543399811,0.4627601206302643
712,712,train,9007,0.4869838356971741,0.4586632549762726,0.4972310364246368,0.4458506107330322,0.4955759346485138,0.4523839950561523,0.4936528205871582,0.4495928585529327,0.4834727942943573,0.4576322734355926,0.4857223033905029,0.4578449726104736,0.485440731048584,0.4585745930671692,0.4845728874206543,0.4589864611625671,0.4851579070091247,0.4579280912876129,0.4922663271427154,0.4510868191719055,0.4877277910709381,0.4581853151321411,0.4846660792827606,0.4569793939590454
713,713,train,9155,0.6305052042007446,0.3557691872119903,0.6519104838371277,0.334566980600357,0.6478400230407715,0.3364739716053009,0.6499568223953247,0.3339689075946808,0.6235755681991577,0.3586209714412689,0.6309353709220886,0.3534221649169922,0.6345371603965759,0.3533694744110107,0.6248561143875122,0.3586642742156982,0.6231540441513062,0.35838583111763,0.6400465369224548,0.3413554430007934,0.635619044303894,0.3526759743690491,0.6291738748550415,0.3546094298362732
714,714,train,9867,0.6237320899963379,0.3696749806404114,0.644014298915863,0.3503124713897705,0.6394050717353821,0.3532141745090484,0.6422503590583801,0.3499743044376373,0.6184033751487732,0.3715330958366394,0.624324381351471,0.3677605986595154,0.6270759105682373,0.3684861958026886,0.6178460121154785,0.3725678026676178,0.6172434091567993,0.3713366985321045,0.6333017945289612,0.3560296297073364,0.6291577816009521,0.3670041561126709,0.6227465867996216,0.3683507144451141
715,715,train,9439,0.5029656887054443,0.4511335790157318,0.5149860382080078,0.4402348101139068,0.5115742683410645,0.4456003308296203,0.511802077293396,0.4428772032260895,0.500934898853302,0.4506865441799164,0.5036048889160156,0.4502827823162079,0.5028826594352722,0.4509889781475067,0.5011887550354004,0.4512751698493957,0.5017640590667725,0.4504408538341522,0.5099108815193176,0.4445078372955322,0.5044047236442566,0.4505678415298462,0.5012539029121399,0.4499796628952026
716,716,train,10126,0.6364688277244568,0.345625638961792,0.6573659777641296,0.3240375816822052,0.6530040502548218,0.3253123462200165,0.6556659936904907,0.3229825794696808,0.6280097365379333,0.3489674925804138,0.6363686919212341,0.3428849577903747,0.6405705809593201,0.3423019647598266,0.6311394572257996,0.3486255407333374,0.6286177039146423,0.3495384454727173,0.6454277038574219,0.3317134976387024,0.6403520703315735,0.3420860767364502,0.6355716586112976,0.3439192175865173
717,717,train,9285,0.5607707500457764,0.4321707487106323,0.5743362903594971,0.4198228120803833,0.5668309330940247,0.4250428378582001,0.5715479254722595,0.422469824552536,0.5585607290267944,0.4322020709514618,0.5603417158126831,0.4320047199726105,0.560124933719635,0.4323782622814178,0.5560420155525208,0.432632178068161,0.5578599572181702,0.4310020208358764,0.5695940256118774,0.4231070280075073,0.5612282752990723,0.4326022863388061,0.5597033500671387,0.4311049878597259
718,718,train,10167,0.5921574234962463,0.4048711061477661,0.6069865822792053,0.391192078590393,0.6002554297447205,0.3963595628738403,0.605154275894165,0.3931282758712768,0.5896574854850769,0.4052575826644897,0.5918195843696594,0.4046942293643951,0.5912578701972961,0.4056615233421325,0.5865018963813782,0.4063562452793121,0.587978184223175,0.4043964445590973,0.6003696322441101,0.3949140906333923,0.5939958691596985,0.4054293930530548,0.5901901721954346,0.4042944610118866
719,719,test,10104,0.5277326703071594,0.4429017007350921,0.540982723236084,0.4323113858699798,0.5356931090354919,0.4367248713970184,0.5380730032920837,0.4344944655895233,0.5257831811904907,0.4421713650226593,0.5280301570892334,0.4422136545181274,0.5263685584068298,0.4429194927215576,0.5237818360328674,0.4431269764900207,0.5248773694038391,0.4420271813869476,0.5358978509902954,0.4358076155185699,0.5293740034103394,0.4424225687980652,0.5255940556526184,0.4419713020324707
720,720,train,9756,0.6525755524635315,0.3279074430465698,0.6693340539932251,0.3110637366771698,0.6657663583755493,0.3117944002151489,0.6679331064224243,0.3088933825492859,0.6441898345947266,0.3291595578193664,0.6519907712936401,0.3244001865386963,0.655764102935791,0.3269829154014587,0.6484184861183167,0.332089751958847,0.6458382606506348,0.3329245448112488,0.6584251523017883,0.3197975754737854,0.654360830783844,0.3253532648086548,0.6523522138595581,0.3280737698078155
721,721,train,9580,0.6170887351036072,0.3795188367366791,0.6373744606971741,0.3597276508808136,0.6333532929420471,0.3627951145172119,0.634548008441925,0.3608863949775696,0.6121065616607666,0.3811059892177582,0.6175805926322937,0.3776272237300873,0.6190332770347595,0.379185289144516,0.6108524799346924,0.382577508687973,0.6108483672142029,0.3810502886772156,0.6255066394805908,0.3671125769615173,0.6236405372619629,0.3759185075759887,0.6156936287879944,0.378788024187088
722,722,train,10521,0.5572981238365173,0.432876855134964,0.5705350637435913,0.4210526347160339,0.5634034276008606,0.4262046217918396,0.5674411058425903,0.4238554537296295,0.5551593899726868,0.4328280389308929,0.5569416880607605,0.4326788187026977,0.5561643242835999,0.4330811202526092,0.5522769689559937,0.4332945346832275,0.5543023347854614,0.4315720796585083,0.5657650232315063,0.4242578744888305,0.5574062466621399,0.43345707654953,0.5559842586517334,0.4317659139633178
723,723,test,9607,0.4615439772605896,0.4646708965301513,0.4700338244438171,0.4516859352588653,0.4705466330051422,0.4585866332054138,0.4662087559700012,0.4552039802074432,0.457519382238388,0.4639111161231994,0.4612237215042114,0.4628665447235107,0.4599834084510803,0.4644450545310974,0.4591794610023498,0.4653630256652832,0.4600100517272949,0.4644075334072113,0.4664451777935028,0.4563791155815124,0.4631082117557525,0.4632181227207184,0.45918869972229,0.4633211493492126
724,724,test,9265,0.5955538749694824,0.4037936627864837,0.6106641292572021,0.390267938375473,0.6039620041847229,0.3953213095664978,0.6080040335655212,0.3922613263130188,0.5921881794929504,0.4047859609127044,0.5944552421569824,0.4039493501186371,0.595081090927124,0.403872013092041,0.5900039076805115,0.4050128757953644,0.5914607644081116,0.4030947685241699,0.6039274334907532,0.3934800624847412,0.5969168543815613,0.4045180082321167,0.5939831137657166,0.4024583995342254
725,725,train,9731,0.5926194190979004,0.4082860648632049,0.6085938215255737,0.3940600156784057,0.6012855172157288,0.399423211812973,0.6062646508216858,0.3958911895751953,0.5906423926353455,0.4081082046031952,0.5927532911300659,0.4075213968753814,0.5914117693901062,0.4094534814357757,0.5858460068702698,0.4108665883541107,0.5878720283508301,0.408300369977951,0.6014744639396667,0.3983433842658996,0.5950676798820496,0.408046156167984,0.5909598469734192,0.4076170325279236
726,726,train,9289,0.633193850517273,0.3602535724639892,0.6542313694953918,0.3406503200531006,0.6493459343910217,0.3424798846244812,0.6514313817024231,0.3398405611515045,0.626353919506073,0.3624970912933349,0.6332923769950867,0.3579866886138916,0.6365258693695068,0.3617646396160126,0.6256375908851624,0.3675233125686645,0.6258249282836914,0.3654986023902893,0.6413964033126831,0.3507457673549652,0.6378158926963806,0.3572818338871002,0.6325432062149048,0.3616454005241394
727,727,test,9465,0.5028566122055054,0.4510022699832916,0.5130032896995544,0.4390701055526733,0.510696291923523,0.4466155171394348,0.5108270645141602,0.4414189457893371,0.4992576539516449,0.4499349892139435,0.5022851228713989,0.4497653543949127,0.5019025206565857,0.4511009454727173,0.5012375116348267,0.4510261416435241,0.5013881325721741,0.4507440328598022,0.5081773996353149,0.4439511001110077,0.5038977861404419,0.4515004158020019,0.5006057024002075,0.4491874575614929
728,728,train,9195,0.5157421231269836,0.4482245743274688,0.529823362827301,0.4365879893302917,0.5244454145431519,0.4418776929378509,0.5257535576820374,0.4393330216407776,0.5130121111869812,0.4481520652770996,0.5157525539398193,0.4475436508655548,0.5153063535690308,0.4478870928287506,0.5129646062850952,0.4483460187911987,0.5138844847679138,0.4471325278282165,0.524537980556488,0.4405586123466491,0.5162513256072998,0.447636216878891,0.5136281847953796,0.446993887424469
729,729,train,10192,0.5868675708770752,0.4140861928462982,0.600868284702301,0.4005850851535797,0.5933665633201599,0.4063562154769897,0.5986066460609436,0.4027260839939117,0.5843821167945862,0.4142229557037353,0.5861310362815857,0.4139464497566223,0.5858757495880127,0.4145686328411102,0.5811010003089905,0.4153683185577392,0.58277827501297,0.413398414850235,0.5961770415306091,0.4035078883171081,0.5871552228927612,0.4148635864257812,0.5860301852226257,0.4125776588916778
730,730,train,9273,0.5344864130020142,0.4411572217941284,0.5476624965667725,0.430088609457016,0.5409709811210632,0.4347327649593353,0.5443331599235535,0.4329920709133148,0.531876802444458,0.4410195052623749,0.5337534546852112,0.4409233331680298,0.5336414575576782,0.4411292970180511,0.5305320024490356,0.4411617517471313,0.5320858359336853,0.4398134648799896,0.5432929992675781,0.4334610104560852,0.5346552729606628,0.4414596855640411,0.5335190296173096,0.439910352230072
731,731,train,9761,0.5275832414627075,0.4448311626911163,0.5401110053062439,0.4332632720470428,0.5345519781112671,0.4382698237895965,0.5371875762939453,0.4362572729587555,0.5250781178474426,0.4443747401237488,0.5270039439201355,0.4444370865821838,0.5273552536964417,0.444634735584259,0.5246435403823853,0.4447074830532074,0.5260002017021179,0.4434508085250854,0.5362845063209534,0.4365670084953308,0.5280702114105225,0.4449973702430725,0.5265786051750183,0.443469375371933
732,732,test,10507,0.583025336265564,0.418149471282959,0.597018301486969,0.4051795601844787,0.5895397663116455,0.4106843471527099,0.5951358675956726,0.4074068069458008,0.5808984637260437,0.4180449843406677,0.5827677845954895,0.4178682267665863,0.5824142694473267,0.4184924364089966,0.5780968070030212,0.4191038310527801,0.5795679688453674,0.4172720909118652,0.5918264985084534,0.4085143208503723,0.5838149189949036,0.4187717139720917,0.5817595720291138,0.4170421361923218
733,733,train,10190,0.5494810342788696,0.4327240288257599,0.5628634095191956,0.4206847548484802,0.5556899905204773,0.4253745377063751,0.5599167346954346,0.4234048128128052,0.5469275116920471,0.4329316318035126,0.5490403771400452,0.4324012398719787,0.5483009219169617,0.4329123198986053,0.5445844531059265,0.433145523071289,0.5465283393859863,0.4314560294151306,0.5588648915290833,0.4238983690738678,0.5488377809524536,0.4329979717731476,0.5483214259147644,0.4312177896499634
734,734,train,10334,0.5339091420173645,0.4441668391227722,0.5475348234176636,0.4333016872406006,0.5416738390922546,0.4379880428314209,0.5440889596939087,0.436295747756958,0.5324745178222656,0.4434908926486969,0.5344069004058838,0.4434549212455749,0.5321406722068787,0.4447388052940368,0.5292869806289673,0.4450284242630005,0.5305887460708618,0.4435349404811859,0.540575385093689,0.4379322826862335,0.5354893207550049,0.4438655972480774,0.5310277342796326,0.4437711238861084
735,735,train,10550,0.6230257749557495,0.3709365129470825,0.6423604488372803,0.3526398241519928,0.6378734707832336,0.3560750782489776,0.6405287384986877,0.3526452183723449,0.6178077459335327,0.3723511397838592,0.6230290532112122,0.3694373369216919,0.6253248453140259,0.3706167042255401,0.6171258687973022,0.374186247587204,0.6171457767486572,0.3724960386753082,0.6322459578514099,0.3586299419403076,0.6282377243041992,0.3682343959808349,0.621909499168396,0.3700681328773498
736,736,train,9370,0.5781169533729553,0.4192030727863312,0.5924634337425232,0.4067094922065735,0.5852582454681396,0.411339521408081,0.5895485877990723,0.4092734754085541,0.575973629951477,0.4192507863044739,0.5773606896400452,0.4189198315143585,0.5758509039878845,0.4202499687671661,0.571378767490387,0.4209559559822082,0.5732090473175049,0.4190733432769775,0.5863853096961975,0.410493940114975,0.5787699818611145,0.4194038808345794,0.5755337476730347,0.4188158214092254
737,737,test,9133,0.4711324870586395,0.4534766674041748,0.4805832803249359,0.4406098127365112,0.4809035956859588,0.4476738274097442,0.4770882725715637,0.444587379693985,0.4678559303283691,0.4530991017818451,0.4713723361492157,0.4525740146636963,0.470164954662323,0.4534700810909271,0.4702107608318329,0.4534037709236145,0.4709839224815368,0.4535063803195953,0.4762627780437469,0.4456326067447662,0.4725635647773742,0.4527406096458435,0.4682377278804779,0.4522217214107513
738,738,train,9091,0.5116831064224243,0.4533990621566772,0.5259643793106079,0.4416167736053467,0.520713210105896,0.4463904201984405,0.5213238596916199,0.445220410823822,0.5095047354698181,0.4526628255844116,0.5120654106140137,0.4525212049484253,0.5112857222557068,0.4532111287117004,0.509042501449585,0.4535361230373382,0.5101504325866699,0.452167272567749,0.5213032364845276,0.445197731256485,0.5130900144577026,0.4527938961982727,0.5103846788406372,0.452252060174942
739,739,train,9772,0.6218041181564331,0.3743579387664795,0.6421259641647339,0.3553045094013214,0.6370859146118164,0.3585990667343139,0.6401382088661194,0.3552618622779846,0.6168259382247925,0.3751069009304046,0.6220996379852295,0.3723463118076324,0.6239243745803833,0.3746518492698669,0.615642249584198,0.3783050775527954,0.6159182190895081,0.3763275146484375,0.6311265826225281,0.362542986869812,0.6273109912872314,0.3710784316062927,0.6210083365440369,0.3737368881702423
740,740,train,8881,0.4751422107219696,0.4590111672878265,0.4844347536563873,0.4458475708961487,0.4846807420253753,0.4529483914375305,0.4804522693157196,0.4500811100006103,0.4713389575481415,0.4584632217884063,0.4743452668190002,0.4576572179794311,0.4736712574958801,0.4586917459964752,0.4733615815639496,0.4592437148094177,0.473773330450058,0.4588680863380432,0.4796580374240875,0.4511825442314148,0.4760509431362152,0.4584328532218933,0.4720463752746582,0.4574376046657562
741,741,train,10092,0.480943888425827,0.4605253934860229,0.4891572296619415,0.447229653596878,0.4903413653373718,0.4544961452484131,0.4868891835212707,0.4512175917625427,0.4768367111682892,0.4600161612033844,0.4802545309066772,0.4590467810630798,0.4796872735023498,0.4603181481361389,0.4800098538398742,0.4601407051086426,0.4804472029209137,0.4604163765907287,0.4859865605831146,0.453625738620758,0.4823704957962036,0.4596995711326599,0.4780042171478271,0.4590559601783752
742,742,test,9159,0.5404733419418335,0.4290418922901153,0.5524871945381165,0.4180784523487091,0.5471960306167603,0.4235099852085113,0.5505537390708923,0.4199680387973785,0.5393884778022766,0.4277328550815582,0.5404504537582397,0.4277996122837066,0.5398213267326355,0.4286580681800842,0.5378943085670471,0.4291187524795532,0.5387933254241943,0.4279592335224151,0.5469699501991272,0.4213556945323944,0.5424105525016785,0.4293437898159027,0.5381383299827576,0.4283578395843506
743,743,train,10163,0.4970837831497192,0.4602753221988678,0.5106905698776245,0.4483805298805237,0.5069408416748047,0.4539443254470825,0.5062271952629089,0.4521315395832062,0.4944444000720978,0.4596055448055267,0.4970200955867767,0.4593837857246399,0.4967013895511627,0.4600158631801605,0.4948164820671081,0.4607498347759247,0.4957261681556701,0.4593956172466278,0.5058900117874146,0.4528862833976745,0.4985454678535461,0.4589929282665252,0.4954664707183838,0.4589907228946686
744,744,test,10276,0.5104989409446716,0.4493117332458496,0.5223069190979004,0.4389264583587646,0.5181090831756592,0.4443106353282928,0.518024742603302,0.4422581791877746,0.5074108839035034,0.4491254985332489,0.5096781849861145,0.4488486051559448,0.5090951919555664,0.4491469860076904,0.5074434876441956,0.4500420689582824,0.5081157684326172,0.4489962756633758,0.5171922445297241,0.4427515864372253,0.5106832981109619,0.4493051469326019,0.5076854228973389,0.4481967389583587
745,745,train,9452,0.5812260508537292,0.4185052216053009,0.5955792665481567,0.4056224822998047,0.588139533996582,0.4109205901622772,0.5926885008811951,0.4083528518676758,0.5785268545150757,0.4186371564865112,0.5803403258323669,0.418440043926239,0.5800367593765259,0.4190028607845306,0.5756743550300598,0.4195435643196106,0.5773066878318787,0.417728066444397,0.589603841304779,0.4089567065238952,0.5817469954490662,0.4192510545253753,0.5791072249412537,0.4177115261554718
746,746,test,10278,0.5151553153991699,0.4474175870418548,0.5290712714195251,0.4359206557273865,0.5233756303787231,0.4413739740848541,0.5248008370399475,0.4392960667610168,0.5120642185211182,0.4470862746238708,0.5144996047019958,0.4471762478351593,0.5144798159599304,0.4471526145935058,0.5123721361160278,0.4474798738956451,0.513461172580719,0.4461793005466461,0.52418452501297,0.4397254884243011,0.5155404806137085,0.4473306834697723,0.5133774876594543,0.4460908472537994
747,747,train,10218,0.6117657423019409,0.3900529146194458,0.6279463171958923,0.374802827835083,0.6219879388809204,0.3799206912517547,0.6260483860969543,0.3759262561798095,0.6084034442901611,0.391081154346466,0.611467182636261,0.3896426856517792,0.611947774887085,0.3903970420360565,0.60605388879776,0.392095685005188,0.6070981025695801,0.3898649215698242,0.6204671263694763,0.3785440325736999,0.615142822265625,0.3892122805118561,0.6103520393371582,0.3886758089065552
748,748,train,9393,0.6202500462532043,0.36263307929039,0.6410937309265137,0.3425957560539245,0.6373693346977234,0.3456465601921081,0.6396594047546387,0.3422743380069732,0.6144360899925232,0.3650022745132446,0.6202729940414429,0.3612373769283294,0.6223316788673401,0.3610706925392151,0.6149943470954895,0.3644284605979919,0.6132919192314148,0.3640866875648498,0.6301336884498596,0.3476271629333496,0.626230001449585,0.3601667582988739,0.6180759072303772,0.3612457811832428
749,749,train,9359,0.6320925951004028,0.3484887778759002,0.653134286403656,0.3275440335273742,0.649267315864563,0.3288015723228454,0.6517083048820496,0.3265670239925384,0.6248257160186768,0.3514500558376312,0.6323372721672058,0.3459175825119018,0.6360548138618469,0.3455606698989868,0.6265984177589417,0.3511102795600891,0.6244744658470154,0.3511675000190735,0.6414450407028198,0.3341600000858307,0.6365309357643127,0.3453423082828522,0.6308752298355103,0.3468987941741943
750,750,train,9898,0.5690276622772217,0.4235893785953522,0.5825660824775696,0.4109821319580078,0.5748381614685059,0.4168033301830292,0.5797743797302246,0.413486897945404,0.5663671493530273,0.4238735139369964,0.5682390928268433,0.4236137866973877,0.5684934258460999,0.423611432313919,0.5647792220115662,0.4237534999847412,0.5663614869117737,0.4221436083316803,0.577655553817749,0.4140220284461975,0.5688216686248779,0.4248699247837066,0.5682241320610046,0.4220717251300812
751,751,test,9181,0.5719002485275269,0.4240175783634186,0.5851848721504211,0.412478357553482,0.5780189633369446,0.4177738130092621,0.5829446911811829,0.4146342575550079,0.5698978304862976,0.4235388040542602,0.5712183117866516,0.4237626492977142,0.5708918571472168,0.4243606328964233,0.5675110816955566,0.4244326651096344,0.5685722231864929,0.4228330254554748,0.5799158811569214,0.4156183004379272,0.5720771551132202,0.425132691860199,0.569985568523407,0.423380970954895
752,752,train,9445,0.6134719848632812,0.3808094561100006,0.6320436000823975,0.3630290031433105,0.6272786259651184,0.3674725592136383,0.6295459866523743,0.3644005358219147,0.6092072129249573,0.3826123476028442,0.6136986613273621,0.3800786733627319,0.6143962740898132,0.3805911540985107,0.607702374458313,0.3829236030578613,0.607575535774231,0.3815095126628876,0.6209725141525269,0.3687015175819397,0.6190656423568726,0.3788862526416778,0.6112083792686462,0.379969984292984
753,753,train,9906,0.5080785155296326,0.4555160999298095,0.5225987434387207,0.4437137842178345,0.5172886848449707,0.4486865699291229,0.5177497267723083,0.4474250674247741,0.5057213306427002,0.4551123976707458,0.5080991387367249,0.4547030329704284,0.5075575709342957,0.4551634490489959,0.5050878524780273,0.455906867980957,0.5061199069023132,0.4545735120773315,0.5170509219169617,0.4481028914451599,0.5091930031776428,0.4545367360115051,0.5061416029930115,0.4543716311454773
754,754,train,9470,0.5196396112442017,0.4493706226348877,0.5331571102142334,0.4381366372108459,0.5273119807243347,0.4432302713394165,0.5291063189506531,0.4413302540779114,0.5178077816963196,0.4488968849182129,0.5199134349822998,0.448935717344284,0.5191103219985962,0.4492613673210144,0.5162783861160278,0.4495923817157745,0.5176097750663757,0.4484591484069824,0.5282754898071289,0.4420956373214721,0.5208331346511841,0.4488129317760467,0.5180087089538574,0.4483013153076172
755,755,test,9282,0.5031747817993164,0.4528407156467438,0.5146481990814209,0.442396342754364,0.5106232762336731,0.4474461674690246,0.5116623640060425,0.4449376165866852,0.5002312660217285,0.4521928429603576,0.5026400089263916,0.4523322880268097,0.5024897456169128,0.4530416429042816,0.5010703802108765,0.4531182050704956,0.5017333626747131,0.4520535767078399,0.5103887915611267,0.4463933706283569,0.504209578037262,0.4523500502109527,0.501507043838501,0.4517357349395752
756,756,train,9413,0.6431925892829895,0.3412495255470276,0.6629571914672852,0.3203935921192169,0.6577785611152649,0.3224536776542663,0.6618802547454834,0.3190170526504516,0.6342218518257141,0.3437890410423279,0.6430670619010925,0.3380920886993408,0.646058201789856,0.3388513028621673,0.6375881433486938,0.3450866639614105,0.6348003149032593,0.3462729752063751,0.651051938533783,0.3289196789264679,0.6456841826438904,0.3383619785308838,0.6421654224395752,0.3400276303291321
757,757,train,9164,0.4770981073379516,0.4583617746829986,0.4885384738445282,0.4450442492961883,0.4874053001403808,0.4521819949150085,0.4841946363449096,0.4498974978923797,0.4731661677360534,0.457852154970169,0.4767461717128753,0.4569639563560486,0.4762597680091858,0.4578597247600555,0.4757489860057831,0.4583326578140259,0.4760206341743469,0.4580777883529663,0.4830328822135925,0.4508550763130188,0.4784676730632782,0.4572363495826721,0.4744991660118103,0.4568032920360565
758,758,train,10344,0.5103461742401123,0.4467560648918152,0.5209662914276123,0.4360189735889435,0.5181019306182861,0.4419905245304107,0.5187394618988037,0.4389856159687042,0.5073150396347046,0.4459186494350433,0.5092079639434814,0.446290373802185,0.509589672088623,0.4466441571712494,0.5090082883834839,0.4463864862918854,0.5090318322181702,0.4457246661186218,0.5161420106887817,0.4404443204402923,0.5112794637680054,0.4472571313381195,0.5081283450126648,0.4450494050979614
759,759,train,9464,0.6347108483314514,0.3495829999446869,0.6562644839286804,0.3270946443080902,0.6515712738037109,0.3286737203598022,0.6547360420227051,0.3264923393726349,0.6260986924171448,0.3533277213573456,0.6342018842697144,0.3471640050411224,0.6386778354644775,0.3466675579547882,0.6291714310646057,0.3526372611522674,0.6266381144523621,0.353227287530899,0.6442912817001343,0.3347024321556091,0.638159990310669,0.3466711342334747,0.6332985758781433,0.3480892479419708
760,760,train,9184,0.5920408368110657,0.4037839472293854,0.6065335869789124,0.3901906311511993,0.5994822978973389,0.3957583010196686,0.6042426228523254,0.3922014832496643,0.5891097784042358,0.4048195779323578,0.5914053916931152,0.4038808345794678,0.592132568359375,0.4037835001945495,0.5870712399482727,0.4047172367572784,0.588530421257019,0.402794748544693,0.600545346736908,0.3929543793201446,0.5933104157447815,0.4044250845909118,0.5910282135009766,0.4020543396472931
761,761,train,9460,0.4716898202896118,0.4604642987251282,0.4813944399356842,0.4468961060047149,0.4811272323131561,0.4541521370410919,0.4776047468185425,0.451444149017334,0.4675930440425873,0.4599426686763763,0.4706714749336242,0.458968311548233,0.4704433083534241,0.4597786366939544,0.4701615869998932,0.4603524208068847,0.4708580374717712,0.460349977016449,0.4762803018093109,0.4522838592529297,0.4730749726295471,0.4587039053440094,0.4683423936367035,0.4589455127716064
762,762,test,9506,0.5712727308273315,0.4217751622200012,0.5845960378646851,0.4094297587871551,0.5770344138145447,0.4152311682701111,0.5820893049240112,0.4118911921977997,0.5686967372894287,0.4219840764999389,0.5702224373817444,0.4219232201576233,0.5707504749298096,0.4218249320983886,0.5671893954277039,0.4217552542686462,0.5685015916824341,0.4202173352241516,0.5796982645988464,0.4121380746364593,0.57122802734375,0.4230688810348511,0.5699468851089478,0.4203733503818512
763,763,train,10236,0.4805861413478851,0.4630148112773895,0.4908041059970855,0.4498568177223205,0.490064799785614,0.4564501643180847,0.4872207343578338,0.453926533460617,0.4770192205905914,0.4625125229358673,0.4800570011138916,0.461654931306839,0.4795045554637909,0.4626325070858001,0.4784731268882751,0.4635382890701294,0.4795200228691101,0.4624746739864349,0.4853979647159576,0.4555416405200958,0.4817006587982178,0.4622510373592376,0.4781721234321594,0.4612599909305572
764,764,train,10038,0.6083051562309265,0.3890080749988556,0.6257623434066772,0.3721513152122497,0.6201993227005005,0.3765392601490021,0.6241182684898376,0.3733008801937103,0.6047868132591248,0.3895682394504547,0.6082112193107605,0.3879015445709228,0.6076556444168091,0.3898578882217407,0.602017343044281,0.3916063010692596,0.602579653263092,0.3895440995693207,0.6160560846328735,0.3780260980129242,0.612708330154419,0.387480229139328,0.605563223361969,0.3888506293296814
765,765,train,9683,0.4919858574867248,0.4558995962142944,0.5026586651802063,0.4426970481872558,0.5015369653701782,0.4500820338726043,0.498724490404129,0.4467206597328186,0.4880887866020202,0.4553336501121521,0.4913528561592102,0.4544908702373504,0.4908166229724884,0.4555171430110931,0.4899060130119324,0.4564944207668304,0.4906942844390869,0.4561495184898376,0.4972193837165832,0.4483079314231872,0.4929305911064148,0.4556183516979217,0.4891496300697326,0.4543787240982055
766,766,train,10304,0.5375162363052368,0.4357933104038238,0.5486904382705688,0.425054132938385,0.5434721112251282,0.4302538633346557,0.5465593934059143,0.4274531006813049,0.5352813005447388,0.435404896736145,0.537211000919342,0.4353660047054291,0.5364341139793396,0.435956746339798,0.53395015001297,0.435956746339798,0.5349674820899963,0.4346984922885895,0.5443302392959595,0.428332656621933,0.5379178524017334,0.4367912709712982,0.535738468170166,0.4347462952136993
767,767,train,9218,0.6284937858581543,0.3584908545017242,0.650887668132782,0.3362317979335785,0.646849513053894,0.3380942940711975,0.6489741206169128,0.3357616662979126,0.6218418478965759,0.3608536720275879,0.6286188364028931,0.3560475409030914,0.6328737139701843,0.3561670184135437,0.6227900981903076,0.3615929186344147,0.6211378574371338,0.3612240552902221,0.6390617489814758,0.3432654738426208,0.6338374614715576,0.3548610210418701,0.6278113722801208,0.3567084074020386
768,768,train,8872,0.5015374422073364,0.4577616155147552,0.5144703388214111,0.4459006190299988,0.5102043151855469,0.451010137796402,0.5103644728660583,0.4501321613788605,0.4987986385822296,0.4572362601757049,0.5020349025726318,0.4567612111568451,0.5011782646179199,0.4575793445110321,0.4992745816707611,0.4582172036170959,0.4999418258666992,0.4568700790405273,0.5097428560256958,0.4510208964347839,0.5033054947853088,0.4564456939697265,0.4998989999294281,0.4566660225391388
769,769,test,10107,0.6188669204711914,0.3623824119567871,0.6400110125541687,0.342317670583725,0.6362367868423462,0.3452917039394378,0.6387569904327393,0.3416783511638641,0.612972617149353,0.3649523556232452,0.61943519115448,0.3608379065990448,0.6215856075286865,0.3606379628181457,0.6128876805305481,0.3648083806037903,0.6115239262580872,0.3643217384815216,0.6286144256591797,0.3474369943141937,0.6250019073486328,0.359815776348114,0.6170368790626526,0.3608081638813019
770,770,train,9632,0.5953542590141296,0.4017432034015655,0.6101971864700317,0.3880346119403839,0.603329598903656,0.393135666847229,0.6088185906410217,0.3894989490509033,0.5930197834968567,0.4015663862228393,0.5948727130889893,0.4010034799575805,0.5940306782722473,0.4026127159595489,0.5895031094551086,0.4035443961620331,0.5907568335533142,0.4011923670768738,0.6029312610626221,0.3922760784626007,0.5972114205360413,0.401733249425888,0.5926228761672974,0.4014080464839935
771,771,train,10384,0.6114726662635803,0.3832401037216186,0.6299414038658142,0.3659799098968506,0.6253417134284973,0.3704780638217926,0.6275532841682434,0.3671036660671234,0.6076529026031494,0.3845293521881103,0.6117643117904663,0.3824371695518493,0.6128122806549072,0.3829633295536041,0.6061142683029175,0.3851153254508972,0.6064444184303284,0.3833768665790558,0.6201642155647278,0.3707148432731628,0.6175042390823364,0.3811339139938354,0.6099307537078857,0.3819766640663147
772,772,test,10364,0.4978538751602173,0.4527770578861236,0.5097623467445374,0.4413809776306152,0.5069690942764282,0.4473936557769775,0.5061720609664917,0.4447231292724609,0.4946294128894806,0.4522985219955444,0.497042715549469,0.45201376080513,0.4968401193618774,0.4524771571159363,0.4956368505954742,0.4531733095645904,0.4961941242218017,0.4523156583309173,0.5048737525939941,0.4457363784313202,0.4985871911048889,0.4526866674423218,0.4954146146774292,0.451065331697464
773,773,train,9909,0.5027689933776855,0.4512194991111755,0.5145646929740906,0.440378725528717,0.5119062066078186,0.4449848234653473,0.5114630460739136,0.4430813789367676,0.5006799101829529,0.4510484337806701,0.5024749040603638,0.4508339166641235,0.5019016861915588,0.4511320888996124,0.5005340576171875,0.4511739015579223,0.5016950368881226,0.4501607120037079,0.5094479322433472,0.4443672299385071,0.5037543773651123,0.4506887197494507,0.5008187890052795,0.4497328698635101
774,774,train,10211,0.4817494750022888,0.4490464925765991,0.4894424974918365,0.4405706524848938,0.4900693297386169,0.4453355371952057,0.4867812097072601,0.4445121884346008,0.4793237149715423,0.4490928947925567,0.4812973141670227,0.4488116800785064,0.4808162748813629,0.4497639238834381,0.481668621301651,0.4483028054237366,0.4829768240451813,0.448537528514862,0.4858346283435821,0.4450117349624634,0.4826089739799499,0.4501512050628662,0.4791874289512634,0.4487189948558807
775,775,test,9701,0.6135318279266357,0.3883990943431854,0.6299241185188293,0.373039573431015,0.6246623992919922,0.3774080574512481,0.6292033791542053,0.3736388981342315,0.6100620627403259,0.3888073563575744,0.6134250164031982,0.387687623500824,0.6133061051368713,0.388974666595459,0.6077339053153992,0.3904561102390289,0.6081477403640747,0.3885682821273803,0.6216598153114319,0.3773004710674286,0.6168906092643738,0.3881538808345794,0.6110368371009827,0.3880747258663177
776,776,train,9518,0.5890365839004517,0.4094800055027008,0.6042202115058899,0.3956553041934967,0.5970451831817627,0.4015305042266845,0.601561427116394,0.3976741135120392,0.5866864323616028,0.4097278714179992,0.5887975692749023,0.4091150164604187,0.5882470607757568,0.4100664556026459,0.5833162665367126,0.4110442698001861,0.5852254033088684,0.4087224900722503,0.5969460606575012,0.3996928334236145,0.590984582901001,0.4099301099777221,0.5875404477119446,0.4085833430290222
777,777,train,9964,0.4924971759319305,0.4596121311187744,0.5051982402801514,0.4464863240718841,0.5016794800758362,0.4532245397567749,0.5000733137130737,0.4513092041015625,0.4893274009227752,0.458858460187912,0.4925253987312317,0.4579499065876007,0.4915870130062103,0.4588876664638519,0.4898612797260284,0.459950178861618,0.4916010797023773,0.4587676227092743,0.4989501237869262,0.4518755674362182,0.4945919513702392,0.4579551815986633,0.4907477796077728,0.4572910964488983
778,778,train,9914,0.4858165383338928,0.4597767293453216,0.497518926858902,0.4465104937553406,0.4963008463382721,0.4537617266178131,0.4925984144210815,0.4503333568572998,0.482510507106781,0.459183782339096,0.485625296831131,0.4586440920829773,0.4844824373722076,0.4596003890037536,0.4842789769172668,0.4595802426338196,0.4846638143062591,0.4593742191791534,0.4920576214790344,0.4519817531108856,0.48677459359169,0.4590097665786743,0.4832208752632141,0.4584321677684784
779,779,train,10106,0.6288857460021973,0.3532625436782837,0.6492963433265686,0.3329646289348602,0.6461208462715149,0.3339034914970398,0.6475306749343872,0.3319906890392303,0.6213648319244385,0.3555376529693603,0.6282649636268616,0.3507612347602844,0.6332394480705261,0.3508079648017883,0.624943733215332,0.3557243645191192,0.6231706142425537,0.3554664850234985,0.6396145820617676,0.3389394283294678,0.6326805949211121,0.3502446711063385,0.6287442445755005,0.3515812754631042
780,780,train,9162,0.6229864954948425,0.3722470700740814,0.6422890424728394,0.3541401326656341,0.6377849578857422,0.3569376468658447,0.6400102972984314,0.3538838326931,0.6182160973548889,0.3731577098369598,0.6233775019645691,0.3701951205730438,0.6245834231376648,0.3730455338954925,0.6158018708229065,0.3768032491207123,0.616752564907074,0.3746527433395386,0.6310001611709595,0.3614822328090668,0.628535270690918,0.3686926960945129,0.6215944886207581,0.3723070621490478
781,781,test,8975,0.6351975202560425,0.347629964351654,0.6563963890075684,0.3260317146778106,0.65119469165802,0.3280539810657501,0.6548837423324585,0.3248404860496521,0.627128005027771,0.350843608379364,0.6353785395622253,0.3449453711509704,0.6397994160652161,0.3441938161849975,0.6295984387397766,0.3509352803230285,0.6271767616271973,0.3517192006111145,0.6445131301879883,0.3332529664039612,0.6388461589813232,0.3449105024337768,0.6344712972640991,0.3457417786121368
782,782,train,9708,0.4686635136604309,0.4624607563018799,0.4785283803939819,0.4494748115539551,0.4794263541698456,0.4562221169471741,0.4743606448173523,0.4541680812835693,0.4643525183200836,0.4625848531723022,0.467485636472702,0.4619655013084411,0.4665852189064026,0.461879014968872,0.4670720398426056,0.462231308221817,0.4674866199493408,0.4622829556465149,0.4732937812805176,0.4551337659358978,0.4689559042453766,0.4617740511894226,0.4652306735515594,0.4609284400939941
783,783,train,9967,0.4567570388317108,0.4573197662830353,0.4659678637981415,0.4460489153861999,0.4663348197937011,0.4518272280693054,0.4594094455242157,0.4520516693592071,0.4525958895683288,0.4565854072570801,0.4554640650749206,0.4555199742317199,0.4558210670948028,0.4572898745536804,0.4553580582141876,0.4566304981708526,0.4554221034049988,0.4570013582706451,0.461160272359848,0.4509005546569824,0.4583836495876312,0.4575520753860473,0.453993558883667,0.4560848474502563
784,784,train,10468,0.6211330890655518,0.3706916272640228,0.6422626376152039,0.3506595492362976,0.6374928951263428,0.3540789484977722,0.6398377418518066,0.3510574698448181,0.6158462166786194,0.3724775612354278,0.6213876605033875,0.3691129386425018,0.6233330965042114,0.3698085844516754,0.6148746609687805,0.3734355270862579,0.6144681572914124,0.372303158044815,0.6302325129508972,0.3569892048835754,0.6273347735404968,0.3676180839538574,0.619576096534729,0.3694608807563782
785,785,test,9665,0.627369225025177,0.3578592240810394,0.6505029201507568,0.3349731564521789,0.645819365978241,0.337195485830307,0.6479979157447815,0.334736168384552,0.6204657554626465,0.3606016933917999,0.628135085105896,0.3552441298961639,0.631811797618866,0.3550663888454437,0.6214911341667175,0.360994279384613,0.6197519302368164,0.3608402013778686,0.6378684639930725,0.342396080493927,0.6337155699729919,0.3533424735069275,0.6265988945960999,0.3558220267295837
786,786,train,10474,0.5202010869979858,0.4501693248748779,0.5333285927772522,0.4390819370746612,0.5280577540397644,0.4435195922851562,0.5294749736785889,0.4422500729560852,0.5174074769020081,0.4496277570724487,0.5193505883216858,0.4497128129005432,0.5191541910171509,0.4501012861728668,0.5166705250740051,0.4504637420177459,0.5177994966506958,0.4490721821784973,0.5286010503768921,0.4429272413253784,0.5207200050354004,0.4493453800678253,0.5183935165405273,0.4488052427768707
787,787,train,9559,0.5079026818275452,0.4530107378959656,0.5216526389122009,0.4415237605571747,0.5171180963516235,0.4463794827461242,0.5172491669654846,0.4449748992919922,0.5053279995918274,0.4524845778942108,0.5078750848770142,0.4522455632686615,0.5074838399887085,0.4527477025985718,0.5051245093345642,0.4532071053981781,0.5063762664794922,0.4520228803157806,0.5164059400558472,0.4457403123378753,0.5088579058647156,0.4523792564868927,0.5059837698936462,0.4515239000320434
788,788,train,9801,0.5092582702636719,0.4562962055206299,0.5232944488525391,0.4443558752536773,0.5178344249725342,0.4493347108364105,0.5188075304031372,0.4478664100170135,0.5069742798805237,0.4557822346687317,0.509650468826294,0.4554323256015777,0.5082880854606628,0.4563603699207306,0.5056203603744507,0.4571036994457245,0.5069625377655029,0.4555536210536957,0.5173623561859131,0.4486737847328186,0.5110838413238525,0.4556782245635986,0.5075247883796692,0.4552010893821716
789,789,train,9047,0.6311150789260864,0.3572106063365936,0.6532533764839172,0.3353525996208191,0.6484211087226868,0.3376656174659729,0.6504846215248108,0.3349562287330627,0.6237708926200867,0.3594670295715332,0.6308202743530273,0.3547926545143127,0.6355719566345215,0.3548521697521209,0.6256008744239807,0.3601970076560974,0.6244920492172241,0.3595105707645416,0.6416894793510437,0.3419243693351745,0.6350598335266113,0.3544962108135223,0.6306151747703552,0.355473518371582
790,790,train,10004,0.4638520181179046,0.45725879073143,0.4726926386356354,0.4455164670944214,0.4738094210624695,0.4512484669685364,0.4695194363594055,0.4487578570842743,0.4595735967159271,0.4569099843502044,0.4630526900291443,0.4558581113815307,0.4625600576400757,0.4574265480041504,0.4626128077507019,0.4570330679416656,0.4624922275543213,0.4572862386703491,0.4689558446407318,0.4492107331752777,0.465345948934555,0.4566216766834259,0.4606421291828155,0.4562605619430542
791,791,train,10080,0.5744429230690002,0.4239356517791748,0.5884575247764587,0.4107381105422973,0.5805224776268005,0.4159529507160187,0.585440456867218,0.4133289158344269,0.5717480778694153,0.4240818917751312,0.5738051533699036,0.4234773516654968,0.5732138752937317,0.4242674708366394,0.5692519545555115,0.4246793091297149,0.5708354711532593,0.4227667152881622,0.5829980969429016,0.414423257112503,0.5744666457176208,0.4242303669452667,0.5731603503227234,0.4225432872772217
792,792,train,10590,0.620730996131897,0.3716470897197723,0.641270101070404,0.3517081141471863,0.6366755366325378,0.3551389575004577,0.6395059823989868,0.3522088229656219,0.6153627038002014,0.3734982311725616,0.6209038496017456,0.3703179359436035,0.6231461763381958,0.3706628084182739,0.6151444315910339,0.3739836812019348,0.6141787171363831,0.3731354176998138,0.6296122074127197,0.3581526577472687,0.6265407800674438,0.3687847852706909,0.6189460754394531,0.3705610036849975
793,793,test,9255,0.4723100364208221,0.4534635245800018,0.482543408870697,0.4415980577468872,0.4828802347183227,0.4478354752063751,0.479114681482315,0.444995105266571,0.4686207771301269,0.4531322121620178,0.4719124436378479,0.4527536034584045,0.4714388847351074,0.4536468088626861,0.4715590476989746,0.4531739950180053,0.4721668064594269,0.4534547328948974,0.4783829152584076,0.4456913471221924,0.4739479124546051,0.4528425633907318,0.4695418775081634,0.4524672627449035
794,794,train,9005,0.5060633420944214,0.450089693069458,0.5189327597618103,0.4388516843318939,0.5145285129547119,0.4438212513923645,0.5143809914588928,0.4423953294754028,0.5033766627311707,0.4497832059860229,0.5057104229927063,0.4495059549808502,0.5056440234184265,0.4498103559017181,0.5037959814071655,0.4501123428344726,0.5046708583831787,0.4487993419170379,0.514041006565094,0.4427372515201568,0.5071795582771301,0.4495063424110412,0.504372775554657,0.4487196207046509
795,795,train,10600,0.6188672184944153,0.3738051652908325,0.6393312811851501,0.3541581928730011,0.634906530380249,0.357613205909729,0.6380508542060852,0.3543146550655365,0.6137796640396118,0.375278502702713,0.6190561056137085,0.3724674582481384,0.6207976937294006,0.3732741177082062,0.6127574443817139,0.3763507902622223,0.6119614839553833,0.3752363324165344,0.62774658203125,0.3604390323162079,0.6251054406166077,0.371092677116394,0.6166828870773315,0.3732413947582245
796,796,train,8926,0.6221277117729187,0.371146559715271,0.6425650119781494,0.3518580496311188,0.6375651359558105,0.355453759431839,0.6405932307243347,0.3519448041915893,0.6163036227226257,0.3723214566707611,0.6215077638626099,0.3695886433124542,0.6243926882743835,0.3707911074161529,0.6171506643295288,0.3739680647850036,0.6165899038314819,0.3727883398532867,0.6315956711769104,0.3582855761051178,0.6273289918899536,0.3686456978321075,0.6210610270500183,0.3703962564468384
797,797,train,10048,0.5203204154968262,0.4457996189594269,0.5342073440551758,0.4345006048679352,0.528718888759613,0.4395353496074676,0.5306445956230164,0.4374319612979889,0.5182122588157654,0.4457226991653442,0.5202276706695557,0.4455259144306183,0.5198295712471008,0.4456680417060852,0.5173504948616028,0.4458979070186615,0.5186940431594849,0.4446936249732971,0.529392421245575,0.4378048181533813,0.5217747688293457,0.445647120475769,0.5186519026756287,0.4445768296718597
798,798,train,9357,0.4931737184524536,0.4570891559123993,0.5066283941268921,0.4450153112411499,0.5027841925621033,0.4504708051681518,0.5024802088737488,0.448378711938858,0.490845113992691,0.4562678337097168,0.4937516748905182,0.4556766450405121,0.4929893910884857,0.4564411044120788,0.4912278652191162,0.4577697217464447,0.492108404636383,0.4565242826938629,0.5007644295692444,0.4494299292564392,0.4956091940402984,0.4553449153900146,0.491690069437027,0.4551448822021484
799,799,train,9392,0.5094244480133057,0.4544652700424194,0.5241000056266785,0.4418284595012665,0.5186908841133118,0.4479877948760986,0.5198684930801392,0.4448863565921783,0.507091760635376,0.4541369974613189,0.5096498727798462,0.4540176391601562,0.5090763568878174,0.4544324278831482,0.506659984588623,0.4549672603607178,0.5078209638595581,0.4536951780319214,0.518725574016571,0.4450793862342834,0.5107224583625793,0.4538760483264923,0.5075533986091614,0.4531171321868896
800,800,train,9901,0.5116522908210754,0.4528104960918426,0.5232694745063782,0.442156970500946,0.5194253921508789,0.446833074092865,0.5200848579406738,0.4454034864902496,0.509148120880127,0.452542781829834,0.511649489402771,0.4523791670799255,0.5114648342132568,0.4526754319667816,0.5092357993125916,0.4529662132263183,0.5100998282432556,0.4518006443977356,0.5186111927032471,0.4461136758327484,0.5125210881233215,0.4524411261081695,0.5100541710853577,0.4517690241336822
801,801,test,10448,0.6088736653327942,0.3862021863460541,0.6262059211730957,0.3704037964344024,0.6204635500907898,0.3752135038375854,0.6239817142486572,0.3712080419063568,0.6059752106666565,0.3869063556194305,0.6093145608901978,0.3851553797721863,0.6098034977912903,0.386403739452362,0.6028308272361755,0.3888397514820099,0.6040019989013672,0.386543869972229,0.6170158386230469,0.3751067519187927,0.6131327152252197,0.385112315416336,0.6076899170875549,0.3850419819355011
802,802,train,9828,0.4891156256198883,0.4550605416297912,0.5005611777305603,0.4436014294624328,0.4980741739273071,0.4485361874103546,0.49657142162323,0.4468660950660705,0.4861904084682464,0.4544312953948974,0.4885526299476623,0.4542022049427032,0.4879437386989593,0.4545448124408722,0.4867375493049621,0.455156147480011,0.4873200356960296,0.4541354179382324,0.4955770969390869,0.4479255974292755,0.4900517463684082,0.4535606503486633,0.4868768155574798,0.4531796872615814
803,803,train,10556,0.5203868746757507,0.452250599861145,0.5341752767562866,0.4409205615520477,0.5282568335533142,0.4455578327178955,0.5299495458602905,0.4441708922386169,0.5181426405906677,0.4519142806529999,0.5206621289253235,0.4516580998897552,0.5195479393005371,0.4522119760513305,0.516224205493927,0.4530887901782989,0.5176130533218384,0.4516744017601013,0.5289987325668335,0.4451765716075897,0.521557092666626,0.4516351521015167,0.5185875296592712,0.4513802826404571
804,804,train,10637,0.6327716708183289,0.3458147943019867,0.6530148983001709,0.3254841864109039,0.6493653059005737,0.3264917731285095,0.6517248153686523,0.323838323354721,0.6249414682388306,0.3478398621082306,0.6319213509559631,0.3429235517978668,0.6376486420631409,0.3432062268257141,0.6293807625770569,0.3485623002052307,0.6269605755805969,0.3488886058330536,0.6428737640380859,0.3322759866714477,0.6354109048843384,0.3433567583560943,0.6328093409538269,0.3445711433887481
805,805,train,9832,0.494202971458435,0.4578891098499298,0.5068188309669495,0.4455018937587738,0.50388503074646,0.4510156512260437,0.5030503273010254,0.4489854872226715,0.4916660785675049,0.4570010900497436,0.4940023124217987,0.4567139744758606,0.4936288893222809,0.4573364555835724,0.4920960664749145,0.4580842852592468,0.4930235147476196,0.4568952620029449,0.5013937950134277,0.4497982561588287,0.4955317378044128,0.45674729347229,0.4922567307949066,0.4561180770397186
806,806,train,10148,0.5254627466201782,0.4457019567489624,0.5387730598449707,0.4348779916763305,0.532896876335144,0.4394899010658264,0.5350695848464966,0.4380870461463928,0.5235203504562378,0.4451112747192383,0.525520920753479,0.445399135351181,0.5252888798713684,0.4455470442771911,0.5219489932060242,0.4456800520420074,0.5236194133758545,0.4444136917591095,0.5346124172210693,0.4381297826766968,0.5262231230735779,0.4453877806663513,0.5244218707084656,0.4445183873176574
807,807,train,10118,0.5485369563102722,0.4401435554027557,0.5630500912666321,0.4280575513839721,0.5560017824172974,0.4319928884506225,0.5590205788612366,0.4314711689949035,0.5467276573181152,0.4398305714130401,0.5487146973609924,0.4392731487751007,0.5468869805335999,0.4404377341270447,0.542789101600647,0.4410402178764343,0.5448467135429382,0.4392299056053161,0.5575758814811707,0.4322618246078491,0.5498170852661133,0.4391293823719024,0.5470976829528809,0.439252644777298
808,808,train,10462,0.6240609884262085,0.3707436025142669,0.6438369750976562,0.3521613478660583,0.6397054195404053,0.3549264371395111,0.6419020295143127,0.3521975576877594,0.6189631223678589,0.3725496530532837,0.6245578527450562,0.36928790807724,0.6267349720001221,0.3707061409950256,0.6175715923309326,0.3746731877326965,0.6176862716674805,0.3730260133743286,0.6328819394111633,0.3590152263641357,0.6301546692848206,0.3677276074886322,0.6231434941291809,0.370239794254303
809,809,train,10512,0.6022907495498657,0.3941757082939148,0.6184497475624084,0.3791580498218536,0.6122245788574219,0.3843847513198852,0.6163623929023743,0.3806683421134949,0.5990519523620605,0.3951272070407867,0.6021834015846252,0.3938686847686767,0.602740466594696,0.3939252495765686,0.5970989465713501,0.395441323518753,0.5980833172798157,0.3935337960720062,0.6106213331222534,0.3826881945133209,0.6054826378822327,0.3938608765602112,0.6007480621337891,0.392600268125534
810,810,train,9896,0.6055018901824951,0.392451137304306,0.6221254467964172,0.3770149350166321,0.6164107322692871,0.382258802652359,0.6195142269134521,0.3784154057502746,0.6024811267852783,0.3933292329311371,0.6056132316589355,0.392211377620697,0.6058805584907532,0.3927963376045227,0.5997138023376465,0.3946061134338379,0.6008009314537048,0.3925976753234863,0.613645613193512,0.3813059031963348,0.6094211935997009,0.3916493356227875,0.6042454838752747,0.3912598490715027
811,811,train,9286,0.618798017501831,0.3748895525932312,0.6389080286026001,0.355324774980545,0.6339690089225769,0.358776718378067,0.636832058429718,0.355708360671997,0.6137989163398743,0.3763693869113922,0.6193216443061829,0.3730697631835937,0.6214329600334167,0.3741582930088043,0.6128292679786682,0.3781655728816986,0.6127454042434692,0.3765173852443695,0.6277825832366943,0.3622958362102508,0.6246122717857361,0.3719173073768616,0.6177309155464172,0.3739931285381317
812,812,train,9472,0.5526000261306763,0.4322656691074371,0.5659228563308716,0.4207859933376312,0.5591042041778564,0.4257440865039825,0.5627966523170471,0.4234483242034912,0.5497985482215881,0.4324106872081756,0.5517071485519409,0.4323673844337463,0.5513719320297241,0.4327403306961059,0.5481818914413452,0.4324787259101867,0.54975426197052,0.4311714470386505,0.5612631440162659,0.4242202639579773,0.5524090528488159,0.4329644739627838,0.5513981580734253,0.4311279356479645
813,813,train,10142,0.5236827731132507,0.4462756812572479,0.536568284034729,0.4360774457454681,0.5313933491706848,0.4402847588062286,0.5333949327468872,0.4388501346111297,0.5211268067359924,0.446021020412445,0.5233547687530518,0.4460771679878235,0.5230014324188232,0.4462181329727173,0.5201946496963501,0.4462074041366577,0.5215585827827454,0.4449363648891449,0.5323088765144348,0.4391725361347198,0.524024486541748,0.4461109638214111,0.5223164558410645,0.4449935853481293
814,814,train,10229,0.5008359551429749,0.4584395587444305,0.5146371126174927,0.4477556943893432,0.5110896229743958,0.4522224962711334,0.5103194117546082,0.4507137238979339,0.4986896514892578,0.4575234353542328,0.5015641450881958,0.457527220249176,0.5002216696739197,0.458366334438324,0.498210072517395,0.458847314119339,0.4989537596702575,0.4578692615032196,0.5086058974266052,0.4521497189998626,0.502842903137207,0.4572086334228515,0.4989002048969269,0.4572929739952087
815,815,train,9980,0.6283156275749207,0.3607787489891052,0.6502966284751892,0.3391032516956329,0.6463402509689331,0.3412290513515472,0.6478720307350159,0.3387425243854522,0.6219266653060913,0.3630863726139068,0.6284974217414856,0.3585011661052704,0.6323186159133911,0.3589191138744354,0.6220210194587708,0.3642481863498688,0.6212496757507324,0.3631343245506286,0.6381144523620605,0.3464551568031311,0.634163498878479,0.3567074537277221,0.6274480223655701,0.3592443764209747
816,816,test,9528,0.6423182487487793,0.34116330742836,0.6609169244766235,0.321959525346756,0.6568317413330078,0.3228867948055267,0.6595582962036133,0.32040736079216,0.6338346004486084,0.3439888060092926,0.6417354345321655,0.3385669589042663,0.6463348269462585,0.3382833302021026,0.6375070214271545,0.344224601984024,0.6352018713951111,0.3450044095516205,0.6507529616355896,0.3289784491062164,0.64545738697052,0.3378363251686096,0.6421242356300354,0.3398457169532776
817,817,test,10258,0.4843284785747528,0.456081211566925,0.4957015812397003,0.4446118772029876,0.494433730840683,0.4515380859375,0.4924891889095306,0.4478632807731628,0.4798233807086944,0.4554055333137512,0.484755128622055,0.454912930727005,0.4835691750049591,0.456267237663269,0.4831639230251312,0.4565550982952118,0.48347207903862,0.4562869369983673,0.4906342327594757,0.449485182762146,0.485978215932846,0.4566870629787445,0.4820365905761719,0.4551213681697845
818,818,train,9783,0.499626487493515,0.4526499807834625,0.5108869075775146,0.4416635632514953,0.5081619620323181,0.446975439786911,0.5073992013931274,0.4447456002235412,0.4972764551639557,0.4520274698734283,0.4995821714401245,0.4519611597061157,0.498624712228775,0.4524308443069458,0.4972508549690246,0.4527880251407623,0.4981224834918976,0.451896071434021,0.5057165026664734,0.4459885656833648,0.500662088394165,0.4523670673370361,0.4972822070121765,0.4511901140213012
819,819,train,9854,0.6353839039802551,0.3467225432395935,0.6559677720069885,0.3260490298271179,0.652424693107605,0.3269899785518646,0.6542065739631653,0.3249338269233703,0.6275573372840881,0.3499645292758941,0.6350451111793518,0.3443203568458557,0.6396852135658264,0.3438832461833954,0.6301485300064087,0.3496259152889251,0.6278871297836304,0.3499857187271118,0.6450344920158386,0.3325329422950744,0.6391811966896057,0.3438163101673126,0.6347308158874512,0.3450970351696014
820,820,train,9213,0.6285435557365417,0.3566563725471496,0.6501710414886475,0.3353968560695648,0.6463950276374817,0.3367121517658233,0.6478356122970581,0.3352247178554535,0.6215752959251404,0.3595260381698608,0.6288735270500183,0.3543906211853027,0.6320676207542419,0.3546071946620941,0.6222456097602844,0.3598223924636841,0.6205480098724365,0.3596257865428924,0.6381615400314331,0.3420672714710235,0.6334231495857239,0.3535304963588714,0.6271563768386841,0.3553422391414642
821,821,test,10116,0.6172558069229126,0.375635027885437,0.6368809342384338,0.3565223813056946,0.6325164437294006,0.3596151173114776,0.6347129940986633,0.3565475046634674,0.6118085384368896,0.377252459526062,0.6175404787063599,0.3738633394241333,0.6201660633087158,0.3746539950370788,0.6115500926971436,0.3784718811511993,0.6114593148231506,0.3771035373210907,0.6257858276367188,0.3631912469863891,0.6228876709938049,0.3724827468395233,0.6163986921310425,0.3745661377906799
822,822,train,10349,0.6239029169082642,0.359022855758667,0.6464422345161438,0.3366257846355438,0.6418244242668152,0.3390878736972809,0.6443609595298767,0.3363974988460541,0.6177076697349548,0.3616496920585632,0.6248011589050293,0.3565640449523926,0.627386212348938,0.3563980758190155,0.6176884174346924,0.3617512881755829,0.615918755531311,0.3616106212139129,0.6335967183113098,0.3435538113117218,0.630232036113739,0.3550363779067993,0.6220532059669495,0.3573802709579468
823,823,test,10495,0.6225494146347046,0.3547950983047485,0.6432600021362305,0.3345284163951874,0.6402904391288757,0.3362666666507721,0.6419775485992432,0.3337495028972626,0.6161425113677979,0.3571624457836151,0.6223132014274597,0.3526457250118255,0.6255969405174255,0.3524871170520782,0.6179550290107727,0.3566258549690246,0.6161304116249084,0.3564105331897735,0.632827877998352,0.3396738469600677,0.6268384456634521,0.3524602651596069,0.6209346652030945,0.3527645170688629
824,824,train,10399,0.5402305126190186,0.445503830909729,0.5540325045585632,0.4337357878684997,0.5472114682197571,0.4385349154472351,0.550483226776123,0.4370772540569305,0.5377036333084106,0.4452466070652008,0.5396538972854614,0.4451752305030823,0.5395539402961731,0.4453678727149963,0.5359463095664978,0.4458048343658447,0.5377004146575928,0.4442155063152313,0.5496656894683838,0.4376469254493713,0.5403130650520325,0.445388525724411,0.5391929745674133,0.4442986249923706
825,825,test,9574,0.479189395904541,0.4590653777122497,0.4907859563827514,0.4466237425804138,0.4899117946624756,0.4533484280109405,0.486206591129303,0.4506725668907165,0.4751904904842376,0.4579498469829559,0.4791019856929779,0.4579330384731293,0.4779598414897918,0.4586621522903442,0.4771626889705658,0.4591374397277832,0.4777376055717468,0.458866685628891,0.4856273233890533,0.4509607553482055,0.4806185066699981,0.4585744142532348,0.4764754176139831,0.4575834274291992
826,826,test,9140,0.536980152130127,0.443366140127182,0.5507152676582336,0.4319378435611725,0.54435133934021,0.4366457760334015,0.5472785830497742,0.4349100589752197,0.5344650745391846,0.4430276453495025,0.5365013480186462,0.4430303573608398,0.536371648311615,0.4433311223983764,0.5334417819976807,0.4433287382125854,0.5347445011138916,0.4419642984867096,0.546090841293335,0.4354560673236847,0.5375977158546448,0.4431424736976623,0.5355944037437439,0.4421573281288147
827,827,train,10370,0.5464054346084595,0.4378216564655304,0.5601372122764587,0.4257599711418152,0.5531519055366516,0.430912971496582,0.5566011667251587,0.4287381470203399,0.5438100099563599,0.4376160502433777,0.5457359552383423,0.4375794529914856,0.5451889634132385,0.4381164014339447,0.5413244366645813,0.4384127855300903,0.543225109577179,0.4369299709796905,0.5554283857345581,0.4292755722999573,0.5465397238731384,0.4380597174167633,0.545104444026947,0.4366312325000763
828,828,train,9055,0.5591742396354675,0.4298296570777893,0.5732306241989136,0.4172778725624084,0.5657293796539307,0.4227126836776733,0.5703482627868652,0.4199373126029968,0.5572388768196106,0.4294752180576324,0.5589531660079956,0.4291545152664184,0.5576462149620056,0.4302373230457306,0.5540874004364014,0.4304061830043793,0.5556256771087646,0.4286344647407532,0.5674536824226379,0.4208579957485199,0.5596622824668884,0.430982232093811,0.5570889711380005,0.4288716316223144
829,829,test,9152,0.5166792273521423,0.4489494562149048,0.5290442705154419,0.4383395314216614,0.5240623950958252,0.4432564973831177,0.5262904167175293,0.4411028027534485,0.5140766501426697,0.4486906826496124,0.5164216160774231,0.4486205279827118,0.516148567199707,0.4492242038249969,0.5141674876213074,0.4493065476417541,0.5150500535964966,0.4482628107070923,0.5250813364982605,0.4416190683841705,0.5170772075653076,0.4492418766021728,0.5148496627807617,0.4478739202022552
830,830,train,10591,0.5056097507476807,0.458198994398117,0.5185391306877136,0.4472856521606445,0.5145196318626404,0.4521223604679107,0.5141081213951111,0.4506101906299591,0.5034157037734985,0.4574460983276367,0.5058203339576721,0.4573745727539062,0.5057134628295898,0.4578227698802948,0.5037897825241089,0.4582560658454895,0.5045855641365051,0.457008421421051,0.5136480927467346,0.4509744942188263,0.5071548819541931,0.4576220214366913,0.5044822692871094,0.4566310942173004
831,831,train,9605,0.6200330257415771,0.379950076341629,0.6399174928665161,0.3609536588191986,0.6347100138664246,0.3650548756122589,0.6375226974487305,0.3616659641265869,0.6150099635124207,0.3809199631214142,0.6202601790428162,0.3785046339035034,0.6206520199775696,0.3809954226016998,0.612832248210907,0.3840979337692261,0.613246738910675,0.3823499381542206,0.6281606554985046,0.3686465322971344,0.6260542273521423,0.3767882883548736,0.6178357601165771,0.380317747592926
832,832,train,9277,0.4876056611537933,0.4588038325309753,0.4993680417537689,0.4468350112438202,0.4975920617580414,0.4527159333229065,0.4957312047481537,0.4501172304153442,0.4838844835758209,0.4581238031387329,0.4870787262916565,0.4574863016605377,0.4862802624702453,0.4585919380187988,0.484905332326889,0.4595443904399872,0.4854937791824341,0.4585836231708526,0.4941959679126739,0.4518320858478546,0.4886151850223541,0.4578208923339844,0.4852751493453979,0.4571315348148346
833,833,train,10633,0.6218432188034058,0.3656141757965088,0.6431639194488525,0.3450098037719726,0.6382659673690796,0.3486469089984894,0.6416212320327759,0.3445517718791961,0.6163846254348755,0.3675329685211181,0.622334897518158,0.3637167513370514,0.6251184344291687,0.36383256316185,0.6162307262420654,0.3681609630584717,0.6148316264152527,0.3675031065940857,0.6317288279533386,0.3510453402996063,0.6273368000984192,0.3631846606731415,0.6207043528556824,0.3638227880001068
834,834,train,10117,0.6091774702072144,0.3899823725223541,0.6262668371200562,0.3733747005462646,0.6204144954681396,0.3783242702484131,0.6238623857498169,0.3746695220470428,0.6059786081314087,0.3908500075340271,0.6096346378326416,0.3887330591678619,0.6097445487976074,0.3901953399181366,0.6030968427658081,0.3924793899059295,0.6040875315666199,0.3902447521686554,0.6168257594108582,0.3783626854419708,0.6134014129638672,0.3888058960437774,0.607142448425293,0.3893853425979614
835,835,train,9474,0.598437488079071,0.3993678689002991,0.6130480766296387,0.3868738710880279,0.6058252453804016,0.3926560878753662,0.6118728518486023,0.3887105882167816,0.5959665179252625,0.3992936611175537,0.5976175665855408,0.3993244171142578,0.5969253182411194,0.4006957411766052,0.5928082466125488,0.4010701179504394,0.5940676927566528,0.398883193731308,0.6060642600059509,0.3901382088661194,0.5999377369880676,0.400962769985199,0.5956807732582092,0.3991509079933166
836,836,train,9290,0.5699633955955505,0.4241708517074585,0.5824378728866577,0.4128004014492035,0.5755431056022644,0.4178919196128845,0.5807041525840759,0.414943128824234,0.5677932500839233,0.4238734543323517,0.5693884491920471,0.4239340126514435,0.5687176585197449,0.4246736466884613,0.5654118061065674,0.4244978129863739,0.5665996074676514,0.4230501353740692,0.5781523585319519,0.4157123565673828,0.5698387622833252,0.4252944588661194,0.5684439539909363,0.4231447279453277
837,837,train,9556,0.4930652678012848,0.4499643445014953,0.5041802525520325,0.4370984435081482,0.502000093460083,0.4447507262229919,0.5007318258285522,0.4411932826042175,0.4897936582565307,0.4491257965564728,0.4921439290046692,0.4491456151008606,0.4916719496250152,0.4496666193008423,0.4910139441490173,0.4495455026626587,0.4916778802871704,0.4492578506469726,0.4984194636344909,0.4419556558132171,0.4943210184574127,0.4502204954624176,0.4904298186302185,0.4482828676700592
838,838,train,10296,0.6140834093093872,0.3840633928775787,0.6321385502815247,0.367220789194107,0.6266570687294006,0.371398001909256,0.6298774480819702,0.3685752749443054,0.6107118725776672,0.3850104510784149,0.6143615245819092,0.3830841481685638,0.6151266098022461,0.3840065598487854,0.6080780625343323,0.386601448059082,0.6084181666374207,0.3847450911998749,0.6226677894592285,0.3725335001945495,0.6195728182792664,0.3818723261356354,0.6128116250038147,0.3827582597732544
839,839,test,10195,0.6231313943862915,0.3744231760501861,0.6438367962837219,0.3535262048244476,0.6392127871513367,0.356929063796997,0.6414445638656616,0.3550602495670318,0.6179041862487793,0.3752363324165344,0.6235427856445312,0.3713200986385345,0.6242873668670654,0.3748087584972381,0.6168616414070129,0.3780043125152588,0.616685688495636,0.3763962686061859,0.6321707963943481,0.3618104159832001,0.6288995146751404,0.3700029253959656,0.621648371219635,0.3736813068389892
840,840,train,10244,0.5687097311019897,0.4215143620967865,0.5823968052864075,0.409184992313385,0.5745557546615601,0.4154398143291473,0.5808573961257935,0.4116755723953247,0.5668109655380249,0.4208771586418152,0.5681727528572083,0.4209424555301666,0.5662825107574463,0.4224435687065124,0.5635446906089783,0.4222888648509979,0.5648833513259888,0.4201634228229522,0.5756554007530212,0.4131382703781128,0.5692038536071777,0.4229024350643158,0.5656774044036865,0.42104172706604
841,841,train,10504,0.5590218901634216,0.432940125465393,0.5729445815086365,0.4211694896221161,0.5657958984375,0.4257625937461853,0.5697896480560303,0.4236350655555725,0.5564599633216858,0.4328590333461761,0.558596670627594,0.4325520396232605,0.5584695339202881,0.432819664478302,0.5547332763671875,0.4331285655498504,0.556717038154602,0.4314307272434234,0.5679875612258911,0.4244731366634369,0.5590242147445679,0.433078795671463,0.5579026341438293,0.4317420125007629
842,842,train,9332,0.5309618711471558,0.441811591386795,0.5430694222450256,0.4313989281654358,0.5376874804496765,0.4356197714805603,0.5400016903877258,0.4339750409126282,0.5281652808189392,0.4416192471981048,0.5299906134605408,0.4418860375881195,0.5305242538452148,0.441739559173584,0.5273505449295044,0.4417929947376251,0.5285876393318176,0.4405851066112518,0.5396247506141663,0.4344295263290405,0.5309229493141174,0.4415023326873779,0.5299516320228577,0.4405473172664642
843,843,test,9612,0.6364665031433105,0.3476269841194153,0.6568463444709778,0.3266875445842743,0.6523940563201904,0.3283492624759674,0.655354380607605,0.3255960643291473,0.628818154335022,0.3504767417907715,0.6364457011222839,0.3450815081596374,0.6404159665107727,0.3446081578731537,0.6307269334793091,0.3508010506629944,0.6286974549293518,0.3511528074741363,0.6456211805343628,0.3338354825973511,0.6402915120124817,0.3444066047668457,0.6355425715446472,0.3459861576557159
844,844,train,9918,0.6228228807449341,0.3638575077056885,0.6437991857528687,0.3441602289676666,0.6395694017410278,0.3470267951488495,0.641810953617096,0.3438372611999511,0.6171802878379822,0.3660248816013336,0.6233099102973938,0.3622341752052307,0.6261072754859924,0.3623359501361847,0.6169365048408508,0.3666137456893921,0.6160084009170532,0.3657542765140533,0.6321529150009155,0.3501672446727752,0.6292060613632202,0.3605661392211914,0.6216046810150146,0.3625502288341522
845,845,train,10563,0.5575050711631775,0.4311409592628479,0.5709645748138428,0.4196319878101349,0.5640079975128174,0.4242926239967346,0.5681658387184143,0.4221521317958832,0.5552181005477905,0.4309879541397095,0.5569650530815125,0.4310783147811889,0.5569929480552673,0.4310945570468902,0.5531470775604248,0.4312774240970611,0.5550427436828613,0.4297572076320648,0.5672149062156677,0.4225321114063263,0.5572487115859985,0.4315584003925323,0.5566269159317017,0.4297561049461365
846,846,train,9750,0.5455565452575684,0.4377622306346893,0.559577465057373,0.4263690114021301,0.5520656108856201,0.4309953451156616,0.5557760000228882,0.429187536239624,0.5434408187866211,0.437584787607193,0.545308530330658,0.4375351667404175,0.5447862148284912,0.4379223585128784,0.5408493876457214,0.438315749168396,0.5427559614181519,0.4365186989307403,0.5545417070388794,0.429636538028717,0.5464082956314087,0.4377765655517578,0.5447798371315002,0.4366908669471741
847,847,train,8896,0.5324792265892029,0.4448584318161011,0.5461400151252747,0.4330164790153503,0.5395863056182861,0.4374612271785736,0.5426208972930908,0.4360870122909546,0.530487060546875,0.4445453584194183,0.5323056578636169,0.4445641338825226,0.5315767526626587,0.4447738826274872,0.5280376076698303,0.4452208280563354,0.5293897390365601,0.4438963830471039,0.5412132143974304,0.4372300803661346,0.533206045627594,0.4443268179893493,0.531067967414856,0.443808913230896
848,848,test,9333,0.644670844078064,0.3447691798210144,0.6633954644203186,0.3254766464233398,0.6586206555366516,0.326514720916748,0.660563051700592,0.3248105049133301,0.6359142661094666,0.3473185300827026,0.6430230140686035,0.3425265550613403,0.648648738861084,0.3434655666351318,0.639703094959259,0.3491064012050628,0.6386377811431885,0.3486739993095398,0.6526972055435181,0.3344825804233551,0.6473605632781982,0.3413640558719635,0.6450332403182983,0.3444073796272278
849,849,train,10108,0.4851328134536743,0.4510618448257446,0.4962217509746551,0.4391784071922302,0.494908720254898,0.4465312659740448,0.491935133934021,0.4434109628200531,0.4811072945594787,0.450169175863266,0.4851774871349334,0.4502955079078674,0.4841420352458954,0.4511220753192901,0.4838214814662933,0.4507587552070617,0.4846090078353882,0.4506318271160126,0.4907725155353546,0.4442797601222992,0.4865192770957947,0.4510132372379303,0.4829415082931518,0.4495478570461273
850,850,train,9721,0.6241065859794617,0.3717796206474304,0.6455072164535522,0.3511298298835754,0.6404711604118347,0.3542015552520752,0.6434847712516785,0.3510830104351043,0.6178224682807922,0.3736369907855987,0.6244516968727112,0.3697671592235565,0.6271063089370728,0.3714720606803894,0.6178852319717407,0.3758697211742401,0.6178090572357178,0.3741691410541534,0.6334531903266907,0.3590860068798065,0.630403995513916,0.3678460419178009,0.6231915950775146,0.3712279498577118
851,851,test,9838,0.5110474824905396,0.4473121762275696,0.5242812633514404,0.4360330700874328,0.5196886658668518,0.4413586854934692,0.5205481648445129,0.4391317069530487,0.5081034302711487,0.446462869644165,0.5102465748786926,0.4463521242141723,0.510545015335083,0.4470260441303253,0.5091531276702881,0.447783499956131,0.5095462799072266,0.4460028111934662,0.5192998647689819,0.4396008253097534,0.511782169342041,0.4470002651214599,0.5091192126274109,0.4460203945636749
852,852,test,9937,0.4804503321647644,0.4533674120903015,0.4911012351512909,0.4416958391666412,0.4911456108093261,0.4477652013301849,0.4884275794029236,0.4456935226917267,0.4764609634876251,0.4528390169143677,0.4795859754085541,0.45175901055336,0.479228526353836,0.4531632363796234,0.4799136817455292,0.453047513961792,0.4800108969211578,0.4529263377189636,0.4859051406383514,0.4465657770633697,0.4814595282077789,0.4529469311237335,0.4773944914340973,0.4520593285560608
853,853,train,8971,0.5415046811103821,0.4363465011119842,0.5554224848747253,0.4238340258598327,0.5483593940734863,0.4291520714759826,0.5520796775817871,0.4267261028289795,0.539353609085083,0.4358538091182709,0.5411447882652283,0.4356442987918854,0.5400726795196533,0.4360876381397247,0.5369735956192017,0.4365251064300537,0.5385324954986572,0.4350422918796539,0.5505716800689697,0.4274224638938904,0.541652500629425,0.4361090362071991,0.5400605201721191,0.4345553517341614
854,854,train,9800,0.5824335217475891,0.4151541590690613,0.5959100723266602,0.4028616547584533,0.5885666012763977,0.4081463813781738,0.5941197872161865,0.4049024879932403,0.5802432298660278,0.4149734079837799,0.5817683339118958,0.4147984683513641,0.5811469554901123,0.4156775772571563,0.5771670937538147,0.41590017080307,0.5785760283470154,0.4140770733356476,0.5908828377723694,0.4058369696140289,0.5826821327209473,0.4162530601024627,0.5805838108062744,0.4139900207519531
855,855,train,9771,0.5286334156990051,0.4445119500160217,0.5427950620651245,0.4331749677658081,0.5368182063102722,0.4376078844070434,0.5388115048408508,0.436313271522522,0.5258147120475769,0.4443067014217376,0.5288625955581665,0.4439590573310852,0.5282031297683716,0.4442314803600311,0.5251709818840027,0.4445486068725586,0.5267792344093323,0.4432961940765381,0.5371778011322021,0.4371651411056518,0.5294737815856934,0.4442969560623169,0.5271195769309998,0.4433723390102386
856,856,train,9815,0.622144877910614,0.3677189648151397,0.6431765556335449,0.347447395324707,0.6386422514915466,0.3504174947738647,0.6412768363952637,0.3473054766654968,0.6161491274833679,0.3696984946727752,0.6222946643829346,0.3660198450088501,0.6247587203979492,0.3665697276592254,0.616046130657196,0.3705629408359527,0.6153975129127502,0.3694370090961456,0.6316765546798706,0.3535886108875274,0.6277628540992737,0.3647991716861725,0.6206045150756836,0.3664599657058716
857,857,train,8894,0.6157641410827637,0.3819099366664886,0.6351907849311829,0.3632851243019104,0.6298712491989136,0.3675065338611603,0.632987380027771,0.3646195828914642,0.611350953578949,0.383335679769516,0.6163186430931091,0.3807859420776367,0.61711585521698,0.3815110325813293,0.6099782586097717,0.3839736580848694,0.6097767949104309,0.3826576173305511,0.6241527199745178,0.3695026040077209,0.6215332746505737,0.379560261964798,0.6135919094085693,0.3812962174415588
858,858,train,10072,0.516444206237793,0.4493888020515442,0.5306631922721863,0.437872439622879,0.525066077709198,0.4424439966678619,0.5258687734603882,0.4416338503360748,0.5144529342651367,0.4488638341426849,0.5168096423149109,0.4488939940929413,0.5152185559272766,0.4496564865112304,0.5119673013687134,0.4498737156391144,0.5135297179222107,0.448472261428833,0.5244244337081909,0.4424557983875274,0.5179879069328308,0.4484610855579376,0.5144603252410889,0.4486759006977081
859,859,train,8986,0.5142530202865601,0.4489084780216217,0.5267122983932495,0.4388397634029388,0.5224924683570862,0.4430784583091736,0.5235546231269836,0.4416224658489227,0.511444091796875,0.4487543404102325,0.5137140154838562,0.4486338496208191,0.513168215751648,0.4488158524036407,0.5115007162094116,0.4487075805664062,0.5122717022895813,0.4478944540023803,0.5215359926223755,0.4424909353256225,0.5151592493057251,0.4481693506240845,0.5121873617172241,0.4475926160812378
860,860,train,10456,0.5351759791374207,0.4438313543796539,0.5485045313835144,0.4324582517147064,0.5420336127281189,0.4379276633262634,0.5452331304550171,0.4354459643363952,0.5329746603965759,0.4433938860893249,0.5352099537849426,0.4435378909111023,0.5339989066123962,0.4440457224845886,0.5312076807022095,0.4440567195415497,0.5325705409049988,0.442724347114563,0.5433244109153748,0.4360910058021545,0.5358784198760986,0.4442440867424011,0.533500075340271,0.4427412450313568
861,861,train,9075,0.4953518807888031,0.460926204919815,0.5070573091506958,0.4481207132339477,0.5045011639595032,0.4551892578601837,0.5036871433258057,0.4523535966873169,0.4921295344829559,0.4601239860057831,0.4945800006389618,0.4603231251239776,0.4941477179527282,0.4607494473457336,0.4932518601417541,0.4613462388515472,0.4938883185386657,0.4604422152042389,0.5019749999046326,0.4530516266822815,0.4965983033180237,0.4602751135826111,0.4931837618350982,0.4594170451164245
862,862,train,9354,0.4978077411651611,0.4588585197925567,0.5088648796081543,0.4474403858184814,0.5058225393295288,0.4531465768814087,0.5059996247291565,0.4508180618286133,0.4948963522911072,0.4581556022167206,0.4971917867660522,0.4577957987785339,0.4972091913223266,0.4586899578571319,0.4962427914142608,0.4593829214572906,0.496363878250122,0.4583789408206939,0.5043490529060364,0.4519481956958771,0.4987439513206482,0.4584230780601501,0.4959669113159179,0.4573153257369995
863,863,train,8902,0.4832827746868133,0.4596937894821167,0.494736760854721,0.4472580850124359,0.4932838678359985,0.4532937407493591,0.4904167056083679,0.4507928192615509,0.4803864359855652,0.4589022696018219,0.4829275608062744,0.4586976170539856,0.4820644557476043,0.4593952596187591,0.4808892011642456,0.4600968956947326,0.4817922413349151,0.4592795073986053,0.4886870384216308,0.4522838890552521,0.4844136238098144,0.4584861397743225,0.4809824526309967,0.4576728641986847
864,864,train,8988,0.4886261224746704,0.4610848426818847,0.4996760785579681,0.4479254484176636,0.4976744353771209,0.4546571373939514,0.4947846233844757,0.4521632194519043,0.4854277372360229,0.460033506155014,0.4878029525279999,0.4599428176879883,0.4870743155479431,0.4606979787349701,0.4862427711486816,0.4614409506320953,0.4873632192611694,0.4604160785675049,0.4936296939849853,0.4530667662620544,0.4897200167179107,0.4603065550327301,0.4864789247512817,0.4592067003250122
865,865,test,9763,0.6030274033546448,0.3966479003429413,0.619497537612915,0.3815149962902069,0.6125860810279846,0.386796236038208,0.6164252161979675,0.383252203464508,0.6001424789428711,0.3975068628787994,0.6029894351959229,0.3961401283740997,0.6031954884529114,0.396917849779129,0.5968910455703735,0.398920476436615,0.5984959006309509,0.396532654762268,0.6113907098770142,0.3857304453849792,0.6059920191764832,0.3959060609340668,0.601748526096344,0.3954083919525146
866,866,train,9303,0.6485457420349121,0.3327368199825287,0.666333019733429,0.3143824636936188,0.662673830986023,0.3148467242717743,0.6650570631027222,0.3126622438430786,0.6398510932922363,0.3351415693759918,0.647845447063446,0.3297462165355682,0.6515671610832214,0.3310485780239105,0.6436317563056946,0.3364132940769195,0.6410096883773804,0.3373737037181854,0.6553112864494324,0.3224318325519562,0.6507056355476379,0.3299026191234588,0.6476843953132629,0.332196444272995
867,867,test,10505,0.5032753348350525,0.4551036059856415,0.5163455605506897,0.4436718225479126,0.5123803019523621,0.4489277303218841,0.5122700333595276,0.4471504986286163,0.5006415843963623,0.4545828402042389,0.5030307173728943,0.4542141258716583,0.5027048587799072,0.4546766579151153,0.500827968120575,0.4552814960479736,0.501611053943634,0.4541653394699096,0.5113227367401123,0.4478639364242553,0.5042287111282349,0.4546302855014801,0.5017459392547607,0.4532794058322906
868,868,train,10434,0.4811547696590423,0.4606147408485412,0.4923003017902374,0.4472522735595703,0.492114245891571,0.4540280699729919,0.4876782298088074,0.4521088600158691,0.4771745800971985,0.4602499604225158,0.4810185730457306,0.4593984186649322,0.4798381924629211,0.4601544439792633,0.478959172964096,0.4607177972793579,0.4796954095363617,0.4605122804641723,0.4863086342811584,0.4529024362564087,0.4828464984893799,0.4598637223243713,0.4785579442977905,0.4588620066642761
869,869,train,10005,0.5042208433151245,0.4543832838535309,0.5176783204078674,0.4421234428882599,0.5136364102363586,0.4470480382442474,0.5133216381072998,0.4460884630680084,0.5015170574188232,0.4538527727127075,0.5039412975311279,0.4536264836788177,0.5035575032234192,0.4538813531398773,0.5015071034431458,0.454391211271286,0.5026828050613403,0.453182578086853,0.5130465030670166,0.4463332295417785,0.505794107913971,0.4525430798530578,0.5022852420806885,0.4530533850193023
870,870,test,10446,0.5010531544685364,0.453993558883667,0.5145638585090637,0.4431282877922058,0.510580837726593,0.4485275447368622,0.510981559753418,0.4461627900600433,0.498368352651596,0.4532814621925354,0.5011202096939087,0.4529820680618286,0.5006548762321472,0.4536897838115692,0.498991847038269,0.4543677866458893,0.4999684691429138,0.4532230794429779,0.5088892579078674,0.4472179412841797,0.5019533038139343,0.4534680843353271,0.4988866746425628,0.4526373147964477
871,871,train,10345,0.6187316179275513,0.3753123581409454,0.6386734843254089,0.3570085763931274,0.6334601044654846,0.3605442941188812,0.6372522115707397,0.3569054305553436,0.6138998866081238,0.3759818077087402,0.6186807155609131,0.3734022378921509,0.6201425194740295,0.3752807676792145,0.6126440167427063,0.3782310485839844,0.6128437519073486,0.3763040602207184,0.6280782222747803,0.3631739020347595,0.6245126128196716,0.3724444210529327,0.6173967123031616,0.3744033873081207
872,872,test,9348,0.5819535851478577,0.4156242907047272,0.5955215096473694,0.4028830528259277,0.5883491635322571,0.4082855582237243,0.5924983620643616,0.4051854312419891,0.5788876414299011,0.4161826074123382,0.5808088779449463,0.415693074464798,0.5809708833694458,0.4157598912715912,0.5767956972122192,0.4163406491279602,0.5784264802932739,0.4144623279571533,0.5901307463645935,0.4058256149291992,0.5822494626045227,0.4165584743022918,0.5806698799133301,0.4141060411930084
873,873,train,9804,0.6149867177009583,0.3812668323516845,0.6319088935852051,0.3658818304538727,0.62652188539505,0.3700480461120605,0.629887044429779,0.3666931986808777,0.6116379499435425,0.3821934461593628,0.6149978637695312,0.3806131780147552,0.6155846118927002,0.3817528486251831,0.6088116765022278,0.3839189708232879,0.6097029447555542,0.3818437755107879,0.6230464577674866,0.3704972565174103,0.6191654205322266,0.380006194114685,0.6132144927978516,0.3806387484073639
874,874,train,9054,0.5581883788108826,0.4309113025665283,0.5721681118011475,0.419048011302948,0.5654457807540894,0.4239034652709961,0.569321870803833,0.42145836353302,0.5565720200538635,0.4304653704166412,0.5583249926567078,0.4300065040588379,0.556753933429718,0.4310662448406219,0.5528202056884766,0.4317828118801117,0.5545993447303772,0.4302892684936523,0.5665769577026367,0.4230386614799499,0.5591763854026794,0.4304494857788086,0.5563899874687195,0.4298911690711975
875,875,test,8877,0.587627649307251,0.4137087762355804,0.6018334627151489,0.4009624719619751,0.5947166681289673,0.405987948179245,0.599360466003418,0.402780145406723,0.5854381322860718,0.413950651884079,0.587151825428009,0.4134005308151245,0.5867847204208374,0.414102554321289,0.5825619697570801,0.4147745072841644,0.5841773748397827,0.4126603007316589,0.5958093404769897,0.4041619002819061,0.5886498093605042,0.4139843881130218,0.5859860181808472,0.4128037393093109
876,876,train,9603,0.4848950505256653,0.4614819288253784,0.4956464469432831,0.4482552707195282,0.4935897886753082,0.455409973859787,0.492181122303009,0.4520756006240845,0.4808567762374878,0.4605827331542969,0.4841021299362182,0.4599538147449493,0.4834948778152466,0.4614769518375397,0.4826385378837585,0.4622916281223297,0.4832605123519897,0.4613769352436065,0.4898491501808166,0.4544901251792907,0.4860386550426483,0.4604588449001312,0.4824372828006744,0.4595343172550201
877,877,test,9880,0.5245593786239624,0.4451718330383301,0.538225531578064,0.4338336288928985,0.5331215858459473,0.438272625207901,0.5345845222473145,0.4368142187595367,0.5224982500076294,0.4447825253009796,0.5247886776924133,0.4444480836391449,0.5242976546287537,0.4447346031665802,0.5214847326278687,0.4451029598712921,0.5227949619293213,0.4439955055713653,0.5337159037590027,0.4372715055942535,0.5257798433303833,0.4443592727184295,0.523216724395752,0.4438903629779815
878,878,train,10228,0.4806179106235504,0.4558080732822418,0.4902536273002624,0.4445207417011261,0.4918903708457947,0.4512459337711334,0.4874727725982666,0.4475953280925751,0.4760330021381378,0.4561018645763397,0.4802411198616028,0.4555183351039886,0.4791836440563202,0.4563372731208801,0.4793134331703186,0.4556494355201721,0.4802581071853637,0.4562396705150604,0.4858503043651581,0.4500144124031067,0.4821113348007202,0.4563855230808258,0.4775077104568481,0.4548228085041046
879,879,train,8934,0.6232974529266357,0.3746750652790069,0.6428544521331787,0.3558510839939117,0.6379776000976562,0.3591022491455078,0.6410359740257263,0.3563044667243957,0.6183533668518066,0.3759434521198272,0.6234602928161621,0.373048186302185,0.6242067217826843,0.3756396472454071,0.6160418391227722,0.37877157330513,0.616358757019043,0.3769156038761139,0.6315276622772217,0.3632707297801971,0.628889799118042,0.3716435730457306,0.6212271451950073,0.3748804330825805
880,880,train,9371,0.5380240678787231,0.4428413808345794,0.5522154569625854,0.4310358762741089,0.5447015166282654,0.4360340535640716,0.5485130548477173,0.4342755079269409,0.5356320738792419,0.4426257610321045,0.5378062129020691,0.4425935745239258,0.5377969145774841,0.4427691996097564,0.5337570309638977,0.4431764185428619,0.5357665419578552,0.4414903819561004,0.5477424263954163,0.434614360332489,0.538722038269043,0.4428828060626983,0.5379848480224609,0.4414349198341369
881,881,train,9615,0.5091618299484253,0.4514987766742706,0.5199668407440186,0.4408383965492248,0.5169957876205444,0.4461888968944549,0.5174984335899353,0.4439777135848999,0.506842315196991,0.4511098563671112,0.5088176727294922,0.4507799446582794,0.5090457797050476,0.4510580897331238,0.5076279044151306,0.4511310160160064,0.5080463290214539,0.4503710865974426,0.5162766575813293,0.4446398913860321,0.5102522969245911,0.4515590965747833,0.507472813129425,0.449904203414917
882,882,train,9571,0.4755295813083648,0.4591044485569,0.4867658913135528,0.4458408653736114,0.4867790639400482,0.4526037573814392,0.4819329679012298,0.450240820646286,0.472327709197998,0.4585519433021545,0.475551038980484,0.4576559662818908,0.4747428894042969,0.4585645198822021,0.4740943908691406,0.4590297043323517,0.4744218289852142,0.458911269903183,0.4813743233680725,0.4510897397994995,0.4773060381412506,0.4579415321350097,0.4727554619312286,0.4577839374542236
883,883,test,10397,0.4715664088726043,0.449782520532608,0.4784188866615295,0.4395200610160827,0.4793669879436493,0.4451093971729278,0.4747035503387451,0.4440466165542602,0.4684192240238189,0.4496278166770935,0.4707996249198913,0.4485644698143005,0.4705788493156433,0.449586808681488,0.4698262810707092,0.4490147233009338,0.4708842039108276,0.4485150277614593,0.4745620787143707,0.4444446265697479,0.4725083112716675,0.450236976146698,0.4687149226665497,0.4482854604721069
884,884,train,9294,0.576915442943573,0.4168256521224975,0.5909169912338257,0.4033873379230499,0.5834951996803284,0.4093689620494842,0.588253915309906,0.405795007944107,0.5741087198257446,0.417612612247467,0.5762377977371216,0.416925847530365,0.5768684148788452,0.4165955483913421,0.5723669528961182,0.4173091351985931,0.5740625858306885,0.4154303967952728,0.585299551486969,0.4066140949726105,0.577118456363678,0.4180874526500702,0.5760165452957153,0.4151292443275451
885,885,train,9275,0.6347676515579224,0.3543178141117096,0.6554909944534302,0.3343466818332672,0.6518835425376892,0.3350881934165954,0.6527982950210571,0.3333729207515716,0.6272369623184204,0.35690638422966,0.6342059373855591,0.3520444333553314,0.6394612193107605,0.3529645502567291,0.6292840838432312,0.3585512936115265,0.6285707354545593,0.3572244048118591,0.6449975967407227,0.3414299786090851,0.639201819896698,0.3504820764064789,0.635140597820282,0.3532547056674957
886,886,train,9951,0.561913013458252,0.4243206083774566,0.5743957161903381,0.4133432507514953,0.567306637763977,0.41832235455513,0.5722426772117615,0.4155822396278381,0.5593748688697815,0.4242939949035644,0.5611432790756226,0.4243565797805786,0.5609561204910278,0.4246092438697815,0.5580171346664429,0.424609363079071,0.5595958232879639,0.422841727733612,0.5701811909675598,0.4163598418235779,0.5616474747657776,0.4251201152801513,0.5606605410575867,0.4233302772045135
887,887,train,10215,0.4962625503540039,0.4608311951160431,0.5096542835235596,0.4481995105743408,0.5065869688987732,0.4542577564716339,0.5057418346405029,0.4518231451511383,0.4933456182479858,0.460329532623291,0.4962150156497955,0.4599356949329376,0.4953337609767914,0.460317462682724,0.4939018487930298,0.46124929189682,0.4952873885631561,0.460148274898529,0.5041503310203552,0.4527427554130554,0.4981007874011993,0.4595245122909546,0.4939960837364197,0.4591318070888519
888,888,train,9113,0.5573185682296753,0.4311427772045135,0.5713698863983154,0.4194088280200958,0.5642187595367432,0.4243645668029785,0.5676171183586121,0.4223226904869079,0.5551241636276245,0.4309356808662414,0.5572443604469299,0.4305860996246338,0.5563393235206604,0.4312551021575928,0.5527309775352478,0.4316120445728302,0.5543748140335083,0.4300819933414459,0.5662549734115601,0.4228940606117248,0.5576806664466858,0.4314276278018951,0.5558822751045227,0.4300184547901153
889,889,train,10405,0.6325356364250183,0.3596374094486236,0.6531244516372681,0.3390481770038605,0.6497271060943604,0.3402042686939239,0.6518658995628357,0.3384397029876709,0.6262609958648682,0.3618439733982086,0.6326665282249451,0.3574487864971161,0.6361303925514221,0.3590125739574432,0.6267907023429871,0.3637994229793548,0.6258584260940552,0.3622271418571472,0.6416209936141968,0.3471071422100067,0.6379122734069824,0.3554718494415283,0.6312910914421082,0.359650194644928
890,890,train,9389,0.4722013473510742,0.4556800127029419,0.4821348786354065,0.4428156614303589,0.4825204312801361,0.4499009251594543,0.4783815443515777,0.445575088262558,0.4683349728584289,0.4558228254318237,0.4725238382816314,0.4548821449279785,0.4710606336593628,0.4557447731494903,0.4708393812179565,0.4560180008411407,0.4720565378665924,0.4562421143054962,0.4771802425384521,0.4483733475208282,0.474031537771225,0.4551683068275451,0.4691638350486755,0.4542920589447021
891,891,train,9491,0.6208720207214355,0.3755060732364654,0.64093017578125,0.3562609851360321,0.6362179517745972,0.3595753014087677,0.6386865973472595,0.3565214872360229,0.6161890625953674,0.3766250014305115,0.6214444637298584,0.3737117350101471,0.6221591830253601,0.3759222030639648,0.6138606071472168,0.3794551491737366,0.6142966747283936,0.3773685991764068,0.6290481686592102,0.3637434840202331,0.6269270181655884,0.3717966079711914,0.6189287900924683,0.3753869831562042
892,892,train,10564,0.466342955827713,0.4491088986396789,0.4733382165431976,0.4415701031684875,0.4754908680915832,0.4450928568840027,0.4702127277851105,0.4457319378852844,0.4631604254245758,0.4499936401844024,0.4657531380653381,0.4492464363574981,0.4658505320549011,0.4498984217643738,0.4654922485351562,0.4497148692607879,0.467332661151886,0.4500821530818939,0.4694436192512512,0.4466868638992309,0.4679237604141235,0.4504337608814239,0.4638542830944061,0.4492643475532532
893,893,test,9249,0.5027715563774109,0.4559438526630401,0.5170828104019165,0.4439175128936767,0.5130949020385742,0.4496311247348785,0.5125858187675476,0.4471999108791351,0.5005910992622375,0.4551460742950439,0.5036574602127075,0.4547415375709533,0.5026917457580566,0.4554497897624969,0.5007269382476807,0.4562549591064453,0.501969039440155,0.4549270272254944,0.5108902454376221,0.4482845067977905,0.5052248239517212,0.4548987150192261,0.5010822415351868,0.4544985890388489
894,894,train,9456,0.6426132917404175,0.3433698415756225,0.6613084673881531,0.3248829245567322,0.6567673683166504,0.3260397315025329,0.6588317155838013,0.3239876925945282,0.6333671808242798,0.3474198877811432,0.640799343585968,0.3422271311283111,0.6457878351211548,0.3427844643592834,0.6361150145530701,0.3487228155136108,0.6349573135375977,0.348319798707962,0.6506978273391724,0.3324556052684784,0.6449365019798279,0.3413768112659454,0.6414507031440735,0.3437632024288177
895,895,test,9795,0.5676559209823608,0.4272007942199707,0.5819367170333862,0.4142799377441406,0.5747796893119812,0.4194510281085968,0.579675555229187,0.416880190372467,0.5654903054237366,0.4270054399967193,0.5674133896827698,0.4267290830612182,0.5663251280784607,0.427549660205841,0.562483012676239,0.4278810620307922,0.5642991662025452,0.4260520040988922,0.5763688087463379,0.4179500341415405,0.5680234432220459,0.427852064371109,0.5659850239753723,0.4259144365787506
896,896,train,9416,0.4919584095478058,0.4510363042354584,0.5027135610580444,0.4394550025463104,0.500251054763794,0.4450044631958008,0.4994569420814514,0.4427201449871063,0.4885011315345764,0.4505153298377991,0.4911726415157318,0.4501945674419403,0.49043670296669,0.4508204758167267,0.489141583442688,0.4513862431049347,0.4899016916751861,0.45041623711586,0.4985318481922149,0.4437552094459533,0.4921692907810211,0.4505975544452667,0.4897595942020416,0.4494363963603973
897,897,train,9337,0.6309370994567871,0.3580432832241058,0.6522411704063416,0.3369620740413666,0.6476938128471375,0.33894082903862,0.6500421762466431,0.3363924622535705,0.6237671375274658,0.3611630201339721,0.6312223672866821,0.3559121787548065,0.6350382566452026,0.3566775023937225,0.624609112739563,0.362130731344223,0.6236676573753357,0.3612537086009979,0.6402760744094849,0.344475656747818,0.6357806324958801,0.3549511730670929,0.6301551461219788,0.3571988642215729
898,898,train,9244,0.5222749710083008,0.4408484101295471,0.5345777273178101,0.4306226372718811,0.5301895141601562,0.4354976415634155,0.531273603439331,0.4332333505153656,0.5199888348579407,0.4403963088989258,0.5220467448234558,0.4405312240123749,0.5221666693687439,0.4405564069747925,0.5202121734619141,0.4404641389846802,0.5210443735122681,0.4395600855350494,0.5298867225646973,0.4337875545024872,0.523165762424469,0.4408767521381378,0.5207728743553162,0.4394025504589081
899,899,test,9590,0.5439187288284302,0.4402501881122589,0.557468593120575,0.4284429550170898,0.550469160079956,0.4330187141895294,0.554036557674408,0.431539922952652,0.5417270064353943,0.4401744902133941,0.543668270111084,0.4399357736110687,0.5436870455741882,0.4400638043880462,0.5397176742553711,0.4404516518115997,0.54141765832901,0.4389408826828003,0.5532494187355042,0.4321479201316833,0.544263482093811,0.4398010671138763,0.5430397391319275,0.4391832947731018
900,900,test,10557,0.6209282279014587,0.3715921342372894,0.641364336013794,0.3518173992633819,0.6365964412689209,0.3553396463394165,0.6393601894378662,0.351965457201004,0.6155049204826355,0.3733984231948852,0.6215223073959351,0.3698295056819916,0.6238101124763489,0.3701779246330261,0.6151670813560486,0.374256819486618,0.6144244074821472,0.3731428980827331,0.62996506690979,0.3581717312335968,0.6270264387130737,0.3685024678707123,0.6196640133857727,0.3702096939086914
901,901,train,9241,0.6294039487838745,0.3585819602012634,0.6502222418785095,0.3379331231117248,0.6457796692848206,0.339968740940094,0.648257851600647,0.3369899690151214,0.6218191981315613,0.3609341979026794,0.6289493441581726,0.3563878834247589,0.633459210395813,0.3566894829273224,0.6238656044006348,0.3619137704372406,0.6229404211044312,0.3610017597675323,0.6394385099411011,0.344461441040039,0.6334294676780701,0.3555518388748169,0.6289553046226501,0.3571938574314117
902,902,train,9903,0.4920083284378052,0.4525907337665558,0.5045074820518494,0.4405684471130371,0.500960111618042,0.4465711116790771,0.5003860592842102,0.4443703293800354,0.4885063171386719,0.4521466493606567,0.4917240738868713,0.4517117142677307,0.4907184541225433,0.4528317153453827,0.4895347058773041,0.4532851278781891,0.4898301661014557,0.4524020552635193,0.4984204769134521,0.4455307424068451,0.4934113025665283,0.4516317546367645,0.4899750351905823,0.451140284538269
903,903,train,9501,0.5076472759246826,0.4546862244606018,0.5225341320037842,0.4427644312381744,0.5174978375434875,0.4478589296340942,0.51754230260849,0.4463984370231628,0.5048522353172302,0.4542908668518066,0.5077537894248962,0.4539732336997986,0.5073837637901306,0.4542683362960815,0.5049307942390442,0.4550551176071167,0.5060204863548279,0.453850120306015,0.5166405439376831,0.4471558630466461,0.5090193748474121,0.4536207914352417,0.5060213804244995,0.4534921944141388
904,904,train,9019,0.4708997011184692,0.4543377161026001,0.4810491502285003,0.4423284232616424,0.4809057414531708,0.4490933716297149,0.4765006899833679,0.4461641907691955,0.4673248529434204,0.4535751640796661,0.4703470766544342,0.452793687582016,0.4694971144199371,0.4540097713470459,0.4692444503307342,0.4540474414825439,0.4699529111385345,0.4541420638561249,0.475762277841568,0.4473173320293426,0.4719847738742828,0.4536216855049133,0.4675570726394653,0.4528759717941284
905,905,train,10607,0.5367087125778198,0.4418514370918274,0.5503071546554565,0.4301982522010803,0.5432652235031128,0.4348656833171844,0.5465585589408875,0.4336230158805847,0.53441321849823,0.4418595433235168,0.5363352298736572,0.4409684836864471,0.5354304909706116,0.4413664042949676,0.5323277711868286,0.4420978128910064,0.5342018008232117,0.4404332637786865,0.5456995964050293,0.4339684247970581,0.5367875099182129,0.4416464567184448,0.5355528593063354,0.4404120147228241
906,906,test,10570,0.5077290534973145,0.4547212719917297,0.5206867456436157,0.4436772167682647,0.5167899131774902,0.4483955800533294,0.5166479349136353,0.4471247792243957,0.5050585865974426,0.4542227387428283,0.5070322155952454,0.454297661781311,0.5072960257530212,0.454475849866867,0.505370557308197,0.4547125995159149,0.5061377286911011,0.4535744786262512,0.5157246589660645,0.4477164149284363,0.5085521936416626,0.4538654386997223,0.5062111616134644,0.4532685279846191
907,907,train,9430,0.4822998344898224,0.4543922841548919,0.4932904839515686,0.442282885313034,0.4922172129154205,0.4493063986301422,0.4896723330020904,0.4459952116012573,0.4789236485958099,0.4534190893173218,0.4823871254920959,0.4531322121620178,0.4813313484191894,0.454054594039917,0.4809265732765198,0.4542994797229767,0.4817278981208801,0.4541307687759399,0.4876763224601745,0.4473469853401184,0.4843586683273315,0.4539132714271545,0.4796098172664642,0.4529341161251068
908,908,train,9208,0.4956860542297363,0.4579508304595947,0.5076221823692322,0.4463868141174316,0.504745364189148,0.4517625868320465,0.5042967200279236,0.4496566951274872,0.4930763840675354,0.4573457837104797,0.4956312775611877,0.4568608701229095,0.4953590333461761,0.457474023103714,0.4938670396804809,0.4582422375679016,0.4942465722560882,0.4573463201522827,0.5026987791061401,0.4511228501796722,0.4969731271266937,0.4568782448768616,0.4938116669654846,0.4564201533794403
909,909,train,10420,0.6123110055923462,0.3878869712352752,0.6298923492431641,0.3710041642189026,0.6247156262397766,0.3750317990779876,0.6271446347236633,0.3721411526203155,0.6087033152580261,0.3886716365814209,0.6125137805938721,0.3867373764514923,0.6131099462509155,0.3882309198379516,0.6060630083084106,0.390728086233139,0.6069621443748474,0.3886109888553619,0.6201298832893372,0.376658022403717,0.6173655986785889,0.3852711021900177,0.6107422113418579,0.3871291279792785
910,910,train,10089,0.6221411824226379,0.3707393109798431,0.64388108253479,0.3498201668262481,0.6392315030097961,0.3523742854595184,0.6412697434425354,0.3496079742908478,0.6154608130455017,0.3731114566326141,0.6223750114440918,0.3688799142837524,0.6257838010787964,0.3698787689208984,0.6161117553710938,0.374468058347702,0.6155779957771301,0.3732776045799255,0.6321520209312439,0.3572677969932556,0.6276265382766724,0.3679209649562835,0.6216228008270264,0.3695325553417206
911,911,train,9690,0.6190490126609802,0.3768264353275299,0.638157069683075,0.3582281768321991,0.6334596872329712,0.3628184199333191,0.6364386081695557,0.3593264520168304,0.6146807670593262,0.3782477676868438,0.6191908717155457,0.3759127259254455,0.6202595829963684,0.3763706684112549,0.6134399175643921,0.3787199854850769,0.6130802631378174,0.3773092627525329,0.6281188726425171,0.3634775280952453,0.6245595812797546,0.3749366402626037,0.6170676946640015,0.3753300905227661
912,912,train,9674,0.4722180366516113,0.4504713416099548,0.4794338941574096,0.4410002529621124,0.479869544506073,0.4463348388671875,0.4745628237724304,0.4453973174095154,0.468850165605545,0.4504953026771545,0.4713301062583923,0.4496217966079712,0.4707495868206024,0.4513719081878662,0.4703172147274017,0.4499316215515136,0.4714727401733398,0.4499569535255432,0.475590169429779,0.4445198476314544,0.4732778072357178,0.451664000749588,0.4692484438419342,0.4502414166927337
913,913,train,9287,0.5123626589775085,0.4502756893634796,0.5247005820274353,0.4389483332633972,0.52083820104599,0.4443888366222381,0.5210930705070496,0.4424352049827575,0.5100008249282837,0.4494882524013519,0.5121263265609741,0.4498047828674316,0.5120087265968323,0.4500881433486938,0.5108041167259216,0.450055181980133,0.5113084316253662,0.4492659866809845,0.5193836688995361,0.4436251819133758,0.5142056941986084,0.449826031923294,0.5106799006462097,0.4489215910434723
914,914,train,9895,0.6273856163024902,0.3637403845787048,0.6490649580955505,0.343077689409256,0.6444984674453735,0.3455652594566345,0.6466882228851318,0.3426744639873504,0.6208909749984741,0.3660960793495178,0.6276374459266663,0.3616575896739959,0.6314013600349426,0.362289696931839,0.6212390065193176,0.3673377335071563,0.6207661628723145,0.3661114275455475,0.6378688216209412,0.3496409952640533,0.6325485110282898,0.3609172105789184,0.6273549199104309,0.3619688153266907
915,915,train,9696,0.6457316279411316,0.3390900194644928,0.6643476486206055,0.3198862671852112,0.6597265601158142,0.3210119903087616,0.6624309420585632,0.3185318410396576,0.6365165114402771,0.3418676555156708,0.6444746255874634,0.3364269733428955,0.6502622365951538,0.3363510370254516,0.6412966847419739,0.3423331081867218,0.6389710903167725,0.3431007862091064,0.6540510058403015,0.3275316953659057,0.6480660438537598,0.3361710906028747,0.6461715698242188,0.3376811742782593
916,916,train,9440,0.5396260619163513,0.4369064271450043,0.5524245500564575,0.4261792600154876,0.5459851622581482,0.430590271949768,0.5493787527084351,0.428830087184906,0.5368038415908813,0.4368304014205932,0.5387650728225708,0.4368431568145752,0.5384805798530579,0.4371582269668579,0.535889208316803,0.4370970726013183,0.5370838046073914,0.4356325268745422,0.548054039478302,0.4296002388000488,0.5392645597457886,0.4372934103012085,0.5378187894821167,0.4360024631023407
917,917,train,10470,0.5856857895851135,0.4134405255317688,0.6007804870605469,0.3997063636779785,0.592810869216919,0.4053069055080414,0.5981534123420715,0.401833713054657,0.5833003520965576,0.4134013950824737,0.5853263139724731,0.4129738509654999,0.5844595432281494,0.414183109998703,0.5796603560447693,0.4150574803352356,0.5813654065132141,0.4128682315349579,0.5943966507911682,0.4032995402812958,0.5870546102523804,0.413585901260376,0.5838585495948792,0.4124862849712372
918,918,train,10224,0.544219434261322,0.4385536313056946,0.5577889680862427,0.427268385887146,0.5506628155708313,0.4320144057273865,0.5542101263999939,0.4301360547542572,0.5418025255203247,0.4385859966278076,0.5436769723892212,0.4383336305618286,0.5435113906860352,0.438474029302597,0.5397298336029053,0.4389061629772186,0.5413358807563782,0.4373379945755005,0.5531002283096313,0.4307726323604584,0.5445969700813293,0.4387659430503845,0.5429219603538513,0.4374993443489074
919,919,train,9608,0.4914862215518951,0.4500672817230224,0.5016891360282898,0.4385034441947937,0.501169741153717,0.4451699554920196,0.4995096921920776,0.4412668347358703,0.4881668388843536,0.4496927559375763,0.4905046224594116,0.449207454919815,0.4902743101119995,0.4501904845237732,0.4897813200950622,0.4499669969081878,0.4901910424232483,0.4495598077774048,0.4969410300254822,0.4436022341251373,0.4919792413711548,0.4499249756336212,0.489364743232727,0.4483534097671509
920,920,train,10251,0.4889447391033172,0.4525915682315826,0.4990510642528534,0.4406050741672516,0.4987611472606659,0.4479351937770843,0.4963223338127136,0.4441887736320495,0.4846053719520569,0.4513173103332519,0.4879422783851623,0.4515787363052368,0.4873361587524414,0.4528027772903442,0.4872876405715942,0.4530700445175171,0.4877857565879822,0.4528183341026306,0.494317352771759,0.4462190866470337,0.4900342524051666,0.4527299702167511,0.4863152801990509,0.451201856136322
921,921,train,9083,0.4927180707454681,0.459503173828125,0.5050306916236877,0.4479657709598541,0.5018863081932068,0.4538363814353943,0.5010556578636169,0.4512100219726562,0.4900294840335846,0.4583538472652435,0.4928339719772339,0.4585920572280884,0.4919483065605163,0.4592415392398834,0.4907310605049133,0.460197240114212,0.4914962351322174,0.4592165648937225,0.5000296235084534,0.4525572657585144,0.4946347773075104,0.4582602679729461,0.4907415211200714,0.4580435156822204
922,922,train,10183,0.5521847605705261,0.4311424195766449,0.5642231702804565,0.4200987219810486,0.5571141242980957,0.4253421425819397,0.5619309544563293,0.4227470755577087,0.5496093034744263,0.4309937953948974,0.551239013671875,0.4313341081142425,0.5509297251701355,0.4313805103302002,0.5481113791465759,0.431221604347229,0.5495036840438843,0.4298313856124878,0.5602440237998962,0.4228164851665497,0.5519456267356873,0.4324646294116974,0.5507696866989136,0.4299469888210296
923,923,train,9869,0.6223383545875549,0.3750182688236236,0.64179927110672,0.3568544387817383,0.6370823979377747,0.3600775897502899,0.6399738192558289,0.3569246828556061,0.6173629760742188,0.3760931491851806,0.6223084926605225,0.3735332489013672,0.6238607168197632,0.3753798604011535,0.6158822178840637,0.3784286081790924,0.6163648366928101,0.3765537440776825,0.631203293800354,0.3632552623748779,0.6277846693992615,0.3721245229244232,0.6209205389022827,0.3746835887432098
924,924,train,10510,0.5059502124786377,0.4510233104228973,0.5175724625587463,0.4398093521595001,0.5141626000404358,0.4459148943424225,0.5143653750419617,0.4428807199001312,0.5030438303947449,0.4507090747356415,0.5057684183120728,0.4506228864192962,0.5050600171089172,0.4509337246417999,0.5034646987915039,0.4513130486011505,0.5041019916534424,0.4506399631500244,0.5121095180511475,0.444267213344574,0.5068178176879883,0.4513958096504211,0.5036160349845886,0.44986492395401
925,925,train,9739,0.4918197691440582,0.4520905017852783,0.5026842355728149,0.4409274160861969,0.5013151168823242,0.4469802975654602,0.4996413290500641,0.4441123008728027,0.4881772696971893,0.4515631794929504,0.4908716678619385,0.4517312049865722,0.4906029999256134,0.4525073766708374,0.4901435673236847,0.4525603055953979,0.4904305040836334,0.4517578184604645,0.4973505139350891,0.4456145763397217,0.4930475354194641,0.4523262679576874,0.4895716309547424,0.4505888819694519
926,926,train,9978,0.6393417716026306,0.3496509790420532,0.6590539216995239,0.3297160863876343,0.653827965259552,0.3312791287899017,0.6567280292510986,0.3287521600723266,0.6311960220336914,0.3522425889968872,0.6389025449752808,0.3470816612243652,0.6433970928192139,0.3476120233535766,0.6337965726852417,0.3536796867847442,0.6326828002929688,0.3533870875835418,0.6477209329605103,0.3382249772548675,0.6426404118537903,0.3462685644626617,0.6393560171127319,0.3486346900463104
927,927,train,9406,0.5421965718269348,0.43671914935112,0.5560197234153748,0.4248925745487213,0.5490229725837708,0.4292692542076111,0.5527485609054565,0.4278959929943084,0.5395700931549072,0.4366408288478851,0.5414459705352783,0.4363456070423126,0.5411646962165833,0.4368970990180969,0.5374215245246887,0.4372691512107849,0.5391057729721069,0.4355538189411163,0.5517380833625793,0.4286271035671234,0.5423206686973572,0.4365333914756775,0.5415709018707275,0.435305655002594
928,928,test,10549,0.6231850385665894,0.3703091144561767,0.6440759301185608,0.350001186132431,0.6403903961181641,0.3522194623947143,0.6424300670623779,0.3496012389659881,0.6171132922172546,0.3719985783100128,0.6231058239936829,0.3682634234428406,0.6259515285491943,0.3700227439403534,0.6167540550231934,0.3743535280227661,0.6165974140167236,0.3725456893444061,0.6325761675834656,0.3574888110160827,0.6293074488639832,0.3664482235908508,0.6218615770339966,0.3699677884578705
929,929,train,9262,0.6276540756225586,0.3695963323116302,0.6479544639587402,0.3499309122562408,0.6434838771820068,0.3525491952896118,0.6458323001861572,0.349985808134079,0.6213247776031494,0.3711620271205902,0.6272497773170471,0.3677790462970733,0.6291381120681763,0.3702912628650665,0.6202095150947571,0.3743740916252136,0.6203487515449524,0.3725622296333313,0.6358129382133484,0.3582653403282165,0.6331074833869934,0.3662457764148712,0.6254057288169861,0.3701173067092895
930,930,test,9847,0.483340710401535,0.4631452858448028,0.4949806928634643,0.4493435621261596,0.4931236207485199,0.4565732777118683,0.4907742440700531,0.4539005756378174,0.4797798991203308,0.4619360864162445,0.4830455780029297,0.4613359570503235,0.4824267327785492,0.4626131057739258,0.4813953638076782,0.4637071490287781,0.4821437001228332,0.462629497051239,0.4895358979701996,0.455175518989563,0.4846364855766296,0.461820900440216,0.4814201295375824,0.4610635042190552
931,931,train,8978,0.622285783290863,0.3772147297859192,0.6421471834182739,0.3589908480644226,0.6363939642906189,0.3629218339920044,0.6394765973091125,0.3596141338348388,0.6168304681777954,0.3773882687091827,0.6217359900474548,0.3751884698867798,0.6228909492492676,0.3788118064403534,0.6157028675079346,0.3816989064216614,0.6165032386779785,0.3793558180332184,0.6305984854698181,0.3671420812606811,0.6271644234657288,0.3743442595005035,0.6199557781219482,0.3781747221946716
932,932,test,10350,0.4907844662666321,0.4572149217128753,0.5030946135520935,0.4453091323375702,0.5000320672988892,0.4512556493282318,0.4991316497325897,0.4491976499557495,0.4875687062740326,0.4569051563739776,0.4898750185966491,0.456921249628067,0.4896637499332428,0.4573079347610473,0.4886243939399719,0.457701563835144,0.4894293844699859,0.4566510319709778,0.4976391792297363,0.450091540813446,0.4916588068008423,0.4567683339118957,0.4885096848011017,0.4559949338436126
933,933,train,8944,0.5520445108413696,0.4318232834339142,0.5653428435325623,0.4207108318805694,0.5583359599113464,0.4251152873039245,0.5623822212219238,0.4232259690761566,0.5497658848762512,0.4316006898880005,0.551643431186676,0.431432157754898,0.550913393497467,0.4319939613342285,0.5475553870201111,0.4317744970321655,0.5492467880249023,0.4303562939167022,0.5602107644081116,0.4239332973957062,0.5520967841148376,0.4325486123561859,0.5500771403312683,0.430921345949173
934,934,train,10499,0.6328986287117004,0.3517827093601227,0.6550076007843018,0.3292340338230133,0.650851309299469,0.3304096162319183,0.6530871391296387,0.3282659351825714,0.6246140599250793,0.3553139269351959,0.6329046487808228,0.3491536676883697,0.6373772621154785,0.3488860726356506,0.6269413232803345,0.3552637994289398,0.6246500611305237,0.355633020401001,0.6428622603416443,0.3366071283817291,0.637174665927887,0.3482734560966491,0.6319594979286194,0.3501534461975097
935,935,train,9219,0.4936685860157013,0.4505748450756073,0.5060958862304688,0.4383465349674225,0.5043679475784302,0.4454056620597839,0.5021921396255493,0.4420590400695801,0.4904020726680755,0.4499494731426239,0.4938088357448578,0.449581503868103,0.4922992587089538,0.450393408536911,0.4914677739143371,0.4505411684513092,0.4919261336326599,0.4506027996540069,0.5000829696655273,0.4429348111152649,0.4951830506324768,0.450478732585907,0.490923672914505,0.4491390585899353
936,936,train,9376,0.5582654476165771,0.4283664524555206,0.5712123513221741,0.417105495929718,0.5651471614837646,0.4215230941772461,0.5693816542625427,0.4191949069499969,0.5573064088821411,0.4276740849018097,0.5584333539009094,0.4276169538497925,0.5551531910896301,0.4292356967926025,0.552131712436676,0.4297113418579101,0.5533640384674072,0.428069919347763,0.5642746090888977,0.4213208258152008,0.5589844584465027,0.4287239015102386,0.5542939901351929,0.428590178489685
937,937,train,9703,0.6447486281394958,0.3400989174842834,0.6630202531814575,0.3214957416057586,0.6586500406265259,0.3225205540657043,0.6608596444129944,0.3201854228973388,0.6360796093940735,0.3425569832324981,0.6433570384979248,0.337623119354248,0.6490978598594666,0.3378021419048309,0.6404637098312378,0.343419462442398,0.6384850740432739,0.3438469767570495,0.653056800365448,0.3290902972221374,0.6474072933197021,0.3370974063873291,0.6451613306999207,0.3391361534595489
938,938,train,10627,0.6334725022315979,0.3547797203063965,0.6555414795875549,0.3326663970947265,0.6504037976264954,0.3349093198776245,0.653153657913208,0.3323207795619964,0.6253951191902161,0.3580449521541595,0.6334112882614136,0.3525682389736175,0.637947678565979,0.3524940013885498,0.6275143027305603,0.358702689409256,0.6258777379989624,0.3585854172706604,0.643377423286438,0.3404931426048279,0.6381065249443054,0.3514365553855896,0.6329118609428406,0.3535940647125244
939,939,train,10249,0.5795005559921265,0.4184243381023407,0.592484712600708,0.4069166183471679,0.5849190354347229,0.4123741686344147,0.5909515619277954,0.4088304042816162,0.5781629085540771,0.4173829555511474,0.5797094106674194,0.4174230098724365,0.577698826789856,0.4192634522914886,0.5743442177772522,0.4195020496845245,0.5753479599952698,0.4176658987998962,0.5860887765884399,0.4104732573032379,0.5807843208312988,0.4194603562355041,0.5768063068389893,0.418484091758728
940,940,train,9694,0.6064506769180298,0.3918920755386352,0.6225618124008179,0.3768064379692077,0.6163629293441772,0.3817438185214996,0.6207345724105835,0.3779846429824829,0.6033914685249329,0.3924443423748016,0.6061724424362183,0.3910257816314697,0.6063858270645142,0.3921975493431091,0.6006960272789001,0.393941730260849,0.6017748713493347,0.39189013838768,0.6147703528404236,0.3808117508888244,0.6093924641609192,0.3913731276988983,0.6049811244010925,0.3904821574687958
941,941,test,10200,0.4786068797111511,0.4602797329425812,0.4900541603565216,0.4463273286819458,0.4890439510345459,0.4536783397197723,0.4851613640785217,0.4512320756912231,0.4748259782791137,0.4595339298248291,0.4787633419036865,0.4592357575893402,0.4773415327072143,0.4595761597156524,0.4770505726337433,0.4602010846138,0.4777989387512207,0.4601041972637176,0.4839048087596893,0.4516924321651459,0.4801199734210968,0.4589308500289917,0.4759318828582763,0.4585570693016052
942,942,train,10472,0.6443061232566833,0.3362793326377868,0.6627503037452698,0.3169286847114563,0.6585018634796143,0.31843101978302,0.6618662476539612,0.3152475953102112,0.6358816027641296,0.3386086523532867,0.6439248323440552,0.3330678641796112,0.6470454931259155,0.3343225419521332,0.6393476128578186,0.3398273587226867,0.6362244486808777,0.3409258127212524,0.6513269543647766,0.3249251544475555,0.646996259689331,0.3333131968975067,0.6428569555282593,0.3357953727245331
943,943,train,9805,0.5632487535476685,0.4287409782409668,0.5777255296707153,0.4157625138759613,0.5696362853050232,0.4216289818286896,0.5747988224029541,0.4186345636844635,0.5608078241348267,0.4285703599452972,0.5628094673156738,0.4287156462669372,0.5628552436828613,0.4286767840385437,0.5586652159690857,0.42893847823143,0.5607826709747314,0.427213191986084,0.5726567506790161,0.4187401831150055,0.5638794302940369,0.4295505583286285,0.5625446438789368,0.426990270614624
944,944,train,8867,0.4994666278362274,0.4556510150432586,0.51243656873703,0.4442607462406158,0.5082731246948242,0.4498915672302246,0.5084989070892334,0.4477337896823883,0.4965171813964844,0.4550763368606567,0.4997472763061523,0.4546965658664703,0.4988323450088501,0.4553069472312927,0.4969319701194763,0.4561676681041717,0.4977814555168152,0.454854667186737,0.5072878003120422,0.4482790827751159,0.50071781873703,0.4552263915538788,0.4976125955581665,0.4541906118392944
945,945,train,10180,0.5996954441070557,0.3994775414466858,0.6149857044219971,0.3857574164867401,0.6085954904556274,0.3910026550292969,0.612633466720581,0.3874233067035675,0.5966601371765137,0.4004533290863037,0.5991922616958618,0.3995856046676636,0.5998074412345886,0.3997723460197449,0.5942005515098572,0.4010283052921295,0.5956726670265198,0.3988022804260254,0.6082230806350708,0.3887256383895874,0.6022365093231201,0.3999310731887817,0.5985065698623657,0.3981157541275024
946,946,test,10367,0.4854647815227508,0.4467972815036773,0.4963326752185821,0.4345178008079529,0.4954702258110046,0.4415517449378967,0.4933623373508453,0.4377772510051727,0.4822744131088257,0.4464931488037109,0.4849876761436462,0.4462378323078155,0.484298825263977,0.4464877247810364,0.4846620857715606,0.4464129507541656,0.485002338886261,0.4464441537857055,0.4912748336791992,0.439668208360672,0.4869982302188873,0.4466123878955841,0.4828993678092956,0.4454058110713959
947,947,train,10208,0.4852288961410522,0.4577738046646118,0.4948080778121948,0.4455029368400574,0.493933618068695,0.452500581741333,0.4910203218460083,0.44957435131073,0.4818331897258758,0.4570511877536773,0.4843995273113251,0.4566072225570678,0.4839217960834503,0.4575334191322326,0.4831231832504272,0.4580719769001007,0.4836267232894897,0.4578596651554107,0.4897635877132416,0.4512291848659515,0.4866742789745331,0.45698282122612,0.4824050962924957,0.4565107226371765
948,948,train,10213,0.6357580423355103,0.3449285924434662,0.6551315784454346,0.3255742788314819,0.651322603225708,0.326708972454071,0.6528999209403992,0.3246846497058868,0.6279945373535156,0.347188264131546,0.6353158950805664,0.3423546850681305,0.6394038200378418,0.3425886631011963,0.6311677098274231,0.3478218615055084,0.6295971870422363,0.3477523326873779,0.6445937752723694,0.332482248544693,0.638674795627594,0.3424864113330841,0.6349784731864929,0.343845397233963
949,949,train,10272,0.5803529620170593,0.4178561270236969,0.5948038101196289,0.4050325453281402,0.5883920192718506,0.4090539813041687,0.5923354625701904,0.4070959985256195,0.5792861580848694,0.4171335697174072,0.5806961059570312,0.416710615158081,0.5763686895370483,0.4200083315372467,0.5716646313667297,0.4208045899868011,0.5735956430435181,0.4187105894088745,0.5864176750183105,0.4102653264999389,0.5820202231407166,0.417498767375946,0.5759202837944031,0.4187271893024444
950,950,test,10396,0.5013535022735596,0.4543888866901397,0.5154781341552734,0.4431196749210357,0.5111122131347656,0.4478309452533722,0.5112114548683167,0.4462320208549499,0.4992914795875549,0.4538575708866119,0.5014948844909668,0.4538784027099609,0.5007807016372681,0.4544855952262878,0.4988290071487427,0.4549927115440368,0.4999993443489074,0.4534637033939361,0.510070264339447,0.4469569623470306,0.503078281879425,0.4536679983139038,0.4995570480823517,0.4532011449337005
951,951,train,9985,0.6356546878814697,0.3512512147426605,0.6561793088912964,0.3311773538589477,0.6519400477409363,0.332137256860733,0.6542102098464966,0.3298152387142181,0.6275831460952759,0.3543735146522522,0.6351222395896912,0.3489416539669037,0.6406400203704834,0.3489570617675781,0.6304886937141418,0.3548780083656311,0.6292610168457031,0.3544141948223114,0.6457757949829102,0.3380797505378723,0.6394017338752747,0.3482445478439331,0.6362906694412231,0.3497242927551269
952,952,train,10138,0.6434667110443115,0.3458417654037475,0.6624799370765686,0.3261602818965912,0.6583167910575867,0.3267965018749237,0.6604685187339783,0.3249616026878357,0.6346790790557861,0.3486607074737549,0.6419071555137634,0.3436453938484192,0.6477609276771545,0.3436627984046936,0.6386977434158325,0.3495157659053802,0.637212872505188,0.3496326804161072,0.652023196220398,0.3345145285129547,0.6461249589920044,0.3425461947917938,0.6438870429992676,0.3446924686431885
953,953,train,10408,0.6280883550643921,0.3575921356678009,0.6502757668495178,0.336258977651596,0.6460451483726501,0.338281899690628,0.6483715772628784,0.3355696499347687,0.6211673021316528,0.3599985241889953,0.6282095909118652,0.3553918898105621,0.6325355172157288,0.3553856909275055,0.6230424642562866,0.3603468239307403,0.6215966939926147,0.3598180115222931,0.6389511227607727,0.3427853882312774,0.6336725354194641,0.3539371192455292,0.6278024315834045,0.3558561503887176
954,954,train,10312,0.6308184266090393,0.35099658370018,0.6516388654708862,0.3303840160369873,0.6483700275421143,0.3310558497905731,0.6498662829399109,0.3293607831001282,0.6230962872505188,0.3541650176048279,0.6306365132331848,0.3486237823963165,0.6350255608558655,0.3483311831951141,0.6251518130302429,0.3540539741516113,0.6233752965927124,0.3538478314876556,0.6404770016670227,0.3367221057415008,0.635251522064209,0.3476752340793609,0.6298357248306274,0.349457323551178
955,955,test,10515,0.4984463155269623,0.4580077528953552,0.5112089514732361,0.445777028799057,0.5077464580535889,0.4517558813095093,0.5067653059959412,0.44957035779953,0.4954039752483368,0.4575393497943878,0.4985537827014923,0.4569848179817199,0.4975404739379883,0.4577005803585052,0.4957210123538971,0.4582853317260742,0.4963439702987671,0.4574048817157745,0.5055685639381409,0.4505949318408966,0.4998579919338226,0.4570420980453491,0.4963348507881164,0.456303060054779
956,956,train,8907,0.6306561827659607,0.3533260524272918,0.6516764760017395,0.3329917192459106,0.648601770401001,0.3340599834918976,0.650246798992157,0.3320056498050689,0.6239221096038818,0.3561962246894836,0.6311488151550293,0.3509892523288727,0.6350159049034119,0.350798487663269,0.6252455115318298,0.3559918403625488,0.6235605478286743,0.3557076752185821,0.6405191421508789,0.3390473425388336,0.6357476711273193,0.3502918779850006,0.6296380758285522,0.3521104753017425
957,957,train,10063,0.4916151463985443,0.459960401058197,0.5032153129577637,0.4470750093460083,0.500183641910553,0.4537644982337951,0.4994884729385376,0.4514133930206299,0.4884667694568634,0.4586610198020935,0.4911676943302154,0.4587509930133819,0.4906937479972839,0.4596528112888336,0.4892336130142212,0.4602904915809631,0.4902198612689972,0.4589695334434509,0.4984429776668548,0.4513891935348511,0.4922415912151336,0.459246963262558,0.4896402060985565,0.4579337537288666
958,958,train,9695,0.6154943704605103,0.3827103972434997,0.6337828040122986,0.3654343783855438,0.6292198300361633,0.3694349229335785,0.6313944458961487,0.3661459684371948,0.6115378737449646,0.3835773468017578,0.6156414747238159,0.3815677165985107,0.6162742972373962,0.3830085098743438,0.6091679930686951,0.3853816986083984,0.6096844673156738,0.3834365010261535,0.623828649520874,0.3708767294883728,0.6205831170082092,0.3804026842117309,0.6136874556541443,0.3819620311260223
959,959,test,10573,0.582990825176239,0.414440780878067,0.5978764891624451,0.4012154340744018,0.5903229117393494,0.40730682015419,0.5952147245407104,0.4031365513801574,0.5808078050613403,0.4144904911518097,0.5827553868293762,0.4143609404563904,0.5827932953834534,0.4146665334701538,0.5778869390487671,0.4156079590320587,0.5795599818229675,0.4136788249015808,0.5920836329460144,0.4040779173374176,0.5842841267585754,0.4153775572776794,0.5822773575782776,0.412977784872055
960,960,train,10555,0.5283194184303284,0.4416155815124511,0.5410075783729553,0.430933803319931,0.5351934432983398,0.4353116154670715,0.5373458862304688,0.4335963428020477,0.5254399180412292,0.4416244924068451,0.527601420879364,0.4412983059883117,0.5277684926986694,0.4413125216960907,0.5249026417732239,0.4414404332637787,0.5263725519180298,0.4400352239608764,0.5369149446487427,0.4339236319065094,0.5282977223396301,0.4416668117046356,0.5270476341247559,0.4401883482933044
961,961,train,9857,0.6296456456184387,0.3614521920681,0.6503254175186157,0.3412995636463165,0.6463903784751892,0.343538761138916,0.648163378238678,0.3408401906490326,0.6234740018844604,0.3635494709014892,0.6298966407775879,0.3593369126319885,0.6331440806388855,0.3602510690689087,0.6234244704246521,0.3650196194648742,0.6229626536369324,0.3638419508934021,0.6392278075218201,0.3479952216148376,0.6347150206565857,0.3582921326160431,0.6288807988166809,0.3601099252700805
962,962,train,8981,0.4647142589092254,0.4561398029327392,0.4725702702999115,0.4450382590293884,0.4740673303604126,0.4502393901348114,0.4681375920772552,0.4485317766666412,0.4604792594909668,0.4572556316852569,0.4639443755149841,0.4560345709323883,0.4626550078392029,0.4564490020275116,0.4626281261444092,0.4562216699123382,0.4632378816604614,0.4565677642822265,0.4680961966514587,0.4493381083011627,0.4649568796157837,0.456174373626709,0.4606949985027313,0.4547476470470428
963,963,test,10133,0.6100071668624878,0.3876922130584717,0.6282647252082825,0.3704991042613983,0.6229074597358704,0.3750410377979278,0.6262179613113403,0.3715971410274505,0.606430172920227,0.388350635766983,0.6103358864784241,0.3864876627922058,0.6105454564094543,0.3882171511650085,0.6039364337921143,0.3905135691165924,0.6045414805412292,0.3885354697704315,0.6184176206588745,0.3763290643692016,0.615023136138916,0.3855963349342346,0.6082937717437744,0.3870126605033874
964,964,train,9938,0.5319311022758484,0.444200336933136,0.5453652143478394,0.4332306683063507,0.5389142036437988,0.4375117421150207,0.5417200326919556,0.4360869526863098,0.5294727087020874,0.4438246786594391,0.53147953748703,0.443639725446701,0.5298987627029419,0.4444950819015503,0.5268564224243164,0.4448321759700775,0.5281348824501038,0.4432748258113861,0.5405188202857971,0.4367817342281341,0.5319240093231201,0.444179892539978,0.5297876000404358,0.4429921209812164
965,965,train,8957,0.5005868077278137,0.4523601233959198,0.5146535634994507,0.4401903450489044,0.5103914141654968,0.4456416070461273,0.5100604891777039,0.4435231983661651,0.4981566369533539,0.4516684114933014,0.500969409942627,0.4513523876667022,0.5004348754882812,0.4516893327236175,0.4985747635364532,0.452346920967102,0.4996746480464935,0.4513065814971924,0.5088489055633545,0.4443183541297912,0.5027344822883606,0.4507754445075989,0.4991423785686493,0.450796365737915
966,966,train,9907,0.5262178778648376,0.4431796371936798,0.5374199748039246,0.4326409101486206,0.5334593653678894,0.43763467669487,0.5356452465057373,0.4352185726165771,0.524287760257721,0.4425711035728454,0.5259153842926025,0.4430326223373413,0.525835394859314,0.4434819221496582,0.5238102078437805,0.4429734051227569,0.5246053338050842,0.4421546161174774,0.5332029461860657,0.4362652599811554,0.5272374153137207,0.4436870217323303,0.524588406085968,0.4422741234302521
967,967,train,9672,0.5947508215904236,0.4057096540927887,0.6112579107284546,0.3901962637901306,0.6045489311218262,0.3953104615211487,0.6086837649345398,0.392003059387207,0.592544436454773,0.4054683446884155,0.5951579809188843,0.4043861031532287,0.5924383997917175,0.4076375663280487,0.5869720578193665,0.409140795469284,0.588819682598114,0.4066725969314575,0.6018386483192444,0.3964891731739044,0.5979352593421936,0.4047147631645202,0.5918068289756775,0.4060289263725281
968,968,test,10417,0.5811161398887634,0.4161474108695984,0.5960540771484375,0.4030697643756866,0.5887523889541626,0.4087252616882324,0.5927094221115112,0.4055543541908264,0.5788886547088623,0.4165042638778686,0.5811335444450378,0.4159049093723297,0.5811331868171692,0.4160835146903991,0.5764455795288086,0.4169148206710815,0.5783596038818359,0.4148135185241699,0.5897323489189148,0.4063488245010376,0.5824331045150757,0.4166611433029175,0.5802232623100281,0.4147298634052276
969,969,train,10079,0.5225421786308289,0.4463151693344116,0.5366395115852356,0.4356430172920227,0.5311534404754639,0.4398627281188965,0.5326244235038757,0.438805878162384,0.5196571946144104,0.446280688047409,0.5221869349479675,0.4461548030376434,0.5217891931533813,0.4463623762130737,0.5191029906272888,0.4464743733406067,0.520458996295929,0.4451338648796081,0.5317071080207825,0.4396514594554901,0.5231112837791443,0.4457415342330932,0.520681619644165,0.4453487992286682
970,970,train,9280,0.6036367416381836,0.3975150883197784,0.6210582852363586,0.3811706900596618,0.6150875091552734,0.3854800760746002,0.6181367635726929,0.382874071598053,0.600773811340332,0.3978662192821502,0.6037284135818481,0.3964247703552246,0.6024942994117737,0.3990488350391388,0.5956851840019226,0.4011283218860626,0.5973407626152039,0.3986333906650543,0.6111904978752136,0.3873179852962494,0.6084398627281189,0.3955262303352356,0.6011176705360413,0.3973995149135589
971,971,test,9948,0.55538010597229,0.4307788908481598,0.5673747062683105,0.4204514324665069,0.5608564019203186,0.4257125556468963,0.5650690197944641,0.4224239587783813,0.553801953792572,0.4298759698867798,0.5555906295776367,0.4300956428050995,0.5549288392066956,0.4310454428195953,0.5517182350158691,0.430533617734909,0.5532059669494629,0.4294986128807068,0.5627995729446411,0.4231917262077331,0.5564442873001099,0.4318420886993408,0.5540756583213806,0.4298199713230133
972,972,train,10604,0.4689593017101288,0.4605180025100708,0.477501779794693,0.4485325217247009,0.478247582912445,0.4548817873001098,0.4737760126590729,0.4527071714401245,0.46584153175354,0.4600516259670257,0.4689356684684753,0.4588816463947296,0.4678381681442261,0.4602356255054474,0.4674245119094848,0.4603154361248016,0.4677927792072296,0.4603800475597381,0.4729339778423309,0.4538471698760986,0.4701536893844604,0.4592109322547912,0.4659993350505829,0.4593967795372009
973,973,test,9952,0.4786307513713836,0.4617467224597931,0.4887118637561798,0.4484898149967193,0.4882636666297912,0.4551862478256225,0.4850339591503143,0.4527065455913543,0.4743512570858001,0.4610212445259094,0.4779638051986694,0.4598410427570343,0.4776378273963928,0.4611988663673401,0.4769404530525207,0.4617812931537628,0.4774656891822815,0.4610743522644043,0.4839097857475281,0.453889399766922,0.4801358878612518,0.4606104493141174,0.4757324755191803,0.4600400626659393
974,974,train,9431,0.5459164381027222,0.4365625977516174,0.5586093068122864,0.425431877374649,0.5526095628738403,0.429959237575531,0.5549790263175964,0.4283668100833893,0.5432074069976807,0.4366381764411926,0.545368492603302,0.4363619387149811,0.5452982187271118,0.4363746643066406,0.5423395037651062,0.4363965690135956,0.5439091324806213,0.4350251257419586,0.5542954802513123,0.4286442399024963,0.5459549427032471,0.43699911236763,0.5448798537254333,0.4351871907711029
975,975,train,10409,0.4743388593196869,0.4613275229930877,0.4843125939369201,0.4477103352546692,0.4836625158786773,0.4550794959068298,0.480307012796402,0.4522835612297058,0.4702525734901428,0.4604817032814026,0.4735496342182159,0.4601571559906006,0.4724268615245819,0.4611504971981048,0.4729826152324676,0.4615877568721771,0.4734367430210113,0.4607912898063659,0.4792684614658355,0.4530871510505676,0.4759580194950104,0.4601290822029114,0.4711742997169494,0.4598085880279541
976,976,train,8912,0.5928738117218018,0.409926176071167,0.6074971556663513,0.3961479961872101,0.6001151204109192,0.4013426005840301,0.6050745844841003,0.3984205722808838,0.5904164910316467,0.4101801812648773,0.5924202799797058,0.4095017313957214,0.5919167995452881,0.4105812907218933,0.5870628356933594,0.4114972949028015,0.588732898235321,0.4092057049274444,0.6014865040779114,0.3999903798103332,0.5940231084823608,0.4102426767349243,0.5912559628486633,0.4090691208839416
977,977,train,9153,0.500427782535553,0.4520744681358337,0.5112679600715637,0.4408513307571411,0.5085077881813049,0.4464220702648163,0.5084702372550964,0.4440668225288391,0.497970849275589,0.4515422880649566,0.4995321929454803,0.4513847529888153,0.4997563362121582,0.452005386352539,0.4984982013702392,0.45225790143013,0.4990786612033844,0.451204776763916,0.5071699619293213,0.4454667866230011,0.5012848377227783,0.4520355463027954,0.4986482560634613,0.4504158496856689
978,978,train,9313,0.6191028356552124,0.3732058703899383,0.639744758605957,0.3535622656345367,0.6355270743370056,0.3569669127464294,0.6374805569648743,0.3539215624332428,0.6141530275344849,0.3749560415744781,0.6194521188735962,0.3719368875026703,0.6214682459831238,0.3724806010723114,0.6129450798034668,0.376026451587677,0.6125985383987427,0.3748622834682464,0.6281850337982178,0.3598210215568542,0.6254138946533203,0.3702874183654785,0.6175870895385742,0.3721732199192047
979,979,train,10585,0.6363897323608398,0.3515490293502807,0.6566548347473145,0.3309414684772491,0.650844156742096,0.3329215347766876,0.6542001366615295,0.3302816748619079,0.6280393004417419,0.3540457189083099,0.6359609961509705,0.3488198816776275,0.6408607363700867,0.3500178754329681,0.6315326690673828,0.355727344751358,0.6303973197937012,0.355153739452362,0.6451816558837891,0.3405049741268158,0.6397982239723206,0.3479856848716736,0.6367030143737793,0.3510527014732361
980,980,train,9638,0.5578301548957825,0.4328917860984802,0.5704825520515442,0.4218290746212005,0.5640032291412354,0.4265497624874115,0.5684258937835693,0.4241017401218414,0.5563094615936279,0.4323029220104217,0.557797908782959,0.4323463141918182,0.555510401725769,0.4337932169437408,0.5525760054588318,0.4336516559123993,0.5539098381996155,0.4322729706764221,0.5645543932914734,0.4255560338497162,0.5585008263587952,0.4337352514266968,0.5551129579544067,0.432421326637268
981,981,train,9941,0.6194735169410706,0.3709310293197632,0.6400476098060608,0.3513979315757751,0.6355593204498291,0.354911059141159,0.6378638744354248,0.351460188627243,0.614102303981781,0.3726811408996582,0.6194871664047241,0.3693696558475494,0.6221169829368591,0.3699114620685577,0.6137762069702148,0.3734247982501983,0.613326907157898,0.3720804750919342,0.6289907097816467,0.3573638796806335,0.6252058148384094,0.3682060539722442,0.6182819604873657,0.3693820238113403
982,982,train,10023,0.6123672127723694,0.3827663958072662,0.6318345069885254,0.3644602596759796,0.6274152398109436,0.3679192066192627,0.6300286054611206,0.3653004467487335,0.6080174446105957,0.3841485381126404,0.6126202940940857,0.3815611004829407,0.6138467788696289,0.3824322819709778,0.6068277359008789,0.3849755525588989,0.6067149639129639,0.3830479681491852,0.6210950016975403,0.3703910112380981,0.6185807585716248,0.3800812065601349,0.6107423305511475,0.3816899061203003
983,983,train,9849,0.5518708229064941,0.4326185286045074,0.5657042860984802,0.4210894107818603,0.5583714842796326,0.4259634017944336,0.5621465444564819,0.4238326549530029,0.54944908618927,0.4326962530612945,0.5513250231742859,0.4325277209281921,0.5508928298950195,0.4328198432922363,0.5472279191017151,0.4329835772514343,0.5489352345466614,0.4314554929733276,0.5608221888542175,0.4243826866149902,0.5521020293235779,0.4330078959465027,0.5506301522254944,0.4315580427646637
984,984,train,9717,0.4916388690471649,0.4587287306785583,0.5043339133262634,0.4458649158477783,0.5018027424812317,0.4521597027778625,0.4995565116405487,0.4501656293869018,0.4878604412078857,0.4580150544643402,0.4906788766384125,0.4577902853488922,0.4900833666324615,0.4584591090679168,0.4892698526382446,0.458891898393631,0.4904472529888153,0.458066463470459,0.4978162348270416,0.451172262430191,0.4925076067447662,0.4578617513179779,0.4888854920864105,0.4570977091789245
985,985,train,9484,0.5961040258407593,0.4055280983448028,0.611882209777832,0.3910239338874817,0.6051331162452698,0.3960422575473785,0.6096806526184082,0.3925338685512543,0.5933306217193604,0.4061087071895599,0.596278727054596,0.4051059484481811,0.595912516117096,0.4061414003372192,0.5899106860160828,0.4078422486782074,0.5919538140296936,0.4054170846939087,0.6046833395957947,0.3952669501304626,0.5990781784057617,0.4049825370311737,0.5951476097106934,0.4043892920017242
986,986,train,9649,0.530788779258728,0.4467682242393493,0.5445607304573059,0.436213731765747,0.538016140460968,0.4407548308372497,0.5411096215248108,0.4388750195503235,0.5286611318588257,0.4460614621639251,0.5304577946662903,0.4461859762668609,0.5300279855728149,0.4465657770633697,0.5270719528198242,0.4469610452651977,0.5282240509986877,0.4454790651798248,0.5397482514381409,0.4396398067474365,0.5315945744514465,0.4463858604431152,0.5292003154754639,0.4456029832363128
987,987,train,10527,0.6401731967926025,0.3416695594787597,0.6594719886779785,0.3214498162269592,0.6555870175361633,0.3224069476127624,0.6578110456466675,0.320570170879364,0.6320330500602722,0.3446881473064422,0.6397002339363098,0.3389113545417785,0.6434417963027954,0.3388984501361847,0.6348161101341248,0.3446892201900482,0.6323990821838379,0.3453827500343323,0.6480328440666199,0.3290901780128479,0.6435163617134094,0.3384501039981842,0.6389294862747192,0.3402785956859588
988,988,train,10483,0.5245180130004883,0.4440129995346069,0.5373279452323914,0.4334735870361328,0.5318573117256165,0.4380232691764831,0.5340526103973389,0.4362314641475677,0.5220622420310974,0.4437860548496246,0.5242133140563965,0.4438806176185608,0.524059534072876,0.4441660046577453,0.5217680335044861,0.4439514279365539,0.5228617787361145,0.4428988099098205,0.533128023147583,0.4368917346000671,0.5248463749885559,0.4438915848731994,0.5233263373374939,0.4431049525737762
989,989,train,8895,0.4690165221691131,0.4641335606575012,0.4789111018180847,0.4493630230426788,0.4788141846656799,0.4570442736148834,0.4746890962123871,0.4549499750137329,0.4647802114486694,0.4634040594100952,0.4678167700767517,0.4627842009067535,0.4677502512931824,0.462699145078659,0.4669535756111145,0.4641604125499725,0.4675435423851013,0.4638713598251343,0.4731414020061493,0.4558471143245697,0.4697075188159942,0.4626398384571075,0.4658037722110748,0.462304025888443
990,990,train,8941,0.4835919141769409,0.4489919543266296,0.4908980429172516,0.4410143494606018,0.4932114779949188,0.4454241991043091,0.4874000549316406,0.4454278945922851,0.4828258752822876,0.4495914280414581,0.4847607910633087,0.4485265910625458,0.4843250215053558,0.4496298432350158,0.4837842583656311,0.4487059414386749,0.4848970770835876,0.4489670395851135,0.487518161535263,0.4454808831214905,0.4854096174240112,0.4509923756122589,0.4818302094936371,0.4487720727920532
991,991,train,10489,0.5827442407608032,0.4159641563892364,0.5970660448074341,0.4031634032726288,0.5897855162620544,0.4080357849597931,0.5951573848724365,0.4054818749427795,0.5806259512901306,0.415894478559494,0.5821054577827454,0.4157059788703918,0.5809363126754761,0.4171461760997772,0.5766718983650208,0.4175385236740112,0.5782365202903748,0.4154730141162872,0.5909475088119507,0.4069326519966125,0.5837598443031311,0.4167669713497162,0.58037269115448,0.4155127108097076
992,992,train,9304,0.4931696057319641,0.4619216620922088,0.5079001188278198,0.4498145580291748,0.5030505657196045,0.4546014666557312,0.5029638409614563,0.4538187980651855,0.4912219941616058,0.4612034857273102,0.4939107596874237,0.4607109427452087,0.4930896162986755,0.4613735973834991,0.4906855523586273,0.4626691043376922,0.4917351305484772,0.4611107409000397,0.5018081665039062,0.4548982679843902,0.495646208524704,0.4600848257541656,0.492113322019577,0.460385262966156
993,993,train,9396,0.6236186623573303,0.3714238107204437,0.6403996348381042,0.3553895652294159,0.6337705850601196,0.3595191836357116,0.639587938785553,0.3558361530303955,0.6199733018875122,0.3714280128479004,0.6234683394432068,0.3698279559612274,0.6227259635925293,0.3731298744678497,0.616543173789978,0.3754486739635467,0.6172230243682861,0.3729907274246216,0.6309333443641663,0.3610874116420746,0.6268108487129211,0.3704558610916137,0.6199849843978882,0.372718870639801
994,994,train,9051,0.4958833158016205,0.4520747065544128,0.5087739825248718,0.4408707320690155,0.5054605007171631,0.4461067914962768,0.5050349235534668,0.4440775513648987,0.4930548369884491,0.4514875411987304,0.4956727623939514,0.4512095749378204,0.4952523410320282,0.4517596662044525,0.4939041435718536,0.4521199762821197,0.4945606291294098,0.4512215852737427,0.5029811263084412,0.4451469779014587,0.4971433579921722,0.4513803720474243,0.4938310980796814,0.4506125152111053
995,995,test,10592,0.4862582981586456,0.439268559217453,0.493693083524704,0.4299399256706238,0.4924528896808624,0.4350314438343048,0.4909994602203369,0.4345335662364959,0.4845114350318908,0.4388763606548309,0.4861548542976379,0.4389916360378265,0.4861400425434112,0.4393705427646637,0.4858329892158508,0.4380727708339691,0.4867058992385864,0.4382639527320862,0.4912571012973785,0.4344468712806701,0.4880624115467071,0.4403787851333618,0.4848562777042389,0.4386010468006134
996,996,train,9994,0.6013704538345337,0.4028831720352173,0.6171326041221619,0.3882665634155273,0.6104052662849426,0.393968790769577,0.6141011118888855,0.3900157213211059,0.5985941886901855,0.4037393927574157,0.6012920141220093,0.4028673470020294,0.6015872359275818,0.4031232595443725,0.5958992838859558,0.4045480489730835,0.5971897840499878,0.4025453925132751,0.6099061965942383,0.3919849395751953,0.6039999127388,0.4031141400337219,0.6003247499465942,0.401402860879898
997,997,train,9623,0.6251187324523926,0.3673052191734314,0.6458705067634583,0.3478288054466247,0.6412658095359802,0.350872129201889,0.6443462371826172,0.3473106920719147,0.6195930242538452,0.368964821100235,0.6255444884300232,0.3654538094997406,0.6284684538841248,0.3659929037094116,0.6194172501564026,0.3699294924736023,0.6186851859092712,0.3688589632511139,0.634901225566864,0.3533695340156555,0.6307163238525391,0.3648849129676819,0.6241989135742188,0.3658850491046905
998,998,train,10070,0.6406528353691101,0.3413684070110321,0.6594921350479126,0.3219145238399505,0.6557465195655823,0.3227796852588653,0.6581270098686218,0.3204116225242615,0.6326684355735779,0.3439589440822601,0.6402804255485535,0.3386847674846649,0.6442453861236572,0.338693767786026,0.6355306506156921,0.3444437086582184,0.6332811713218689,0.3450957536697387,0.6489632725715637,0.3288133442401886,0.6437739729881287,0.3382600843906402,0.6398817300796509,0.3399750292301178
999,999,train,9198,0.4766631424427032,0.4364495277404785,0.4826820194721222,0.4295722246170044,0.4845049381256103,0.4322823584079742,0.4806787669658661,0.4320317208766937,0.4739886224269867,0.4375539422035217,0.4764631986618042,0.4365666508674621,0.4761523902416229,0.4375713765621185,0.4759088456630707,0.4359888136386871,0.4761084318161011,0.4358179867267608,0.4802046120166778,0.4322016537189483,0.4782556593418121,0.4375689923763275,0.474602997303009,0.4360268115997314
1000,1000,train,9866,0.6421360373497009,0.3418546020984649,0.6613660454750061,0.3220718502998352,0.6561534404754639,0.3236825168132782,0.6594508290290833,0.3208540081977844,0.6330267786979675,0.3446065485477447,0.6414266228675842,0.3390303254127502,0.6467048525810242,0.3393105864524841,0.6377730369567871,0.3450867533683777,0.6356620192527771,0.3457219302654266,0.650701105594635,0.330072671175003,0.644527018070221,0.3388896882534027,0.6424769163131714,0.3405398428440094
1001,1001,train,10209,0.6246194243431091,0.3640271425247192,0.6465722918510437,0.3425381481647491,0.6416692137718201,0.3457029163837433,0.6435890793800354,0.3429339230060577,0.6182809472084045,0.3663177788257599,0.6253449320793152,0.3617664873600006,0.6287557482719421,0.3618320822715759,0.6187483668327332,0.3670150637626648,0.617560088634491,0.3662914335727691,0.6347880959510803,0.3490017652511596,0.6302409768104553,0.3609808683395386,0.6238270998001099,0.3622256219387054
1002,1002,train,10619,0.5337228178977966,0.4442051947116852,0.5471910834312439,0.4330490231513977,0.5407528281211853,0.4371821880340576,0.5433604121208191,0.4360035061836242,0.5312890410423279,0.4439784586429596,0.5330669283866882,0.4437874853610992,0.5324207544326782,0.4442952871322632,0.5293349027633667,0.4444909691810608,0.5308464169502258,0.4429142475128174,0.5424467325210571,0.4367130696773529,0.5339213609695435,0.4438938796520233,0.5324059128761292,0.4428059160709381
1003,1003,train,9418,0.5551108121871948,0.4262165427207947,0.567459225654602,0.4153165221214294,0.5609290599822998,0.4202213287353515,0.5648783445358276,0.4177016913890838,0.5525118112564087,0.4263396561145782,0.554144024848938,0.4262982308864593,0.5546932220458984,0.4261724054813385,0.5514799356460571,0.425952672958374,0.5527684092521667,0.4247304499149322,0.5634527802467346,0.4177226126194,0.5551571846008301,0.4272399246692657,0.5542038083076477,0.4246937036514282
1004,1004,train,9745,0.5527075529098511,0.4323148429393768,0.5666359066963196,0.4207684099674225,0.5598888993263245,0.4250345528125763,0.5633871555328369,0.4235364198684692,0.5502919554710388,0.4322610199451446,0.5522523522377014,0.4320017397403717,0.5510463118553162,0.4327175617218017,0.5473425388336182,0.4329932332038879,0.5490972995758057,0.431238055229187,0.5613045692443848,0.4245908260345459,0.5529770255088806,0.4323179721832275,0.5508466362953186,0.4315009415149688
1005,1005,train,8995,0.539552628993988,0.4399170279502868,0.5530598759651184,0.4282225668430328,0.5466214418411255,0.4329547882080078,0.5497556328773499,0.4311524927616119,0.5371517539024353,0.4399076104164123,0.5393088459968567,0.4395301938056946,0.5389297008514404,0.439865231513977,0.5352239012718201,0.440286785364151,0.5369033217430115,0.4386980235576629,0.5486626625061035,0.4317628741264343,0.5400425791740417,0.4399781823158264,0.5385230779647827,0.438548743724823
1006,1006,train,10285,0.6491115689277649,0.3301043212413788,0.6669619083404541,0.3123652338981628,0.6627696752548218,0.313713937997818,0.6661171913146973,0.3101149499416351,0.6409287452697754,0.3322123885154724,0.6488362550735474,0.3271560966968536,0.6519057750701904,0.3286243677139282,0.6439463496208191,0.334205687046051,0.6411773562431335,0.3351844251155853,0.6555176377296448,0.3202614784240722,0.6515358686447144,0.3277596235275268,0.6481295824050903,0.3298901915550232
1007,1007,train,10465,0.5026233196258545,0.4556062519550323,0.5159769058227539,0.4439619183540344,0.5119603276252747,0.4493440389633178,0.5123206377029419,0.4475711584091186,0.4999460577964782,0.4548892974853515,0.5022475123405457,0.4545973241329193,0.5021306872367859,0.4550386667251587,0.5005792379379272,0.4560655653476715,0.5012667179107666,0.454818844795227,0.5108339190483093,0.4481110274791717,0.5039708018302917,0.4547694325447082,0.5005251169204712,0.4541570544242859
1008,1008,train,8887,0.5566907525062561,0.4323320388793945,0.5687640309333801,0.4215559363365173,0.5620443820953369,0.4265744984149933,0.5665894746780396,0.4238658547401428,0.5542386174201965,0.432289719581604,0.5558012127876282,0.4325540065765381,0.5558673143386841,0.4327337741851806,0.5525488257408142,0.4326511323451996,0.5540820956230164,0.4312784969806671,0.5646997690200806,0.4245218932628631,0.5566020607948303,0.4333453476428985,0.5554739832878113,0.4313717186450958
1009,1009,train,9960,0.5507403612136841,0.4359143376350403,0.5643946528434753,0.4239532053470611,0.5577386617660522,0.4285066127777099,0.5614709854125977,0.4265115261077881,0.5486302375793457,0.4359028041362762,0.5507305860519409,0.4352105259895324,0.5502078533172607,0.4358541667461395,0.5459766983985901,0.436137706041336,0.5478143095970154,0.4345511794090271,0.5600261092185974,0.4274944365024566,0.5506802201271057,0.4357182383537292,0.5499470233917236,0.4343668818473816
1010,1010,train,10395,0.4986927211284637,0.4553870856761932,0.5107769966125488,0.4446017146110534,0.5067321062088013,0.4496068358421325,0.5073028802871704,0.4479237198829651,0.4958225786685943,0.454503983259201,0.4977281093597412,0.4544673860073089,0.4976604282855987,0.4550366401672363,0.4961837828159332,0.4555247724056244,0.496585488319397,0.4545276165008545,0.5057250261306763,0.4489756822586059,0.4994924962520599,0.454428493976593,0.4964930713176727,0.4540799260139465
1011,1011,train,9850,0.5709668397903442,0.4232459962368011,0.5853659510612488,0.4108067154884338,0.5778295397758484,0.4162847101688385,0.5823155045509338,0.4132203459739685,0.5687600374221802,0.4233074784278869,0.5706470608711243,0.4230677187442779,0.5699999928474426,0.4236046969890594,0.5659439563751221,0.4239273369312286,0.5679153800010681,0.4220902323722839,0.5792321562767029,0.4141807556152344,0.5719549655914307,0.423918753862381,0.5695018172264099,0.4222369194030761
1012,1012,train,9066,0.5037335753440857,0.448821872472763,0.5170327425003052,0.4379773736000061,0.5132836103439331,0.4428109526634216,0.5133528709411621,0.4408895671367645,0.5014246106147766,0.4483684599399566,0.503959059715271,0.4479214251041412,0.5033390522003174,0.448294997215271,0.5014257431030273,0.4492299854755401,0.5021145939826965,0.4480317533016205,0.5125577449798584,0.4413217604160309,0.5051108598709106,0.4481875598430633,0.502326250076294,0.4473244845867157
1013,1013,train,9203,0.6305680871009827,0.3554952144622803,0.6518110036849976,0.3346934616565704,0.6479890942573547,0.3362830579280853,0.6497147679328918,0.334125280380249,0.6238310933113098,0.3578958809375763,0.6305292844772339,0.3531770706176758,0.634901225566864,0.3534002006053924,0.6249618530273438,0.3586659431457519,0.6239069104194641,0.3577120006084442,0.6406115293502808,0.3414326310157776,0.6353780031204224,0.3519520163536072,0.6301127672195435,0.3538989424705505
1014,1014,test,9670,0.4779771566390991,0.4571831226348877,0.487404465675354,0.4447592496871948,0.4882564544677734,0.4522499144077301,0.4851200580596924,0.4479006826877594,0.4725318849086761,0.4570495188236236,0.4763392806053161,0.4567847549915313,0.4759317934513092,0.4578216671943664,0.4766760468482971,0.4575330317020416,0.4765965342521667,0.4575746059417724,0.4832607209682464,0.4495376348495483,0.478501558303833,0.4575388431549072,0.4746872186660766,0.4562750160694122
1015,1015,train,10544,0.6384919285774231,0.3395947813987732,0.6574607491493225,0.3198257386684418,0.6537229418754578,0.3210200071334839,0.6562839150428772,0.3183816075325012,0.6303781270980835,0.3426893949508667,0.6382499933242798,0.336813360452652,0.6416845917701721,0.3367519378662109,0.6332231163978577,0.3424880504608154,0.6306706070899963,0.3432267308235168,0.6464990973472595,0.3265793621540069,0.641693115234375,0.3366581797599792,0.6368480920791626,0.3381924927234649
1016,1016,train,10369,0.6145893335342407,0.3853763937950134,0.6330620646476746,0.3678053319454193,0.6275705695152283,0.3720717132091522,0.6307517290115356,0.3684011101722717,0.6112395524978638,0.3858816623687744,0.6150782704353333,0.3839007019996643,0.6154795289039612,0.3860076069831848,0.6076746582984924,0.3889452517032623,0.6086017489433289,0.3866400122642517,0.6231936812400818,0.3738525509834289,0.6198989152908325,0.3827414512634277,0.6133372783660889,0.3844320774078369
1017,1017,train,9568,0.6403995752334595,0.3449330031871795,0.6600137948989868,0.3249747455120086,0.6553952097892761,0.3259615302085876,0.6576664447784424,0.3239617645740509,0.6323760747909546,0.3475207090377807,0.6397234797477722,0.3423084616661072,0.6448559761047363,0.3426331579685211,0.6352505683898926,0.3486551344394684,0.6336730122566223,0.3486851751804352,0.6492257118225098,0.332916259765625,0.6436217427253723,0.3414464592933655,0.6405081152915955,0.3437398076057434
1018,1018,train,9094,0.6409688591957092,0.3441221714019775,0.6606091856956482,0.3238842189311981,0.6560786962509155,0.3251753449440002,0.658503532409668,0.3229078650474548,0.6325116753578186,0.346853107213974,0.6403762698173523,0.3413898944854736,0.6456152200698853,0.3411180675029754,0.6365783214569092,0.3470699787139892,0.6345797181129456,0.3475097715854645,0.6497031450271606,0.331778734922409,0.6441422700881958,0.340709924697876,0.6410288214683533,0.3425907790660858
1019,1019,train,9278,0.5908638834953308,0.4089100062847137,0.6053058505058289,0.3950836062431335,0.597880482673645,0.4011189639568329,0.6028845310211182,0.3972852528095245,0.5879914164543152,0.4096263945102691,0.5902184247970581,0.4089536964893341,0.5904192924499512,0.4092297255992889,0.5851563811302185,0.4103128314018249,0.5867570638656616,0.4082603454589844,0.5991924405097961,0.3985646963119507,0.5916868448257446,0.4098935723304748,0.5894325375556946,0.4077913165092468
1020,1020,train,10259,0.5198149681091309,0.4484928250312805,0.5334632396697998,0.4372690618038177,0.5271139144897461,0.4422613978385925,0.529691219329834,0.4400161206722259,0.5173187255859375,0.4479096233844757,0.519561767578125,0.4481357336044311,0.5191916227340698,0.4483652114868164,0.5166537761688232,0.4486478269100189,0.5178958773612976,0.4470497667789459,0.5290526747703552,0.4405136406421661,0.520175039768219,0.4484390616416931,0.5182884931564331,0.4471427798271179
1021,1021,train,9238,0.5290399193763733,0.4410083591938019,0.5416279435157776,0.4309092164039612,0.5357018709182739,0.4352467358112335,0.5381622910499573,0.4334360957145691,0.5266523957252502,0.4407564103603363,0.5286623239517212,0.440813273191452,0.5289310812950134,0.4408208727836609,0.5258812308311462,0.4408766627311706,0.5271649360656738,0.4397520422935486,0.537568211555481,0.4338602423667907,0.5292475819587708,0.4410955011844635,0.5276799201965332,0.4400600492954254
1022,1022,test,9442,0.4907971024513244,0.4433427453041076,0.4984841048717499,0.4343025684356689,0.4997094273567199,0.440117597579956,0.4968295991420746,0.4358143210411072,0.4878049492835998,0.4432525336742401,0.4904789328575134,0.4422946572303772,0.4903996586799621,0.4436678886413574,0.4904117584228515,0.4415745139122009,0.4909963607788086,0.4414522349834442,0.495541512966156,0.4381284117698669,0.4924090802669525,0.4442096650600433,0.4888013303279876,0.4424524307250976
1023,1023,train,9119,0.6196362972259521,0.3748577237129211,0.6397219896316528,0.3555746674537658,0.6353338956832886,0.359003871679306,0.6376613974571228,0.3564352691173553,0.6145755648612976,0.3766196966171264,0.619720458984375,0.3737071752548218,0.621483325958252,0.3743140995502472,0.6133317947387695,0.377542108297348,0.6129048466682434,0.3760533034801483,0.628481388092041,0.3615682423114776,0.6256088614463806,0.3721379935741424,0.6178141832351685,0.3735656440258026
1024,1024,train,9718,0.5147579312324524,0.4502076804637909,0.528819739818573,0.4389797449111938,0.5235468745231628,0.4437683522701263,0.5243451595306396,0.4423311352729797,0.5122809410095215,0.4498302340507507,0.5145363807678223,0.4496602416038513,0.5146006941795349,0.4497712850570678,0.5122824907302856,0.450021743774414,0.5132514834403992,0.4488338530063629,0.5237711668014526,0.442907840013504,0.5155680775642395,0.4494779109954834,0.5133975744247437,0.4486939013004303
1025,1025,train,8918,0.5098302364349365,0.451520025730133,0.5227695107460022,0.4399256706237793,0.5182642936706543,0.445380300283432,0.5182962417602539,0.44318887591362,0.507143497467041,0.4512110948562622,0.5095434784889221,0.4509360492229461,0.5094382166862488,0.4512409567832947,0.5065404176712036,0.4516344666481018,0.507777988910675,0.4504952430725097,0.5173694491386414,0.44375941157341,0.5106328129768372,0.4510626196861267,0.5084177255630493,0.4501418769359588
1026,1026,test,10480,0.6405954957008362,0.3423503041267395,0.6602283716201782,0.322147935628891,0.6558929085731506,0.3233254253864288,0.6584857106208801,0.3208689391613006,0.6320781707763672,0.3449414670467376,0.6402053236961365,0.3393547236919403,0.644882082939148,0.3395716547966003,0.6360136270523071,0.3454831838607788,0.6337413787841797,0.3461635112762451,0.6492721438407898,0.3299978077411651,0.6440543532371521,0.3387635946273803,0.6404187083244324,0.3410915732383728
1027,1027,test,9488,0.6314815878868103,0.3531071543693542,0.6528417468070984,0.3321694135665893,0.6489807367324829,0.3336909115314483,0.6510005593299866,0.3313352465629577,0.6246511936187744,0.3558395802974701,0.6318044662475586,0.3507061004638672,0.6360315680503845,0.3505037724971771,0.6262557506561279,0.355873167514801,0.6244558095932007,0.3556959331035614,0.6414008140563965,0.3388871550559997,0.6364353895187378,0.3497177958488464,0.6310759782791138,0.3513202369213104
1028,1028,test,10386,0.4699328243732452,0.4516608119010925,0.4769066274166107,0.4432639479637146,0.4774335026741028,0.4477435648441314,0.4744758605957031,0.4471651911735534,0.4677161574363708,0.452089250087738,0.4695428907871246,0.4510515630245209,0.4697542190551758,0.4521791636943817,0.4689477086067199,0.4517901539802551,0.4699779748916626,0.4516681730747223,0.4739648401737213,0.4473553895950317,0.4723400473594665,0.4526487588882446,0.4680897891521454,0.4509621858596802
1029,1029,train,10402,0.5939629077911377,0.4051932990550995,0.6087748408317566,0.3915233612060547,0.601298451423645,0.3973730802536011,0.6062321662902832,0.3935449719429016,0.590887725353241,0.4059649109840393,0.5931201577186584,0.4051979780197143,0.5933998227119446,0.4055677652359009,0.5885439515113831,0.406339943408966,0.5900641083717346,0.4041224420070648,0.6028439402580261,0.3943840265274048,0.5948231220245361,0.406190276145935,0.5926468372344971,0.4036865830421448
1030,1030,train,9046,0.5606498718261719,0.4296814799308777,0.5738966464996338,0.4179626703262329,0.5665804147720337,0.4232136309146881,0.5714504718780518,0.4204779863357544,0.5582881569862366,0.4296506643295288,0.5601136088371277,0.4294133186340332,0.5600035786628723,0.4298874139785766,0.5563063025474548,0.4301171004772186,0.5582404732704163,0.428309291601181,0.5696824193000793,0.4208106696605682,0.5606811046600342,0.429989606142044,0.5597864985466003,0.4283562004566192
1031,1031,train,9601,0.6189621090888977,0.3730940520763397,0.6389561295509338,0.3551479876041412,0.6340815424919128,0.3586750030517578,0.6369181871414185,0.3552559614181518,0.6137679815292358,0.3741458356380462,0.6189829111099243,0.3717036545276642,0.6210931539535522,0.3723869025707245,0.6136636734008789,0.3753262758255005,0.6136749982833862,0.3736532032489776,0.6283205151557922,0.3602786362171173,0.6246874332427979,0.3707993626594543,0.6178265810012817,0.3718095421791076
1032,1032,train,9999,0.5052821040153503,0.4509918391704559,0.5175676941871643,0.4397344291210174,0.5141154527664185,0.4458232820034027,0.514189600944519,0.4435786306858063,0.5021525621414185,0.45042484998703,0.5049678683280945,0.4503321051597595,0.5043609142303467,0.4507045745849609,0.5030913949012756,0.4512927532196045,0.503872811794281,0.4503006637096405,0.5124194025993347,0.4441109895706177,0.5063075423240662,0.4508290588855743,0.5035691261291504,0.4493077397346496
1033,1033,train,9516,0.5835486650466919,0.4165783822536468,0.5990322232246399,0.4024205207824707,0.5918574929237366,0.4080166220664978,0.5963213443756104,0.4048569798469543,0.5811344981193542,0.4165452420711517,0.5832454562187195,0.4161370098590851,0.582318127155304,0.4171157479286194,0.577861487865448,0.4180740714073181,0.5797008275985718,0.4159136116504669,0.5921897292137146,0.4063861072063446,0.5849277973175049,0.4172238707542419,0.5818665027618408,0.4154177010059356
1034,1034,train,9635,0.6214804649353027,0.3633778393268585,0.6429785490036011,0.3424454033374786,0.6387251019477844,0.3450802862644195,0.6410760283470154,0.3418787717819214,0.614786684513092,0.3660439848899841,0.6214930415153503,0.361622154712677,0.6251113414764404,0.3611502647399902,0.6159917116165161,0.3656891584396362,0.614567756652832,0.3653704226016998,0.6309777498245239,0.3487617075443268,0.6269842386245728,0.3604825735092163,0.620151162147522,0.3618649244308471
1035,1035,train,10102,0.5096744894981384,0.4542424976825714,0.5234234929084778,0.4430688321590423,0.5188630223274231,0.4481789767742157,0.5190380215644836,0.4464684426784515,0.5067172646522522,0.4538865685462951,0.5095340013504028,0.4537493586540222,0.5094704627990723,0.4537389278411865,0.5072441101074219,0.4544452130794525,0.5079876780509949,0.45356285572052,0.5182123184204102,0.4471620619297027,0.5110655426979065,0.453349620103836,0.5079834461212158,0.4528155922889709
1036,1036,test,9301,0.4596359431743622,0.4599204063415527,0.4679812490940094,0.4473051726818084,0.4698031544685364,0.4535316228866577,0.4644779860973358,0.4513895511627197,0.4552597999572754,0.4599895775318146,0.4589875638484955,0.4584782719612121,0.4577983021736145,0.460727721452713,0.4582219123840332,0.4604503512382507,0.4587782025337219,0.4605148732662201,0.4637604355812073,0.4527502954006195,0.4616671204566955,0.4591931402683258,0.4566311836242676,0.458915501832962
1037,1037,train,10517,0.4785772264003753,0.458215594291687,0.4901411533355713,0.4452073276042938,0.4904420971870422,0.4520712494850158,0.4845598042011261,0.4497640132904053,0.4747694730758667,0.4576997756958008,0.4788246750831604,0.4565711915493011,0.4776434898376465,0.4574372172355652,0.4769581854343414,0.4580161571502685,0.4778752028942108,0.457754522562027,0.4836789667606354,0.450490266084671,0.4797953069210052,0.457841008901596,0.4757899045944214,0.4560891091823578
1038,1038,train,9025,0.6407419443130493,0.3474484384059906,0.6606366038322449,0.3276527523994446,0.6559089422225952,0.3286233842372894,0.6582246422767639,0.3267903625965118,0.6330389380455017,0.3500872850418091,0.640400767326355,0.3448849618434906,0.6453850865364075,0.3454488217830658,0.635575532913208,0.351448506116867,0.6345816254615784,0.3508853316307068,0.6498005390167236,0.3356468975543976,0.6443008780479431,0.3438178300857544,0.6411037445068359,0.3464026153087616
1039,1039,train,9016,0.4851094782352447,0.4582043886184692,0.4967303872108459,0.4447872340679168,0.4951170086860657,0.4507531821727752,0.4927927553653717,0.448699802160263,0.4815560281276703,0.4578209817409515,0.4845204949378967,0.4572827219963074,0.483826994895935,0.4579432904720306,0.4827108979225158,0.4584803581237793,0.4832409620285034,0.4578950405120849,0.4910407960414886,0.4499134719371795,0.4860414564609527,0.4575003683567047,0.4823973476886749,0.4566189646720886
1040,1040,train,9671,0.4871031641960144,0.4558703899383545,0.4961884021759033,0.444302499294281,0.4969357252120971,0.4511927366256714,0.4935124516487121,0.4478047490119934,0.4833528399467468,0.4550569951534271,0.4865151941776275,0.4545222520828247,0.4860886037349701,0.455718845129013,0.4860994815826416,0.4557173550128937,0.4863250851631164,0.455547571182251,0.4924351871013641,0.4490679800510406,0.4882970750331878,0.4559082686901092,0.4844879806041717,0.4541234374046325
1041,1041,train,10094,0.6195570826530457,0.3719737529754638,0.6405956745147705,0.3520736992359161,0.6363481283187866,0.3553862273693084,0.6386585831642151,0.3518308699131012,0.6139625906944275,0.3739630579948425,0.6199933290481567,0.3704042434692383,0.6224588751792908,0.3708128333091736,0.6137720346450806,0.3745456635951996,0.6130847930908203,0.3735314607620239,0.6287454962730408,0.3581301867961883,0.6256627440452576,0.3692006766796112,0.6183836460113525,0.3704319894313812
1042,1042,train,9351,0.6219607591629028,0.3638915419578552,0.6430755257606506,0.3434294164180755,0.6383572816848755,0.3469810485839844,0.6415432691574097,0.3433067202568054,0.6161681413650513,0.3658009171485901,0.6217138767242432,0.3624557554721832,0.6241617798805237,0.362694501876831,0.6165406703948975,0.3661543428897857,0.6153385043144226,0.3654731810092926,0.6315661072731018,0.349256157875061,0.6273435354232788,0.3616634905338287,0.6200198531150818,0.3625582456588745
1043,1043,test,10347,0.572331964969635,0.4219743609428406,0.586127519607544,0.4100536108016968,0.5788580179214478,0.4155673682689667,0.5844846963882446,0.4118925929069519,0.5705243945121765,0.4212265014648437,0.5721840858459473,0.421277791261673,0.5706943869590759,0.4224947094917297,0.5671864151954651,0.4227374792098999,0.5686540603637695,0.421025276184082,0.5799427628517151,0.4136852920055389,0.5732706785202026,0.4227676391601562,0.5698381662368774,0.4214920103549957
1044,1044,train,9493,0.5038862824440002,0.4577515125274658,0.5163527727127075,0.4457964897155761,0.513195276260376,0.4519300460815429,0.5124030709266663,0.4490823149681091,0.5006456971168518,0.4571582973003387,0.5033208131790161,0.4568207263946533,0.5030606389045715,0.4575203955173492,0.5015684366226196,0.4581573009490967,0.50230473279953,0.45699343085289,0.5115051865577698,0.4497655630111694,0.5052666068077087,0.4570543766021728,0.5020558834075928,0.4562310874462127
1045,1045,train,10157,0.4757172763347626,0.4567478895187378,0.4854529798030853,0.4438543319702148,0.4857338368892669,0.4513581097126007,0.4820674359798431,0.4472447335720062,0.4713113009929657,0.4561347961425781,0.4748988151550293,0.4557095170021057,0.4737674593925476,0.4561889171600342,0.4737116992473602,0.4566201865673065,0.4740466475486755,0.4569009244441986,0.480458915233612,0.4488881826400757,0.4762113690376282,0.4565245807170868,0.4726572930812835,0.4552992284297943
1046,1046,train,10221,0.4999486207962036,0.4581812024116516,0.5111561417579651,0.4462189674377441,0.508865475654602,0.4523361325263977,0.507766842842102,0.4494549930095672,0.4970065653324127,0.457365870475769,0.4992514252662658,0.4569676518440246,0.499132364988327,0.4579595327377319,0.497802197933197,0.4587118327617645,0.4988185167312622,0.4574373960494995,0.5062633156776428,0.4510468542575836,0.5006428360939026,0.4577744007110595,0.4977473616600036,0.4564388394355774
1047,1047,train,8913,0.5985149145126343,0.3995733857154846,0.6138073801994324,0.3856666684150696,0.6064263582229614,0.3919509053230285,0.6121586561203003,0.3871627748012543,0.5955390930175781,0.3996800482273102,0.5978273749351501,0.3993051648139953,0.5979329943656921,0.3995296061038971,0.5939047932624817,0.4000054597854614,0.5947821736335754,0.3982420861721039,0.6075316667556763,0.3884201645851135,0.5999418497085571,0.400490790605545,0.5969489812850952,0.3978553414344787
1048,1048,train,9840,0.6180042624473572,0.3763901591300964,0.6382350325584412,0.3575161695480346,0.6345149874687195,0.360217273235321,0.6361953616142273,0.357773095369339,0.6132802367210388,0.3779858648777008,0.6184425354003906,0.3749845921993255,0.6204986572265625,0.3756294250488281,0.6120615005493164,0.3789614737033844,0.611997127532959,0.3774960339069366,0.6269029378890991,0.3634782433509826,0.6247636675834656,0.3729685842990875,0.6169810891151428,0.3749849498271942
1049,1049,train,9320,0.5934741497039795,0.4100472927093506,0.6084211468696594,0.3965290486812591,0.6014882922172546,0.4017647206783294,0.6062278747558594,0.3985015749931335,0.5904272794723511,0.4108172953128814,0.5927838683128357,0.4101622998714447,0.5932875275611877,0.4101471304893493,0.5885596871376038,0.4110137820243835,0.5897911787033081,0.4090026319026947,0.6020275950431824,0.3996941149234772,0.595305860042572,0.4105131924152374,0.5922123193740845,0.4086331129074096
1050,1050,train,10196,0.628080427646637,0.3689185976982116,0.6480576395988464,0.3495315015316009,0.6439862251281738,0.351492166519165,0.6455079913139343,0.3495481014251709,0.6226378679275513,0.3706690967082977,0.6283847093582153,0.3669731616973877,0.6301129460334778,0.3697645962238312,0.6206785440444946,0.3740730583667755,0.6209537982940674,0.3721667826175689,0.6356604099273682,0.3582281768321991,0.633812665939331,0.3650291562080383,0.6263397932052612,0.3696321249008178
1051,1051,train,9578,0.5057278871536255,0.4530980288982391,0.5173035264015198,0.4420164823532104,0.5139129161834717,0.4474705159664154,0.5143066048622131,0.4456802904605865,0.5029028058052063,0.4519585967063904,0.5049296021461487,0.4522073864936828,0.5049632787704468,0.453138917684555,0.5041242837905884,0.4532530605792999,0.5042577981948853,0.4522043764591217,0.5125358700752258,0.4464015364646911,0.5067819356918335,0.4524327516555786,0.5034040212631226,0.4515078663825989
1052,1052,train,9997,0.6256703734397888,0.3579355180263519,0.6471080780029297,0.3372863233089447,0.643486738204956,0.3395988643169403,0.6452962756156921,0.3367827236652374,0.6192328333854675,0.3601740598678589,0.6256023049354553,0.355970174074173,0.6292212009429932,0.3559686541557312,0.620546281337738,0.3601953089237213,0.6190903186798096,0.3597288727760315,0.6358304619789124,0.3428066074848175,0.6306998133659363,0.3550783991813659,0.6244281530380249,0.3560870587825775
1053,1053,train,10146,0.6447229981422424,0.3413788676261902,0.6643169522285461,0.321061760187149,0.6592927575111389,0.3226945102214813,0.662469208240509,0.3199232816696167,0.6351577043533325,0.3447672724723816,0.6436864137649536,0.3388460874557495,0.6489273309707642,0.3386274874210357,0.6394560933113098,0.3450464606285095,0.6368898153305054,0.346136212348938,0.6529574394226074,0.3292244672775268,0.6471146941184998,0.338738203048706,0.644705057144165,0.3398473858833313
1054,1054,train,9986,0.4709799587726593,0.4590961635112762,0.4800843596458435,0.4460142850875854,0.4810371696949005,0.4530659317970276,0.4768057763576507,0.4501921236515045,0.4670485258102417,0.4583668410778045,0.470091700553894,0.4579991400241852,0.4699477255344391,0.4589051902294159,0.4694782793521881,0.4587873816490173,0.4698168337345123,0.4590368270874023,0.4760946035385132,0.4508384168148041,0.4727606475353241,0.4577032327651977,0.4677479267120361,0.4578583538532257
1055,1055,train,9537,0.6265483498573303,0.3534430861473083,0.6487786769866943,0.3309054970741272,0.6452016234397888,0.3328526616096496,0.647688627243042,0.3297113180160522,0.6190710067749023,0.3564037680625915,0.6268044114112854,0.3507379293441772,0.6306977868080139,0.3499643504619598,0.6210973858833313,0.3557058870792389,0.6185054183006287,0.3560563027858734,0.6369162201881409,0.3367980718612671,0.6315946578979492,0.3500252962112427,0.6253329515457153,0.3510505259037018
1056,1056,train,9573,0.5486366152763367,0.432370662689209,0.5619560480117798,0.4210512936115265,0.5550103187561035,0.4262938201427459,0.5595519542694092,0.4235914349555969,0.546005129814148,0.4320220351219177,0.5477333664894104,0.4322560727596283,0.548046350479126,0.4323886930942535,0.5449174642562866,0.4323284327983856,0.5463250279426575,0.4308858513832092,0.5567801594734192,0.4244092404842376,0.5489015579223633,0.4332919418811798,0.5469039082527161,0.4312555193901062
1057,1057,train,9339,0.5408799052238464,0.4418387711048126,0.554716169834137,0.4305236935615539,0.5475483536720276,0.434844970703125,0.5511220693588257,0.4335436224937439,0.5380166172981262,0.4417726397514343,0.5399373173713684,0.4416382610797882,0.5407551527023315,0.4415208697319031,0.5372541546821594,0.4419524669647217,0.5386698842048645,0.4403756856918335,0.5505087971687317,0.4340940117835998,0.5408408641815186,0.4416359364986419,0.5402899980545044,0.4402933418750763
1058,1058,test,10266,0.5241997838020325,0.4462712109088897,0.537728488445282,0.4346921741962433,0.5314611792564392,0.4394240975379944,0.5336129665374756,0.4381578862667084,0.5218818187713623,0.4460899829864502,0.5240681171417236,0.4457322657108307,0.5235826969146729,0.4462115168571472,0.5203464031219482,0.4465633630752563,0.5220649242401123,0.444966584444046,0.5332615375518799,0.4383679330348968,0.5245404839515686,0.4458393454551697,0.523337721824646,0.4447961449623108
1059,1059,train,9688,0.6225346922874451,0.3637197911739349,0.6432151198387146,0.3437262773513794,0.639092206954956,0.3464590013027191,0.641282856464386,0.343418151140213,0.6166155338287354,0.3658976554870605,0.6223973035812378,0.3621296882629394,0.6258544325828552,0.3619541227817535,0.6172223091125488,0.3660543262958526,0.6161406636238098,0.3653654456138611,0.632016658782959,0.3496965765953064,0.627769410610199,0.3608573973178863,0.6212189793586731,0.3621754646301269
1060,1060,train,9479,0.614938497543335,0.3899221420288086,0.6326425075531006,0.3730564415454864,0.626798152923584,0.3779015839099884,0.6299219727516174,0.3747638761997223,0.6111089587211609,0.390985757112503,0.6148476004600525,0.3894257545471191,0.6149238348007202,0.3908275663852691,0.608097493648529,0.3928739726543426,0.6089369058609009,0.3908451497554779,0.6227802038192749,0.3788704574108124,0.6191734075546265,0.3885037899017334,0.6125411987304688,0.3897016942501068
1061,1061,test,9248,0.4967995882034302,0.4518051147460937,0.5092269778251648,0.4396538734436035,0.5070355534553528,0.4463704526424408,0.505473792552948,0.4431420564651489,0.4933311641216278,0.4509351551532745,0.4969392120838165,0.4507421851158142,0.495882123708725,0.4515404403209686,0.4943527281284332,0.4521743357181549,0.4950151443481445,0.4518341422080993,0.5036543011665344,0.4444579184055328,0.4982805550098419,0.4512558579444885,0.4946248531341553,0.4497286677360534
1062,1062,test,10013,0.4761301577091217,0.4643981158733368,0.48675137758255,0.4502375423908233,0.4853629767894745,0.4578841626644134,0.4819071590900421,0.4543456733226776,0.4719582200050354,0.4639997184276581,0.4755497872829437,0.463238388299942,0.4744527339935303,0.4637312889099121,0.4738396406173706,0.4650645852088928,0.4748255312442779,0.4642298817634582,0.4809611141681671,0.456046462059021,0.4767780303955078,0.463483989238739,0.4730717837810516,0.4627323746681213
1063,1063,train,10176,0.6270141005516052,0.3630071878433227,0.6498640775680542,0.3406337797641754,0.6447136402130127,0.3429378271102905,0.6468618512153625,0.3406353294849396,0.6199610829353333,0.3654814660549164,0.6272855997085571,0.3606507480144501,0.6312941908836365,0.3613917529582977,0.6209885478019714,0.3668954074382782,0.6201488375663757,0.3660297989845276,0.6372826099395752,0.3487150371074676,0.6329198479652405,0.3589463531970978,0.6269153356552124,0.361350268125534
1064,1064,train,8959,0.4826832413673401,0.4639780521392822,0.4929453134536743,0.4514005184173584,0.4907198846340179,0.458062469959259,0.4892669022083282,0.4553205966949463,0.4796335101127624,0.4628520309925079,0.482024073600769,0.4626430571079254,0.4813019037246704,0.4637571573257446,0.4797970354557037,0.4647878408432007,0.4806971848011017,0.4636536836624145,0.4876184165477752,0.4567234218120575,0.4838321805000305,0.4631647765636444,0.4807091355323791,0.4619403183460235
1065,1065,test,10018,0.5765882134437561,0.4161781072616577,0.5901612639427185,0.404089480638504,0.5827566981315613,0.4093621373176574,0.5875064730644226,0.4063916504383087,0.5740382075309753,0.4161186814308166,0.5759150385856628,0.4158094525337219,0.5754112005233765,0.4164618253707886,0.5717119574546814,0.4168468713760376,0.5734858512878418,0.4150674641132355,0.5849173069000244,0.4068837463855743,0.576932430267334,0.4171513319015503,0.5749362707138062,0.4149351716041565
1066,1066,train,10612,0.4712211787700653,0.4452861547470093,0.4815585911273956,0.4346815645694732,0.4820683896541595,0.4403265416622162,0.4787506759166717,0.4379644989967346,0.4672114551067352,0.4454981088638305,0.4705670177936554,0.4450317919254303,0.4701242744922638,0.4455865919589996,0.4703279137611389,0.4447710514068603,0.4704276621341705,0.4456277787685394,0.4773466885089874,0.4392755031585693,0.4723695516586303,0.4455558955669403,0.4678436517715454,0.4447107017040252
1067,1067,train,9167,0.4722690284252167,0.4620308578014374,0.4821865558624267,0.4500295221805572,0.4829384386539459,0.4563255608081817,0.4785072803497314,0.453678697347641,0.4681531488895416,0.46146160364151,0.4718442857265472,0.4609038233757019,0.4708721339702606,0.4622171521186828,0.4709067344665527,0.462131142616272,0.4710679650306701,0.4624553918838501,0.4777026772499084,0.4551030695438385,0.4738587737083435,0.4611379206180572,0.4692068696022033,0.4611765742301941
1068,1068,train,10496,0.5557125210762024,0.4335171580314636,0.5701503753662109,0.4214759171009063,0.5628723502159119,0.4263359010219574,0.5671584606170654,0.4239144027233124,0.5538783073425293,0.433284044265747,0.5558704137802124,0.4330225586891174,0.5546708106994629,0.4337709546089172,0.5507795810699463,0.4341844320297241,0.5525349974632263,0.4323868751525879,0.5639269351959229,0.4253507852554321,0.5572283267974854,0.4329690039157867,0.5540986657142639,0.4324859380722046
1069,1069,train,10057,0.6436685919761658,0.3384853601455688,0.6624001264572144,0.3191531896591186,0.6580738425254822,0.320439726114273,0.6608990430831909,0.3176791667938232,0.6352441310882568,0.3406922817230224,0.6429095268249512,0.3353714942932129,0.6471891403198242,0.3363537490367889,0.6391726136207581,0.3418475389480591,0.6365748047828674,0.3427675664424896,0.6510124802589417,0.3271918296813965,0.6459290385246277,0.335901141166687,0.6429880857467651,0.3377733528614044
1070,1070,train,9206,0.6239848732948303,0.3684649169445038,0.6454392075538635,0.347355455160141,0.6406577825546265,0.3504011332988739,0.6430220007896423,0.3474729359149933,0.6177956461906433,0.3705511391162872,0.6240626573562622,0.3665608167648315,0.6274460554122925,0.3671986758708954,0.618434727191925,0.3714748024940491,0.6177027225494385,0.3705262541770935,0.6341511011123657,0.3540270328521728,0.6291581392288208,0.3658884763717651,0.6233620047569275,0.366957813501358
1071,1071,train,10476,0.6045407056808472,0.3995280563831329,0.6202765703201294,0.3847655653953552,0.6143731474876404,0.3884980976581573,0.6183537840843201,0.386266678571701,0.6026738882064819,0.3991324305534363,0.6049159169197083,0.3982144594192505,0.5998768210411072,0.4035839438438415,0.5935652256011963,0.4053643047809601,0.5954518914222717,0.402809739112854,0.6088703274726868,0.3929798305034637,0.6086320281028748,0.3976263999938965,0.5988367795944214,0.4024251699447632
1072,1072,train,9174,0.5938054919242859,0.4065347909927368,0.6094411015510559,0.3923315107822418,0.6020013689994812,0.3980841040611267,0.6066771149635315,0.3947598934173584,0.5910283923149109,0.4068051874637604,0.5935990214347839,0.4060852229595184,0.5934419631958008,0.4067738652229309,0.5886709690093994,0.4076559245586395,0.5900912284851074,0.4055233299732208,0.6026617288589478,0.3957688510417938,0.5958584547042847,0.4067434072494507,0.5927140116691589,0.4049953520298004
1073,1073,train,9881,0.5097453594207764,0.4530336260795593,0.5228758454322815,0.4424951374530792,0.5187875032424927,0.4471926987171173,0.5192923545837402,0.4456781148910522,0.5072128176689148,0.452305406332016,0.5095391273498535,0.4523653984069824,0.5097326636314392,0.4528929889202118,0.5078202486038208,0.4529059529304504,0.5082018375396729,0.4518868923187256,0.5184354186058044,0.446005642414093,0.5108331441879272,0.4528826773166656,0.5080305933952332,0.4518549740314483
1074,1074,test,9894,0.596934974193573,0.4008120894432068,0.6124177575111389,0.38669353723526,0.6055790781974792,0.3923424482345581,0.6107451319694519,0.3880540132522583,0.5938432812690735,0.4009402692317962,0.596304714679718,0.4002775847911834,0.5958808064460754,0.4013451933860779,0.5908980369567871,0.4023164212703705,0.5921068787574768,0.4004063010215759,0.6055828332901001,0.3901797235012054,0.598865270614624,0.40145343542099,0.5949673056602478,0.3996844589710235
1075,1075,train,9742,0.613436222076416,0.3805044293403625,0.6323935389518738,0.3622142672538757,0.6273378729820251,0.366782546043396,0.6300827860832214,0.3633306324481964,0.6095002889633179,0.3816182315349579,0.6137230396270752,0.3793831467628479,0.614514946937561,0.3804172873497009,0.6077433824539185,0.3827759325504303,0.6078728437423706,0.3811184763908386,0.6221101880073547,0.3676771819591522,0.6190068125724792,0.3782855570316314,0.6118831038475037,0.3791607022285461
1076,1076,test,9662,0.6250559091567993,0.363946795463562,0.6459510326385498,0.3441122174263,0.6415573954582214,0.3472869098186493,0.6436678767204285,0.3440882563591003,0.6191347241401672,0.3659863770008087,0.625158965587616,0.3621977865695953,0.6275349855422974,0.3630304932594299,0.618589460849762,0.3669566214084625,0.6182151436805725,0.3657683432102203,0.6348560452461243,0.349787563085556,0.6306208968162537,0.3608330190181732,0.6237713694572449,0.3622854948043823
1077,1077,train,9689,0.5813813209533691,0.4147538840770721,0.5952521562576294,0.4021402895450592,0.5875740647315979,0.4081900417804718,0.5930788516998291,0.4043708145618438,0.5787684917449951,0.4151820838451385,0.5808684229850769,0.4147504270076751,0.580990195274353,0.4148927628993988,0.5766188502311707,0.4154070913791656,0.5783302187919617,0.4135592579841614,0.5901594758033752,0.4047788977622986,0.5822182297706604,0.4158374667167663,0.5805726051330566,0.4131458401679992
1078,1078,train,10325,0.5267179608345032,0.444782942533493,0.5405715107917786,0.433965653181076,0.5352029800415039,0.4381356835365295,0.5371238589286804,0.4368374645709991,0.5245394706726074,0.4443216919898987,0.5266366600990295,0.4443534612655639,0.5259525179862976,0.4447479546070099,0.5227352976799011,0.4449504315853119,0.5242020487785339,0.4435628950595855,0.5359857082366943,0.4375129044055938,0.5270980000495911,0.4445149898529053,0.5252519845962524,0.4436562359333038
1079,1079,train,10031,0.4915883541107178,0.4534571468830108,0.5031153559684753,0.4410886466503143,0.5013463497161865,0.446852445602417,0.4990021884441376,0.444673478603363,0.4875876307487488,0.4527234435081482,0.4907269477844238,0.4524538815021515,0.4899924397468567,0.4531511068344116,0.4891933798789978,0.453643262386322,0.4900935590267181,0.4530929327011108,0.497424453496933,0.4461745917797088,0.4919902682304382,0.4522651135921478,0.4887550175189972,0.451947957277298
1080,1080,train,10324,0.4788730144500732,0.4517621695995331,0.4891619980335235,0.4406927824020386,0.4890628755092621,0.4468366801738739,0.4857803285121918,0.4448810815811157,0.4743029773235321,0.45235276222229,0.4782264232635498,0.4517388939857483,0.4771316349506378,0.4524934589862823,0.4772416949272156,0.4519963264465332,0.4776411056518554,0.4522442817687988,0.4822950661182403,0.4462521970272064,0.4799195528030395,0.4520075917243957,0.4755136668682098,0.450930655002594
1081,1081,train,10220,0.6392388939857483,0.3425802588462829,0.6585590243339539,0.3226451873779297,0.6549368500709534,0.3233402371406555,0.6568604111671448,0.3214735388755798,0.6309328675270081,0.3455271124839782,0.6384575963020325,0.3401494026184082,0.6431883573532104,0.3398750126361847,0.634270966053009,0.3456998169422149,0.632034182548523,0.3461739122867584,0.6477366089820862,0.3298284411430359,0.6420641541481018,0.3397764861583709,0.638495147228241,0.3412043750286102
1082,1082,train,9226,0.636072039604187,0.347820907831192,0.6564818024635315,0.3275650143623352,0.6512899398803711,0.3290514349937439,0.6541489958763123,0.3263625800609588,0.6274088621139526,0.3505220413208008,0.6349629759788513,0.345363587141037,0.6409675478935242,0.3454483449459076,0.6316468715667725,0.3511903882026672,0.6301369071006775,0.3510438203811645,0.6461102962493896,0.3346030712127685,0.6386699676513672,0.3451100587844848,0.6363638639450073,0.3465166985988617
1083,1083,train,9572,0.6036418676376343,0.3923955857753753,0.6204835176467896,0.3766550421714782,0.6143086552619934,0.3818764984607696,0.6177131533622742,0.3784166574478149,0.6001224517822266,0.3935711681842804,0.6031694412231445,0.392175018787384,0.6039043068885803,0.3922538459300995,0.5980176329612732,0.3939281702041626,0.5988569855690002,0.3921582698822021,0.6121211647987366,0.3806780278682709,0.6073200106620789,0.391726553440094,0.602022647857666,0.3908523321151733
1084,1084,train,8870,0.5727696418762207,0.4222150444984436,0.5867103934288025,0.4092899262905121,0.5789063572883606,0.4153726696968078,0.5841363668441772,0.4117228984832763,0.5698786377906799,0.4225876331329345,0.572136640548706,0.422198086977005,0.57243812084198,0.4220961034297943,0.5685047507286072,0.4225946068763733,0.5702535510063171,0.4208113849163055,0.5818957090377808,0.412274956703186,0.5729417204856873,0.4231597781181335,0.5721929669380188,0.4204123914241791
1085,1085,train,9658,0.5205581188201904,0.4481722116470337,0.5339011549949646,0.4373858273029327,0.5285477638244629,0.4417669177055359,0.5296977162361145,0.4406734704971313,0.5179521441459656,0.4476676285266876,0.5200464725494385,0.4476940333843231,0.5195099115371704,0.4478364884853363,0.5173150897026062,0.4480182230472564,0.5184535980224609,0.4468990862369537,0.5292695164680481,0.4408555328845978,0.5207560658454895,0.4478679597377777,0.5187009572982788,0.4467067718505859
1086,1086,test,9616,0.546851634979248,0.4357510209083557,0.5604307651519775,0.4240495860576629,0.5535877346992493,0.4288492202758789,0.5570592284202576,0.4268195927143097,0.5452662110328674,0.4354057013988495,0.5470242500305176,0.4349929690361023,0.5455999970436096,0.4359370172023773,0.5417938828468323,0.4364409446716308,0.5436599850654602,0.4348385632038116,0.5554379224777222,0.4277381896972656,0.5476434230804443,0.4354955554008484,0.5454892516136169,0.4346984028816223
1087,1087,test,9961,0.5402190089225769,0.4373675286769867,0.5548244714736938,0.4256897270679474,0.5480186343193054,0.4304276406764984,0.5510177612304688,0.4287902116775512,0.5379259586334229,0.4373457431793213,0.5401182770729065,0.4370845854282379,0.5397019386291504,0.437364250421524,0.5360895395278931,0.437578022480011,0.5378523468971252,0.4361933469772339,0.5496334433555603,0.4292897284030914,0.5413391590118408,0.4372174441814422,0.5392560362815857,0.4361398220062256
1088,1088,train,10086,0.6087954640388489,0.3915804922580719,0.6269110441207886,0.3741458058357239,0.6213374137878418,0.3788090944290161,0.6239147186279297,0.3758580088615417,0.6052410006523132,0.3922280967235565,0.6090784668922424,0.3903609216213226,0.6098684668540955,0.3911280632019043,0.6032036542892456,0.3938212990760803,0.6038587689399719,0.3920003771781921,0.6166477203369141,0.380092978477478,0.6142050623893738,0.3888754546642303,0.6073147654533386,0.3905131220817566
1089,1089,train,10361,0.4889053106307983,0.4575110673904419,0.5006335973739624,0.4459385573863983,0.4984234273433685,0.451750636100769,0.4964521825313568,0.4489489793777466,0.4862349033355713,0.4565554857254028,0.4883899986743927,0.4561905562877655,0.4877492487430572,0.4568749666213989,0.4865448772907257,0.4577390253543854,0.4873544573783874,0.4565061926841736,0.495109349489212,0.4500917196273803,0.4905386865139007,0.456536591053009,0.4867323338985443,0.455388069152832
1090,1090,train,9560,0.5542909502983093,0.4248222410678863,0.5674394369125366,0.4135162830352783,0.5612713694572449,0.4182863533496856,0.5654883980751038,0.4155369102954864,0.5519880652427673,0.4244810938835144,0.5535959005355835,0.4243934750556946,0.5534307360649109,0.4250494837760925,0.5506890416145325,0.4248366951942444,0.552012026309967,0.4233173429965973,0.5627904534339905,0.4164465665817261,0.5547280311584473,0.4253861010074615,0.5526165962219238,0.4236475527286529
1091,1091,train,10246,0.5379765033721924,0.4431660175323486,0.5519718527793884,0.4318023025989532,0.5457397103309631,0.4363041222095489,0.5480515360832214,0.4349792897701263,0.5355039238929749,0.4429872334003448,0.5377193689346313,0.4427935183048248,0.5371587872505188,0.4431586265563965,0.5335804224014282,0.4434653222560882,0.5353759527206421,0.441913366317749,0.5475286841392517,0.435382068157196,0.5380569696426392,0.4430676996707916,0.5368496775627136,0.442015528678894
1092,1092,train,9212,0.4987094402313232,0.4580307602882385,0.5122910737991333,0.446009486913681,0.5082409977912903,0.4518055319786072,0.5077972412109375,0.449623703956604,0.4958726465702057,0.4574520885944366,0.4988506138324737,0.4569752514362335,0.4984524548053741,0.457411378622055,0.4964055120944977,0.4583151340484619,0.4974807500839233,0.4569182991981506,0.5071542859077454,0.4500436186790466,0.5007710456848145,0.4567174911499023,0.4969303607940674,0.4563948214054107
1093,1093,test,8903,0.469941645860672,0.4653849899768829,0.4804705381393432,0.4505168795585632,0.4796057045459747,0.4582602679729461,0.4759828150272369,0.455579549074173,0.4661197066307068,0.4648714959621429,0.4701278507709503,0.4637317061424255,0.4687384963035583,0.464802473783493,0.4678090512752533,0.4661176204681396,0.4687314927577972,0.465222418308258,0.4746550023555755,0.4567383527755737,0.4715076088905334,0.4642473459243774,0.4675618708133697,0.4637559652328491
1094,1094,train,9136,0.6104322671890259,0.3893608450889587,0.6281683444976807,0.3729436099529266,0.6219192743301392,0.3778964579105377,0.6261914372444153,0.3740805685520172,0.6071125864982605,0.3898995518684387,0.6105157136917114,0.3884751796722412,0.6108001470565796,0.3895352780818939,0.6042875051498413,0.3918169438838959,0.6050513982772827,0.3896783888339996,0.6193946599960327,0.3776148855686188,0.6149232983589172,0.3876118063926697,0.6087801456451416,0.3880910277366638
1095,1095,train,10110,0.5769860148429871,0.4176919162273407,0.5914467573165894,0.4046440720558166,0.5838788151741028,0.4096259176731109,0.5887032747268677,0.4070542752742767,0.574704110622406,0.4180292189121246,0.5766857862472534,0.4171640276908874,0.5759506225585938,0.4182346165180206,0.5710781216621399,0.4190437793731689,0.5730584859848022,0.4169887602329254,0.5860986113548279,0.4079547822475433,0.5777549147605896,0.4181109666824341,0.5757369995117188,0.4164573550224304
1096,1096,train,10492,0.6195201873779297,0.3761972784996032,0.6385226845741272,0.3581653833389282,0.6335861682891846,0.3615990877151489,0.6369116306304932,0.3583980500698089,0.6149517893791199,0.3771314918994903,0.6192467212677002,0.3747408986091614,0.6204001307487488,0.3764241933822632,0.6128954887390137,0.3795229196548462,0.6132760643959045,0.3775406181812286,0.6280670762062073,0.3641268312931061,0.6242617964744568,0.3739008009433746,0.6174281239509583,0.3756861388683319
1097,1097,train,9712,0.6176658868789673,0.3756925165653229,0.6385363340377808,0.3563412725925445,0.6333403587341309,0.3605738580226898,0.6356393098831177,0.3569856286048889,0.6125684380531311,0.3771423399448395,0.6181917190551758,0.3740752637386322,0.6200377345085144,0.3747153282165527,0.6118416786193848,0.37809818983078,0.6115912795066833,0.3767323791980743,0.6270228624343872,0.3622963428497314,0.623621940612793,0.3733593821525574,0.6166559457778931,0.3740613162517547
1098,1098,train,10093,0.486559122800827,0.460418552160263,0.4980718493461609,0.4468050301074981,0.4954504370689392,0.4528488218784332,0.494375079870224,0.4510610699653625,0.4829018115997314,0.4596410989761352,0.4860576093196869,0.4585409164428711,0.4852213263511657,0.4601937532424927,0.4844095408916473,0.461326003074646,0.4846102893352508,0.4600025415420532,0.4923934638500213,0.4533344805240631,0.4879480004310608,0.4586897492408752,0.4837895035743713,0.4592879712581634
1099,1099,train,10078,0.5111421942710876,0.4510709047317505,0.5250197649002075,0.4407097101211548,0.5201127529144287,0.4451088309288025,0.5211904644966125,0.4435524344444275,0.5090208649635315,0.4504402875900268,0.5115391612052917,0.4501582086086273,0.5113801956176758,0.4504546523094177,0.5091543197631836,0.4511094689369201,0.5098251104354858,0.450090229511261,0.5195938348770142,0.4445087313652038,0.5127650499343872,0.4500877559185028,0.5093782544136047,0.4500017166137695
1100,1100,train,9252,0.6210822463035583,0.366284042596817,0.642170786857605,0.3463455438613891,0.6372255086898804,0.3496625423431396,0.6399160027503967,0.3467825353145599,0.615659773349762,0.3683751821517944,0.6216017603874207,0.3644790649414062,0.623753547668457,0.3646211326122284,0.6154607534408569,0.368409663438797,0.614111602306366,0.3676607310771942,0.6303253173828125,0.3521283864974975,0.6273015141487122,0.3633767068386078,0.6193345785140991,0.3646782040596008
1101,1101,train,10223,0.5356770157814026,0.4400440752506256,0.5486417412757874,0.4286099076271057,0.5419719219207764,0.4333392381668091,0.544941782951355,0.4315198063850403,0.5333147048950195,0.4397008717060089,0.5352569818496704,0.4397880136966705,0.5343865156173706,0.4401764571666717,0.5309621095657349,0.4403168857097626,0.532768726348877,0.4389486014842987,0.5436884760856628,0.4324454963207245,0.535726010799408,0.4397251307964325,0.5339738726615906,0.4389776289463043
1102,1102,train,10300,0.6167607307434082,0.3780188858509063,0.635019063949585,0.3610574007034302,0.6297768950462341,0.3653610050678253,0.6334630250930786,0.3615785539150238,0.6128271818161011,0.3788726925849914,0.6165587306022644,0.3769734501838684,0.6176875233650208,0.3780965805053711,0.6113410592079163,0.3802256286144256,0.6113335490226746,0.3785375952720642,0.6258347630500793,0.3658930361270904,0.6218408346176147,0.3752814531326294,0.615147054195404,0.3768535852432251
1103,1103,train,9837,0.6518167853355408,0.3286839723587036,0.6677846312522888,0.3133008480072021,0.6652483940124512,0.3129023909568786,0.6658300757408142,0.3108376264572143,0.6439601182937622,0.328988641500473,0.6507270932197571,0.3250951766967773,0.6563175916671753,0.3277966380119324,0.6498551964759827,0.3321503102779388,0.6477595567703247,0.3324427306652069,0.6587538123130798,0.32144495844841,0.653782844543457,0.3259572386741638,0.653632640838623,0.3287994265556335
1104,1104,train,10035,0.616654634475708,0.3809294402599334,0.6349484920501709,0.3635179996490478,0.6298255920410156,0.3675046265125274,0.6328461766242981,0.3642777800559997,0.6126042604446411,0.3816563189029693,0.6169595718383789,0.3792155086994171,0.6172556281089783,0.3814354538917541,0.6103209257125854,0.3840743899345398,0.611255407333374,0.3817194998264313,0.6252307295799255,0.3693414330482483,0.6216751337051392,0.3781889081001282,0.6147226691246033,0.3802834153175354
1105,1105,train,9045,0.6105092167854309,0.3901157677173614,0.628314197063446,0.3737675547599792,0.6224880814552307,0.3780583441257477,0.6261690855026245,0.3749478161334991,0.6077951192855835,0.3902705609798431,0.6110839247703552,0.3888864815235138,0.6108695864677429,0.3907852172851562,0.6040340065956116,0.3930626213550567,0.6054695248603821,0.3904932141304016,0.6189685463905334,0.3792964518070221,0.6155824065208435,0.3878475725650787,0.6090769171714783,0.3895584046840668
1106,1106,train,9087,0.6080641746520996,0.3967825174331665,0.6249844431877136,0.3810009062290191,0.6185618042945862,0.3860450387001037,0.6219924092292786,0.3830227851867676,0.6041364669799805,0.3978444039821625,0.60752272605896,0.396466314792633,0.607059895992279,0.3978584408760071,0.6009734869003296,0.3995907306671142,0.6023103594779968,0.3973432779312134,0.6158875226974487,0.3859875202178955,0.6112032532691956,0.3964126110076904,0.6056748032569885,0.3962852656841278
1107,1107,train,9589,0.4967871606349945,0.4579617381095886,0.5090365409851074,0.4455488324165344,0.5054253935813904,0.4521168172359466,0.5049214363098145,0.4490784704685211,0.4936862289905548,0.4573093354701996,0.4968328773975372,0.4570780396461487,0.4961754381656647,0.457575649023056,0.4947450459003448,0.458174854516983,0.4957117140293121,0.4571417570114136,0.5035896301269531,0.4503478705883026,0.4983331859111786,0.4572641253471374,0.4948497712612152,0.4563565850257873
1108,1108,train,8980,0.6135125756263733,0.3827196359634399,0.6315008401870728,0.3652964830398559,0.6256463527679443,0.3701651096343994,0.6298127174377441,0.3662639558315277,0.6095938682556152,0.3835778832435608,0.6134546399116516,0.3818478584289551,0.6141208410263062,0.3827937841415405,0.6077408194541931,0.3849138915538788,0.6080713868141174,0.3831676542758941,0.6218403577804565,0.3706339597702026,0.6183269619941711,0.381021112203598,0.6115326881408691,0.3817424178123474
1109,1109,train,8973,0.4804409742355346,0.4595141410827636,0.4909202754497528,0.4465543925762176,0.4903483092784881,0.4533582925796509,0.4867289066314697,0.4509389400482178,0.4772031009197235,0.4589767456054687,0.4804099798202514,0.4586265385150909,0.4790051281452179,0.4590900838375091,0.4786073863506317,0.4595274925231933,0.4794882833957672,0.4592953026294708,0.4856633245944977,0.4518066942691803,0.4815061092376709,0.4588432908058166,0.4776042699813843,0.458266407251358
1110,1110,train,10247,0.5567010045051575,0.4301587343215942,0.5700312852859497,0.4185178577899933,0.5630130767822266,0.4234408438205719,0.5673909783363342,0.420929491519928,0.5542952418327332,0.4303275048732757,0.556083083152771,0.4301681220531463,0.5562151074409485,0.4301990568637848,0.5521931052207947,0.4304166436195373,0.5539656281471252,0.4288863241672516,0.5660257339477539,0.4213653206825256,0.556688666343689,0.4306768476963043,0.5560283064842224,0.4286129176616668
1111,1111,test,10239,0.4987319707870483,0.4598797559738159,0.5113868713378906,0.4479624629020691,0.5081533193588257,0.4537481069564819,0.5072137713432312,0.4514924585819244,0.4958690702915191,0.4590571224689483,0.4987074136734009,0.4588707983493805,0.4978239834308624,0.4596465229988098,0.4963229298591614,0.4603310823440552,0.4971876740455627,0.4593463540077209,0.5057700276374817,0.4524611532688141,0.5001823902130127,0.4587591886520386,0.496389776468277,0.4584202468395233
1112,1112,train,8909,0.5176647305488586,0.4490114450454712,0.5314433574676514,0.4369478225708008,0.5260872840881348,0.442452073097229,0.5275790095329285,0.4403230249881744,0.5150955319404602,0.4485186636447906,0.5177813768386841,0.448474109172821,0.5172238349914551,0.4488598108291626,0.5145655870437622,0.4490197598934173,0.5160883665084839,0.4477415382862091,0.5268051028251648,0.4405941963195801,0.5184615254402161,0.4489187002182007,0.5162469744682312,0.4477349519729614
1113,1113,test,10528,0.4970471560955047,0.4588608741760254,0.5098933577537537,0.4468491077423095,0.5064517855644226,0.4527651369571686,0.5059732794761658,0.4501006305217743,0.494427889585495,0.4579713940620422,0.4969337880611419,0.4578344821929931,0.4964171648025512,0.4580235183238983,0.4952918887138366,0.4587127268314361,0.4960711002349853,0.4576731622219085,0.5049576163291931,0.451186329126358,0.498292326927185,0.4573944211006164,0.4951065480709076,0.4570344686508178
1114,1114,test,9065,0.6234700083732605,0.3682199120521545,0.6444295644760132,0.3470317423343658,0.6406298279762268,0.3498594760894775,0.6425135135650635,0.3474445641040802,0.6177030205726624,0.3706287741661072,0.6236554980278015,0.3666670024394989,0.6262654066085815,0.3667764067649841,0.6174383163452148,0.3708769679069519,0.6166184544563293,0.3697305619716644,0.6317689418792725,0.3545401990413666,0.6293627023696899,0.3647366166114807,0.6218004822731018,0.3668985962867737
1115,1115,train,8865,0.4948295652866363,0.4597117304801941,0.5064485669136047,0.4474176168441772,0.5042906999588013,0.4535351693630218,0.5024327039718628,0.4514569342136383,0.4921645522117615,0.4585916399955749,0.4941941797733307,0.4583414793014526,0.4941846132278442,0.4590407609939575,0.4927683770656585,0.4600474238395691,0.4932503998279571,0.4590186476707458,0.5017004609107971,0.4513112604618072,0.4956753253936767,0.4582517445087433,0.4927374124526977,0.4579119086265564
1116,1116,train,10584,0.5960671305656433,0.404416561126709,0.6114930510520935,0.3900834321975708,0.6048610210418701,0.3957804143428802,0.6096673607826233,0.3916434049606323,0.5933205485343933,0.4048041105270386,0.5958887338638306,0.4039812982082367,0.5955544114112854,0.4049645662307739,0.5903119444847107,0.4060431718826294,0.5915248394012451,0.404065877199173,0.6041674017906189,0.3935723006725311,0.5984339714050293,0.4051438868045807,0.5940706133842468,0.4036781191825866
1117,1117,train,9863,0.6199656128883362,0.3734764754772186,0.640345573425293,0.3540134727954864,0.6358955502510071,0.3575576245784759,0.6373558640480042,0.3551521301269531,0.6147984266281128,0.3753699958324432,0.6200463175773621,0.3723759353160858,0.6219507455825806,0.3732035756111145,0.6139633059501648,0.3759739696979522,0.6136656999588013,0.37476247549057,0.6290721297264099,0.3600102365016937,0.6260756850242615,0.370827317237854,0.6183441281318665,0.3722347021102905
1118,1118,train,9035,0.4697943329811096,0.4482924938201904,0.4781336486339569,0.4377454817295074,0.4782978594303131,0.4427671432495117,0.4743718206882477,0.4417001605033874,0.4660840630531311,0.4483034610748291,0.468469500541687,0.4476703405380249,0.4688934981822967,0.4485837817192077,0.4680711328983307,0.4475239515304565,0.4689309298992157,0.4479339718818664,0.4735411405563354,0.4414122998714447,0.4710232615470886,0.4486231207847595,0.4666369259357452,0.447386234998703
1119,1119,train,9539,0.5330721735954285,0.4399901628494262,0.5450562238693237,0.4295929372310638,0.5397069454193115,0.4344651103019714,0.5430230498313904,0.432299256324768,0.5313063859939575,0.4394815564155578,0.5328648090362549,0.4395281672477722,0.5324777364730835,0.4399397373199463,0.5301382541656494,0.4401004314422607,0.531100869178772,0.4390488564968109,0.5403265953063965,0.4329439699649811,0.5338425040245056,0.4405475258827209,0.5315383672714233,0.4390273988246918
1120,1120,train,9549,0.6003998517990112,0.4016533195972442,0.6152749061584473,0.3878308832645416,0.6088340282440186,0.3927682638168335,0.612714409828186,0.3893625736236572,0.5976715087890625,0.4023997187614441,0.6000326871871948,0.401428610086441,0.5998010039329529,0.4025083780288696,0.5940774083137512,0.4039269089698791,0.5957071185112,0.4015940725803375,0.6081881523132324,0.39178666472435,0.6024793386459351,0.4015087485313415,0.598899781703949,0.4008771777153015
1121,1121,train,10030,0.6501016020774841,0.3308035135269165,0.6679837703704834,0.3127016723155975,0.6643880009651184,0.3135136067867279,0.6669338345527649,0.3105922937393188,0.6420475244522095,0.3325364887714386,0.649896502494812,0.3274171054363251,0.6531195044517517,0.3291454315185547,0.6454437971115112,0.33457812666893,0.6426657438278198,0.3355453312397003,0.6566756963729858,0.3208304643630981,0.6525835394859314,0.3279695510864258,0.6494267582893372,0.3303172588348388
1122,1122,train,9349,0.5354214906692505,0.4395758509635925,0.5485734939575195,0.4286863505840301,0.5426498651504517,0.4329586327075958,0.5454002022743225,0.4313031435012817,0.5327997207641602,0.4395090043544769,0.5348961353302002,0.4393270015716553,0.5347216129302979,0.4395098388195038,0.531588077545166,0.4395258724689483,0.5330544710159302,0.4382291734218597,0.5445213913917542,0.4318000078201294,0.5354684591293335,0.4395206272602081,0.5340571999549866,0.438224732875824
1123,1123,train,9387,0.4818679690361023,0.4646104574203491,0.4935691356658935,0.4503134489059448,0.491652250289917,0.4582128524780273,0.4886587858200073,0.4548350274562835,0.4789911210536957,0.4635417759418487,0.4825130999088287,0.4627435803413391,0.4811884462833404,0.4637669920921325,0.4801729023456573,0.4651871919631958,0.4811907112598419,0.4640949964523315,0.4874510765075683,0.4565099775791168,0.483690470457077,0.4634073376655578,0.4798087179660797,0.4626460671424866
1124,1124,test,9794,0.5024149417877197,0.4544888436794281,0.5159293413162231,0.4419452548027038,0.5116651654243469,0.4476408064365387,0.5121919512748718,0.4453614950180053,0.4996237158775329,0.4540920257568359,0.5022274255752563,0.4536511600017547,0.5019413828849792,0.4539988338947296,0.4997919499874115,0.4549147486686706,0.5008165836334229,0.4536074995994568,0.5104836821556091,0.446552962064743,0.5034769773483276,0.4537208080291748,0.5007936358451843,0.4529392421245575
1125,1125,train,10481,0.6254719495773315,0.3664737641811371,0.6460956931114197,0.3462371528148651,0.6416966915130615,0.3488500714302063,0.6440412998199463,0.3459870815277099,0.6197134852409363,0.3682534098625183,0.6260002255439758,0.3642314076423645,0.6285852193832397,0.3655093908309936,0.6191591024398804,0.3700145781040191,0.6188032627105713,0.3684355020523071,0.6347805261611938,0.352935642004013,0.6309897303581238,0.3628637194633484,0.6242938041687012,0.365567147731781
1126,1126,train,8921,0.4883111417293548,0.4531601071357727,0.5005552172660828,0.4402543008327484,0.4994322657585144,0.4466827511787414,0.496410459280014,0.4435421824455261,0.4851934313774109,0.4525528252124786,0.4881537556648254,0.4520155191421509,0.4869665801525116,0.4523847699165344,0.4865584969520569,0.4533564746379852,0.4870270192623138,0.4531535506248474,0.4942010343074798,0.4449677169322967,0.489271342754364,0.4526058733463287,0.4858038425445556,0.4506458342075348
1127,1127,test,10439,0.6237913966178894,0.3713090419769287,0.6443622708320618,0.3515825569629669,0.6399955153465271,0.3547910451889038,0.6427282094955444,0.3511541187763214,0.6185285449028015,0.3725088238716125,0.6243322491645813,0.3693337440490722,0.6262491345405579,0.3709262013435364,0.6177811026573181,0.374741792678833,0.6175474524497986,0.3732547461986542,0.6334584951400757,0.3583687841892242,0.62987220287323,0.3680240511894226,0.6228501200675964,0.3701602220535278
1128,1128,train,10010,0.6090009212493896,0.3919956684112549,0.6253049373626709,0.3765513896942138,0.6193066835403442,0.3809049129486084,0.6232127547264099,0.377795934677124,0.605800449848175,0.3923943042755127,0.6090438365936279,0.3910511434078216,0.6088001132011414,0.3932624757289886,0.6023242473602295,0.3952555954456329,0.6034462451934814,0.3929250240325928,0.6168314814567566,0.3816929161548614,0.6124592423439026,0.3906044661998749,0.606891930103302,0.3919695317745209
1129,1129,train,9796,0.5515347719192505,0.4383871257305145,0.5650401711463928,0.4264611303806305,0.5575639009475708,0.4315856695175171,0.5612080097198486,0.4294130504131317,0.549003541469574,0.4383197128772735,0.5508482456207275,0.4381348192691803,0.5509161353111267,0.4382754564285278,0.5469794273376465,0.4386383891105652,0.5488829612731934,0.4369944334030151,0.5603735446929932,0.4300418496131897,0.5515821576118469,0.4387008249759674,0.5506367087364197,0.437103807926178
1130,1130,train,9934,0.4944669008255005,0.4560569822788238,0.5071476697921753,0.4441466331481933,0.5035797953605652,0.4496712386608124,0.5038310289382935,0.4478538930416107,0.4920640885829925,0.455425500869751,0.4943827986717224,0.4551722407341003,0.4940742552280426,0.4556140303611755,0.4925317168235779,0.456349641084671,0.4934340715408325,0.4551787674427032,0.5020711421966553,0.4483069181442261,0.4959224164485931,0.4552577137947082,0.4925442636013031,0.4545170366764068
1131,1131,train,9078,0.6238752603530884,0.3721303939819336,0.6446439027786255,0.3527801930904388,0.6401589512825012,0.3558367788791656,0.6423633694648743,0.3528388440608978,0.6179218292236328,0.3741599023342132,0.62397700548172,0.3705845177173614,0.6270005106925964,0.3716731369495392,0.6180852055549622,0.3754654824733734,0.6177497506141663,0.3742000460624695,0.6336548328399658,0.3589867651462555,0.6297533512115479,0.3696127235889435,0.6233928203582764,0.3709197342395782
1132,1132,train,9300,0.5966947674751282,0.4030343890190124,0.6130465865135193,0.3886099755764007,0.6062451601028442,0.3942301571369171,0.6103200912475586,0.3905601799488067,0.593299388885498,0.4037722051143646,0.5963819026947021,0.4029973745346069,0.5966653227806091,0.4033045172691345,0.5909603834152222,0.4047411680221557,0.592346727848053,0.4026603102684021,0.6053827404975891,0.3921282291412353,0.5994757413864136,0.4036313891410827,0.5953646898269653,0.4017207324504852
1133,1133,test,9319,0.4763100147247314,0.4622700214385986,0.4863636791706085,0.4504683017730713,0.4872811734676361,0.4569165706634521,0.4831537306308746,0.4537361562252044,0.4722252786159515,0.4616762697696686,0.4759626686573028,0.4613402187824249,0.4752834141254425,0.4623593688011169,0.4749754965305328,0.4625666737556457,0.4757421314716339,0.4627544283866882,0.482130616903305,0.4552316963672638,0.4777556657791137,0.46172034740448,0.4734642803668976,0.4611963331699371
1134,1134,train,9652,0.4819326400756836,0.454757809638977,0.4931095540523529,0.4435931742191314,0.4921859800815582,0.4503610134124756,0.4898104965686798,0.44718998670578,0.4782582223415375,0.4541708827018738,0.4816107153892517,0.4538527727127075,0.4812873899936676,0.4547899663448334,0.4806763529777527,0.4551777839660644,0.4813110828399658,0.4549117982387543,0.4870736300945282,0.4490269422531128,0.4835367202758789,0.4550299942493438,0.4792959094047546,0.4534214437007904
1135,1135,test,10165,0.6207669973373413,0.3749722242355346,0.6403248906135559,0.3566509187221527,0.6358360052108765,0.3595316410064697,0.6385878920555115,0.3566897511482239,0.6158714890480042,0.3763284385204315,0.6209069490432739,0.3735221326351166,0.6228262782096863,0.3751085698604584,0.61460942029953,0.3784757256507873,0.6146789193153381,0.376846581697464,0.6299728155136108,0.362915575504303,0.6262314319610596,0.3720145225524902,0.6195470094680786,0.3745065629482269
1136,1136,train,9618,0.4657034277915954,0.4493988752365112,0.4734110534191131,0.4406859576702118,0.4735008776187897,0.4438667893409729,0.4692712426185608,0.4457812309265136,0.4634717106819153,0.4485159516334533,0.4651836156845093,0.4490297138690948,0.4654949307441711,0.4496800601482391,0.4652977883815765,0.4481193721294403,0.4661786556243896,0.4481564164161682,0.470736026763916,0.4451665580272674,0.4676976501941681,0.4497948884963989,0.4639520645141601,0.4481703042984009
1137,1137,train,10044,0.6468812227249146,0.3385175764560699,0.665555477142334,0.3192476630210876,0.661278247833252,0.320131242275238,0.66340172290802,0.3180634379386902,0.6377045512199402,0.3412826657295227,0.6458467841148376,0.3358427882194519,0.6504439115524292,0.3363493382930755,0.6416533589363098,0.3423173427581787,0.639637291431427,0.3429572582244873,0.654836118221283,0.3272106051445007,0.6490932106971741,0.3354951441287994,0.6466231346130371,0.3376269936561584
1138,1138,train,9102,0.6193726062774658,0.3712667822837829,0.6407468914985657,0.350669264793396,0.6365858912467957,0.353627473115921,0.6381428241729736,0.3510055243968963,0.6137441396713257,0.3735048770904541,0.6200664639472961,0.3694435656070709,0.622723400592804,0.3699928522109985,0.6133948564529419,0.3742149174213409,0.6126699447631836,0.3733912706375122,0.6285915970802307,0.3574285507202148,0.6257044672966003,0.3679864406585693,0.6181660890579224,0.3702577352523803
1139,1139,train,9378,0.5841351747512817,0.4145376682281494,0.5987557172775269,0.401293933391571,0.5915184617042542,0.4064501225948334,0.5957741141319275,0.4036915600299835,0.5816832184791565,0.414979338645935,0.583652913570404,0.4143102169036865,0.5826604962348938,0.415531724691391,0.5776162147521973,0.4164247214794159,0.5796014070510864,0.4142013490200043,0.5919718146324158,0.4053176343441009,0.5853652954101562,0.4151223301887512,0.5821405649185181,0.4141051769256592
1140,1140,train,9529,0.5706623792648315,0.4177443087100982,0.5833610892295837,0.4058266878128052,0.5756375193595886,0.411786288022995,0.5815008282661438,0.4076390266418457,0.56789630651474,0.4181295931339264,0.5697011351585388,0.417877733707428,0.5699318051338196,0.4177895784378052,0.5666293501853943,0.4180116653442383,0.5678770542144775,0.4164340794086456,0.5789488554000854,0.4084082841873169,0.5701860785484314,0.4194362759590149,0.5692741870880127,0.4166603088378906
1141,1141,train,10406,0.5045877695083618,0.451635330915451,0.5181021690368652,0.4405587017536163,0.5139570832252502,0.4447707831859588,0.5142542123794556,0.4436478912830353,0.5019472241401672,0.4513313174247741,0.5043857097625732,0.4510186612606048,0.5040407776832581,0.451519250869751,0.5018629431724548,0.4520310461521148,0.5029352903366089,0.4507701992988586,0.5133747458457947,0.4442503452301025,0.5057958364486694,0.4508444368839264,0.502997100353241,0.4506005048751831
1142,1142,test,9029,0.5001609325408936,0.4450262486934662,0.5123041868209839,0.4327489733695984,0.5092894434928894,0.4389351308345794,0.508690595626831,0.4365156292915344,0.4966245293617248,0.4446347951889038,0.5004697442054749,0.4442530274391174,0.4989046156406402,0.4454405605792999,0.4984684586524963,0.444673627614975,0.4985037744045257,0.4448647797107696,0.5054422616958618,0.4384601414203644,0.5021815299987793,0.4446428418159485,0.497578352689743,0.4437598884105682
1143,1143,train,10522,0.4840183854103088,0.4607762098312378,0.4957038462162018,0.4477207958698272,0.4933790266513824,0.4546193480491638,0.4911627471446991,0.4519634544849396,0.4806638062000274,0.4599283337593078,0.4839503765106201,0.4595091044902801,0.482693076133728,0.4604285061359405,0.4816189110279083,0.4614211618900299,0.4823603928089142,0.4606913030147552,0.4898203313350677,0.4531662166118622,0.4856269955635071,0.4596876502037048,0.4819266498088836,0.4588510692119598
1144,1144,train,9308,0.6246888637542725,0.3733347952365875,0.6454992890357971,0.353155106306076,0.6408135294914246,0.3557074666023254,0.6430200338363647,0.35334113240242,0.6193066835403442,0.3744625449180603,0.6246721148490906,0.3713395297527313,0.6261581182479858,0.3736358284950256,0.6174601912498474,0.377527505159378,0.6179195642471313,0.3756978213787079,0.6338571906089783,0.3608376681804657,0.6303897500038147,0.3696193099021911,0.6231763362884521,0.3728989362716675
1145,1145,train,10503,0.5210838317871094,0.4409164488315582,0.5333809852600098,0.4307125210762024,0.5290084481239319,0.4357718825340271,0.5306233167648315,0.433150440454483,0.5185501575469971,0.4404819011688232,0.5208351016044617,0.4407706558704376,0.5204609036445618,0.4409443736076355,0.518862783908844,0.4405066072940826,0.5198150277137756,0.4396679699420929,0.52827388048172,0.4340759515762329,0.5216339230537415,0.4414540231227875,0.5188956260681152,0.4397044777870178
1146,1146,train,10529,0.5421257019042969,0.4410901367664337,0.5560887455940247,0.4294371306896209,0.5490128397941589,0.4341648817062378,0.5524113178253174,0.4323651194572449,0.5398557782173157,0.4409944117069244,0.5415691137313843,0.440811425447464,0.5411774516105652,0.4410832524299621,0.5376818776130676,0.4413142800331116,0.5393297672271729,0.4399629831314087,0.5514512062072754,0.4330629110336303,0.5424021482467651,0.4409541189670563,0.5410124659538269,0.439913809299469
1147,1147,test,9374,0.5969821214675903,0.3991850912570953,0.6132397055625916,0.3847389221191406,0.6050641536712646,0.3908333480358124,0.6110596060752869,0.3863446116447449,0.5941981077194214,0.3995164334774017,0.5967013239860535,0.3988929986953735,0.5963214635848999,0.3995880484580993,0.5914446711540222,0.4002111852169037,0.5929598808288574,0.398090660572052,0.6052581667900085,0.3888344466686249,0.598495364189148,0.4001699090003967,0.5951266884803772,0.3981603980064392
1148,1148,train,9071,0.5423044562339783,0.4394209384918213,0.554627537727356,0.4287031590938568,0.5484853386878967,0.4332708120346069,0.552140474319458,0.4309820234775543,0.5398279428482056,0.4390259683132171,0.5415133833885193,0.4391472339630127,0.5417768955230713,0.4393557906150818,0.5390591621398926,0.4392374753952026,0.5401772260665894,0.4381085932254791,0.5500645041465759,0.4320682287216186,0.5425987243652344,0.4395793080329895,0.5412825345993042,0.4380069673061371
1149,1149,train,9637,0.6440209746360779,0.3365189135074615,0.6625471115112305,0.317420482635498,0.6592718362808228,0.3178472518920898,0.6614112854003906,0.3157776594161987,0.6355328559875488,0.3393572866916656,0.6434647440910339,0.3337607681751251,0.647680938243866,0.3339086174964905,0.6393868923187256,0.3395225405693054,0.6364096999168396,0.3407410383224487,0.6515322923660278,0.3249873220920563,0.6467557549476624,0.3336750566959381,0.6433165073394775,0.3355177044868469
1150,1150,train,9570,0.5235453248023987,0.444621592760086,0.5373634099960327,0.4334236979484558,0.5318014025688171,0.4380101859569549,0.5336936712265015,0.4362674057483673,0.5212410688400269,0.4445817172527313,0.5234330296516418,0.4442140460014343,0.5233857035636902,0.4442833364009857,0.5204102993011475,0.4448290765285492,0.5218469500541687,0.4432827830314636,0.533178448677063,0.4367496073246002,0.523867666721344,0.4443919956684112,0.5228379368782043,0.443049818277359
1151,1151,train,10032,0.4982716143131256,0.4512332379817962,0.5090267062187195,0.4400904476642608,0.5071634650230408,0.4453726410865783,0.506263792514801,0.4432188868522644,0.4946338236331939,0.4507218599319458,0.4975848495960235,0.450417697429657,0.4971145987510681,0.4514292478561401,0.4958955645561218,0.4516707360744476,0.4963123500347137,0.4508072137832641,0.5039944648742676,0.4448818266391754,0.4991869330406189,0.4508475363254547,0.4961332976818084,0.4495578706264496
1152,1152,test,9659,0.5033838152885437,0.4527193903923034,0.5175031423568726,0.4419779479503631,0.5129350423812866,0.4469385743141174,0.51259845495224,0.4453113973140716,0.5007604956626892,0.4519499242305755,0.5034728646278381,0.4520221352577209,0.5025961399078369,0.452443778514862,0.5008896589279175,0.4526570439338684,0.5017584562301636,0.4515554010868072,0.5122842192649841,0.4457367062568664,0.5047777891159058,0.4516403973102569,0.5015740990638733,0.4514977633953094
1153,1153,train,9653,0.6469163298606873,0.3378966748714447,0.6649525165557861,0.3190167248249054,0.6611990332603455,0.3196698129177093,0.6634675860404968,0.3175070881843567,0.6378911733627319,0.3404269218444824,0.6458106637001038,0.3352245986461639,0.6503103375434875,0.3358273506164551,0.6422148942947388,0.3413928151130676,0.6397303938865662,0.3423745632171631,0.6546295881271362,0.3269028961658478,0.6488727927207947,0.3351697921752929,0.6468153595924377,0.3368355631828308
1154,1154,train,10525,0.5228356122970581,0.4473545253276825,0.5350309610366821,0.4364408254623413,0.5307360291481018,0.4411770701408386,0.5318107008934021,0.4391613006591797,0.5201821327209473,0.4468342959880829,0.5225762724876404,0.4466570615768432,0.5219022035598755,0.4470702409744262,0.5192657113075256,0.4474885463714599,0.5201853513717651,0.4464316070079803,0.52977055311203,0.4404070377349853,0.5232844352722168,0.4470348358154297,0.5208064913749695,0.4459916651248932
1155,1155,train,9200,0.5397548079490662,0.4370016753673553,0.5526829361915588,0.4264102280139923,0.5467347502708435,0.4311538934707641,0.5498354434967041,0.4288297593593597,0.5372663140296936,0.4366951882839203,0.5389903783798218,0.4367330968379974,0.539004385471344,0.4368573725223541,0.5364363193511963,0.4368892908096313,0.5374509692192078,0.4357240796089172,0.5479455590248108,0.429527997970581,0.5396640300750732,0.4374077618122101,0.5379711389541626,0.435887336730957
1156,1156,train,9099,0.6188812255859375,0.3734991550445556,0.6395206451416016,0.3541858494281769,0.6345940828323364,0.3574167191982269,0.6367552876472473,0.3547623455524444,0.6138172745704651,0.3752568066120147,0.619305431842804,0.371996521949768,0.6215723752975464,0.3727984428405761,0.6123180985450745,0.3766310513019562,0.6123806238174438,0.3750568330287933,0.6280251145362854,0.3606595695018768,0.6247628331184387,0.3708746135234833,0.6182103753089905,0.3721446692943573
1157,1157,train,9531,0.6244312524795532,0.3644487261772156,0.6460740566253662,0.3429529964923858,0.6424262523651123,0.3450855612754822,0.6437437534332275,0.342893123626709,0.6187682747840881,0.3667064905166626,0.6252244114875793,0.36218923330307,0.6278415322303772,0.362339049577713,0.6181859970092773,0.3672504425048828,0.6172812581062317,0.3665226399898529,0.6338387727737427,0.349667489528656,0.630354642868042,0.3610934317111969,0.6232154965400696,0.3625407814979553
1158,1158,train,9562,0.4878839254379272,0.4588662385940552,0.4989737570285797,0.4466331303119659,0.4968308806419372,0.4527270197868347,0.4950103759765625,0.4502866566181183,0.48515784740448,0.4581859707832336,0.4873634576797485,0.4579444527626037,0.4868090450763702,0.4586279690265655,0.485430508852005,0.4593050479888916,0.4866549074649811,0.4581619501113891,0.4938892424106598,0.4508217573165893,0.4891944229602813,0.457980751991272,0.4859464466571808,0.4570080637931824
1159,1159,train,9098,0.48648801445961,0.4522166550159454,0.4971896708011627,0.4407044947147369,0.49669149518013,0.4470875561237335,0.4938395321369171,0.4439064562320709,0.4822591245174408,0.4516546130180359,0.4854253232479095,0.4512307047843933,0.4852222800254822,0.4521908164024353,0.4852854907512665,0.4519386291503906,0.4852215349674225,0.4526927173137665,0.4916774332523346,0.4456600844860077,0.4879421591758728,0.4517284333705902,0.482950359582901,0.451128602027893
1160,1160,train,9461,0.5169389843940735,0.4443353116512298,0.5294428467750549,0.43406543135643,0.5250378251075745,0.4383290410041809,0.5262452363967896,0.4365652501583099,0.5144622325897217,0.4441369771957397,0.5166239142417908,0.4441274404525757,0.5157663226127625,0.4444399178028106,0.5138383507728577,0.4443991482257843,0.5149064660072327,0.4432826340198517,0.5248856544494629,0.4376119375228882,0.5170629620552063,0.4440580308437347,0.5150192379951477,0.4430680871009826
1161,1161,train,10025,0.4939660131931305,0.4542652666568756,0.506912887096405,0.4433223307132721,0.5033551454544067,0.448483794927597,0.5034316778182983,0.446413516998291,0.491040974855423,0.4533766210079193,0.4933036565780639,0.4534331262111664,0.4927412867546081,0.4542533755302429,0.4913654029369354,0.4547922313213348,0.4920616447925567,0.4537295401096344,0.5007913708686829,0.4477918446063995,0.495052307844162,0.4534002244472503,0.4916181862354278,0.4526461064815521
1162,1162,train,10045,0.5859211683273315,0.4172821342945099,0.6004654169082642,0.4043997526168823,0.5928513407707214,0.4097924828529358,0.5977187752723694,0.4065635502338409,0.583827018737793,0.4174157381057739,0.5855001211166382,0.4172272682189941,0.5844824910163879,0.4182118475437164,0.5795246958732605,0.4190948009490967,0.5814854502677917,0.4169988930225372,0.5940656065940857,0.4079759120941162,0.5870388746261597,0.4178694486618042,0.5840305089950562,0.4167440533638
1163,1163,train,8930,0.5730593800544739,0.423513650894165,0.5876748561859131,0.4102392494678497,0.5801081657409668,0.4153802394866943,0.5845710039138794,0.413044810295105,0.5716798305511475,0.423003077507019,0.573152482509613,0.4225510954856872,0.5697768330574036,0.4249144196510315,0.5650733709335327,0.4258062839508056,0.5673410892486572,0.423690527677536,0.5799278020858765,0.4152425825595855,0.5738657116889954,0.4236587285995483,0.5692274570465088,0.4236990809440613
1164,1164,train,10634,0.5115855932235718,0.4515757262706756,0.5251589417457581,0.4408322870731354,0.520267903804779,0.4452297687530517,0.5210907459259033,0.4440106451511383,0.509050190448761,0.4513034224510193,0.5112398862838745,0.4512670040130615,0.5111612677574158,0.45137619972229,0.5085591077804565,0.4517285525798797,0.5098493099212646,0.4505005776882171,0.5203900337219238,0.4443261325359344,0.5124221444129944,0.4511934220790863,0.5103546977043152,0.4502993524074554
1165,1165,train,9355,0.6174451112747192,0.3662202656269073,0.6381851434707642,0.3470948934555053,0.6344802379608154,0.3500237762928009,0.6366569995880127,0.3465425372123718,0.6123979687690735,0.3680916428565979,0.618128776550293,0.3645649254322052,0.6203944087028503,0.3645142614841461,0.6120119094848633,0.3681256771087646,0.61095130443573,0.3672619462013244,0.6269455552101135,0.352018803358078,0.6238537430763245,0.363267570734024,0.6160680055618286,0.3643503785133362
1166,1166,train,9498,0.6237417459487915,0.3687788844108581,0.6443328261375427,0.3498780727386474,0.6398343443870544,0.3527117967605591,0.6419208645820618,0.3503718674182892,0.6182018518447876,0.3705319762229919,0.6236960291862488,0.3673685491085052,0.6259729862213135,0.3682045936584472,0.6177150011062622,0.3717741966247558,0.6171874403953552,0.37063929438591,0.6331201791763306,0.3558194637298584,0.6292775273323059,0.3666922748088836,0.621978223323822,0.368162602186203
1167,1167,test,10479,0.4761140644550323,0.4599459767341614,0.4849915504455566,0.44704470038414,0.4867535829544067,0.4542531371116638,0.4822986423969269,0.4511028826236725,0.4729432761669159,0.4596876502037048,0.4758524000644684,0.4583325684070587,0.4752864837646484,0.4599681794643402,0.4753082692623138,0.4599723517894745,0.4759051203727722,0.4602130055427551,0.4808627963066101,0.4528984129428863,0.4784175157546997,0.4591524004936218,0.4734549820423126,0.4586382806301117
1168,1168,train,9095,0.513706624507904,0.4483776986598968,0.5274931788444519,0.4372694194316864,0.5227735042572021,0.4420177340507507,0.52364182472229,0.4404871463775635,0.51085364818573,0.4481646418571472,0.513327419757843,0.4481663405895233,0.5130679607391357,0.4481140971183777,0.5105440020561218,0.4483671188354492,0.5116772055625916,0.4474113285541534,0.5225087404251099,0.440923660993576,0.514588475227356,0.4479877948760986,0.5122284889221191,0.4468193650245666
1169,1169,train,10518,0.4753238260746002,0.44886514544487,0.4817166626453399,0.4386095702648163,0.4821723401546478,0.4431955218315124,0.4788495898246765,0.442831426858902,0.4711154997348785,0.4486260414123535,0.4737624228000641,0.4483973085880279,0.474017322063446,0.4497924745082855,0.4737616777420044,0.448176234960556,0.4741140604019165,0.4484931230545044,0.4785034656524658,0.4438808560371399,0.4762328863143921,0.4495261907577514,0.4724303781986236,0.4482826888561249
1170,1170,train,9723,0.5206413269042969,0.4489695429801941,0.5322900414466858,0.4384485483169555,0.5280358195304871,0.4430483877658844,0.5295253992080688,0.4412920176982879,0.5178639888763428,0.4485926926136017,0.5200216174125671,0.4485491216182709,0.5199294686317444,0.4489763677120209,0.5179703831672668,0.4491165578365326,0.5189219117164612,0.4482124149799347,0.5276169776916504,0.4424049258232116,0.5211450457572937,0.4491342008113861,0.5187463760375977,0.447893351316452
1171,1171,train,9928,0.4823487997055053,0.465024471282959,0.4929141998291015,0.4511996507644653,0.4919170439243316,0.4588765203952789,0.4884847402572632,0.4555950462818146,0.4790446162223816,0.4644312858581543,0.4822488129138946,0.4631031453609466,0.4811387062072754,0.4642631411552429,0.4804400503635406,0.4650162756443023,0.4811469316482544,0.4644008278846741,0.4872679412364959,0.4572730958461761,0.484025090932846,0.4636441469192505,0.4798038303852081,0.4633044004440307
1172,1172,train,9037,0.5088567137718201,0.4524812698364258,0.5199833512306213,0.4412946105003357,0.5169216990470886,0.447452574968338,0.5173363089561462,0.4446870684623718,0.5060035586357117,0.4517252445220947,0.5082414746284485,0.4517828524112701,0.5081766247749329,0.4522311389446258,0.5074599981307983,0.4524469971656799,0.5078206062316895,0.4516530036926269,0.515143096446991,0.4457931816577911,0.509955883026123,0.4522547423839569,0.5067615509033203,0.4511314034461975
1173,1173,train,10309,0.6084116101264954,0.3910861611366272,0.6246623396873474,0.3760106563568115,0.6184310913085938,0.3806552588939667,0.6228622198104858,0.3771763741970062,0.6054675579071045,0.3911170363426208,0.6085779666900635,0.3898070156574249,0.6080371141433716,0.3917624950408935,0.6019129157066345,0.3938443064689636,0.6031914949417114,0.3913886845111847,0.6160204410552979,0.3811474740505218,0.6123475432395935,0.3892360329627991,0.6062842011451721,0.3907970786094665
1174,1174,train,10040,0.4767888188362121,0.4601202011108398,0.4863096475601196,0.4452690184116363,0.4859024286270141,0.4532122910022735,0.4828651249408722,0.4503915905952453,0.4726801216602325,0.4594768285751343,0.4756881892681122,0.4590420424938202,0.4753145575523376,0.4599780142307281,0.4753443896770477,0.4603257477283478,0.4758817255496979,0.4596536755561828,0.4811019897460937,0.4512256681919098,0.4777846336364746,0.4595243632793426,0.4737246334552765,0.4588543772697449
1175,1175,train,9764,0.5857605934143066,0.4127233028411865,0.5999743938446045,0.3996701538562774,0.5923815369606018,0.4053041636943817,0.5970142483711243,0.402111291885376,0.5822787284851074,0.4136908650398254,0.5845102071762085,0.4128357172012329,0.5851213932037354,0.4128538966178894,0.5808165669441223,0.4136249721050262,0.5824283361434937,0.4114478230476379,0.5943246483802795,0.4026411473751068,0.5859577655792236,0.4136771559715271,0.5844206213951111,0.4113580286502838
1176,1176,train,9913,0.6418507695198059,0.3418211638927459,0.6604374647140503,0.3220293223857879,0.6568357348442078,0.3227580785751343,0.6592184901237488,0.3208847641944885,0.6334583759307861,0.3447265625,0.641524612903595,0.3387987315654754,0.6453860402107239,0.3391903638839721,0.6372033357620239,0.3446241319179535,0.6344636678695679,0.3456442058086395,0.6495446562767029,0.3296823799610138,0.6448339819908142,0.3386887013912201,0.6408724188804626,0.340750515460968
1177,1177,train,8863,0.6206272840499878,0.3735780417919159,0.6414527297019958,0.3531259298324585,0.6359903216362,0.3571073114871979,0.6398747563362122,0.3535417318344116,0.6151795983314514,0.3744672238826751,0.62053382396698,0.3718067109584808,0.6223478317260742,0.3734491467475891,0.6142293214797974,0.3768184781074524,0.6137834787368774,0.3751444518566131,0.6302512884140015,0.3598871827125549,0.6261014938354492,0.3707940280437469,0.6188535690307617,0.3727273643016815
1178,1178,train,9259,0.5705761909484863,0.4263511002063751,0.5838515162467957,0.4141945540904999,0.5765501260757446,0.4194236993789673,0.5815141201019287,0.416838526725769,0.568595290184021,0.426106333732605,0.5702193379402161,0.4259651303291321,0.5689188838005066,0.4268161952495575,0.5648189187049866,0.4273155331611633,0.5664281845092773,0.4254968762397766,0.5784679651260376,0.4178623855113983,0.5709425806999207,0.4269514977931976,0.5683501958847046,0.4257335662841797
1179,1179,test,10388,0.5897387266159058,0.4093869924545288,0.6044279336929321,0.3965552449226379,0.5968503952026367,0.4019440710544586,0.6019699573516846,0.3985312283039093,0.5872715711593628,0.4095063507556915,0.5892148613929749,0.409189224243164,0.588401734828949,0.4101230800151825,0.5836416482925415,0.4110794961452484,0.5851088762283325,0.4091407656669616,0.5980930328369141,0.3999886214733124,0.5908195972442627,0.4101389348506927,0.5876185297966003,0.4087830781936645
1180,1180,test,10141,0.54206782579422,0.4406082332134247,0.5557152628898621,0.4285743832588196,0.5492947697639465,0.4334507882595062,0.5519975423812866,0.4316692650318146,0.53987717628479,0.4401918649673462,0.5421713590621948,0.4399307668209076,0.5408482551574707,0.4408866465091705,0.5371268391609192,0.44116872549057,0.5389361381530762,0.4394981563091278,0.550333559513092,0.4324369728565216,0.5431064367294312,0.4404024481773376,0.5404981970787048,0.4397559762001037
1181,1181,train,9487,0.502654492855072,0.4503341317176819,0.5162784457206726,0.4393072128295898,0.5120806097984314,0.4447337090969085,0.5123181343078613,0.4422267973423004,0.4996053576469421,0.4500623643398285,0.5023269057273865,0.449665367603302,0.5015958547592163,0.4500048160552978,0.5005130767822266,0.4505091309547424,0.5013266801834106,0.4494044780731201,0.5106881260871887,0.4430007338523865,0.5033907890319824,0.4499673545360565,0.500408947467804,0.4487358033657074
1182,1182,test,10378,0.5426081418991089,0.4379738569259643,0.5562571287155151,0.4256283938884735,0.5493429899215698,0.4303586781024933,0.5529628396034241,0.4285590052604675,0.5401558876037598,0.437650203704834,0.5421820282936096,0.4375025331974029,0.5409418344497681,0.4383598268032074,0.5374948978424072,0.4384776055812835,0.5394237041473389,0.4368810355663299,0.5515316724777222,0.4296769797801971,0.5421118140220642,0.4379276633262634,0.5408583283424377,0.4368385076522827
1183,1183,train,9090,0.6131881475448608,0.3826174437999725,0.6321132183074951,0.3647616803646087,0.6260095238685608,0.3692503273487091,0.6296002268791199,0.3659597933292389,0.6091150641441345,0.3835954368114471,0.6137696504592896,0.3811865746974945,0.6143479347229004,0.3828026056289673,0.607042670249939,0.3857617378234863,0.6075523495674133,0.3837011158466339,0.6213695406913757,0.3714453876018524,0.6188472509384155,0.3797994554042816,0.611657440662384,0.3819513022899627
1184,1184,train,9027,0.4708369374275207,0.4508928954601288,0.4776082336902618,0.4400539696216583,0.4787829220294952,0.4460205435752868,0.4741141498088836,0.4438450634479522,0.4683008193969726,0.4512130320072174,0.4705775082111358,0.4495041966438293,0.4698668420314789,0.4505656659603119,0.4697286188602447,0.4500637054443359,0.4707444608211517,0.4497821629047394,0.4744364619255066,0.4441422522068023,0.4729840159416199,0.4509570896625519,0.4680387377738952,0.4490988552570343
1185,1185,train,9884,0.4941903352737427,0.4486075639724731,0.5062015652656555,0.4366599023342132,0.5031134486198425,0.4431411921977997,0.5028462409973145,0.439804196357727,0.4911507964134216,0.4479524195194244,0.4940066337585449,0.4479263424873352,0.4931017756462097,0.4480602741241455,0.4916378855705261,0.4490267336368561,0.4922158420085907,0.4483147859573364,0.5018025636672974,0.4405594170093536,0.4951900243759155,0.4477026462554931,0.4920016825199127,0.4467876553535461
1186,1186,train,10513,0.5933072566986084,0.4102579653263092,0.609031081199646,0.3955408334732055,0.6017931699752808,0.4014134705066681,0.6065382361412048,0.397846519947052,0.5911757946014404,0.4102708697319031,0.593563437461853,0.4096397757530212,0.5928637385368347,0.4107507467269897,0.5873929262161255,0.412206083536148,0.5891488790512085,0.4097551107406616,0.6017817854881287,0.3996866643428802,0.5953195691108704,0.4106265604496002,0.591839611530304,0.4090540111064911
1187,1187,train,9125,0.5823779702186584,0.4105744063854217,0.5971129536628723,0.397489994764328,0.5897744297981262,0.4028967618942261,0.5944846272468567,0.3994045853614807,0.5794869065284729,0.4111248850822449,0.5815834403038025,0.410540908575058,0.582048237323761,0.410518616437912,0.5772261023521423,0.4113438427448272,0.5788209438323975,0.4094780683517456,0.5912367701530457,0.4003385007381439,0.5832189321517944,0.4114944040775299,0.5811598300933838,0.408935397863388
1188,1188,train,10589,0.4638562202453613,0.4606531858444214,0.4737181663513183,0.4482647478580475,0.4734337627887726,0.454321414232254,0.4695824682712555,0.4520933330059051,0.4603493809700012,0.4606645405292511,0.4642214477062225,0.4592934846878052,0.4628715515136719,0.4598526954650879,0.4624641835689544,0.4607977867126465,0.4629274308681488,0.4607763290405273,0.4685129523277282,0.4531213939189911,0.4655330181121826,0.4596660137176513,0.4613306224346161,0.459572285413742
1189,1189,train,9595,0.4901576936244964,0.4621205925941467,0.5019339323043823,0.4500696063041687,0.4993942081928253,0.4563811719417572,0.4973795115947723,0.453461617231369,0.4879240989685058,0.4611372053623199,0.4906422197818756,0.4609429240226745,0.489720344543457,0.4616818726062774,0.4882815182209015,0.4624809920787811,0.4892116487026214,0.4615423083305359,0.4969493150711059,0.4544201195240021,0.4915642142295837,0.4612645208835602,0.4885721504688263,0.460488885641098
1190,1190,train,8991,0.6308814287185669,0.3521656394004822,0.6520106792449951,0.3309690058231354,0.6487616896629333,0.3319867849349975,0.6504301428794861,0.3298946619033813,0.6235969662666321,0.3550906777381897,0.6308568120002747,0.3496794402599334,0.6351092457771301,0.3496767580509186,0.625272810459137,0.3553413450717926,0.6235969066619873,0.3550924360752105,0.641290545463562,0.3371821045875549,0.6353709101676941,0.3488985002040863,0.6300697326660156,0.3505764305591583
1191,1191,train,9585,0.6321658492088318,0.3564451336860657,0.6533319354057312,0.335029274225235,0.6490869522094727,0.3368286192417145,0.6515637040138245,0.3342835009098053,0.6251879930496216,0.3596038222312927,0.632121741771698,0.3543906807899475,0.6363529562950134,0.3542224466800689,0.6263960003852844,0.3598392307758331,0.6243764758110046,0.3598430156707763,0.6416677832603455,0.3419551849365234,0.636424720287323,0.3537575006484985,0.6310684680938721,0.3553571701049804
1192,1192,train,10158,0.514385998249054,0.4544082880020141,0.5258501768112183,0.4435855448246002,0.521733283996582,0.4489197731018066,0.5233520269393921,0.4473557770252228,0.5116273164749146,0.4537751972675323,0.5135882496833801,0.453617662191391,0.5138451457023621,0.4540137052536011,0.5125943422317505,0.4547291994094848,0.5133464336395264,0.4535191655158996,0.5209816694259644,0.447896659374237,0.515249490737915,0.4542345702648163,0.5121601819992065,0.4534141421318054
1193,1193,test,9563,0.6014063358306885,0.3966622948646545,0.6174197196960449,0.3818371295928955,0.6115692257881165,0.3869062960147857,0.615276038646698,0.3830507099628448,0.5984970331192017,0.3975265920162201,0.6015516519546509,0.3962801098823547,0.6017274856567383,0.3968408703804016,0.5958907008171082,0.398512452840805,0.5971048474311829,0.3964318037033081,0.6098741292953491,0.385813295841217,0.6048575639724731,0.3958900868892669,0.6003478765487671,0.3953294456005096
1194,1194,train,9260,0.467882752418518,0.4601158797740936,0.4775923490524292,0.4464353621006012,0.4777612090110779,0.4537108540534973,0.4737283885478973,0.4506245255470276,0.4641705453395843,0.4592033922672272,0.4674314558506012,0.4586388766765594,0.4662991464138031,0.4598239064216614,0.4661360681056976,0.4603155255317688,0.4665726125240326,0.4598525464534759,0.4730077981948852,0.4510989785194397,0.4692716896533966,0.4590802490711212,0.4651037156581878,0.4583724439144134
1195,1195,train,10614,0.486129492521286,0.4635874330997467,0.4979782998561859,0.4505953788757324,0.4953371584415436,0.4567276835441589,0.4940861165523529,0.4544172585010528,0.4832157492637634,0.4627934098243713,0.4854722917079925,0.4621643424034118,0.4849158525466919,0.462967187166214,0.4838280081748962,0.4642881155014038,0.4849451780319214,0.4625883102416992,0.4925177097320556,0.4552509486675262,0.4872243702411651,0.4623679220676422,0.4840478301048279,0.4614925980567932
1196,1196,train,9018,0.5571013689041138,0.4282317757606506,0.5712187886238098,0.4163790941238403,0.5635229349136353,0.4213815629482269,0.5676998496055603,0.4189115464687347,0.5548713803291321,0.4281103014945984,0.5567753911018372,0.4279236495494842,0.5568653345108032,0.4279520809650421,0.5531318783760071,0.4283552765846252,0.5548190474510193,0.4267981350421905,0.5662448406219482,0.4196146130561828,0.557690441608429,0.428153246641159,0.5565693974494934,0.4266173541545868
1197,1197,train,8886,0.6261106133460999,0.3640459775924682,0.6476189494132996,0.3433431982994079,0.6432017683982849,0.3458092212677002,0.6451171636581421,0.3430288136005401,0.6192759275436401,0.3664368391036987,0.6258919835090637,0.3622469007968902,0.629436731338501,0.3628289997577667,0.6198409795761108,0.3675081729888916,0.619255006313324,0.3665619790554046,0.6359719038009644,0.3500369489192962,0.6315383911132812,0.3606193959712982,0.6252543926239014,0.362665593624115
1198,1198,train,10463,0.6167948842048645,0.3810440301895141,0.6350774765014648,0.364224910736084,0.6298007965087891,0.3680503964424133,0.6328149437904358,0.3650340735912323,0.6132595539093018,0.3817538321018219,0.6170218586921692,0.3797211349010467,0.6174562573432922,0.3821136355400085,0.6098077297210693,0.3847689926624298,0.6107222437858582,0.3825310468673706,0.6252820491790771,0.3702450096607208,0.6220178008079529,0.37840536236763,0.6153700351715088,0.3806695342063904
1199,1199,train,9732,0.6218358278274536,0.3767011165618896,0.6420726776123047,0.3578508496284485,0.6372387409210205,0.3612697124481201,0.6398119926452637,0.3579393029212951,0.6170428991317749,0.3784643113613128,0.6226003170013428,0.3752608597278595,0.6246573328971863,0.3764713406562805,0.61602383852005,0.3799115419387817,0.6157081723213196,0.3785636723041534,0.6309889554977417,0.3640958070755005,0.6279662251472473,0.3744328618049621,0.6212736964225769,0.3756371438503265
1200,1200,test,9079,0.4933687150478363,0.4568302631378174,0.5032041072845459,0.4441759288311004,0.5015991926193237,0.4515784084796905,0.4992187321186065,0.4483322203159332,0.4894493520259857,0.4563175737857818,0.4926466643810272,0.4557550251483917,0.4922076761722564,0.456550657749176,0.4914727210998535,0.4570289850234985,0.4919697642326355,0.4563855826854706,0.4981927871704101,0.4494681358337402,0.4942690730094909,0.45683553814888,0.4911448061466217,0.4550453424453735
1201,1201,train,9968,0.4891106784343719,0.4623971879482269,0.4995993077754974,0.4497076869010925,0.498609721660614,0.4557842910289764,0.4953562319278717,0.4536881148815155,0.4853911697864532,0.4611786007881164,0.4881693720817566,0.4608129858970642,0.4875010550022125,0.4621192216873169,0.4866783916950226,0.4628011584281921,0.4875199794769287,0.4618062078952789,0.4936741590499878,0.455591082572937,0.4899244010448456,0.4610380828380584,0.4864628314971924,0.4604097306728363
1202,1202,train,9100,0.5562984347343445,0.4330514371395111,0.5693450570106506,0.4214252531528473,0.5622411370277405,0.4264573454856872,0.5664849877357483,0.4241383671760559,0.5538347959518433,0.4331127405166626,0.5556640028953552,0.4329062402248382,0.5556963682174683,0.4331368505954742,0.552058756351471,0.43333300948143,0.553619384765625,0.4317945837974548,0.5652573108673096,0.4246456325054168,0.5562762022018433,0.4334379434585571,0.5554105043411255,0.4317772090435028
1203,1203,train,9848,0.5531806349754333,0.434361845254898,0.56721031665802,0.4222484827041626,0.5603574514389038,0.4270532727241516,0.5638629794120789,0.4251561462879181,0.5510491728782654,0.4340801835060119,0.5528413653373718,0.4339005351066589,0.5515987873077393,0.4347624778747558,0.5475825667381287,0.4352509975433349,0.5493844151496887,0.4336237609386444,0.5627753734588623,0.4258148670196533,0.553493857383728,0.4344506561756134,0.5519106984138489,0.4332855641841888
1204,1204,test,8958,0.632826566696167,0.3538792133331299,0.6547990441322327,0.3323277235031128,0.6506326198577881,0.3339317142963409,0.652569055557251,0.3316020369529724,0.6256492733955383,0.3569108545780182,0.6333481669425964,0.3514925837516784,0.6375505924224854,0.3516601026058197,0.6267905235290527,0.3576452136039734,0.6252557635307312,0.3572984933853149,0.6426096558570862,0.3394526243209839,0.6377975344657898,0.3506850898265838,0.6320064663887024,0.352717638015747
1205,1205,train,9874,0.5837451219558716,0.4188771545886993,0.598355233669281,0.4058657586574554,0.591472327709198,0.4100545048713684,0.5953516960144043,0.4080943167209625,0.5821104049682617,0.418669581413269,0.5837303400039673,0.4180609881877899,0.5810638070106506,0.4202406108379364,0.5759413838386536,0.4211964905261993,0.577909529209137,0.4191717207431793,0.5915998816490173,0.410247653722763,0.5848599076271057,0.4189466536045074,0.581002950668335,0.4186546206474304
1206,1206,train,9067,0.6154607534408569,0.3855403959751129,0.6333101391792297,0.3680218756198883,0.6280813217163086,0.3724628686904907,0.6312839388847351,0.3692027926445007,0.611890971660614,0.386258453130722,0.615502655506134,0.3844623863697052,0.6160212755203247,0.3856937885284424,0.6096706986427307,0.3876574039459228,0.6099851131439209,0.385748028755188,0.6239526867866516,0.3733915090560913,0.6202638149261475,0.3835397958755493,0.6135813593864441,0.3845739662647247
1207,1207,train,10336,0.5152557492256165,0.4523231089115143,0.5288062691688538,0.4418226778507232,0.5229235887527466,0.4463304579257965,0.5248855352401733,0.445010781288147,0.5125510692596436,0.4518409967422485,0.51484614610672,0.4520680010318756,0.5149289965629578,0.4522923827171325,0.5125141143798828,0.4524780511856079,0.513529360294342,0.4511501491069793,0.5238200426101685,0.4456564486026764,0.5160542726516724,0.4517522752285003,0.5139811635017395,0.4513024687767029
1208,1208,train,9676,0.6155445575714111,0.387516975402832,0.6337758898735046,0.3705404698848724,0.6284757852554321,0.374302864074707,0.6318548917770386,0.3711754381656647,0.6120300889015198,0.3875623941421509,0.6156556010246277,0.3859368562698364,0.6148333549499512,0.3895702958106994,0.6077238321304321,0.3919588625431061,0.6091709733009338,0.3893347382545471,0.6231622695922852,0.377513974905014,0.6204701662063599,0.3846617341041565,0.6128175854682922,0.3881381154060364
1209,1209,train,9361,0.5203129649162292,0.4499410390853882,0.5327406525611877,0.438886284828186,0.5281451940536499,0.4434816837310791,0.5297386050224304,0.4417450129985809,0.5175832509994507,0.4495748877525329,0.5197351574897766,0.4496577382087707,0.5197693109512329,0.4497374892234802,0.5175725221633911,0.4499002695083618,0.5185347199440002,0.4487773478031158,0.5287140607833862,0.4425180852413177,0.5206052660942078,0.4493828415870666,0.5186184644699097,0.4485526382923126
1210,1210,train,9101,0.6367383599281311,0.3486046195030212,0.6572904586791992,0.3276481032371521,0.6533235907554626,0.3289550542831421,0.6551294922828674,0.3267333209514618,0.6288877725601196,0.3514950573444366,0.6363661289215088,0.3462236821651459,0.6403953433036804,0.346257746219635,0.6307740807533264,0.352158784866333,0.6291500329971313,0.3521425127983093,0.6462383270263672,0.3348041176795959,0.6403697729110718,0.3453461229801178,0.6359879374504089,0.347084492444992
1211,1211,train,10128,0.4998382925987243,0.4539622068405151,0.512539803981781,0.4417909383773803,0.5086562633514404,0.4475724101066589,0.5088508129119873,0.4451483190059662,0.4970589280128479,0.4537208378314972,0.5000547766685486,0.4533474147319793,0.499542772769928,0.4536053836345672,0.4980843961238861,0.4541745185852051,0.4986046254634857,0.4530227482318878,0.5078562498092651,0.4463869929313659,0.5009342432022095,0.4532025456428528,0.4982189536094665,0.4524987339973449
1212,1212,train,9755,0.4753212332725525,0.4459413588047027,0.4823305904865265,0.437543123960495,0.4839823842048645,0.4409863948822021,0.4793084859848022,0.4409022629261017,0.4731298983097076,0.4459796547889709,0.4748040437698364,0.4448505043983459,0.4747783541679382,0.4463222920894623,0.4743407070636749,0.4454109966754913,0.4754273295402527,0.4450559318065643,0.4785240590572357,0.4417544603347778,0.4769214689731598,0.4466942846775055,0.4732056856155395,0.445333868265152
1213,1213,train,10219,0.5321263670921326,0.4460043311119079,0.5459363460540771,0.4344421923160553,0.539811372756958,0.4391631782054901,0.5425047874450684,0.4374288618564605,0.5296375155448914,0.4456914365291595,0.5322174429893494,0.4455096423625946,0.5314149260520935,0.4458397030830383,0.5280303359031677,0.4461739361286163,0.529505729675293,0.4447852075099945,0.5410361289978027,0.4382484853267669,0.5323556065559387,0.445732444524765,0.530950665473938,0.4445410072803497
1214,1214,test,9886,0.6121522784233093,0.3809949457645416,0.6301842331886292,0.3640456795692444,0.6250731348991394,0.3684802055358886,0.6278828382492065,0.3650795519351959,0.6077498197555542,0.3824596405029297,0.6122644543647766,0.3802838921546936,0.6129395961761475,0.3808185458183288,0.6067081689834595,0.3829421699047088,0.6066712141036987,0.3814840912818908,0.6201274394989014,0.3688202798366546,0.6172361969947815,0.3793840706348419,0.6100471019744873,0.3801044225692749
1215,1215,train,8994,0.6449889540672302,0.3396170735359192,0.663857638835907,0.3204337358474731,0.6596884727478027,0.3212281465530395,0.6616419553756714,0.3194614946842193,0.6358606219291687,0.3426471948623657,0.6441641449928284,0.3369495272636413,0.6493441462516785,0.3371123969554901,0.640434741973877,0.3429430425167084,0.6381396055221558,0.3438568413257599,0.6528094410896301,0.3286957144737243,0.6474437713623047,0.3367049694061279,0.6452227234840393,0.3383780419826507
1216,1216,train,9834,0.6163135766983032,0.378400981426239,0.6354634165763855,0.3604446053504944,0.6296578645706177,0.3651266396045685,0.6340124011039734,0.3608279824256897,0.6112303137779236,0.3795918524265289,0.6162458062171936,0.377496987581253,0.6173277497291565,0.3783912360668182,0.6105981469154358,0.3809577822685241,0.6102984547615051,0.379608005285263,0.6252285838127136,0.3659235835075378,0.6217362880706787,0.3764344453811645,0.6144046783447266,0.3777085244655609
1217,1217,train,10134,0.5048136115074158,0.4581355154514313,0.5171123743057251,0.4466883540153503,0.5131134390830994,0.4526708424091339,0.5128287672996521,0.4505080580711365,0.5018161535263062,0.4577008783817291,0.5043613910675049,0.4574731290340423,0.5042666792869568,0.4579310417175293,0.5025172233581543,0.4587359428405761,0.5034870505332947,0.4576449990272522,0.5121462941169739,0.4515748023986816,0.5056405067443848,0.457489550113678,0.5032007694244385,0.4563483297824859
1218,1218,train,10429,0.4812158644199371,0.4464344978332519,0.4866158962249756,0.4352090358734131,0.4881034791469574,0.4410968422889709,0.4840535819530487,0.4359665811061859,0.4770772755146026,0.44590824842453,0.4811206459999084,0.4452822804450989,0.4795138835906982,0.4465698897838592,0.4771127700805664,0.4444261789321899,0.4790019094944,0.4455236494541168,0.4838930964469909,0.4396127462387085,0.4825448989868164,0.4468587636947632,0.4775368869304657,0.4460088610649109
1219,1219,train,10085,0.5595287084579468,0.4245301187038421,0.5723637938499451,0.412967175245285,0.5653799176216125,0.4179745018482208,0.5700023770332336,0.4151364862918854,0.5567751526832581,0.4245009422302246,0.5586035847663879,0.4244683384895324,0.5590134859085083,0.4243785142898559,0.5557323694229126,0.424363374710083,0.5568797588348389,0.4231751263141632,0.568414032459259,0.4158496558666229,0.5593472123146057,0.4252667129039764,0.5587588548660278,0.4227858781814575
1220,1220,train,10169,0.5114424824714661,0.4428054690361023,0.5233936309814453,0.4321759045124054,0.5189928412437439,0.4376372396945953,0.5201365351676941,0.4346969127655029,0.5090383887290955,0.4421240985393524,0.5109832286834717,0.4421432018280029,0.5110366940498352,0.4426547288894653,0.5095294713973999,0.4427643418312073,0.5099309682846069,0.4418895840644836,0.5181705951690674,0.4362269639968872,0.5120941400527954,0.442762017250061,0.5094723105430603,0.4414447546005249
1221,1221,train,9117,0.5227842926979065,0.4471242129802704,0.5351496934890747,0.4360223710536957,0.5299725532531738,0.4410435557365417,0.5318683981895447,0.4387114644050598,0.5206273198127747,0.4465547502040863,0.522646963596344,0.4466109573841095,0.5223096609115601,0.4467776715755462,0.5201053023338318,0.4471957087516784,0.5212464332580566,0.4460562169551849,0.5308906435966492,0.4394238293170929,0.5233403444290161,0.4470820128917694,0.5210694670677185,0.4455742835998535
1222,1222,train,10450,0.4959541261196136,0.4563340544700622,0.5073527693748474,0.4450170695781708,0.5054410099983215,0.4508881568908691,0.503440260887146,0.4486778080463409,0.4934183955192566,0.4552739262580871,0.4954564571380615,0.4554979205131531,0.4949287176132202,0.4558813571929931,0.4940354228019714,0.456384927034378,0.4951467514038086,0.455586165189743,0.5025551915168762,0.4491040408611297,0.4978684782981872,0.4546341300010681,0.4937905669212341,0.4548151195049286
1223,1223,test,9887,0.610461413860321,0.3884080052375793,0.6267880797386169,0.3732855021953583,0.621644139289856,0.3776822686195373,0.6246477365493774,0.3743337392807007,0.6072020530700684,0.3892266750335693,0.6103994250297546,0.3877485990524292,0.6107698082923889,0.3888505399227142,0.6046232581138611,0.3907170593738556,0.6055618524551392,0.3884874582290649,0.6186339259147644,0.3774853646755218,0.6140606999397278,0.3875513672828674,0.6087608337402344,0.3875496387481689
1224,1224,train,10206,0.6180099844932556,0.3709095120429992,0.6381074786186218,0.3519818484783172,0.6335694193840027,0.355201780796051,0.6356541514396667,0.3525624275207519,0.6128707528114319,0.372378796339035,0.6181658506393433,0.3693494796752929,0.6200256943702698,0.3701919913291931,0.6123441457748413,0.3732991516590118,0.6123721599578857,0.3716479539871216,0.6274418830871582,0.3575325906276703,0.623450517654419,0.3682825565338135,0.6165100336074829,0.3696538507938385
1225,1225,train,10551,0.5665004849433899,0.4279185533523559,0.5804762244224548,0.4157058894634247,0.5733680129051208,0.4202771186828613,0.5780754089355469,0.4181593656539917,0.5646629333496094,0.4275800287723541,0.5664337277412415,0.4272783398628235,0.5645079016685486,0.4286445379257202,0.5601583123207092,0.4291764795780182,0.5622890591621399,0.4272102415561676,0.5749601125717163,0.4195525646209717,0.5667123794555664,0.4282213151454925,0.5646448135375977,0.4270530045032501
1226,1226,test,9640,0.5930437445640564,0.4109787940979004,0.6086186766624451,0.3966802358627319,0.6021261215209961,0.4015342593193054,0.6066148281097412,0.3987357020378113,0.5918855667114258,0.4103043377399444,0.5938019156455994,0.409829318523407,0.5900603532791138,0.4134081900119781,0.5848206281661987,0.4144030213356018,0.58661949634552,0.4121437072753906,0.5993629693984985,0.4027863144874573,0.5963118672370911,0.4106303453445434,0.5893673896789551,0.4119632244110107
1227,1227,train,9685,0.6078294515609741,0.389467716217041,0.623638927936554,0.3743038177490234,0.6177327632904053,0.3789985477924347,0.6218209266662598,0.3756153881549835,0.6047551035881042,0.3904249966144562,0.6077613234519958,0.3888145983219147,0.6082990765571594,0.3896337747573852,0.6024515628814697,0.3914872109889984,0.6033964157104492,0.3892717957496643,0.6159360408782959,0.3785485625267029,0.6108531355857849,0.3886346817016601,0.6064729690551758,0.3883944153785705
1228,1228,train,10297,0.625982940196991,0.3622507154941559,0.6472730040550232,0.3418173491954803,0.6428310871124268,0.3445888757705688,0.6452818512916565,0.3417114615440368,0.6198484301567078,0.3648139536380768,0.6262972950935364,0.360537052154541,0.6295266151428223,0.3602504432201385,0.6202528476715088,0.3649017810821533,0.6189298629760742,0.3643353879451751,0.6355302929878235,0.3479057252407074,0.6318522691726685,0.3590196073055267,0.6243839263916016,0.3609707653522491
1229,1229,train,9591,0.6031454205513,0.4012203216552734,0.6180945038795471,0.3873221576213836,0.6114382147789001,0.3921424746513366,0.6165258288383484,0.3885986804962158,0.6012246608734131,0.4010912775993347,0.603325366973877,0.4004378020763397,0.6016827821731567,0.4029684066772461,0.5960222482681274,0.4041248559951782,0.597966730594635,0.4015585482120514,0.610511302947998,0.392095685005188,0.6060082316398621,0.4005580544471741,0.6006414294242859,0.4014857113361358
1230,1230,test,8897,0.552581787109375,0.4346100687980652,0.5660344362258911,0.4234608709812164,0.5592278838157654,0.4282772243022918,0.5634179711341858,0.4260813593864441,0.5503146648406982,0.434208333492279,0.5522958040237427,0.4343273639678955,0.55201655626297,0.4347134530544281,0.5488594770431519,0.4346574544906616,0.5501474738121033,0.4332165718078613,0.5608850717544556,0.4269929528236389,0.5530387759208679,0.434973806142807,0.5511237382888794,0.433489054441452
1231,1231,train,9831,0.5237243175506592,0.4408274590969085,0.5370160341262817,0.4301650822162628,0.5318395495414734,0.4347435534000397,0.533646821975708,0.4328269958496094,0.5213220715522766,0.4404504895210266,0.5235353112220764,0.4406076669692993,0.5232177376747131,0.4407384395599365,0.5206537246704102,0.4408406317234039,0.5218245387077332,0.4399287104606628,0.532487154006958,0.4334149658679962,0.524726390838623,0.4403856992721557,0.5222128033638,0.4397513568401336
1232,1232,train,10177,0.6326514482498169,0.3490196764469147,0.6541404128074646,0.3273978531360626,0.650503396987915,0.3284801840782165,0.6524840593338013,0.3264321386814117,0.6251234412193298,0.352249264717102,0.6328180432319641,0.3463127613067627,0.6368266344070435,0.3460458517074585,0.6269511580467224,0.3520033955574035,0.6249080300331116,0.3522326350212097,0.6425153017044067,0.333865612745285,0.6369905471801758,0.3457672894001007,0.631525993347168,0.3473798036575317
1233,1233,train,9494,0.5581379532814026,0.4332464039325714,0.5722125768661499,0.4203570783138275,0.5650005340576172,0.4252990186214447,0.5691200494766235,0.4233506321907043,0.5556317567825317,0.4329807460308075,0.5576573610305786,0.4325830340385437,0.5554686188697815,0.434057354927063,0.5516582727432251,0.434515118598938,0.5536914467811584,0.4325487315654754,0.5660733580589294,0.4248297810554504,0.5582275390625,0.4330188930034637,0.5557326078414917,0.4323945939540863
1234,1234,train,10632,0.622208833694458,0.360137015581131,0.6442878842353821,0.3386659026145935,0.6403424739837646,0.3408844172954559,0.6422477960586548,0.3382184505462646,0.6157647967338562,0.3627707362174988,0.6229316592216492,0.3578484654426574,0.6261308193206787,0.3576941788196563,0.6163789629936218,0.3626590967178345,0.6150181889533997,0.3621123731136322,0.6322293281555176,0.3448043465614319,0.6278718709945679,0.3571313321590423,0.6209546327590942,0.3582463562488556
1235,1235,train,10317,0.5857479572296143,0.4150670766830444,0.6011965274810791,0.4010027945041656,0.593494176864624,0.4067349135875702,0.598125696182251,0.4034404158592224,0.5833409428596497,0.4151432514190674,0.5855646729469299,0.4144800901412964,0.584930956363678,0.4152713716030121,0.5798688530921936,0.4164424538612366,0.5816994309425354,0.4143249988555908,0.5945071578025818,0.4049437046051025,0.587260365486145,0.4151124954223633,0.5843594670295715,0.4138177037239074
1236,1236,train,9692,0.6361752152442932,0.3494154512882232,0.6571078896522522,0.3288586139678955,0.6531417965888977,0.3297688066959381,0.6548572182655334,0.3278980553150177,0.6285265684127808,0.3522545993328094,0.6357390880584717,0.3470890522003174,0.6413395404815674,0.3466997742652893,0.6311407685279846,0.3524587154388428,0.62983238697052,0.3520489037036896,0.6462942361831665,0.3354390263557434,0.6399421095848083,0.3461803793907165,0.6363153457641602,0.3478052318096161
1237,1237,train,9039,0.5041678547859192,0.4540414214134216,0.5149773359298706,0.4422321617603302,0.51225745677948,0.448413223028183,0.5123589634895325,0.4454925060272217,0.5011648535728455,0.4535951316356659,0.5032857060432434,0.4532334208488464,0.5031436681747437,0.4535918533802032,0.5023411512374878,0.4545487463474273,0.5034891366958618,0.4533706307411194,0.510188639163971,0.4465801417827606,0.504457950592041,0.4540984630584717,0.5022405982017517,0.4522280097007751
1238,1238,train,9621,0.549587070941925,0.4351337552070617,0.5634389519691467,0.4229076206684112,0.5562312602996826,0.4278608858585357,0.559662938117981,0.4258575141429901,0.5473227500915527,0.4350199103355407,0.5491684079170227,0.4346290230751037,0.5488304495811462,0.4349104166030884,0.5451679229736328,0.4353077709674835,0.5467343926429749,0.4337953627109527,0.5585318803787231,0.4268603324890136,0.5498388409614563,0.4350940585136413,0.5485280752182007,0.4340185523033142
1239,1239,test,9822,0.4878500998020172,0.4617590308189392,0.5005102157592773,0.4491598308086395,0.4974851906299591,0.4552766978740692,0.4961353540420532,0.4531556069850921,0.4853827059268951,0.4609515964984894,0.4877160191535949,0.4605858623981476,0.4871202409267425,0.4613813161849975,0.4855023026466369,0.4623682200908661,0.4865809679031372,0.4608349502086639,0.4951099455356598,0.4537656307220459,0.4894641041755676,0.460702121257782,0.4860771000385284,0.4601995646953583
1240,1240,test,9243,0.4896178543567657,0.4540765285491943,0.5013102293014526,0.4424147307872772,0.4991285502910614,0.4481427669525146,0.4973187744617462,0.4452733397483825,0.485824704170227,0.4536225497722626,0.4887502491474151,0.453496903181076,0.4876242578029632,0.4542106688022613,0.4867229163646698,0.4544165134429931,0.4874201416969299,0.4535693526268005,0.4956972897052765,0.446785420179367,0.4896751940250397,0.453701376914978,0.4870200157165527,0.452262669801712
1241,1241,train,10194,0.5062714219093323,0.4508626163005829,0.5196620225906372,0.4397032856941223,0.5162724852561951,0.4452900886535644,0.5163417458534241,0.4427573382854461,0.5037357807159424,0.4499760866165161,0.5067657232284546,0.4495749771595001,0.5057994723320007,0.4503922462463379,0.5044703483581543,0.4511637091636657,0.5047297477722168,0.450213760137558,0.5144280791282654,0.4435504972934723,0.5075726509094238,0.4502342641353607,0.5042228698730469,0.4492957293987274
1242,1242,train,10432,0.6255560517311096,0.3714756965637207,0.6460236310958862,0.3516610860824585,0.6415045261383057,0.3543367981910705,0.6436513066291809,0.3522673547267914,0.6200137138366699,0.3728746175765991,0.625683069229126,0.3698298037052154,0.6278730630874634,0.371462732553482,0.6194268465042114,0.3752378821372986,0.6190207004547119,0.3738408982753753,0.6348179578781128,0.3589919507503509,0.6310399770736694,0.3683759868144989,0.6242521405220032,0.3711719512939453
1243,1243,train,9856,0.5021116733551025,0.4487172365188598,0.5141633749008179,0.4376198649406433,0.511436939239502,0.443537563085556,0.5108871459960938,0.4405948519706726,0.4986528754234314,0.4483419060707092,0.5013974905014038,0.4481230974197387,0.5007423162460327,0.4486508369445801,0.4998349547386169,0.4488437473773956,0.501237154006958,0.447657436132431,0.508685827255249,0.4417963922023773,0.5026617050170898,0.4488515555858612,0.4998010694980621,0.4468439519405365
1244,1244,train,10498,0.5379300117492676,0.4395199716091156,0.5508251190185547,0.4281322658061981,0.5439147353172302,0.432807445526123,0.5476273894309998,0.4312424659729004,0.5351662635803223,0.4395793080329895,0.5372821092605591,0.4394050538539886,0.5373461842536926,0.4394773244857788,0.533774197101593,0.43991819024086,0.5353922843933105,0.4383294582366943,0.5469603538513184,0.4313350319862366,0.5376482605934143,0.4396226108074188,0.537023663520813,0.4380221664905548
1245,1245,train,9360,0.6165357232093811,0.3803844749927521,0.6360126733779907,0.3618741631507873,0.6308263540267944,0.3659058511257171,0.633895993232727,0.362646609544754,0.6119904518127441,0.3815200626850128,0.6165145039558411,0.3792545199394226,0.6171409487724304,0.3810543119907379,0.6098440289497375,0.3836965262889862,0.6103664636611938,0.3816821277141571,0.6252279281616211,0.3683415055274963,0.6217519640922546,0.3780390322208404,0.6145535707473755,0.3798965513706207
1246,1246,train,9358,0.6155669689178467,0.3854868113994598,0.6339007616043091,0.3687193989753723,0.6287197470664978,0.3727082312107086,0.6311420798301697,0.3700527846813202,0.6115818023681641,0.3869031071662903,0.615770161151886,0.3847812712192535,0.6165868043899536,0.3855627179145813,0.6095082759857178,0.3879056274890899,0.6100609302520752,0.3862510621547699,0.6235204935073853,0.3740976452827453,0.6206681132316589,0.3837498724460602,0.613764762878418,0.3847860991954803
1247,1247,train,10558,0.4826430380344391,0.4622015058994293,0.4935545921325683,0.4487462639808655,0.493082195520401,0.4555870294570923,0.4899182021617889,0.4531010687351227,0.4793635010719299,0.4610929489135742,0.4823877811431885,0.4603804647922516,0.4818427860736847,0.461565613746643,0.48100346326828,0.4625206887722015,0.4820718765258789,0.4618162810802459,0.4884021580219269,0.4543609321117401,0.4847624599933624,0.4614000022411346,0.4803566336631775,0.4602079689502716
1248,1248,test,9656,0.5917498469352722,0.4052893817424774,0.606985330581665,0.3908807337284088,0.5997701287269592,0.397165298461914,0.6053652763366699,0.3925545513629913,0.5889587998390198,0.4057702720165252,0.5916938781738281,0.4046894907951355,0.5915590524673462,0.4050330817699432,0.5870217680931091,0.4060851335525512,0.5880540013313293,0.4042103588581085,0.6005877256393433,0.3939159214496612,0.5934601426124573,0.4057522416114807,0.590647280216217,0.4032216966152191
1249,1249,train,10147,0.4906224608421325,0.4516069889068603,0.5017132759094238,0.4394871294498443,0.5012049078941345,0.4469299018383026,0.497892826795578,0.442190021276474,0.4877007007598877,0.451424777507782,0.4909503757953644,0.4506492614746094,0.4897069633007049,0.4513053297996521,0.4895123243331909,0.4518429040908813,0.4900681376457214,0.4518390893936157,0.4956645965576172,0.4438323080539703,0.4927105605602264,0.4518422186374664,0.4877052307128906,0.4503294825553894
1250,1250,train,10286,0.4944208860397339,0.4597280919551849,0.5064744353294373,0.447494775056839,0.5047135949134827,0.4532893002033233,0.503045380115509,0.4512490630149841,0.4914673268795013,0.4592298865318298,0.4943493902683258,0.4583517909049988,0.4940814673900604,0.4594675898551941,0.492816150188446,0.460059642791748,0.4934409260749817,0.459227055311203,0.501453161239624,0.4523608088493347,0.4962855875492096,0.4581945836544037,0.4924024641513824,0.4580208659172058
1251,1251,train,9602,0.6187017560005188,0.3761047720909118,0.6385213732719421,0.3570259809494018,0.6337377429008484,0.3607539236545563,0.636478066444397,0.3574746251106262,0.6134067177772522,0.3777100443840027,0.6189149618148804,0.3747795820236206,0.6206960082054138,0.3754687011241913,0.6128119826316833,0.3788083493709564,0.6126137375831604,0.3774532377719879,0.6275194883346558,0.3631072342395782,0.6245219707489014,0.3733622431755066,0.617190420627594,0.3750326037406921
1252,1252,train,9944,0.6261992454528809,0.3668433725833893,0.6453506350517273,0.3491999804973602,0.6413392424583435,0.3519508242607116,0.6438257098197937,0.3487777411937713,0.619562566280365,0.3694868683815002,0.6255701184272766,0.3662064671516418,0.6284095644950867,0.3669116795063019,0.6199710369110107,0.3706068098545074,0.6197500228881836,0.3691431283950805,0.6349538564682007,0.354718416929245,0.6307796239852905,0.3653753101825714,0.6242297887802124,0.3670929074287414
1253,1253,test,9305,0.5288452506065369,0.4443582892417907,0.5411945581436157,0.4340630173683166,0.5357254147529602,0.4388113021850586,0.5383106470108032,0.4364851415157318,0.5262349843978882,0.4439778327941894,0.5281194448471069,0.4442132413387298,0.528439998626709,0.4443271160125732,0.5262935161590576,0.4442552030086517,0.5271308422088623,0.4431013166904449,0.5375611186027527,0.4370148181915283,0.5289537906646729,0.4449955821037292,0.5274232625961304,0.4431685507297516
1254,1254,train,10062,0.651369035243988,0.3284381031990051,0.6669800281524658,0.3127229809761047,0.6643319129943848,0.3125085532665252,0.6655192375183105,0.3104691505432129,0.6432623267173767,0.3295996487140655,0.6500747203826904,0.3254224956035614,0.6550904512405396,0.3275125622749328,0.6483435034751892,0.3320294916629791,0.6459160447120667,0.3325038552284241,0.6580584645271301,0.3202963173389435,0.6530236005783081,0.3260366320610046,0.6518902778625488,0.3285597264766693
1255,1255,train,9121,0.5326184630393982,0.4412032067775726,0.545882523059845,0.4305872917175293,0.5397627949714661,0.4352894723415375,0.5422878861427307,0.4333841502666473,0.5302251577377319,0.441070407629013,0.5322260856628418,0.4412117898464203,0.5319975018501282,0.4411346614360809,0.5295515060424805,0.44083371758461,0.5310223698616028,0.439787745475769,0.5417160987854004,0.4335336983203888,0.5326413512229919,0.4413430988788605,0.5310057401657104,0.439965009689331
1256,1256,train,9527,0.4961519539356231,0.4558750689029693,0.5082231163978577,0.4441886842250824,0.5062777400016785,0.450523167848587,0.5046022534370422,0.4477555155754089,0.4934543073177337,0.4549938142299652,0.49598029255867,0.4550342857837677,0.4950560629367828,0.4557482600212097,0.4939496219158172,0.4562905132770538,0.4951803088188171,0.4554038941860199,0.5018947720527649,0.4489166438579559,0.4981957376003265,0.4549083411693573,0.4938847124576568,0.454395979642868
1257,1257,test,10639,0.5748401880264282,0.4229674935340881,0.5885003209114075,0.4103778004646301,0.5811817049980164,0.4154618382453918,0.586244523525238,0.4127139747142792,0.5726354718208313,0.4228614866733551,0.5744174122810364,0.4226081967353821,0.5734947323799133,0.4235275089740753,0.5694450736045837,0.4237889051437378,0.571044385433197,0.4220063388347626,0.5828201174736023,0.4138925075531006,0.5756425261497498,0.4236127138137817,0.5733501315116882,0.4218480885028839
1258,1258,test,9989,0.6328285336494446,0.3559197783470154,0.6548945903778076,0.3344724476337433,0.6501905918121338,0.3364620804786682,0.6528530120849609,0.3337366282939911,0.6257483959197998,0.3585371971130371,0.6331662535667419,0.3533026576042175,0.6376784443855286,0.3533895909786224,0.6274162530899048,0.3591368496417999,0.6260568499565125,0.3587844967842102,0.6434188485145569,0.3410158157348633,0.6376034617424011,0.3529922664165497,0.6325668096542358,0.3543272912502289
1259,1259,train,9475,0.604423463344574,0.3972483277320862,0.6213252544403076,0.3819133341312408,0.6156858801841736,0.385977566242218,0.6200749278068542,0.383076399564743,0.6020557880401611,0.3969646990299225,0.60458904504776,0.3962235152721405,0.6024365425109863,0.3992987871170044,0.5963189601898193,0.4010460972785949,0.5974318385124207,0.3987191617488861,0.6109243035316467,0.3887218534946441,0.6090762615203857,0.3956493437290191,0.6006892919540405,0.3982326984405517
1260,1260,train,9730,0.5062655210494995,0.4565011262893677,0.5204368829727173,0.4454828202724457,0.5160602331161499,0.4501189291477203,0.515751838684082,0.4490769207477569,0.5036656856536865,0.4556812047958374,0.5061200857162476,0.4554696083068847,0.5061388611793518,0.4559782445430755,0.5045140385627747,0.456625759601593,0.5054255723953247,0.4552438855171203,0.5146391987800598,0.4497375786304474,0.5075017213821411,0.4550956189632416,0.5047363638877869,0.4551066756248474
1261,1261,train,10485,0.5844855308532715,0.4135614335536957,0.5996882915496826,0.3999576270580292,0.5924914479255676,0.4053078591823578,0.5969082117080688,0.4022428393363952,0.5822755694389343,0.4134948849678039,0.5840895175933838,0.4130833745002746,0.5827435255050659,0.4146270155906677,0.5777511596679688,0.4154340028762817,0.5797230005264282,0.4132814407348633,0.5925294160842896,0.4042437970638275,0.5858838558197021,0.4139153063297272,0.5822126865386963,0.4131065905094147
1262,1262,test,9414,0.6066378355026245,0.39586141705513,0.6225978136062622,0.3814147114753723,0.6161966323852539,0.3858792781829834,0.6215757727622986,0.3824113309383392,0.6048238277435303,0.3954453766345978,0.6068789958953857,0.3946536481380462,0.6049517393112183,0.3972890079021454,0.599292516708374,0.3988873660564422,0.6004639863967896,0.3964655697345733,0.6141167879104614,0.3865013718605041,0.6097931861877441,0.3952730894088745,0.6036060452461243,0.3960380852222442
1263,1263,train,9412,0.6346319317817688,0.3524318933486938,0.6550339460372925,0.3321366310119629,0.6508790850639343,0.3333500325679779,0.6525887846946716,0.3309612870216369,0.626646101474762,0.355150431394577,0.633944571018219,0.349991887807846,0.6393745541572571,0.3505299389362335,0.629295289516449,0.3562341034412384,0.6283819675445557,0.355402261018753,0.6441741585731506,0.3395048975944519,0.6381173729896545,0.3494998812675476,0.6347872614860535,0.3513228595256805
1264,1264,train,9702,0.5938444137573242,0.4092359244823456,0.6088176369667053,0.3954285085201263,0.6016281247138977,0.4009899199008941,0.6061245799064636,0.3975618779659271,0.591027557849884,0.4095938801765442,0.5930777788162231,0.4090314209461212,0.5922675728797913,0.4103392660617828,0.5874974131584167,0.4111053645610809,0.5892733335494995,0.408914715051651,0.6024344563484192,0.3991462588310241,0.5951212644577026,0.4096213281154632,0.5915195345878601,0.4086533784866333
1265,1265,train,9773,0.6101670265197754,0.3917310833930969,0.6272938847541809,0.3755806386470794,0.6213710308074951,0.3800158500671386,0.6247567534446716,0.3770085275173187,0.6069342494010925,0.3923197984695434,0.6102326512336731,0.3909074962139129,0.6101683378219604,0.3926429748535156,0.6035455465316772,0.395001083612442,0.6046478748321533,0.3926929533481598,0.6177369356155396,0.3813697099685669,0.6140168309211731,0.3903703391551971,0.6082777976989746,0.391338050365448
1266,1266,train,10475,0.4834435582160949,0.4606549739837646,0.4944117963314056,0.447676420211792,0.4929006397724151,0.4545268714427948,0.4901309013366699,0.451946347951889,0.4803126156330108,0.4597716927528381,0.4831172227859497,0.4591385424137115,0.48248091340065,0.4599719643592834,0.4816640019416809,0.4607622623443603,0.4826294183731079,0.4601644873619079,0.488870769739151,0.4530345201492309,0.4851981401443481,0.4593009352684021,0.4812051057815552,0.4587672054767608
1267,1267,train,8888,0.4759551286697387,0.4545546472072601,0.4860053062438965,0.4408989250659942,0.4864539206027984,0.448732316493988,0.4826129376888275,0.4447535574436188,0.4712381362915039,0.4545865356922149,0.4762765765190124,0.4537291526794433,0.4743334054946899,0.4542418122291565,0.4747234284877777,0.454202800989151,0.4760434925556183,0.4544521272182464,0.4810026884078979,0.4468850493431091,0.4767521321773529,0.4549222588539123,0.4722680449485779,0.452850192785263
1268,1268,train,8952,0.5895825028419495,0.4129357933998108,0.6044018864631653,0.3993354141712188,0.5969855189323425,0.4048067927360534,0.6017910242080688,0.4015597403049469,0.5872817039489746,0.4128840267658233,0.5891794562339783,0.412598967552185,0.5881788730621338,0.4138979017734527,0.5836384892463684,0.4144676029682159,0.5849853157997131,0.4125357866287231,0.598388135433197,0.4028811454772949,0.5906134247779846,0.4140175282955169,0.588202178478241,0.4119023978710174
1269,1269,train,10342,0.6286823749542236,0.352681964635849,0.6509099006652832,0.3313783407211303,0.6464290022850037,0.3336596190929413,0.6492462158203125,0.330347865819931,0.6219921708106995,0.3551157414913177,0.6289176940917969,0.3503778576850891,0.6330604553222656,0.3500938713550567,0.6235643625259399,0.3553529977798462,0.621469259262085,0.3552707731723785,0.6392898559570312,0.3372584879398346,0.6332744359970093,0.3501993119716644,0.6278806328773499,0.35098397731781
1270,1270,train,9715,0.5000189542770386,0.4547679126262665,0.5129384398460388,0.4436507523059845,0.5090649724006653,0.4486203789710998,0.5094367861747742,0.4467664361000061,0.4970799684524536,0.4540548920631408,0.4993977546691894,0.4541968107223511,0.4993453323841095,0.4544171094894409,0.4976579546928406,0.4548377990722656,0.4983319342136383,0.453592449426651,0.5083610415458679,0.44762122631073,0.5011860132217407,0.4533598124980926,0.4978881776332855,0.4532526433467865
1271,1271,test,10595,0.4735499024391174,0.4546548724174499,0.4828082025051117,0.4415143728256225,0.4833146333694458,0.4488361775875091,0.4792130887508392,0.4456822574138641,0.4695067703723907,0.4538975656032562,0.4731050133705139,0.4535561501979828,0.4725379347801208,0.4544142186641693,0.4719453752040863,0.4543709456920624,0.4728970825672149,0.4545376002788543,0.4776162803173065,0.4464987218379974,0.475515067577362,0.4538238048553467,0.4705817401409149,0.4528235197067261
1272,1272,train,9496,0.5454487800598145,0.4246810674667358,0.55843585729599,0.4133108258247375,0.5525630712509155,0.4177177548408508,0.5558121800422668,0.4156888127326965,0.5458405017852783,0.4223308861255646,0.5463500022888184,0.4228461980819702,0.541279137134552,0.4261177182197571,0.5380050539970398,0.4269499182701111,0.5398266911506653,0.4253133237361908,0.5501907467842102,0.4175397455692291,0.5482008457183838,0.42440265417099,0.5390847325325012,0.4253863990306854
1273,1273,train,9724,0.4889851212501526,0.4606384634971618,0.5003859996795654,0.4463869929313659,0.4984435737133026,0.4538288116455078,0.4958910942077636,0.4518327713012695,0.4855110347270965,0.4597016870975494,0.4889725148677826,0.4589569568634033,0.4875875413417816,0.4602115750312805,0.4866393804550171,0.4605849981307983,0.4873026013374328,0.4602202177047729,0.4942549765110016,0.4532425105571747,0.4903755784034729,0.4591661691665649,0.4861366152763366,0.4591601490974426
1274,1274,train,9086,0.6517323851585388,0.3288903534412384,0.668634831905365,0.312280923128128,0.6651304364204407,0.3128632009029388,0.6674506664276123,0.3097930252552032,0.6434003710746765,0.3301495313644409,0.6511986255645752,0.3254615366458893,0.6551954746246338,0.3276426196098327,0.6474777460098267,0.33298259973526,0.6447764039039612,0.3338422179222107,0.6580780744552612,0.3204537332057953,0.6537684798240662,0.3264641165733337,0.6517869830131531,0.3287911117076874
1275,1275,train,9604,0.5444506406784058,0.4378023743629455,0.5582211017608643,0.4264479279518127,0.5517133474349976,0.4307461380958557,0.5547648072242737,0.4292181730270386,0.5422263145446777,0.4377752840518951,0.5442566871643066,0.437365710735321,0.5437783598899841,0.4377899467945099,0.5400323867797852,0.4381123781204223,0.5416295528411865,0.4366510510444641,0.5536313652992249,0.4300219714641571,0.5445563793182373,0.4378293454647064,0.543630063533783,0.4363752901554107
1276,1276,train,10109,0.4843483865261078,0.4519000649452209,0.4946200847625732,0.4414023160934448,0.4941923022270202,0.4463825225830078,0.4913564324378967,0.4441542327404022,0.4808211028575897,0.4514791965484619,0.4833797514438629,0.4513110220432281,0.4827792346477508,0.4518874883651733,0.4819474816322326,0.4523301422595978,0.4821101725101471,0.4519341289997101,0.4897300601005554,0.4455027282238006,0.4845662713050842,0.4515333473682403,0.4819346070289612,0.4501113295555115
1277,1277,train,9533,0.6286141276359558,0.3618163466453552,0.6491940021514893,0.341937243938446,0.6450381278991699,0.3439342379570007,0.6467645168304443,0.341284841299057,0.6218200325965881,0.3638459146022796,0.6276570558547974,0.3597464859485626,0.6322922706604004,0.360916405916214,0.623112142086029,0.3655305206775665,0.6230185031890869,0.3640247285366058,0.6390527486801147,0.3486510217189789,0.6326454281806946,0.3591329157352447,0.628418505191803,0.3608199656009674
1278,1278,test,10453,0.501395583152771,0.4562156200408935,0.5140262842178345,0.4451063573360443,0.5104026794433594,0.4500292241573334,0.509770929813385,0.4483429491519928,0.4992466568946838,0.4553798139095306,0.5011501908302307,0.4552537798881531,0.5011861324310303,0.4558092653751373,0.4989018142223358,0.4565115571022033,0.4998983442783355,0.4552306532859802,0.5094228386878967,0.4489121735095978,0.502755343914032,0.4552675187587738,0.4997837245464325,0.454736590385437
1279,1279,train,8968,0.6210716962814331,0.374763548374176,0.6408995985984802,0.3558225035667419,0.6362059116363525,0.3593083918094635,0.6383068561553955,0.3563908636569977,0.6158737540245056,0.376430481672287,0.6212145090103149,0.3732497990131378,0.6231721043586731,0.3743564486503601,0.6147955656051636,0.3779136538505554,0.6147012710571289,0.3765272498130798,0.6292546987533569,0.3624141216278076,0.6266749501228333,0.3721123039722442,0.6193080544471741,0.3742171227931976
1280,1280,train,10566,0.640174388885498,0.351282000541687,0.660369336605072,0.3310295343399048,0.6556729078292847,0.3321850895881653,0.6581135988235474,0.3298223912715912,0.6320405006408691,0.3543261587619781,0.63954097032547,0.3489067256450653,0.6448147892951965,0.3492977023124695,0.6344649195671082,0.3554814159870147,0.6332607269287109,0.3550755679607391,0.6494171619415283,0.338864266872406,0.6437158584594727,0.3479792177677154,0.6403846740722656,0.3501618206501007
1281,1281,train,10155,0.496347963809967,0.4639543294906616,0.5093303918838501,0.4512341022491455,0.5060222148895264,0.4571497440338135,0.5050910711288452,0.4556128084659576,0.4943845272064209,0.463269293308258,0.4965666830539703,0.4626976251602173,0.4964182078838348,0.4634096324443817,0.4947134256362915,0.4642396867275238,0.4955242276191711,0.4630725681781769,0.5044789910316467,0.4558788239955902,0.4981898963451385,0.46234130859375,0.4954715669155121,0.4619103670120239
1282,1282,test,9109,0.6156127452850342,0.373445451259613,0.6356197595596313,0.3544929325580597,0.6309780478477478,0.3589743673801422,0.6336014270782471,0.3546712398529053,0.6109964847564697,0.3745503425598144,0.6158062815666199,0.371926337480545,0.6175727248191833,0.3723616003990173,0.610535740852356,0.3751266002655029,0.6099900603294373,0.3738370835781097,0.625220000743866,0.3593336343765259,0.6215286254882812,0.3708203732967376,0.6141355037689209,0.3716454207897186
1283,1283,test,9726,0.4973641335964203,0.4527406990528106,0.5097871422767639,0.4413391351699829,0.5063087940216064,0.4476176500320434,0.5061116814613342,0.4446817338466644,0.4943693876266479,0.4524665176868438,0.4974558651447296,0.4521743357181549,0.4967049658298492,0.4527935981750488,0.4959673881530761,0.45278400182724,0.4961786270141601,0.4523470997810364,0.5052823424339294,0.4455524384975433,0.4983658790588379,0.4527647495269775,0.4954712688922882,0.4514304101467132
1284,1284,train,9163,0.4752326011657715,0.4565126597881317,0.485994428396225,0.4439184367656708,0.4848546385765075,0.4513383507728576,0.4818643033504486,0.4479523301124573,0.4723141491413116,0.4558298885822296,0.4756897389888763,0.4551707804203033,0.4741714000701904,0.4564471244812011,0.4738297462463379,0.4566712081432342,0.4752567708492279,0.4562729299068451,0.4801638126373291,0.4486390352249145,0.4765244126319885,0.4563416838645935,0.4724687039852142,0.455047994852066
1285,1285,train,9839,0.6054892539978027,0.3963972330093384,0.6221998333930969,0.3809431195259094,0.616269052028656,0.3854561448097229,0.6200795769691467,0.3821698725223541,0.603047788143158,0.3963993489742279,0.6058569550514221,0.3955015242099762,0.6043063402175903,0.3982274532318115,0.5980196595191956,0.4001620411872864,0.5994657278060913,0.3977653086185455,0.6125146746635437,0.3871564567089081,0.6096811890602112,0.3950828313827514,0.6025651097297668,0.3971622288227081
1286,1286,train,9254,0.5041268467903137,0.4536076486110687,0.5161005258560181,0.4421873390674591,0.5122803449630737,0.4483846724033355,0.5122716426849365,0.4450161159038543,0.5007575154304504,0.4529013037681579,0.5036587715148926,0.4527837038040161,0.5031560063362122,0.4534614980220794,0.5014984011650085,0.4539283215999603,0.5025174617767334,0.4532084763050079,0.511465847492218,0.4463055729866028,0.5055190920829773,0.4531285762786865,0.5020613074302673,0.452109158039093
1287,1287,train,9540,0.6268925070762634,0.3661989867687225,0.6474335193634033,0.3460370004177093,0.6422868371009827,0.3496022522449493,0.6456479430198669,0.3457862436771393,0.6204861402511597,0.3678571879863739,0.6266791820526123,0.3644360601902008,0.6297844648361206,0.3652650415897369,0.6210655570030212,0.3691402375698089,0.6205355525016785,0.3680873513221741,0.6367492079734802,0.3523478209972381,0.6314796805381775,0.3637573719024658,0.6257633566856384,0.365195631980896
1288,1288,test,9762,0.4858660697937011,0.4613552391529083,0.495874285697937,0.4491903483867645,0.4949951767921448,0.4558488130569458,0.4922832548618316,0.4528387188911438,0.4821653068065643,0.4604745209217071,0.4855357408523559,0.4601699709892273,0.4842666387557983,0.4608826339244842,0.4839111864566803,0.4621453881263733,0.4841035306453705,0.4612568020820617,0.4908441007137298,0.4542540609836578,0.4873009920120239,0.4605553150177002,0.4834008812904358,0.4598172605037689
1289,1289,train,8885,0.4896959960460663,0.4596259891986847,0.501227617263794,0.4471684992313385,0.4990101456642151,0.4536257982254028,0.4974974989891052,0.4507973194122314,0.4864234626293182,0.4585286676883697,0.4889285564422607,0.4584318697452545,0.488378494977951,0.4592161476612091,0.4874007701873779,0.4601050317287445,0.4880521297454834,0.459406316280365,0.4955205619335174,0.4523069262504577,0.4918109476566314,0.4577552378177643,0.4872036278247833,0.4577041268348694
1290,1290,train,10232,0.6330896615982056,0.3463377952575683,0.6534560918807983,0.3258865177631378,0.6498154401779175,0.3266549110412597,0.6519699692726135,0.3247455358505249,0.6257258057594299,0.349445641040802,0.6333260536193848,0.3437278270721435,0.6372713446617126,0.3432049751281738,0.6279817819595337,0.3489774465560913,0.6254853010177612,0.3496949374675751,0.6419869661331177,0.332712858915329,0.6372281908988953,0.3430767357349396,0.6323296427726746,0.3445459604263305
1291,1291,train,10547,0.4749391973018646,0.4512823522090912,0.4848091304302215,0.439298152923584,0.4854283034801483,0.4461700916290283,0.4817376732826233,0.4426406025886535,0.4708340764045715,0.4508399665355682,0.4744795262813568,0.4507841169834137,0.4734175205230713,0.4514875411987304,0.47365403175354,0.4513930082321167,0.4736969172954559,0.4518375396728515,0.4805198609828949,0.4438565373420715,0.4759266972541809,0.4511749446392059,0.4718044102191925,0.4503588378429413
1292,1292,train,8953,0.59750896692276,0.4014697670936584,0.6133604049682617,0.3867818713188171,0.606643557548523,0.3916988372802734,0.6107856035232544,0.388452410697937,0.5961370468139648,0.4010474681854248,0.5985370874404907,0.4000172317028045,0.5969145894050598,0.4028234481811523,0.5899362564086914,0.4053517580032348,0.5922601222991943,0.4023265242576599,0.6048857569694519,0.3923710882663727,0.6012426018714905,0.3996866345405578,0.5962855219841003,0.4008287787437439
1293,1293,train,9536,0.5036056041717529,0.4531445801258087,0.5164347887039185,0.441765546798706,0.5126559734344482,0.4470588266849518,0.5131136775016785,0.4447896778583526,0.5004595518112183,0.4527887105941772,0.5031585097312927,0.4527125954627991,0.5027633905410767,0.4527539908885956,0.5011245608329773,0.4532571136951446,0.5021890997886658,0.4521008729934692,0.5119765996932983,0.4453881680965423,0.5040226578712463,0.452306866645813,0.501957893371582,0.451244980096817
1294,1294,train,10548,0.4823976755142212,0.4641954600811004,0.493041843175888,0.4507708847522735,0.4915491640567779,0.4575998485088348,0.4895348250865936,0.4553283154964447,0.4786363840103149,0.4634398519992828,0.4813006222248077,0.4626208841800689,0.4812299907207489,0.4639169871807098,0.4805230498313904,0.4649615883827209,0.4812048971652984,0.4636733829975128,0.487586110830307,0.4567077159881592,0.4829888343811035,0.4632959067821502,0.4799643754959106,0.4623146057128906
1295,1295,train,10282,0.6262257695198059,0.3627893030643463,0.6471258997917175,0.3422955870628357,0.6426019668579102,0.3449834883213043,0.6447674632072449,0.3422064483165741,0.6198294162750244,0.3648470342159271,0.6260703206062317,0.3603621423244476,0.629352331161499,0.3613694310188293,0.6204444169998169,0.3662150800228119,0.6200752258300781,0.3646996319293976,0.6360993981361389,0.3491323888301849,0.6316642165184021,0.3591077923774719,0.6255289912223816,0.3614338040351867
1296,1296,train,9160,0.5914412140846252,0.4087646603584289,0.6067926287651062,0.3953380584716797,0.599026620388031,0.4012010395526886,0.6040562391281128,0.3974295258522033,0.5891726016998291,0.4084078669548034,0.5909832715988159,0.4082334637641907,0.5897004008293152,0.4098531901836395,0.5850297212600708,0.4106678962707519,0.5865159630775452,0.4084937572479248,0.5997044444084167,0.3991015255451202,0.5931372046470642,0.4092016816139221,0.5890179872512817,0.4084227979183197
1297,1297,train,9947,0.5827986598014832,0.4178470969200134,0.5980486869812012,0.404091477394104,0.5902526378631592,0.4095104336738586,0.5951834321022034,0.4068321585655212,0.5807799696922302,0.4175685048103332,0.5827451348304749,0.4173025786876678,0.5808214545249939,0.4190748035907745,0.5759493708610535,0.4199134707450866,0.5776574611663818,0.4178527891635895,0.591446578502655,0.4085604548454284,0.5843261480331421,0.4181348383426666,0.5804771780967712,0.4175198376178741
1298,1298,test,9878,0.5230857729911804,0.4484434723854065,0.5361784100532532,0.4375579059123993,0.5307520031929016,0.4419005215167999,0.5324962735176086,0.4404682219028473,0.5207602977752686,0.4480741620063782,0.5231183767318726,0.4479125738143921,0.5219975113868713,0.4486852288246155,0.5191376209259033,0.4489343762397766,0.5203249454498291,0.4475621879100799,0.5310360193252563,0.4414129555225372,0.5238543748855591,0.4483102858066559,0.521391749382019,0.4475912153720855
1299,1299,train,8891,0.4928321242332458,0.4541178345680237,0.5048590898513794,0.4423308372497558,0.5019673109054565,0.4484276175498962,0.5007542967796326,0.4461774826049804,0.4895622432231903,0.4532880187034607,0.4921095669269562,0.4533901810646057,0.4916233122348785,0.4537508487701416,0.4908992350101471,0.4543628096580505,0.4915097057819366,0.4533466100692749,0.499192476272583,0.4469616711139679,0.493448406457901,0.453134536743164,0.4906039834022522,0.4523950815200805
1300,1300,train,9984,0.6105069518089294,0.3886676430702209,0.6284843683242798,0.3717356622219085,0.6227326393127441,0.3763989508152008,0.6262327432632446,0.3731295764446258,0.6068282127380371,0.3892622888088226,0.6107917428016663,0.3877452611923218,0.610969066619873,0.3892028927803039,0.6042145490646362,0.391447901725769,0.6046720743179321,0.3895300626754761,0.6181573867797852,0.3777046203613281,0.615428626537323,0.3868825137615204,0.6083514094352722,0.3884395956993103
1301,1301,train,9787,0.5328461527824402,0.4333601593971252,0.542951226234436,0.4226462244987488,0.5388715267181396,0.4281941950321197,0.5410455465316772,0.4249609410762787,0.5315625071525574,0.4326205551624298,0.5324044227600098,0.4325836300849914,0.5323293805122375,0.4330554604530334,0.5306600332260132,0.4328784644603729,0.5316070914268494,0.431957334280014,0.5377209186553955,0.4258247017860412,0.5341382622718811,0.4334209561347961,0.5307359099388123,0.4321253299713135
1302,1302,train,9436,0.5068552494049072,0.4452807307243347,0.5172686576843262,0.4344323873519897,0.5151429772377014,0.4394200444221496,0.5154389142990112,0.4366825819015503,0.5044475197792053,0.4449606537818908,0.506412148475647,0.4443510174751282,0.5065471529960632,0.4449040591716766,0.5050594806671143,0.444779634475708,0.5054718852043152,0.444012850522995,0.5126513242721558,0.4384981393814087,0.5077404975891113,0.4455000758171081,0.5046873688697815,0.4435478150844574
1303,1303,train,9118,0.4848968088626861,0.4550885856151581,0.4957217872142792,0.4430623352527618,0.4946703612804413,0.4489683806896209,0.4915735423564911,0.4465182423591614,0.4808365404605865,0.4540517926216125,0.4838450849056244,0.4539847075939178,0.4832627475261688,0.4547564685344696,0.4820829629898071,0.4554700255393982,0.4824395179748535,0.4544860422611236,0.4906236231327057,0.4477675557136535,0.4853801727294922,0.4542824923992157,0.4823930561542511,0.453321635723114
1304,1304,train,9240,0.5702424049377441,0.4227542281150818,0.5837793350219727,0.4109872281551361,0.5763579607009888,0.4161972105503082,0.5810521245002747,0.4133146703243255,0.5675573945045471,0.4230605959892273,0.5694373846054077,0.4228698909282684,0.5696470141410828,0.4229477047920227,0.565545916557312,0.4231486022472381,0.5671411752700806,0.4215675890445709,0.578796923160553,0.4137051701545715,0.5701988935470581,0.4241050481796264,0.5687541961669922,0.4217542111873626
1305,1305,train,9272,0.648109495639801,0.3354193270206451,0.6661404371261597,0.3168462216854095,0.6622294783592224,0.3175881803035736,0.6644697785377502,0.3151103556156158,0.6391242146492004,0.3375308811664581,0.6470469236373901,0.332420289516449,0.6518417000770569,0.3335085809230804,0.6435983777046204,0.3391569256782532,0.6413260102272034,0.3398753106594085,0.6556527614593506,0.3249428868293762,0.6499707698822021,0.3325349986553192,0.6480980515480042,0.3347333669662475
1306,1306,train,10295,0.5530316233634949,0.4319333732128143,0.5667004585266113,0.4200457632541656,0.5596693754196167,0.4255969524383545,0.5632810592651367,0.4227489829063415,0.5500023365020752,0.4320436120033264,0.5521256327629089,0.4319929182529449,0.5523278713226318,0.4319329559803009,0.5490816235542297,0.4319131672382355,0.5503594279289246,0.4307140707969665,0.5621004104614258,0.4232860207557678,0.5525533556938171,0.4328131079673767,0.5519847869873047,0.4304946362972259
1307,1307,test,9995,0.490619033575058,0.4583384692668915,0.5032512545585632,0.445330947637558,0.5003859400749207,0.4515785872936249,0.4985154867172241,0.4492746293544769,0.4877078533172607,0.4576499462127685,0.4908215701580047,0.4567594230175018,0.4892809987068176,0.457701176404953,0.4879238307476043,0.4587517976760864,0.4889281094074249,0.4576655030250549,0.4976455569267273,0.4504089951515198,0.4917654693126678,0.4569426476955414,0.4883398413658142,0.4564048647880554
1308,1308,train,9325,0.4706751108169555,0.4582473039627075,0.4808529615402221,0.446163922548294,0.4809526205062866,0.4531003832817077,0.4770370125770569,0.4498081505298614,0.4667969346046448,0.4579391479492187,0.4704819619655609,0.4574975967407226,0.4696626961231231,0.4582228660583496,0.4695208668708801,0.4582670629024505,0.4701786637306213,0.4578611552715301,0.4760798513889313,0.4513171315193176,0.4720358848571777,0.4579660296440124,0.4682163000106811,0.4568963646888733
1309,1309,train,9982,0.5274146795272827,0.4476880729198456,0.5393648147583008,0.4370988011360168,0.5339413285255432,0.4413055777549743,0.5366020202636719,0.4400810301303863,0.5246202349662781,0.4474860727787018,0.5267341732978821,0.4477526247501373,0.5269742012023926,0.4477688372135162,0.5243167281150818,0.4477554559707641,0.5253993272781372,0.4465868473052978,0.5348721146583557,0.4409438371658325,0.5276356339454651,0.447757214307785,0.5257788300514221,0.4467507302761078
1310,1310,train,10320,0.4749105870723724,0.4594486057758331,0.4851842224597931,0.4465231001377105,0.4838791787624359,0.4537293314933777,0.4812091886997223,0.4509859681129455,0.471326470375061,0.4586372375488281,0.4741672277450561,0.4584361612796783,0.4739306271076202,0.4593868553638458,0.4730510115623474,0.4597552716732025,0.4739135801792145,0.4591697156429291,0.4806107580661773,0.4520334005355835,0.4764040410518646,0.4587526619434356,0.4725939631462097,0.4579981565475464
1311,1311,train,9798,0.5214969515800476,0.4499343335628509,0.5361601114273071,0.4382822215557098,0.5295751690864563,0.4431815147399902,0.5320478081703186,0.441276878118515,0.5191879272460938,0.449486494064331,0.5217253565788269,0.4493324756622314,0.5212873220443726,0.4495823085308075,0.5184310674667358,0.4502826929092407,0.5196390748023987,0.4489774703979492,0.5301669836044312,0.4427395761013031,0.522711455821991,0.4490765333175659,0.5200162529945374,0.4488122463226318
1312,1312,train,9509,0.5699948668479919,0.4179868698120117,0.5824007391929626,0.4062557220458984,0.5754373669624329,0.4111602306365967,0.5800084471702576,0.4086270332336426,0.5675025582313538,0.417687714099884,0.5689698457717896,0.4175443649291992,0.5678552389144897,0.4186064898967743,0.5646929740905762,0.4186843037605285,0.5659095644950867,0.4170249104499817,0.5768324136734009,0.4098419845104217,0.5698673725128174,0.4187846481800079,0.567261278629303,0.4175105988979339
1313,1313,train,9893,0.517991840839386,0.4454841017723083,0.5316168665885925,0.4340773820877075,0.5259920954704285,0.4386955499649048,0.5276766419410706,0.4372908473014831,0.5154414176940918,0.4452137947082519,0.5178804397583008,0.4451779723167419,0.5173934102058411,0.4453685283660888,0.5150871872901917,0.4454184174537658,0.5163328051567078,0.4441034495830536,0.5269467234611511,0.4381731152534485,0.5187598466873169,0.4442186951637268,0.5164743661880493,0.4442493319511413
1314,1314,train,8948,0.4857288897037506,0.4530703425407409,0.4975014626979828,0.4406125843524933,0.4956486225128174,0.4476471245288849,0.4935347437858581,0.4447383284568786,0.481896311044693,0.4521763324737549,0.4856252372264862,0.4523397386074066,0.4845556616783142,0.4532438516616821,0.4841903746128082,0.4528944194316864,0.4851259589195251,0.452933520078659,0.4911081194877624,0.4466412663459778,0.4867968559265136,0.4527535140514374,0.4830398857593536,0.451711505651474
1315,1315,train,10053,0.5675980448722839,0.4272637367248535,0.5816771984100342,0.4140726029872894,0.573849618434906,0.4195632636547088,0.5783448219299316,0.4175313115119934,0.5649949908256531,0.4274108409881592,0.5674186944961548,0.4262649714946747,0.567083477973938,0.4271127879619598,0.5633695721626282,0.4274306297302246,0.565047025680542,0.4257871508598327,0.5765434503555298,0.4180183708667755,0.5680599808692932,0.4269735813140869,0.5665149688720703,0.4256916046142578
1316,1316,test,9749,0.5754661560058594,0.4083540439605713,0.5884919762611389,0.3964635133743286,0.5816042423248291,0.4015851616859436,0.5870700478553772,0.3978333175182342,0.5742108821868896,0.4070179462432861,0.5750300288200378,0.4070102870464325,0.5719506740570068,0.4099544584751129,0.5684381723403931,0.4108987152576446,0.5703313946723938,0.408936470746994,0.581712543964386,0.4004390835762024,0.5770077705383301,0.4085557758808136,0.570758581161499,0.40948086977005
1317,1317,train,9765,0.6147698163986206,0.3811178207397461,0.6344868540763855,0.3627091348171234,0.6291002035140991,0.3669438660144806,0.6319649815559387,0.363485723733902,0.6105703711509705,0.3823376893997192,0.6152194142341614,0.3799662590026855,0.6168869137763977,0.3807587027549743,0.6088579297065735,0.3839200139045715,0.609022855758667,0.3821131289005279,0.6236382722854614,0.3686566650867462,0.6206058859825134,0.3786371052265167,0.6136202216148376,0.3800957500934601
1318,1318,train,10074,0.6104806661605835,0.386271595954895,0.62839674949646,0.3697327673435211,0.6228607892990112,0.3742329478263855,0.6258831024169922,0.3711589574813843,0.6066458821296692,0.3875890970230102,0.6106595396995544,0.3857362568378448,0.6113397479057312,0.3860154747962951,0.6051853895187378,0.3879148364067077,0.6054173707962036,0.3863066732883453,0.6184096336364746,0.3745599091053009,0.6152405738830566,0.38486447930336,0.6087082028388977,0.3849277794361114
1319,1319,train,9001,0.4920065999031067,0.43489870429039,0.4984512627124786,0.4260534048080444,0.4985649287700653,0.4321371912956238,0.4954860210418701,0.4297448396682739,0.4889792501926422,0.4360794723033905,0.4911950826644897,0.4355853796005249,0.4907537996768951,0.4362013041973114,0.4904847145080566,0.4345015287399292,0.4918708801269531,0.434863805770874,0.4952309429645538,0.4300479292869568,0.4921734929084778,0.4371494352817535,0.4888667464256286,0.4340491890907287
1320,1320,train,10188,0.5155060887336731,0.4497577548027038,0.5293524861335754,0.4393593370914459,0.524091899394989,0.4440003931522369,0.5254690647125244,0.4424045979976654,0.513205885887146,0.4494973719120025,0.5158894062042236,0.4493865072727203,0.5153675079345703,0.4493884444236755,0.5128620862960815,0.4500686526298523,0.5141158103942871,0.4488215744495392,0.5234453678131104,0.4432015120983124,0.5170790553092957,0.4495798647403717,0.5135826468467712,0.4488163292407989
1321,1321,test,9992,0.6301161646842957,0.3544231355190277,0.6516650915145874,0.3337956964969635,0.6478000283241272,0.3353982865810394,0.6501455903053284,0.3328048586845398,0.6236404180526733,0.3570432364940643,0.6307650804519653,0.3518930375576019,0.6344642043113708,0.3516182899475097,0.6248326301574707,0.3565914034843445,0.6229999661445618,0.3562969267368316,0.6406104564666748,0.3393183648586273,0.635001003742218,0.3514012396335602,0.6293408870697021,0.352359265089035
1322,1322,train,9382,0.5425329804420471,0.4373507499694824,0.5561034679412842,0.4257338643074035,0.5487732291221619,0.4307840466499328,0.5530208349227905,0.4285734891891479,0.5403595566749573,0.4369407892227173,0.5422796607017517,0.4368794560432434,0.5421286225318909,0.4372105598449707,0.5385034680366516,0.4374797642230987,0.5402258634567261,0.4358254671096802,0.5517265200614929,0.4291937351226806,0.542807936668396,0.4374134242534637,0.5415453314781189,0.4359783828258514
1323,1323,train,9111,0.5568951964378357,0.4324149489402771,0.570554256439209,0.4199394881725311,0.5632513761520386,0.4253784716129303,0.5671383142471313,0.4227113127708435,0.5544037818908691,0.4325977563858032,0.5563891530036926,0.4322352409362793,0.5561443567276001,0.4325334727764129,0.5522292256355286,0.4328640699386596,0.5542404055595398,0.4311575293540954,0.5659406781196594,0.4232180416584015,0.5571430921554565,0.4330154955387115,0.5559906363487244,0.4311468005180359
1324,1324,test,10531,0.6303403377532959,0.357395201921463,0.6532005667686462,0.3342967927455902,0.6476761102676392,0.3364978432655334,0.6508722305297852,0.3337005078792572,0.6219879388809204,0.3604301214218139,0.630221426486969,0.3548668622970581,0.6349870562553406,0.3546842634677887,0.6246570348739624,0.3609749972820282,0.6231274604797363,0.3610536456108093,0.6409311294555664,0.3424122929573059,0.6346273422241211,0.3542765080928802,0.6305954456329346,0.3551898896694183
1325,1325,train,9598,0.5261984467506409,0.4475889503955841,0.5400521755218506,0.4365050792694092,0.5337219834327698,0.4414395987987518,0.535862147808075,0.4396925866603851,0.5240857601165771,0.4469470083713531,0.5262656211853027,0.447170615196228,0.5253871083259583,0.4475805163383484,0.5221669673919678,0.4478469491004944,0.5235351920127869,0.4464382231235504,0.5349925756454468,0.4402103126049042,0.5268346071243286,0.4475374519824981,0.5247330665588379,0.4463016986846924
1326,1326,train,9858,0.637449324131012,0.3443789780139923,0.6569432616233826,0.3239032924175262,0.6529572010040283,0.3248341679573059,0.6553011536598206,0.3230275213718414,0.6292338967323303,0.3473726511001587,0.6372764110565186,0.3415239751338959,0.6408889293670654,0.3415873050689697,0.6325401067733765,0.3471068143844604,0.6301714181900024,0.3479453027248382,0.6453114151954651,0.3319306075572967,0.6409338712692261,0.3409377336502075,0.6365317106246948,0.3428822159767151
1327,1327,test,9477,0.5996431708335876,0.402019202709198,0.6153576970100403,0.3883890211582184,0.6083648204803467,0.3933196067810058,0.6130514144897461,0.3899529278278351,0.5973721146583557,0.4020235538482666,0.5998042821884155,0.4013167023658752,0.5991387367248535,0.4024024307727813,0.5939794778823853,0.4037611186504364,0.5955391526222229,0.4014813601970672,0.6076512336730957,0.392727643251419,0.6022472381591797,0.4013584852218628,0.5978493094444275,0.401402860879898
1328,1328,train,10233,0.6251772046089172,0.3628715574741363,0.6462684869766235,0.3421535193920135,0.641447126865387,0.344600647687912,0.6439781188964844,0.3421697616577148,0.6186113953590393,0.3657162487506866,0.6251737475395203,0.3611886501312256,0.6281682848930359,0.3611195683479309,0.6190821528434753,0.3656171262264251,0.6178380846977234,0.3652658462524414,0.6342995762825012,0.3486351370811462,0.6306176781654358,0.359692633152008,0.6236376762390137,0.3614254593849182
1329,1329,train,9028,0.624948263168335,0.3651418685913086,0.6463578343391418,0.3443814516067505,0.6422581076622009,0.3470747470855713,0.643832802772522,0.3443640172481537,0.6187019944190979,0.3672344088554382,0.6252753138542175,0.3631839454174042,0.6285202503204346,0.364132821559906,0.6189584732055664,0.3686201274394989,0.6185601949691772,0.3674044609069824,0.634515106678009,0.3515048325061798,0.6307981014251709,0.3620063364505768,0.6239801645278931,0.3640393316745758
1330,1330,train,9991,0.4929928183555603,0.458529382944107,0.5057082176208496,0.447057157754898,0.5022095441818237,0.4522986710071563,0.5018563866615295,0.4509286284446716,0.4905848205089569,0.4577764570713043,0.492397278547287,0.4577830135822296,0.4922586977481842,0.4583675265312195,0.4906861186027527,0.458917498588562,0.4915889799594879,0.4575652480125427,0.5006328225135803,0.4513580203056335,0.4941774606704712,0.4576001465320587,0.4913198351860046,0.4569654464721679
1331,1331,train,9770,0.6156104207038879,0.3766751885414123,0.6346115469932556,0.359079897403717,0.6298900246620178,0.3634583950042724,0.6329986453056335,0.3596235513687134,0.6112825870513916,0.3780332505702972,0.6158133149147034,0.3757264614105224,0.6168496608734131,0.3759831488132477,0.6103475689888,0.378273993730545,0.6101489067077637,0.3768638670444488,0.6245280504226685,0.3639751076698303,0.6214187145233154,0.3744334578514099,0.6138082146644592,0.3753033578395843
1332,1332,test,9546,0.627357542514801,0.3547713458538055,0.6495088338851929,0.3327399492263794,0.6452315449714661,0.3347034752368927,0.6476415395736694,0.332323282957077,0.6203653216362,0.3581610918045044,0.6274505853652954,0.3528339862823486,0.6304243803024292,0.352674126625061,0.6206768751144409,0.357938677072525,0.6186941266059875,0.3581262230873108,0.6364317536354065,0.3398701846599579,0.632514238357544,0.3519761562347412,0.6251471638679504,0.3534696996212005
1333,1333,train,9186,0.6183285713195801,0.375606507062912,0.637770414352417,0.3580430448055267,0.63242107629776,0.3618395924568176,0.6354591846466064,0.3583482801914215,0.6136515140533447,0.3762142062187195,0.6181687712669373,0.37403205037117,0.6187235713005066,0.3763930797576904,0.6115797162055969,0.3791140019893646,0.6122564077377319,0.3770881593227386,0.6269034743309021,0.3641995191574096,0.6237184405326843,0.3727531433105469,0.6163766980171204,0.3752955794334411
1334,1334,train,9434,0.6227704286575317,0.3633571267127991,0.6445146203041077,0.3424037992954254,0.6402648687362671,0.345411479473114,0.6426198482513428,0.3420132398605346,0.616382360458374,0.3654957711696625,0.6229972243309021,0.3613716959953308,0.6261836290359497,0.3614732921123504,0.6174359321594238,0.3654997944831848,0.6159559488296509,0.3650673031806946,0.6327303051948547,0.348367303609848,0.6285621523857117,0.3603695034980774,0.6214386224746704,0.361657053232193
1335,1335,train,10333,0.6161297559738159,0.3774336576461792,0.6352828145027161,0.3601973056793213,0.6308212280273438,0.3634000718593597,0.6332848072052002,0.3605102002620697,0.6117648482322693,0.378783643245697,0.616529107093811,0.3763162493705749,0.6180203557014465,0.3773329555988312,0.6103189587593079,0.3803791999816894,0.61058109998703,0.3785524368286133,0.6252209544181824,0.3653639853000641,0.6218240261077881,0.3751318454742431,0.6149133443832397,0.3764545023441314
1336,1336,train,9872,0.5034090280532837,0.4546538293361664,0.5141854286193848,0.4431138038635254,0.5113573670387268,0.4491403996944427,0.5115091800689697,0.4460818171501159,0.500238299369812,0.4538153111934662,0.502838134765625,0.4536932110786438,0.502157986164093,0.4545312225818634,0.5010730624198914,0.4549552202224731,0.501514732837677,0.4538975059986114,0.5089038014411926,0.4479754865169525,0.5039949417114258,0.4543532729148865,0.5005059242248535,0.4530259966850281
1337,1337,train,9363,0.5951018333435059,0.4103351235389709,0.610608696937561,0.3957811594009399,0.6034461855888367,0.4014642834663391,0.6080660223960876,0.3977594375610351,0.5921245217323303,0.4112355411052704,0.5950519442558289,0.4101262092590332,0.5951204299926758,0.4105586409568786,0.5897365808486938,0.4115505218505859,0.5910086631774902,0.4096897840499878,0.6035041809082031,0.3994848430156708,0.5975719690322876,0.4105666279792785,0.5941901803016663,0.4087035655975342
1338,1338,train,9625,0.4794664084911346,0.4618638157844543,0.4908478856086731,0.4479354918003082,0.4890433847904205,0.4549122750759125,0.4863134920597076,0.4525040984153747,0.4757447838783264,0.4613992869853973,0.4785870015621185,0.4606128334999084,0.4781220853328705,0.4616750478744507,0.4772438704967499,0.4624404013156891,0.4779451191425323,0.4615661203861236,0.4845688045024872,0.4539461135864258,0.4806698560714721,0.4603508412837982,0.4769890904426574,0.4602132141590118
1339,1339,train,9149,0.4917113184928894,0.4495372474193573,0.5031970143318176,0.4362052381038666,0.5013147592544556,0.4441125392913818,0.4999352097511291,0.4401649534702301,0.4881909787654876,0.4489923119544983,0.4910885691642761,0.4486053586006164,0.490717738866806,0.4492230415344238,0.4906927943229675,0.4491767585277557,0.4908036589622497,0.4493830502033233,0.4975271224975586,0.4422560334205627,0.4926736354827881,0.4497008919715881,0.4891023933887481,0.4482309520244598
1340,1340,train,9246,0.6293621063232422,0.3574200868606567,0.6512641310691833,0.3353135883808136,0.6466159224510193,0.3372824490070343,0.6493775248527527,0.3346697092056274,0.6220102310180664,0.3603691160678863,0.6297205090522766,0.3549422919750213,0.6342178583145142,0.354758083820343,0.623969554901123,0.3604668974876404,0.6225276589393616,0.3599483072757721,0.639461874961853,0.3426647186279297,0.634460985660553,0.3536628186702728,0.6290743350982666,0.3557479083538055
1341,1341,train,9719,0.5173216462135315,0.4500594139099121,0.5310753583908081,0.4399441182613373,0.525775671005249,0.4443384110927582,0.5267086625099182,0.4428393244743347,0.5148124098777771,0.4496305584907532,0.5173047780990601,0.4496039450168609,0.5162514448165894,0.4500510990619659,0.5137216448783875,0.4505282938480377,0.5146032571792603,0.4493090808391571,0.5252676010131836,0.4437057971954345,0.5186442732810974,0.4499021768569946,0.5153362154960632,0.4491649866104126
1342,1342,train,8904,0.5079910755157471,0.4504984021186828,0.5210868120193481,0.4386686384677887,0.5174186825752258,0.4442287981510162,0.5178236365318298,0.4420230984687805,0.5056033730506897,0.4497167468070984,0.5079220533370972,0.4492891132831573,0.5078547596931458,0.4498026072978973,0.5063617825508118,0.4507703483104706,0.5064942240715027,0.449709802865982,0.5158278942108154,0.4431608617305755,0.5096753239631653,0.4492434561252594,0.5060479044914246,0.449082463979721
1343,1343,train,9306,0.5386819243431091,0.4359404146671295,0.5498011708259583,0.4256897270679474,0.5449526906013489,0.4306952357292175,0.5478987097740173,0.4280561506748199,0.5367546081542969,0.4354649484157562,0.5383705496788025,0.4356821179389953,0.5384004712104797,0.4358857870101928,0.5360090732574463,0.435759574174881,0.5368242263793945,0.4347451627254486,0.5456216931343079,0.4289519190788269,0.5397372841835022,0.4369029402732849,0.5371588468551636,0.4349777996540069
1344,1344,train,9751,0.5286251306533813,0.4408061504364013,0.5424653887748718,0.4292293190956116,0.5358409285545349,0.4347393214702606,0.5393056273460388,0.431805819272995,0.5259121060371399,0.4405336380004883,0.5279472470283508,0.4406611919403076,0.5277348756790161,0.440621018409729,0.5254515409469604,0.4406883716583252,0.5267419815063477,0.4395694434642792,0.538813591003418,0.431480348110199,0.5284839868545532,0.4411035478115082,0.5271695256233215,0.4392796456813812
1345,1345,train,10164,0.6060997843742371,0.3921226561069488,0.6219349503517151,0.3782079219818115,0.6157695055007935,0.3831598460674286,0.6200125217437744,0.3795744776725769,0.6029178500175476,0.393119752407074,0.6056948900222778,0.3921211361885071,0.6062377691268921,0.3922620415687561,0.6012712121009827,0.3934012651443481,0.6021553874015808,0.3916206359863281,0.6146420836448669,0.3813625574111938,0.6088771820068359,0.3924525082111358,0.6042859554290771,0.3911999762058258
1346,1346,train,9816,0.5041927695274353,0.4572276771068573,0.5182592868804932,0.4450631439685821,0.5132594108581543,0.4500917196273803,0.5131749510765076,0.4492973089218139,0.5014347434043884,0.456609845161438,0.5042458176612854,0.4563083350658417,0.5037556886672974,0.4569970071315765,0.5015773177146912,0.4573935270309448,0.502617597579956,0.4561406373977661,0.5124562382698059,0.4497859477996826,0.5054783821105957,0.4560490846633911,0.5026009678840637,0.4558988511562347
1347,1347,train,10602,0.4888786375522613,0.4552107751369476,0.4990024268627167,0.4436036944389343,0.4980847537517547,0.4497980773448944,0.4961330592632293,0.4471348822116852,0.4852721095085144,0.4544714093208313,0.4878595173358917,0.4545583426952362,0.487480878829956,0.4555388689041137,0.4870287179946899,0.4558068811893463,0.4873443841934204,0.4548134207725525,0.4939966201782226,0.448471337556839,0.4895224869251251,0.4549967348575592,0.4866214394569397,0.4536429643630981
1348,1348,train,9753,0.539245069026947,0.4396769404411316,0.5531130433082581,0.4279223978519439,0.5456797480583191,0.4332082867622375,0.5500871539115906,0.4307437539100647,0.5372027158737183,0.439358115196228,0.5390204191207886,0.4395733177661896,0.5380586981773376,0.4399132430553436,0.534933865070343,0.4401145875453949,0.5364183783531189,0.4385407865047455,0.5486751198768616,0.4311841428279876,0.5397976040840149,0.4397158026695251,0.5377466082572937,0.4385490417480469
1349,1349,train,9791,0.4768617153167724,0.4598126709461212,0.4869268238544464,0.4476184546947479,0.4863070547580719,0.4548528492450714,0.4834205210208893,0.4517442882061004,0.4733253121376037,0.458706796169281,0.4764958322048187,0.4588925838470459,0.4755469262599945,0.4600188732147217,0.4754144549369812,0.4600907266139984,0.4762551188468933,0.4597406983375549,0.4816060960292816,0.4525606334209442,0.4779068827629089,0.4597706794738769,0.4740956127643585,0.4586141705513
1350,1350,train,9454,0.6141072511672974,0.3836002647876739,0.632246196269989,0.3668678402900696,0.6272791624069214,0.3705428838729858,0.6304951906204224,0.3672482967376709,0.6104862093925476,0.3843226134777069,0.6144209504127502,0.3822766840457916,0.6148381233215332,0.3840855360031128,0.6077971458435059,0.3864253163337707,0.6085825562477112,0.3844456076622009,0.6229062676429749,0.3718895018100738,0.6191635727882385,0.3811743259429931,0.612618625164032,0.3826431930065155
1351,1351,train,10064,0.6309428215026855,0.3560758531093597,0.6518731713294983,0.334719717502594,0.6478258967399597,0.3363009095191955,0.6499696969985962,0.3343168795108795,0.6237250566482544,0.3590393364429474,0.6308973431587219,0.3538869023323059,0.634734034538269,0.353803813457489,0.6251004338264465,0.3592055737972259,0.623773992061615,0.3589089512825012,0.6401789784431458,0.3417987525463104,0.6353881359100342,0.3526681959629059,0.6296846270561218,0.3548230826854706
1352,1352,train,8928,0.5567939877510071,0.4325118064880371,0.5708566308021545,0.4199135899543762,0.5632951259613037,0.4252581894397735,0.5675030946731567,0.4226729869842529,0.554196834564209,0.4326158463954925,0.5564718842506409,0.4320930540561676,0.5555944442749023,0.4328150451183319,0.5515221357345581,0.4330991804599762,0.5532418489456177,0.4315236210823059,0.5663309693336487,0.423265278339386,0.5568211674690247,0.4330018162727356,0.5556991696357727,0.4311230480670929
1353,1353,train,9058,0.4783588647842407,0.4552743434906006,0.4883972704410553,0.4425638318061828,0.487591952085495,0.449066162109375,0.4837641716003418,0.447414755821228,0.4741677641868591,0.454471617937088,0.4772989749908447,0.4539722502231598,0.4762108325958252,0.4549869000911712,0.4757913053035736,0.4550440013408661,0.4762283563613891,0.4548717737197876,0.4826044738292694,0.4483127295970917,0.4790647625923157,0.453482061624527,0.4754337966442108,0.4538244903087616
1354,1354,train,8972,0.4996562600135803,0.4600955843925476,0.5137835144996643,0.4489068388938904,0.5094584226608276,0.4538972079753876,0.5095522999763489,0.4525189399719238,0.4971479475498199,0.4589937329292297,0.4999456405639648,0.458933413028717,0.4991194009780884,0.4597309827804565,0.4967605173587799,0.4607447981834411,0.4975656270980835,0.4592228829860687,0.5087234973907471,0.4531169235706329,0.5020262598991394,0.4582965970039367,0.4983140528202057,0.4585520029067993
1355,1355,train,9166,0.5074652433395386,0.4532443284988403,0.521569013595581,0.4422481060028076,0.5166674852371216,0.4472074508666992,0.5176110863685608,0.4455516636371612,0.5047228336334229,0.4525569379329681,0.5072551965713501,0.4524364471435547,0.5070635080337524,0.4529771208763122,0.5048826932907104,0.4534460008144378,0.5057762265205383,0.4520680010318756,0.5169677138328552,0.4458951652050018,0.5086719989776611,0.452442467212677,0.5060461163520813,0.4517548680305481
1356,1356,train,9526,0.6184360980987549,0.3727351725101471,0.6397985219955444,0.3517966568470001,0.6355600953102112,0.3545575141906738,0.6378060579299927,0.3517447710037231,0.6123433709144592,0.3748075366020202,0.6189755797386169,0.3710140883922577,0.6212014555931091,0.3716857433319092,0.6123674511909485,0.3760037124156952,0.6116718649864197,0.3749536275863647,0.6279581785202026,0.3586453795433044,0.6256611347198486,0.3686521351337433,0.6175029873847961,0.3713091015815735
1357,1357,test,9388,0.5858272910118103,0.4180655777454376,0.6002687215805054,0.4044691026210785,0.5931431651115417,0.4097384214401245,0.5977538824081421,0.4070094525814056,0.5837892293930054,0.4181681275367737,0.5857611298561096,0.4176200628280639,0.5841153860092163,0.419272243976593,0.5793063044548035,0.4200669825077057,0.5813446640968323,0.4178555011749267,0.5938986539840698,0.4084330201148987,0.5870788097381592,0.4184527397155761,0.5838718414306641,0.4173251986503601
1358,1358,train,9609,0.4941659271717071,0.4533515274524688,0.5062392950057983,0.4422789812088012,0.5039393305778503,0.4480750262737274,0.50228351354599,0.445746511220932,0.4914978444576263,0.4529392123222351,0.4937618970870971,0.4525397419929504,0.493421345949173,0.4530340135097503,0.4918948709964752,0.4538340270519256,0.4928309023380279,0.4529354870319366,0.500795841217041,0.4465124011039734,0.4955806136131286,0.4533106684684753,0.4919189214706421,0.4516973197460174
1359,1359,train,9076,0.64463871717453,0.3377583622932434,0.6631813049316406,0.3185214102268219,0.659297525882721,0.3194447159767151,0.6622325778007507,0.3168799877166748,0.6365724802017212,0.3403046727180481,0.644336998462677,0.3349708914756775,0.6479061245918274,0.3354465365409851,0.6396512985229492,0.3410404026508331,0.6371275782585144,0.3418956398963928,0.6522562503814697,0.3261109590530395,0.6474829912185669,0.334686815738678,0.6437374353408813,0.3368890881538391
1360,1360,train,10173,0.6038055419921875,0.3973968923091888,0.6204767227172852,0.3817550539970398,0.6141567230224609,0.3868602514266968,0.6181007623672485,0.3833502829074859,0.6003445386886597,0.3983431756496429,0.6035146713256836,0.3971974849700928,0.6036590337753296,0.397767037153244,0.5979059338569641,0.3992670178413391,0.5987678170204163,0.3975011110305786,0.6119239926338196,0.3861783444881439,0.6072062849998474,0.3975103795528412,0.6016073226928711,0.3967627584934234
1361,1361,train,9705,0.4789170622825622,0.461728423833847,0.4896643161773681,0.4480388462543487,0.4886251986026764,0.4552330672740936,0.4856649935245514,0.4523912668228149,0.4757431149482727,0.4607995152473449,0.4788242280483246,0.4603224098682403,0.4781080186367035,0.4608609676361084,0.4767843782901764,0.4623683393001556,0.4776405394077301,0.4613003134727478,0.4843072295188904,0.4532808363437652,0.4806203246116638,0.4604291915893554,0.4770062863826751,0.4596899449825287
1362,1362,train,10375,0.4901494085788727,0.4594046771526336,0.5027269721031189,0.448467880487442,0.4998095631599426,0.4539323449134826,0.4984889626502991,0.4515147805213928,0.4878138601779938,0.4586564302444458,0.4904486835002899,0.4586660861968994,0.4898282289505005,0.4591704905033111,0.4881228506565094,0.4597552120685577,0.4887879490852356,0.4587957561016083,0.4978881180286407,0.4522654116153717,0.49207204580307,0.4580847322940826,0.4886758029460907,0.4579698443412781
1363,1363,train,10182,0.623747706413269,0.3694257736206054,0.6442815661430359,0.3499541878700256,0.6399062275886536,0.3532095551490783,0.6425562500953674,0.3498050272464752,0.6187132000923157,0.3713864088058471,0.6244158744812012,0.3677847981452942,0.626437783241272,0.3682598173618316,0.6175771951675415,0.3720698952674866,0.616669774055481,0.3709665834903717,0.6327622532844543,0.3558117747306824,0.6292555332183838,0.367176353931427,0.6220384836196899,0.368119865655899
1364,1364,train,9577,0.6379373073577881,0.3502519428730011,0.6585822105407715,0.3300667703151703,0.6532301902770996,0.3315525352954864,0.6557550430297852,0.3293513655662536,0.6297160983085632,0.3525268733501434,0.6370586156845093,0.3477951884269714,0.6432262659072876,0.3483714759349823,0.6343517303466797,0.3536577522754669,0.6336898803710938,0.3526850938796997,0.648062527179718,0.3380848169326782,0.640460193157196,0.3477729856967926,0.6396415829658508,0.3489245772361755
1365,1365,train,10488,0.6161182522773743,0.3811656534671783,0.6343287229537964,0.3643364012241363,0.6296426653862,0.3684438169002533,0.6317288875579834,0.3651874363422394,0.6125293374061584,0.3823286890983581,0.6164896488189697,0.380107045173645,0.6175979375839233,0.380851686000824,0.6100832223892212,0.3836070001125335,0.6107174158096313,0.3816721141338348,0.6242005228996277,0.3692870736122131,0.621685802936554,0.3789153099060058,0.6145718097686768,0.3799460828304291
1366,1366,train,9588,0.5299506783485413,0.4448279440402984,0.5427274107933044,0.4337926208972931,0.536830723285675,0.4390362799167633,0.5395150184631348,0.4362576305866241,0.5277700424194336,0.444516122341156,0.5297237038612366,0.4445092678070068,0.5295047163963318,0.4447530508041382,0.5270084142684937,0.4448739290237427,0.5283495187759399,0.4435407519340515,0.5378332138061523,0.4374307692050934,0.5303937792778015,0.4452866315841675,0.5283493399620056,0.4437345266342163
1367,1367,train,9222,0.4861881732940674,0.4420616924762726,0.4938050508499145,0.4332946240901947,0.4946848154067993,0.4375956952571869,0.4906440377235412,0.4367597103118896,0.4830865859985351,0.4425926804542541,0.4858700037002563,0.4422303736209869,0.4853399991989136,0.4425674676895141,0.4851990938186645,0.4417764246463775,0.48666512966156,0.4416744410991668,0.4897012710571289,0.4366664886474609,0.487585037946701,0.4430453479290008,0.4832284450531006,0.4412457644939422
1368,1368,train,9036,0.5835205912590027,0.4127354919910431,0.597846269607544,0.4001733362674713,0.5905515551567078,0.4053370058536529,0.5953630208969116,0.4023152887821197,0.5806505084037781,0.4132039844989776,0.5826774835586548,0.4126690626144409,0.5825276374816895,0.4131658971309662,0.5781145691871643,0.4136375188827514,0.5798286199569702,0.4118296205997467,0.5921808481216431,0.4033007621765136,0.5842660665512085,0.4137954115867615,0.5819504857063293,0.4116848707199096
1369,1369,train,10185,0.5073415637016296,0.4536049664020538,0.5199095606803894,0.441962718963623,0.5166863203048706,0.4472598135471344,0.5170138478279114,0.4454929828643799,0.5049412846565247,0.453080803155899,0.5072110295295715,0.4526237547397613,0.5070607662200928,0.4530817866325378,0.5055341124534607,0.4535984396934509,0.5060588717460632,0.4526788890361786,0.5149474740028381,0.4461300671100616,0.5084119439125061,0.4532685875892639,0.5054228901863098,0.4519837200641632
1370,1370,train,10036,0.6271892189979553,0.3630929589271545,0.6481622457504272,0.3427081406116485,0.6439274549484253,0.3454205989837646,0.6462497711181641,0.3425411880016327,0.621432900428772,0.3654442727565765,0.6277780532836914,0.3611726760864258,0.6303946375846863,0.3615924715995788,0.6209231615066528,0.3661082088947296,0.6201891899108887,0.3651900589466095,0.6367042660713196,0.3491679728031158,0.6328589916229248,0.3599521517753601,0.6259442567825317,0.3617963194847107
1371,1371,train,9520,0.6162069439888,0.3870787918567657,0.6335228681564331,0.370341420173645,0.6281906366348267,0.3747164011001587,0.6316656470298767,0.3710293173789978,0.612293541431427,0.3878673911094665,0.6164078116416931,0.3861189782619476,0.6167120337486267,0.3877456188201904,0.609700620174408,0.3902385234832763,0.6102246046066284,0.3883806765079498,0.6242436766624451,0.3759158849716186,0.6206421256065369,0.3850015699863434,0.6143316626548767,0.3867501616477966
1372,1372,train,9643,0.4962572753429413,0.4600243270397186,0.5096964240074158,0.4479619860649109,0.5065128207206726,0.4534704387187958,0.5052495002746582,0.4518499970436096,0.4940093159675598,0.4592995345592499,0.4963430166244507,0.4591192007064819,0.4956927299499511,0.4596129357814789,0.4937037229537964,0.4604309499263763,0.4948698878288269,0.4592628180980682,0.5039548277854919,0.4528554677963257,0.4976343214511871,0.4590000212192535,0.4944055676460266,0.4585659801959991
1373,1373,train,10323,0.4836779236793518,0.4565050899982452,0.4947646558284759,0.4436688125133514,0.4934428334236145,0.4502429664134979,0.4904556274414062,0.4478286504745483,0.4797330796718597,0.4557446837425232,0.4832281768321991,0.4551568031311035,0.4822045564651489,0.4561622142791748,0.4815600216388702,0.4567389488220215,0.4824995696544647,0.4562871754169464,0.4891982972621918,0.4490237534046173,0.4845928251743316,0.4559119343757629,0.4811270534992218,0.4547059535980224
1374,1374,train,10214,0.5002870559692383,0.4531451165676117,0.5145359635353088,0.4415797889232635,0.5102908611297607,0.4467909932136535,0.5098109841346741,0.4453337788581848,0.4979047775268554,0.4525294005870819,0.5008681416511536,0.4521322250366211,0.5003573298454285,0.4525726437568664,0.4989557564258575,0.4530671834945678,0.4997929036617279,0.4517826437950134,0.5094572305679321,0.445608377456665,0.5021999478340149,0.4515599906444549,0.4989424049854278,0.4516527652740478
1375,1375,train,10457,0.6192957758903503,0.3705503046512604,0.6402053236961365,0.3503943979740143,0.635443389415741,0.3543920814990997,0.6381214261054993,0.3508433401584625,0.6143819689750671,0.3720905184745788,0.6197077631950378,0.3688075244426727,0.6213358640670776,0.3692419230937958,0.6137225031852722,0.3725770115852356,0.612953245639801,0.3716328144073486,0.6288046836853027,0.3562318980693817,0.625322699546814,0.3677737116813659,0.6177051663398743,0.3687436282634735
1376,1376,test,9429,0.545153021812439,0.4370926916599273,0.5590260028839111,0.4255744218826294,0.5521289110183716,0.4299669861793518,0.5556505918502808,0.4284761250019073,0.5429051518440247,0.437097817659378,0.5448527336120605,0.4367148876190185,0.5441879034042358,0.4373887181282043,0.5401216149330139,0.437624454498291,0.5420507788658142,0.4359549283981323,0.5544503331184387,0.4292226433753967,0.5455224514007568,0.4371848106384277,0.543832540512085,0.4361230134963989
1377,1377,train,10227,0.596435546875,0.4058102965354919,0.6115636229515076,0.3916293382644653,0.6043177843093872,0.3975163102149963,0.6092674732208252,0.3936566710472107,0.5933201313018799,0.4063698053359985,0.5957821011543274,0.4057545363903045,0.5958738327026367,0.4061561226844787,0.5907291173934937,0.4070786535739898,0.5921921730041504,0.4051860868930816,0.6055253744125366,0.3946439623832702,0.5978550314903259,0.4064360558986664,0.5951405167579651,0.4042064249515533
1378,1378,train,10575,0.5350340008735657,0.4410428702831268,0.548486590385437,0.4301474392414093,0.5424134135246277,0.4346280395984649,0.5451148748397827,0.4331758022308349,0.532764732837677,0.4407294392585754,0.5347021222114563,0.4407967329025268,0.5342749953269958,0.4411699175834656,0.5312273502349854,0.441267728805542,0.5324379205703735,0.4400126934051513,0.5435785055160522,0.4337911009788513,0.5356779098510742,0.4409146606922149,0.5338192582130432,0.4400292336940765
1379,1379,train,9334,0.6410684585571289,0.3436649739742279,0.6600878834724426,0.3239733874797821,0.6558528542518616,0.3248802423477173,0.6582077741622925,0.3227542638778686,0.6332178115844727,0.3464451730251312,0.6403673887252808,0.3411919176578522,0.6450408101081848,0.3413139879703522,0.6357021331787109,0.3472175598144531,0.6341009736061096,0.3473841845989227,0.6491543054580688,0.3317783176898956,0.644370436668396,0.3400788903236389,0.6405935287475586,0.3425257205963135
1380,1380,train,9862,0.6442232728004456,0.3370890617370605,0.6626653671264648,0.3178423345088959,0.6588512659072876,0.3184981048107147,0.6608361601829529,0.3166441023349762,0.635598361492157,0.3399325609207153,0.6433568596839905,0.3343311846256256,0.648159384727478,0.3346259593963623,0.6398976445198059,0.3402060568332672,0.6373929977416992,0.3410838842391968,0.6521848440170288,0.3253448009490967,0.6468213200569153,0.3340938985347748,0.6439154148101807,0.3361195921897888
1381,1381,test,10050,0.5008094310760498,0.4615503847599029,0.513318657875061,0.45013427734375,0.5097413063049316,0.4553677141666412,0.5092705488204956,0.4536098539829254,0.4984735548496246,0.4608595669269562,0.5004803538322449,0.4605249762535095,0.5008923411369324,0.4611555635929107,0.499077707529068,0.4621606767177582,0.4997343122959137,0.4606693983078003,0.5083934664726257,0.4542340934276581,0.5025984048843384,0.460161805152893,0.4993394315242767,0.4601176977157593
1382,1382,train,9678,0.6287386417388916,0.3585824370384216,0.6507446765899658,0.3365049064159393,0.6458413004875183,0.3389831185340881,0.6485381126403809,0.3360126316547394,0.6215253472328186,0.360993891954422,0.6289812922477722,0.3560175895690918,0.632734477519989,0.3561173677444458,0.6231306791305542,0.3615726232528686,0.6216045022010803,0.3612472712993622,0.6389595866203308,0.3434475660324096,0.6339252591133118,0.3549505472183227,0.6279915571212769,0.3569516539573669
1383,1383,train,10187,0.49481001496315,0.4598686695098877,0.508234441280365,0.44659224152565,0.5046799182891846,0.4526668787002563,0.5042258501052856,0.4508094489574432,0.4919314682483673,0.4592788219451904,0.4951938688755035,0.4586580395698547,0.4940463006496429,0.4591698944568634,0.4926055073738098,0.4602917432785034,0.4938302636146545,0.4591987431049347,0.5021294951438904,0.4514324963092804,0.4965502023696899,0.4585447609424591,0.4930877387523651,0.4578269124031067
1384,1384,test,9115,0.5000457167625427,0.4600451588630676,0.5134967565536499,0.4472153186798095,0.5097115635871887,0.4531420767307281,0.509916365146637,0.4511701166629791,0.4976287186145782,0.4593660235404968,0.5002375841140747,0.4591371417045593,0.4996788203716278,0.4595612287521362,0.498073399066925,0.4604588449001312,0.4988691210746765,0.4592438042163849,0.5083930492401123,0.4519137740135193,0.5013668537139893,0.458852618932724,0.4983796179294586,0.4584404230117798
1385,1385,train,9048,0.6379578113555908,0.3466621339321136,0.6577240228652954,0.3260571956634521,0.6532722115516663,0.3274001479148865,0.6561539173126221,0.3250509202480316,0.6297997832298279,0.3501414656639099,0.6377094984054565,0.3442016541957855,0.6416959166526794,0.3439899384975433,0.6321658492088318,0.3500239849090576,0.6300854682922363,0.3505416810512543,0.6463639140129089,0.3335617780685425,0.6416116952896118,0.3433113992214203,0.636853039264679,0.3453599512577057
1386,1386,train,8901,0.6283183097839355,0.3539543151855469,0.6504257321357727,0.3317238092422485,0.6456106901168823,0.3338530659675598,0.6486896276473999,0.331019252538681,0.6205471754074097,0.3572222888469696,0.6285104751586914,0.3515546321868896,0.6324717998504639,0.3511195182800293,0.6224334836006165,0.3569534420967102,0.620303750038147,0.3571023941040039,0.6380642652511597,0.3386135697364807,0.6325770020484924,0.3513309955596924,0.6270344257354736,0.3524358570575714
1387,1387,train,9661,0.564410388469696,0.4261184632778168,0.5780997276306152,0.414352148771286,0.5707910060882568,0.418844610452652,0.5757980942726135,0.4168620705604553,0.5631296634674072,0.4257857203483581,0.5643278360366821,0.4253697991371155,0.5612350106239319,0.427228033542633,0.5572675466537476,0.427887350320816,0.5592013001441956,0.425748348236084,0.5717173218727112,0.4182664453983307,0.5652322173118591,0.4268940389156341,0.5615291595458984,0.4256843030452728
1388,1388,test,9564,0.5760788321495056,0.4155327081680298,0.5897195339202881,0.402894914150238,0.5827220678329468,0.4083642065525055,0.5875610709190369,0.4050535857677459,0.5735678672790527,0.4159251451492309,0.5754839777946472,0.4153237640857696,0.5755679607391357,0.4157077372074127,0.5716458559036255,0.415889710187912,0.573089063167572,0.4141605496406555,0.5850481986999512,0.4055803120136261,0.5766342282295227,0.4166299104690552,0.5751457810401917,0.4139272272586822
1389,1389,test,9988,0.4998830258846283,0.4527295231819153,0.5121458768844604,0.4420563876628876,0.5084691047668457,0.4477074742317199,0.5094031095504761,0.4451989531517029,0.4974775612354278,0.4520513415336609,0.5003401041030884,0.4518467783927917,0.4997144043445587,0.4525361359119415,0.4983460903167724,0.4530805647373199,0.4989404380321502,0.4518733322620392,0.5069580078125,0.4464924931526184,0.5012052059173584,0.4525978565216064,0.4978729784488678,0.4514214098453522
1390,1390,train,9210,0.622784435749054,0.3686281442642212,0.644024670124054,0.3476348519325256,0.639895498752594,0.3505780100822449,0.6427329182624817,0.3474952578544616,0.6168513298034668,0.3709030151367187,0.6232307553291321,0.3668275475502014,0.6252482533454895,0.3673688173294067,0.6165115833282471,0.3711351156234741,0.6153234839439392,0.3704417049884796,0.6323322653770447,0.3539662659168243,0.6288244724273682,0.3655717968940735,0.6209079027175903,0.3673202097415924
1391,1391,train,10098,0.501772940158844,0.4522917866706848,0.5142844319343567,0.4407893419265747,0.511178731918335,0.4460165500640869,0.5106526017189026,0.4437367022037506,0.4994255900382995,0.4518450796604156,0.5019534230232239,0.4511926472187042,0.5016502737998962,0.4514926970005035,0.50017249584198,0.4525850713253021,0.5008256435394287,0.4515408277511596,0.5095049142837524,0.4446699917316437,0.503440797328949,0.4514312446117401,0.4997608661651611,0.4510718286037445
1392,1392,train,9107,0.6249491572380066,0.3757929503917694,0.6445527672767639,0.3576076328754425,0.6397242546081543,0.3607054650783539,0.6421694159507751,0.3576277196407318,0.6201645731925964,0.376796692609787,0.6251740455627441,0.374205082654953,0.6268336772918701,0.3760094344615936,0.6185883283615112,0.3793872594833374,0.6192271709442139,0.3775895535945892,0.6341155171394348,0.3636326491832733,0.6302517652511597,0.373065710067749,0.6240071654319763,0.3750485181808471
1393,1393,train,9386,0.5020474791526794,0.4577709138393402,0.5151620507240295,0.4457612633705139,0.5113417506217957,0.4512561559677124,0.5105468034744263,0.4496291577816009,0.4997082352638244,0.4571906328201294,0.5023542046546936,0.4570293426513672,0.5015211701393127,0.4573803842067718,0.4990666806697845,0.4582379162311554,0.5004721879959106,0.4570712149143219,0.5090555548667908,0.4504202008247375,0.503373920917511,0.4572048485279083,0.5004245638847351,0.4561847448348999
1394,1394,test,10240,0.6257544159889221,0.3724016547203064,0.6452707052230835,0.3544259071350097,0.6413911581039429,0.3573600649833679,0.6431220173835754,0.3538764119148254,0.6206143498420715,0.3738798797130584,0.6259617805480957,0.370756983757019,0.6279497742652893,0.3729130625724792,0.6186342239379883,0.376684695482254,0.6190727353096008,0.3748495578765869,0.6347084045410156,0.3601984679698944,0.6313706040382385,0.3698234558105469,0.6248178482055664,0.3718368113040924
1395,1395,test,10383,0.513052761554718,0.4489712715148926,0.5266992449760437,0.4376582503318786,0.5223097801208496,0.4422245621681213,0.5229523181915283,0.4406434595584869,0.5102986693382263,0.448758989572525,0.5130349397659302,0.4484325051307678,0.5125749707221985,0.448573499917984,0.5101243257522583,0.4488678872585296,0.5114625096321106,0.4476443529129028,0.5215438604354858,0.4413690567016601,0.5138285756111145,0.448343425989151,0.511491596698761,0.4475008249282837
1396,1396,test,9926,0.5444280505180359,0.4401569366455078,0.5576069355010986,0.428607314825058,0.5505676865577698,0.4331909716129303,0.5539075136184692,0.4315633773803711,0.5416940450668335,0.4402851164340973,0.5437747240066528,0.4401683211326599,0.5435605049133301,0.440264880657196,0.5396773815155029,0.4405254125595093,0.541617751121521,0.4389800131320953,0.5540351271629333,0.4321175515651703,0.5439995527267456,0.440116673707962,0.5438294410705566,0.4388594925403595
1397,1397,test,10319,0.4832458794116974,0.459814190864563,0.4946712851524353,0.4471714794635772,0.4928953051567077,0.4543189108371734,0.4902266263961792,0.4510524570941925,0.4795559644699096,0.4590444564819336,0.4832271039485931,0.458483874797821,0.4823014736175537,0.4593487679958343,0.4816147685050964,0.4598457813262939,0.4830467998981476,0.4595135748386383,0.4884012639522552,0.4525999128818512,0.4850402474403381,0.458948940038681,0.4805862605571747,0.4583192467689514
1398,1398,train,9900,0.5154750347137451,0.4487431049346924,0.5288452506065369,0.4378676116466522,0.5241146683692932,0.4424360990524292,0.5251992344856262,0.4406709671020508,0.5128428936004639,0.4482624232769012,0.5151398777961731,0.4485063552856445,0.51474928855896,0.4485708177089691,0.5126686096191406,0.4488672912120819,0.5136033892631531,0.4478058815002441,0.523964524269104,0.4416264593601227,0.5162343978881836,0.4482587277889251,0.5136203765869141,0.447467029094696
1399,1399,test,10264,0.4863193333148956,0.4510502517223358,0.4967376887798309,0.4398532807826996,0.497158795595169,0.4461895525455475,0.4937037825584411,0.442528486251831,0.4830890893936157,0.4506723582744598,0.4859400391578674,0.4497511982917785,0.4851875901222229,0.4507826864719391,0.4855005145072937,0.4507489800453186,0.4862141609191894,0.4509148001670837,0.4919300079345703,0.4442243874073028,0.4882119297981262,0.4506055414676666,0.4835881888866424,0.4498513340950012
1400,1400,train,10103,0.6190853714942932,0.3662294149398803,0.6407332420349121,0.3454325199127197,0.6364708542823792,0.3485338687896728,0.6390032172203064,0.3452430963516235,0.613130509853363,0.3678935766220093,0.6191973686218262,0.3643529117107391,0.6222386956214905,0.3645722568035126,0.6140870451927185,0.3687681853771209,0.6127399206161499,0.3680993318557739,0.6295888423919678,0.3518056273460388,0.6250849366188049,0.363080769777298,0.6186322569847107,0.3644116520881653
1401,1401,train,9476,0.4645325243473053,0.4588718116283417,0.4740781486034393,0.4489243626594543,0.4739582538604736,0.4543268382549286,0.4694969058036804,0.4527598619461059,0.460886001586914,0.4597005248069763,0.4646287858486175,0.4576313495635986,0.4634672105312347,0.4587905406951904,0.4628298580646515,0.4596448540687561,0.4627495408058166,0.4603123962879181,0.4712826013565063,0.4513421058654785,0.4664064347743988,0.4596784114837646,0.4621753692626953,0.4580689668655395
1402,1402,train,9966,0.6127829551696777,0.3850045204162597,0.6302576065063477,0.3690651059150696,0.6241433620452881,0.37412029504776,0.6279717683792114,0.3699845969676971,0.6094452738761902,0.3858264684677124,0.6129103302955627,0.3844346702098846,0.6135300397872925,0.3847592175006866,0.6071999073028564,0.386804461479187,0.6076134443283081,0.3849570751190185,0.6212844252586365,0.3732025325298309,0.6165643930435181,0.3843581080436706,0.6108773350715637,0.383959025144577
1403,1403,train,9022,0.5251471996307373,0.4474007785320282,0.5366677641868591,0.4371099174022674,0.5317491888999939,0.4417069554328918,0.5340807437896729,0.4397598505020141,0.5225406885147095,0.4468342959880829,0.5244411826133728,0.4471841752529144,0.524499237537384,0.4474408328533172,0.5223433971405029,0.447265625,0.5233597159385681,0.4462132453918457,0.5329627394676208,0.4405047297477722,0.5249602198600769,0.4474729895591736,0.5234605669975281,0.4462730884552002
1404,1404,train,10275,0.5066666007041931,0.453269213438034,0.5187239646911621,0.4426352977752685,0.5144632458686829,0.4481922388076782,0.5156177878379822,0.4455198645591736,0.5039305686950684,0.4526114761829376,0.5064308047294617,0.4523196518421173,0.5062751770019531,0.4527616202831268,0.5040665864944458,0.4536870419979095,0.5050123333930969,0.4524255096912384,0.5139300227165222,0.446723997592926,0.5075730681419373,0.4528868794441223,0.5047797560691833,0.4516933262348175
1405,1405,train,9592,0.5916534066200256,0.4061384201049804,0.6066756844520569,0.3921416401863098,0.5992454290390015,0.3980210721492767,0.6042067408561707,0.394246906042099,0.5891047716140747,0.4066099226474762,0.5914587378501892,0.4058157801628113,0.591564416885376,0.4060947000980377,0.5865645408630371,0.407343178987503,0.5878974199295044,0.4052600264549255,0.600441575050354,0.3954234421253204,0.5933298468589783,0.4064496457576751,0.590703010559082,0.4044173657894134
1406,1406,train,9237,0.4996766746044159,0.4618981480598449,0.5130026340484619,0.4502174854278564,0.5087693333625793,0.4555008709430694,0.5087006092071533,0.4537117183208465,0.4969683587551117,0.4610309898853302,0.4992733299732208,0.4608761668205261,0.4992691278457641,0.4614344537258148,0.4973637163639068,0.4623410105705261,0.498334676027298,0.4609398245811462,0.5078778862953186,0.4543843865394592,0.5011141896247864,0.4610711634159088,0.498226523399353,0.4603276550769806
1407,1407,test,10081,0.5026580095291138,0.4480423033237457,0.514387845993042,0.4376086294651031,0.5112340450286865,0.4426001608371734,0.5108771920204163,0.4398461580276489,0.5002560615539551,0.4480262100696563,0.5023530721664429,0.4478539824485779,0.5021963715553284,0.447814792394638,0.5004777908325195,0.4480005502700805,0.501121461391449,0.4473777413368225,0.5093111991882324,0.4414092302322387,0.5035978555679321,0.4477690160274505,0.500851035118103,0.4466739296913147
1408,1408,train,10076,0.5902864336967468,0.4059489667415619,0.6063794493675232,0.3918676078319549,0.5995944142341614,0.3973836600780487,0.6038682460784912,0.3939206600189209,0.587139368057251,0.4068107306957245,0.5898277759552002,0.4060305655002594,0.590448260307312,0.405826061964035,0.585536003112793,0.4067930877208709,0.5867751240730286,0.4050346314907074,0.5990055799484253,0.3953436613082886,0.5928385257720947,0.406189501285553,0.5890293717384338,0.404456615447998
1409,1409,train,10534,0.4931258857250213,0.4499278664588928,0.4979645907878876,0.4416170120239258,0.4985919296741485,0.4455485343933105,0.4947214126586914,0.444285899400711,0.4910491406917572,0.4494998157024383,0.492745041847229,0.4497375786304474,0.4920660257339477,0.4498773217201233,0.4902184307575226,0.4480347633361816,0.4911967515945434,0.4484128057956695,0.4952846169471741,0.4455443918704986,0.494683176279068,0.4503893554210663,0.4905322790145874,0.4485646784305572
1410,1410,test,10307,0.502682626247406,0.4527838230133056,0.5141125917434692,0.4415894150733948,0.510675311088562,0.4477170407772064,0.5106605887413025,0.4446253776550293,0.5000592470169067,0.4523640275001526,0.5024599432945251,0.4522598087787628,0.501772940158844,0.4525776505470276,0.4997586011886596,0.4530649483203888,0.5008251070976257,0.452467679977417,0.509499192237854,0.4456270337104797,0.5039026737213135,0.4524962604045868,0.500825047492981,0.4510368108749389
1411,1411,train,8965,0.523326575756073,0.444021612405777,0.5370506644248962,0.4330732524394989,0.5318655371665955,0.4376272857189178,0.5334920883178711,0.4359498023986816,0.5211256742477417,0.4435811638832092,0.5233845710754395,0.4435983598232269,0.5229146480560303,0.4438538551330566,0.5202682018280029,0.4442023336887359,0.5214331150054932,0.4430647194385528,0.5323323607444763,0.4366823732852936,0.5246806740760803,0.4431788623332977,0.5218591690063477,0.4428956210613251
1412,1412,test,9316,0.4949918389320373,0.4448556005954742,0.5046033263206482,0.4327837824821472,0.5049746632575989,0.4400658309459686,0.5026156306266785,0.4361243546009063,0.4906861782073974,0.4440760016441345,0.494213730096817,0.4440355598926544,0.4936485886573791,0.4447506666183471,0.4936824142932892,0.4442460834980011,0.4939534664154053,0.4443195760250091,0.4996394217014313,0.4373400509357452,0.4960873425006866,0.4454744756221771,0.4918048977851867,0.4432193040847778
1413,1413,train,10366,0.5676361918449402,0.4284256100654602,0.5816792249679565,0.4155353009700775,0.5744307637214661,0.4201431274414062,0.5788519382476807,0.4185643792152405,0.5657793283462524,0.4282047748565674,0.5674293041229248,0.4278640747070312,0.5648511648178101,0.4295325875282287,0.5609205365180969,0.4301083981990814,0.5626029372215271,0.4283143281936645,0.5751999616622925,0.4203100204467773,0.5682716369628906,0.4284664988517761,0.5648943781852722,0.4282290637493133
1414,1414,test,9744,0.4740584194660187,0.4632466733455658,0.4848289787769317,0.4494727551937103,0.4845396876335144,0.4562064409255981,0.4804101586341858,0.4542617797851562,0.4702726006507873,0.4623324573040008,0.4732719361782074,0.4621132016181946,0.4729014039039612,0.4622485339641571,0.472186267375946,0.4632835686206817,0.4728434681892395,0.4626133143901825,0.4797631502151489,0.4553142488002777,0.4757049083709717,0.4613585174083709,0.4713292121887207,0.4616842865943908
1415,1415,train,9565,0.6238617897033691,0.3626012504100799,0.6455399394035339,0.3411490321159363,0.641572892665863,0.3435374498367309,0.6440500020980835,0.3409185707569122,0.6173465251922607,0.3653178513050079,0.623793363571167,0.3607936501502991,0.6274453401565552,0.3605761229991913,0.6181670427322388,0.3648949563503265,0.6166174411773682,0.3644095063209533,0.6338005065917969,0.3476350605487823,0.6295634508132935,0.3592815101146698,0.6225196719169617,0.3608051240444183
1416,1416,train,9438,0.480773776769638,0.461334228515625,0.4917405545711517,0.4482177197933197,0.4908903241157532,0.4555037021636963,0.4874725043773651,0.4528093338012695,0.4771246910095215,0.4607221484184265,0.4801151156425476,0.4600088000297546,0.4794630110263824,0.4610089957714081,0.4793380796909332,0.461290568113327,0.4799606502056122,0.4609213471412658,0.4853153526782989,0.4539577960968017,0.482046514749527,0.4605010151863098,0.4778414666652679,0.4601287543773651
1417,1417,test,10168,0.639123797416687,0.3425505459308624,0.659504771232605,0.321681946516037,0.6548633575439453,0.3230725526809692,0.6576367616653442,0.320771723985672,0.631364107131958,0.3458680212497711,0.6394296288490295,0.3398691415786743,0.6430634260177612,0.339568942785263,0.633316695690155,0.3459281623363495,0.6310678124427795,0.3465445339679718,0.6474687457084656,0.3292755782604217,0.6429672241210938,0.3390791714191437,0.637929379940033,0.3412154912948608
1418,1418,train,10411,0.4643058478832245,0.4552356898784637,0.473166286945343,0.4424870312213897,0.4740877449512481,0.4494225680828094,0.469370573759079,0.446631520986557,0.4603702127933502,0.4550127983093261,0.4636125266551971,0.4548176825046539,0.4626985490322113,0.4553817808628082,0.4630073606967926,0.4553046822547912,0.4633856415748596,0.4553840160369873,0.4683229029178619,0.4478241503238678,0.4654273688793182,0.4548794627189636,0.4613454937934875,0.4539869427680969
1419,1419,train,8933,0.4940802454948425,0.4561071097850799,0.5071610808372498,0.4445149004459381,0.503800630569458,0.4497053623199463,0.5040699243545532,0.4477995336055755,0.492251992225647,0.4556162059307098,0.4945320785045624,0.4553785324096679,0.493721455335617,0.4559445977210998,0.4920205473899841,0.4565116465091705,0.4931247234344482,0.4552886188030243,0.5015337467193604,0.4488494396209717,0.4962437152862549,0.4552253186702728,0.4920250475406647,0.4547951817512512
1420,1420,test,10174,0.6204258799552917,0.3728113770484924,0.6397098302841187,0.3548094630241394,0.6348868608474731,0.3583992421627044,0.6379215121269226,0.3548784255981445,0.6160357594490051,0.3742567896842956,0.6208281517028809,0.3714649975299835,0.6222065091133118,0.3727904260158539,0.6137844920158386,0.3759220838546753,0.6139869093894958,0.374089777469635,0.6295482516288757,0.3600824177265167,0.6258327960968018,0.3705072104930877,0.6189129948616028,0.3716895282268524
1421,1421,train,10574,0.5252914428710938,0.4466114342212677,0.5366491675376892,0.435790091753006,0.5321811437606812,0.4404612481594085,0.5346072316169739,0.438448816537857,0.5229396820068359,0.4463370144367218,0.5250838398933411,0.446031391620636,0.5246726870536804,0.4464035332202911,0.5224400162696838,0.4465109705924988,0.5235570669174194,0.4453966617584228,0.532778263092041,0.4391572177410126,0.5257127285003662,0.446702629327774,0.523615300655365,0.4450117349624634
1422,1422,test,9426,0.4927481710910797,0.4581276178359985,0.5064043998718262,0.4464776217937469,0.5031304359436035,0.4517561793327331,0.5020666718482971,0.4499478936195373,0.4903675615787506,0.4576542377471924,0.4930252134799957,0.4570747017860412,0.4922684133052826,0.4578121900558471,0.490667462348938,0.4587070047855377,0.4917573928833008,0.4574936032295227,0.5007327198982239,0.4505509436130523,0.494442343711853,0.4569673836231231,0.4911775887012481,0.4563972949981689
1423,1423,train,10598,0.628318727016449,0.3598953783512115,0.6494780778884888,0.3395292460918426,0.6451343894004822,0.3420403003692627,0.647674560546875,0.3390650451183319,0.6221551895141602,0.3618491888046264,0.6284234523773193,0.35761359333992,0.6317967772483826,0.3585422337055206,0.6227197647094727,0.3629429936408996,0.6219235062599182,0.36176198720932,0.6387152671813965,0.3457608222961426,0.6333197951316833,0.3567169308662414,0.6275033354759216,0.3584952354431152
1424,1424,train,9929,0.5723163485527039,0.4256825745105743,0.5852806568145752,0.4139904379844665,0.5780681371688843,0.4189312756061554,0.5828506350517273,0.4165683388710022,0.5699737668037415,0.425792247056961,0.5717774033546448,0.4256146550178528,0.5712344646453857,0.4261984229087829,0.5672745704650879,0.4262058734893799,0.5689416527748108,0.4244904220104217,0.580642819404602,0.4172247946262359,0.572888195514679,0.4259018003940582,0.5711262226104736,0.4247576594352722
1425,1425,train,8892,0.580944836139679,0.4182375967502594,0.5953570604324341,0.4048346281051636,0.5874759554862976,0.4108598530292511,0.5925344228744507,0.4073473513126373,0.5779001712799072,0.4184920489788055,0.5800474286079407,0.4181360602378845,0.5799040794372559,0.418499618768692,0.5755785703659058,0.418963223695755,0.5771312117576599,0.4171200096607208,0.5897577404975891,0.4080286920070648,0.5811703205108643,0.4196183979511261,0.5792268514633179,0.4171033799648285
1426,1426,train,9197,0.5405718684196472,0.4324885308742523,0.5527781844139099,0.4216620028018951,0.5472376942634583,0.4255598187446594,0.5504933595657349,0.4233811795711517,0.5387881994247437,0.4320617318153381,0.540565013885498,0.4315198957920074,0.5390090346336365,0.432550847530365,0.5359437465667725,0.4326362311840057,0.5374340415000916,0.4313263893127441,0.5481147170066833,0.4251564145088196,0.5407818555831909,0.4323091506958008,0.538472056388855,0.4314735233783722
1427,1427,train,9581,0.6458224654197693,0.3382665812969208,0.6641505360603333,0.3190959692001343,0.6603744029998779,0.3197362124919891,0.6625925302505493,0.3175611495971679,0.6369134187698364,0.3406921625137329,0.6449941396713257,0.3352229297161102,0.6498633027076721,0.3358372151851654,0.641880989074707,0.3413605093955993,0.6393395066261292,0.3422843515872955,0.6538898944854736,0.3269904553890228,0.6481515169143677,0.3350495100021362,0.6461496949195862,0.3370982110500335
1428,1428,train,9381,0.5575670599937439,0.4258501231670379,0.570617139339447,0.4145124852657318,0.5636438131332397,0.4200051426887512,0.5684249997138977,0.4170233309268951,0.5553949475288391,0.4254572093486786,0.5568954348564148,0.4255301058292389,0.5566757917404175,0.4259890019893646,0.5533633232116699,0.4261605441570282,0.5547762513160706,0.4246134757995605,0.5658851265907288,0.4176801443099975,0.5581165552139282,0.4263865649700165,0.5560967922210693,0.4245211780071258
1429,1429,train,10011,0.6290872693061829,0.3648024797439575,0.6507191061973572,0.3433841168880462,0.6450669765472412,0.3461880683898926,0.6479182243347168,0.3432832360267639,0.6216223835945129,0.3671062886714935,0.6288502216339111,0.3626249730587005,0.6324771642684937,0.3645072877407074,0.6225828528404236,0.3694610297679901,0.6219549179077148,0.368402749300003,0.6384677886962891,0.3523253798484802,0.633540689945221,0.3616169691085815,0.6279858946800232,0.3647098541259765
1430,1430,test,10368,0.5320308208465576,0.440212070941925,0.5457555055618286,0.4287198185920715,0.5397806763648987,0.4332228302955627,0.5427557229995728,0.4312481880187988,0.5301313400268555,0.4397932589054107,0.5324944257736206,0.4392759203910827,0.5301663279533386,0.4402631819248199,0.5266152620315552,0.4410190880298614,0.5282136797904968,0.4394404888153076,0.5401083827018738,0.4325750172138214,0.5323437452316284,0.4401473104953766,0.5296819806098938,0.4391876459121704
1431,1431,test,9323,0.6364362835884094,0.342633306980133,0.6567533016204834,0.321700781583786,0.6523151993751526,0.3231205344200134,0.6550180315971375,0.3207010924816131,0.6280965805053711,0.3455552160739898,0.6361221671104431,0.3398608267307281,0.6408021450042725,0.3395046889781952,0.6314391493797302,0.3456245064735412,0.6289210319519043,0.3463560342788696,0.6453486084938049,0.3292314112186432,0.6398626565933228,0.339294970035553,0.6356807351112366,0.3410685360431671
1432,1432,train,9274,0.5740501880645752,0.4229643046855926,0.5880351066589355,0.4104632437229156,0.5803208947181702,0.4159406125545501,0.5858860611915588,0.4126075506210327,0.5721002221107483,0.4226064085960388,0.5737634301185608,0.42236328125,0.5722923874855042,0.4237032830715179,0.5681377649307251,0.4241827726364136,0.5699575543403625,0.4222668409347534,0.582459568977356,0.4137195348739624,0.5746774673461914,0.4233219027519226,0.5722624659538269,0.4218509793281555
1433,1433,test,9922,0.6131318807601929,0.3859256207942962,0.631923258304596,0.3680746257305145,0.6263770461082458,0.372647762298584,0.6293367743492126,0.3697239756584167,0.6088302135467529,0.3873715698719024,0.613308846950531,0.3851514160633087,0.6142916083335876,0.3861854374408722,0.607313871383667,0.3885799646377563,0.6075931787490845,0.3868489265441894,0.6216455101966858,0.3738546073436737,0.6183098554611206,0.3847908973693847,0.6115345358848572,0.385285347700119
1434,1434,train,9808,0.6303721070289612,0.355854332447052,0.6522488594055176,0.3340155482292175,0.6481241583824158,0.3358959555625915,0.6504440903663635,0.3338228762149811,0.6237617135047913,0.3588550388813019,0.6312161087989807,0.3534376323223114,0.6344183087348938,0.3533973395824432,0.6245800852775574,0.3588641285896301,0.6227325797080994,0.3585874438285827,0.6401708722114563,0.3412454724311828,0.6360214352607727,0.3520179688930511,0.6293604969978333,0.3543346226215362
1435,1435,test,9264,0.491296112537384,0.460267961025238,0.5021076798439026,0.446793794631958,0.5006600618362427,0.4541109502315521,0.498602420091629,0.4511677026748657,0.4874263107776642,0.4590937495231628,0.4907679259777069,0.4592355489730835,0.4900369942188263,0.4599977433681488,0.4890542030334472,0.4606523215770721,0.4894251525402069,0.4597579836845398,0.4973369836807251,0.4523842930793762,0.4927448034286499,0.4593114852905273,0.4886915683746338,0.4588304460048675
1436,1436,train,9691,0.6281768679618835,0.3522339165210724,0.6494016647338867,0.3318283855915069,0.6461372971534729,0.3335667848587036,0.6479223966598511,0.3309642374515533,0.6213235855102539,0.3548217117786407,0.6279407143592834,0.3502511084079742,0.6318506598472595,0.349647581577301,0.6234102249145508,0.3544203042984009,0.6216067671775818,0.3540974259376526,0.6386890411376953,0.3374163508415222,0.6327797770500183,0.3498409390449524,0.6270591616630554,0.3506452739238739
1437,1437,train,9963,0.4886432886123657,0.4558253288269043,0.5007055997848511,0.442999392747879,0.4984346926212311,0.4495536386966705,0.4965024292469024,0.4470153748989105,0.4851992428302765,0.4550246596336365,0.4881577491760254,0.4549275934696197,0.4873473048210144,0.4554705917835235,0.4866345226764679,0.4558711946010589,0.4875416159629822,0.4552876651287079,0.4946124255657196,0.4480327069759369,0.4894741475582123,0.4552337229251861,0.4858468174934387,0.4543367624282837
1438,1438,train,9147,0.4932305216789245,0.4614372551441192,0.5064449310302734,0.4497755765914917,0.5032995939254761,0.455139547586441,0.5020501017570496,0.453160285949707,0.4907215535640716,0.4610390961170196,0.4933420121669769,0.4604358077049255,0.4925780892372131,0.4611104428768158,0.4907217621803283,0.4622822105884552,0.4916320145130157,0.4608886241912842,0.5004321336746216,0.45435631275177,0.4948366284370422,0.4602000713348388,0.4910596013069153,0.4600842297077179
1439,1439,test,10543,0.5445193648338318,0.4354518949985504,0.5574873685836792,0.4240174293518066,0.5507658123970032,0.4289001822471618,0.5540626049041748,0.4268076419830322,0.5422258973121643,0.4350183308124542,0.5440335869789124,0.4350912868976593,0.5433605909347534,0.4354841709136963,0.5398392081260681,0.4354741871356964,0.5415481328964233,0.4340057969093323,0.5536649823188782,0.4269462823867798,0.5441011190414429,0.435929000377655,0.5432568192481995,0.4338204860687256
1440,1440,train,9655,0.6210864186286926,0.3763964176177978,0.6406580209732056,0.3575604856014251,0.6354483366012573,0.3611927032470703,0.6386151313781738,0.3580313324928283,0.6162019371986389,0.3772196471691131,0.6213999390602112,0.374663382768631,0.6225531697273254,0.3773308992385864,0.6141753196716309,0.3810915350914001,0.6149396300315857,0.3785672187805176,0.6290486454963684,0.3655276000499725,0.6264201998710632,0.3733071088790893,0.6192057132720947,0.3770345747470855
1441,1441,test,9261,0.6398130655288696,0.3465693295001983,0.6594990491867065,0.3266212344169616,0.654915452003479,0.327796995639801,0.6571753621101379,0.325608342885971,0.6317178606987,0.3490298390388489,0.6392269134521484,0.3438980281352997,0.6442565321922302,0.3442396521568298,0.6347513198852539,0.3501396477222442,0.6332887411117554,0.3501129448413849,0.6485897898674011,0.3347160518169403,0.6431306004524231,0.3429730534553528,0.6397403478622437,0.3454888761043548
1442,1442,train,9974,0.6230780482292175,0.364220917224884,0.6443488001823425,0.3439855277538299,0.6396157741546631,0.3468127846717834,0.6426044702529907,0.343085378408432,0.6167131066322327,0.3660763204097748,0.6232419013977051,0.3621928989887237,0.627349317073822,0.3628109395503998,0.6184301376342773,0.3674114644527435,0.617716372013092,0.3661412894725799,0.633715808391571,0.3502988815307617,0.6286560893058777,0.3608947694301605,0.6232447624206543,0.3629942834377289
1443,1443,train,10288,0.4687781035900116,0.4638123214244842,0.477739006280899,0.4507536888122558,0.477837473154068,0.4575543701648712,0.4739343822002411,0.455141931772232,0.4646680653095245,0.4627766609191894,0.4680977761745453,0.4617968797683716,0.4671843945980072,0.463083416223526,0.466507077217102,0.4639472663402557,0.4673812389373779,0.463138997554779,0.4730004966259002,0.4556931853294372,0.4705364406108856,0.4626182615756988,0.465817779302597,0.4620075225830078
1444,1444,train,9057,0.5812116861343384,0.4169371128082275,0.5966312289237976,0.4037501215934753,0.5889618396759033,0.4092095792293548,0.5939003825187683,0.4059139788150787,0.5795798301696777,0.4165361821651459,0.5817121267318726,0.4160295128822326,0.5796361565589905,0.4177516996860504,0.5744826793670654,0.4187768101692199,0.576729416847229,0.4165069460868835,0.5890581011772156,0.4081799387931824,0.5832465887069702,0.4169704914093017,0.5792473554611206,0.4163117110729217
1445,1445,train,9318,0.6299211978912354,0.3509975671768188,0.6506390571594238,0.3302529156208038,0.6467272043228149,0.3314054012298584,0.6494768857955933,0.3288764357566833,0.6226747035980225,0.353908360004425,0.6303917765617371,0.3481364548206329,0.6342638731002808,0.3477960228919983,0.6247623562812805,0.3537040054798126,0.6228322982788086,0.3538200855255127,0.6392054557800293,0.3372394740581512,0.6347156167030334,0.3473550081253052,0.6291733980178833,0.3493117094039917
1446,1446,train,10322,0.5099447965621948,0.4529350101947784,0.5243029594421387,0.4409027695655823,0.5198318958282471,0.4462152421474457,0.5199941992759705,0.4439361095428467,0.5073777437210083,0.4522983729839325,0.5099254250526428,0.4519358873367309,0.5091084837913513,0.4527227282524109,0.5073277354240417,0.453454852104187,0.5078169107437134,0.4520222842693329,0.5184867978096008,0.4452177584171295,0.5113218426704407,0.4520813822746277,0.5078011155128479,0.4514629542827606
1447,1447,test,10533,0.6207868456840515,0.3652666509151459,0.6418901681900024,0.3449495434761047,0.6375604867935181,0.348032683134079,0.6403249502182007,0.3445179164409637,0.6151389479637146,0.3674967288970947,0.6212280988693237,0.3634705543518066,0.6237894296646118,0.3634600341320038,0.6150065660476685,0.3675228953361511,0.613631546497345,0.3670385479927063,0.6308059096336365,0.350364625453949,0.626528799533844,0.3626653850078583,0.61952143907547,0.3632774651050567
1448,1448,train,10339,0.6156215071678162,0.3780667781829834,0.635125994682312,0.3596788942813873,0.6304401159286499,0.3638479113578796,0.6328960657119751,0.3606120944023132,0.6108120679855347,0.3797705173492431,0.6157466173171997,0.3771693110466003,0.6172643303871155,0.3773512840270996,0.6100602746009827,0.3800391256809234,0.6094853281974792,0.3786945343017578,0.6245869398117065,0.3646967709064483,0.6217803955078125,0.3757087290287018,0.6138547658920288,0.3765836954116821
1449,1449,train,9437,0.6185421347618103,0.3828195333480835,0.6374291181564331,0.3651503622531891,0.6317791938781738,0.3687029182910919,0.6356729865074158,0.3658897578716278,0.6150191426277161,0.3828058242797851,0.6190187931060791,0.3810339868068695,0.6172597408294678,0.385208398103714,0.6095869541168213,0.388300746679306,0.6106036305427551,0.3858892917633056,0.6251491904258728,0.3736021220684051,0.6244028806686401,0.3796626925468445,0.6150203347206116,0.3843936622142792
1450,1450,train,8939,0.4988456964492798,0.4609247744083404,0.5113222599029541,0.4482363164424896,0.508087694644928,0.4549467265605926,0.5067762732505798,0.4524164795875549,0.4962663948535919,0.4603035748004913,0.4989675283432007,0.4599219858646393,0.4982588291168213,0.4602476060390472,0.4967759251594543,0.4612622857093811,0.4976022243499756,0.4602709710597992,0.5056226849555969,0.452542096376419,0.5005508065223694,0.460292100906372,0.4974360764026642,0.4589556753635406
1451,1451,test,8961,0.5807291269302368,0.4167362749576568,0.5960295796394348,0.4026167094707489,0.5882836580276489,0.4082397222518921,0.5932091474533081,0.40480437874794,0.5781590938568115,0.4171285629272461,0.580208420753479,0.4164266586303711,0.5799849629402161,0.4168474972248077,0.5750007033348083,0.4179973304271698,0.5766728520393372,0.4160142540931701,0.5897625684738159,0.4060474932193756,0.5819929838180542,0.4171651899814605,0.5794429779052734,0.4153344631195068
1452,1452,train,10263,0.5452978014945984,0.4394626915454864,0.5580050349235535,0.4281060099601745,0.5516718029975891,0.4322468638420105,0.5549266934394836,0.4307205379009247,0.5429251194000244,0.4391682147979736,0.5446634292602539,0.4391040503978729,0.5438937544822693,0.4396650493144989,0.5405195355415344,0.4398283064365387,0.5422322154045105,0.4382336139678955,0.5538142323493958,0.4313943386077881,0.5453311800956726,0.4393478333950043,0.5441098809242249,0.4379879534244537
1453,1453,train,10580,0.4712289273738861,0.4583671391010284,0.4810485243797302,0.4448739886283874,0.4811351597309112,0.4525392651557922,0.4772506058216095,0.4490242898464203,0.467668741941452,0.4576068818569183,0.4713385999202728,0.4572390019893646,0.4701212346553802,0.4580874443054199,0.4699342250823974,0.4581759572029114,0.4709001779556274,0.4582237005233764,0.4763728678226471,0.4499089419841766,0.472843199968338,0.4572311639785766,0.4682060480117798,0.457010418176651
1454,1454,train,9379,0.5851712822914124,0.4140549004077911,0.5993791818618774,0.4010179936885834,0.5922663807868958,0.4059908986091614,0.5967836976051331,0.4032291769981384,0.5829215049743652,0.4142416417598724,0.5846878886222839,0.413587212562561,0.5835555195808411,0.4150392115116119,0.5785446166992188,0.4157753884792328,0.5806399583816528,0.4134764671325683,0.5931907296180725,0.404619425535202,0.5859474539756775,0.4145634770393371,0.5833967328071594,0.4130861759185791
1455,1455,test,9116,0.4897119998931885,0.4604356586933136,0.5025811195373535,0.44859778881073,0.4989431202411651,0.4535996913909912,0.4983344972133636,0.4522445797920227,0.4877265691757202,0.459703266620636,0.4898586571216583,0.4592939019203186,0.4894579350948334,0.4599301517009735,0.4874038398265838,0.4609288275241852,0.4883739650249481,0.4595980644226074,0.4977326095104217,0.4524179100990295,0.4916169643402099,0.4589408338069916,0.4880402088165283,0.4592386782169342
1456,1456,train,10520,0.5199853181838989,0.4378140270709991,0.5310046672821045,0.427247405052185,0.5278629660606384,0.432442158460617,0.5294609665870667,0.4291771948337555,0.5175553560256958,0.4372411072254181,0.5192991495132446,0.4372159540653229,0.5192832946777344,0.4378373920917511,0.5184277296066284,0.4374257922172546,0.5189621448516846,0.4364918172359466,0.5262168645858765,0.4307943284511566,0.5207936763763428,0.4384194910526275,0.5178068280220032,0.4363144934177398
1457,1457,test,10052,0.5029122233390808,0.4538843035697937,0.5161126255989075,0.4431403577327728,0.5120123624801636,0.448047935962677,0.5121147632598877,0.4462418258190155,0.5002343058586121,0.4532090723514557,0.503267765045166,0.4526911973953247,0.5027753710746765,0.4532786309719085,0.5006440877914429,0.454125702381134,0.5013537406921387,0.4532287418842315,0.511333703994751,0.4468383491039276,0.5045968890190125,0.452857494354248,0.5013784766197205,0.4524117708206177
1458,1458,test,9023,0.6152498722076416,0.3807175159454345,0.634605884552002,0.3624662756919861,0.6297396421432495,0.3663312494754791,0.6322713494300842,0.3629997670650482,0.6105901002883911,0.3819872140884399,0.615622878074646,0.3793603479862213,0.6173694133758545,0.3806769549846649,0.6092777252197266,0.3838371038436889,0.6094934344291687,0.382067859172821,0.6238399147987366,0.3688121140003204,0.6208221316337585,0.3783723413944244,0.6141133904457092,0.3799197971820831
1459,1459,train,10487,0.4749041497707367,0.4643665850162506,0.4856402575969696,0.4508592486381531,0.4850686192512512,0.4572455286979675,0.4812967181205749,0.455274373292923,0.4712234139442444,0.4632724225521087,0.4743978977203369,0.4628631770610809,0.4735314548015594,0.4637963771820068,0.4725988507270813,0.4648375511169433,0.4733975231647491,0.4640499055385589,0.4798281490802765,0.4565304517745971,0.4760197699069977,0.4630299508571625,0.4719608724117279,0.4629691243171692
1460,1460,test,9492,0.5559116005897522,0.4272315502166748,0.569261372089386,0.4163822829723358,0.5623512268066406,0.4215691089630127,0.5676566958427429,0.4181947708129883,0.5538852214813232,0.4269561767578125,0.5556551218032837,0.4269759058952331,0.5546591281890869,0.4278062582015991,0.5514346957206726,0.4277676343917846,0.5530242919921875,0.4263629913330078,0.5640615224838257,0.4194560647010803,0.5568785071372986,0.4281370043754577,0.5543580651283264,0.4261998236179352
1461,1461,train,9741,0.4837009012699127,0.4584136307239532,0.4957225918769836,0.4440573453903198,0.4940002858638763,0.4519983828067779,0.4908387959003448,0.4488147497177124,0.480529636144638,0.4577419757843017,0.4840883314609527,0.4571881592273712,0.4828375875949859,0.4578099250793457,0.4818284213542938,0.4587142765522003,0.4833705723285675,0.4581808745861053,0.4894115626811981,0.4494490921497345,0.4859822690486908,0.4572793245315552,0.4813346564769745,0.4563860893249511
1462,1462,train,9247,0.4828669428825378,0.4541358351707458,0.4929718375205993,0.4410277903079986,0.4929039478302002,0.4485829174518585,0.4893622100353241,0.4453744292259216,0.4780472218990326,0.453910619020462,0.4828326106071472,0.4522842466831207,0.4815887808799743,0.4538556635379791,0.4812833070755005,0.4542266130447387,0.4820516705513,0.4544610381126404,0.4877091348171234,0.4473468959331512,0.4844883680343628,0.4531987011432647,0.4797635972499847,0.4526882171630859
1463,1463,train,9235,0.5380458831787109,0.4418581426143646,0.5512742400169373,0.4306546449661255,0.5446582436561584,0.4355591535568237,0.547565758228302,0.4334207773208618,0.5352539420127869,0.4418353736400604,0.5373563766479492,0.4417609870433807,0.5376019477844238,0.4417378604412079,0.5343480110168457,0.4418125748634338,0.5357632637023926,0.4403931200504303,0.5473080277442932,0.4341073930263519,0.5375684499740601,0.4419441819190979,0.5372350811958313,0.4404329657554626
1464,1464,train,10021,0.5828093886375427,0.4133053123950958,0.5980691313743591,0.3997755944728851,0.5904929041862488,0.4050011932849884,0.5962406992912292,0.4013691246509552,0.5808029174804688,0.4131131172180176,0.5829347968101501,0.41239133477211,0.581705629825592,0.4138657748699188,0.5765928030014038,0.4151201248168945,0.5784661173820496,0.4128391742706299,0.5913885235786438,0.4037588238716125,0.584874153137207,0.4127621352672577,0.5814401507377625,0.412171721458435
1465,1465,test,10020,0.5273652076721191,0.4466427266597748,0.5399483442306519,0.4362396597862243,0.5351427793502808,0.4404406547546386,0.5367676019668579,0.4389238953590393,0.525007963180542,0.4460746049880981,0.5269410014152527,0.4461768269538879,0.5261169672012329,0.4466698467731476,0.523217499256134,0.4467999339103699,0.5244923830032349,0.445616602897644,0.5356996059417725,0.4396913647651672,0.5275978446006775,0.4462841749191284,0.5257361531257629,0.4455189108848572
1466,1466,train,10484,0.5149149894714355,0.4483612775802612,0.5265190005302429,0.4375233054161072,0.5229280591011047,0.4425861537456512,0.5242323279380798,0.4403312504291534,0.5123452544212341,0.4478847980499267,0.5144986510276794,0.447839081287384,0.5147584080696106,0.4482510685920715,0.513451099395752,0.4482641816139221,0.5141512155532837,0.4473079144954681,0.522433876991272,0.4413213431835174,0.5162593126296997,0.4486661255359649,0.5131270885467529,0.447124570608139
1467,1467,test,9681,0.6282258629798889,0.3597746789455414,0.6496549844741821,0.3387603163719177,0.6457927823066711,0.3409600257873535,0.648080050945282,0.3381856381893158,0.621741533279419,0.3625155985355377,0.6283347010612488,0.3580422699451446,0.6314020156860352,0.3579274415969848,0.6220809817314148,0.3625935018062591,0.6205787062644958,0.3621829152107239,0.6381590962409973,0.3449425399303436,0.633637547492981,0.3567323982715606,0.6267590522766113,0.3581487238407135
1468,1468,train,8996,0.4808638393878937,0.4563442766666412,0.4918746948242187,0.4430714845657348,0.4917719066143036,0.4502516686916351,0.4873338341712951,0.4465062618255615,0.4776415228843689,0.4562632143497467,0.4818721711635589,0.4548939168453216,0.4803883135318756,0.4560654163360595,0.4796101450920105,0.4567348659038543,0.480448305606842,0.4564190208911896,0.487026572227478,0.4483262896537781,0.4826530218124389,0.455881804227829,0.4792101383209228,0.4547340273857116
1469,1469,test,10122,0.5223528742790222,0.4481136202812195,0.5374049544334412,0.4357770979404449,0.5308643579483032,0.4407690465450287,0.5323665738105774,0.4396299421787262,0.520086944103241,0.4476395845413208,0.5230036973953247,0.447393000125885,0.5215085744857788,0.4479723274707794,0.5182519555091858,0.4484879374504089,0.5197599530220032,0.4472209811210632,0.5315502285957336,0.4403218328952789,0.5238069295883179,0.4474194347858429,0.5208930373191833,0.4468200206756592
1470,1470,train,9916,0.6428254246711731,0.3399021327495575,0.6621577143669128,0.3196655213832855,0.6579850912094116,0.3207438290119171,0.6608684659004211,0.3182547688484192,0.6337746977806091,0.3428750932216644,0.6421640515327454,0.3370420932769775,0.6465462446212769,0.3370691537857055,0.6375828385353088,0.3432806134223938,0.6348059773445129,0.344489187002182,0.6509049534797668,0.3274641633033752,0.6456084847450256,0.336980402469635,0.6420773267745972,0.3385692238807678
1471,1471,train,10616,0.5616282224655151,0.4310789704322815,0.5763553380966187,0.4183573126792907,0.5686096549034119,0.4239322245121002,0.5725550055503845,0.4213844537734985,0.5589717626571655,0.431365817785263,0.5612621903419495,0.4310439229011535,0.5606442093849182,0.4314165413379669,0.5565000176429749,0.431864857673645,0.5585058331489563,0.4300632774829864,0.5707583427429199,0.4218770265579223,0.5625788569450378,0.4318646490573883,0.5607450008392334,0.430077314376831
1472,1472,test,10049,0.6049808263778687,0.3939209580421448,0.6219950318336487,0.3779789805412292,0.6162322163581848,0.3829386532306671,0.6199455857276917,0.3790934085845947,0.6016666293144226,0.3947710394859314,0.6048518419265747,0.3933237791061401,0.6052730679512024,0.3938276171684265,0.5993422269821167,0.3955741822719574,0.6001924872398376,0.3936613202095032,0.6135416030883789,0.3822450339794159,0.609417200088501,0.3923931717872619,0.6036487817764282,0.3921588361263275
1473,1473,train,9268,0.6404121518135071,0.3476811647415161,0.6608595252037048,0.3266129791736603,0.6563746929168701,0.3276745975017547,0.6587451696395874,0.3256401419639587,0.6324332356452942,0.3505120277404785,0.64007967710495,0.3448306024074554,0.6449582576751709,0.3453439772129059,0.6349616050720215,0.3516468107700348,0.6334328651428223,0.3515843152999878,0.6494157910346985,0.3350665271282196,0.6441653370857239,0.343938410282135,0.6403477191925049,0.3463605344295501
1474,1474,train,10348,0.6313906311988831,0.3588691353797912,0.6529935002326965,0.3369250893592834,0.6477003693580627,0.3393822610378265,0.6507831811904907,0.3364602327346802,0.6235391497612,0.3615892231464386,0.6311107277870178,0.3562939763069153,0.6357830762863159,0.3569841086864471,0.6259981393814087,0.3624913990497589,0.6245178580284119,0.362009584903717,0.6413185596466064,0.3448269069194793,0.6358190178871155,0.3555811643600464,0.6310600638389587,0.3575747013092041
1475,1475,train,9441,0.4818258881568908,0.4579074382781982,0.4928185641765594,0.4455249309539795,0.4923074543476105,0.4523700773715973,0.4884195625782013,0.4495362937450409,0.478245198726654,0.4570381641387939,0.4813899099826813,0.4565761089324951,0.4810925126075744,0.4578595459461212,0.4803870618343353,0.4580396711826324,0.481524646282196,0.457387238740921,0.4868382811546325,0.451397180557251,0.4829560220241546,0.4576106965541839,0.4795442521572113,0.4563111066818237
1476,1476,train,10486,0.636656641960144,0.3437342047691345,0.6565842628479004,0.3231859803199768,0.6529733538627625,0.324086993932724,0.6556768417358398,0.3217735290527344,0.6288284659385681,0.3467085361480713,0.6364861726760864,0.3410662710666656,0.6405758261680603,0.3406963944435119,0.6310923099517822,0.3468094170093536,0.628746509552002,0.3473232090473175,0.6454079151153564,0.330315887928009,0.6403664946556091,0.3405408561229706,0.6353755593299866,0.3423958420753479
1477,1477,train,8890,0.5035591125488281,0.4545778036117553,0.5168814659118652,0.4427356421947479,0.5127601027488708,0.447585791349411,0.5124943256378174,0.4463951587677002,0.5017320513725281,0.4539121091365814,0.5037271976470947,0.4534310102462768,0.5024473071098328,0.4541886448860168,0.4998988211154938,0.4551961123943329,0.500999927520752,0.4538461565971374,0.5113207697868347,0.4474263191223144,0.5048336982727051,0.4533361494541168,0.501488983631134,0.4533112347126007
1478,1478,test,8864,0.6219595074653625,0.3716937005519867,0.6413230299949646,0.3532281816005707,0.6373506784439087,0.3559118211269378,0.6395621299743652,0.3530081212520599,0.6168649792671204,0.3728587329387665,0.6218147277832031,0.3701119124889374,0.6241525411605835,0.37140092253685,0.6165185570716858,0.3748354613780975,0.6167087554931641,0.3731735944747925,0.6310924887657166,0.3595139980316162,0.6271976232528687,0.3685642778873443,0.6209666728973389,0.3712128102779388
1479,1479,train,9851,0.6207168102264404,0.370950847864151,0.6410641670227051,0.3520028591156006,0.6366218328475952,0.3554189503192901,0.6389532685279846,0.3519270718097687,0.6156072616577148,0.3723789155483246,0.6209937334060669,0.3692251443862915,0.6233708262443542,0.3700872659683227,0.6148748993873596,0.3736983239650726,0.614851176738739,0.3721509873867035,0.6302881836891174,0.357686847448349,0.6266374588012695,0.368038535118103,0.6197954416275024,0.3694581091403961
1480,1480,test,9882,0.5506142377853394,0.4363071918487549,0.5649122595787048,0.4242086112499237,0.5572469830513,0.4294105768203735,0.5611394643783569,0.4272748529911041,0.5487222075462341,0.4362871348857879,0.550709068775177,0.4360606968402862,0.5499477982521057,0.4366163313388824,0.5459460020065308,0.4369799196720123,0.5478972792625427,0.4351542592048645,0.5589682459831238,0.4281413555145263,0.5518420338630676,0.4363753795623779,0.5493363738059998,0.4356101751327514
1481,1481,train,9234,0.6227918863296509,0.3623013496398926,0.6451640725135803,0.3410503566265106,0.6408659815788269,0.343532919883728,0.6428923010826111,0.3409516811370849,0.6160684823989868,0.3652182519435882,0.6231517791748047,0.3605326116085052,0.626396894454956,0.3602708876132965,0.6166238188743591,0.3648780584335327,0.6150092482566833,0.3647333681583404,0.6326006054878235,0.3472728729248047,0.6284275054931641,0.3598693311214447,0.6213071942329407,0.3605602085590362
1482,1482,train,9865,0.4976456761360168,0.4540358185768127,0.5072401165962219,0.4437003135681152,0.5053659677505493,0.4493037462234497,0.5033815503120422,0.4465719759464264,0.4946624338626861,0.4532804191112518,0.4971563220024109,0.4527036249637604,0.4964614510536194,0.4534528851509094,0.4948083162307739,0.4549726843833923,0.4955237209796905,0.4536824226379394,0.5021472573280334,0.4475356340408325,0.4989558160305023,0.4537941515445709,0.4950591027736664,0.4522563517093658
1483,1483,test,9006,0.540511429309845,0.4405804276466369,0.5543954968452454,0.4285294115543365,0.5472972989082336,0.4334836900234222,0.5508161783218384,0.4314597547054291,0.5383613109588623,0.440281331539154,0.5403931140899658,0.440185397863388,0.5393842458724976,0.4406857788562774,0.5360451936721802,0.4409084022045135,0.5375078320503235,0.4394729137420654,0.5493209958076477,0.4322356283664703,0.5418426394462585,0.4397225081920624,0.5391799807548523,0.4393592178821563
1484,1484,train,9704,0.4704462587833404,0.4569112956523895,0.4798508286476135,0.4443545937538147,0.4796972572803497,0.4513956308364868,0.4761269688606262,0.4481285512447357,0.466678112745285,0.4563653171062469,0.4695001542568207,0.4558554291725158,0.4690732061862945,0.4567039310932159,0.4690614640712738,0.4568992555141449,0.4690546989440918,0.4568583965301513,0.4759736359119415,0.4487205445766449,0.4712242186069488,0.4566460847854614,0.467412531375885,0.4559268057346344
1485,1485,train,10642,0.5953845977783203,0.4085144102573395,0.6099420785903931,0.3949659764766693,0.6026092171669006,0.4007850885391235,0.607456624507904,0.3969524204730987,0.5925520062446594,0.4091725945472717,0.5947719812393188,0.4087288081645965,0.5951658487319946,0.4088236391544342,0.5900473594665527,0.4097043573856354,0.5913662910461426,0.4077098071575165,0.6043817400932312,0.3977408409118652,0.5970444679260254,0.4093353450298309,0.5943141579627991,0.4071303308010101
1486,1486,test,10283,0.5059745907783508,0.4557925164699554,0.5188855528831482,0.4448298215866089,0.5147002339363098,0.4497371017932892,0.515371561050415,0.4480968117713928,0.504263162612915,0.4546881914138794,0.506500244140625,0.4544744193553924,0.5057264566421509,0.4550952017307281,0.5038842558860779,0.4558564722537994,0.5050433874130249,0.4546351134777069,0.5144753456115723,0.4483373463153839,0.5077562928199768,0.4548954963684082,0.5041861534118652,0.4543966650962829
1487,1487,train,10407,0.4778940379619598,0.4564184546470642,0.4895067811012268,0.4437494575977325,0.4886953830718994,0.4501027762889862,0.4842213988304138,0.4479867219924927,0.4743271768093109,0.4557496309280395,0.477160632610321,0.4556690156459808,0.4763843417167663,0.456245094537735,0.4758161306381225,0.4563859403133392,0.4768633544445038,0.4558616876602173,0.4832797646522522,0.4490932822227478,0.4791247844696045,0.4557757973670959,0.474787175655365,0.4548777043819427
1488,1488,train,10129,0.6182102560997009,0.3778609931468963,0.6366804242134094,0.3600139319896698,0.6326127052307129,0.3633210659027099,0.6350415945053101,0.3602211475372314,0.6143800616264343,0.3786222040653229,0.6187991499900818,0.376388281583786,0.6196091175079346,0.378343403339386,0.6117226481437683,0.38145911693573,0.612137496471405,0.3794893026351928,0.6266507506370544,0.366359531879425,0.6237761378288269,0.3750392198562622,0.6167836785316467,0.3775111436843872
1489,1489,train,9919,0.5045204162597656,0.4566851258277893,0.5186258554458618,0.4453371167182922,0.5144965052604675,0.4497842192649841,0.5139538049697876,0.4490199089050293,0.5020335912704468,0.4562721252441406,0.5045692920684814,0.4559537172317505,0.5044121146202087,0.4562684297561645,0.502329409122467,0.4570643007755279,0.5032467842102051,0.4555999338626861,0.5124126672744751,0.4498283565044403,0.5062150359153748,0.4554199278354645,0.5029968619346619,0.4555732011795044
1490,1490,test,9737,0.5934398174285889,0.4039210379123688,0.6096179485321045,0.3894896209239959,0.602601945400238,0.3948513865470886,0.6068094372749329,0.3915438652038574,0.5908867120742798,0.4042664766311645,0.5934483408927917,0.4035085141658783,0.5922922492027283,0.4048275947570801,0.5868661999702454,0.4064105749130249,0.5883375406265259,0.4042347371578216,0.6010671257972717,0.3940440118312835,0.5962961912155151,0.4040125012397766,0.5910032391548157,0.4037896990776062
1491,1491,test,9201,0.5396103262901306,0.4401217997074127,0.5537887811660767,0.4281466901302337,0.5471450090408325,0.4331300556659698,0.5499552488327026,0.4309990704059601,0.5374756455421448,0.4398384988307953,0.5399003028869629,0.4393235743045807,0.5384299755096436,0.4402392208576202,0.5347681641578674,0.4409199953079223,0.5362655520439148,0.4395021498203277,0.5479856133460999,0.4324720203876495,0.540611207485199,0.4397781491279602,0.5382476449012756,0.4390851557254791
1492,1492,train,9482,0.4689190983772278,0.4584744572639465,0.4791844487190246,0.4461852610111236,0.4796545207500458,0.4519735276699066,0.4752671718597412,0.4504649937152862,0.4658005535602569,0.458262950181961,0.4695071876049042,0.4569255709648132,0.4681469798088074,0.4587528705596924,0.4681752026081085,0.4583539962768554,0.468823492527008,0.4584914445877075,0.4741601347923279,0.451957106590271,0.4711407423019409,0.4573577046394348,0.4660996496677398,0.4574347138404846
1493,1493,train,10394,0.6470887064933777,0.3383203744888305,0.6661307215690613,0.3184505105018616,0.6608409285545349,0.3202365040779114,0.6647078990936279,0.3169848024845123,0.6378658413887024,0.3410354256629944,0.6458867192268372,0.3356982469558716,0.6505534052848816,0.3363107442855835,0.6417543292045593,0.3422321379184723,0.6390566229820251,0.3434349298477173,0.6546729803085327,0.3268807530403137,0.6488986015319824,0.3357993960380554,0.6463768482208252,0.3375976085662842
1494,1494,train,10500,0.6315010190010071,0.3541049361228943,0.6531206369400024,0.3322185277938843,0.6491338610649109,0.3335954844951629,0.6515764594078064,0.331132560968399,0.6241461634635925,0.357290506362915,0.6316080093383789,0.3516251742839813,0.636008083820343,0.3514440357685089,0.6257341504096985,0.3575570285320282,0.6236869692802429,0.3575820326805115,0.6412550210952759,0.3393202722072601,0.6363993883132935,0.3505835831165313,0.6306784152984619,0.3526328802108764
1495,1495,test,9729,0.5380367040634155,0.4412371814250946,0.5519635677337646,0.4297709167003631,0.545183539390564,0.4344342947006225,0.5480170845985413,0.4327761828899383,0.535469651222229,0.4412258565425873,0.5375571846961975,0.4410585761070251,0.5377724170684814,0.4410637021064758,0.5345804691314697,0.4412357807159424,0.5361640453338623,0.4397645890712738,0.5471931099891663,0.4333968758583069,0.5382585525512695,0.4412156045436859,0.537200927734375,0.4398862421512604
1496,1496,train,10230,0.6332241892814636,0.3507595360279083,0.6543460488319397,0.3289725482463836,0.6496099233627319,0.3307355344295501,0.6522840857505798,0.3281582295894623,0.6250306963920593,0.3539507091045379,0.6330340504646301,0.3481162488460541,0.6373730301856995,0.3478490710258484,0.6273910403251648,0.3542547523975372,0.6256057024002075,0.3541240990161896,0.6423055529594421,0.3366257846355438,0.636987566947937,0.3473139703273773,0.632182240486145,0.3493220806121826
1497,1497,train,9781,0.5341391563415527,0.4425956010818481,0.5481586456298828,0.4313938021659851,0.5415023565292358,0.4357770979404449,0.5444303750991821,0.4344892799854278,0.5320000648498535,0.4423045814037323,0.5339548587799072,0.4424491822719574,0.533333957195282,0.4428124129772186,0.5297449827194214,0.4429518580436706,0.5315088629722595,0.4414355158805847,0.5431545376777649,0.435104101896286,0.5346888899803162,0.4423298239707947,0.5327836275100708,0.4415880441665649
1498,1498,test,10237,0.5057198405265808,0.4526956677436828,0.5183775424957275,0.4411817193031311,0.5135237574577332,0.4467779397964477,0.5147440433502197,0.4444016814231872,0.50331050157547,0.4520947933197021,0.5057181119918823,0.4516850411891937,0.5054214596748352,0.4521699547767639,0.5035407543182373,0.4527856707572937,0.5044273138046265,0.4515868127346039,0.514112114906311,0.4447700977325439,0.5067740678787231,0.4519521594047546,0.5041663646697998,0.4509619176387787
1499,1499,train,9758,0.501667320728302,0.4537147283554077,0.5122383832931519,0.4416678547859192,0.5101750493049622,0.4486153423786163,0.509513258934021,0.4451876282691955,0.4982640445232391,0.4529637694358825,0.5009103417396545,0.4525439441204071,0.5006774663925171,0.4533162415027618,0.5003585815429688,0.453523188829422,0.50058513879776,0.4529257118701935,0.5069783926010132,0.4469121098518371,0.5027841925621033,0.4538530111312866,0.4991732835769653,0.4518300890922546
1500,1500,train,10105,0.5052000880241394,0.4580760300159454,0.5179757475852966,0.4463359713554382,0.5138933658599854,0.4518124163150787,0.5143373608589172,0.4502596855163574,0.5021433234214783,0.45744189620018,0.5055535435676575,0.4571519792079925,0.5045807957649231,0.4577092230319977,0.5033814311027527,0.4582931697368622,0.5041980743408203,0.4569826424121856,0.5127261281013489,0.4507699608802795,0.5069867372512817,0.4574104845523834,0.5033953189849854,0.4563039541244507
1501,1501,test,9628,0.4977501928806305,0.4558258652687073,0.5107148289680481,0.4442865550518036,0.5073907375335693,0.4499413669109344,0.5067042112350464,0.4471375942230224,0.494713544845581,0.4553859531879425,0.497331291437149,0.4551017880439758,0.4966783225536346,0.4554713070392608,0.4950371086597442,0.4561400413513183,0.4959034323692322,0.4552366733551025,0.5055128931999207,0.4481745064258575,0.4985812604427337,0.4549369513988495,0.4954282641410827,0.4542915523052215
1502,1502,train,10241,0.6161052584648132,0.3768999874591827,0.634621262550354,0.3600015938282013,0.629436731338501,0.3643933832645416,0.632193922996521,0.3610043823719024,0.6121538281440735,0.3780576884746551,0.6161001920700073,0.3761715590953827,0.6169703602790833,0.3770215213298797,0.6103549003601074,0.3792588114738464,0.6107228994369507,0.3775820136070251,0.6245034337043762,0.3651245534420013,0.6212465763092041,0.3752014636993408,0.6144061088562012,0.3760602176189422
1503,1503,train,9490,0.6401668787002563,0.3401103913784027,0.6592190265655518,0.3204208612442016,0.6554609537124634,0.3212721645832062,0.6578781604766846,0.3189847469329834,0.6319519281387329,0.3429820835590362,0.6400539875030518,0.3371691107749939,0.6436954736709595,0.3375400602817535,0.6353623867034912,0.3431071043014526,0.6327078342437744,0.3440439701080322,0.6479500532150269,0.3280118703842163,0.6434304714202881,0.3369146585464477,0.6392517685890198,0.3389967381954193
1504,1504,train,9767,0.4875334501266479,0.457635760307312,0.4985474944114685,0.4445174634456634,0.4979797303676605,0.4507605135440826,0.4944675266742706,0.448328286409378,0.4835406243801117,0.4571930766105652,0.4866714179515838,0.4563044905662536,0.486089289188385,0.4571644961833954,0.4855614304542541,0.457832008600235,0.4859414994716644,0.4572450220584869,0.4927189946174621,0.4495848715305328,0.4883765578269958,0.4567426145076751,0.4844602644443512,0.4563638269901275
1505,1505,train,9263,0.4809592366218567,0.4597517251968384,0.4899035692214966,0.4470420479774475,0.4891015589237213,0.4548081457614898,0.4869877696037292,0.4514250755310058,0.47701096534729,0.4590724110603332,0.4800013303756714,0.458421528339386,0.4798906743526459,0.4602117538452148,0.4793592095375061,0.460418164730072,0.4799030423164367,0.4600989520549774,0.4858095645904541,0.4528214037418365,0.483044683933258,0.4593636095523834,0.4787898063659668,0.4582481384277344
1506,1506,train,9647,0.5044341087341309,0.443559467792511,0.5131760239601135,0.4324927926063537,0.5115107893943787,0.4392357170581817,0.5107108950614929,0.4344528317451477,0.5011190176010132,0.4433166682720184,0.5036834478378296,0.4421792030334472,0.5028091073036194,0.4433682560920715,0.5019838213920593,0.4439427852630615,0.5028092861175537,0.4436031877994537,0.50810307264328,0.4369062185287475,0.5049789547920227,0.4444843232631683,0.5014286637306213,0.4426032602787018
1507,1507,train,10601,0.627342939376831,0.3662781119346618,0.6482149362564087,0.346485435962677,0.6435370445251465,0.3490636348724365,0.6457080841064453,0.3464588522911072,0.6213178038597107,0.3681725561618805,0.6276823282241821,0.3642859160900116,0.6303914785385132,0.365909993648529,0.6205525398254395,0.3704382181167602,0.6203972101211548,0.3688482046127319,0.6369708180427551,0.3534514605998993,0.6327225565910339,0.3631314039230346,0.6265504956245422,0.3654071688652038
1508,1508,train,9835,0.6034680008888245,0.3990777432918548,0.6199888586997986,0.3832394778728485,0.6135004758834839,0.388733834028244,0.6176548004150391,0.3850184977054596,0.600255012512207,0.399624228477478,0.6034170389175415,0.3985059261322021,0.6031827330589294,0.3994219303131103,0.5971654057502747,0.4011022746562958,0.5981731414794922,0.3993845582008362,0.6115607619285583,0.3880282938480377,0.6067283749580383,0.3985755443572998,0.601763904094696,0.3979289531707763
1509,1509,train,10603,0.5999534726142883,0.4058024287223816,0.6148958802223206,0.3919195532798767,0.6079287528991699,0.3970629274845123,0.6120794415473938,0.3938900828361511,0.5973625183105469,0.4064794480800628,0.5997328162193298,0.4055806994438171,0.599618673324585,0.4063678681850433,0.5938060879707336,0.4078299701213836,0.5956234931945801,0.4054340124130249,0.6079025864601135,0.3957632184028625,0.6024129986763,0.4054484665393829,0.5985720753669739,0.4048857688903808
1510,1510,train,10458,0.6353251934051514,0.3542453646659851,0.6574191451072693,0.3322488665580749,0.6528924107551575,0.3336946666240692,0.654860258102417,0.3319187462329864,0.6279540061950684,0.3570962250232696,0.6353530287742615,0.3519049286842346,0.6398274302482605,0.352397084236145,0.6293582320213318,0.3582351505756378,0.6282646656036377,0.3574062287807464,0.6453299522399902,0.3403902351856231,0.640514075756073,0.3502272963523865,0.6349301338195801,0.3531818985939026
1511,1511,train,10425,0.5437637567520142,0.4396362602710724,0.5578721761703491,0.4278844594955444,0.5514792799949646,0.4323870539665222,0.5541406869888306,0.4309633374214172,0.541564404964447,0.4393505156040191,0.5437861084938049,0.4391206204891205,0.5425498485565186,0.4398974180221557,0.5389259457588196,0.4402814209461212,0.5406205654144287,0.4387041628360748,0.5527167320251465,0.4316869974136352,0.5448266267776489,0.4391345083713531,0.5423431396484375,0.4387045204639435
1512,1512,train,9409,0.5646781325340271,0.4234962165355682,0.577778160572052,0.4118461012840271,0.5709581971168518,0.4167903363704681,0.5757314562797546,0.4139019250869751,0.5622373223304749,0.4234521389007568,0.5639249682426453,0.4232930839061737,0.5638177394866943,0.4236609041690826,0.5606403350830078,0.4237076044082641,0.5620223879814148,0.4222226142883301,0.5735080242156982,0.4147507548332214,0.564374566078186,0.424082338809967,0.5630662441253662,0.4223119914531708
1513,1513,train,9812,0.5081073045730591,0.4510736763477325,0.5193674564361572,0.440799206495285,0.515723705291748,0.4456370174884796,0.5168151259422302,0.4436860978603363,0.5053396224975586,0.4503421485424042,0.507956862449646,0.4501263201236725,0.5071917772293091,0.4508265554904938,0.5052845478057861,0.4514012634754181,0.5059705972671509,0.4503589272499084,0.514118492603302,0.444440484046936,0.5088537931442261,0.4510592222213745,0.5057847499847412,0.4500123262405395
1514,1514,train,10443,0.6211177110671997,0.3661417663097381,0.642264723777771,0.345600813627243,0.6383866667747498,0.3480176627635956,0.6402521729469299,0.3456194102764129,0.6153608560562134,0.3686501085758209,0.6214150786399841,0.3645785450935364,0.623920202255249,0.3646638393402099,0.6153989434242249,0.3685242831707001,0.6144218444824219,0.3676610589027405,0.6301887631416321,0.3523494005203247,0.6269450187683105,0.3630434274673462,0.6193991303443909,0.3649432957172394
1515,1515,train,10314,0.5292132496833801,0.4479357898235321,0.5432352423667908,0.4363331496715545,0.5380743145942688,0.4404133558273315,0.5394467711448669,0.4394515454769134,0.5277390480041504,0.4474170506000519,0.5298200249671936,0.4470447897911072,0.5280708074569702,0.4479909837245941,0.5246362090110779,0.4487254023551941,0.525951623916626,0.447332888841629,0.5378883481025696,0.4408633112907409,0.5307179689407349,0.4467982351779938,0.5272834897041321,0.4471501410007477
1516,1516,train,9463,0.6248480081558228,0.3665528297424316,0.6446905732154846,0.3471352458000183,0.6407033801078796,0.3497736155986786,0.6424750685691833,0.347574234008789,0.6189830303192139,0.3688624501228332,0.6247052550315857,0.3652471601963043,0.6268313527107239,0.366051584482193,0.6182500123977661,0.3698917031288147,0.6179075837135315,0.3683955669403076,0.6330099701881409,0.3540098965167999,0.6301802396774292,0.3636055886745453,0.6225048899650574,0.3662298619747162
1517,1517,test,9631,0.5121830701828003,0.448600023984909,0.5258492231369019,0.4372186958789825,0.5212374329566956,0.4425154030323028,0.5218295454978943,0.4401795864105224,0.5097261071205139,0.4482059478759765,0.5122973322868347,0.4479740560054779,0.5116710066795349,0.4482421576976776,0.5095136761665344,0.4488612413406372,0.5104700922966003,0.4476774930953979,0.5207744240760803,0.440823882818222,0.5133907198905945,0.4483507871627807,0.5103387832641602,0.447279155254364
1518,1518,train,9347,0.5134801268577576,0.4558091759681701,0.5271310210227966,0.4446276724338531,0.5223667025566101,0.4495725333690643,0.5228379964828491,0.448050707578659,0.5109397172927856,0.4550618827342987,0.5133348107337952,0.4550425708293915,0.5131831765174866,0.4554466605186462,0.5109840631484985,0.4559470117092132,0.5119032263755798,0.4546056091785431,0.5215271711349487,0.4487107992172241,0.5146914124488831,0.4551471769809723,0.5120121240615845,0.4543921053409576
1519,1519,train,10471,0.5551542043685913,0.4326390922069549,0.568213939666748,0.4213409721851349,0.5608991980552673,0.4262185394763946,0.56523597240448,0.4237484335899353,0.5522649884223938,0.432781457901001,0.5541577935218811,0.4327795803546905,0.5543631911277771,0.4326191544532776,0.5505259037017822,0.4326651990413666,0.5521718263626099,0.4314051866531372,0.5640574097633362,0.4243080019950866,0.5546520948410034,0.4330082833766937,0.5542058944702148,0.4312847256660461
1520,1520,train,10257,0.468300312757492,0.4544562399387359,0.4770763516426086,0.4443331956863403,0.4782150983810425,0.4489976167678833,0.4731122255325317,0.4489788711071014,0.4654971063137054,0.4553903043270111,0.4677514731884002,0.4542043805122375,0.4669288396835327,0.4551041424274444,0.4678899347782135,0.4542789459228515,0.4678614139556885,0.454949140548706,0.471725732088089,0.449476033449173,0.4696066379547119,0.4554309844970703,0.4656265079975128,0.4539507627487182
1521,1521,train,10068,0.4690801799297333,0.4661753475666046,0.480460524559021,0.4525600671768188,0.4798261821269989,0.4592084586620331,0.4765738546848297,0.4569864571094513,0.4652189314365387,0.4658483266830444,0.4691635072231293,0.4644392132759094,0.4679639637470245,0.4654295444488525,0.4675028920173645,0.4668452441692352,0.468372106552124,0.4659419357776642,0.4740710854530334,0.4586836397647857,0.4707158207893371,0.4649297297000885,0.4661712348461151,0.4645589590072632
1522,1522,test,8916,0.5148289799690247,0.4504033327102661,0.5276017785072327,0.4391995966434479,0.523159384727478,0.4438637793064117,0.5235167741775513,0.4424846470355987,0.5115966200828552,0.4503669142723083,0.5142601728439331,0.4499930739402771,0.5144748687744141,0.4503641128540039,0.5120260715484619,0.450797438621521,0.51312655210495,0.4495766758918762,0.5236750245094299,0.4428610801696777,0.5152755379676819,0.4500645399093628,0.5132073760032654,0.4493833184242248
1523,1523,train,9183,0.6265404224395752,0.360115110874176,0.6478474736213684,0.3398312032222748,0.6434369087219238,0.3417795300483703,0.6456866264343262,0.3393285274505615,0.6194338798522949,0.3621320724487304,0.6256788969039917,0.3581176996231079,0.6304409503936768,0.3584425747394562,0.6218565106391907,0.3628373444080353,0.620867133140564,0.3619964718818664,0.6373835206031799,0.3461540937423706,0.630989134311676,0.3571728765964508,0.6264712810516357,0.3583607971668243
1524,1524,train,9478,0.507502019405365,0.455074667930603,0.5216320753097534,0.4433876872062683,0.5167650580406189,0.4482744336128235,0.5171054601669312,0.447022408246994,0.5051265358924866,0.454627513885498,0.5082156658172607,0.453978419303894,0.5073205232620239,0.4544293284416199,0.5044872760772705,0.4552684128284454,0.5055361390113831,0.4540992379188537,0.5164461135864258,0.4473579823970794,0.5092700123786926,0.4540011286735534,0.5061931014060974,0.4536860585212707
1525,1525,test,10335,0.4973132908344269,0.4406454563140869,0.5062392354011536,0.4287391006946563,0.506128191947937,0.4354939460754394,0.5046448111534119,0.4311294853687286,0.4935816526412964,0.4405916333198547,0.4963312745094299,0.4395336210727691,0.4963952898979187,0.4407281875610351,0.4967758655548095,0.4397971034049988,0.4970350563526153,0.4400002360343933,0.5029640197753906,0.4339164793491363,0.4979981780052185,0.4407578408718109,0.4946750700473785,0.4391376674175262
1526,1526,test,9594,0.4780769646167755,0.4535816609859466,0.4835307002067566,0.4476543962955475,0.4845414161682129,0.4506930410861969,0.4805675745010376,0.4500156342983246,0.4754369556903839,0.4545170366764068,0.4772228598594665,0.4543004035949707,0.4779896736145019,0.4552324414253235,0.4760473668575287,0.4534901976585388,0.4774371087551117,0.4530986249446869,0.4803305566310882,0.4509816169738769,0.4794684946537018,0.4552052617073059,0.475195050239563,0.4538742899894714
1527,1527,test,9942,0.4747195541858673,0.4602822959423065,0.4854359030723572,0.4468029737472534,0.4845694303512573,0.4532223343849182,0.4811052083969116,0.4516744017601013,0.4711847305297851,0.4592947959899902,0.4740315973758697,0.4588206112384796,0.4729543626308441,0.4598331451416015,0.473170131444931,0.460432767868042,0.4736718833446502,0.4598145186901092,0.4791339337825775,0.4520823657512665,0.4762164354324341,0.4587413072586059,0.4714727997779846,0.4584620296955108
1528,1528,train,9811,0.4829385578632355,0.4538184404373169,0.4943394958972931,0.4425688683986664,0.4928924739360809,0.4490483105182647,0.4903202652931213,0.4461603462696075,0.4791935086250305,0.4529330432415008,0.4826021492481231,0.4533467292785644,0.4816479384899139,0.4538556635379791,0.480943351984024,0.4535188674926758,0.4817028343677521,0.4535746276378631,0.4881147444248199,0.4474716484546661,0.4840871095657348,0.4541813135147095,0.4801093637943268,0.4526078104972839
1529,1529,test,9614,0.645636796951294,0.3366204798221588,0.664189338684082,0.3175588548183441,0.6603761911392212,0.3185339272022247,0.6625374555587769,0.3163032531738281,0.6368394494056702,0.3392151296138763,0.6449538469314575,0.3337722718715668,0.6493621468544006,0.3341594040393829,0.6412984132766724,0.3397194445133209,0.6386430263519287,0.3407728672027588,0.6531333327293396,0.325556993484497,0.6482702493667603,0.3338378965854645,0.6454386711120605,0.3355207741260528
1530,1530,train,9630,0.5045332312583923,0.4523205757141113,0.5156822800636292,0.4415706694126129,0.5125617980957031,0.4462828040122986,0.5122868418693542,0.4450755715370178,0.5017457008361816,0.4517939388751983,0.5040745139122009,0.4512429237365722,0.5041319727897644,0.4517852663993835,0.502733051776886,0.4524511396884918,0.5031257271766663,0.4513660967350006,0.511421263217926,0.4458118379116058,0.5052086710929871,0.4518544375896454,0.5023184418678284,0.450910747051239
1531,1531,test,10438,0.6363298892974854,0.3496455550193786,0.6580330729484558,0.3273152709007263,0.6535508632659912,0.3288598358631134,0.6563578844070435,0.3264635801315307,0.6282702684402466,0.3528484106063843,0.6361501812934875,0.3469789624214172,0.6406759023666382,0.3467340767383575,0.6309093832969666,0.3527195155620575,0.6285773515701294,0.3533340692520141,0.6459475159645081,0.3349146842956543,0.6400901079177856,0.3465763628482818,0.6354459524154663,0.3484183549880981
1532,1532,train,10034,0.4933437407016754,0.4583682417869568,0.5059057474136353,0.4463509023189544,0.5020917654037476,0.4520914256572723,0.5015527606010437,0.4496311247348785,0.4914775788784027,0.4578681588172912,0.4936366081237793,0.4571631252765655,0.4931558668613434,0.4581537246704101,0.4911272227764129,0.458911269903183,0.4923750758171081,0.457487553358078,0.5013032555580139,0.4503722190856933,0.4950909912586212,0.4572438597679138,0.4924306869506836,0.4568499624729156
1533,1533,train,10203,0.493932157754898,0.4488630294799804,0.5045447945594788,0.4377444982528686,0.5027678608894348,0.4445518553256988,0.5017726421356201,0.4399269521236419,0.4905347228050232,0.44809091091156,0.4932964146137237,0.4482817649841308,0.4926943480968475,0.4490770399570465,0.4916964471340179,0.4488334953784942,0.4925731718540191,0.4482717514038086,0.4991426169872284,0.4420048594474792,0.494993656873703,0.4490491449832916,0.4913945496082306,0.4473133683204651
1534,1534,train,8989,0.647168755531311,0.3440861701965332,0.6663176417350769,0.3243237435817718,0.6616146564483643,0.3252138495445251,0.6639588475227356,0.323551207780838,0.6383247375488281,0.3469994664192199,0.646056056022644,0.3416513502597809,0.6517574787139893,0.3419169187545776,0.6424897313117981,0.3479402661323547,0.640921950340271,0.3480448126792907,0.6556904315948486,0.3328569531440735,0.6498554944992065,0.3407001197338104,0.6478973627090454,0.3429515361785888
1535,1535,train,9139,0.5916149020195007,0.4108074009418487,0.6071783900260925,0.396840751171112,0.6006908416748047,0.4011488556861877,0.6049310564994812,0.3985300362110138,0.5906322002410889,0.4095989465713501,0.5924420356750488,0.4091538786888122,0.5875145792961121,0.4136583805084228,0.5821743011474609,0.4150606393814087,0.5846608281135559,0.4124331474304199,0.5977478623390198,0.4029528498649597,0.5947165489196777,0.4096178114414215,0.5876633524894714,0.4117657840251922
1536,1536,train,10175,0.6119805574417114,0.3873067796230316,0.6286324858665466,0.3718871474266052,0.6228443384170532,0.3762467205524444,0.6270509958267212,0.3727962076663971,0.6086965799331665,0.3877137005329132,0.6116815209388733,0.3861355483531952,0.6118417978286743,0.3880224227905273,0.6062609553337097,0.3898358643054962,0.6071974039077759,0.3874182999134063,0.6199294328689575,0.3767288625240326,0.6155939102172852,0.3860317468643188,0.610111653804779,0.3863749504089355
1537,1537,train,10329,0.5723246932029724,0.4195952713489532,0.5846609473228455,0.4086682796478271,0.5778642296791077,0.4135263860225677,0.5830119848251343,0.4107666313648224,0.569362998008728,0.4201764762401581,0.5710912346839905,0.419891357421875,0.5709937810897827,0.4202864468097687,0.5678803324699402,0.4201112389564514,0.5692259073257446,0.4184039235115051,0.5805492401123047,0.411201000213623,0.5721384286880493,0.4214799702167511,0.5705857276916504,0.418780118227005
1538,1538,test,9970,0.5930790305137634,0.4057667255401611,0.6089649796485901,0.3912070691585541,0.6023224592208862,0.3965450823307037,0.6066031455993652,0.3929854035377502,0.5907290577888489,0.4058841466903686,0.5931929349899292,0.4050299525260925,0.5915569067001343,0.4070420265197754,0.5866029262542725,0.4083404541015625,0.5881830453872681,0.4061327874660492,0.6003860235214233,0.3963254690170288,0.5955584645271301,0.4057800769805908,0.590132474899292,0.4059035181999206
1539,1539,train,10161,0.6450061798095703,0.3396172225475311,0.6633803248405457,0.3206313848495483,0.6588825583457947,0.3218939006328583,0.6616177558898926,0.3191694319248199,0.6360406279563904,0.342039406299591,0.6439439058303833,0.3368022739887237,0.6495943069458008,0.3368372619152069,0.6410322189331055,0.3425584733486175,0.6388012766838074,0.3431706130504608,0.6532715559005737,0.3281141221523285,0.6473484039306641,0.3367446064949035,0.6456265449523926,0.3380844295024872
1540,1540,test,10002,0.4938806295394897,0.4579461812973022,0.506982147693634,0.4453537166118622,0.503077507019043,0.451282650232315,0.5031799674034119,0.4487902224063873,0.4909432530403137,0.4570901393890381,0.4935483336448669,0.456694632768631,0.4930015206336975,0.4576994180679321,0.4917610883712768,0.4584611654281616,0.492869883775711,0.4570389091968536,0.5011847615242004,0.4500654637813568,0.4949389696121216,0.4569371342658996,0.4919643402099609,0.4560579657554626
1541,1541,train,10393,0.6448692083358765,0.3385880589485168,0.6640615463256836,0.3183506727218628,0.6592987775802612,0.3199795484542846,0.6623709797859192,0.3173585534095764,0.6359833478927612,0.3415337204933166,0.6443161368370056,0.3356728851795196,0.6483381986618042,0.3359624743461609,0.6398736834526062,0.3419137001037597,0.637200653553009,0.3431601226329803,0.6523403525352478,0.3268162608146667,0.6474108099937439,0.3356184661388397,0.644274115562439,0.3372181057929992
1542,1542,train,9523,0.5176697969436646,0.4463720917701721,0.5300348401069641,0.435590535402298,0.5249449014663696,0.4403510391712188,0.5271831750869751,0.4386146068572998,0.5153231620788574,0.4458474814891815,0.5174244046211243,0.4456996619701385,0.517419695854187,0.4461024105548858,0.5150122046470642,0.4461059272289276,0.5161975026130676,0.4452165961265564,0.5256746411323547,0.4390238523483276,0.5183250308036804,0.4468827545642853,0.5158066153526306,0.4452046751976013
1543,1543,test,9082,0.5053766369819641,0.4565431475639343,0.5187021493911743,0.4451133906841278,0.5143100023269653,0.4502973854541778,0.5139035582542419,0.4492029547691345,0.5030238628387451,0.4559286236763,0.5052750110626221,0.4558777213096618,0.5050565600395203,0.4561893045902252,0.5026328563690186,0.4565768539905548,0.5036352276802063,0.4556399583816528,0.5134772658348083,0.4493125081062317,0.5067548751831055,0.4556323885917663,0.503645122051239,0.4552591145038605
1544,1544,train,9423,0.47548708319664,0.4422083795070648,0.4823109209537506,0.4331848919391632,0.4829465746879577,0.4375566244125366,0.4782730042934418,0.4371350705623626,0.4725449681282043,0.4420866370201111,0.4744574129581451,0.4417504668235779,0.4741086959838867,0.442951887845993,0.4738450050354004,0.441226452589035,0.4745175242424011,0.4409853219985962,0.4789173901081085,0.4368611574172973,0.4765470921993255,0.4424657821655273,0.4730803072452545,0.4412523508071899
1545,1545,test,10466,0.5049379467964172,0.4568359553813934,0.5182715058326721,0.4453883469104767,0.5137903690338135,0.4511058330535888,0.5144125819206238,0.448836088180542,0.502019464969635,0.4564433991909027,0.504967451095581,0.4561124145984649,0.5043269991874695,0.4563650786876678,0.5027448534965515,0.4570361673831939,0.5036869049072266,0.4559505879878998,0.5134816765785217,0.4494848549365997,0.5061990022659302,0.4562293589115143,0.503105640411377,0.4552701711654663
1546,1546,train,9797,0.588543713092804,0.4093912243843078,0.6040186285972595,0.3957714736461639,0.5966199040412903,0.4017848670482635,0.6023157835006714,0.3975684940814972,0.5860224962234497,0.4095380902290344,0.5881950855255127,0.4093699157238006,0.588141679763794,0.4096548855304718,0.5836997032165527,0.4103861451148987,0.5848675966262817,0.4086059331893921,0.597184956073761,0.3990902006626129,0.5908758640289307,0.4102371633052826,0.5871272683143616,0.4081117212772369
1547,1547,test,10073,0.6306228041648865,0.3567646443843841,0.6527760028839111,0.3348750472068786,0.6468157768249512,0.3380992710590362,0.6508285403251648,0.3343421816825866,0.6235659122467041,0.3592046499252319,0.6310413479804993,0.354149580001831,0.6350363492965698,0.3543891906738281,0.6254857182502747,0.3595723807811737,0.6238109469413757,0.3594748973846435,0.6407808065414429,0.3419434130191803,0.6347528696060181,0.3544759154319763,0.629723846912384,0.3553157448768616
1548,1548,train,10097,0.492801308631897,0.4553731381893158,0.5042502284049988,0.443318635225296,0.5013168454170227,0.4489179253578186,0.5009294748306274,0.4470806419849396,0.4893937408924103,0.4547826647758484,0.4923001825809479,0.454579621553421,0.4918163120746612,0.4550015926361084,0.4898948669433594,0.4557418525218963,0.4904770255088806,0.454874038696289,0.4996903538703918,0.4477985203266144,0.493853896856308,0.4546643793582916,0.4905716180801391,0.4534364640712738
1549,1549,train,10069,0.6282711029052734,0.3573584258556366,0.6495775580406189,0.3369220197200775,0.6449788808822632,0.3392327725887298,0.6478814482688904,0.3361949026584625,0.6214401125907898,0.3594380915164947,0.6276638507843018,0.3555167913436889,0.6322103142738342,0.3558274507522583,0.6233998537063599,0.3602982461452484,0.6219424605369568,0.3597002327442169,0.6387834548950195,0.3430898785591125,0.6330925226211548,0.3546284139156341,0.6277499794960022,0.3560560643672943
1550,1550,test,10363,0.6275937557220459,0.3625752031803131,0.6496418118476868,0.3410536050796509,0.645558774471283,0.3433063924312591,0.6472549438476562,0.3406459391117096,0.6209210157394409,0.3645569384098053,0.6279148459434509,0.3601117730140686,0.6311665773391724,0.3613518476486206,0.6215819120407104,0.3662436306476593,0.6208829283714294,0.3652218282222748,0.6377727389335632,0.3486292064189911,0.6335211396217346,0.3585901856422424,0.6268348693847656,0.3615416288375854
1551,1551,train,10565,0.6410302519798279,0.3388449251651764,0.6598383188247681,0.3192538321018219,0.6565122008323669,0.3198201358318329,0.658589243888855,0.3179641962051391,0.6328954696655273,0.3416862487792969,0.6409849524497986,0.3358207643032074,0.6441901326179504,0.3362287580966949,0.6360348463058472,0.3418047726154327,0.6331767439842224,0.3428565561771393,0.6482885479927063,0.3269729614257812,0.6444078683853149,0.3355034291744232,0.639729380607605,0.3377723693847656
1552,1552,train,9146,0.5289998054504395,0.4425654113292694,0.5426779389381409,0.4315569698810577,0.5361427664756775,0.4362732172012329,0.5391473770141602,0.4342705905437469,0.5262593626976013,0.4423507750034332,0.5283086895942688,0.4424013793468475,0.5282679796218872,0.4425138235092163,0.5255867838859558,0.4426394999027252,0.5269238352775574,0.4411961138248443,0.538079023361206,0.4349710941314697,0.5290806889533997,0.4425450265407562,0.5277770161628723,0.4412007331848144
1553,1553,test,9548,0.577910304069519,0.4226084053516388,0.5920423865318298,0.4099483489990234,0.5851423144340515,0.414278507232666,0.5895296931266785,0.4124394953250885,0.5764572024345398,0.4220792949199676,0.5779387950897217,0.4215342402458191,0.5743588209152222,0.4244151413440704,0.5697415471076965,0.4251386225223541,0.5716410279273987,0.4228555858135223,0.5847207903862,0.4150124192237854,0.5790302753448486,0.4223318099975586,0.5747086405754089,0.4224424064159393
1554,1554,train,10542,0.531902551651001,0.4402234852313995,0.544369101524353,0.42912757396698,0.5384441614151001,0.4346253871917724,0.5427184104919434,0.4317914247512817,0.5300504565238953,0.4391784965991974,0.5319068431854248,0.4397253096103668,0.5304424166679382,0.4407365322113037,0.528164267539978,0.440652847290039,0.5291225910186768,0.4394905567169189,0.5388163328170776,0.4331468641757965,0.5331918597221375,0.440805047750473,0.5291019082069397,0.4397741854190826
1555,1555,test,10114,0.6131213307380676,0.3824680745601654,0.6333194971084595,0.3629070520401001,0.6290864944458008,0.3668229281902313,0.6312859058380127,0.3635565340518951,0.6083084344863892,0.3837935626506805,0.6134520173072815,0.3812798857688904,0.6151387095451355,0.381632387638092,0.6078637838363647,0.3846616744995117,0.6075249910354614,0.3832370340824127,0.6220479011535645,0.3689535856246948,0.6197634935379028,0.3795753419399261,0.6115662455558777,0.3813020288944244
1556,1556,train,9215,0.492676168680191,0.4609030187129974,0.5070809721946716,0.4497740566730499,0.5029345750808716,0.4546170234680176,0.5023877024650574,0.4532762765884399,0.4904563128948211,0.4602648317813873,0.493194967508316,0.4599238932132721,0.4926613569259643,0.4604358077049255,0.4903877377510071,0.4613879024982452,0.4912571609020233,0.4601271748542785,0.5017587542533875,0.4539316594600677,0.4949524104595184,0.4594581127166748,0.4913495182991028,0.4596243798732757
1557,1557,train,9072,0.6139345169067383,0.3821605443954468,0.6320222616195679,0.3654266595840454,0.6266764998435974,0.369983047246933,0.6301215887069702,0.3662288188934326,0.6097641587257385,0.383195012807846,0.61370849609375,0.3815187513828277,0.6144692897796631,0.382301777601242,0.6084023714065552,0.3843523263931274,0.6086437106132507,0.3824685215950012,0.6224519610404968,0.3703300952911377,0.6188262701034546,0.3804146945476532,0.6121096014976501,0.3811011910438537
1558,1558,test,9504,0.5422736406326294,0.4420964121818542,0.5572134852409363,0.4297438263893127,0.5497990250587463,0.4349108934402466,0.5530856847763062,0.4328608214855194,0.5401593446731567,0.4419874846935272,0.5424408316612244,0.4417058825492859,0.5418214201927185,0.4420139193534851,0.5377215147018433,0.4425836205482483,0.5396038293838501,0.4409783780574798,0.5516446232795715,0.4336977899074554,0.5431772470474243,0.4421172142028808,0.5415897369384766,0.4409644603729248
1559,1559,test,9746,0.5190825462341309,0.4443094134330749,0.5318767428398132,0.4333902895450592,0.5274059176445007,0.4379653632640838,0.5288870930671692,0.4358198344707489,0.5165501832962036,0.4438550770282745,0.5185515880584717,0.4437690079212188,0.5177239179611206,0.4441873133182525,0.5157113075256348,0.4445253312587738,0.5166905522346497,0.4432816505432129,0.5271908044815063,0.4366851449012756,0.5192410945892334,0.444197803735733,0.5168174505233765,0.4428271651268005
1560,1560,train,9586,0.6422256827354431,0.3396864235401153,0.6598800420761108,0.3217982947826385,0.6567529439926147,0.321813702583313,0.6578626036643982,0.3203599154949188,0.6342818140983582,0.3414628207683563,0.6413655281066895,0.3367713987827301,0.6461324095726013,0.3377324044704437,0.638538122177124,0.3427736163139343,0.6366510987281799,0.3430695235729217,0.6501588225364685,0.3293552994728088,0.644929051399231,0.3365295231342315,0.642472505569458,0.3389546573162079
1561,1561,train,9793,0.6205324530601501,0.3623239398002624,0.6425274014472961,0.3405800461769104,0.6376361846923828,0.3439340591430664,0.6401040554046631,0.3406640291213989,0.6142919063568115,0.3646819293498993,0.6208534240722656,0.3604075908660888,0.6237669587135315,0.3603269755840301,0.6145898699760437,0.3648766577243805,0.6132645606994629,0.3645206689834595,0.6300464272499084,0.3474590480327606,0.6257354617118835,0.3595075905323028,0.6192749738693237,0.3603062629699707
1562,1562,train,10392,0.488488495349884,0.4568222165107727,0.4994919598102569,0.4438372254371643,0.497374027967453,0.4510013163089752,0.4950479865074157,0.4479498565196991,0.4854223132133484,0.4560571312904358,0.4877481162548065,0.4555671811103821,0.4874046146869659,0.456270158290863,0.4867538511753082,0.4569752216339111,0.4877380132675171,0.455969363451004,0.4940074384212494,0.4492272734642029,0.4898190796375274,0.4562087059020996,0.4860530197620392,0.4549172818660736
1563,1563,train,10144,0.5781858563423157,0.4162623882293701,0.5919002294540405,0.4035641252994537,0.5846608877182007,0.4086055755615234,0.5890703201293945,0.4059118032455444,0.5758472084999084,0.4165443778038025,0.5776444673538208,0.4157909452915191,0.5770164728164673,0.4166352748870849,0.5726756453514099,0.4174258708953857,0.5745101571083069,0.415479451417923,0.5863257050514221,0.4072387218475342,0.5785041451454163,0.4167200624942779,0.5766133666038513,0.4153889119625091
1564,1564,train,9557,0.5661700963973999,0.426755279302597,0.5804029703140259,0.4146775603294372,0.5729893445968628,0.419659286737442,0.577461302280426,0.4171092808246612,0.5634652972221375,0.4268869161605835,0.5657128095626831,0.4264801740646362,0.5647852420806885,0.4270366132259369,0.5608265995979309,0.4273066818714142,0.5626528859138489,0.4257061183452606,0.5746282935142517,0.4178495109081268,0.5664490461349487,0.4277054667472839,0.564440131187439,0.4256867170333862
1565,1565,train,10494,0.6162915229797363,0.3770323097705841,0.6363623142242432,0.3582702279090881,0.6313668489456177,0.3617174029350281,0.6345154643058777,0.3580482602119446,0.6116546988487244,0.3782260715961456,0.6170031428337097,0.3753691911697387,0.6186649799346924,0.3766902983188629,0.6101123690605164,0.3804640471935272,0.6103302240371704,0.3785189390182495,0.6256200671195984,0.364521324634552,0.6227519512176514,0.3734074831008911,0.6154240369796753,0.3758872449398041
1566,1566,train,9521,0.5919846892356873,0.4107905626296997,0.6077699661254883,0.3965999782085418,0.601265549659729,0.4021254181861877,0.605466902256012,0.3985868990421295,0.5896104574203491,0.410823792219162,0.5920467376708984,0.4101966023445129,0.5911484956741333,0.411583811044693,0.5858306884765625,0.4127527177333832,0.5875828862190247,0.4105484783649444,0.6002922654151917,0.400370329618454,0.5945494771003723,0.4110132157802582,0.5902483463287354,0.4098600745201111
1567,1567,train,9935,0.4889346063137054,0.4626607894897461,0.4997938573360443,0.4511061608791351,0.4978964924812317,0.4573441743850708,0.4956940114498138,0.4550885856151581,0.4856939613819122,0.4616288244724273,0.4885720312595367,0.4618866443634033,0.487710565328598,0.4623919725418091,0.4863451719284057,0.4633337259292602,0.4871121048927307,0.462298721075058,0.49467933177948,0.4556664526462555,0.490106850862503,0.4618455469608307,0.4871267974376678,0.4606644809246063
1568,1568,train,9410,0.6039835214614868,0.3985269963741302,0.6209274530410767,0.3827749490737915,0.6142987608909607,0.3877769112586975,0.6182168126106262,0.3844695389270782,0.6011799573898315,0.3989712297916412,0.604210615158081,0.3977172374725342,0.6041126251220703,0.3989867866039276,0.5977332592010498,0.4011697173118591,0.5992915034294128,0.3988111913204193,0.6118289232254028,0.3879784643650055,0.6079212427139282,0.3973272442817688,0.6025705933570862,0.3976611196994781
1569,1569,train,10530,0.5383419394493103,0.4417658150196075,0.552704393863678,0.4301190376281738,0.5460615754127502,0.4349334239959717,0.5491317510604858,0.4329767823219299,0.5368245244026184,0.4409999847412109,0.5386512875556946,0.4412082135677337,0.5370842814445496,0.4421583712100982,0.5334859490394592,0.4425768256187439,0.5349288582801819,0.4411027133464813,0.547106146812439,0.4340543746948242,0.5397933721542358,0.4414873421192169,0.5366584658622742,0.4410489797592163
1570,1570,test,9052,0.521734893321991,0.4501190781593323,0.5354301929473877,0.4394328594207763,0.5298120379447937,0.4440777003765106,0.5314716696739197,0.4426930844783783,0.5192261338233948,0.4495526850223541,0.5219864249229431,0.4495855271816253,0.5211960077285767,0.450028121471405,0.5185033082962036,0.4501744210720062,0.519870400428772,0.448930412530899,0.5304995775222778,0.4428977966308594,0.5227454900741577,0.4497447311878204,0.5202467441558838,0.4489004015922546
1571,1571,train,9626,0.6308591961860657,0.3532301783561706,0.6520662307739258,0.3315463066101074,0.6483005285263062,0.3327863216400146,0.6500853896141052,0.3309041857719421,0.6231467127799988,0.3562537729740143,0.6302406787872314,0.3511346280574798,0.6351282596588135,0.350438505411148,0.6257449388504028,0.3559369146823883,0.6240158677101135,0.3559711277484894,0.6405011415481567,0.3385376334190368,0.6350646018981934,0.3498939275741577,0.6302329897880554,0.351379930973053
1572,1572,test,10037,0.519043505191803,0.4455907642841339,0.5317780375480652,0.4347855150699615,0.5274344682693481,0.4397813677787781,0.5281920433044434,0.437892735004425,0.516706109046936,0.4451800584793091,0.5185986757278442,0.4452106952667236,0.5187334418296814,0.4453226029872894,0.5164504647254944,0.4456391632556915,0.5171828866004944,0.444697618484497,0.5275018215179443,0.4381634593009949,0.520301342010498,0.445170521736145,0.5176581740379333,0.4442965090274811
1573,1573,train,10179,0.6124750971794128,0.3859285712242126,0.6314388513565063,0.3676787614822387,0.6252588033676147,0.3722389042377472,0.6287356019020081,0.3687764406204223,0.6085831522941589,0.3863298296928406,0.6129363775253296,0.3843178749084472,0.6121187210083008,0.3879242837429046,0.6046507954597473,0.3906114995479584,0.6057698726654053,0.3884954750537872,0.6200718879699707,0.3753761351108551,0.6179901361465454,0.3831001818180084,0.6098253726959229,0.3865698873996734
1574,1574,test,10294,0.5630221366882324,0.42812380194664,0.5761512517929077,0.4164091050624847,0.5687187314033508,0.4215193092823028,0.573561429977417,0.4188157916069031,0.5607214570045471,0.4279709458351135,0.5624233484268188,0.4276978969573974,0.5613949298858643,0.42867511510849,0.5577412247657776,0.4287043809890747,0.5593332052230835,0.4270377457141876,0.5709111094474792,0.4196508824825287,0.5633384585380554,0.4288856983184814,0.5613581538200378,0.4269988238811493
1575,1575,train,8898,0.5136260390281677,0.4477453827857971,0.5258256196975708,0.4368090331554413,0.522087812423706,0.4425311088562011,0.5233242511749268,0.4394983351230621,0.5107296109199524,0.4470161199569702,0.5132943987846375,0.4471151828765869,0.5130105018615723,0.4473574161529541,0.5116130113601685,0.4472900331020355,0.5118989944458008,0.4466836452484131,0.5207233428955078,0.441148579120636,0.5146632194519043,0.4477180242538452,0.5114977955818176,0.4462537765502929
1576,1576,test,10231,0.6253964900970459,0.360613465309143,0.6461552381515503,0.3411672115325928,0.6433553099632263,0.3429127931594848,0.6446479558944702,0.3402796685695648,0.6197946071624756,0.3625479936599731,0.6255989670753479,0.3585895895957947,0.6288866400718689,0.3587269783020019,0.6204155087471008,0.362658828496933,0.6195025444030762,0.3616450428962707,0.6356400847434998,0.3460340499877929,0.6304816603660583,0.3581306636333465,0.6244609951972961,0.358654260635376
1577,1577,test,9917,0.4867157340049743,0.457584023475647,0.4968122839927673,0.4443459510803222,0.4958306550979614,0.4527909159660339,0.4933635294437408,0.4477461874485016,0.4828943014144897,0.4570640623569488,0.4863060414791107,0.4563517272472381,0.4856420755386352,0.4570703208446502,0.4853472411632538,0.4576227366924286,0.4857417345046997,0.4572476148605346,0.4914733171463012,0.4495705068111419,0.4880383312702179,0.4575799405574798,0.4841966331005096,0.4556300640106201
1578,1578,train,9056,0.5981621742248535,0.4004172384738922,0.6140430569648743,0.3867065608501434,0.6065009236335754,0.3928360939025879,0.6130601167678833,0.3878859579563141,0.5956344604492188,0.4004249572753906,0.5976402163505554,0.4002261161804199,0.597410261631012,0.4010021090507507,0.5927394032478333,0.4016417562961578,0.5934946537017822,0.3996656537055969,0.6069365739822388,0.3898115158081054,0.6004201173782349,0.401703804731369,0.5964043736457825,0.3992106914520263
1579,1579,train,10299,0.6203778386116028,0.3663313090801239,0.641585648059845,0.345946192741394,0.6374120116233826,0.3483571708202362,0.6396573185920715,0.3457705080509186,0.613976240158081,0.3689775168895721,0.6201170682907104,0.3648332357406616,0.6231646537780762,0.3649039268493652,0.61442631483078,0.3687281310558319,0.6133068203926086,0.3680320382118225,0.629932165145874,0.3518553376197815,0.6257158517837524,0.3636243939399719,0.6188861727714539,0.3647231757640838
1580,1580,train,8960,0.5237951278686523,0.4280732870101928,0.5337008237838745,0.416267067193985,0.5303634405136108,0.4231787919998169,0.5320284962654114,0.4183540642261505,0.5218106508255005,0.4271985292434692,0.5238138437271118,0.4260554909706116,0.5227280259132385,0.4274025559425354,0.5214371085166931,0.4277666211128235,0.5225639343261719,0.4272615015506744,0.5284680128097534,0.420403391122818,0.5253559350967407,0.4281512796878814,0.5210431218147278,0.4266071617603302
1581,1581,train,9425,0.4884536862373352,0.4560201466083526,0.4997429847717285,0.4437756538391113,0.4982626140117645,0.4495510756969452,0.4958401620388031,0.4474630653858185,0.4850126504898071,0.4552923142910003,0.4876229166984558,0.4551396071910858,0.4867851138114929,0.4559298753738403,0.4857440888881683,0.4564711153507232,0.4862932860851288,0.4555960297584533,0.4943978190422058,0.4483988583087921,0.4890148639678955,0.4551548063755035,0.4861927330493927,0.4539418220520019
1582,1582,train,9380,0.5001653432846069,0.45761838555336,0.5130847692489624,0.4459619224071502,0.5098518133163452,0.451944500207901,0.5088804364204407,0.4496454894542694,0.4974744915962219,0.457021415233612,0.5004944801330566,0.4565383791923523,0.4997139871120453,0.4567890763282776,0.4980398118495941,0.4577949047088623,0.4988498985767364,0.456930011510849,0.5074620842933655,0.4505987763404846,0.5016237497329712,0.456932932138443,0.497902512550354,0.4560255408287048
1583,1583,train,10201,0.5026863217353821,0.4525550305843353,0.5153051018714905,0.4415093958377838,0.5121484398841858,0.4465872347354889,0.5115585327148438,0.4448744654655456,0.5003083944320679,0.4523294568061828,0.5027313828468323,0.4517384767532348,0.5022578835487366,0.4519642293453216,0.5007379055023193,0.4526509642601013,0.5014044046401978,0.4518503844738006,0.5099660754203796,0.4454651772975921,0.5042811632156372,0.4518535137176513,0.5008606314659119,0.4511763751506805
1584,1584,train,9836,0.5728103518486023,0.4215569496154785,0.5867141485214233,0.4093163311481476,0.5787350535392761,0.4145519137382507,0.5836024880409241,0.411815196275711,0.5700787305831909,0.421801209449768,0.5719547271728516,0.4215607047080993,0.5722851753234863,0.4216361045837402,0.5676984190940857,0.4222631156444549,0.5697523355484009,0.4202184081077575,0.5817011594772339,0.4121716022491455,0.5730095505714417,0.4221851527690887,0.5719397664070129,0.4202142655849457
1585,1585,train,9080,0.6082773804664612,0.3875099718570709,0.6273782253265381,0.3695718348026275,0.6216385364532471,0.3745374381542206,0.6253282427787781,0.3703362047672272,0.6043609976768494,0.3881446123123169,0.6087872982025146,0.3864364326000213,0.609404981136322,0.3871324062347412,0.6025453805923462,0.3896161317825317,0.6031771302223206,0.3879135847091675,0.6171057820320129,0.3750455677509308,0.6140394806861877,0.3852064907550812,0.6067863702774048,0.3861019909381866
1586,1586,train,9716,0.618071436882019,0.3762195408344269,0.6372250318527222,0.359035313129425,0.632683277130127,0.3622369170188904,0.6345891952514648,0.3597055375576019,0.6131364703178406,0.3777463138103485,0.6180205345153809,0.3751173317432403,0.6194900870323181,0.3765364289283752,0.6115515828132629,0.3796349465847015,0.612088143825531,0.3776105046272278,0.6262096762657166,0.364940732717514,0.6233009099960327,0.3739348649978637,0.6162218451499939,0.3757913410663605
1587,1587,train,9569,0.4993704259395599,0.4557392001152038,0.5110356211662292,0.4438916742801666,0.5076071619987488,0.44943967461586,0.5073649287223816,0.447131872177124,0.4964916706085205,0.455183207988739,0.4990065693855285,0.4547162055969238,0.4984060227870941,0.4554724991321563,0.496339738368988,0.4560222625732422,0.4972383677959442,0.4551478624343872,0.5063545107841492,0.4483933746814728,0.5004441142082214,0.4549305438995361,0.4975106120109558,0.4537450075149536
1588,1588,train,10181,0.4804911017417907,0.4630628824234009,0.4908619523048401,0.4500635266304016,0.489683985710144,0.456808865070343,0.4864918887615204,0.4545929729938507,0.4769192039966583,0.4621711671352386,0.4798707962036133,0.461753636598587,0.4789291024208069,0.4629657566547394,0.4784668385982513,0.4633632004261017,0.4791103899478912,0.4626147449016571,0.4858750700950622,0.4554803967475891,0.4819845855236053,0.4621042013168335,0.4781303703784942,0.4616532623767853
1589,1589,train,10628,0.5156852602958679,0.4469873905181885,0.5298466682434082,0.4355410635471344,0.5237128138542175,0.4399644732475281,0.525774359703064,0.4388757944107055,0.5136696100234985,0.4464581608772278,0.5161687135696411,0.4465285539627075,0.514812707901001,0.4470312297344208,0.5118516683578491,0.4471398293972015,0.5133867859840393,0.4459867775440216,0.5245344042778015,0.4396253824234009,0.516497790813446,0.4468707740306854,0.5140310525894165,0.4457828104496002
1590,1590,train,10100,0.568693220615387,0.4231236279010772,0.5811567306518555,0.4116671085357666,0.5743641257286072,0.4168813228607178,0.5792884826660156,0.4138126075267792,0.5665634274482727,0.4228485524654388,0.5680550932884216,0.4231129288673401,0.5675441026687622,0.4237026274204254,0.5638508796691895,0.4236132800579071,0.5654309988021851,0.4220490455627441,0.5769591331481934,0.4145331084728241,0.5684714317321777,0.4245526194572449,0.5673360228538513,0.4221602082252502
1591,1591,train,9239,0.6133921146392822,0.3773029446601867,0.6333075165748596,0.3585269153118133,0.6283547878265381,0.3630528450012207,0.631049394607544,0.3591418266296386,0.6090392470359802,0.3788353204727173,0.6139313578605652,0.3760120570659637,0.6151421666145325,0.3764403164386749,0.6084027886390686,0.3789886832237243,0.6078132390975952,0.3777366578578949,0.6220173239707947,0.3638017773628235,0.6199003458023071,0.3748718500137329,0.6121238470077515,0.3754529356956482
1592,1592,test,9093,0.5804520845413208,0.4189245998859405,0.5953081846237183,0.4056300818920135,0.5875042080879211,0.4114944338798523,0.5925825238227844,0.4080707430839538,0.5780414938926697,0.4190396070480346,0.5799767374992371,0.4187873601913452,0.5793811082839966,0.419513463973999,0.574973464012146,0.4198607504367828,0.57671058177948,0.4178685843944549,0.5889476537704468,0.4091487824916839,0.5819292068481445,0.4193572998046875,0.5786946415901184,0.4179321527481079
1593,1593,test,10552,0.6536317467689514,0.3261252343654632,0.6696305274963379,0.3105106651782989,0.6666529178619385,0.3104604184627533,0.6677142977714539,0.3080278933048248,0.6455597877502441,0.3264994919300079,0.6524602770805359,0.3225393295288086,0.6574408411979675,0.3259937763214111,0.6507068872451782,0.3306488394737243,0.6484683156013489,0.331024020910263,0.6598883867263794,0.3194991648197174,0.6555702686309814,0.3232373297214508,0.654481053352356,0.3270173668861389
1594,1594,train,9667,0.4966377019882202,0.458505630493164,0.5086542367935181,0.4456839859485626,0.5058678984642029,0.4520448446273803,0.5050234794616699,0.4491224288940429,0.4936882257461548,0.4579942524433136,0.4961455762386322,0.4573695361614227,0.4957406520843506,0.4581738114356994,0.4943605363368988,0.4589490294456482,0.494996041059494,0.4579605460166931,0.503733217716217,0.4500064849853515,0.4978725016117096,0.457475870847702,0.4949241578578949,0.4567504227161407
1595,1595,train,9619,0.5019689202308655,0.455241858959198,0.5134431719779968,0.4433246254920959,0.5106707215309143,0.4491766691207886,0.509662389755249,0.4456570446491241,0.4996305406093597,0.4546290636062622,0.5021790862083435,0.4538645446300506,0.5012413859367371,0.4544661939144134,0.4994498491287231,0.4557124972343445,0.5007279515266418,0.4543655812740326,0.5078712105751038,0.4475938975811004,0.503713071346283,0.4544218778610229,0.5001090168952942,0.4533131122589111
1596,1596,train,9298,0.5747544169425964,0.4241128265857696,0.5890808701515198,0.4114301800727844,0.5819383263587952,0.4163745939731598,0.5861878991127014,0.4141266345977783,0.5728847980499268,0.4237711727619171,0.574590265750885,0.4235092997550964,0.5728185176849365,0.4249854683876037,0.5683806538581848,0.4256317615509033,0.570581316947937,0.4235108494758606,0.5828123092651367,0.4153491854667663,0.5760654807090759,0.4240864515304565,0.5726684927940369,0.4234154522418976
1597,1597,train,9084,0.4897501468658447,0.4514173865318298,0.5027996301651001,0.4376424551010132,0.4997507333755493,0.4447723627090454,0.4980853497982025,0.4414548575878143,0.4863466322422027,0.4509277045726776,0.4894994497299194,0.4505569338798523,0.4883073270320892,0.4508791267871856,0.4874932169914245,0.4515864849090576,0.4885777235031128,0.4506798088550567,0.4961073696613312,0.4433545172214508,0.4903691709041595,0.4505517184734344,0.4874769151210785,0.449180006980896
1598,1598,train,9295,0.5287546515464783,0.4452025890350342,0.5417028069496155,0.4344514310359955,0.5356729030609131,0.4390163123607635,0.5383889675140381,0.4374359250068664,0.5262846946716309,0.4451562464237213,0.5279226303100586,0.445199191570282,0.5280713438987732,0.4452225863933563,0.5256313681602478,0.4451601207256317,0.5269654393196106,0.4437313079833984,0.5376996397972107,0.4369905591011047,0.529116690158844,0.4452979862689972,0.5274508595466614,0.4441748559474945
1599,1599,train,10537,0.620853066444397,0.369581401348114,0.6418192386627197,0.3492538630962372,0.6375557780265808,0.3522327244281769,0.639592170715332,0.3496085405349731,0.6145267486572266,0.3714889287948608,0.6202806234359741,0.3683754205703735,0.6230868101119995,0.3690294623374939,0.6150034666061401,0.3724353313446045,0.6142216324806213,0.3712218701839447,0.6301528215408325,0.3557074069976806,0.6268182992935181,0.366349995136261,0.6191824078559875,0.368491530418396
1600,1600,train,9677,0.6077507138252258,0.3900548219680786,0.6267579197883606,0.3713876903057098,0.6210110783576965,0.3764814734458923,0.6236547231674194,0.3729683756828308,0.6037253737449646,0.3913702070713043,0.6084897518157959,0.3889791667461395,0.609138548374176,0.3898806571960449,0.6019458770751953,0.3926620781421661,0.6022562980651855,0.3909931778907776,0.6155543327331543,0.3782642185688019,0.6135273575782776,0.3873784244060516,0.6061411499977112,0.389229267835617
1601,1601,test,10130,0.503309965133667,0.4559484124183655,0.5141145586967468,0.4455619752407074,0.510572075843811,0.4508828222751617,0.5116389393806458,0.4485760927200317,0.5010155439376831,0.4548726677894592,0.5030077695846558,0.4552282392978668,0.5029255747795105,0.4558373987674713,0.5016992688179016,0.4559624791145324,0.5020548701286316,0.4550897777080536,0.5100191235542297,0.4495407342910766,0.5042621493339539,0.4559604525566101,0.5016099810600281,0.4545700848102569
1602,1602,test,9126,0.6287539601325989,0.3595771491527557,0.6498888731002808,0.3388048708438873,0.6464996337890625,0.3402459621429443,0.6484578847885132,0.3381664454936981,0.6223306059837341,0.3624918162822723,0.6293072700500488,0.3575416505336761,0.6329176425933838,0.3573382496833801,0.6228941679000854,0.3625780940055847,0.6215012669563293,0.3620635271072387,0.6382067799568176,0.3453209996223449,0.6343600153923035,0.3566110730171203,0.6275250315666199,0.3583487272262573
1603,1603,train,9530,0.4852496087551117,0.4635202586650848,0.4965342283248901,0.4510478675365448,0.4941819310188293,0.4570344686508178,0.4928677976131439,0.4549963772296905,0.4822326004505157,0.4625892341136932,0.4850839376449585,0.4620855152606964,0.4844858944416046,0.4630294442176819,0.4832045137882232,0.4639278650283813,0.4837481081485748,0.4628855288028717,0.4916074275970459,0.4563158750534057,0.4865970313549042,0.4620715677738189,0.4835797250270843,0.4614189863204956
1604,1604,test,10502,0.6083944439888,0.3879433870315552,0.6234083771705627,0.3732297122478485,0.6171585321426392,0.3788076639175415,0.6221373081207275,0.3745198547840118,0.605338454246521,0.3890118598937988,0.6079162955284119,0.3878275752067566,0.6086058616638184,0.3878102302551269,0.6036067605018616,0.3891823589801788,0.6039118766784668,0.3873648047447204,0.6161718964576721,0.376725822687149,0.6104068756103516,0.3884496688842773,0.6065191626548767,0.3864602148532867
1605,1605,train,9112,0.5014088749885559,0.4557340443134308,0.5144266486167908,0.4445305466651916,0.5105215907096863,0.4497422277927398,0.5104470252990723,0.447472333908081,0.4990951716899872,0.4553973078727722,0.5014328360557556,0.4548979699611664,0.5010609030723572,0.4554339051246643,0.4993966817855835,0.4562344551086426,0.5002070665359497,0.4548409581184387,0.5089868903160095,0.4489213824272156,0.5027281045913696,0.4553548395633697,0.4997032284736633,0.4543647766113281
1606,1606,train,9709,0.4768197536468506,0.453721672296524,0.4868792295455932,0.4414972364902496,0.4878988564014435,0.4482786655426025,0.4833494424819946,0.4450578987598419,0.4727650582790375,0.4537228047847748,0.477174699306488,0.4520782232284546,0.4761081337928772,0.4531328976154327,0.4753398895263672,0.4540218710899353,0.476393848657608,0.4539399147033691,0.4825641214847564,0.4460582137107849,0.4792042374610901,0.4535310864448547,0.4744398891925812,0.4523544907569885
1607,1607,train,10301,0.6235194802284241,0.3658308982849121,0.6445608139038086,0.3459217548370361,0.6404232382774353,0.3488004505634308,0.6430287957191467,0.345749169588089,0.618294894695282,0.3679463863372803,0.6243169903755188,0.3639572262763977,0.6264905333518982,0.3643931746482849,0.6177510619163513,0.3683062493801117,0.6166656017303467,0.36720871925354,0.6328967213630676,0.3518640100955963,0.6293780207633972,0.3630237877368927,0.6218687891960144,0.3643703162670135
1608,1608,train,9579,0.614403486251831,0.3812329173088074,0.6315681338310242,0.3657370805740356,0.6265297532081604,0.3697506189346313,0.6296061277389526,0.3663992285728454,0.6106997728347778,0.3824260532855987,0.6144139766693115,0.3805294930934906,0.6152954697608948,0.3811155557632446,0.6088361144065857,0.3830690681934356,0.6094590425491333,0.3812620639801025,0.6227349042892456,0.3697213232517242,0.6185900568962097,0.3801484107971191,0.6126740574836731,0.3800516128540039
1609,1609,train,10473,0.4951654076576233,0.4580353498458862,0.5071895718574524,0.4454289376735687,0.5036427974700928,0.4517452716827392,0.5031769275665283,0.4493666291236877,0.492296814918518,0.4568637609481811,0.4947187304496765,0.4571151435375213,0.4942043125629425,0.4578264355659485,0.4927082359790802,0.4583309590816498,0.4936274290084839,0.4574148654937744,0.5019597411155701,0.4504390656948089,0.4963759183883667,0.4569008350372314,0.493173211812973,0.4565063416957855
1610,1610,train,9291,0.4977233707904815,0.4543316960334778,0.5096748471260071,0.4427089095115661,0.5065246820449829,0.4484932124614715,0.5062872767448425,0.4454424083232879,0.4950558245182037,0.4534103274345398,0.4971484243869781,0.4533801972866058,0.4968709051609039,0.4543137848377228,0.4954586923122406,0.4545481503009796,0.4958938658237457,0.4536095261573791,0.5052598118782043,0.4464465379714966,0.4985668063163757,0.4536145627498626,0.4955529868602752,0.4529713988304138
1611,1611,train,9514,0.5459867715835571,0.4365742206573486,0.5588085651397705,0.4253062307834625,0.552203357219696,0.4303743839263916,0.5555775761604309,0.4281226694583893,0.5431122779846191,0.4365276992321014,0.5450633764266968,0.4365639984607696,0.5453733801841736,0.4364664256572723,0.5420430302619934,0.4365991353988647,0.5434291958808899,0.4353491067886352,0.5549167990684509,0.4281737506389618,0.5460975766181946,0.4371200501918793,0.5448233485221863,0.4354100227355957
1612,1612,test,9366,0.5492042899131775,0.4366123080253601,0.5624976754188538,0.4246679246425628,0.555579423904419,0.429277628660202,0.5591580271720886,0.4276400506496429,0.5463706851005554,0.4366537630558014,0.5486876368522644,0.436216801404953,0.5488704442977905,0.436362087726593,0.5451258420944214,0.4366850554943084,0.5467258095741272,0.435320109128952,0.5584425330162048,0.4281791746616363,0.5491565465927124,0.43634694814682,0.5484799742698669,0.4349558055400848
1613,1613,train,9554,0.5511218905448914,0.4267278611660003,0.5628288984298706,0.4167145788669586,0.5566809773445129,0.4208016097545624,0.5612359046936035,0.4183472096920013,0.5498396158218384,0.4259134531021118,0.550832986831665,0.4259703755378723,0.5488512516021729,0.4271427989006042,0.5459948778152466,0.4277477860450744,0.5475409030914307,0.4261261224746704,0.5574512481689453,0.4197178184986114,0.5514862537384033,0.4270506799221039,0.5478641390800476,0.4263501465320587
1614,1614,train,10303,0.4954182505607605,0.4576756954193115,0.5088502764701843,0.4453977048397064,0.5054190754890442,0.4508329033851623,0.5045705437660217,0.4492039084434509,0.4930217862129211,0.4569498300552368,0.4952614605426788,0.4567455947399139,0.4944791197776794,0.4571258127689361,0.4926599562168121,0.4580623805522918,0.4934275150299072,0.4568240940570831,0.5035116672515869,0.4498206973075866,0.4967369139194488,0.4563700258731842,0.4934535026550293,0.456105887889862
1615,1615,train,9871,0.6293993592262268,0.3508071303367615,0.6505990624427795,0.3295675814151764,0.6470035314559937,0.3308090269565582,0.6489243507385254,0.3286805748939514,0.6224356889724731,0.3535341024398803,0.6295852661132812,0.3483701944351196,0.6332528591156006,0.3480010032653808,0.6240584254264832,0.3534924685955047,0.6221750378608704,0.3533928692340851,0.6393877267837524,0.3356510698795318,0.6337910294532776,0.3475448489189148,0.6282736659049988,0.3491025269031524
1616,1616,test,10353,0.6127654910087585,0.3823829293251037,0.6307776570320129,0.3656188249588012,0.6250588297843933,0.3702341020107269,0.6288418173789978,0.3664160072803497,0.6088754534721375,0.3831474184989929,0.6128664016723633,0.3812002539634704,0.613753080368042,0.3825057744979858,0.607486367225647,0.3845931589603424,0.607628345489502,0.382737249135971,0.6213584542274475,0.3707761168479919,0.6174667477607727,0.3805522620677948,0.6114885807037354,0.3814524114131927
1617,1617,train,9466,0.4992013871669769,0.4411449730396271,0.5064014792442322,0.4343360662460327,0.5070526003837585,0.4369741380214691,0.5043637156486511,0.4361939430236816,0.4972510933876037,0.4421297907829284,0.4990760385990143,0.4414738118648529,0.4984311461448669,0.4421989619731903,0.4984268844127655,0.440664142370224,0.4991443455219269,0.4413481056690216,0.5030894875526428,0.4374229609966278,0.5004999041557312,0.4417126476764679,0.4967786967754364,0.4411223828792572
1618,1618,train,9223,0.4845414161682129,0.4571305513381958,0.4966614544391632,0.4440023899078369,0.4951695501804352,0.4512549638748169,0.49186772108078,0.448467880487442,0.4810210168361664,0.4561813771724701,0.4841740131378174,0.4560049176216125,0.4835888147354126,0.4568249881267547,0.482981264591217,0.4569823741912842,0.4836547076702118,0.4566786587238312,0.4909831285476684,0.4492127597332001,0.4861182272434234,0.4561437666416168,0.4819895625114441,0.4558215141296386
1619,1619,test,10596,0.549747109413147,0.4345243871212005,0.5623041391372681,0.4234114289283752,0.5554019808769226,0.4287689924240112,0.5594285130500793,0.4262053072452545,0.5471620559692383,0.4343611299991607,0.5492543578147888,0.4343947768211365,0.5493670105934143,0.4344834387302398,0.5462238788604736,0.434525728225708,0.5476161241531372,0.4331749677658081,0.55815190076828,0.4264256954193115,0.5501763224601746,0.4352013170719147,0.5487270355224609,0.433313637971878
1620,1620,train,8951,0.5391554236412048,0.4415097236633301,0.553341269493103,0.429743081331253,0.5470918416976929,0.4342067241668701,0.549544095993042,0.4329396784305572,0.5375762581825256,0.4411391317844391,0.5396614670753479,0.4408613741397857,0.5378905534744263,0.4418621957302093,0.5339978933334351,0.4422666132450104,0.535603404045105,0.4408112466335296,0.5476388931274414,0.4340763092041015,0.5405541062355042,0.4408018290996551,0.5375110507011414,0.4407804906368255
1621,1621,train,9462,0.4740490913391113,0.4654726386070251,0.4853234887123108,0.4518832564353943,0.4842999577522278,0.4590997397899627,0.4807012677192688,0.4565045535564422,0.4703325033187866,0.4647322595119476,0.4737386703491211,0.4645348787307739,0.4726143479347229,0.4651156365871429,0.4719545543193817,0.4659056067466736,0.472771018743515,0.4654115736484527,0.4797679483890533,0.457569807767868,0.4753317832946777,0.4645323157310486,0.4715430736541748,0.4637681245803833
1622,1622,train,10586,0.5319602489471436,0.4432133734226227,0.5445725917816162,0.4321964085102081,0.5386017560958862,0.4370394945144653,0.5418623089790344,0.435016393661499,0.5295137166976929,0.4427751004695892,0.5314266681671143,0.4428785741329193,0.5311169028282166,0.4433248937129974,0.5282538533210754,0.4432849884033203,0.5297389626502991,0.4418707191944122,0.5406461358070374,0.4356217086315155,0.5318924188613892,0.4433824419975281,0.530753493309021,0.4418438076972961
1623,1623,train,9953,0.4969343841075897,0.460529625415802,0.5091432332992554,0.4485260546207428,0.5061684846878052,0.4540205001831054,0.505021870136261,0.4522479474544525,0.4938606321811676,0.4598539471626282,0.4964748024940491,0.4600169658660888,0.4956776201725006,0.4604045152664184,0.4939993619918823,0.4610486030578613,0.4948766231536865,0.4600952863693237,0.504365861415863,0.4527139663696289,0.4975855648517608,0.4600575864315033,0.4947360455989837,0.4590737223625183
1624,1624,test,9427,0.6052743792533875,0.3987598717212677,0.6208352446556091,0.3838351368904114,0.6151284575462341,0.3884088695049286,0.6186365485191345,0.3851387202739715,0.6023816466331482,0.3995664417743683,0.6052629351615906,0.3982830941677093,0.6054320335388184,0.3990616500377655,0.5995413661003113,0.4006713926792145,0.6006938815116882,0.3986705243587494,0.6133429408073425,0.3879522979259491,0.6083638668060303,0.3978387713432312,0.6037431955337524,0.397677332162857
1625,1625,train,9455,0.6367488503456116,0.3440265655517578,0.65628582239151,0.3237133026123047,0.6526621580123901,0.3248169720172882,0.655029296875,0.3225957751274109,0.6294023990631104,0.3468568623065948,0.6369802355766296,0.3411852717399597,0.6402432322502136,0.3411937952041626,0.6315674781799316,0.3469227254390716,0.629323422908783,0.3474682867527008,0.6452826857566833,0.3309572041034698,0.6408482193946838,0.3403913378715515,0.6354414820671082,0.342837393283844
1626,1626,train,9447,0.6343568563461304,0.3497296273708343,0.6549405455589294,0.3294495642185211,0.6508195996284485,0.330676406621933,0.6534023284912109,0.3279404044151306,0.6262930631637573,0.3525485396385193,0.6342562437057495,0.3470254242420196,0.6396992802619934,0.3464958667755127,0.6294175982475281,0.352564662694931,0.6272938847541809,0.3526318371295929,0.6447558403015137,0.3353295624256134,0.6382765769958496,0.3467274606227875,0.6346150040626526,0.3476770520210266
1627,1627,train,9008,0.4920458495616913,0.4615357518196106,0.5055160522460938,0.4495072066783905,0.5020256638526917,0.4550527334213257,0.5014328360557556,0.453586995601654,0.4898209571838379,0.4607912898063659,0.4925363957881927,0.4603200852870941,0.4918135404586792,0.4611233174800873,0.489768385887146,0.4622081816196441,0.4907631576061249,0.460790753364563,0.5004913806915283,0.4537025988101959,0.49407958984375,0.4602340161800384,0.4905257225036621,0.4600177109241485
1628,1628,train,9946,0.5813727378845215,0.421828418970108,0.595701277256012,0.4087477624416351,0.5895938873291016,0.4125634133815765,0.5929073095321655,0.4109864234924316,0.5801467895507812,0.4213254451751709,0.5818261504173279,0.4207018315792084,0.5777756571769714,0.4235465824604034,0.5727599859237671,0.4248236119747162,0.574869692325592,0.4226703345775604,0.5877856016159058,0.4140918850898742,0.5830661058425903,0.4214217364788055,0.5778505206108093,0.4220831990242004
1629,1629,train,8940,0.4921000897884369,0.4544808268547058,0.5026347637176514,0.4435592293739319,0.5008194446563721,0.4493052065372467,0.4996843039989471,0.4465399384498596,0.4891039431095123,0.4533117413520813,0.4912470877170563,0.4533246755599975,0.49095618724823,0.4540812075138092,0.4896163046360016,0.4544554650783539,0.4903840720653534,0.4536348283290863,0.4972579181194305,0.4478259086608886,0.4932632744312286,0.45430788397789,0.4893547892570495,0.4526774883270263
1630,1630,train,9422,0.4866863191127777,0.4579972922801971,0.4980386197566986,0.4449307024478912,0.4965296387672424,0.4516871869564056,0.4949701726436615,0.4480470716953277,0.4830918610095978,0.4572387337684631,0.4861668050289154,0.4563596546649933,0.4857546687126159,0.4575322568416595,0.4846071004867553,0.4584620296955108,0.4853855073451996,0.4576293528079986,0.4926407635211944,0.4504578411579132,0.4879706501960754,0.4571569561958313,0.484249860048294,0.4562423229217529
1631,1631,train,9073,0.5633726716041565,0.4281150996685028,0.5773845314979553,0.4161101877689361,0.5696094632148743,0.4212338626384735,0.5742527842521667,0.4185837209224701,0.5612762570381165,0.4279135167598724,0.5628804564476013,0.4277238845825195,0.5613002777099609,0.428862452507019,0.5571513772010803,0.4292562007904053,0.5588021278381348,0.4275997281074524,0.5719871520996094,0.4195511043071747,0.5637088418006897,0.4286850988864898,0.5613372325897217,0.4272918999195099
1632,1632,train,9483,0.4934074282646179,0.4559776484966278,0.5038164854049683,0.4447491765022278,0.5020142197608948,0.4511356651782989,0.5005736351013184,0.4479349255561828,0.4906458258628845,0.4551407396793365,0.4927210807800293,0.4553962349891662,0.4925443828105926,0.4562259912490845,0.4918724298477173,0.4560902118682861,0.4930602014064789,0.4553731977939605,0.4990163743495941,0.4497210085391998,0.4942790269851684,0.4558864533901214,0.4913564920425415,0.4545210003852844
1633,1633,train,10006,0.5809905529022217,0.4168737232685089,0.5952805280685425,0.4034812748432159,0.5882003307342529,0.4090624749660492,0.5928941369056702,0.4055257737636566,0.5787986516952515,0.4168639481067657,0.5809155106544495,0.4162711501121521,0.5800057649612427,0.4173516035079956,0.5750206112861633,0.4182479381561279,0.577129602432251,0.4162279069423675,0.5892634987831116,0.4069207310676574,0.582406222820282,0.4168457090854645,0.5798100233078003,0.4154846966266632
1634,1634,train,9807,0.6402689814567566,0.3415401875972748,0.6582098603248596,0.3232181668281555,0.6545968055725098,0.3238228559494018,0.6566448211669922,0.3216254115104675,0.6325393319129944,0.3435441255569458,0.6397367715835571,0.3385317325592041,0.6445047855377197,0.3391470611095428,0.6362740397453308,0.3445365726947784,0.6345184445381165,0.3445580601692199,0.6488543152809143,0.3298303484916687,0.6430588960647583,0.3385431170463562,0.6401900053024292,0.3404829204082489
1635,1635,train,10154,0.5411072373390198,0.441575676202774,0.5548359751701355,0.4305879175662994,0.5482056736946106,0.4356326758861542,0.5511958599090576,0.4334207773208618,0.538766086101532,0.4410731196403503,0.540742814540863,0.4414083361625671,0.5400367975234985,0.4419316053390503,0.5366072654724121,0.4417864680290222,0.5384277701377869,0.4403422474861145,0.550067126750946,0.4338861405849457,0.5412874221801758,0.4420716166496277,0.5394895076751709,0.4406692087650299
1636,1636,train,9684,0.594793975353241,0.4072679877281189,0.6095591187477112,0.393534779548645,0.6025063395500183,0.3990875482559204,0.6076084971427917,0.3955173194408417,0.591895580291748,0.4078561663627624,0.5941897034645081,0.4072639942169189,0.594338595867157,0.4073588848114013,0.5898522138595581,0.4079456031322479,0.5908234119415283,0.4062682688236236,0.6037604808807373,0.3963774442672729,0.5957609415054321,0.4083850979804992,0.5934823155403137,0.4056346416473388
1637,1637,test,9060,0.480351448059082,0.454883873462677,0.4891928136348724,0.4428193271160126,0.4898549914360046,0.4494824409484863,0.4857244491577148,0.4459257423877716,0.4762435853481293,0.4545689821243286,0.4797669053077698,0.4540448784828186,0.478610098361969,0.4550758004188537,0.4787611663341522,0.4545812606811523,0.479125827550888,0.4550136923789978,0.4847019016742706,0.4482973515987396,0.4813010692596435,0.4544354379177093,0.4772936701774597,0.4539180994033813
1638,1638,train,8906,0.504827082157135,0.451188176870346,0.5181262493133545,0.4398007988929748,0.5131362080574036,0.4452400803565979,0.5139622688293457,0.4429125487804413,0.501977264881134,0.450785219669342,0.504659116268158,0.4504129588603973,0.5047054290771484,0.4509094655513763,0.502640426158905,0.4516776204109192,0.5035160183906555,0.4501890242099762,0.5140263438224792,0.443213403224945,0.5058555006980896,0.451113611459732,0.5032236576080322,0.4498858749866485
1639,1639,train,9328,0.631416380405426,0.3542135953903198,0.6531009674072266,0.3326543867588043,0.6483966112136841,0.3342990279197693,0.6507443785667419,0.3319490849971771,0.6240025162696838,0.3568171858787536,0.6313126087188721,0.3516810834407806,0.6356396079063416,0.3521859347820282,0.6252455711364746,0.3581762313842773,0.6241288781166077,0.3573515713214874,0.6417055130004883,0.339926540851593,0.6353570818901062,0.3508554399013519,0.6310612559318542,0.3526555597782135
1640,1640,train,9399,0.5877081751823425,0.4115799367427826,0.6017595529556274,0.3984803855419159,0.5942991971969604,0.4044161736965179,0.5994938015937805,0.4006191790103912,0.5848637819290161,0.4120582640171051,0.5866462588310242,0.4117805063724518,0.5872983336448669,0.4116588830947876,0.5828526616096497,0.412326842546463,0.5841673612594604,0.4104315638542175,0.5958715677261353,0.4013142585754394,0.5884420871734619,0.4127567410469055,0.5862900018692017,0.4100375175476074
1641,1641,train,9335,0.5682693719863892,0.4248437583446502,0.5825758576393127,0.4119836986064911,0.5744957327842712,0.4175203144550323,0.5794422030448914,0.4144903421401977,0.5658144950866699,0.4248572289943695,0.5676964521408081,0.42471843957901,0.5677855014801025,0.4247380495071411,0.5633435845375061,0.4254074990749359,0.565292477607727,0.4237057268619537,0.577386736869812,0.4152863323688507,0.5685639381408691,0.4252354502677917,0.5675718188285828,0.4231972694396972
1642,1642,train,8946,0.527241587638855,0.4462814629077911,0.5406607389450073,0.4352937340736389,0.535014271736145,0.4397574067115783,0.5370043516159058,0.4384070336818695,0.5246829390525818,0.4460431039333343,0.5269209146499634,0.4458739757537842,0.5270720720291138,0.4458932876586914,0.5244781970977783,0.4460180699825287,0.5254676938056946,0.4448382258415222,0.5361988544464111,0.438769519329071,0.5276373624801636,0.4459068179130554,0.5261129140853882,0.4449285566806793
1643,1643,test,10330,0.6135608553886414,0.3854597508907318,0.6318908929824829,0.3679662346839905,0.6261641383171082,0.3722431659698486,0.628848135471344,0.3696706891059875,0.6092236042022705,0.3866080343723297,0.6135173439979553,0.3846248090267181,0.614097535610199,0.3854138255119324,0.6078318357467651,0.3876137137413025,0.6079759001731873,0.3857144117355346,0.6215766072273254,0.3735278844833374,0.6180267333984375,0.3838810920715332,0.6114445924758911,0.3847550451755523
1644,1644,train,9522,0.542361855506897,0.4436641335487366,0.5564008355140686,0.4314550459384918,0.549645721912384,0.436337798833847,0.5528309941291809,0.4347749054431915,0.5400250554084778,0.4434367716312408,0.5421643257141113,0.4431938230991363,0.5412020683288574,0.443995326757431,0.5374335646629333,0.4442952871322632,0.5392902493476868,0.4426316916942596,0.5515668988227844,0.4354367852210998,0.5430873036384583,0.4433730840682983,0.5415354371070862,0.442324548959732
1645,1645,train,10379,0.475419133901596,0.4455907642841339,0.4829916656017303,0.4355219006538391,0.4839290380477905,0.4426776170730591,0.4793009459972381,0.4397338032722473,0.4721328318119049,0.4452913105487823,0.4747689962387085,0.4453378319740295,0.4736516773700714,0.4463134706020355,0.4734929800033569,0.4464710056781769,0.475025475025177,0.4460571706295013,0.4799001216888428,0.4395797550678253,0.4764983654022217,0.4471242427825928,0.4727618098258972,0.4444731771945953
1646,1646,test,10469,0.6293662190437317,0.3523192405700683,0.6506187915802002,0.3314032256603241,0.6468347907066345,0.3328231275081634,0.6489348411560059,0.3305031955242157,0.6225585341453552,0.3554036617279053,0.6297635436058044,0.3500316441059112,0.6336610913276672,0.3496000170707702,0.623624324798584,0.3551877439022064,0.6216827630996704,0.3550669252872467,0.6386439800262451,0.337987333536148,0.634665846824646,0.3487190902233124,0.6281733512878418,0.3507343828678131
1647,1647,train,10617,0.6440188884735107,0.3407095968723297,0.6624404788017273,0.3213796317577362,0.6585391759872437,0.3220132291316986,0.6606365442276001,0.3200385570526123,0.6349726319313049,0.3435331284999847,0.6428420543670654,0.3380632400512695,0.6476996541023254,0.3383572399616241,0.639314591884613,0.3439982533454895,0.6370795965194702,0.3447989225387573,0.6519671082496643,0.3292285203933716,0.646454393863678,0.3375384509563446,0.6437717080116272,0.3397053480148315
1648,1648,train,10477,0.4850731194019317,0.4640503227710724,0.4964325428009033,0.4507086277008056,0.4946142435073852,0.4577182531356811,0.4919480681419372,0.455192357301712,0.4811031520366668,0.463482141494751,0.4844080209732055,0.462679773569107,0.4835294783115387,0.4633280336856842,0.4823803007602691,0.4646457731723785,0.4831160604953766,0.4635045826435089,0.4900667667388916,0.4567155539989471,0.4856669306755066,0.463205337524414,0.4822989404201507,0.4623308777809143
1649,1649,train,9353,0.5700690150260925,0.4207502007484436,0.5827200412750244,0.4095757603645324,0.5756930112838745,0.4144774675369262,0.5810434818267822,0.4115032851696014,0.5671784281730652,0.4210278689861297,0.5688962936401367,0.4208905100822449,0.5693816542625427,0.4208025932312011,0.5657795667648315,0.4211291372776031,0.5675297975540161,0.4193550944328308,0.5789741277694702,0.4118633866310119,0.5694626569747925,0.4216022491455078,0.5687891244888306,0.4193481206893921
1650,1650,train,9976,0.4920580685138702,0.4567414224147796,0.5039719939231873,0.4444581866264343,0.500985324382782,0.4502262771129608,0.4999202489852905,0.4485718607902527,0.4892291724681854,0.4563190639019012,0.4916627407073974,0.4555455446243286,0.4910573065280914,0.4561144113540649,0.4895501434803009,0.4570353031158447,0.4904386699199676,0.4560994803905487,0.4982628524303436,0.4495027065277099,0.4929505884647369,0.4559880197048187,0.4896656274795532,0.4548845589160919
1651,1651,train,9725,0.5520035028457642,0.4330390989780426,0.5650932192802429,0.4206662476062774,0.5575149655342102,0.4258069097995758,0.5614005327224731,0.4240937232971191,0.5491251349449158,0.4332340955734253,0.5510877966880798,0.4329351186752319,0.5510048270225525,0.4330554604530334,0.5474866032600403,0.4331444501876831,0.5492866039276123,0.4316509664058685,0.5610383749008179,0.4242033362388611,0.551358163356781,0.4332552254199981,0.5511511564254761,0.4314095973968506
1652,1652,train,10412,0.5077762603759766,0.4554960429668426,0.5218740105628967,0.4441913962364197,0.51694655418396,0.4488411545753479,0.5172713398933411,0.4479533731937408,0.5054118633270264,0.4550169110298157,0.5080237984657288,0.4546471536159515,0.5077592134475708,0.4550016522407532,0.5048181414604187,0.4556382000446319,0.5063256621360779,0.4541716575622558,0.5172194838523865,0.4479705095291137,0.5093503594398499,0.4546166956424713,0.5068100094795227,0.4541493058204651
1653,1653,train,10539,0.4957411289215088,0.4592827260494232,0.5092586278915405,0.4467709958553314,0.5055670142173767,0.45225390791893,0.5044031143188477,0.4510443806648254,0.4933634400367737,0.4585097730159759,0.4958183467388153,0.4580544829368591,0.4954091310501098,0.4588069021701813,0.4936958849430084,0.4596886038780212,0.4949082732200622,0.4581783711910248,0.5044074058532715,0.4512270092964172,0.4974441230297088,0.4573576152324676,0.4941690266132355,0.457799881696701
1654,1654,train,9553,0.5110118389129639,0.4520762264728546,0.5239887237548828,0.4412399232387543,0.5196718573570251,0.4461886584758758,0.5200532674789429,0.444328248500824,0.5083950757980347,0.4514833092689514,0.5103870630264282,0.451374739408493,0.5107980966567993,0.4515735507011413,0.5085666179656982,0.4521490335464477,0.5095723271369934,0.45081427693367,0.5192219614982605,0.4449559152126312,0.5119332671165466,0.4514695703983307,0.5092703104019165,0.4506738185882568
1655,1655,train,9844,0.5993316173553467,0.3971195518970489,0.6159661412239075,0.3820111155509949,0.609405517578125,0.3877440989017486,0.6135692596435547,0.3838923275470733,0.596129298210144,0.3978797197341919,0.5991131067276001,0.3967302143573761,0.5993310809135437,0.3969890177249908,0.5943750739097595,0.3982909619808197,0.5951237082481384,0.3963896930217743,0.6077787280082703,0.3862128853797912,0.6024841070175171,0.3970935046672821,0.5976110100746155,0.3958147168159485
1656,1656,train,8963,0.5944013595581055,0.4050134718418121,0.6089825630187988,0.3916409909725189,0.6021290421485901,0.3975067734718323,0.6075119376182556,0.3935143947601318,0.5918329954147339,0.4052764475345611,0.5934442281723022,0.4050394594669342,0.5935822129249573,0.4056072235107422,0.5894899964332581,0.4056906700134277,0.5904524922370911,0.4035868048667907,0.6029803156852722,0.3946267962455749,0.5958694815635681,0.406261682510376,0.5927910208702087,0.4037279784679413
1657,1657,train,9920,0.5377345085144043,0.4431170523166656,0.5516918897628784,0.4314631223678589,0.5451641082763672,0.4364606440067291,0.5477897524833679,0.4346280395984649,0.5355768799781799,0.4428236186504364,0.5376082062721252,0.4427294433116913,0.5368162989616394,0.4430431723594665,0.5331061482429504,0.4434187710285187,0.5345104932785034,0.4422389566898346,0.546512246131897,0.435470700263977,0.5382764339447021,0.4427814483642578,0.5361621975898743,0.4419895112514496
1658,1658,train,9030,0.6114587187767029,0.3826510608196258,0.6299476623535156,0.3653196096420288,0.6251394748687744,0.3694504797458648,0.6275396943092346,0.3660855591297149,0.6074569821357727,0.3841450214385986,0.6119834780693054,0.3815914392471313,0.6131688356399536,0.3823411762714386,0.6056310534477234,0.3851321041584015,0.6057596206665039,0.3834376335144043,0.6199015974998474,0.3703613579273224,0.6170827150344849,0.3804630637168884,0.6102166771888733,0.3812948763370514
1659,1659,train,9663,0.5494215488433838,0.4350579380989074,0.5647640228271484,0.4224733412265777,0.5570865869522095,0.4273837506771087,0.5606204867362976,0.4254801273345947,0.5465425252914429,0.4351010322570801,0.5490761995315552,0.4347661137580871,0.5485154986381531,0.4352613687515259,0.5445495843887329,0.435637503862381,0.5464576482772827,0.4339310228824615,0.5590915679931641,0.4263123571872711,0.5503238439559937,0.4349064230918884,0.5485236048698425,0.4337826669216156
1660,1660,train,9873,0.4849599301815033,0.4611780345439911,0.4968591332435608,0.4478864967823028,0.4955020546913147,0.4548833668231964,0.4934232532978058,0.4511792659759521,0.4818441569805145,0.4600604474544525,0.485404759645462,0.4592307209968567,0.4839690327644348,0.4605034291744232,0.482643574476242,0.4616916179656982,0.48324716091156,0.4610520601272583,0.4918329417705536,0.453142762184143,0.4864645302295685,0.459602802991867,0.4825578927993774,0.4594976902008056
1661,1661,train,10284,0.4971001148223877,0.4533132910728454,0.50898677110672,0.4409669041633606,0.5065784454345703,0.4471595585346222,0.5058757662773132,0.4443448185920715,0.4938998222351074,0.452355295419693,0.4969309568405151,0.4523449242115021,0.4959999918937683,0.452969342470169,0.4938809275627136,0.4539229273796081,0.4947823882102966,0.4531372487545013,0.5039575099945068,0.4451828002929687,0.4979440867900848,0.4525508284568786,0.4948500990867615,0.451557844877243
1662,1662,train,9369,0.6235955953598022,0.3658380806446075,0.6439006924629211,0.3464506268501282,0.6390796303749084,0.350049078464508,0.6420230269432068,0.3461314141750335,0.618334949016571,0.3671749234199524,0.6240694522857666,0.3638053834438324,0.6265129446983337,0.364637017250061,0.618245542049408,0.3684114515781402,0.6177157759666443,0.3671925663948059,0.6330776214599609,0.3523924052715301,0.6291314959526062,0.3624955713748932,0.6227926015853882,0.3643783628940582
1663,1663,train,10124,0.617822527885437,0.3735946118831634,0.6389243006706238,0.3534184694290161,0.6339683532714844,0.3569879233837127,0.6363428235054016,0.3542419373989105,0.6124711632728577,0.3754297494888305,0.6182677149772644,0.3721764981746673,0.6201488971710205,0.3728863596916199,0.6117424964904785,0.3764804303646087,0.611275315284729,0.3754627704620361,0.6267790794372559,0.3604397773742676,0.6245234608650208,0.3701880574226379,0.6165224313735962,0.3725724816322326
1664,1664,train,10631,0.5451439619064331,0.4383629560470581,0.5577049255371094,0.4265722334384918,0.5506913065910339,0.4318917393684387,0.5551309585571289,0.4297640919685364,0.5433592796325684,0.4380403757095337,0.5447250008583069,0.4380408227443695,0.5444161295890808,0.4384772479534149,0.5415653586387634,0.4385593831539154,0.5426906943321228,0.4371142089366913,0.5529927611351013,0.4305137097835541,0.5452290773391724,0.4391663074493408,0.5439349412918091,0.4369655251502991
1665,1665,train,9216,0.5964998006820679,0.4068109691143036,0.6118776202201843,0.3925673961639404,0.6047539710998535,0.3984397947788238,0.609044075012207,0.3946750462055206,0.5938454866409302,0.4071229994297027,0.5960841178894043,0.4066281318664551,0.5959717631340027,0.4073361158370971,0.5906898975372314,0.4083302617073059,0.5924448370933533,0.4059883654117584,0.6047859191894531,0.3961754143238067,0.5982417464256287,0.4072649776935577,0.5949078798294067,0.4055893421173095
1666,1666,train,9979,0.5785945057868958,0.4167971909046173,0.5927293300628662,0.4032984673976898,0.5851694345474243,0.409108430147171,0.5900254249572754,0.4059182703495025,0.5759150981903076,0.4172268509864807,0.5780574083328247,0.4166978597640991,0.5781727433204651,0.4168169200420379,0.5739676356315613,0.4174162745475769,0.5755797624588013,0.4154337346553802,0.5873492956161499,0.4063543379306793,0.579476535320282,0.4168487787246704,0.5776737332344055,0.4151721000671386
1667,1667,train,9958,0.527698278427124,0.4470432698726654,0.5418112874031067,0.4354950189590454,0.5353283286094666,0.440091460943222,0.5377485156059265,0.4386974573135376,0.5255812406539917,0.4466369450092315,0.5279670357704163,0.4464816451072693,0.5271095633506775,0.4469387531280517,0.5237288475036621,0.4474287927150726,0.5255218148231506,0.4458336532115936,0.5364314913749695,0.4394104480743408,0.5284928679466248,0.4468249380588531,0.5263486504554749,0.4459738731384277
1668,1668,test,10189,0.4721099436283111,0.4541059732437134,0.4819011688232422,0.4408551156520843,0.4824574887752533,0.4484110176563263,0.4793344438076019,0.4448448419570923,0.4683190584182739,0.4537474513053894,0.4721666872501373,0.4532881081104278,0.4712316691875458,0.4543205499649048,0.4713309705257416,0.4538522958755493,0.4721538424491882,0.4540851414203644,0.4775666296482086,0.4464057087898254,0.4740485548973083,0.4536725580692291,0.4692531526088714,0.4531195759773254
1669,1669,train,9150,0.614767849445343,0.3849519491195678,0.6322001218795776,0.3685738444328308,0.6271291971206665,0.3726402521133423,0.6314498782157898,0.369405061006546,0.6117126941680908,0.3853181600570678,0.6151102781295776,0.3838969767093658,0.6150323152542114,0.3860917389392853,0.6083450317382812,0.3880543112754822,0.6087214946746826,0.3860819935798645,0.6227743029594421,0.3743523955345154,0.6195126175880432,0.3838232755661011,0.6125704646110535,0.3850002884864807
1670,1670,test,10162,0.5142187476158142,0.4488258957862854,0.5262010097503662,0.4380342066287994,0.5214333534240723,0.4433058798313141,0.52297443151474,0.441157728433609,0.5107694864273071,0.4485772550106048,0.5132572650909424,0.4486331939697265,0.5133782625198364,0.4489528238773346,0.5122520327568054,0.4487450420856476,0.5128371715545654,0.4475656151771545,0.521240234375,0.4419622421264648,0.5144124627113342,0.44922536611557,0.5121430158615112,0.4477171599864959
1671,1671,train,8999,0.6155878901481628,0.3872350454330444,0.6326195001602173,0.3710632026195526,0.6271478533744812,0.3753005564212799,0.6308766603469849,0.3720214068889618,0.6123800277709961,0.3878442943096161,0.6157515048980713,0.3864200115203857,0.6159511804580688,0.3878397345542907,0.6094411015510559,0.3898881077766418,0.6098949313163757,0.3879673779010772,0.6237449049949646,0.3760614097118377,0.6198529005050659,0.3858691155910492,0.6138773560523987,0.3865544199943542
1672,1672,train,9782,0.5118352770805359,0.451597511768341,0.5245928764343262,0.4405624270439148,0.5203309655189514,0.4459165632724762,0.5208090543746948,0.444148987531662,0.5090838074684143,0.4514198005199432,0.5113418102264404,0.450885534286499,0.511258602142334,0.4512045979499817,0.5095572471618652,0.4517645537853241,0.510285496711731,0.4507394731044769,0.5197840929031372,0.4439170062541961,0.5127219557762146,0.4514061510562897,0.5099421143531799,0.4501075744628906
1673,1673,train,10290,0.604439377784729,0.3987818658351898,0.6203891038894653,0.3835019767284393,0.6148279309272766,0.3876572251319885,0.6178154349327087,0.3852444291114807,0.6018909811973572,0.3987824022769928,0.6043001413345337,0.3980330228805542,0.6019962430000305,0.4011925756931305,0.5956975221633911,0.4029513001441955,0.5973641276359558,0.4005800783634186,0.610723078250885,0.3899944424629211,0.6081562638282776,0.3973827362060547,0.6008026599884033,0.399698942899704
1674,1674,train,8922,0.4953263401985168,0.455604076385498,0.5081570148468018,0.4436134994029999,0.5040508508682251,0.4495183825492859,0.5045140385627747,0.4473300576210022,0.4927426278591156,0.4548803567886352,0.4951750636100769,0.4546750485897064,0.4946615993976593,0.4551908373832702,0.4929149448871612,0.4558360278606415,0.4938231706619262,0.4546878635883331,0.5034697651863098,0.4478137195110321,0.4965176582336426,0.4546026289463043,0.4934330880641937,0.4539160430431366
1675,1675,train,8893,0.6178339719772339,0.3805941045284271,0.6383237242698669,0.3611622154712677,0.6332886815071106,0.3651847839355469,0.6353662610054016,0.3620594143867492,0.6126198768615723,0.3820332288742065,0.6181915402412415,0.3791960179805755,0.6198341846466064,0.3801112771034241,0.6114664673805237,0.383516788482666,0.6117029190063477,0.3818575143814087,0.6265922784805298,0.3676505088806152,0.624102771282196,0.3775108456611633,0.6164187788963318,0.3796214461326599
1676,1676,test,9510,0.5375608205795288,0.4425504207611084,0.5504698157310486,0.4310705959796905,0.5441685914993286,0.4364737272262573,0.5473817586898804,0.4342752397060394,0.535660445690155,0.4422547221183777,0.5376748442649841,0.442017912864685,0.5368254780769348,0.4426470696926117,0.5340473055839539,0.4426863491535187,0.5351645946502686,0.4415275156497955,0.5448346734046936,0.435503751039505,0.5384147763252258,0.4430570006370544,0.5357677340507507,0.4416422545909881
1677,1677,train,9876,0.6353003978729248,0.3480395972728729,0.6549103856086731,0.3272556960582733,0.6500308513641357,0.3292169570922851,0.6533201932907104,0.3263393044471741,0.6273012161254883,0.3508311212062835,0.6352181434631348,0.3451484143733978,0.6390811800956726,0.3452017307281494,0.6303080320358276,0.3511353433132171,0.628268837928772,0.3516155779361725,0.6436201930046082,0.3352546691894531,0.6383630633354187,0.3446589112281799,0.6344354152679443,0.346705675125122
1678,1678,train,10362,0.6236147880554199,0.3699094653129577,0.6430953741073608,0.3515665531158447,0.6387192606925964,0.35504350066185,0.641647219657898,0.3512618243694305,0.6185196042060852,0.3714609444141388,0.6236633062362671,0.3684968948364258,0.6256522536277771,0.369530588388443,0.6178460121154785,0.3726367056369781,0.6175523400306702,0.3711970448493957,0.6323575973510742,0.357142835855484,0.6288237571716309,0.3677606284618377,0.621819794178009,0.3691252768039703
1679,1679,train,9041,0.6232816576957703,0.3687338829040527,0.644509494304657,0.3489455580711365,0.6399210095405579,0.3517566919326782,0.6425909399986267,0.3486917316913605,0.6183335781097412,0.3699641227722168,0.6238152384757996,0.3666831851005554,0.6256192326545715,0.3681316375732422,0.6167082190513611,0.3722008168697357,0.6166355013847351,0.3706755936145782,0.6329195499420166,0.3556310534477234,0.6292358636856079,0.3653175830841064,0.6221935153007507,0.3676139712333679
1680,1680,test,9820,0.504005491733551,0.4552344083786011,0.5165202021598816,0.4441637098789215,0.5132491588592529,0.4496440589427948,0.5126596689224243,0.4475931525230407,0.5017566084861755,0.4545916616916656,0.5039952397346497,0.4542005062103271,0.5038550496101379,0.4546406865119934,0.5020742416381836,0.4552015960216522,0.5032337307929993,0.4544143378734588,0.5113836526870728,0.4478206038475036,0.5055842399597168,0.4544690549373626,0.5023878216743469,0.4537162780761719
1681,1681,train,9250,0.618652880191803,0.3688723444938659,0.6395658850669861,0.3487913608551025,0.6349644660949707,0.3517515659332275,0.6375731825828552,0.348783791065216,0.6126217842102051,0.3706713318824768,0.6187595129013062,0.3670216500759125,0.6218405961990356,0.3674587309360504,0.6128595471382141,0.3713421821594238,0.6119174957275391,0.3704161643981933,0.6281691193580627,0.3548032641410827,0.6241652965545654,0.3659831881523132,0.6175380349159241,0.3671027719974518
1682,1682,train,9646,0.6285256147384644,0.3615649044513702,0.6499152779579163,0.3403455913066864,0.6453200578689575,0.3423259258270263,0.6476552486419678,0.3398305773735046,0.6211993098258972,0.3639337122440338,0.6281761527061462,0.3594364821910858,0.6323122382164001,0.3604279160499573,0.6223374009132385,0.3657093644142151,0.6214805841445923,0.3647831678390503,0.6378695368766785,0.3487014472484588,0.6336279511451721,0.3578339517116546,0.627802312374115,0.3610445261001587
1683,1683,train,9825,0.6429380178451538,0.341509997844696,0.6597574949264526,0.3239607810974121,0.6576377153396606,0.3234098255634308,0.6583773493766785,0.3222720921039581,0.6353935599327087,0.3430818617343902,0.6421019434928894,0.3384626805782318,0.6466293931007385,0.3395909368991852,0.6398080587387085,0.3440549075603485,0.638020396232605,0.3441379070281982,0.6506776809692383,0.3312145173549652,0.6455419063568115,0.3382638394832611,0.643101692199707,0.3408166766166687
1684,1684,train,8937,0.517633855342865,0.4498692750930786,0.5322976112365723,0.4391646087169647,0.5262515544891357,0.4438342154026031,0.528003454208374,0.4424895942211151,0.5156418085098267,0.4493764042854309,0.5180953741073608,0.4494008421897888,0.517375111579895,0.4496671855449676,0.5145900249481201,0.4500597715377807,0.5156146883964539,0.4487383663654327,0.5268269181251526,0.4430660307407379,0.519191563129425,0.4492649137973785,0.5159343481063843,0.4489098191261291
1685,1685,train,9784,0.4894714057445526,0.4556548595428467,0.500019907951355,0.4424984753131866,0.4985746443271637,0.4498949348926544,0.4975179135799408,0.4460721015930176,0.486088216304779,0.4549721479415893,0.4895878434181213,0.4539577066898346,0.4886394441127777,0.4552807509899139,0.4877996146678924,0.4562090635299682,0.4889228641986847,0.4552503526210785,0.4949194192886352,0.4480883777141571,0.49122154712677,0.4554541707038879,0.4874114394187927,0.4535982310771942
1686,1686,train,9885,0.6139771342277527,0.3833887875080108,0.6303896307945251,0.3676602244377136,0.6248515844345093,0.3724198341369629,0.6293785572052002,0.3682062029838562,0.6108953952789307,0.3835089206695556,0.6140925884246826,0.3823387026786804,0.6139000058174133,0.3842716813087463,0.6081741452217102,0.3860300481319427,0.6089576482772827,0.3837733268737793,0.6217325329780579,0.3722841739654541,0.6179468631744385,0.3823357224464416,0.611419141292572,0.3836879432201385
1687,1687,test,10132,0.461306095123291,0.4578469693660736,0.4707164764404297,0.444813072681427,0.4707798659801483,0.4509169459342956,0.466894119977951,0.4485161304473877,0.4579818546772003,0.4576684534549713,0.4614612162113189,0.4568538665771484,0.460149884223938,0.4574328064918518,0.4596458375453949,0.4577133059501648,0.460783451795578,0.4578872621059418,0.466361790895462,0.4497232735157013,0.4625681042671203,0.4565545320510864,0.4582948982715606,0.4566335082054138
1688,1688,train,9221,0.6257103681564331,0.3660259246826172,0.6473547220230103,0.3450862169265747,0.6427046656608582,0.3475963175296783,0.6447076797485352,0.3450017273426056,0.6189871430397034,0.3685141801834106,0.6258848309516907,0.363976389169693,0.6299551725387573,0.3645063638687134,0.6197426915168762,0.3697538673877716,0.6191931366920471,0.3684052526950836,0.6357946395874023,0.3520490527153015,0.6312648057937622,0.3625736236572265,0.6254055500030518,0.3646681606769562
1689,1689,train,9642,0.5339276790618896,0.4443106949329376,0.5482819080352783,0.4322955906391144,0.5409387946128845,0.4370160102844238,0.5438013076782227,0.4358837008476257,0.5308679938316345,0.4441564083099365,0.5333074331283569,0.4439782202243805,0.5328073501586914,0.4443674981594085,0.5295594334602356,0.4448262453079223,0.531164288520813,0.4431864321231842,0.5431838631629944,0.4365050494670868,0.5341503620147705,0.4438742101192474,0.5327296853065491,0.4429949522018432
1690,1690,train,9449,0.4938865005970001,0.4580838978290558,0.5058243274688721,0.4457335770130157,0.5031613111495972,0.4522206485271454,0.5014954805374146,0.4493335485458374,0.4907918274402618,0.4574857950210571,0.4935490190982818,0.4570062756538391,0.4927511215209961,0.4576119780540466,0.4915844202041626,0.4585148096084595,0.4924100041389465,0.4574640989303589,0.5001241564750671,0.4503815174102783,0.4950477480888366,0.457267016172409,0.4918288886547088,0.4562608599662781
1691,1691,train,10391,0.6306209564208984,0.3473001718521118,0.6521035432815552,0.3254242241382599,0.6486097574234009,0.3265950977802276,0.6509267091751099,0.3243450820446014,0.6225799322128296,0.3505841493606567,0.6300687193870544,0.3449405133724212,0.6342983841896057,0.3443174064159393,0.6252405643463135,0.3499669432640075,0.6226334571838379,0.3505629301071167,0.640544593334198,0.3320277333259582,0.6340769529342651,0.3448205292224884,0.6291771531105042,0.3453872501850128
1692,1692,train,9860,0.4718953371047973,0.4621193706989288,0.4829325675964355,0.4490002691745758,0.4819028377532959,0.4561797976493835,0.4783571660518646,0.4537870287895202,0.4681954979896545,0.4617043137550354,0.4722079634666443,0.4608781933784485,0.4704667329788208,0.4616465866565704,0.4700208008289337,0.4623899459838867,0.4710642099380493,0.4622101783752441,0.4767229557037353,0.4550021886825561,0.4735127687454223,0.4615914225578308,0.4690716564655304,0.4605474174022674
1693,1693,test,10491,0.579761803150177,0.4170597195625305,0.5936790108680725,0.4046167433261871,0.585839569568634,0.4100222885608673,0.5910413265228271,0.4071192741394043,0.5773965120315552,0.4171918630599975,0.5790486931800842,0.4167946875095367,0.5787780284881592,0.4172540009021759,0.5748754739761353,0.4177296459674835,0.5765966176986694,0.4156354069709778,0.5883769989013672,0.407547265291214,0.5800373554229736,0.4180225431919098,0.5783417224884033,0.4159013032913208
1694,1694,test,10403,0.5958824753761292,0.3998020887374878,0.6107878684997559,0.3861353993415832,0.6043585538864136,0.3915725648403168,0.6096119284629822,0.3876796662807464,0.5930834412574768,0.4003129005432129,0.5951942205429077,0.3998043537139892,0.5955460071563721,0.400102436542511,0.5908792614936829,0.4007068574428558,0.591738224029541,0.3990374207496643,0.6044431924819946,0.3889308273792267,0.5981982350349426,0.4010782539844513,0.5942591428756714,0.3985172808170318
1695,1695,test,9821,0.4745297133922577,0.4507321119308471,0.4846888184547424,0.4386202692985534,0.4853210747241974,0.4451721310615539,0.4807452857494354,0.4422070682048797,0.4701643288135528,0.450685054063797,0.4742211997509002,0.4496902227401733,0.4731470644474029,0.4505850076675415,0.4732860922813415,0.4502789080142975,0.4739073812961578,0.4510992467403412,0.4795101583003998,0.4434331655502319,0.4757151007652282,0.4502031207084656,0.4708018600940704,0.4496244788169861
1696,1696,train,9471,0.6388522386550903,0.3482731282711029,0.6594982743263245,0.3271107673645019,0.6549991369247437,0.3282363712787628,0.657495379447937,0.3260963261127472,0.6300329566001892,0.3518953621387481,0.6380183696746826,0.3459866940975189,0.6431906223297119,0.3459202647209167,0.6328845024108887,0.3524007499217987,0.6310972571372986,0.3525263369083404,0.6479049324989319,0.3350984454154968,0.6421380043029785,0.345158189535141,0.6385295391082764,0.3469367921352386
1697,1697,train,9196,0.5930456519126892,0.4064740538597107,0.6082664728164673,0.3930834233760834,0.6013051271438599,0.3981953561306,0.605583667755127,0.3951262235641479,0.5903394222259521,0.4070988893508911,0.5926500558853149,0.4063748717308044,0.5922402143478394,0.4071875214576721,0.58721524477005,0.4080206751823425,0.5886598825454712,0.4060836732387543,0.6009899973869324,0.3966451287269592,0.5949698686599731,0.4071733951568603,0.5911598801612854,0.4057384431362152
1698,1698,train,10065,0.5191235542297363,0.4477042257785797,0.5323403477668762,0.4370310306549072,0.5268052816390991,0.4414490461349487,0.5291082262992859,0.4399628639221191,0.5170655846595764,0.4471480846405029,0.5190694332122803,0.4472492039203644,0.5187764763832092,0.4473346769809723,0.516176164150238,0.447668969631195,0.5175390243530273,0.4463830590248108,0.5282396674156189,0.4403243064880371,0.5200138688087463,0.4472748637199402,0.5177644491195679,0.4462846517562866
1699,1699,train,10131,0.6523301005363464,0.3306664228439331,0.669902503490448,0.3130209147930145,0.6662899851799011,0.3134249448776245,0.6683273911476135,0.3110165596008301,0.6435948610305786,0.3325330018997192,0.6517993211746216,0.3274230062961578,0.6561771631240845,0.3289154767990112,0.6480863690376282,0.3345224559307098,0.6454998850822449,0.3353767395019531,0.6592833399772644,0.3212455809116363,0.6541202068328857,0.3279196918010711,0.6526071429252625,0.3300959169864654
1700,1700,train,8976,0.6169392466545105,0.3781530857086181,0.6366607546806335,0.3598988652229309,0.6309135556221008,0.3644702434539795,0.6345494389533997,0.3605021834373474,0.6124041676521301,0.3791011571884155,0.6174507141113281,0.3766483664512634,0.618401825428009,0.3778025209903717,0.610991358757019,0.3804468214511871,0.6110329627990723,0.3790445625782013,0.6259776949882507,0.3654501140117645,0.6227734088897705,0.3756341636180877,0.6154995560646057,0.3768288791179657
1701,1701,train,9827,0.4975367486476898,0.4560467004776001,0.509396493434906,0.4443393051624298,0.5059942007064819,0.4500454664230346,0.5057944655418396,0.4474202990531921,0.4954912960529327,0.4552068710327148,0.4978814721107483,0.454788863658905,0.497443825006485,0.4554470479488373,0.4955611228942871,0.4559460282325744,0.4962606132030487,0.4548650681972503,0.5048137307167053,0.4484161138534546,0.499104380607605,0.4546794295310974,0.4958518743515014,0.4542253315448761
1702,1702,train,10216,0.4882502555847168,0.4461933970451355,0.4977959096431732,0.433977872133255,0.4969388544559479,0.4415221512317657,0.4951528310775757,0.4375852942466736,0.4839260280132293,0.4460996687412262,0.4873276650905609,0.445962905883789,0.4862903654575348,0.4465009570121765,0.4867096841335296,0.4459311962127685,0.4875543117523193,0.4457273185253143,0.4934920072555542,0.4390547275543213,0.4877265989780426,0.4473287761211395,0.4858781099319458,0.4446262121200561
1703,1703,train,9879,0.6367238759994507,0.3449829816818237,0.6565961241722107,0.3248535096645355,0.6526730060577393,0.3256090879440307,0.6550540924072266,0.3234466016292572,0.6287809610366821,0.3480109870433807,0.6364370584487915,0.3423771262168884,0.6411958932876587,0.341998279094696,0.6314375996589661,0.348185271024704,0.6293494701385498,0.3485047817230224,0.6456422209739685,0.3318343460559845,0.6405918002128601,0.3415998816490173,0.6360607147216797,0.3436068892478943
1704,1704,train,10151,0.4896935522556305,0.4373958110809326,0.4980348348617553,0.4278008043766022,0.497104287147522,0.4335468709468841,0.4943995773792267,0.4322759509086609,0.4875463247299194,0.4390340745449066,0.4893739819526672,0.4373445212841034,0.4881728589534759,0.438255250453949,0.4883464276790619,0.4373120963573456,0.4890783429145813,0.4373757541179657,0.4932156503200531,0.4328346252441406,0.4913602173328399,0.4386596083641052,0.4873880445957184,0.4371213614940643
1705,1705,train,9830,0.4924094676971435,0.4554942548274994,0.5037662386894226,0.4441252648830414,0.5023850798606873,0.4501657485961914,0.5000872611999512,0.4474628865718841,0.4889849424362182,0.454789251089096,0.4918947517871856,0.4547383785247803,0.4914146959781647,0.4552197754383087,0.4908998310565948,0.4554470181465149,0.4917991459369659,0.4549733698368072,0.498222142457962,0.4486735165119171,0.493155688047409,0.4554277658462524,0.4896620512008667,0.4543269872665405
1706,1706,train,9364,0.5247562527656555,0.4426716864109039,0.5375421047210693,0.432710736989975,0.5320166945457458,0.4372533857822418,0.5348179936408997,0.4351284503936767,0.5222971439361572,0.4421967267990112,0.5241415500640869,0.4425025582313537,0.524363100528717,0.4427130222320556,0.5224699378013611,0.4426426589488983,0.5233297348022461,0.4415705800056457,0.5332538485527039,0.435762345790863,0.525562047958374,0.4429229497909546,0.5229565501213074,0.4416324198246002
1707,1707,train,10623,0.5536636114120483,0.4360347390174866,0.5680713057518005,0.4240482747554779,0.5603739619255066,0.4285052716732025,0.5647447109222412,0.4267686903476715,0.5518681406974792,0.4355180859565735,0.5536834597587585,0.4353523552417755,0.5515971779823303,0.4365473687648773,0.5474027395248413,0.4369726181030273,0.5493741631507874,0.4350817799568176,0.5616235136985779,0.4279787540435791,0.5543959736824036,0.4362508356571197,0.5507723093032837,0.4357341229915619
1708,1708,train,10171,0.5465003848075867,0.4343829154968261,0.5592923760414124,0.4233300387859344,0.5526266098022461,0.428022176027298,0.556549072265625,0.4259636700153351,0.5438904166221619,0.4344674050807953,0.5455427765846252,0.4344057440757751,0.5460677742958069,0.4342698454856872,0.5426964163780212,0.4342796504497528,0.5443336963653564,0.4329031109809875,0.5555607080459595,0.4260625839233398,0.546262800693512,0.4350112974643707,0.5454391241073608,0.4330208599567413
1709,1709,train,10197,0.5559009313583374,0.4304822981357574,0.5699120759963989,0.4185987412929535,0.5626717209815979,0.4232580959796905,0.566724956035614,0.4214569330215454,0.5541074872016907,0.4302964210510254,0.5560591220855713,0.4300775229930877,0.5544904470443726,0.4310310482978821,0.5502530932426453,0.4312815368175506,0.5522355437278748,0.4295603930950165,0.5646703243255615,0.422184407711029,0.5566484332084656,0.4307271540164947,0.554510235786438,0.4296659827232361
1710,1710,train,9288,0.475732684135437,0.461737722158432,0.4867371916770935,0.448167473077774,0.4849545359611511,0.4558317959308624,0.4830171465873718,0.453044980764389,0.4717857837677002,0.4607110321521759,0.4744834303855896,0.460434079170227,0.4742061495780945,0.4617009162902832,0.4740549921989441,0.4624323546886444,0.474275529384613,0.4615557491779327,0.4813791215419769,0.453641414642334,0.4769958853721618,0.4605737328529358,0.4728774726390838,0.4601257741451263
1711,1711,train,9789,0.4888229072093963,0.4557451903820038,0.4995989501476288,0.4447917938232422,0.4982519745826721,0.4506415724754333,0.496260792016983,0.4480935037136078,0.4853965640068054,0.4550286531448364,0.4882843494415283,0.4549638926982879,0.4879390895366668,0.4555931091308594,0.4866417646408081,0.456179141998291,0.486965149641037,0.4556787312030792,0.4955091476440429,0.4491693079471588,0.4894487261772156,0.4551371932029724,0.4866773784160614,0.4541194140911102
1712,1712,train,9892,0.5904094576835632,0.4106351733207702,0.6051973700523376,0.3974679112434387,0.5982202291488647,0.4022102057933807,0.6029442548751831,0.399379700422287,0.5881524682044983,0.4108697772026062,0.5900523066520691,0.4102290868759155,0.588837206363678,0.4119402170181274,0.5836268067359924,0.4129537642002105,0.585529625415802,0.4106782674789428,0.5988319516181946,0.4014051854610443,0.59178227186203,0.4107418954372406,0.5883474946022034,0.4102632999420166
1713,1713,test,10090,0.4893573224544525,0.4553390741348266,0.4993121027946472,0.4439610242843628,0.49868905544281,0.4512557089328766,0.4961934089660644,0.4478303790092468,0.4852178990840912,0.4548375010490417,0.4887423813343048,0.4544059336185455,0.4885167777538299,0.4554963111877441,0.4885710775852203,0.4557009637355804,0.4889624118804931,0.4557580649852752,0.4945457577705383,0.4491726756095886,0.4904682636260986,0.4556282758712768,0.4865349531173706,0.4542718231678009
1714,1714,train,9032,0.6438153982162476,0.3408768773078918,0.6626817584037781,0.3211821317672729,0.658420205116272,0.3219463527202606,0.6608356237411499,0.3200506567955017,0.6345188021659851,0.3441972732543945,0.6428850889205933,0.3382650315761566,0.6476613283157349,0.3383170366287231,0.6389970779418945,0.3441587388515472,0.6367567181587219,0.3449224531650543,0.652276337146759,0.3288353085517883,0.6464226841926575,0.3377062082290649,0.6437150239944458,0.339587539434433
1715,1715,test,10019,0.6339931488037109,0.3505637049674988,0.6541303396224976,0.3305597305297851,0.6498164534568787,0.3320101797580719,0.651644229888916,0.3296259045600891,0.62582927942276,0.3530460298061371,0.6323898434638977,0.3484380841255188,0.6387251019477844,0.3484330773353576,0.6300472021102905,0.3535535037517547,0.6284153461456299,0.3531084954738617,0.6446372866630554,0.3369283080101013,0.6367573142051697,0.3481492698192596,0.6342700719833374,0.3493354916572571
1716,1716,train,10170,0.6182582974433899,0.3731727302074432,0.639114260673523,0.3534967303276062,0.6339784860610962,0.35751673579216,0.636508047580719,0.3540174067020416,0.6128101944923401,0.374985933303833,0.6186612248420715,0.3717230260372162,0.6210420727729797,0.3718938529491424,0.6124774217605591,0.3755792081356048,0.6121132373809814,0.3744553923606872,0.627309262752533,0.3598095178604126,0.6246505975723267,0.369833379983902,0.6171504855155945,0.3716485500335693
1717,1717,train,9777,0.5357335209846497,0.4422702491283417,0.5491855144500732,0.4310227036476135,0.5427210927009583,0.4352245330810547,0.5457940697669983,0.4340386688709259,0.5337653756141663,0.4417347311973572,0.5354976654052734,0.441738098859787,0.5346323251724243,0.4422626197338104,0.530960202217102,0.4425398707389831,0.5328553915023804,0.4410178661346435,0.544278085231781,0.434479147195816,0.5366966724395752,0.4422860741615295,0.5347332954406738,0.4407524168491363
1718,1718,test,10060,0.5017346739768982,0.4579553306102752,0.5154133439064026,0.4462847709655761,0.5115506649017334,0.4518229365348816,0.5110649466514587,0.4502100944519043,0.4992213547229767,0.4574062824249267,0.5017441511154175,0.457294225692749,0.5012390613555908,0.4575583636760711,0.4995238482952118,0.4578778445720672,0.5008283853530884,0.4567527770996094,0.5096120238304138,0.4507898688316345,0.5033698081970215,0.4567734599113464,0.5000917911529541,0.4563450515270233
1719,1719,train,10193,0.6335176229476929,0.3564222157001495,0.653845489025116,0.3363511264324188,0.6498733162879944,0.3378350734710693,0.6519117951393127,0.3353370428085327,0.6261518597602844,0.3585093915462494,0.6328627467155457,0.3540292680263519,0.6377253532409668,0.3548389375209808,0.6287495493888855,0.3598426878452301,0.6276304125785828,0.3591307699680328,0.6439376473426819,0.3430616855621338,0.6373718976974487,0.3532615303993225,0.6334783434867859,0.3552668690681457
1720,1720,test,9823,0.6050910949707031,0.3966688513755798,0.6213364601135254,0.3814439177513122,0.6149228811264038,0.3863213360309601,0.6190145611763,0.3828472197055816,0.6021503806114197,0.3970129191875458,0.6047828793525696,0.3960338532924652,0.6038200259208679,0.3980222642421722,0.5978835225105286,0.3996368944644928,0.5991401672363281,0.3972429633140564,0.6122859716415405,0.3866430819034576,0.6082333922386169,0.3960716128349304,0.6023330688476562,0.3966605365276336
1721,1721,train,9956,0.5855971574783325,0.4144793748855591,0.6008434891700745,0.4006826281547546,0.5936667919158936,0.4062287509441376,0.5986945033073425,0.4026125073432922,0.5835970044136047,0.4142619371414184,0.5860474705696106,0.4134723544120788,0.5845085382461548,0.4150806963443756,0.5796012282371521,0.4160730540752411,0.5813537836074829,0.413964569568634,0.5938655734062195,0.4048285484313965,0.5876328945159912,0.4143504500389099,0.5840592980384827,0.4135138392448425
1722,1722,train,9144,0.5666028261184692,0.427843302488327,0.5802795886993408,0.4158998131752014,0.5726138353347778,0.4210677742958069,0.5772948265075684,0.4186507165431976,0.5643272399902344,0.4279733598232269,0.5660882592201233,0.4277043044567108,0.565886914730072,0.4282025694847107,0.5615749359130859,0.4285289645195007,0.5634587407112122,0.4266545474529266,0.5759928226470947,0.4187034368515014,0.5667188763618469,0.4286873042583465,0.5655561089515686,0.4268556833267212
1723,1723,train,9542,0.641658365726471,0.3377079963684082,0.659918487071991,0.319160908460617,0.6563535332679749,0.3199211955070495,0.6587677001953125,0.3172920048236847,0.6325888633728027,0.3405902683734894,0.6406401991844177,0.3351650834083557,0.6455762982368469,0.3352375626564026,0.637153685092926,0.3408491909503937,0.6340667009353638,0.3420599997043609,0.649278998374939,0.3262386620044708,0.6441734433174133,0.3352153897285461,0.6411799192428589,0.3366831839084625
1724,1724,train,9611,0.6118179559707642,0.3846950531005859,0.6316753625869751,0.3654177784919739,0.6268525719642639,0.3686859309673309,0.6298491358757019,0.3659025132656097,0.6073024272918701,0.3856686651706695,0.6123491525650024,0.3831521868705749,0.6136378049850464,0.3844330012798309,0.6054455637931824,0.3880648016929626,0.6062996983528137,0.3859025537967682,0.6206436157226562,0.3726015985012054,0.61819988489151,0.3809556365013122,0.6107924580574036,0.3838570713996887
1725,1725,train,10609,0.4720649719238281,0.4565256237983703,0.4814328253269195,0.4433067739009857,0.4813162088394165,0.4508222341537475,0.4779950082302093,0.4470700621604919,0.4684122204780578,0.4562933444976806,0.4713738262653351,0.4554817974567413,0.4709376096725464,0.4560282230377197,0.470875471830368,0.4559095501899719,0.4716077148914337,0.4562994837760925,0.4771326780319214,0.4487964510917663,0.4730719327926636,0.4556957483291626,0.4689642786979675,0.4550412893295288
1726,1726,test,9266,0.644243061542511,0.3391055762767792,0.6632498502731323,0.3189344704151153,0.6584566235542297,0.3203569054603576,0.6619601249694824,0.3177380859851837,0.6354478597640991,0.3423371016979217,0.6439399123191833,0.336271196603775,0.6474426984786987,0.336462527513504,0.6386279463768005,0.3426715135574341,0.6358426213264465,0.3439182639122009,0.6518829464912415,0.3266743719577789,0.6465890407562256,0.3363485336303711,0.6430181264877319,0.3379553258419037
1727,1727,test,9179,0.6182637214660645,0.3653560280799866,0.6386006474494934,0.3464967906475067,0.6354280114173889,0.3490195274353027,0.6373540163040161,0.3459247648715973,0.612554669380188,0.3669776320457458,0.6179896593093872,0.3637548685073852,0.6209920048713684,0.3639437854290008,0.613839864730835,0.3670377433300018,0.6127251982688904,0.3661820888519287,0.6282452940940857,0.3514603078365326,0.623676061630249,0.3627326786518097,0.6169953942298889,0.3638185560703277
1728,1728,train,9227,0.5300284624099731,0.447000116109848,0.5446189045906067,0.4349935948848724,0.537885844707489,0.4399251341819763,0.5402598977088928,0.4383554756641388,0.5279867649078369,0.4465189576148987,0.5304322838783264,0.4462559223175049,0.5290828943252563,0.4469681978225708,0.5254932641983032,0.4475314915180206,0.5271160006523132,0.445986807346344,0.5396447777748108,0.4384708106517792,0.531189501285553,0.4463379383087158,0.5286489725112915,0.446034163236618
1729,1729,train,9748,0.5794295072555542,0.423246294260025,0.5949016213417053,0.4094469249248504,0.5870705246925354,0.4151185750961303,0.591560423374176,0.4123975038528442,0.5774328112602234,0.4230808317661285,0.5795161724090576,0.4225945472717285,0.5771155953407288,0.4243342280387878,0.5722386837005615,0.4252591729164123,0.5741281509399414,0.4232007265090942,0.5876147150993347,0.4141249358654022,0.5811023116111755,0.4232425391674042,0.5765975713729858,0.4230232536792755
1730,1730,train,10638,0.5813910365104675,0.4147948324680328,0.5958085060119629,0.4019578695297241,0.5882412791252136,0.4075931906700134,0.5941321849822998,0.4036598205566406,0.5790423154830933,0.4144887924194336,0.5811126232147217,0.4141233563423157,0.5799392461776733,0.4153668582439422,0.5759245157241821,0.4157488644123077,0.5776517391204834,0.4136894643306732,0.5904889702796936,0.4046950936317444,0.5816112160682678,0.4161619544029236,0.579542338848114,0.4135686457157135
1731,1731,test,9975,0.4968119263648987,0.4580216109752655,0.5084349513053894,0.4449943900108337,0.5062602758407593,0.452366441488266,0.5044766068458557,0.4483764767646789,0.4930866956710815,0.4575229287147522,0.4967193901538849,0.4570081233978271,0.4955489039421081,0.4571990668773651,0.4947049021720886,0.4586323797702789,0.49564328789711,0.4578257799148559,0.5027095079421997,0.4498650431632995,0.4977044761180877,0.4574044942855835,0.4944600760936737,0.4560518562793731
1732,1732,train,9257,0.4860207438468933,0.4448873102664947,0.4947159886360168,0.4332104325294494,0.4959838688373565,0.4398815631866455,0.4919240772724151,0.4361726343631744,0.4827809035778045,0.4449698328971863,0.4861769676208496,0.4435454905033111,0.484976589679718,0.444446712732315,0.4848812222480774,0.4439263343811035,0.4859002530574798,0.4445963203907013,0.4903410077095032,0.438207060098648,0.4875165820121765,0.444439172744751,0.4830516874790191,0.4435243308544159
1733,1733,train,9322,0.6361091732978821,0.3538269996643066,0.658140242099762,0.3316176533699035,0.6526728272438049,0.3335094451904297,0.6554540991783142,0.3308505415916443,0.6277334094047546,0.356667011976242,0.6355895400047302,0.3511903285980224,0.6410290598869324,0.3525298237800598,0.6301567554473877,0.3590138852596283,0.6291159391403198,0.3581257164478302,0.6463294625282288,0.3410294651985168,0.6399932503700256,0.3501009941101074,0.6365786194801331,0.3531303107738495
1734,1734,train,10354,0.5193887948989868,0.4482322335243225,0.5319517254829407,0.4371445775032043,0.527297854423523,0.4428314864635467,0.5289462804794312,0.4405333697795868,0.516656219959259,0.4475630521774292,0.5190837383270264,0.4477522671222687,0.5189641118049622,0.4482057094573974,0.5166431069374084,0.4482212662696838,0.5176386833190918,0.4472529292106628,0.5272780060768127,0.4409865140914917,0.5205853581428528,0.4485073983669281,0.5176842212677002,0.4470593929290771
1735,1735,train,9350,0.622120201587677,0.3705968558788299,0.6429333090782166,0.3506198823451996,0.6372441649436951,0.3549453020095825,0.6416466236114502,0.3509624600410461,0.6171078681945801,0.3717219531536102,0.6224027276039124,0.3690757155418396,0.6239323616027832,0.3704161942005157,0.6163606643676758,0.3734893500804901,0.6155403852462769,0.372244656085968,0.6317777633666992,0.3570866286754608,0.6279759407043457,0.3681979775428772,0.6204648613929749,0.3697402775287628
1736,1736,train,10014,0.6257492899894714,0.3649958372116089,0.6457306742668152,0.3457765877246856,0.6418581604957581,0.3486892282962799,0.6440064907073975,0.3452465236186981,0.620129406452179,0.3667118847370147,0.6260481476783752,0.3629578053951263,0.6284950971603394,0.3639538288116455,0.6198045015335083,0.3679967224597931,0.6195117831230164,0.3662888407707214,0.6352257132530212,0.3514582812786102,0.630589485168457,0.3626090586185455,0.6245107650756836,0.3637416958808899
1737,1737,train,9225,0.6203504204750061,0.3652798235416412,0.6415121555328369,0.3448118269443512,0.6379110813140869,0.3473404943943023,0.6396085619926453,0.3445064723491668,0.6150535345077515,0.3676073253154754,0.6211346387863159,0.3633329570293426,0.6232019066810608,0.3633527159690857,0.6142480969429016,0.3674167394638061,0.6131418943405151,0.3668197095394134,0.6296954154968262,0.3503895103931427,0.6266371011734009,0.3622470498085022,0.6185433268547058,0.3635084927082062
1738,1738,train,9599,0.6267492175102234,0.3684197962284088,0.6470348834991455,0.3489132821559906,0.6422498822212219,0.3519124686717987,0.6449389457702637,0.3487117886543274,0.6210291385650635,0.3700908720493316,0.6269168853759766,0.3665295541286468,0.629627525806427,0.3681715726852417,0.6207625269889832,0.3724640309810638,0.6205524206161499,0.3709116578102112,0.636292040348053,0.3555924892425537,0.6319214701652527,0.3656899929046631,0.6261985898017883,0.3675540387630462
1739,1739,train,8914,0.474784255027771,0.4572874307632446,0.483798086643219,0.4448107779026031,0.4843339622020721,0.4516642689704895,0.480682373046875,0.4481222331523895,0.4716260135173797,0.4564708173274994,0.4749040901660919,0.455901563167572,0.4744331836700439,0.4568525552749634,0.4737476110458374,0.4571375250816345,0.4740138947963714,0.4571235179901123,0.4803256094455719,0.4496001899242401,0.4772768914699554,0.4563264548778534,0.4725631177425384,0.4557300209999084
1740,1740,train,10418,0.4940090775489807,0.4585998654365539,0.5056132674217224,0.4471749663352966,0.502768874168396,0.4528146982192993,0.5021038055419922,0.4503842294216156,0.4907921850681305,0.4579804837703705,0.4934661090373993,0.4578043520450592,0.4928819835186004,0.4582806825637817,0.4917789399623871,0.458877831697464,0.4925394058227539,0.4578154385089874,0.5010494589805603,0.4514658749103546,0.4944101274013519,0.4574271738529205,0.4920015037059784,0.4568360447883606
1741,1741,train,9593,0.6083847880363464,0.3873584270477295,0.6270578503608704,0.3704242408275604,0.6213628053665161,0.3750201165676117,0.6253005862236023,0.3714371621608734,0.6045547127723694,0.3882365226745605,0.608772337436676,0.3864456117153168,0.6095913052558899,0.3867225050926208,0.603309154510498,0.3888622522354126,0.6030620336532593,0.3872575461864471,0.6178140044212341,0.3745505511760711,0.6139782667160034,0.3858571350574493,0.6065862774848938,0.3859091997146606
1742,1742,train,8970,0.6113691926002502,0.3855591118335724,0.6291373372077942,0.3689276278018951,0.6231899857521057,0.3736016452312469,0.6268506050109863,0.370383620262146,0.6076416373252869,0.3866135478019714,0.6117635369300842,0.3848312199115753,0.6122346520423889,0.3857059180736542,0.6055193543434143,0.3882820904254913,0.606103777885437,0.3863253593444824,0.6193578839302063,0.3743218779563904,0.6163649559020996,0.3839026391506195,0.6097080111503601,0.3848605453968048
1743,1743,train,9331,0.4920695126056671,0.4659708142280578,0.5038802623748779,0.4530621170997619,0.5008122324943542,0.4595907330513,0.4994186460971832,0.4570822715759277,0.4891999959945678,0.4650101363658905,0.4918071031570434,0.4639330804347992,0.4914633929729461,0.4648683965206146,0.4898184239864349,0.4669326841831207,0.4908136427402496,0.4655762314796448,0.4983138144016266,0.4580489695072174,0.493368536233902,0.4640830755233764,0.4901622831821441,0.4636218249797821
1744,1744,test,10024,0.604958713054657,0.3971358239650726,0.6217218041419983,0.3813847303390503,0.6157682538032532,0.3856921792030334,0.61927729845047,0.3827345669269562,0.6026052236557007,0.3970110416412353,0.6054452657699585,0.3957092761993408,0.6029650568962097,0.3996639549732208,0.5960825681686401,0.4019730389118194,0.5981037616729736,0.3992392420768738,0.6117079257965088,0.3883207142353058,0.6090437173843384,0.3952623307704925,0.6019728779792786,0.3979483544826507
1745,1745,test,9143,0.6227229237556458,0.3641901016235351,0.6437538266181946,0.3434508442878723,0.6394968032836914,0.3459665477275848,0.641596257686615,0.343593418598175,0.6168878674507141,0.3667296469211578,0.6233003735542297,0.3622699379920959,0.626008152961731,0.3622207343578338,0.6171368360519409,0.3665877282619476,0.6159703135490417,0.3661810755729675,0.6319249868392944,0.3502993285655975,0.6283450126647949,0.3608589470386505,0.6213124990463257,0.3628474473953247
1746,1746,train,9394,0.6198806762695312,0.3760671615600586,0.6377347111701965,0.3590853214263916,0.6339988112449646,0.362240582704544,0.6364428400993347,0.3589860796928406,0.6153969764709473,0.3773322105407715,0.6197290420532227,0.3749809265136719,0.621691882610321,0.3757483065128326,0.6146156191825867,0.3782640099525451,0.6143519282341003,0.3769713938236236,0.6279215812683105,0.3641429245471954,0.6246825456619263,0.374076247215271,0.6180650591850281,0.3755328357219696
1747,1747,train,10482,0.6387880444526672,0.3437572121620178,0.6590431332588196,0.3232572972774505,0.655282199382782,0.3237287700176239,0.6570836901664734,0.3222214579582214,0.6307674646377563,0.3468818962574005,0.6387280821800232,0.3410053849220276,0.6430569887161255,0.340680181980133,0.633499026298523,0.3467604517936706,0.6312914490699768,0.3472696840763092,0.6475634574890137,0.3305725455284118,0.6426792144775391,0.3401981592178345,0.6380673050880432,0.3421386778354645
1748,1748,train,10451,0.5099475979804993,0.451560378074646,0.5216021537780762,0.4407628774642944,0.5186222195625305,0.4459449052810669,0.5185875296592712,0.4431066513061523,0.5077110528945923,0.450741171836853,0.5096789002418518,0.4508484899997711,0.5094440579414368,0.4513276219367981,0.5077099800109863,0.4515921473503113,0.5083804726600647,0.4505631327629089,0.5170087814331055,0.4444266557693481,0.5107572078704834,0.4512975215911865,0.5081768035888672,0.4500457048416137
1749,1749,test,9891,0.5267572402954102,0.4417359828948974,0.5391688346862793,0.4306991398334503,0.5343769788742065,0.4366413652896881,0.5360361337661743,0.4333462715148926,0.5243272185325623,0.441184401512146,0.5265734791755676,0.4410626590251922,0.5264043211936951,0.4411384761333465,0.5242668390274048,0.4418587386608124,0.5250811576843262,0.4408814311027527,0.5339163541793823,0.4344558715820312,0.5271139740943909,0.4421508610248565,0.5248638391494751,0.4404522180557251
1750,1750,train,9544,0.6423963904380798,0.3415208756923675,0.6615637540817261,0.3215839862823486,0.6571367383003235,0.3230716586112976,0.6607629060745239,0.3199043869972229,0.6341137290000916,0.3442522287368774,0.6421791911125183,0.3387286961078644,0.6463456749916077,0.3383987545967102,0.6376113891601562,0.3443708419799804,0.6346861720085144,0.3456611335277557,0.6504451036453247,0.3289437294006347,0.6454171538352966,0.3386024534702301,0.6418169736862183,0.3400261998176574
1751,1751,test,10454,0.6339080333709717,0.3544326722621918,0.6543583869934082,0.3345289826393127,0.650467574596405,0.3351021409034729,0.6520958542823792,0.3335733115673065,0.6264346837997437,0.3572336733341217,0.6336181163787842,0.35207399725914,0.6382036805152893,0.3528468012809753,0.6283722519874573,0.3584407567977905,0.6277918815612793,0.3572708368301391,0.6429761648178101,0.3425555229187011,0.6380754709243774,0.3507607579231262,0.633899986743927,0.3535725176334381
1752,1752,train,10156,0.5122290849685669,0.4530598521232605,0.5245711803436279,0.4420433342456817,0.5197710990905762,0.4468647539615631,0.5210174322128296,0.4453356266021728,0.5098344683647156,0.4524785280227661,0.5123124122619629,0.4522654712200165,0.511620283126831,0.4526130855083465,0.5098384022712708,0.4530783593654632,0.5106738805770874,0.4520423710346222,0.5197001099586487,0.4459594488143921,0.5129556655883789,0.4526661336421966,0.5102846622467041,0.4517374336719513
1753,1753,train,9799,0.5132322907447815,0.4522668719291687,0.5269507765769958,0.441505879163742,0.5214890241622925,0.4456851780414581,0.5231935381889343,0.4444807171821594,0.5112236738204956,0.4515824019908905,0.5132865309715271,0.451730877161026,0.5123794674873352,0.4521620571613312,0.5094187259674072,0.4527885019779205,0.5105774998664856,0.4513498544692993,0.5219264030456543,0.4454210698604584,0.514374315738678,0.4516265988349914,0.5116083025932312,0.4510521292686462
1754,1754,train,10341,0.6367819905281067,0.3529258370399475,0.6582303047180176,0.3310096263885498,0.6534637212753296,0.3322224020957947,0.6553361415863037,0.3308087289333343,0.6282238364219666,0.3565455675125122,0.6362186074256897,0.3506467640399933,0.6420212984085083,0.3502625823020935,0.6312264204025269,0.3567763268947601,0.6296875476837158,0.3566748201847076,0.6464170217514038,0.3395118415355682,0.6404070854187012,0.3496277630329132,0.6372663974761963,0.3510705232620239
1755,1755,train,9962,0.5137178301811218,0.4523496925830841,0.5278361439704895,0.441215455532074,0.5227460861206055,0.4460552632808685,0.5240100026130676,0.4445504248142242,0.5112463235855103,0.4519878625869751,0.5135139226913452,0.4517286419868469,0.5136513113975525,0.4518674910068512,0.5115242600440979,0.4523724317550659,0.5123891830444336,0.4512467086315155,0.522935152053833,0.4449348747730255,0.5153653025627136,0.4514140188694,0.5124751925468445,0.4507888555526733
1756,1756,test,9209,0.6396328806877136,0.3465529680252075,0.6593472957611084,0.3263356983661651,0.654841423034668,0.3274802565574646,0.6567975878715515,0.3255251049995422,0.6314658522605896,0.3491224646568298,0.6388546228408813,0.3440155982971191,0.6437948942184448,0.3443861305713653,0.6341773867607117,0.350473403930664,0.6328126192092896,0.3504182398319244,0.6482924818992615,0.3347160518169403,0.6428563594818115,0.3430343270301819,0.6394737958908081,0.3456093072891235
1757,1757,train,9547,0.5403109788894653,0.4368170201778412,0.5513210892677307,0.426047682762146,0.5457474589347839,0.4311086237430572,0.5494518876075745,0.4287084341049194,0.5381165742874146,0.4364506602287292,0.5393631458282471,0.4368070662021637,0.5398053526878357,0.4369339346885681,0.5374231338500977,0.4364306926727295,0.5383891463279724,0.4354328513145447,0.5474022030830383,0.4294739067554474,0.5401391386985779,0.4375739097595215,0.5390617847442627,0.4355092346668243
1758,1758,train,9555,0.5972369313240051,0.4010692238807678,0.6128290891647339,0.3866276741027832,0.6059897541999817,0.3922944068908691,0.6102215051651001,0.3886053264141083,0.5943140387535095,0.4018184244632721,0.5968878269195557,0.4008657038211822,0.5970732569694519,0.4011942446231842,0.5920156836509705,0.4022313058376312,0.5931968688964844,0.4001716673374176,0.6057389378547668,0.3900842368602752,0.5997426509857178,0.4011949598789215,0.5960313081741333,0.39948371052742
1759,1759,train,10273,0.5557543039321899,0.4340114593505859,0.5700168013572693,0.4223761260509491,0.5628231763839722,0.4270338714122772,0.5665797591209412,0.425293356180191,0.553665280342102,0.4339182376861572,0.5554063320159912,0.4337229132652282,0.5538398623466492,0.434669554233551,0.5501627922058105,0.4348622560501098,0.5520676970481873,0.432975709438324,0.5642080307006836,0.4258213937282562,0.5563531517982483,0.4343892931938171,0.5540076494216919,0.4331358969211578
1760,1760,train,9576,0.5227277874946594,0.4497314989566803,0.537071168422699,0.4386357963085174,0.5306843519210815,0.4432798624038696,0.5328764319419861,0.4420463740825653,0.5203659534454346,0.4492752254009247,0.5229870676994324,0.4491374790668487,0.5222753882408142,0.4495375454425812,0.5191684365272522,0.449939101934433,0.5203806161880493,0.4485951066017151,0.5323347449302673,0.4423459470272064,0.5234789848327637,0.4494415819644928,0.5210645794868469,0.448638767004013
1761,1761,test,9242,0.599794328212738,0.4037948250770569,0.6151443719863892,0.389548659324646,0.608688235282898,0.3942364752292633,0.6129959225654602,0.3911735713481903,0.5970278382301331,0.4042714238166809,0.5994080901145935,0.4035607874393463,0.5993840098381042,0.4043258428573608,0.5939489006996155,0.405495822429657,0.5953702926635742,0.4033693671226501,0.60795658826828,0.3935502171516418,0.6023255586624146,0.4034718871116638,0.5982581973075867,0.4028156995773315
1762,1762,train,9312,0.4660168588161468,0.4653200805187225,0.4760904610157013,0.451505959033966,0.4763865172863006,0.4586392939090729,0.4713872075080871,0.4558688104152679,0.4620861113071441,0.4648531675338745,0.465676873922348,0.4637639224529266,0.4645284414291382,0.4651313126087188,0.4640144407749176,0.4656490385532379,0.4648784101009369,0.4650756120681762,0.47026127576828,0.4572542011737823,0.4673570096492767,0.4641455411911011,0.4630105793476105,0.463929533958435
1763,1763,test,9841,0.5027014017105103,0.4530408680438995,0.5123589038848877,0.4428410530090332,0.5105814933776855,0.4484276175498962,0.5110927224159241,0.4452655911445617,0.5000513195991516,0.4520157277584076,0.5022969841957092,0.4524123072624206,0.501966118812561,0.4532301127910614,0.5010789632797241,0.4532320499420166,0.5011441111564636,0.4525795578956604,0.5081732869148254,0.4470718801021576,0.5036544799804688,0.4529476165771484,0.5006481409072876,0.4518080353736877
1764,1764,train,9596,0.5193538069725037,0.449440062046051,0.5327746868133545,0.4382895529270172,0.5268214344978333,0.4432636201381683,0.5291064381599426,0.4417194724082947,0.517109215259552,0.4488798975944519,0.5195978879928589,0.448853075504303,0.5193725228309631,0.4492688179016113,0.516686737537384,0.4495054483413696,0.5179385542869568,0.4480877220630646,0.528661847114563,0.4420240521430969,0.5198461413383484,0.4494613409042358,0.518592357635498,0.4480063617229461
1765,1765,train,9890,0.6212825775146484,0.3712005019187927,0.640829861164093,0.3519350886344909,0.6360495090484619,0.3556305766105652,0.6391540765762329,0.3522587418556213,0.616040825843811,0.372833639383316,0.6212702989578247,0.3699439764022827,0.6231996417045593,0.370592713356018,0.6150465607643127,0.373924195766449,0.6143752932548523,0.3728036284446716,0.6297091245651245,0.3579603135585785,0.6264622807502747,0.369008868932724,0.6190510392189026,0.3706706464290619
1766,1766,train,9666,0.574310302734375,0.4221740365028381,0.587539553642273,0.409965455532074,0.5804958939552307,0.4147485494613647,0.5860565900802612,0.4124793112277984,0.5725836753845215,0.4216879606246948,0.5738707780838013,0.4216192662715912,0.5723022222518921,0.4231767952442169,0.568666934967041,0.4232198297977447,0.5701432824134827,0.4212532341480255,0.5816928148269653,0.4137454628944397,0.5747612118721008,0.4229761660099029,0.5717566013336182,0.4216501712799072
1767,1767,train,10225,0.5679848790168762,0.4199431538581848,0.5797450542449951,0.4091089069843292,0.5731928944587708,0.4142092168331146,0.5787720084190369,0.4107597470283508,0.5670530200004578,0.4190152883529663,0.5680550336837769,0.4191543459892273,0.5660232901573181,0.4206126630306244,0.562724769115448,0.4210007786750793,0.5642890930175781,0.4194029569625854,0.5743013024330139,0.4123498201370239,0.5687116384506226,0.4206297099590301,0.5652326941490173,0.4196649193763733
1768,1768,test,9451,0.6266595125198364,0.3602463901042938,0.649085283279419,0.3383602201938629,0.6441493034362793,0.3408099114894867,0.64747154712677,0.3380233943462372,0.6200011372566223,0.3624655902385711,0.6270405054092407,0.3578060865402221,0.6311193108558655,0.3580374419689178,0.6217772364616394,0.3628400564193725,0.6202223896980286,0.362361192703247,0.63727867603302,0.3454055786132812,0.6316543817520142,0.3571202158927917,0.62618488073349,0.3586851954460144
1769,1769,train,9368,0.549378514289856,0.4349505603313446,0.562595009803772,0.423080563545227,0.5557474493980408,0.4278725683689117,0.5594997406005859,0.4259447157382965,0.5466225743293762,0.434963047504425,0.5486382246017456,0.4347577393054962,0.548770010471344,0.4349396824836731,0.545015811920166,0.4351893067359924,0.546869158744812,0.4335217773914337,0.5590303540229797,0.4260569810867309,0.5492980480194092,0.4349612891674042,0.5493109226226807,0.4331335425376892
