,index,split,Id,c1 (N),c1 (Y),c7 (N),c7 (Y),c3 (N),c3 (Y),c0 (N),c0 (Y),c6 (N),c6 (Y),c8 (N),c8 (Y),c10 (N),c10 (Y),c9 (N),c9 (Y),c11 (N),c11 (Y),c5 (N),c5 (Y),c2 (N),c2 (Y),c4 (N),c4 (Y)
0,0,train,18402,0.0418577380478382,0.9208539128303528,0.1118252277374267,0.8441290855407715,0.0702251642942428,0.8931391835212708,0.0611839406192302,0.8870421051979065,0.0583919957280159,0.9137229323387146,0.039058368653059,0.9284322261810304,0.0544656589627265,0.9193224906921388,0.0412790812551975,0.9248436093330384,0.0413672253489494,0.9273535013198853,0.1082386299967765,0.8426213264465332,0.0387747697532177,0.9233170747756958,0.0564967580139637,0.9194914698600768
1,1,train,17285,0.1497367471456527,0.7483943700790405,0.4123671948909759,0.5742563009262085,0.4601780772209167,0.4639385342597961,0.24476158618927,0.6153466105461121,0.2694974243640899,0.6824074387550354,0.0676688030362129,0.8491086959838867,0.1315695494413375,0.7989800572395325,0.1096065193414688,0.8080020546913147,0.1111933663487434,0.8096171021461487,0.550285279750824,0.3834829330444336,0.0708674564957618,0.8441806435585022,0.1761828660964965,0.7367322444915771
2,2,test,18474,0.0673877373337745,0.8406994938850403,0.1724143475294113,0.7525781393051147,0.069737508893013,0.8659263849258423,0.0914097055792808,0.8073325157165527,0.099462442100048,0.8222939372062683,0.0537946783006191,0.8735303282737732,0.0738811418414115,0.8516361117362976,0.0569949522614479,0.8589951992034912,0.0580516010522842,0.8669390678405762,0.143893152475357,0.7701708674430847,0.0544204004108905,0.8618651032447815,0.0746797695755958,0.8531115055084229
3,3,train,18679,0.1565179228782653,0.8343268036842346,0.3118578791618347,0.7097654938697815,0.224881961941719,0.7898598909378052,0.2163908183574676,0.7738758325576782,0.2374626696109771,0.7999239563941956,0.0897968485951423,0.86513751745224,0.1588680297136306,0.8370046615600586,0.1244753077626228,0.8534887433052063,0.1212582215666771,0.8556588292121887,0.2848438322544098,0.7534021139144897,0.0937461555004119,0.863048791885376,0.1597654968500137,0.830596923828125
4,4,train,18034,0.0655728504061698,0.8670982718467712,0.2707432508468628,0.6932646036148071,0.1231336370110511,0.8445784449577332,0.1071609407663345,0.8253470063209534,0.1235888227820396,0.8248914480209351,0.048585470765829,0.8983844518661499,0.0663570016622543,0.8794803023338318,0.0503663010895252,0.8899145722389221,0.0529407300055027,0.8887085318565369,0.2003722488880157,0.7407571077346802,0.0466251745820045,0.8953742384910583,0.0677701830863952,0.8741769194602966
5,5,test,18684,0.1944595426321029,0.7427183985710144,0.565731942653656,0.4759273529052734,0.7227393984794617,0.3076137006282806,0.3480685949325561,0.6184729337692261,0.3554716408252716,0.6615586876869202,0.0754080638289451,0.8342834115028381,0.1420312076807022,0.794642984867096,0.107176698744297,0.8150288462638855,0.1207996234297752,0.8086836934089661,0.8701422214508057,0.2216863334178924,0.0741925686597824,0.8402774930000305,0.1857687085866928,0.758024275302887
6,6,train,18630,0.0606549717485904,0.9227473735809326,0.1389998346567154,0.8408578634262085,0.0810559317469596,0.8855617046356201,0.0980484932661056,0.8806282877922058,0.0934333205223083,0.9052022695541382,0.0435497239232063,0.9368237257003784,0.0674858391284942,0.930086076259613,0.0524321906268596,0.9374790787696838,0.0514804571866989,0.9348548650741576,0.1165684610605239,0.8575885891914368,0.0448425337672233,0.9398033618927002,0.0681048408150672,0.9246546030044556
7,7,test,18351,0.280366986989975,0.7667752504348755,0.5991280674934387,0.4691095650196075,0.8088056445121765,0.3350561559200287,0.4398566484451294,0.6093336343765259,0.4328489899635315,0.6863450407981873,0.1039362698793411,0.8604140281677246,0.1891423165798187,0.816333532333374,0.1484229862689972,0.8278915882110596,0.1805537045001983,0.8303412199020386,0.8815738558769226,0.2213657647371292,0.0997809171676635,0.8515524864196777,0.2694239616394043,0.7800406813621521
8,8,train,17343,0.2246010899543762,0.7734549641609192,0.4543760418891907,0.5902114510536194,0.7250961065292358,0.3532038629055023,0.2725771367549896,0.7154598832130432,0.3252039551734924,0.7202815413475037,0.0800844430923461,0.8808523416519165,0.1537680923938751,0.8355187177658081,0.1251230388879776,0.8502419590950012,0.1419725716114044,0.8443664312362671,0.7685001492500305,0.3420089483261108,0.0795806124806404,0.8823484182357788,0.208787053823471,0.7850861549377441
9,9,test,17417,0.1059837266802787,0.8274595737457275,0.3219126462936401,0.7006170749664307,0.1544237285852432,0.7735803723335266,0.1574884206056594,0.7810717225074768,0.1657796055078506,0.807463526725769,0.0681670680642128,0.8725649118423462,0.103337712585926,0.8519404530525208,0.0820489525794982,0.8584882616996765,0.0827495530247688,0.8615722060203552,0.2263865023851394,0.744701087474823,0.0715410411357879,0.8660728335380554,0.1146498173475265,0.8408540487289429
10,10,train,18185,0.0837295427918434,0.9193852543830872,0.2487392276525497,0.7960119247436523,0.1470210552215576,0.8644639849662781,0.132399320602417,0.87484210729599,0.132864773273468,0.902408003807068,0.0435452871024608,0.9344221949577332,0.0721411854028701,0.9237697720527648,0.057452518492937,0.929145097732544,0.0595595687627792,0.9306789040565492,0.2547118365764618,0.8028684258460999,0.0443266220390796,0.9326666593551636,0.0917089879512786,0.9171955585479736
11,11,train,17658,0.9394384026527404,0.1338903605937957,0.6788954734802246,0.3589149117469787,0.9438424110412598,0.1104688569903373,0.8522529602050781,0.2021214514970779,0.9260048866271972,0.150872528553009,0.7672651410102844,0.255612313747406,0.914980411529541,0.1444854289293289,0.916097104549408,0.1407863348722458,0.9315767288208008,0.1397547423839569,0.9282609820365906,0.1272035837173462,0.7932403087615967,0.2572859525680542,0.9393731355667114,0.1154026836156845
12,12,train,18064,0.0954602435231208,0.8563879728317261,0.2352495342493057,0.7471762299537659,0.1983186155557632,0.789462685585022,0.1681682765483856,0.7899496555328369,0.1601071208715438,0.832678496837616,0.048099335283041,0.9058660864830016,0.0824402868747711,0.8875550627708435,0.0625047460198402,0.8978323340415955,0.069862388074398,0.8939493298530579,0.2692301571369171,0.7163864374160767,0.0494585707783699,0.9088208079338074,0.1102388203144073,0.8608304262161255
13,13,test,17247,0.1027514636516571,0.8327014446258545,0.3693040609359741,0.6328786611557007,0.361952543258667,0.6410483121871948,0.1879042536020279,0.7364574074745178,0.2090903967618942,0.7504854798316956,0.0531949549913406,0.8901214599609375,0.0840651839971542,0.8648055791854858,0.0592442862689495,0.8837394714355469,0.0664863735437393,0.8764790892601013,0.4648601710796356,0.570243775844574,0.0535244904458522,0.8925698399543762,0.1062210649251937,0.8388909101486206
14,14,train,17211,0.0555975660681724,0.9186459183692932,0.1646878123283386,0.8184666037559509,0.1004239618778228,0.9061647653579712,0.0898393541574478,0.8757368326187134,0.0907554179430008,0.8969631195068359,0.0500399470329284,0.9211874008178712,0.0744466185569763,0.911959946155548,0.0545302145183086,0.9173600077629088,0.0545929633080959,0.921238899230957,0.1300165206193924,0.8605860471725464,0.0490861013531684,0.922011375427246,0.0765957683324813,0.9044184684753418
15,15,train,17074,0.646632969379425,0.3884178698062897,0.544346809387207,0.4774556159973144,0.8787214756011963,0.1818554103374481,0.5548011064529419,0.4269657433032989,0.6942217946052551,0.3652469217777252,0.3045873343944549,0.551774263381958,0.569902241230011,0.3820137679576874,0.5737138390541077,0.3451640605926513,0.5838771462440491,0.3848571479320526,0.8553538918495178,0.2043997049331665,0.2942404150962829,0.564849317073822,0.6565258502960205,0.3080785870552063
16,16,train,18113,0.1477307379245758,0.8513786792755127,0.4669536650180816,0.5611167550086975,0.4956670701503753,0.5785574316978455,0.2809425592422485,0.7227128148078918,0.2882826030254364,0.7919173836708069,0.0645309463143348,0.8975441455841064,0.1127009764313697,0.8814347982406616,0.0942819267511367,0.8836544752120972,0.094233714044094,0.8839176893234253,0.7556571960449219,0.3457010090351105,0.0683243945240974,0.8998385667800903,0.1369341760873794,0.8565629720687866
17,17,train,17261,0.1112320199608802,0.8413470387458801,0.4185943007469177,0.5641883015632629,0.084842637181282,0.8813523054122925,0.1775414794683456,0.7252109050750732,0.2339560389518737,0.7122819423675537,0.0563257969915866,0.8988533020019531,0.081594280898571,0.8817407488822937,0.0628169924020767,0.8932793140411377,0.0731619745492935,0.8889273405075073,0.2751151025295257,0.706379234790802,0.0541547499597072,0.8961300253868103,0.1052416041493415,0.8591859340667725
18,18,train,17612,0.9109055995941162,0.1879252344369888,0.6611803770065308,0.3861209154129028,0.9436275362968444,0.1183628216385841,0.830750048160553,0.2359554320573806,0.9152843952178956,0.1802496761083603,0.5048826932907104,0.4364907145500183,0.835333526134491,0.2354404926300048,0.8483548164367676,0.2224408239126205,0.8743343949317932,0.2181960046291351,0.9264313578605652,0.142268106341362,0.4763852059841156,0.4815155267715454,0.9065617322921752,0.1735251992940902
19,19,train,17036,0.1789794117212295,0.8318483829498291,0.2461065351963043,0.7619078159332275,0.3712433278560638,0.6938564777374268,0.1998475641012191,0.7903133034706116,0.2328691780567169,0.8138477802276611,0.1018148213624954,0.875799834728241,0.1877279877662658,0.846610426902771,0.1479232013225555,0.8571411371231079,0.1407270580530166,0.863981306552887,0.349931389093399,0.6863694787025452,0.1022981777787208,0.8733786344528198,0.214231327176094,0.8280693292617798
20,20,train,18066,0.1810932457447052,0.7984305024147034,0.4692746996879577,0.5917012095451355,0.811611533164978,0.2821992933750152,0.3265135288238525,0.6672601103782654,0.3536798059940338,0.7071018218994141,0.0601743645966053,0.8909882307052612,0.121624119579792,0.856437087059021,0.0882165655493736,0.8682827949523926,0.1021400317549705,0.8628256320953369,0.8521047830581665,0.2512260377407074,0.0620458573102951,0.8961430788040161,0.1790885478258133,0.8006044626235962
21,21,train,17780,0.6881026029586792,0.4873856008052826,0.6490131616592407,0.4119977951049804,0.8968420028686523,0.1818732470273971,0.7207225561141968,0.3584677278995514,0.7835277318954468,0.3797521591186523,0.1754560768604278,0.7911946177482605,0.3830167055130005,0.6951747536659241,0.4095512926578522,0.6713642477989197,0.4358607232570648,0.6741861701011658,0.9174304604530334,0.1607751250267028,0.1539022624492645,0.8003525733947754,0.6142581701278687,0.5321587324142456
22,22,train,17661,0.0612248219549655,0.8991494178771973,0.4277271032333374,0.5878865122795105,0.0687004402279853,0.9133705496788024,0.0944616720080375,0.8408172726631165,0.1500345915555954,0.8118570446968079,0.0353786572813987,0.9312594532966614,0.0532351359724998,0.9213743805885316,0.0375997424125671,0.9296861886978148,0.0412215590476989,0.9273669123649596,0.1281426399946212,0.8232190012931824,0.0345237776637077,0.9286439418792723,0.0557378493249416,0.9167318344116212
23,23,train,17361,0.0714707896113395,0.8534526824951172,0.450740247964859,0.5665168762207031,0.248510256409645,0.7173784971237183,0.1508485376834869,0.7633652091026306,0.1449911147356033,0.7889530658721924,0.0402071364223957,0.8951465487480164,0.0643120780587196,0.881760835647583,0.045938778668642,0.8897782564163208,0.0496467463672161,0.8880836367607117,0.4437206089496612,0.5330538749694824,0.0400264859199523,0.9025483131408693,0.0794674754142761,0.8625192642211914
24,24,test,17088,0.0773794874548912,0.8849437832832336,0.3139818608760834,0.6893098950386047,0.1079705655574798,0.8415082693099976,0.1248261630535125,0.8192920088768005,0.1126284450292587,0.8567311763763428,0.0515090152621269,0.9012932777404784,0.074586309492588,0.8900681138038635,0.0597402937710285,0.8969464898109436,0.0643255934119224,0.8988688588142395,0.2579188644886017,0.7101273536682129,0.0544229336082935,0.9004613757133484,0.0820376053452491,0.8764057755470276
25,25,train,18160,0.1251198798418045,0.8694332242012024,0.2822224795818329,0.7347977161407471,0.4103827774524688,0.6592724323272705,0.1887172907590866,0.8064730763435364,0.1845920830965042,0.838767945766449,0.0855495259165763,0.8799587488174438,0.1392635554075241,0.8599847555160522,0.108619712293148,0.8720943927764893,0.1099273264408111,0.8721274137496948,0.4845085144042969,0.58565753698349,0.0850552469491958,0.8850154280662537,0.151787057518959,0.8532987833023071
26,26,train,17133,0.0909572541713714,0.8484559059143066,0.2692513167858124,0.6992451548576355,0.1170887202024459,0.8204852938652039,0.1431806236505508,0.7710406184196472,0.1481681019067764,0.8151925802230835,0.0464187562465667,0.8884637355804443,0.0762972012162208,0.863250195980072,0.0617993623018264,0.8748432993888855,0.0624613091349601,0.8740625977516174,0.2063689678907394,0.7265613675117493,0.050753578543663,0.8916276097297668,0.0850369781255722,0.8445784449577332
27,27,train,17930,0.1955144703388214,0.744352400302887,0.4818524122238159,0.5321033596992493,0.5318959951400757,0.426007866859436,0.2631092965602875,0.6498280167579651,0.2874272167682647,0.6839706897735596,0.1065665408968925,0.8183563947677612,0.1780624091625213,0.7710619568824768,0.1469761133193969,0.7978242039680481,0.1359147578477859,0.8043216466903687,0.7813434600830078,0.2906151115894317,0.1104055196046829,0.8201944231987,0.1813603341579437,0.7648181319236755
28,28,train,17650,0.0926047265529632,0.8771921396255493,0.4301904141902923,0.5964009165763855,0.2308505624532699,0.7197558879852295,0.17656871676445,0.7846946716308594,0.2075122445821762,0.8228980302810669,0.0457860641181468,0.909035325050354,0.0848548933863639,0.8888356685638428,0.0640927404165268,0.8975300192832947,0.0735504105687141,0.8998827338218689,0.7241983413696289,0.362350732088089,0.0451538152992725,0.9046682715415956,0.106164202094078,0.8747954964637756
29,29,train,18596,0.9179550409317015,0.1630869954824447,0.6701188087463379,0.3714542388916015,0.9425410628318788,0.1131660491228103,0.8337678909301758,0.2204703688621521,0.9091800451278688,0.1843090653419494,0.4497979581356048,0.512361466884613,0.8135122656822205,0.2761867344379425,0.838245689868927,0.2423928827047348,0.8643187284469604,0.2472936511039734,0.92446631193161,0.139383852481842,0.4455994665622711,0.5312208533287048,0.8944180011749268,0.1918779164552688
30,30,train,18186,0.1193036511540412,0.8107172250747681,0.2247361540794372,0.7321828007698059,0.2519262135028839,0.6787558794021606,0.1585644632577896,0.7599238753318787,0.15620818734169,0.7967123985290527,0.076554462313652,0.8368564248085022,0.1207085624337196,0.8031901717185974,0.0972839370369911,0.8192193508148193,0.1003190726041793,0.8236514329910278,0.3175278604030609,0.652616560459137,0.0745386704802513,0.83205246925354,0.1352910846471786,0.7969627976417542
31,31,train,17483,0.1115952730178833,0.8547053337097168,0.4823580682277679,0.5639930963516235,0.1961548924446106,0.8074086904525757,0.2003109455108642,0.7581756114959717,0.1901447623968124,0.8109006285667419,0.0596907138824462,0.889538049697876,0.0961226224899292,0.8678520321846008,0.0715880319476127,0.8803321719169617,0.0823598504066467,0.881905198097229,0.5909368395805359,0.4371961653232574,0.0602440014481544,0.8860119581222534,0.1087542325258255,0.8509876132011414
32,32,train,16996,0.8741816878318787,0.1865811645984649,0.6502053737640381,0.3906554281711578,0.935238003730774,0.1201398447155952,0.7863479852676392,0.2439885735511779,0.8902862071990967,0.1860059350728988,0.4751335382461548,0.4525537192821502,0.7864780426025391,0.2525008618831634,0.8000316619873047,0.2322371900081634,0.8293694853782654,0.2314193248748779,0.9117046594619752,0.1488372534513473,0.4243539273738861,0.4890649318695068,0.8711966872215271,0.1845893114805221
33,33,train,18376,0.0899096354842186,0.8750993013381958,0.2089323252439499,0.7488516569137573,0.1391805708408355,0.8201781511306763,0.1510225534439087,0.7991616725921631,0.1553686112165451,0.8320450186729431,0.0541630424559116,0.8926489949226379,0.0896634086966514,0.8872908353805542,0.0667516142129898,0.8939666152000427,0.0657171607017517,0.8942079544067383,0.3234490752220154,0.6737393736839294,0.0531722381711006,0.8892223238945007,0.0802411511540412,0.8886950612068176
34,34,test,18649,0.0737397670745849,0.8409692049026489,0.2802545726299286,0.6488085389137268,0.1953452080488205,0.7084190249443054,0.1210245713591575,0.7775641679763794,0.115619346499443,0.8019092082977295,0.0433401800692081,0.8735218644142151,0.0711937099695205,0.855204164981842,0.0572795905172824,0.8594253659248352,0.0595277063548564,0.861099362373352,0.4816086888313293,0.4757578372955322,0.043284460902214,0.8681634068489075,0.0801383703947067,0.8375158905982971
35,35,train,17002,0.0961004570126533,0.8528220653533936,0.3709484040737152,0.6069391965866089,0.3592987358570099,0.6639236807823181,0.1640206724405288,0.7807121872901917,0.1429721713066101,0.8122695088386536,0.0639385432004928,0.896796464920044,0.1042591631412506,0.8784269690513611,0.0821381136775016,0.8866715431213379,0.0812731012701988,0.884847104549408,0.6340091228485107,0.3977767825126648,0.0658920258283615,0.8962119817733765,0.1208372339606285,0.8520022630691528
36,36,train,17103,0.2079525142908096,0.7776254415512085,0.4115695357322693,0.5869220495223999,0.555486798286438,0.537004292011261,0.2850964069366455,0.6825053095817566,0.350841224193573,0.6977253556251526,0.069791056215763,0.8714170455932617,0.1343125700950622,0.8466634750366211,0.1017216965556144,0.8682084083557129,0.1133727580308914,0.8578515648841858,0.850912868976593,0.2270347028970718,0.0678797662258148,0.8830609917640686,0.1505930423736572,0.8255805969238281
37,37,test,18651,0.2474227249622345,0.7772406339645386,0.5220465660095215,0.5519296526908875,0.8119816184043884,0.2613143622875213,0.4010745882987976,0.6087661981582642,0.4279246032238006,0.6774519681930542,0.0721614211797714,0.8879402875900269,0.1284579187631607,0.8545670509338379,0.0977613553404808,0.8655942678451538,0.1184378340840339,0.8604989647865295,0.873515784740448,0.2137665748596191,0.0701361671090126,0.8911884427070618,0.2491861283779144,0.7664019465446472
38,38,test,18236,0.150558203458786,0.7672102451324463,0.2841612696647644,0.6443842053413391,0.2270272076129913,0.739115297794342,0.1982162445783615,0.7028322815895081,0.2284912317991256,0.7102534770965576,0.0962662249803543,0.8224125504493713,0.1403110772371292,0.7921565175056458,0.124782033264637,0.8012158870697021,0.1253837943077087,0.8064279556274414,0.3884295225143432,0.5780977606773376,0.096769705414772,0.818008542060852,0.1645553112030029,0.7653894424438477
39,39,train,18404,0.073745958507061,0.868062436580658,0.158877745270729,0.8377298712730408,0.0867061614990234,0.8495330810546875,0.1051190868020057,0.8506991863250732,0.1022755876183509,0.8635727167129517,0.0568848103284835,0.8725804686546326,0.0789165571331977,0.8569962382316589,0.0653333291411399,0.8633548617362976,0.0697268471121788,0.8683827519416809,0.1859370470046997,0.7937366962432861,0.0592178218066692,0.8674588203430176,0.0831165239214897,0.8513538837432861
40,40,test,18488,0.0794204324483871,0.8800666928291321,0.186164915561676,0.7709971070289612,0.0967084169387817,0.8488451838493347,0.1062398552894592,0.8253437280654907,0.1024385467171669,0.8612096905708313,0.0505885519087314,0.8968023061752319,0.079291433095932,0.8809607028961182,0.0658986866474151,0.8955854773521423,0.0693798214197158,0.8943624496459961,0.1520769149065017,0.8047950267791748,0.0524960309267044,0.8946716785430908,0.0969776064157486,0.8677914142608643
41,41,train,18427,0.1132574528455734,0.8304965496063232,0.4759683907032013,0.5771695971488953,0.4522835612297058,0.6071599721908569,0.2090666890144348,0.734172523021698,0.2381098419427871,0.7455959916114807,0.0554899424314498,0.8922826647758484,0.0997147113084793,0.8614644408226013,0.0770804584026336,0.8706998825073242,0.0786750689148902,0.8790209889411926,0.5749825239181519,0.4956095516681671,0.0563402324914932,0.8926761150360107,0.132944568991661,0.8312180638313293
42,42,train,17404,0.1557755023241043,0.7919357419013977,0.428858995437622,0.5994469523429871,0.4071395099163055,0.5570911169052124,0.239293947815895,0.7080167531967163,0.253286749124527,0.7428935170173645,0.0684460550546646,0.8875036239624023,0.1184868589043617,0.8498033881187439,0.0909384489059448,0.8618209958076477,0.104163609445095,0.8589664697647095,0.5768329501152039,0.4535713493824005,0.0681882128119468,0.8836077451705933,0.1528975814580917,0.8225125670433044
43,43,train,18558,0.6905632615089417,0.4685199558734894,0.6484813094139099,0.4055371880531311,0.9197282791137696,0.1543131470680236,0.7246778607368469,0.363068014383316,0.7903479933738708,0.3867457509040832,0.1431907266378402,0.799013614654541,0.3602593243122101,0.709072470664978,0.3806256055831909,0.6864610910415649,0.4159761369228363,0.6774320602416992,0.9146559834480286,0.1557108908891677,0.1440814733505249,0.8128687739372253,0.4808733761310577,0.6233670711517334
44,44,test,17269,0.1355336606502533,0.8118118047714233,0.2909520268440246,0.6560683846473694,0.4021280705928802,0.5180627703666687,0.1938787102699279,0.7082732319831848,0.2329015731811523,0.7465927004814148,0.0560731552541255,0.8934009671211243,0.1024180501699447,0.8563978672027588,0.0785814225673675,0.8644377589225769,0.0821428224444389,0.8742057085037231,0.743802547454834,0.2994337677955627,0.0580490194261074,0.8870769143104553,0.1270356327295303,0.8421317338943481
45,45,train,17172,0.0938870757818222,0.7887367606163025,0.3447090983390808,0.6600705981254578,0.3971532881259918,0.6033012270927429,0.1380749642848968,0.775618851184845,0.1557529866695404,0.7604518532752991,0.0756767690181732,0.8401501178741455,0.1169865950942039,0.8091455101966858,0.0837086588144302,0.8213830590248108,0.0882442742586135,0.8165168166160583,0.3379939794540405,0.6173961758613586,0.0750717148184776,0.8435643315315247,0.1268101036548614,0.7806143164634705
46,46,train,18176,0.9327399730682372,0.138562798500061,0.6734449863433838,0.3628928065299988,0.9426279067993164,0.1109858527779579,0.8514221906661987,0.200278177857399,0.9193065762519836,0.1560499817132949,0.7051900625228882,0.309632271528244,0.8989518880844116,0.1644489020109176,0.8995660543441772,0.1534547060728073,0.9171842932701112,0.1573039293289184,0.9279401898384094,0.1288910657167434,0.7139595746994019,0.3044961094856262,0.9301010966300964,0.1251773387193679
47,47,train,17379,0.1312217265367508,0.8138429522514343,0.3819528818130493,0.6281221508979797,0.1504009217023849,0.7353339195251465,0.2005702555179596,0.7505664229393005,0.2141302227973938,0.7754671573638916,0.0598875284194946,0.8591927289962769,0.1174334809184074,0.8343999981880188,0.0818528234958648,0.8403993844985962,0.0923020541667938,0.8375948667526245,0.3197023272514343,0.6140009164810181,0.0588136985898017,0.8598014116287231,0.1381558924913406,0.8047701120376587
48,48,train,18495,0.0764752849936485,0.8616852760314941,0.4158960282802582,0.5918264389038086,0.3626917600631714,0.5925508737564087,0.1691303849220276,0.7351993918418884,0.157300665974617,0.807510256767273,0.0375539362430572,0.908827006816864,0.0604733675718307,0.8945673704147339,0.047584481537342,0.8987956643104553,0.0515283271670341,0.8990039825439453,0.8000074028968811,0.2675599753856659,0.0378372184932231,0.9033237099647522,0.0818768888711929,0.8691310882568359
49,49,train,17323,0.4919226169586181,0.4688502550125122,0.6669586896896362,0.38949054479599,0.8142824172973633,0.2477573454380035,0.580461859703064,0.4177495539188385,0.7078925371170044,0.3416555225849151,0.178295686841011,0.6829919815063477,0.2947963774204254,0.613305389881134,0.2365564256906509,0.6369330286979675,0.2602214813232422,0.6220982670783997,0.8482069373130798,0.235846608877182,0.1628781855106353,0.6939857006072998,0.3707362711429596,0.527906596660614
50,50,train,18334,0.1263703107833862,0.8180585503578186,0.4819647371768951,0.5541456341743469,0.2165350615978241,0.7492804527282715,0.2273299992084503,0.7224851250648499,0.2519299685955047,0.7415586709976196,0.0702523812651634,0.8583309054374695,0.113920547068119,0.8426320552825928,0.0841076374053955,0.8550366163253784,0.0935276225209236,0.8464047908782959,0.4092299044132232,0.5975078344345093,0.0694764405488967,0.8623548746109009,0.1305981129407882,0.8276126980781555
51,51,train,18566,0.3818541169166565,0.5947389006614685,0.5985478162765503,0.4356225728988647,0.884099006652832,0.1957642138004303,0.5444594621658325,0.4582803845405578,0.5186580419540405,0.5139583349227905,0.0925453379750251,0.805704653263092,0.2141406238079071,0.731784999370575,0.1638482958078384,0.7510053515434265,0.2210883349180221,0.7149892449378967,0.8917654752731323,0.178409531712532,0.0930143296718597,0.8106794953346252,0.3383775353431701,0.6185720562934875
52,52,test,18529,0.1351900249719619,0.7950005531311035,0.4506756663322449,0.5634881854057312,0.1358188539743423,0.8277485966682434,0.2036232352256775,0.6975007653236389,0.2392420768737793,0.7352598905563354,0.0632590875029563,0.8567708134651184,0.1086980402469635,0.8403654098510742,0.0882649794220924,0.8419431447982788,0.0926513150334358,0.8352059125900269,0.3787710070610046,0.6161949634552002,0.0635359361767768,0.8566808700561523,0.1325734555721283,0.8025509715080261
53,53,train,17545,0.0420227013528347,0.9158973097801208,0.1201967447996139,0.827292263507843,0.0641101375222206,0.905122458934784,0.0605189502239227,0.8845584392547607,0.0616309270262718,0.9021105766296388,0.035347331315279,0.920764148235321,0.0568802170455455,0.9154099225997924,0.0395567268133163,0.9249588251113892,0.0389888510107994,0.9231316447257996,0.0902546420693397,0.8739657402038574,0.0354342870414257,0.921562135219574,0.0545996949076652,0.9126283526420592
54,54,train,18054,0.0738226026296615,0.8408310413360596,0.3309496939182281,0.6361680030822754,0.2799097597599029,0.6636841297149658,0.1313355714082718,0.7534327507019043,0.1524629145860672,0.7878729701042175,0.0433993637561798,0.8947317600250244,0.0756686478853225,0.8722058534622192,0.0549741424620151,0.8830000162124634,0.057313498109579,0.882139265537262,0.6022642254829407,0.4046637415885925,0.0442567616701126,0.8876671195030212,0.0813965275883674,0.842948853969574
55,55,train,17697,0.2186119109392166,0.7666710615158081,0.4357773661613464,0.5929189324378967,0.4092395603656769,0.6157405376434326,0.3390341103076935,0.6450907588005066,0.3532401323318481,0.7029892206192017,0.0929811671376228,0.8460636138916016,0.1623145192861557,0.8101303577423096,0.1460921168327331,0.8159525394439697,0.1451831310987472,0.8193289637565613,0.5575920939445496,0.5183321833610535,0.0934296548366546,0.8411765694618225,0.2077928483486175,0.7735767960548401
56,56,train,17959,0.0680955126881599,0.8577578067779541,0.207495778799057,0.6735486388206482,0.0769695565104484,0.8650949597358704,0.1110371053218841,0.766081690788269,0.1008191853761673,0.81499844789505,0.0395214781165123,0.9036688804626464,0.0604193843901157,0.8924040794372559,0.0477684624493122,0.8977644443511963,0.0486552454531192,0.8951265811920166,0.2277931869029998,0.6528476476669312,0.0412985645234584,0.9024637341499328,0.0672356858849525,0.8781670928001404
57,57,train,18424,0.1171930879354476,0.8143672943115234,0.4838775098323822,0.5239067077636719,0.2373396903276443,0.7538555860519409,0.1983323693275451,0.7124248743057251,0.272523283958435,0.6621936559677124,0.0744727775454521,0.8506659865379333,0.0888177827000618,0.8436430096626282,0.0752588957548141,0.8579826354980469,0.082724891602993,0.8442134261131287,0.3906058073043823,0.607703685760498,0.0750639289617538,0.847351610660553,0.0985187292098999,0.8245649933815002
58,58,train,17619,0.2119434922933578,0.7007062435150146,0.500017523765564,0.5063632130622864,0.1808549910783767,0.759702742099762,0.306894302368164,0.6368460655212402,0.4194823801517486,0.5565035939216614,0.0817009881138801,0.8458946943283081,0.127638041973114,0.8159189820289612,0.0893203467130661,0.8289767503738403,0.0985727608203888,0.8179500699043274,0.4441658556461334,0.532320499420166,0.0804956778883934,0.8371409177780151,0.126936137676239,0.7913740873336792
59,59,train,17205,0.9066696166992188,0.1959332674741745,0.6585500836372375,0.3766437470912933,0.939291536808014,0.1154531612992286,0.8136026859283447,0.2357381135225296,0.9091756343841552,0.1802396327257156,0.547315239906311,0.4718007445335388,0.834713876247406,0.2565976083278656,0.8423876166343689,0.2431721687316894,0.865570068359375,0.2572145462036133,0.9240715503692628,0.1389497518539428,0.5760028958320618,0.4725899696350097,0.8858904838562012,0.219877228140831
60,60,train,17310,0.1716722398996353,0.795107901096344,0.3044955134391784,0.7038605809211731,0.4315898716449737,0.6082057356834412,0.217363640666008,0.7431102991104126,0.2585324048995971,0.7525076866149902,0.113288827240467,0.8258147239685059,0.1732731610536575,0.7960864305496216,0.1546499282121658,0.7958433032035828,0.1470495760440826,0.8106212019920349,0.403359591960907,0.6113519072532654,0.1193011552095413,0.8142646551132202,0.192555233836174,0.7723342180252075
61,61,test,17641,0.1725061535835266,0.7398016452789307,0.5985095500946045,0.4572021663188934,0.775252640247345,0.2838096022605896,0.3167344629764557,0.6087976098060608,0.3770577013492584,0.6147299408912659,0.0701699182391166,0.8311726450920105,0.1181409582495689,0.7828730344772339,0.0922865346074104,0.7980409860610962,0.1052579507231712,0.7956939935684204,0.8314958214759827,0.2414169162511825,0.0707369744777679,0.8320130109786987,0.1700985431671142,0.7239128351211548
62,62,test,18025,0.157553881406784,0.7709968090057373,0.5244848728179932,0.4981691241264343,0.1561009734869003,0.7682421803474426,0.2266655266284942,0.7062402963638306,0.3160071969032287,0.6661433577537537,0.0692257061600685,0.8650476336479187,0.1205159500241279,0.8272732496261597,0.1013256683945655,0.8384621739387512,0.1105538681149482,0.8311058282852173,0.5906190276145935,0.4178053736686706,0.0706376880407333,0.8629882335662842,0.1653445959091186,0.7815995812416077
63,63,train,17739,0.2121719866991043,0.7849172353744507,0.4135225713253021,0.5806172490119934,0.2556105554103851,0.7045769691467285,0.2756300270557403,0.6865165829658508,0.2948597073554992,0.7275597453117371,0.0883695408701896,0.8564579486846924,0.1470045298337936,0.8163192272186279,0.1172228753566742,0.8298001885414124,0.1402891874313354,0.8301591277122498,0.7573573589324951,0.3227701485157013,0.0829633250832557,0.8555988669395447,0.1772343516349792,0.7989435195922852
64,64,train,18485,0.3600758612155914,0.72819983959198,0.5826597809791565,0.4646269977092743,0.8336098194122314,0.2661168277263641,0.4690262675285339,0.5738081336021423,0.4827446341514587,0.6316532492637634,0.1165242120623588,0.8564968705177307,0.2129209339618683,0.8228759169578552,0.2012662589550018,0.8245169520378113,0.212756723165512,0.8285631537437439,0.8786531686782837,0.2112132459878921,0.1128311976790428,0.8537573218345642,0.3048641681671142,0.7804967164993286
65,65,test,17183,0.0886455178260803,0.8541295528411865,0.2320297509431839,0.7215835452079773,0.23499196767807,0.7364060878753662,0.1482642590999603,0.7935348153114319,0.1370035707950592,0.8122044205665588,0.0559687614440918,0.876474142074585,0.0893604457378387,0.8610076308250427,0.0704702585935592,0.8735188841819763,0.06824491918087,0.8730243444442749,0.4102438986301422,0.5863588452339172,0.0560082904994487,0.8827070593833923,0.0933284536004066,0.8570734262466431
66,66,test,18544,0.4010279476642608,0.623940110206604,0.4972327649593353,0.5227437615394592,0.633137047290802,0.379015177488327,0.4027369916439056,0.5726714134216309,0.5018364191055298,0.5715739727020264,0.1242086067795753,0.8070976138114929,0.2449193149805069,0.7614948749542236,0.2381227761507034,0.7475122809410095,0.2402985244989395,0.7404741644859314,0.783520519733429,0.2846093475818634,0.1216489374637603,0.8115031123161316,0.3357314765453338,0.6670126914978027
67,67,train,18189,0.1435295045375824,0.8388985395431519,0.3301702737808227,0.6728936433792114,0.1822762787342071,0.8008367419242859,0.1877179890871048,0.7725474834442139,0.2186730057001114,0.788040816783905,0.0683237090706825,0.8933098316192627,0.1310909986495971,0.8679682612419128,0.0945160165429115,0.8839317560195923,0.1021697968244552,0.8807886242866516,0.287661999464035,0.7199715375900269,0.0681098774075508,0.8950427174568176,0.1502430140972137,0.8488432765007019
68,68,test,18251,0.153423324227333,0.8240909576416016,0.290570318698883,0.7408809661865234,0.2658318281173706,0.7231038808822632,0.2194631397724151,0.7754414081573486,0.223965898156166,0.8004403710365295,0.0691359117627143,0.8800721168518066,0.1154734939336776,0.8608331084251404,0.1025921627879142,0.8714558482170105,0.1014541760087013,0.8649693131446838,0.4010118544101715,0.654960036277771,0.0753804370760917,0.8803255558013916,0.1440483480691909,0.836251437664032
69,69,test,17284,0.3007233440876007,0.5944646000862122,0.6137077212333679,0.4261647462844848,0.8531080484390259,0.223973348736763,0.4391926229000091,0.5056302547454834,0.5293011665344238,0.4703265130519867,0.1157587394118309,0.7633921504020691,0.2257005125284195,0.6861497759819031,0.1798429936170578,0.7042079567909241,0.2029053121805191,0.6846171617507935,0.8506696224212646,0.2347632199525833,0.1166400387883186,0.7597255110740662,0.3021003305912018,0.6192429661750793
70,70,train,18347,0.1633515059947967,0.8097506165504456,0.5280032753944397,0.5105541944503784,0.596862256526947,0.4387296736240387,0.2882057130336761,0.6780444979667664,0.3066650331020355,0.7461532950401306,0.0538338534533977,0.8789108395576477,0.1119161993265152,0.8508414030075073,0.0944346934556961,0.8558387756347656,0.1004500687122345,0.8592614531517029,0.831308126449585,0.2467305213212967,0.0566521994769573,0.8772501349449158,0.15507872402668,0.8137189149856567
71,71,train,18716,0.0724366903305053,0.8663479685783386,0.3520005941390991,0.6484633684158325,0.111403115093708,0.848000705242157,0.1197423115372657,0.8154100775718689,0.155882254242897,0.8027471303939819,0.0470239855349063,0.9000895023345947,0.0767544582486152,0.8766995072364807,0.0539555102586746,0.8921598792076111,0.058084487915039,0.8899208903312683,0.2041648179292678,0.7457480430603027,0.0476161167025566,0.8993315100669861,0.0939184576272964,0.8526889681816101
72,72,train,18355,0.0459149703383445,0.9317866563796996,0.1046492978930473,0.8777515292167664,0.0701114535331726,0.93113112449646,0.0628576576709747,0.9096811413764954,0.0585184916853904,0.9274857640266418,0.0400036983191967,0.9340744614601136,0.0593893229961395,0.929167628288269,0.0471221022307872,0.933159351348877,0.0470864549279212,0.9347613453865052,0.0886942222714424,0.9013225436210632,0.041027907282114,0.9328901767730712,0.059763204306364,0.9277362823486328
73,73,train,17960,0.5161685347557068,0.4966173470020294,0.6390571594238281,0.3943301141262054,0.8919873237609863,0.1827537268400192,0.6413500308990479,0.3985782265663147,0.7513927221298218,0.34516441822052,0.121039755642414,0.7665484547615051,0.2547699511051178,0.6836073994636536,0.2018105238676071,0.703207790851593,0.2469655573368072,0.673496425151825,0.896213173866272,0.1765058636665344,0.1223614141345024,0.7731817364692688,0.4225167036056518,0.5340474247932434
74,74,train,18086,0.0753206387162208,0.8788318037986755,0.3067345917224884,0.6420221328735352,0.0709102973341941,0.8981624245643616,0.1170036196708679,0.8215312361717224,0.1271879523992538,0.8289215564727783,0.048260997980833,0.9102271795272828,0.0677579492330551,0.9005181193351746,0.0526977367699146,0.9076688289642334,0.0563147254288196,0.904550313949585,0.2012468576431274,0.7626129388809204,0.0466214418411254,0.9102892875671388,0.0823412761092186,0.8851500749588013
75,75,test,17159,0.1008648723363876,0.8609963059425354,0.3477789759635925,0.6822834014892578,0.285299003124237,0.6895542144775391,0.1689358800649643,0.7857922911643982,0.1569154858589172,0.8242489099502563,0.067283809185028,0.8868149518966675,0.1044948548078537,0.8632377982139587,0.084988385438919,0.8794277310371399,0.0822943598031997,0.8812892436981201,0.3736490607261657,0.6180394291877747,0.0687138214707374,0.893416166305542,0.1156698390841484,0.8508641123771667
76,76,train,18692,0.0682029426097869,0.8750131726264954,0.2046038210391998,0.7425628900527954,0.0553469508886337,0.8850013017654419,0.111060045659542,0.8068076372146606,0.1166960373520851,0.8382105827331543,0.0391999892890453,0.9053056836128236,0.0579398907721042,0.902831256389618,0.0443892180919647,0.9062688946723938,0.047550369054079,0.9030106663703918,0.1505980938673019,0.7911286950111389,0.0421949960291385,0.903757870197296,0.0686847642064094,0.8883404731750488
77,77,train,18194,0.097725823521614,0.8088379502296448,0.354852020740509,0.6055419445037842,0.1183957532048225,0.8170927166938782,0.1344234347343444,0.7431273460388184,0.1689354479312896,0.753203272819519,0.0482982695102691,0.8789596557617188,0.0794415101408958,0.8499526977539062,0.0625610575079917,0.8608328700065613,0.065824344754219,0.8610510230064392,0.2049271315336227,0.7279879450798035,0.048623438924551,0.87346351146698,0.0959552749991417,0.8359533548355103
78,78,train,17454,0.2454254031181335,0.6391859650611877,0.5465396642684937,0.4462068378925323,0.6405041813850403,0.4195290207862854,0.2877531945705414,0.6081855893135071,0.4254495799541473,0.5070035457611084,0.1104418709874153,0.8099449276924133,0.1908595710992813,0.755331814289093,0.1368682831525802,0.7803533673286438,0.1554700136184692,0.7568504810333252,0.5796064734458923,0.4170289933681488,0.1088294759392738,0.8097723722457886,0.2208032310009002,0.6964111328125
79,79,test,17357,0.3183592557907104,0.7636414766311646,0.5619510412216187,0.5123127102851868,0.8425348401069641,0.2850583791732788,0.4464459121227264,0.6376875042915344,0.4666541814804077,0.6886551380157471,0.0980193763971328,0.8948864936828613,0.201529324054718,0.8638700246810913,0.1761751621961593,0.8653406500816345,0.1621470004320144,0.8675747513771057,0.8738221526145935,0.2236266583204269,0.095323272049427,0.9013490080833436,0.2603063285350799,0.8184775114059448
80,80,train,18139,0.4632896184921264,0.6303181052207947,0.6303043961524963,0.4367014169692993,0.8082298040390015,0.2736443877220154,0.6569275259971619,0.4130900502204895,0.7303679585456848,0.425822764635086,0.107237696647644,0.8515549898147583,0.2589815855026245,0.7752440571784973,0.2650280296802521,0.7540199756622314,0.2702205181121826,0.7682867646217346,0.8978496193885803,0.1839869767427444,0.0998105779290199,0.8583970665931702,0.408478170633316,0.6548911333084106
81,81,train,18357,0.1242102086544036,0.7600064873695374,0.4647818505764007,0.5345439314842224,0.155523732304573,0.7922143340110779,0.2040011882781982,0.687370240688324,0.263387531042099,0.6594175696372986,0.0758948251605033,0.8397040963172913,0.1113117411732673,0.810535192489624,0.0851774141192436,0.818044900894165,0.0897689759731292,0.8043989539146423,0.2491877973079681,0.6851107478141785,0.0761971175670623,0.829690158367157,0.1217632591724395,0.7596458196640015
82,82,test,17161,0.3087000846862793,0.6775016188621521,0.5381140112876892,0.4761971533298492,0.7256924510002136,0.321114182472229,0.4056695103645324,0.559266984462738,0.4803550839424133,0.5863800048828125,0.0879543647170066,0.8131539821624756,0.1869746744632721,0.7653014063835144,0.1661017835140228,0.7695993185043335,0.167681872844696,0.7807385325431824,0.8487640023231506,0.2094102203845977,0.0866190493106842,0.8102700710296631,0.2586975693702698,0.706135094165802
83,83,train,18338,0.0668811202049255,0.8792296648025513,0.2128688246011734,0.7470487952232361,0.1021854802966117,0.8342944383621216,0.107619009912014,0.8197195529937744,0.1000525578856468,0.8582778573036194,0.0472715273499488,0.8923915028572083,0.0711356922984123,0.8782684206962585,0.0557265691459178,0.8868764042854309,0.0551767088472843,0.8899721503257751,0.1427982598543167,0.8048837780952454,0.0486759729683399,0.8867927193641663,0.0787162482738494,0.8799217343330383
84,84,train,18261,0.908327579498291,0.1590690463781356,0.6850758790969849,0.3697664737701416,0.9382214546203612,0.1150457113981247,0.8302777409553528,0.2166729867458343,0.9187231063842772,0.1542150378227234,0.4826326370239258,0.4279881119728088,0.7482187151908875,0.2687937319278717,0.7984004020690918,0.2210118621587753,0.832885205745697,0.2348598539829254,0.9244921803474426,0.14300437271595,0.4969043433666229,0.4110662043094635,0.8897647857666016,0.1658197790384292
85,85,train,17017,0.0565328486263752,0.9340744614601136,0.2048019766807556,0.8013626337051392,0.0655664429068565,0.9172656536102296,0.0803812965750694,0.8991109728813171,0.0829259827733039,0.9204221963882446,0.0401406772434711,0.938401222229004,0.058208055794239,0.9332873821258544,0.0465580150485038,0.9353622198104858,0.0498576611280441,0.9379997849464417,0.1214778870344162,0.8850387334823608,0.0420483835041523,0.9366424083709716,0.0664328709244728,0.928504765033722
86,86,test,18552,0.666969895362854,0.3150092959403991,0.5833097100257874,0.4562708139419555,0.8816881775856018,0.1809878796339035,0.5825893878936768,0.3651451468467712,0.7188294529914856,0.3035449683666229,0.2678118050098419,0.5388157963752747,0.4885563254356384,0.3916075527667999,0.4775886237621307,0.3696978390216827,0.4947057068347931,0.3975507318973541,0.8231173753738403,0.2306060791015625,0.2699579894542694,0.5277153849601746,0.5965550541877747,0.3177059590816498
87,87,train,17773,0.280674934387207,0.755958080291748,0.6498517990112305,0.4107406139373779,0.889538049697876,0.1922011226415634,0.5930073857307434,0.4775455296039581,0.5953363180160522,0.5598686933517456,0.0719394013285636,0.8814656734466553,0.1414812058210373,0.8549906015396118,0.118812471628189,0.8564029932022095,0.137717917561531,0.8484728336334229,0.896704912185669,0.1767097860574722,0.070255622267723,0.8860582113265991,0.2353280782699585,0.7727376818656921
88,88,train,17288,0.5388109683990479,0.5592790246009827,0.6468116641044617,0.4076975584030151,0.9100252985954284,0.1668471992015838,0.7045757174491882,0.3583067059516907,0.7338660955429077,0.4156218767166137,0.1077463328838348,0.8376253247261047,0.2174865156412124,0.7643468976020813,0.2397689074277877,0.7525714635848999,0.2302993535995483,0.7711746692657471,0.9153408408164978,0.1527283042669296,0.1000672429800033,0.8395578265190125,0.3572005033493042,0.6786500811576843
89,89,test,17420,0.0931212902069091,0.8167740702629089,0.2007338106632232,0.6836217641830444,0.1143951341509819,0.804665744304657,0.1379711329936981,0.7501185536384583,0.1477802544832229,0.7709038257598877,0.057120569050312,0.8687916994094849,0.0882415547966957,0.8549367785453796,0.0676574781537056,0.8620255589485168,0.0733320191502571,0.8547579050064087,0.2026281654834747,0.6778707504272461,0.0569474659860134,0.868993878364563,0.1010758653283119,0.8228826522827148
90,90,train,18249,0.1466079950332641,0.8080205321311951,0.4771904945373535,0.5837068557739258,0.3081257045269012,0.694054126739502,0.2191716730594635,0.7300463914871216,0.2659245729446411,0.7502383589744568,0.0723113492131233,0.8701884746551514,0.1418098509311676,0.8251403570175171,0.1093204692006111,0.8471227884292603,0.116445243358612,0.8520805835723877,0.6041017174720764,0.512089192867279,0.0731135010719299,0.8695341348648071,0.1699389070272445,0.8060851097106934
91,91,train,18504,0.092887207865715,0.8563244938850403,0.3865830898284912,0.6232333183288574,0.5054652690887451,0.5119304060935974,0.188744232058525,0.7400640249252319,0.1948710680007934,0.7874807715415955,0.0494253933429718,0.9020609855651855,0.0830871760845184,0.8800957798957825,0.060355894267559,0.8916928768157959,0.0611548386514186,0.8910583853721619,0.6298649311065674,0.4135042130947113,0.0498065091669559,0.9021329879760742,0.0941329076886177,0.860061764717102
92,92,train,17752,0.0664160624146461,0.8896722793579102,0.1903401911258697,0.7706552147865295,0.1233845874667167,0.8536877632141113,0.1103907749056816,0.8428838849067688,0.100155584514141,0.8562132716178894,0.0551009029150009,0.9095888137817384,0.0858833864331245,0.8881531357765198,0.0626200884580612,0.9054948091506958,0.0617393553256988,0.9091315865516664,0.2187277525663375,0.7635422348976135,0.0567932240664958,0.9106740951538086,0.0890923887491226,0.8912863731384277
93,93,train,17328,0.2637414634227752,0.6369301676750183,0.6191567182540894,0.4538621008396148,0.6107475757598877,0.4647654891014099,0.4316953718662262,0.536393940448761,0.5594896078109741,0.4491893649101257,0.1299971044063568,0.765877366065979,0.1675524413585662,0.7486662864685059,0.1447219848632812,0.7502613663673401,0.1578119397163391,0.7286621332168579,0.6693300008773804,0.3986702859401703,0.1441088765859604,0.745120644569397,0.1922718584537506,0.6960538029670715
94,94,train,18724,0.0976175665855407,0.8677096366882324,0.3388787806034088,0.7076704502105713,0.340047150850296,0.7002728581428528,0.1719033569097519,0.796818196773529,0.1926986426115036,0.8109521865844727,0.0539625063538551,0.8996042609214783,0.085129790008068,0.8828451037406921,0.0615073330700397,0.8965370059013367,0.0627791360020637,0.89409339427948,0.3700149953365326,0.6492955088615417,0.0557738430798053,0.8979036211967468,0.0927004143595695,0.8702057003974915
95,95,train,17010,0.1396359652280807,0.8020601272583008,0.4005365073680877,0.6116810441017151,0.489480197429657,0.5865118503570557,0.2517040073871612,0.7217541933059692,0.2841196358203888,0.6906720399856567,0.0655616745352745,0.8636063933372498,0.1104527860879898,0.8270819783210754,0.0854334682226181,0.8389495611190796,0.0888685435056686,0.8408499956130981,0.5147181153297424,0.5682653784751892,0.0631042793393135,0.8622027039527893,0.1465401202440261,0.7902341485023499
96,96,train,16972,0.1226212233304977,0.8407611846923828,0.3447811305522918,0.6943526864051819,0.2621079981327057,0.7768728733062744,0.1618817448616027,0.8194476962089539,0.1961396187543869,0.8063328266143799,0.0812395364046096,0.8759943842887878,0.1339563727378845,0.8393580317497253,0.0962009504437446,0.8579920530319214,0.1063140928745269,0.8548269271850586,0.3279652893543243,0.6882089376449585,0.0844926834106445,0.8729983568191528,0.1450780779123306,0.8294962048530579
97,97,train,18237,0.2062940001487732,0.6429017782211304,0.584540843963623,0.4308748543262481,0.58568274974823,0.4442557692527771,0.2867212295532226,0.579674243927002,0.4158498644828796,0.4895641803741455,0.0767332091927528,0.7989760637283325,0.1212359443306922,0.7672041058540344,0.0951242819428443,0.7760209441184998,0.1001123189926147,0.7586408257484436,0.6056010127067566,0.386809378862381,0.0840810164809227,0.7840927243232727,0.1338903754949569,0.7126140594482422
98,98,train,17564,0.3976029455661773,0.6883030533790588,0.540233314037323,0.5289843082427979,0.853007435798645,0.2482018768787384,0.5162011981010437,0.5457008481025696,0.5937041640281677,0.572282612323761,0.0722207948565483,0.8923637270927429,0.161482349038124,0.847479522228241,0.1433904618024826,0.8501855134963989,0.1918223202228546,0.8389614820480347,0.9040758609771729,0.184260681271553,0.0695220902562141,0.8988267183303833,0.3585395514965057,0.7253458499908447
99,99,train,18657,0.8319712281227112,0.3000814914703369,0.6537109017372131,0.3876252174377441,0.9260101318359376,0.1337100863456726,0.7709428668022156,0.2704319953918457,0.8487421870231628,0.2674153447151184,0.2481239736080169,0.6970553398132324,0.5751577019691467,0.5468974113464355,0.5979856252670288,0.5102931261062622,0.7093414664268494,0.4473171830177307,0.9214959740638732,0.1432148665189743,0.2330895066261291,0.7422010898590088,0.755153238773346,0.3615747392177582
100,100,train,17902,0.0572120547294616,0.910438060760498,0.2540023922920227,0.7406015992164612,0.109877660870552,0.8786726593971252,0.092112511396408,0.8694681525230408,0.0965975224971771,0.877065122127533,0.0431091263890266,0.9275091290473938,0.0601050145924091,0.9177426099777222,0.0483958981931209,0.9253162145614624,0.0518128238618373,0.9240423440933228,0.2067173421382904,0.7769163846969604,0.0428105182945728,0.9270570278167723,0.0740683451294899,0.905485212802887
101,101,train,18042,0.934559166431427,0.1379157155752182,0.6741616129875183,0.362465351819992,0.9441370964050292,0.1115767434239387,0.8489951491355896,0.204065129160881,0.92257559299469,0.1576248705387115,0.7302647233009338,0.2666088342666626,0.9101771712303162,0.1520286351442337,0.9144965410232544,0.1375603526830673,0.9270181655883788,0.1396418213844299,0.9272937178611756,0.1297253221273422,0.7671995759010315,0.2621684372425079,0.9367631077766418,0.1186927333474159
102,102,test,16974,0.0633107125759124,0.9208216667175292,0.1372972875833511,0.854960024356842,0.0807831138372421,0.916755199432373,0.0785566717386245,0.9054607152938844,0.0841445326805114,0.91405588388443,0.0459077656269073,0.9305710792541504,0.0623328611254692,0.9272953867912292,0.0509035997092723,0.9294486045837402,0.05255763605237,0.929613709449768,0.1179853081703186,0.8813749551773071,0.0459688827395439,0.9328242540359496,0.0687403604388237,0.9223983883857728
103,103,test,17173,0.0819030255079269,0.8586315512657166,0.4474068284034729,0.5801706910133362,0.0885186046361923,0.8495177626609802,0.1371411681175232,0.7835160493850708,0.1604344099760055,0.8012823462486267,0.0597976930439472,0.9016604423522948,0.0879497751593589,0.8904688954353333,0.0701150596141815,0.8938128352165222,0.0699095129966735,0.8945028185844421,0.2106280177831649,0.731165885925293,0.059219017624855,0.902799665927887,0.0925208628177642,0.8775949478149414
104,104,train,17721,0.0685677230358123,0.8786851763725281,0.2119956761598587,0.7718583941459656,0.0846916660666465,0.8766528964042664,0.1044349521398544,0.8436368107795715,0.1082117557525634,0.8569462299346924,0.0526707582175731,0.8953750729560852,0.0762787535786628,0.874154806137085,0.0572795532643795,0.8878102898597717,0.0589495003223419,0.8920807242393494,0.1423460990190506,0.8111807703971863,0.054892174899578,0.8928446173667908,0.083537682890892,0.8755818009376526
105,105,test,17195,0.0924798846244812,0.8341906666755676,0.5743750929832458,0.4366408288478851,0.1181373745203018,0.8124610781669617,0.1924955695867538,0.7023784518241882,0.2610811293125152,0.6747955083847046,0.0407137535512447,0.8855589628219604,0.0704800486564636,0.8657439947128296,0.0510324388742446,0.8728546500205994,0.06198700517416,0.8736354112625122,0.5781382322311401,0.4259840250015259,0.040384005755186,0.8867195248603821,0.0918890610337257,0.8384711742401123
106,106,train,18698,0.9284356236457824,0.1450400203466415,0.6919661164283752,0.3607906103134155,0.944396674633026,0.1127694025635719,0.8400986194610596,0.208359494805336,0.9226277470588684,0.1607809960842132,0.6951109170913696,0.317651093006134,0.8950628042221069,0.167104497551918,0.9021002054214478,0.1560432463884353,0.9119288325309752,0.1653121560811996,0.9289326071739196,0.1361184567213058,0.7246586084365845,0.3273885846138,0.9270020127296448,0.1345640569925308
107,107,train,18623,0.2130412012338638,0.7362687587738037,0.6098580956459045,0.4419655203819275,0.8534370064735413,0.2450612187385559,0.4747663140296936,0.5180647373199463,0.4659916460514068,0.5770272016525269,0.0702905431389808,0.8450536727905273,0.1232993751764297,0.8066918849945068,0.1063972562551498,0.8095213174819946,0.1098400428891182,0.8116274476051331,0.8916128873825073,0.1895094364881515,0.0715629011392593,0.8405700325965881,0.1724186092615127,0.7660148739814758
108,108,train,18437,0.1394514143466949,0.7486770153045654,0.2939402163028717,0.5723872780799866,0.2001363933086395,0.7083784937858582,0.1827962547540664,0.6773747205734253,0.2008818238973617,0.704073429107666,0.078165128827095,0.8291212916374207,0.1376925408840179,0.7888269424438477,0.1057826355099678,0.8018287420272827,0.106350228190422,0.8057395219802856,0.443253606557846,0.4760345220565796,0.0818679258227348,0.8214299082756042,0.142188161611557,0.7710112929344177
109,109,train,18159,0.0429181344807148,0.931743323802948,0.1012182980775833,0.870527982711792,0.0661478266119957,0.9204453825950624,0.0605617724359035,0.9018959403038024,0.0564978495240211,0.9136865139007568,0.0371121130883693,0.9371474981307985,0.0517770610749721,0.9325250387191772,0.0410668589174747,0.9375227689743042,0.0387452505528926,0.9396836161613464,0.0761407315731048,0.8949293494224548,0.0369218401610851,0.9349361658096312,0.0544261485338211,0.9333425164222716
110,110,train,17334,0.2229861766099929,0.7406532764434814,0.3426677584648132,0.6433548927307129,0.7280024290084839,0.3185938000679016,0.2897589206695556,0.6667585968971252,0.3149581253528595,0.7059170603752136,0.0729719325900077,0.8109907507896423,0.15574711561203,0.7632872462272644,0.1230799853801727,0.7736732363700867,0.1299632936716079,0.7935751080513,0.7034785747528076,0.3412181138992309,0.0695888549089431,0.8131909370422363,0.2114783972501754,0.730341911315918
111,111,train,17037,0.0433937609195709,0.928174376487732,0.1275310516357422,0.8267349004745483,0.0451744198799133,0.9155519008636476,0.0666180029511451,0.8876718282699585,0.0628139749169349,0.9130182266235352,0.0294768828898668,0.933404266834259,0.04052210226655,0.930577278137207,0.0323087498545646,0.9313263297080994,0.0355246067047119,0.935318112373352,0.0987829267978668,0.8566786646842957,0.0311083458364009,0.932232141494751,0.048248890787363,0.9288254380226136
112,112,train,17860,0.0731453895568847,0.9205214381217957,0.1288187652826309,0.8534034490585327,0.0833884552121162,0.9021170735359192,0.1006823256611824,0.875249445438385,0.0980890914797782,0.9119469523429872,0.04725256934762,0.9254721403121948,0.0692454352974891,0.9199561476707458,0.056864246726036,0.924254596233368,0.0555895417928695,0.9274246692657472,0.1725932210683822,0.8235887289047241,0.0500696152448654,0.92280375957489,0.0726177394390106,0.9197301864624025
113,113,train,18228,0.0502064041793346,0.8978109955787659,0.1932418197393417,0.7832165360450745,0.108481265604496,0.8191713094711304,0.0606694892048835,0.8783549070358276,0.0703226774930954,0.8829047679901123,0.0331012606620788,0.9187219738960266,0.0503927767276763,0.9031312465667723,0.0388978421688079,0.9071809649467468,0.0424288548529148,0.9094030261039734,0.177610769867897,0.787171483039856,0.0334245674312114,0.9111889004707336,0.058009922504425,0.8976036906242371
114,114,train,17841,0.3366973996162414,0.4550911486148834,0.3757566511631012,0.5203058123588562,0.5675544738769531,0.3702668845653534,0.3434203565120697,0.4560495316982269,0.4468677341938019,0.4427818357944488,0.1791791915893554,0.5984614491462708,0.3401919603347778,0.484065443277359,0.306294709444046,0.4629153311252594,0.3020916879177093,0.4884138107299804,0.6594168543815613,0.3190745711326599,0.1975108832120895,0.5560318231582642,0.3818987011909485,0.4118507802486419
115,115,test,17656,0.1902705430984497,0.8676376342773438,0.3876094222068786,0.6846786737442017,0.4443000853061676,0.6454208493232727,0.2506950795650482,0.7670055627822876,0.2813911437988281,0.821519672870636,0.0745132938027381,0.9065940976142884,0.1350023746490478,0.8912140130996704,0.1049102246761322,0.902460515499115,0.1195821985602378,0.8974512815475464,0.4764936566352844,0.6158689260482788,0.0744166150689125,0.9113917350769044,0.178706556558609,0.866787314414978
116,116,train,18662,0.1065157279372215,0.835736095905304,0.531417727470398,0.4752433598041534,0.6783825159072876,0.380576878786087,0.2413990944623947,0.6626209020614624,0.2479727268218994,0.7271264791488647,0.057722121477127,0.878271222114563,0.0914114862680435,0.855126678943634,0.0744531378149986,0.8664597272872925,0.0732389986515045,0.86695796251297,0.8564117550849915,0.207546129822731,0.0595268383622169,0.8760790824890137,0.1151198968291282,0.8365786075592041
117,117,train,17458,0.0451981388032436,0.9088035821914672,0.0840873122215271,0.8798307180404663,0.0548543483018875,0.8947717547416687,0.0564550086855888,0.8935298323631287,0.0568772479891777,0.907530665397644,0.037823524326086,0.9136244058609008,0.0494131743907928,0.9041367769241332,0.0397433787584304,0.9084468483924866,0.0410349853336811,0.911340832710266,0.0890676826238632,0.859443724155426,0.0402940511703491,0.9128011465072632,0.0524496138095855,0.9008095860481262
118,118,train,18576,0.9237319827079772,0.1469082981348037,0.6586822271347046,0.3761228024959564,0.9411800503730774,0.1160662472248077,0.8201457858085632,0.2301450073719024,0.9210817217826844,0.1602934300899505,0.5579692721366882,0.4130503833293915,0.8557288646697998,0.2070527225732803,0.8752626180648804,0.1832271367311477,0.8948102593421936,0.1827840805053711,0.9235963225364684,0.1375872045755386,0.5790270566940308,0.4155220091342926,0.9176896810531616,0.1492922008037567
119,119,train,17678,0.0588608831167221,0.8635784983634949,0.2874134182929992,0.7183788418769836,0.1091929897665977,0.8352706432342529,0.1279709190130233,0.7921890616416931,0.1278590112924575,0.8077136874198914,0.0377479009330272,0.8937832713127136,0.0707488358020782,0.8706194162368774,0.0453002229332923,0.8859970569610596,0.0469889864325523,0.8858815431594849,0.184925228357315,0.7719412446022034,0.0387953221797943,0.8970418572425842,0.0745104849338531,0.8536749482154846
120,120,train,17840,0.3843133151531219,0.5294716954231262,0.6035358905792236,0.4222228229045868,0.3783373832702636,0.6320645809173584,0.3693937361240387,0.5437793731689453,0.5447941422462463,0.4200347363948822,0.1402280926704406,0.7783181667327881,0.2167523205280304,0.7105205059051514,0.1715785413980484,0.7443301677703857,0.1879938393831253,0.7274953126907349,0.4687237441539764,0.5010923147201538,0.1537588536739349,0.764312207698822,0.2610244750976562,0.6271901726722717
121,121,test,17297,0.1614642292261123,0.7795507311820984,0.4756607711315155,0.5417568683624268,0.7638757824897766,0.3175185322761535,0.2543345987796783,0.6582991480827332,0.3000554740428924,0.6736060976982117,0.0751529037952423,0.873873770236969,0.1328937113285064,0.8312711119651794,0.1123650223016738,0.8393992185592651,0.1076391115784645,0.8429738283157349,0.6974548101425171,0.365968108177185,0.0764704272150993,0.875638484954834,0.1738249510526657,0.7794017195701599
122,122,train,18472,0.0992720276117324,0.845059335231781,0.3480070829391479,0.6413935422897339,0.1501583456993103,0.8342693448066711,0.142965093255043,0.8048009276390076,0.2043130546808242,0.7511793375015259,0.0618819929659366,0.8754127025604248,0.0779220685362815,0.8718324303627014,0.0706038922071456,0.8720409274101257,0.0708452314138412,0.8720651865005493,0.1665623635053634,0.7939668893814087,0.0702952593564987,0.8685070872306824,0.0782314240932464,0.8574120998382568
123,123,train,17921,0.0913851559162139,0.8636184334754944,0.499671071767807,0.5268791317939758,0.1759317815303802,0.7917454242706299,0.1734919548034668,0.7623730301856995,0.210856020450592,0.7688871026039124,0.0598113015294075,0.8952786922454834,0.0979675948619842,0.8746564388275146,0.0690809115767479,0.8847354054450989,0.074579156935215,0.8795332312583923,0.5330328941345215,0.5037190914154053,0.0598322786390781,0.8974094986915588,0.1119999960064888,0.8486829400062561
124,124,train,18511,0.4646898508071899,0.6224064230918884,0.5108627676963806,0.5373761653900146,0.7933976054191589,0.3156403005123138,0.4770378172397613,0.5365788340568542,0.5364301204681396,0.6010428071022034,0.1366720497608184,0.8017539978027344,0.3417071402072906,0.7292577624320984,0.2890665829181671,0.7349510788917542,0.3049549460411072,0.7331610918045044,0.7996002435684204,0.2842310070991516,0.1409060806035995,0.7980417609214783,0.4131733179092407,0.6543958783149719
125,125,train,17353,0.2577668130397796,0.734757661819458,0.6382940411567688,0.4183278083801269,0.8685217499732971,0.2210883796215057,0.5189912915229797,0.4870377779006958,0.5449339747428894,0.5256050825119019,0.0870250836014747,0.855484664440155,0.1654414981603622,0.8061434626579285,0.1289033740758896,0.8192901611328125,0.1408286243677139,0.8222222924232483,0.8738502860069275,0.2069494873285293,0.0851405188441276,0.8537237048149109,0.2221681177616119,0.7566971778869629
126,126,train,18292,0.0556585267186164,0.8909360766410828,0.3191055953502655,0.670255720615387,0.0882121175527572,0.8730475306510925,0.0970004573464393,0.8104681372642517,0.1129572913050651,0.8231037855148315,0.0379904508590698,0.9079949855804444,0.0617780722677707,0.8971677422523499,0.0441157110035419,0.903614342212677,0.0461266748607158,0.9061439037322998,0.1214350908994674,0.8311556577682495,0.036768864840269,0.911343514919281,0.0710779950022697,0.8787594437599182
127,127,train,18001,0.1614298075437545,0.7566431760787964,0.3819594085216522,0.6031224727630615,0.4586218297481537,0.5124041438102722,0.2481675744056701,0.6622466444969177,0.2751062512397766,0.7085232734680176,0.0807656645774841,0.847365140914917,0.1563813835382461,0.8066495656967163,0.1240900754928588,0.81320720911026,0.1248207464814186,0.8158859610557556,0.6984246373176575,0.348518818616867,0.0788342505693435,0.8480190634727478,0.1852451115846634,0.7750739455223083
128,128,train,17276,0.1469243615865707,0.7794339060783386,0.3935200870037079,0.6297551393508911,0.2732161283493042,0.708549976348877,0.2133669108152389,0.7140156030654907,0.2693156003952026,0.6948786377906799,0.0760165080428123,0.867867112159729,0.1194299682974815,0.8322454690933228,0.0904539301991462,0.8505260944366455,0.0965622439980506,0.8402418494224548,0.3176900148391723,0.6591885685920715,0.0754000172019004,0.867351233959198,0.1331237405538559,0.8089439272880554
129,129,train,17444,0.5382286310195923,0.5642362236976624,0.6319474577903748,0.4513733685016632,0.8573570847511292,0.2430841028690338,0.5610091090202332,0.5060566663742065,0.6085824370384216,0.5493666529655457,0.1731916218996048,0.7715895771980286,0.3135941326618194,0.7174301743507385,0.3050752580165863,0.7039730548858643,0.3191258609294891,0.6986069679260254,0.8954043388366699,0.207581877708435,0.1720670163631439,0.7680881023406982,0.4706418216228485,0.6117234826087952
130,130,train,18331,0.1519802957773208,0.8090162873268127,0.5195825099945068,0.5006343126296997,0.7429936528205872,0.318051129579544,0.29597008228302,0.6493834257125854,0.2870484590530395,0.7276611924171448,0.0712188482284545,0.867195188999176,0.1135429888963699,0.8435465097427368,0.092761106789112,0.849300742149353,0.0953919142484664,0.853230893611908,0.8474373817443848,0.2123441845178604,0.0728194266557693,0.8611193299293518,0.135891780257225,0.8265771269798279
131,131,train,17378,0.9004290699958801,0.1991481781005859,0.6681635975837708,0.3749305605888366,0.9423620104789734,0.1160646900534629,0.8300966620445251,0.2351055741310119,0.9042503237724304,0.197855144739151,0.4087760150432586,0.529895007610321,0.7935618162155151,0.3028751313686371,0.8231208920478821,0.2719395756721496,0.8475202322006226,0.2605839073657989,0.9255708456039428,0.1393856555223465,0.4043523371219635,0.5559415817260742,0.8904451131820679,0.2040686011314392
132,132,train,18400,0.9327791333198548,0.137881726026535,0.6705338954925537,0.3673069477081299,0.9331785440444946,0.1273773908615112,0.8285079598426819,0.2171752154827118,0.9262142181396484,0.1509137898683548,0.5744601488113403,0.4045908451080322,0.8594657778739929,0.2007414996623993,0.8801795244216919,0.1829888075590133,0.8886680603027344,0.1979638040065765,0.9247658252716064,0.1392748653888702,0.6021087765693665,0.4092455506324768,0.919861376285553,0.1488100886344909
133,133,train,18072,0.0491017363965511,0.9076903462409972,0.1274067610502243,0.8292041420936584,0.0657702088356018,0.8980463743209839,0.07456074655056,0.8728361129760742,0.0616397820413112,0.893680989742279,0.0393061861395835,0.9106282591819764,0.054555207490921,0.9035313129425048,0.0424151569604873,0.909748673439026,0.0431069433689117,0.9109861254692078,0.1031535267829895,0.8533868193626404,0.0408730097115039,0.9107460975646972,0.0523156523704528,0.904731273651123
134,134,train,17445,0.0927878022193908,0.8890278339385986,0.1693411767482757,0.8441280126571655,0.1634356081485748,0.8482624292373657,0.1004553064703941,0.8859712481498718,0.1150634735822677,0.8908764719963074,0.0659439489245414,0.90534645318985,0.1003237888216972,0.8870269060134888,0.0811492353677749,0.8961372375488281,0.0875782966613769,0.8956422805786133,0.2225535064935684,0.7676903009414673,0.0661265924572944,0.8999301791191101,0.11310725659132,0.8808999061584473
135,135,train,17198,0.0464646853506565,0.9118174910545348,0.1137999668717384,0.8421838283538818,0.0732370242476463,0.8944520950317383,0.0701666846871376,0.8825405836105347,0.0661866441369056,0.9005465507507324,0.0345407724380493,0.9198912382125854,0.0507382526993751,0.914686381816864,0.0397799760103225,0.9199487566947936,0.0395363681018352,0.9205262064933776,0.1111891791224479,0.8644917607307434,0.036442544311285,0.9207940697669984,0.0504016168415546,0.9113031029701232
136,136,train,17305,0.0721924379467964,0.900582492351532,0.1514330059289932,0.831932783126831,0.1473018229007721,0.8585146069526672,0.0875375717878341,0.8820485472679138,0.0883902907371521,0.896198034286499,0.0467506647109985,0.91826993227005,0.0777045264840126,0.9068666100502014,0.0579546689987182,0.9143210649490356,0.058147519826889,0.9134864211082458,0.1696887165307998,0.8240702748298645,0.0496034175157547,0.9195153713226318,0.0839532539248466,0.9010221362113952
137,137,train,18033,0.0498130433261394,0.8710899949073792,0.1525938063859939,0.7421998977661133,0.0727323666214943,0.8710525631904602,0.0668284147977829,0.839126706123352,0.0795771405100822,0.8369807600975037,0.0425851270556449,0.8873798251152039,0.0600219704210758,0.8748073577880859,0.0445939935743808,0.8834183812141418,0.04555020108819,0.8814154267311096,0.1240393444895744,0.7739638090133667,0.0422120913863182,0.8864505887031555,0.0585704632103443,0.8793888688087463
138,138,train,18145,0.4335672855377197,0.4356126189231872,0.4936654269695282,0.4187553226947784,0.3797835111618042,0.5121384859085083,0.4215207099914551,0.4483104348182678,0.4597953855991363,0.4183284342288971,0.3290089964866638,0.521984875202179,0.3572193086147308,0.4957883954048157,0.3551998138427734,0.5066211819648743,0.3685820996761322,0.4809622168540954,0.4809949100017547,0.4159617722034454,0.3770412802696228,0.486565887928009,0.3668322265148163,0.4789789915084839
139,139,test,18531,0.2897097170352936,0.705428957939148,0.509443461894989,0.5277099609375,0.3061054348945617,0.688058614730835,0.3899847865104675,0.5919556617736816,0.4781744182109833,0.5835622549057007,0.097552441060543,0.8476556539535522,0.178995594382286,0.7832712531089783,0.1360560059547424,0.8175387382507324,0.1597355753183365,0.8006883263587952,0.7628450989723206,0.3111928105354309,0.0934325158596038,0.8531755208969116,0.2697503864765167,0.7183013558387756
140,140,train,18289,0.2110673636198043,0.6905275583267212,0.6175460815429688,0.428940862417221,0.812775731086731,0.2752217054367065,0.3989612460136413,0.5495631098747253,0.5058832168579102,0.484389454126358,0.0722865387797355,0.8413879871368408,0.1455927342176437,0.7998576760292053,0.0973261594772338,0.82300865650177,0.1172675266861915,0.8041475415229797,0.8201637864112854,0.2474046200513839,0.0710408389568328,0.8539523482322693,0.1976348906755447,0.7175037860870361
141,141,test,17216,0.1003262177109718,0.8469123840332031,0.5225398540496826,0.5366695523262024,0.0952209010720253,0.8483266830444336,0.1887427121400833,0.7374929785728455,0.2423431128263473,0.7336588501930237,0.0502493977546691,0.8982135057449341,0.0811235681176185,0.8701379895210266,0.0603887364268302,0.8807426691055298,0.0665110349655151,0.878486156463623,0.4300497770309448,0.5973882675170898,0.0490038320422172,0.891311526298523,0.1048670411109924,0.8446189165115356
142,142,train,18608,0.0542690977454185,0.8840199708938599,0.3327200412750244,0.6414291858673096,0.1493243426084518,0.805088460445404,0.1012369096279144,0.8169471025466919,0.1036029756069183,0.8284233808517456,0.038558579981327,0.9011533856391908,0.0584506541490554,0.8907445073127747,0.043016567826271,0.8943502902984619,0.0444005504250526,0.8944170475006104,0.3650594055652618,0.5898484587669373,0.0399809591472148,0.9010028839111328,0.0684496611356735,0.874461829662323
143,143,train,18170,0.0573767907917499,0.9049797058105468,0.212563082575798,0.7775310277938843,0.0693293958902359,0.9081878662109376,0.0836774185299873,0.8710260391235352,0.0949822217226028,0.8786866664886475,0.0380537994205951,0.9214396476745604,0.0534351803362369,0.9101541638374328,0.0415523089468479,0.919234037399292,0.0443729534745216,0.9177063703536988,0.1074404716491699,0.8583579659461975,0.0379621088504791,0.9179345369338988,0.0602770522236824,0.9053736329078674
144,144,train,18523,0.1869500130414962,0.7503979802131653,0.3943940997123718,0.6143437027931213,0.3097991645336151,0.643261730670929,0.2534130811691284,0.6868318915367126,0.2905823886394501,0.696155846118927,0.1040134504437446,0.8257005214691162,0.1901314705610275,0.7732833027839661,0.1436386853456497,0.7972097992897034,0.1422284096479416,0.7970896363258362,0.4372234344482422,0.562391996383667,0.0973072201013565,0.8294833302497864,0.2016690820455551,0.7498526573181152
145,145,train,17547,0.2473938167095184,0.7539510726928711,0.6187636852264404,0.4212440252304077,0.5350297093391418,0.4770935475826263,0.4362621903419494,0.5770718455314636,0.4715110659599304,0.608168363571167,0.0973620042204856,0.8528763055801392,0.1749939769506454,0.8191559910774231,0.1377843022346496,0.8272669911384583,0.1719352900981903,0.8213769793510437,0.8629999160766602,0.2144577652215957,0.0970301553606987,0.8530290722846985,0.2451715171337127,0.7666703462600708
146,146,train,17578,0.0857943817973136,0.8102946877479553,0.234811320900917,0.6887449026107788,0.1866143941879272,0.7085921168327332,0.1128446534276008,0.7827371954917908,0.1281154006719589,0.7879329323768616,0.0642236247658729,0.8388345241546631,0.1060347631573677,0.7981266379356384,0.0769601911306381,0.8210504055023193,0.0808427855372428,0.8240177631378174,0.2556912302970886,0.6541197299957275,0.0635592341423034,0.8336083889007568,0.1105517596006393,0.7842007279396057
147,147,test,17494,0.3825723826885223,0.6571006774902344,0.5495088696479797,0.4595923721790313,0.7798805832862854,0.3093750476837158,0.5115748047828674,0.4977861046791076,0.5990065932273865,0.5430581569671631,0.113013707101345,0.8240041136741638,0.2541578412055969,0.7624176144599915,0.2121070027351379,0.7738465666770935,0.2295663803815841,0.7711542248725891,0.8393141031265259,0.2252593785524368,0.1240781769156456,0.8154057264328003,0.3105742633342743,0.7072094678878784
148,148,train,18375,0.1416816413402557,0.8237175941467285,0.6070249676704407,0.4804163873195648,0.1989637166261673,0.7605084180831909,0.2895352840423584,0.6853607296943665,0.370036780834198,0.6595269441604614,0.0539494641125202,0.9001373052597046,0.0851084738969802,0.878689706325531,0.0657815858721733,0.8843838572502136,0.0782851502299308,0.88458651304245,0.601588785648346,0.4986666440963745,0.0523255728185176,0.8998799324035645,0.1192927360534668,0.844721794128418
149,149,train,17282,0.062603510916233,0.8766881227493286,0.1502014249563217,0.8281879425048828,0.1312589794397354,0.8316904902458191,0.0947135090827941,0.8489618301391602,0.1032306849956512,0.8689868450164795,0.044041309505701,0.8942610025405884,0.0633890703320503,0.8744410872459412,0.0491050891578197,0.8782253861427307,0.0529762357473373,0.8848873376846313,0.2256608456373214,0.7372540831565857,0.0443629957735538,0.8799633383750916,0.0740367323160171,0.8647920489311218
150,150,train,18728,0.9446284770965576,0.1258508116006851,0.6707927584648132,0.3631875514984131,0.9452589750289916,0.1088797971606254,0.8486429452896118,0.2027017176151275,0.9316906332969666,0.1449599266052246,0.7325813174247742,0.2891026735305786,0.9135061502456664,0.15755495429039,0.9187503457069396,0.1447449475526809,0.9311005473136902,0.1449491381645202,0.9280350208282472,0.129831850528717,0.7603291869163513,0.294839084148407,0.9418416619300842,0.1206496357917785
151,151,test,16975,0.0706362798810005,0.8828817009925842,0.2787936925888061,0.6583583354949951,0.1024264693260192,0.8589302897453308,0.096770703792572,0.8475468754768372,0.1269892305135727,0.8253387808799744,0.0546363219618797,0.9000157713890076,0.0732264444231987,0.887677013874054,0.0559273175895214,0.8991122245788574,0.0588387921452522,0.8967905044555664,0.2089389860630035,0.740833044052124,0.0525917932391166,0.9018495678901672,0.0752508640289306,0.8844990730285645
152,152,train,17796,0.3234729766845703,0.5745139718055725,0.6034231781959534,0.4258448183536529,0.7213886380195618,0.3103480041027069,0.4298714101314544,0.4672186374664306,0.5327428579330444,0.4199476540088653,0.1342881619930267,0.704299807548523,0.2186840176582336,0.6377082467079163,0.1902386099100113,0.6440228819847107,0.2009585499763488,0.6498274803161621,0.7778915166854858,0.2337131649255752,0.1264052093029022,0.702445924282074,0.3045978248119354,0.5650857090950012
153,153,train,17572,0.3070077896118164,0.75944983959198,0.4052443504333496,0.666401743888855,0.6833191514015198,0.3641291558742523,0.3284026980400085,0.6895286440849304,0.407886266708374,0.7163441777229309,0.0963999480009079,0.8655412197113037,0.1880513578653335,0.8144665360450745,0.1537087708711624,0.818246066570282,0.1711969524621963,0.8326851725578308,0.8238389492034912,0.3237406313419342,0.0989309847354888,0.8683894276618958,0.295848935842514,0.7541350722312927
154,154,train,18586,0.4034475088119507,0.4958836138248443,0.6502631306648254,0.3936795890331268,0.7274560928344727,0.2973943054676056,0.509967565536499,0.4219122529029846,0.6354060769081116,0.360436350107193,0.1229503899812698,0.7129080295562744,0.2403790652751922,0.6175839304924011,0.2276001125574112,0.6091066598892212,0.231805220246315,0.614811360836029,0.8577505350112915,0.1913653910160064,0.1194549202919006,0.7157222628593445,0.4024899303913116,0.4793474972248077
155,155,train,17109,0.3752850890159607,0.5918146967887878,0.6026628017425537,0.4489154815673828,0.7057598829269409,0.3962961733341217,0.3894870281219482,0.5861590504646301,0.6044507026672363,0.4459584951400757,0.1096008867025375,0.8169879913330078,0.1949450820684433,0.7657560706138611,0.1361837089061737,0.7923440933227539,0.1618379205465316,0.7717129588127136,0.7024165391921997,0.3514028191566467,0.1078326851129531,0.817859947681427,0.2347333580255508,0.6922831535339355
156,156,train,17906,0.110508993268013,0.8583464026451111,0.2930392920970917,0.6888427138328552,0.2371168285608291,0.7196211218833923,0.1713327914476394,0.7884834408760071,0.1635605692863464,0.8360726833343506,0.0761366337537765,0.8837065100669861,0.1263190954923629,0.8677650094032288,0.1066448837518692,0.871556282043457,0.0958758816123008,0.8792043924331665,0.5488278269767761,0.4889151155948639,0.0732829794287681,0.8780990242958069,0.1385554373264312,0.8590441346168518
157,157,train,17484,0.9449709057807922,0.118977665901184,0.6736373901367188,0.3613806366920471,0.9453845620155334,0.1074051335453987,0.8545980453491211,0.1980031132698059,0.932263731956482,0.1403342336416244,0.7559147477149963,0.2544629573822021,0.9159935712814332,0.1397509127855301,0.9227929711341858,0.1265725642442703,0.9339332580566406,0.129956766963005,0.9281454086303712,0.1283985823392868,0.7952749729156494,0.2489034831523895,0.94270259141922,0.1126347854733467
158,158,train,17822,0.6924818754196167,0.45706906914711,0.6623145937919617,0.4076090157032013,0.8940110802650452,0.2186564952135086,0.6921237707138062,0.4279233813285827,0.7625423073768616,0.4190931618213653,0.1818301081657409,0.7619454264640808,0.3517501950263977,0.6721678972244263,0.3590852618217468,0.6732797622680664,0.4020895957946777,0.6596978306770325,0.906740665435791,0.1912414729595184,0.1748022884130478,0.7663218975067139,0.5750757455825806,0.5353634357452393
159,159,train,18740,0.0769852623343467,0.8115636706352234,0.2234158366918563,0.6964612007141113,0.1020102798938751,0.8181734681129456,0.1032584682106971,0.7562297582626343,0.1354544907808303,0.7699151039123535,0.0603240616619586,0.8635173439979553,0.092562198638916,0.8160226941108704,0.0650793984532356,0.8392673134803772,0.0685178637504577,0.8346058130264282,0.2776781022548675,0.6257644295692444,0.0543915703892707,0.8533545732498169,0.0973905250430107,0.7971446514129639
160,160,test,17462,0.0866467431187629,0.8467550873756409,0.574445903301239,0.4597029387950897,0.161008596420288,0.7800491452217102,0.1857822239398956,0.732699453830719,0.1966526806354522,0.7431715130805969,0.0491435751318931,0.8914706707000732,0.0798240527510643,0.8691971898078918,0.0578760281205177,0.8814796209335327,0.0643971487879753,0.8778639435768127,0.6460832357406616,0.3849005699157715,0.0499533675611019,0.895659863948822,0.0976147800683975,0.8345238566398621
161,161,train,17512,0.1138755157589912,0.7902213335037231,0.3084554970264435,0.6612743735313416,0.3570688962936401,0.6454271078109741,0.1881474107503891,0.7252721786499023,0.1996880769729614,0.758202314376831,0.0684535503387451,0.8467568159103394,0.1155484914779663,0.8107940554618835,0.0893986299633979,0.816214382648468,0.0911930277943611,0.8171617984771729,0.5404742956161499,0.4462091028690338,0.0671034380793571,0.8387442231178284,0.1370891034603119,0.7880805134773254
162,162,train,18129,0.0823083519935607,0.8947227001190186,0.2056489884853363,0.7969776391983032,0.1643341034650802,0.8311768770217896,0.1118871420621872,0.8642525672912598,0.1196592599153518,0.8849552869796753,0.0481407046318054,0.9226903319358826,0.0825280398130416,0.9124959111213684,0.0649372637271881,0.917977809906006,0.0649880990386009,0.9191779494285583,0.2065569907426834,0.8229575753211975,0.0479035750031471,0.9232852458953856,0.087541826069355,0.9005239009857178
163,163,train,17681,0.9427905678749084,0.1196867674589157,0.6744734048843384,0.3645048439502716,0.9452081322669984,0.109507106244564,0.8486630916595459,0.2009667158126831,0.9278734922409058,0.1449100077152252,0.7335228323936462,0.2620294392108917,0.9117154479026794,0.1352800726890564,0.9227420091629028,0.1230455562472343,0.9316805005073548,0.1310057491064071,0.9275525212287904,0.1312919408082962,0.7747082710266113,0.2552497386932373,0.9418841004371644,0.1107212901115417
164,164,train,17491,0.3396861553192138,0.7044681310653687,0.462220549583435,0.5895819067955017,0.7920193672180176,0.2787728011608124,0.4124770164489746,0.6334800720214844,0.4636200666427612,0.651649534702301,0.1423152089118957,0.794431209564209,0.2701047956943512,0.7234312295913696,0.2718687057495117,0.7309131026268005,0.2711232602596283,0.7459652423858643,0.733531653881073,0.365094929933548,0.1418029516935348,0.8018597960472107,0.339712381362915,0.6827859282493591
165,165,test,18148,0.1613699793815612,0.8404499292373657,0.2824435532093048,0.7354317307472229,0.2680476605892181,0.7415731549263,0.2227868437767028,0.7605838179588318,0.2397427409887313,0.8029322028160095,0.0728672593832016,0.8897455930709839,0.1328206211328506,0.8656983971595764,0.0985501185059547,0.8742820024490356,0.1101791560649871,0.8759347200393677,0.3446685969829559,0.7138418555259705,0.075346402823925,0.8880434632301331,0.173044815659523,0.8303079009056091
166,166,train,18187,0.0767586529254913,0.8992973566055298,0.1434882879257202,0.8206327557563782,0.1001463904976844,0.88496994972229,0.10564536601305,0.8576824069023132,0.10043715685606,0.8803680539131165,0.0602084062993526,0.9147268533706664,0.0876079425215721,0.9036646485328674,0.0671673119068145,0.9106432795524596,0.0650015398859977,0.9125340580940248,0.1603656411170959,0.8364822864532471,0.0666505396366119,0.9083329439163208,0.0887832716107368,0.9043481945991516
167,167,test,18536,0.1297518610954284,0.7042917609214783,0.4978218078613281,0.4897018373012543,0.6593816876411438,0.346257597208023,0.1851137727499008,0.6075131893157959,0.2230075001716613,0.5989039540290833,0.0699571967124939,0.8049075603485107,0.1238629296422004,0.7355762124061584,0.094908557832241,0.7641466856002808,0.0982358679175376,0.7621078491210938,0.5688483119010925,0.3950488269329071,0.0729104876518249,0.8077439069747925,0.1524440795183181,0.6802560687065125
168,168,train,17253,0.0413777008652687,0.9360438585281372,0.096574954688549,0.8603015542030334,0.0652796998620033,0.9100072383880616,0.052007183432579,0.9096593260765076,0.0564824379980564,0.9302668571472168,0.0310565065592527,0.9444329142570496,0.0466384217143058,0.9415972232818604,0.0350293070077896,0.947508692741394,0.0353535488247871,0.9433541297912598,0.0791672095656395,0.8974543213844299,0.0315185599029064,0.943626880645752,0.0484391786158084,0.935471534729004
169,169,train,17440,0.0474177747964859,0.92012757062912,0.2879109382629394,0.7106786966323853,0.0702572017908096,0.9024809002876282,0.0895104482769966,0.8627365827560425,0.0928336903452873,0.8812872171401978,0.0376248620450496,0.9214937090873718,0.0568506047129631,0.9161113500595092,0.0436744391918182,0.9202917218208312,0.0426743067800998,0.9236043691635132,0.1212860792875289,0.8582819104194641,0.0390437468886375,0.9254446625709534,0.0632375553250312,0.9104872941970824
170,170,train,17624,0.0744491666555404,0.8895272016525269,0.1788370758295059,0.8125686049461365,0.1715932637453079,0.8293578624725342,0.1190437078475952,0.849966287612915,0.1261332780122757,0.8719832301139832,0.0523846186697483,0.9042450189590454,0.0844036638736724,0.885478138923645,0.0610392540693283,0.8889526724815369,0.0626494064927101,0.8941825032234192,0.2790492475032806,0.7310203909873962,0.0485641174018383,0.9021512866020204,0.0999855995178222,0.8734561204910278
171,171,train,18117,0.0451964326202869,0.9358450174331664,0.1482717245817184,0.8457086086273193,0.0667867735028266,0.9094526171684264,0.0764718800783157,0.8994353413581848,0.0722525268793106,0.9242935180664062,0.0344631299376487,0.9414571523666382,0.0494673028588295,0.9388195276260376,0.0378559306263923,0.9399812817573548,0.0380747430026531,0.9412264227867126,0.1251192837953567,0.8703888058662415,0.0356009006500244,0.9417233467102052,0.0537826530635356,0.9320530295372008
172,172,test,18516,0.0662038698792457,0.8937047719955444,0.1956564933061599,0.7781948447227478,0.2247890383005142,0.7684407234191895,0.0915920808911323,0.8492768406867981,0.0850998982787132,0.8778191804885864,0.0496660508215427,0.9093358516693116,0.0781667158007621,0.8891834020614624,0.0599979497492313,0.903679370880127,0.061976533383131,0.9054827690124512,0.2394673377275467,0.7284001708030701,0.0517501011490821,0.9122779965400696,0.0852218940854072,0.8809627890586853
173,173,train,18061,0.0644296780228614,0.9110321998596193,0.3295818567276001,0.721773624420166,0.2266746759414672,0.7907336950302124,0.1062076464295387,0.8683087825775146,0.1007722318172454,0.8880844116210938,0.0448585674166679,0.924938976764679,0.0637257471680641,0.9176527857780457,0.0493460670113563,0.9229826331138612,0.0515862740576267,0.9235307574272156,0.3157840371131897,0.7059754729270935,0.0482307225465774,0.9263380765914916,0.0700769871473312,0.9082653522491456
174,174,train,17558,0.4990456402301788,0.5776447057723999,0.6371159553527832,0.4241313934326172,0.8837065100669861,0.1825629621744156,0.6389422416687012,0.4442342221736908,0.6906822919845581,0.4893365204334259,0.1428977847099304,0.758190929889679,0.3118939697742462,0.691121518611908,0.3037180304527282,0.6840826869010925,0.3031876683235168,0.6888909935951233,0.8852337002754211,0.1961697787046432,0.1315967738628387,0.7679903507232666,0.4489132165908813,0.6030165553092957
175,175,train,18070,0.6438382267951965,0.4484546184539795,0.6055983901023865,0.4346145689487457,0.8934043645858765,0.1871540695428848,0.623090922832489,0.4055437743663788,0.7032840847969055,0.3955037593841553,0.1617660522460937,0.7394585609436035,0.3448695838451385,0.6343551874160767,0.3768982887268066,0.6128695607185364,0.3912299871444702,0.6133774518966675,0.8984280824661255,0.1935411989688873,0.162902146577835,0.7373273968696594,0.5547727346420288,0.5198309421539307
176,176,train,17280,0.6218017339706421,0.4751836359500885,0.6327373385429382,0.4166457056999206,0.8911179304122925,0.1766912341117859,0.710798442363739,0.3435950577259063,0.7913791537284851,0.3452040255069732,0.108196310698986,0.8097335696220398,0.2155707776546478,0.7402545809745789,0.1963922381401062,0.7364072203636169,0.2618510127067566,0.7203022241592407,0.9172932505607604,0.1500731408596038,0.1012375354766845,0.8262324929237366,0.4406594932079315,0.5746707916259766
177,177,train,17986,0.0598454177379608,0.8935596942901611,0.284637987613678,0.7033787369728088,0.0949589610099792,0.8825357556343079,0.0960900783538818,0.857658863067627,0.0982920974493026,0.8583492636680603,0.0433438085019588,0.9122216701507568,0.0656794756650924,0.9020654559135436,0.0511155351996421,0.9095150232315063,0.052155889570713,0.9112379550933838,0.1129110231995582,0.8447865843772888,0.0442605502903461,0.9080070853233336,0.0711797103285789,0.9003100395202637
178,178,test,18645,0.093436911702156,0.8732317090034485,0.223562553524971,0.7482924461364746,0.1329932510852813,0.8518743515014648,0.1268216222524643,0.825385332107544,0.131365418434143,0.8537609577178955,0.051842451095581,0.905139148235321,0.0884966254234314,0.8874348402023315,0.0712123587727546,0.9001516103744507,0.0699304714798927,0.9001361131668091,0.2396419495344162,0.8021640181541443,0.056874793022871,0.9029638171195984,0.0978680476546287,0.8831121325492859
179,179,train,17218,0.6248141527175903,0.4051486253738403,0.5767815113067627,0.4420493543148041,0.6479728817939758,0.3414765000343323,0.5751432180404663,0.410176157951355,0.6750447154045105,0.371530145406723,0.3135596513748169,0.5853968858718872,0.5248444676399231,0.4519023895263672,0.5037633776664734,0.4614781141281128,0.517195999622345,0.4630004167556762,0.7938893437385559,0.2900131642818451,0.3170180916786194,0.5841002464294434,0.622866690158844,0.3991222679615021
180,180,test,17971,0.0665660202503204,0.9139417409896852,0.2056008428335189,0.8049739599227905,0.0912987366318702,0.874036967754364,0.0988960117101669,0.8772844672203064,0.1046917960047721,0.9005434513092041,0.0387993827462196,0.9266027808189392,0.0592738427221775,0.9201833009719848,0.0444566644728183,0.9238046407699584,0.0507875755429267,0.9227200746536256,0.1844730675220489,0.816992998123169,0.0423834435641765,0.9251537919044496,0.0720065906643867,0.910174548625946
181,181,train,17770,0.1243822425603866,0.8539925813674927,0.2125069946050644,0.7917514443397522,0.2948528230190277,0.7380213737487793,0.1378108263015747,0.8453022837638855,0.168172001838684,0.8519808650016785,0.0653445795178413,0.8937262296676636,0.1194919720292091,0.8708792924880981,0.1005971133708953,0.8828514218330383,0.0918640568852424,0.8804935216903687,0.31865394115448,0.7277737259864807,0.0628402158617973,0.8943156003952026,0.139340341091156,0.8600995540618896
182,182,train,18301,0.1642747968435287,0.7380279302597046,0.4140034914016723,0.5645504593849182,0.1690900921821594,0.748731255531311,0.2280822992324829,0.6834337711334229,0.2800935208797455,0.642590343952179,0.0908171087503433,0.8257941603660583,0.130456194281578,0.8019131422042847,0.0982540696859359,0.8104299306869507,0.1065674126148223,0.809708833694458,0.2264061570167541,0.6885743141174316,0.0926721841096878,0.8178091049194336,0.1386381536722183,0.7822267413139343
183,183,train,17855,0.3211683332920074,0.6868849992752075,0.612758219242096,0.468772143125534,0.6683154106140137,0.4082491993904114,0.440251886844635,0.5614848732948303,0.5134696364402771,0.5723986625671387,0.0927880927920341,0.8433752059936523,0.1875142604112625,0.7927050590515137,0.1490916460752487,0.8064120411872864,0.177094355225563,0.806755542755127,0.8160160779953003,0.3012596368789673,0.0889336392283439,0.8449148535728455,0.2810702621936798,0.7277922630310059
184,184,train,18094,0.0675285086035728,0.9233633279800416,0.1572389751672744,0.8285738825798035,0.0827387347817421,0.9202747344970704,0.1005974113941192,0.8784342408180237,0.0983370095491409,0.909340798854828,0.0535469576716423,0.926715850830078,0.0890293717384338,0.9158011078834534,0.0675313472747802,0.9264360666275024,0.0588432699441909,0.9283856749534608,0.1252470165491104,0.8816861510276794,0.0545820742845535,0.9248153567314148,0.0830384343862533,0.9203272461891174
185,185,train,17525,0.1395724564790725,0.8194971680641174,0.5167553424835205,0.5404636859893799,0.4774328172206878,0.5426223278045654,0.2461999952793121,0.7136791944503784,0.2567630410194397,0.7547831535339355,0.0593571253120899,0.8709637522697449,0.1167984679341316,0.8361160755157471,0.0844625458121299,0.8522920608520508,0.0973016917705535,0.8540103435516357,0.6818933486938477,0.4347737431526184,0.0586002431809902,0.8719469904899597,0.1506637930870056,0.8157099485397339
186,186,test,17702,0.1858262568712234,0.7660853266716003,0.5664198398590088,0.5122286677360535,0.3251101672649383,0.6650258898735046,0.3121930360794067,0.6371890902519226,0.364923894405365,0.6446946263313293,0.0874161347746849,0.8366430401802063,0.1517417877912521,0.8004326820373535,0.1086530685424804,0.8243656754493713,0.1186080425977706,0.8149653673171997,0.6802330017089844,0.4117141366004944,0.0841859877109527,0.8416288495063782,0.1681034862995147,0.7711901068687439
187,187,train,17502,0.2369260340929031,0.7153156399726868,0.5915471911430359,0.4523407816886902,0.3336785733699798,0.6647153496742249,0.4034840166568756,0.5745528340339661,0.4554823637008667,0.5711987018585205,0.0846521630883216,0.8331475853919983,0.1739844977855682,0.7938501834869385,0.1162586957216262,0.8196885585784912,0.1362314969301223,0.7996086478233337,0.7893891334533691,0.2821232676506042,0.0855637714266777,0.8422122001647949,0.2293911129236221,0.733273983001709
188,188,train,18640,0.4868738651275635,0.65742427110672,0.5008243322372437,0.5676787495613098,0.8174282908439636,0.3121464550495147,0.4959533214569092,0.5808975696563721,0.558026134967804,0.6112274527549744,0.1669612377882003,0.8078413605690002,0.3438829481601715,0.7202557325363159,0.3229522109031677,0.7297835946083069,0.3288778960704803,0.7536598443984985,0.8191196918487549,0.3278289139270782,0.1542877852916717,0.8022080659866333,0.4439990818500519,0.6649062037467957
189,189,test,18325,0.0959074199199676,0.8566870093345642,0.3653903901576996,0.6294262409210205,0.2941971123218536,0.6666219234466553,0.2032870799303054,0.7131304740905762,0.1772978901863098,0.8105923533439636,0.0453385636210441,0.903369128704071,0.0709485486149787,0.8843618631362915,0.0562804229557514,0.8853203654289246,0.0582801178097724,0.8922247886657715,0.7886542081832886,0.2716298699378967,0.0458626113831996,0.901524007320404,0.0876148641109466,0.8653146624565125
190,190,train,17108,0.8323513269424438,0.2378371655941009,0.6476680040359497,0.3834604918956756,0.9328519701957704,0.1247381120920181,0.7673489451408386,0.2559061050415039,0.8270906209945679,0.2438583374023437,0.233609452843666,0.6327612996101379,0.5147618651390076,0.4674219191074371,0.5861485004425049,0.4309893548488617,0.6778414845466614,0.3835882842540741,0.9177462458610536,0.1434657722711563,0.2078727632761001,0.6663668155670166,0.706947922706604,0.3416019976139068
191,191,test,18365,0.0709695965051651,0.9095621705055236,0.1950586885213852,0.8093807101249695,0.1517397910356521,0.8614766001701355,0.0981224179267883,0.8827069997787476,0.1058923825621604,0.8944251537322998,0.0491635911166667,0.9169752597808838,0.0764306858181953,0.9098820090293884,0.061436727643013,0.908375322818756,0.0621657259762287,0.9151397347450256,0.236054465174675,0.7940271496772766,0.0510714128613472,0.916372537612915,0.0883270874619484,0.9017698168754578
192,192,train,17591,0.2101657092571258,0.7778671383857727,0.4141672849655151,0.6241557002067566,0.6812323331832886,0.4516375660896301,0.2825137674808502,0.6932728886604309,0.3701565861701965,0.7172775268554688,0.106262020766735,0.8527264595031738,0.1845551282167434,0.8149473071098328,0.1584919095039367,0.812385618686676,0.1501219570636749,0.8255951404571533,0.7415039539337158,0.3714427053928375,0.1032827571034431,0.8396223187446594,0.2017595320940017,0.7980271577835083
193,193,train,17722,0.2058589905500412,0.7188969850540161,0.6090822815895081,0.4523456990718841,0.4995558559894562,0.5368518829345703,0.3256641030311584,0.6021823883056641,0.4318098723888397,0.5600121021270752,0.0981472507119178,0.8105959892272949,0.1606395691633224,0.7706043720245361,0.1309011280536651,0.7833780646324158,0.1367605775594711,0.7766311764717102,0.597693145275116,0.4632034599781036,0.0913766026496887,0.8158643841743469,0.1921328753232956,0.7324018478393555
194,194,test,17998,0.1185560822486877,0.8248007297515869,0.3321107923984527,0.6860064268112183,0.191465750336647,0.7563035488128662,0.2056619077920913,0.7417513728141785,0.2241868674755096,0.7798668146133423,0.0642745867371559,0.853086531162262,0.1115209311246872,0.8306339383125305,0.0823964402079582,0.8402247428894043,0.0803712829947471,0.8437609672546387,0.2862631678581238,0.7108243107795715,0.0641456767916679,0.8538005948066711,0.1049024984240531,0.812308132648468
195,195,train,18509,0.0725146308541297,0.9132333397865297,0.1583227664232254,0.804995596408844,0.073181115090847,0.9019179344177246,0.0982537940144538,0.8608524799346924,0.1078060269355773,0.8911302089691162,0.0436420962214469,0.926921010017395,0.0789789035916328,0.9113808274269104,0.0596250966191291,0.9211633205413818,0.0546635538339614,0.9271117448806764,0.1358511447906494,0.8539448976516724,0.047200109809637,0.9234578609466552,0.0753820389509201,0.9129851460456848
196,196,train,17802,0.138602465391159,0.8554494380950928,0.3061789274215698,0.7026507258415222,0.2474367618560791,0.7672141790390015,0.2090696990489959,0.754689633846283,0.2080703377723693,0.8063797950744629,0.0667448714375495,0.9070196747779846,0.1252775192260742,0.8833790421485901,0.0939859822392463,0.8945263028144836,0.0925004929304122,0.8933890461921692,0.3357414007186889,0.6893556714057922,0.0717861726880073,0.9035022258758544,0.1394381374120712,0.860936164855957
197,197,train,17240,0.6765241622924805,0.4447287917137146,0.6169688105583191,0.430757999420166,0.9012117385864258,0.1697677075862884,0.6836570501327515,0.3649795353412628,0.7575501799583435,0.3773531913757324,0.1741643846035003,0.7650954723358154,0.4267481863498688,0.6307558417320251,0.416067898273468,0.6073604226112366,0.4633921384811401,0.5997086763381958,0.9101933836936952,0.1636996567249298,0.1573316156864166,0.7770249843597412,0.5998602509498596,0.4826360940933227
198,198,train,18346,0.3350438475608825,0.7575833201408386,0.559867262840271,0.5217556357383728,0.8603588342666626,0.2386259734630584,0.4664808809757232,0.6163786053657532,0.5130529999732971,0.6262211203575134,0.1277142316102981,0.8314225673675537,0.2398451268672943,0.7758721709251404,0.2078260630369186,0.790907621383667,0.2126182466745376,0.8021986484527588,0.8616137504577637,0.2556004822254181,0.1239402294158935,0.8393187522888184,0.3142697513103485,0.7329282164573669
199,199,train,17764,0.6826157569885254,0.3791220784187317,0.6671026945114136,0.3758605718612671,0.9304394125938416,0.1319799274206161,0.7565488219261169,0.2871414124965668,0.8429692387580872,0.2506977915763855,0.1584734618663787,0.7569652199745178,0.310616135597229,0.6802781820297241,0.2972088456153869,0.6651319265365601,0.3501991033554077,0.6295395493507385,0.9163601398468018,0.1499404460191726,0.149912416934967,0.7594201564788818,0.5264245867729187,0.5195083022117615
200,200,train,17001,0.868660032749176,0.2058144956827163,0.6521037817001343,0.3724115192890167,0.938273310661316,0.1147279664874076,0.805435836315155,0.2237640470266342,0.877831220626831,0.1959634572267532,0.4382575154304504,0.4473256170749664,0.8016514182090759,0.251446932554245,0.8091592192649841,0.2311197072267532,0.8453622460365295,0.2177381962537765,0.923785924911499,0.1364625543355941,0.429794430732727,0.4754384756088257,0.867644190788269,0.1855716854333877
201,201,train,18502,0.0964505076408386,0.8785046339035034,0.1864012777805328,0.7790491580963135,0.1255286186933517,0.8361333608627319,0.1224860325455665,0.8173273205757141,0.1186487600207328,0.8591795563697815,0.0565252266824245,0.8947290182113647,0.0937371253967285,0.8838492631912231,0.0760368779301643,0.887906551361084,0.076454609632492,0.8936000466346741,0.1834810972213745,0.8072828054428101,0.0600025206804275,0.897192120552063,0.1045131012797355,0.8714856505393982
202,202,test,17758,0.2159726619720459,0.6476993560791016,0.4736248254776001,0.5034431219100952,0.4694099724292755,0.4538390636444092,0.2922141849994659,0.5963038802146912,0.3645504117012024,0.5590587854385376,0.0865057930350303,0.783099889755249,0.1634812802076339,0.7271705269813538,0.1214650422334671,0.7384014129638672,0.1323565542697906,0.7340995669364929,0.6722031831741333,0.3372991979122162,0.081830158829689,0.776893138885498,0.2065785527229309,0.6567607522010803
203,203,train,17050,0.2297971248626709,0.7740871906280518,0.5821347832679749,0.5196631550788879,0.4832502603530884,0.5656337141990662,0.4000161290168762,0.6312618851661682,0.4803094267845154,0.6243141293525696,0.0781676620244979,0.8861575722694397,0.144238606095314,0.8497487902641296,0.1082948595285415,0.8669163584709167,0.1267027258872985,0.8554170727729797,0.8182997107505798,0.2816178500652313,0.0754862949252128,0.8949058651924133,0.2204272598028183,0.7809514403343201
204,204,test,17045,0.0918458402156829,0.8509079813957214,0.2152904421091079,0.7645252346992493,0.1602210104465484,0.8079129457473755,0.1532231420278549,0.8015106320381165,0.1432045847177505,0.8261905312538147,0.0659954696893692,0.8812751770019531,0.1050626933574676,0.8550586104393005,0.0824705064296722,0.8723379969596863,0.0775470361113548,0.8717637658119202,0.265859842300415,0.7167243957519531,0.069122776389122,0.8742442727088928,0.1021427661180496,0.8555225133895874
205,205,train,18079,0.0612205564975738,0.8916116952896118,0.1480380892753601,0.8181338906288147,0.0843078047037124,0.8750426769256592,0.0849885493516922,0.849850058555603,0.0831453874707222,0.872471809387207,0.0492661744356155,0.8953942656517029,0.0666156336665153,0.8864900469779968,0.0563190691173076,0.8941694498062134,0.0573349632322788,0.8969254493713379,0.1481028199195861,0.8209812045097351,0.0507443062961101,0.8977065682411194,0.0678421407938003,0.8805700540542603
206,206,test,17426,0.0933180674910545,0.8395882248878479,0.4068034589290619,0.5884050130844116,0.0784672498703002,0.8568906188011169,0.1304236054420471,0.7730023860931396,0.1689043939113617,0.774773120880127,0.0471157953143119,0.8847410678863525,0.0792467147111892,0.8674840331077576,0.0547570176422596,0.8802088499069214,0.0609922185540199,0.8772372007369995,0.1759331822395324,0.7555349469184875,0.046145349740982,0.8830466866493225,0.0824397653341293,0.8662335872650146
207,207,train,18477,0.0760266110301017,0.907731294631958,0.1739771664142608,0.8223362565040588,0.1064210087060928,0.900587797164917,0.1089629679918289,0.8656291961669922,0.1092535853385925,0.8956843614578247,0.0597627386450767,0.9122105836868286,0.0847438350319862,0.9073417782783508,0.0663682222366333,0.9143045544624328,0.0667198523879051,0.9137267470359802,0.1462143361568451,0.8627403378486633,0.0595692656934261,0.911177396774292,0.0852632671594619,0.905656397342682
208,208,train,18631,0.1853739470243454,0.7548254132270813,0.5557305216789246,0.4506983160972595,0.7586175203323364,0.2723318934440613,0.3466629087924957,0.587358295917511,0.3471342027187347,0.633930504322052,0.0837909802794456,0.8515174984931946,0.1500713527202606,0.8129857182502747,0.1185188964009285,0.8264628648757935,0.1264489889144897,0.8314726948738098,0.867795467376709,0.1876393854618072,0.0849024951457977,0.8553606867790222,0.195915400981903,0.7796779274940491
209,209,train,17955,0.0926779583096504,0.8721041083335876,0.2300421446561813,0.7752883434295654,0.1410735845565796,0.8312896490097046,0.1474899500608444,0.8157334327697754,0.1369950026273727,0.8515729308128357,0.0658999234437942,0.8923854827880859,0.0935908555984497,0.8761916756629944,0.0769408643245697,0.8834822177886963,0.0754964128136634,0.8871568441390991,0.2019161880016327,0.7708210945129395,0.0670051723718643,0.8899800777435303,0.1031657829880714,0.865592360496521
210,210,train,17329,0.1476967632770538,0.7863267660140991,0.4847027957439422,0.5193465352058411,0.6014590859413147,0.4250366389751434,0.2628277242183685,0.6473706960678101,0.281404584646225,0.6712539792060852,0.0641216114163398,0.8816916942596436,0.0978094413876533,0.8441582322120667,0.0740536004304885,0.8659142255783081,0.0875661075115203,0.8507970571517944,0.7937413454055786,0.2768857181072235,0.0608700662851333,0.8866345286369324,0.1454712748527526,0.7904443740844727
211,211,test,18116,0.1580420285463333,0.7177817225456238,0.3081401288509369,0.6141086220741272,0.2131770849227905,0.7145583033561707,0.1990983784198761,0.6731091737747192,0.2654414772987366,0.6474822759628296,0.1008101999759674,0.7857652306556702,0.1556896418333053,0.7193673849105835,0.1198861002922058,0.7388836741447449,0.1245668679475784,0.7468369007110596,0.4378975033760071,0.5048757195472717,0.1025709137320518,0.7652627825737,0.1783554553985595,0.6823176145553589
212,212,train,17804,0.079485148191452,0.8774268627166748,0.2857299447059631,0.7126591205596924,0.300260990858078,0.7429607510566711,0.1178825199604034,0.8142446875572205,0.128266766667366,0.8358896970748901,0.050646249204874,0.9108377695083618,0.0775544345378875,0.8921875357627869,0.0552411042153835,0.9041979908943176,0.0614550486207008,0.907109260559082,0.3071197271347046,0.6896480321884155,0.0480839870870113,0.9117724299430848,0.0906732901930809,0.8772223591804504
213,213,train,18212,0.0937238037586212,0.9046971201896667,0.3408713340759277,0.6895984411239624,0.4631937742233276,0.6222411394119263,0.1645297408103943,0.822047770023346,0.1356023401021957,0.880223274230957,0.0474707409739494,0.9318916201591492,0.0735811069607734,0.9198885560035706,0.0583368279039859,0.9223670363426208,0.0675961449742317,0.925156831741333,0.6184899210929871,0.4906031787395477,0.0491677336394786,0.9295690059661864,0.0964080542325973,0.9021396636962892
214,214,train,18304,0.888683021068573,0.1969761401414871,0.6693330407142639,0.3762011229991913,0.9373202919960022,0.1235991045832634,0.8206761479377747,0.2259355187416076,0.8968083262443542,0.1913679391145706,0.387284904718399,0.5262922644615173,0.7391126751899719,0.34280925989151,0.7814681529998779,0.2908748984336853,0.8296738266944885,0.2582820653915405,0.9242957830429076,0.139722391963005,0.3529947102069855,0.5694536566734314,0.8662975430488586,0.2209975719451904
215,215,train,17897,0.0848203971982002,0.8725000619888306,0.4894490242004394,0.5323744416236877,0.3843340575695038,0.651232123374939,0.1533733755350113,0.7839617729187012,0.1805304884910583,0.7970121502876282,0.0532745160162448,0.8984113931655884,0.084493838250637,0.893195390701294,0.0623475462198257,0.8960983753204346,0.0668076872825622,0.8940528035163879,0.3854221701622009,0.621380090713501,0.0519365258514881,0.9062108397483826,0.0978387743234634,0.8705796599388123
216,216,train,17020,0.0850717052817344,0.8226882219314575,0.5225867629051208,0.5149489045143127,0.0748681426048278,0.8655301928520203,0.1694113910198211,0.7065111398696899,0.1915462017059326,0.7067566514015198,0.044728297740221,0.8788697719573975,0.077393814921379,0.8583787083625793,0.0556453466415405,0.8693439364433289,0.060600820928812,0.8650564551353455,0.1639923900365829,0.7655177712440491,0.0441856198012828,0.8840986490249634,0.0950936675071716,0.820365309715271
217,217,train,17713,0.9071022868156432,0.1574059128761291,0.6691058278083801,0.3666321337223053,0.93838632106781,0.118601456284523,0.837452232837677,0.1989430338144302,0.8983714580535889,0.1727169752120971,0.4904437661170959,0.394288957118988,0.8048692345619202,0.229377806186676,0.8350631594657898,0.2102497369050979,0.8775184750556946,0.1905390322208404,0.925697922706604,0.1301027685403823,0.4469791948795318,0.4333744943141937,0.8899315595626831,0.1618383377790451
218,218,train,18069,0.1137192249298095,0.8425678610801697,0.5305678248405457,0.5212474465370178,0.6732214689254761,0.4068586230278015,0.2413302659988403,0.747008740901947,0.2445619851350784,0.7798619866371155,0.0502318106591701,0.8992194533348083,0.0852992162108421,0.877518355846405,0.0668179616332054,0.880675196647644,0.0776406377553939,0.8777291774749756,0.8213834166526794,0.2508016526699066,0.0510033443570137,0.8985209465026855,0.1147877722978591,0.846863329410553
219,219,train,17046,0.1431369483470916,0.8525859713554382,0.3003539144992828,0.7175183892250061,0.1800236999988556,0.7795547246932983,0.17339888215065,0.7808146476745605,0.1942795515060424,0.7917149662971497,0.079132542014122,0.8642597794532776,0.1274163573980331,0.8293389081954956,0.1120312288403511,0.8396843671798706,0.1115908324718475,0.8574575185775757,0.403178870677948,0.5921149849891663,0.0864689871668815,0.8528265953063965,0.1409592479467392,0.8380653262138367
220,220,train,18290,0.922743320465088,0.1574497520923614,0.6683712601661682,0.3687026798725128,0.9421562552452089,0.1157389059662818,0.8323206901550293,0.2153748571872711,0.9190196990966796,0.1688675880432129,0.6211676001548767,0.3827509880065918,0.8725797533988953,0.2136264443397522,0.8777478337287903,0.1990465819835662,0.8983360528945923,0.1992824226617813,0.9244498014450072,0.1388553977012634,0.6535412073135376,0.3918699026107788,0.9212322235107422,0.156950369477272
221,221,train,18688,0.1567430645227432,0.7662668824195862,0.3858731389045715,0.6209521889686584,0.24729585647583,0.6451607942581177,0.253842145204544,0.6838207840919495,0.2424709349870681,0.7088611721992493,0.0748364403843879,0.8481029272079468,0.123317964375019,0.8199176788330078,0.0988607034087181,0.8414186835289001,0.1051832884550094,0.8222332000732422,0.512384295463562,0.5288985967636108,0.068724013864994,0.8524401783943176,0.1457103490829467,0.7839835286140442
222,222,train,17786,0.0753938257694244,0.8861554265022278,0.273365706205368,0.725109875202179,0.1426275223493576,0.8191486597061157,0.119376353919506,0.8323832154273987,0.1226332113146781,0.8600248098373413,0.0580145306885242,0.9078567028045654,0.0794891938567161,0.8908076882362366,0.0627640187740325,0.8995537757873535,0.0650411397218704,0.9029862880706788,0.2726946175098419,0.6996564269065857,0.0597792714834213,0.9037891030311584,0.0886981934309005,0.8886473774909973
223,223,train,17067,0.1576176136732101,0.835086464881897,0.2847752571105957,0.7222015857696533,0.2693033516407013,0.7517781853675842,0.1866137981414795,0.7783396244049072,0.2153231650590896,0.7997614741325378,0.065353900194168,0.8701220154762268,0.1269286274909973,0.8545288443565369,0.1025163531303405,0.8696500658988953,0.1003218665719032,0.862825334072113,0.4213233292102813,0.6370968818664551,0.0689604580402374,0.8676273226737976,0.1332644671201706,0.8519634008407593
224,224,train,17342,0.5286367535591125,0.5695760846138,0.6326901912689209,0.4278807938098907,0.8307269215583801,0.2657321691513061,0.63225919008255,0.4647038877010345,0.6634109020233154,0.4952515363693237,0.1317403316497802,0.7991470098495483,0.2423292845487594,0.7368411421775818,0.228895291686058,0.730258584022522,0.2636043131351471,0.7293839454650879,0.9012433290481568,0.1819526255130767,0.1253380626440048,0.7973201274871826,0.4314902126789093,0.6179412007331848
225,225,train,17639,0.1344809830188751,0.7840524911880493,0.2908345460891723,0.6595689654350281,0.7414548397064209,0.3333600461483001,0.1839355677366256,0.7188453674316406,0.2252369374036789,0.7252122163772583,0.0926937535405159,0.8291552662849426,0.1681874692440033,0.7739065289497375,0.140789046883583,0.7820848822593689,0.1290312111377716,0.8025195002555847,0.4917158782482147,0.5089179277420044,0.0989843010902404,0.8131470680236816,0.1939501613378524,0.7494520545005798
226,226,train,18206,0.1038855835795402,0.8905714750289917,0.2102787643671035,0.8075478076934814,0.1474848240613937,0.8603516817092896,0.1366355419158935,0.8650740385055542,0.1492869853973388,0.8780627846717834,0.0696445256471633,0.9154695868492126,0.1129831671714782,0.8992929458618164,0.0830645635724067,0.9065060019493104,0.0875614434480667,0.9055148363113404,0.2588339745998382,0.7734798192977905,0.0682842284440994,0.9119143486022948,0.1181534305214881,0.8882995843887329
227,227,train,17849,0.0915553495287895,0.8942331671714783,0.1828264445066452,0.8162139654159546,0.2121469527482986,0.7889398336410522,0.1225642934441566,0.8515250086784363,0.1310766190290451,0.8802746534347534,0.0603399686515331,0.9064502716064452,0.0965816676616668,0.8887622952461243,0.075550764799118,0.8960628509521484,0.0761932879686355,0.9049076437950134,0.2422041445970535,0.753795325756073,0.0611340142786502,0.904330849647522,0.1030193641781807,0.8846623301506042
228,228,train,17158,0.8610381484031677,0.2395640909671783,0.6572890281677246,0.3763135969638824,0.9386412501335144,0.1165496781468391,0.8041844964027405,0.2390049248933792,0.8881111145019531,0.2066438049077987,0.3133420646190643,0.6112877130508423,0.6884840726852417,0.4137475788593292,0.7190574407577515,0.3864734768867492,0.744913637638092,0.3870594799518585,0.91916161775589,0.1392904371023178,0.2805291712284088,0.6540428996086121,0.8284648656845093,0.2864697277545929
229,229,test,17733,0.2250086367130279,0.7375422120094299,0.4684630334377289,0.5771294832229614,0.7943173050880432,0.2940633594989776,0.3796532154083252,0.6374433040618896,0.3317936062812805,0.7060094475746155,0.115404687821865,0.8006532788276672,0.2176237553358078,0.7339262962341309,0.1988555043935775,0.727918267250061,0.1773187071084976,0.7567833065986633,0.6737951636314392,0.4126575291156769,0.1128937602043151,0.8039931654930115,0.2334212064743042,0.7114006280899048
230,230,train,17024,0.9465644955635072,0.1193039864301681,0.6756629347801208,0.3590733408927917,0.9441450834274292,0.1101694777607917,0.858573853969574,0.1959607154130935,0.933166205883026,0.1398012787103653,0.7762967348098755,0.2438314110040664,0.9158114790916444,0.1355921030044555,0.9240986704826356,0.1229366958141326,0.9358314871788024,0.1251013278961181,0.9287786483764648,0.1268819123506546,0.8096261620521545,0.2413340061903,0.9427500367164612,0.1101835444569587
231,231,train,16990,0.1400176733732223,0.8086681962013245,0.2319693714380264,0.735733687877655,0.2836094796657562,0.6845031380653381,0.1735460758209228,0.7616432905197144,0.1979785412549972,0.7760631442070007,0.0883124768733978,0.8600577712059021,0.1440034508705139,0.8096075057983398,0.1132860258221626,0.8297448754310608,0.1152977123856544,0.841680109500885,0.3461375832557678,0.6233013868331909,0.0884225293993949,0.8439441919326782,0.1551126688718795,0.8091937303543091
232,232,train,17254,0.0980513170361518,0.8240503668785095,0.3710162341594696,0.5953941941261292,0.37846839427948,0.6354586482048035,0.1446287035942077,0.75654536485672,0.1650845557451248,0.7504753470420837,0.0614224337041378,0.8583319783210754,0.0969038307666778,0.8432682156562805,0.0757269263267517,0.8559445738792419,0.0784793719649314,0.8564615845680237,0.2560815811157226,0.6786710023880005,0.0626424551010131,0.8582431674003601,0.1033158600330352,0.8304425477981567
233,233,test,18471,0.0725818648934364,0.8987489342689514,0.3316895663738251,0.7063896059989929,0.1193651407957077,0.8796193599700928,0.117488794028759,0.8513461947441101,0.1388442069292068,0.857888400554657,0.0419465489685535,0.9276978969573976,0.0693651884794235,0.9090225100517272,0.0485789105296134,0.9205988645553588,0.054506778717041,0.9215931296348572,0.1850089877843856,0.8116773962974548,0.0414056070148944,0.927976131439209,0.0834413170814514,0.901483118534088
234,234,train,18747,0.9277817010879515,0.1493760198354721,0.6681832075119019,0.3699110746383667,0.9432037472724916,0.1118744760751724,0.8408805131912231,0.2141124755144119,0.9163430333137512,0.168976753950119,0.5597715973854065,0.3958872854709625,0.8659510612487793,0.2060506641864776,0.8743857741355896,0.192202091217041,0.8971314430236816,0.1861463487148285,0.9258148074150084,0.1364627927541732,0.5303778052330017,0.4187221825122833,0.9169649481773376,0.1510344743728637
235,235,train,17317,0.6661151647567749,0.3914549052715301,0.6467408537864685,0.4174319803714752,0.7397129535675049,0.3175664246082306,0.679350733757019,0.3336125314235687,0.7493066191673279,0.336846649646759,0.1276536732912063,0.7388576865196228,0.3804943263530731,0.5812885761260986,0.3993079960346222,0.5316848754882812,0.3931148946285248,0.5528531670570374,0.8785603046417236,0.1887556612491607,0.1446024626493454,0.7304738759994507,0.489042580127716,0.4708113074302673
236,236,train,18741,0.0721054747700691,0.8536553978919983,0.5303853750228882,0.4833927452564239,0.2843779027462005,0.711030900478363,0.1542761176824569,0.7474456429481506,0.1726982295513153,0.7422188520431519,0.0445886179804801,0.8951961398124695,0.0669307634234428,0.8833428621292114,0.0501570515334606,0.8906998038291931,0.0542316175997257,0.8913781046867371,0.4889951348304748,0.4995070695877075,0.0464851818978786,0.8979109525680542,0.0811867341399192,0.8616425395011902
237,237,train,17366,0.076829969882965,0.8479734659194946,0.225952610373497,0.717555820941925,0.0775597169995307,0.851491391658783,0.1233979761600494,0.7804452776908875,0.1359142810106277,0.8068618774414062,0.0469413287937641,0.8901755213737488,0.0793770104646682,0.873725950717926,0.056980475783348,0.8861911296844482,0.0565686412155628,0.8891035318374634,0.1846489608287811,0.7434034943580627,0.0456437356770038,0.8932601809501648,0.0790675431489944,0.8576100468635559
238,238,test,18405,0.0425788015127182,0.9098940491676332,0.2010019272565841,0.7694393396377563,0.0643110573291778,0.9033411145210266,0.0725301578640937,0.8747144937515259,0.0664263069629669,0.8899515867233276,0.0336904190480709,0.9165613651275636,0.0460965521633625,0.9119654893875122,0.0375842750072479,0.916798770427704,0.0377578102052211,0.9169739484786988,0.1361077576875686,0.8147419095039368,0.0351134091615676,0.9157329201698304,0.048891007900238,0.9105553030967712
239,239,train,17983,0.0544551983475685,0.8968701958656311,0.1702763736248016,0.7843647599220276,0.0604285821318626,0.8996661901473999,0.0947557091712951,0.8358412384986877,0.0930390134453773,0.871590793132782,0.0407007560133934,0.9038280248641968,0.0573535971343517,0.8955454230308533,0.0481898933649063,0.90248441696167,0.0491601563990116,0.9021791815757751,0.1315936893224716,0.8230348229408264,0.0415443554520607,0.9070323705673218,0.0667945519089698,0.8909047842025757
240,240,train,18078,0.4928650259971618,0.6055347323417664,0.6066036820411682,0.4289964139461517,0.86599200963974,0.1981066018342971,0.5503031611442566,0.4770068526268005,0.6659222841262817,0.4635799527168274,0.1259151101112365,0.798956036567688,0.286045640707016,0.7275116443634033,0.3031089007854461,0.7087664604187012,0.3078704476356506,0.7275683283805847,0.8776517510414124,0.192133218050003,0.1240656375885009,0.8056698441505432,0.4162593781948089,0.6443650722503662
241,241,test,18749,0.0432740747928619,0.9328297972679138,0.143625259399414,0.8110010623931885,0.065506562590599,0.9240260720252992,0.0646900907158851,0.900036096572876,0.0686585307121276,0.9107770323753356,0.0418290570378303,0.9337448477745056,0.0554952919483184,0.9283557534217834,0.0414694659411907,0.9370216131210328,0.0414657220244407,0.9364324808120728,0.0843806937336921,0.8882648348808289,0.0391424372792243,0.9341639280319214,0.0567161329090595,0.9246664047241212
242,242,train,18522,0.0451187342405319,0.9002026915550232,0.1345242708921432,0.8139246106147766,0.0605722703039646,0.901266872882843,0.0703957229852676,0.8628877997398376,0.068454161286354,0.8818920254707336,0.0373465120792388,0.9084060192108154,0.0513559021055698,0.9016507863998412,0.0407440438866615,0.9054061770439148,0.0396877899765968,0.9094161987304688,0.1081948950886726,0.8405925631523132,0.0368261523544788,0.9077220559120178,0.0526552870869636,0.9021991491317748
243,243,train,18647,0.2994840443134308,0.7143450975418091,0.608211100101471,0.4795660674571991,0.799559473991394,0.3387203216552734,0.428585946559906,0.6070721745491028,0.5698627233505249,0.5336116552352905,0.0807602629065513,0.8508822917938232,0.1479019373655319,0.8119601011276245,0.0991571620106697,0.8383569717407227,0.1203622594475746,0.8247432708740234,0.7549519538879395,0.3382579684257507,0.0769454911351203,0.8590496778488159,0.2247406393289566,0.7294291853904724
244,244,train,17747,0.1611754745244979,0.7555743455886841,0.5295494794845581,0.4771383702754974,0.2350138872861862,0.7176352739334106,0.2927743196487427,0.6031366586685181,0.327690839767456,0.6136943101882935,0.0706175044178962,0.8408849835395813,0.1284894794225692,0.8201891183853149,0.0938594043254852,0.8214274048805237,0.1053874865174293,0.8148611783981323,0.7075734734535217,0.3229806125164032,0.0699054673314094,0.8490498065948486,0.1621866524219513,0.7602367997169495
245,245,train,17964,0.070806048810482,0.8864217400550842,0.1853432208299636,0.7801179885864258,0.1138662174344062,0.8508739471435547,0.0947332233190536,0.849349856376648,0.1060162857174873,0.8682366609573364,0.0542406886816024,0.900492787361145,0.0797630473971366,0.8808631896972656,0.0622959546744823,0.8931170105934143,0.0622896663844585,0.8977444171905518,0.1777045428752899,0.7840513586997986,0.0521907769143581,0.8974506855010986,0.088200606405735,0.880215048789978
246,246,train,17368,0.0833463370800018,0.855587363243103,0.2415365576744079,0.7299268245697021,0.1166530176997184,0.8387935161590576,0.126056507229805,0.8079755306243896,0.1392394453287124,0.8292345404624939,0.0501001961529254,0.9095231890678406,0.0834618359804153,0.8923915028572083,0.0635950416326522,0.9001674056053162,0.0684677138924598,0.8969228267669678,0.2179454714059829,0.7529180645942688,0.051174122840166,0.9066228866577148,0.089203767478466,0.8674829006195068
247,247,train,16993,0.0788888037204742,0.872402012348175,0.1733092963695526,0.7684189081192017,0.1148105263710022,0.8212297558784485,0.1111522018909454,0.8221246600151062,0.1106018424034118,0.8637462854385376,0.0494781881570816,0.895986020565033,0.0771834775805473,0.8799962401390076,0.0619302876293659,0.8827492594718933,0.06100445240736,0.8891955018043518,0.2182395309209823,0.7439072728157043,0.0478457994759082,0.8853666186332703,0.0841725468635559,0.8790108561515808
248,248,test,17160,0.0480981133878231,0.8816192746162415,0.2286975532770156,0.704315721988678,0.0652750581502914,0.8850553035736084,0.0921930074691772,0.8166786432266235,0.0956464260816574,0.8284900188446045,0.0390474684536457,0.9093112349510192,0.0539889521896839,0.8968560099601746,0.0415694303810596,0.9060146808624268,0.0424977205693721,0.9068037867546082,0.1248445659875869,0.8028308749198914,0.0389952771365642,0.910128116607666,0.0597147122025489,0.8825687170028687
249,249,test,18538,0.4533871114253998,0.6675469875335693,0.6244969964027405,0.4584493041038513,0.9095506072044371,0.176410362124443,0.5700857043266296,0.533748984336853,0.6715232729911804,0.5231919288635254,0.0964286550879478,0.8605244159698486,0.2353623062372207,0.8015441298484802,0.2245552986860275,0.7990112900733948,0.2374758720397949,0.8017253875732422,0.906578004360199,0.18072010576725,0.0975267142057418,0.8616331815719604,0.4005577862262726,0.7004925608634949
250,250,train,17289,0.0896486341953277,0.82536381483078,0.3175724446773529,0.6282931566238403,0.1383450180292129,0.7973614931106567,0.1464956551790237,0.7664165496826172,0.174381673336029,0.755385160446167,0.0626902282238006,0.8579847812652588,0.0883481279015541,0.8421368598937988,0.0685769543051719,0.85324627161026,0.0712355002760887,0.8454055190086365,0.2901955842971802,0.6610429883003235,0.0604704916477203,0.8579409122467041,0.0940237417817115,0.8268961906433105
251,251,train,17443,0.0848607420921325,0.8847223520278931,0.2571756839752197,0.7188472151756287,0.114444762468338,0.8807200789451599,0.115805797278881,0.8254099488258362,0.1223390698432922,0.8536440134048462,0.0573341362178325,0.9096962809562684,0.0903939232230186,0.8893960118293762,0.0669891685247421,0.9024075269699096,0.0701475515961647,0.904294729232788,0.1734384298324585,0.8281123042106628,0.0538216903805732,0.9127285480499268,0.0974597036838531,0.8793914914131165
252,252,test,17546,0.0799705535173416,0.888507604598999,0.1531302332878112,0.799331784248352,0.0866142213344574,0.8781020641326904,0.0837473720312118,0.858841598033905,0.0956912785768508,0.877871036529541,0.0484733693301677,0.9051632881164552,0.0730380415916442,0.8955539464950562,0.0642191991209983,0.8968982696533203,0.0632477551698684,0.8988797068595886,0.1628316044807434,0.8111593723297119,0.050565630197525,0.902273952960968,0.0788438394665718,0.8918158411979675
253,253,train,18373,0.1573741286993026,0.7822933197021484,0.5648841261863708,0.4539104402065277,0.68710857629776,0.3771783411502838,0.3208745121955871,0.6116365194320679,0.3711696863174438,0.6263428330421448,0.060354296118021,0.8684200048446655,0.1224521920084953,0.8320119976997375,0.0906316414475441,0.8497212529182434,0.1044775247573852,0.8384424448013306,0.8389183282852173,0.231799840927124,0.0619914829730987,0.8712828159332275,0.1639726907014846,0.7819843292236328
254,254,test,18363,0.4552353024482727,0.5642891526222229,0.6303307414054871,0.4530516862869262,0.8668204545974731,0.2260483652353286,0.6030853390693665,0.4379890859127044,0.6801809668540955,0.4172759354114532,0.1151733323931694,0.8024061322212219,0.2420645058155059,0.730476438999176,0.1942376047372818,0.7437418699264526,0.230616956949234,0.7242006063461304,0.890641987323761,0.2013796865940094,0.1042879596352577,0.8127647042274475,0.359044075012207,0.6170428991317749
255,255,train,18059,0.5098597407341003,0.6004660725593567,0.6169005632400513,0.4278025031089782,0.8890876770019531,0.1786543279886245,0.6437169313430786,0.4183709323406219,0.6970597505569458,0.4495127499103546,0.1083088815212249,0.8194605112075806,0.2158103287220001,0.740048885345459,0.204470694065094,0.7496347427368164,0.2307176142930984,0.757407546043396,0.9063639044761658,0.1670337915420532,0.110239490866661,0.8113225102424622,0.4073286950588226,0.6691064238548279
256,256,train,17843,0.10275449603796,0.8620896339416504,0.2722429931163788,0.7209417819976807,0.1545986533164978,0.827380895614624,0.1661312580108642,0.80250483751297,0.1758568882942199,0.8140352368354797,0.0553202703595161,0.8785621523857117,0.0875821858644485,0.8694908022880554,0.0699881911277771,0.8780543208122253,0.0699625834822654,0.8788045048713684,0.2377528399229049,0.766864538192749,0.0589167885482311,0.8809353113174438,0.097403347492218,0.8630114793777466
257,257,test,17076,0.095446228981018,0.8603106737136841,0.2501705586910248,0.7371020913124084,0.0876557976007461,0.88250732421875,0.1307588219642639,0.818905234336853,0.1526975631713867,0.8286758065223694,0.0610869601368904,0.8972168564796448,0.0970336720347404,0.8638623356819153,0.0701880902051925,0.8832821249961853,0.0787164941430091,0.8845400214195251,0.1871280223131179,0.7766972184181213,0.0595421604812145,0.8938945531845093,0.1000353470444679,0.8554526567459106
258,258,train,18121,0.2545183300971985,0.7452389597892761,0.6301177144050598,0.4256611764431,0.8123905062675476,0.2779050469398498,0.4398163259029388,0.5775783658027649,0.5438717603683472,0.5527977347373962,0.079594187438488,0.8700628280639648,0.1578826755285263,0.832963764667511,0.1228003501892089,0.8444351553916931,0.1379254162311554,0.836724579334259,0.8605730533599854,0.2180144935846328,0.0789890140295028,0.8776662945747375,0.2349161803722381,0.7626725435256958
259,259,test,17794,0.8729872703552246,0.1871728003025055,0.6485711932182312,0.3758928477764129,0.9373059272766112,0.1186315640807151,0.8026363253593445,0.2274984866380691,0.8823943138122559,0.1798183917999267,0.3423393964767456,0.5404716730117798,0.6356750130653381,0.3723442554473877,0.6879818439483643,0.3244409263134002,0.7560214400291443,0.2898829877376556,0.9203003644943236,0.1401721835136413,0.3151643276214599,0.5576518774032593,0.8342363834381104,0.2286410480737686
260,260,train,18021,0.1078462675213813,0.8314292430877686,0.5548805594444275,0.5047511458396912,0.1532176882028579,0.8266286849975586,0.1783396601676941,0.7508676648139954,0.2510879635810852,0.716528594493866,0.0507743768393993,0.8948807120323181,0.0875789150595665,0.8731300830841064,0.0608780793845653,0.8937456011772156,0.0694721043109893,0.8838995695114136,0.2681795954704284,0.7182515859603882,0.0499441549181938,0.8985334634780884,0.1030942276120185,0.8510782718658447
261,261,train,17698,0.805105984210968,0.3257999122142792,0.6523141860961914,0.3987058997154236,0.927729070186615,0.1453972905874252,0.7628433108329773,0.3050835728645324,0.8440835475921631,0.2905387878417969,0.2538719773292541,0.7071847915649414,0.5307586193084717,0.5590149164199829,0.5810998678207397,0.5325784683227539,0.6185838580131531,0.5301052331924438,0.917339563369751,0.156739592552185,0.2348488420248031,0.741281270980835,0.6910520195960999,0.4450604617595672
262,262,train,18285,0.1541986614465713,0.7663120627403259,0.5006583333015442,0.5374820232391357,0.4415762424468994,0.5938227772712708,0.2942592203617096,0.6648703813552856,0.3131862580776214,0.6681098341941833,0.0738766267895698,0.8305311799049377,0.1192121505737304,0.8005173206329346,0.0868464857339859,0.8219379186630249,0.1000076383352279,0.8114454746246338,0.5358884930610657,0.4938266575336456,0.0719781890511512,0.8394930958747864,0.1546504497528076,0.7594919204711914
263,263,train,18727,0.0966919884085655,0.8304390907287598,0.2874022722244262,0.6546293497085571,0.1561881452798843,0.7689553499221802,0.1520769596099853,0.7736445665359497,0.1581342369318008,0.7978797554969788,0.0643042847514152,0.8789049386978149,0.1059769690036773,0.8527310490608215,0.0757391452789306,0.8642106652259827,0.0764399915933609,0.8648794889450073,0.3793739676475525,0.5787377953529358,0.0607468411326408,0.8746147155761719,0.1067201346158981,0.8419007062911987
264,264,test,18221,0.2055366784334182,0.7487972378730774,0.3575497567653656,0.6213362216949463,0.3448296785354614,0.6318793892860413,0.2410134822130203,0.680083692073822,0.2463180124759674,0.7066818475723267,0.090215653181076,0.8225116729736328,0.1494917720556259,0.7937948703765869,0.1224504485726356,0.8117713928222656,0.122330792248249,0.8097517490386963,0.3547677397727966,0.6074700355529785,0.0975485444068908,0.8241255879402161,0.1649097800254821,0.7768736481666565
265,265,train,17267,0.3907960057258606,0.6152624487876892,0.6530001163482666,0.4020389914512634,0.8823755979537964,0.2084147483110427,0.6312028765678406,0.4034513831138611,0.6897841691970825,0.4045883119106293,0.0916988179087638,0.8344665765762329,0.1829067170619964,0.7755306363105774,0.1657869666814804,0.7763684391975403,0.1990988254547119,0.7473500370979309,0.9007911682128906,0.1711195111274719,0.0896801650524139,0.8408257961273193,0.3480404317378998,0.631742000579834
266,266,test,17346,0.720403790473938,0.3924166858196258,0.6605485081672668,0.4089565277099609,0.9202479124069214,0.1450379490852356,0.7088294625282288,0.3371713161468506,0.7999867796897888,0.3166968822479248,0.1856148988008499,0.7079118490219116,0.468159019947052,0.5298779606819153,0.4456826746463775,0.536617636680603,0.4925553798675537,0.5229881405830383,0.9065507650375366,0.1660895943641662,0.1802793145179748,0.701356828212738,0.6429123878479004,0.3899942636489868
267,267,train,17779,0.0463713966310024,0.9108806848526,0.1828124970197677,0.7900159358978271,0.0675045400857925,0.914864718914032,0.076600894331932,0.8756194114685059,0.0897255092859268,0.8754765391349792,0.0388390496373176,0.9249244928359984,0.0508296228945255,0.9189724922180176,0.0400576144456863,0.924036741256714,0.040887463837862,0.9252930879592896,0.1172914803028106,0.8383138179779053,0.0386060029268264,0.9229482412338256,0.0534856617450714,0.9187387228012084
268,268,train,18174,0.0854403972625732,0.8270174264907837,0.5416050553321838,0.4803747832775116,0.3127041757106781,0.6315428614616394,0.1712998449802398,0.7258478999137878,0.2147102206945419,0.7110397815704346,0.0460919216275215,0.8775968551635742,0.0803474783897399,0.8559792637825012,0.0507770664989948,0.8737601637840271,0.0600586086511611,0.8698573112487793,0.5665276646614075,0.4573767185211181,0.0428959801793098,0.8819622993469238,0.1001181155443191,0.830339789390564
269,269,train,17526,0.946009397506714,0.123595081269741,0.677788496017456,0.3599176108837127,0.9454874992370604,0.111140176653862,0.8591964244842529,0.1973806768655777,0.9316615462303162,0.1433825343847274,0.7842394709587097,0.2616033256053924,0.9191961288452148,0.1418150812387466,0.9239192008972168,0.1336113214492797,0.9366456866264344,0.1337771713733673,0.9293266534805298,0.1298153400421142,0.8138918876647949,0.2547305226325989,0.9443997144699096,0.114225186407566
270,270,train,17457,0.0796875059604644,0.8709859848022461,0.5449973344802856,0.5041484832763672,0.6391453742980957,0.4579426348209381,0.1705460548400879,0.7442399263381958,0.179391548037529,0.7700165510177612,0.0427889041602611,0.9045332670211792,0.0679347291588783,0.8814131617546082,0.0540216043591499,0.8943650722503662,0.0585248470306396,0.8955196142196655,0.8056755065917969,0.2748817503452301,0.0458468534052372,0.900317370891571,0.08890350908041,0.8627911806106567
271,271,test,17237,0.0757800638675689,0.8668966889381409,0.4457300901412964,0.5985517501831055,0.1715787798166275,0.7781220078468323,0.1585644483566284,0.7807726860046387,0.1704400032758712,0.810065507888794,0.0479382947087287,0.8932746052742004,0.075364239513874,0.8758319616317749,0.0555389486253261,0.8867499828338623,0.0607528015971183,0.8872799277305603,0.4582934081554413,0.5654431581497192,0.0474586598575115,0.8969146013259888,0.0869872793555259,0.859003484249115
272,272,train,16973,0.1110012382268905,0.8034874200820923,0.4125856161117553,0.5919690132141113,0.2322021722793579,0.6603909134864807,0.2374869734048843,0.6612957715988159,0.2254815250635147,0.7289797067642212,0.0479625016450881,0.8750364780426025,0.0860003232955932,0.8443030714988708,0.0655027478933334,0.858808696269989,0.0676562115550041,0.857941746711731,0.7780705094337463,0.277845948934555,0.0476565808057785,0.8777559399604797,0.1091540530323982,0.8132859468460083
273,273,train,18431,0.2082549184560775,0.7391799092292786,0.6132699251174927,0.4423489272594452,0.710116982460022,0.3914350867271423,0.3522978723049164,0.5931608080863953,0.4934965372085571,0.5277020931243896,0.0871829614043235,0.8494044542312622,0.1592267453670501,0.8156772255897522,0.1178778186440467,0.8252107501029968,0.126295194029808,0.8165513277053833,0.7539366483688354,0.3233610987663269,0.0867653116583824,0.8519353866577148,0.1996371001005172,0.7468662261962891
274,274,test,18450,0.0696864947676658,0.8913534283638,0.2347571402788162,0.745948076248169,0.0630391538143158,0.8842190504074097,0.1036520972847938,0.8331030011177063,0.1011898070573806,0.8644701242446899,0.0405660718679428,0.9073495268821716,0.0611313916742801,0.8940279483795166,0.0469401776790618,0.9041739702224731,0.0512971505522728,0.9034271836280824,0.1349697709083557,0.7998320460319519,0.0417600162327289,0.9070240259170532,0.0690157786011695,0.8897806406021118
275,275,train,17315,0.1266214698553085,0.803411066532135,0.3290011882781982,0.6305522322654724,0.1196678057312965,0.8188763856887817,0.1749421507120132,0.740352213382721,0.1997019648551941,0.7593023777008057,0.0640317574143409,0.8775708675384521,0.0967847108840942,0.8495736122131348,0.073328211903572,0.8654916286468506,0.0821043252944946,0.8590308427810669,0.3081970512866974,0.6516672968864441,0.0642222911119461,0.8724794387817383,0.1067227721214294,0.8378250002861023
276,276,train,17314,0.6152646541595459,0.3980919420719147,0.6558399200439453,0.4055732190608978,0.8910267353057861,0.1827293634414672,0.7245848178863525,0.323617935180664,0.8291735649108887,0.2490234822034835,0.1048060059547424,0.7606638669967651,0.2313250303268432,0.6569904685020447,0.1878531575202942,0.6577573418617249,0.2530707716941833,0.6295284628868103,0.8836212754249573,0.1893360763788223,0.0948623344302177,0.7781765460968018,0.5197679400444031,0.4105376303195953
277,277,test,17808,0.1226499676704406,0.8618109822273254,0.2334771007299423,0.7615211009979248,0.1096095442771911,0.8579881191253662,0.1407411396503448,0.8152274489402771,0.1708877384662628,0.8496212363243103,0.0650974214076995,0.9000596404075623,0.1183576136827468,0.873939037322998,0.0850420221686363,0.8898689150810242,0.0891667306423187,0.8879989981651306,0.1815401911735534,0.7799848914146423,0.0695081055164337,0.9000747799873352,0.1278426498174667,0.8634207844734192
278,278,train,18665,0.20736625790596,0.834271252155304,0.2607749700546264,0.7686782479286194,0.410061240196228,0.6792848706245422,0.2444375902414322,0.7891520857810974,0.2597264945507049,0.8172741532325745,0.1042301952838897,0.8635993599891663,0.1951290667057037,0.8447265625,0.1682246774435043,0.8408131003379822,0.1490387916564941,0.8538061380386353,0.4745127260684967,0.6150495409965515,0.1042595878243446,0.8613138794898987,0.209581658244133,0.8196406364440918
279,279,train,17487,0.9204946756362916,0.1649096310138702,0.6711711287498474,0.3774963319301605,0.9361243844032288,0.1177984252572059,0.8412139415740967,0.2203665077686309,0.9158633947372437,0.1680080145597458,0.4917934834957123,0.4365859925746918,0.8141658306121826,0.2501691281795501,0.8308003544807434,0.2275958061218261,0.8640316128730774,0.2223687320947647,0.9271157383918762,0.1390866190195083,0.4786913394927978,0.4472741186618805,0.9049088358879088,0.1667574793100357
280,280,train,18297,0.2528320550918579,0.719509482383728,0.6178796887397766,0.4613844454288482,0.836408257484436,0.2771100103855133,0.3744812607765198,0.6248087286949158,0.4460762143135071,0.6077256798744202,0.0975127667188644,0.8347107768058777,0.2063625901937484,0.7743410468101501,0.1543158441781997,0.7976586222648621,0.1804943531751632,0.7855105996131897,0.8321684002876282,0.2934474945068359,0.0991464257240295,0.8334816098213196,0.2864998579025268,0.708401620388031
281,281,train,17336,0.4139022827148437,0.5243618488311768,0.5996386408805847,0.4311141669750213,0.4710110425949096,0.4346881210803985,0.4675302803516388,0.4837730228900909,0.5456962585449219,0.4569971263408661,0.1651839464902877,0.6968234181404114,0.2992548942565918,0.6348527073860168,0.2146686762571334,0.6776249408721924,0.2588222026824951,0.6263595819473267,0.6365405917167664,0.389644056558609,0.1551868468523025,0.7174142003059387,0.3452620506286621,0.5672881007194519
282,282,train,18643,0.2698471546173095,0.6617393493652344,0.4823493957519531,0.4970969259738922,0.6879892945289612,0.3394506573677063,0.3532166182994842,0.5703344345092773,0.4043607711791992,0.5821077227592468,0.1325690299272537,0.7577845454216003,0.2128596901893615,0.7143588662147522,0.188314601778984,0.7050257921218872,0.1826548278331756,0.7231611609458923,0.7695460915565491,0.2955074608325958,0.1362202316522598,0.7545252442359924,0.2615673840045929,0.661537230014801
283,283,train,17077,0.3131526112556457,0.6786306500434875,0.5844409465789795,0.4610427916049957,0.8680785894393921,0.2095917463302612,0.5027179718017578,0.5022987127304077,0.4980250298976898,0.5695474147796631,0.0626775100827217,0.8708423376083374,0.1382223516702652,0.8279229402542114,0.1354404091835022,0.8227372169494629,0.1474133431911468,0.8202313780784607,0.8800892233848572,0.208978921175003,0.0640729814767837,0.8763920068740845,0.2808279991149902,0.7138535976409912
284,284,train,18525,0.8535273671150208,0.2222238183021545,0.6608564853668213,0.3756984174251556,0.9283760190010072,0.1339439004659652,0.7931966185569763,0.2422188371419906,0.8653119802474976,0.2163540720939636,0.2716132700443268,0.5738006234169006,0.6210008263587952,0.3964035212993622,0.6683364510536194,0.3665941655635834,0.7448869347572327,0.3327196538448334,0.9190741181373596,0.1420498341321945,0.2300380170345306,0.6210786700248718,0.7486807107925415,0.3023979663848877
285,285,train,17250,0.3001021444797516,0.6732531785964966,0.4925130307674408,0.5370880365371704,0.8022953271865845,0.2535052001476288,0.3358387351036072,0.591719388961792,0.403710275888443,0.6012378334999084,0.0596666596829891,0.8263965249061584,0.1359622329473495,0.7633130550384521,0.1219487860798835,0.7710632681846619,0.1389051377773285,0.7667075395584106,0.8648963570594788,0.2035693377256393,0.0573021173477172,0.8365418314933777,0.2120386809110641,0.6953603625297546
286,286,train,17060,0.945759415626526,0.119980864226818,0.6768374443054199,0.3628459274768829,0.945494532585144,0.1119734421372413,0.8533849716186523,0.2004642933607101,0.9300550222396852,0.1430867165327072,0.7522822022438049,0.2578986585140228,0.9150955677032472,0.1339086890220642,0.922522246837616,0.1244801357388496,0.9342926144599916,0.1263501197099685,0.9283083081245422,0.1316144317388534,0.7889189720153809,0.2512185275554657,0.941171407699585,0.1108896285295486
287,287,train,17196,0.0436253249645233,0.9304506182670592,0.0954698398709297,0.8688437342643738,0.0570072643458843,0.9230529069900512,0.0604874044656753,0.8927264213562012,0.0547285638749599,0.9212364554405212,0.035062700510025,0.9312178492546082,0.0454657860100269,0.9282788634300232,0.0388799756765365,0.931695520877838,0.0373128913342952,0.9348514676094056,0.0881259962916374,0.8787364363670349,0.0357807055115699,0.9294837713241576,0.045967411249876,0.9335538744926452
288,288,train,18299,0.1447907090187072,0.8067145347595215,0.2809516489505768,0.6708131432533264,0.5356854200363159,0.4527547955513,0.1883799433708191,0.72412109375,0.2386019825935363,0.7562798857688904,0.0825722366571426,0.8345779776573181,0.1591688841581344,0.7962263822555542,0.1330675780773162,0.7964433431625366,0.1247674077749252,0.8134570121765137,0.6047996878623962,0.3989640176296234,0.0814701467752456,0.8275012969970703,0.1770464032888412,0.7751649022102356
289,289,test,18469,0.905648946762085,0.1721239387989044,0.6742050051689148,0.3763296008110046,0.942087709903717,0.1135153248906135,0.8198786377906799,0.2377234399318695,0.9116047620773317,0.1736197024583816,0.4526992738246918,0.4757718741893768,0.7818724513053894,0.2803062200546264,0.7890865802764893,0.2598089575767517,0.8423977494239807,0.2367658913135528,0.9254339337348938,0.1409040987491607,0.3964594602584839,0.5316339135169983,0.8917233347892761,0.1747253686189651
290,290,train,17821,0.0407032147049903,0.923829972743988,0.1362357437610626,0.8222165703773499,0.053566176444292,0.9172359704971312,0.0676104202866554,0.8818427920341492,0.065479464828968,0.898182213306427,0.0333500802516937,0.9283974766731262,0.0521503388881683,0.921258807182312,0.0384245552122592,0.9304535388946532,0.0370997861027717,0.9308434128761292,0.088868923485279,0.8773715496063232,0.0343274474143981,0.9295164346694946,0.0528071634471416,0.9216061234474182
291,291,train,18581,0.0461562871932983,0.9211068153381348,0.1947316080331802,0.759113609790802,0.0792946368455886,0.9038662314414978,0.0760712251067161,0.872882604598999,0.0731114819645881,0.896668016910553,0.0363104566931724,0.9332808256149292,0.0502244718372821,0.9285142421722412,0.0418393053114414,0.9313847422599792,0.0424182750284671,0.9327741861343384,0.1395646631717682,0.8148653507232666,0.034330278635025,0.933240532875061,0.0644633993506431,0.9141076803207396
292,292,train,18693,0.0464412160217762,0.8926971554756165,0.1749791204929351,0.7466644644737244,0.0527097843587398,0.9036434292793274,0.0723481997847557,0.8560454249382019,0.0723530501127243,0.8656200766563416,0.0372122898697853,0.8976663947105408,0.0512323155999183,0.8896949291229248,0.0381880030035972,0.897010326385498,0.0401845835149288,0.8971417546272278,0.1103490069508552,0.8222395777702332,0.0376129336655139,0.8966978192329407,0.0507512874901294,0.8946475386619568
293,293,train,17995,0.1271308362483978,0.8603109121322632,0.2175642848014831,0.7650346755981445,0.2460874170064926,0.7799225449562073,0.1726722121238708,0.8072625398635864,0.1731456667184829,0.8421432971954346,0.0784097760915756,0.8807326555252075,0.1152163669466972,0.8689236640930176,0.1042177751660347,0.8703577518463135,0.0979755595326423,0.8755272030830383,0.3381007313728332,0.671171247959137,0.0827243328094482,0.8823832869529724,0.1260448396205902,0.8591049909591675
294,294,train,17326,0.1574083864688873,0.8753054738044739,0.2735443413257599,0.7397135496139526,0.4206110537052154,0.706666111946106,0.1994495093822479,0.7947427034378052,0.2362783104181289,0.8271359801292419,0.0746307894587516,0.9134989380836488,0.141961470246315,0.898690402507782,0.1236610561609268,0.9002190232276917,0.1175616681575775,0.9044216871261596,0.534522294998169,0.604898989200592,0.0769410729408264,0.9124129414558412,0.162135899066925,0.8855516910552979
295,295,test,18604,0.317629724740982,0.714032769203186,0.5906451940536499,0.4584623277187347,0.8705477118492126,0.2407388538122177,0.4855479598045349,0.5276073217391968,0.504002034664154,0.5862115025520325,0.0886581167578697,0.8485407829284668,0.1490026414394378,0.8077048659324646,0.1339723616838455,0.8149065971374512,0.1441747993230819,0.8197280168533325,0.8951658606529236,0.1882386058568954,0.0811350718140602,0.851575493812561,0.2293301075696945,0.7569674253463745
296,296,train,17756,0.0780407041311264,0.8495736122131348,0.3678128719329834,0.5927603840827942,0.0725185126066207,0.8890167474746704,0.1412034332752227,0.7519550323486328,0.1606783717870712,0.7498295903205872,0.0549827367067337,0.8859953284263611,0.0722215324640274,0.8709898591041565,0.0603438355028629,0.8765836954116821,0.0623143687844276,0.874416708946228,0.1719541996717453,0.7592788934707642,0.0522848442196846,0.8792356252670288,0.0879984721541404,0.8520975112915039
297,297,train,17015,0.0388263165950775,0.931946098804474,0.1420758515596389,0.8232811689376831,0.0469787754118442,0.9215352535247804,0.0546916499733924,0.9014433026313782,0.0541165731847286,0.9204564094543456,0.0279864463955163,0.9399320483207704,0.0402737483382225,0.9358213543891908,0.0334016680717468,0.9378877878189088,0.0335906520485878,0.94063001871109,0.0808950811624527,0.8897566795349121,0.0302821733057498,0.9393110871315002,0.0486746951937675,0.9311333298683168
298,298,train,17632,0.0465909428894519,0.896071195602417,0.214842215180397,0.7145313024520874,0.0944319441914558,0.8690018057823181,0.0688368156552314,0.8552196025848389,0.079568900167942,0.8607527613639832,0.041219774633646,0.9129050970077516,0.0575093552470207,0.8940288424491882,0.0429722964763641,0.9069077372550964,0.0449996255338192,0.9069300889968872,0.1428886950016021,0.796775758266449,0.0390690267086029,0.911928117275238,0.0618422850966453,0.8918224573135376
299,299,train,17400,0.1300032287836074,0.8717569708824158,0.2580077052116394,0.7693867683410645,0.2154177874326706,0.8134796023368835,0.1515319645404815,0.8235657215118408,0.1901278793811798,0.8501678705215454,0.0721747800707817,0.8974957466125488,0.1374305039644241,0.8779615163803101,0.1086176633834838,0.8830985426902771,0.1054997146129608,0.8882937431335449,0.3469219207763672,0.6860199570655823,0.078208141028881,0.8973904848098755,0.1465287506580352,0.8695737719535828
300,300,train,17582,0.1766526848077774,0.8364349603652954,0.4993919432163238,0.5603262782096863,0.7612185478210449,0.3500130176544189,0.3610289692878723,0.633391797542572,0.3501039445400238,0.7472500801086426,0.0511387251317501,0.9057683944702148,0.0913543477654457,0.8927157521247864,0.0703832283616066,0.896120548248291,0.088903859257698,0.8918625712394714,0.881797730922699,0.2047600150108337,0.0491700209677219,0.9044324159622192,0.1561335772275924,0.8472183346748352
301,301,train,18721,0.0715032368898391,0.9047352075576782,0.1932591497898101,0.8035621047019958,0.1953300088644027,0.7994493842124939,0.1187110319733619,0.8534247279167175,0.1116941571235656,0.8907496333122253,0.0573265142738819,0.9143453240394592,0.0854522138833999,0.900262176990509,0.0660321339964866,0.908211350440979,0.067059688270092,0.9108328223228456,0.3037313818931579,0.7164101600646973,0.0553743541240692,0.9123809933662416,0.0939868912100792,0.8971893191337585
302,302,test,18308,0.1234706789255142,0.8358981013298035,0.3811487257480621,0.6230773329734802,0.1129671111702919,0.8144496083259583,0.20892034471035,0.7298895716667175,0.2474471777677536,0.7203651070594788,0.0625542178750038,0.8930873870849609,0.0950059816241264,0.8731759190559387,0.0742488354444503,0.8878254294395447,0.0793749839067459,0.8795002102851868,0.4754453301429748,0.5337297320365906,0.0632525831460952,0.9004088044166565,0.123237021267414,0.8316217064857483
303,303,test,17673,0.1026705503463745,0.8090945482254028,0.2882720828056335,0.6496185660362244,0.2141362577676773,0.7011040449142456,0.1630017310380935,0.7617807984352112,0.169361799955368,0.7683175206184387,0.0711831748485565,0.8606604933738708,0.1176187396049499,0.8285418748855591,0.0891619101166725,0.8413612246513367,0.0850136429071426,0.8412042260169983,0.3785250186920166,0.5685602426528931,0.0693314000964164,0.8543787002563477,0.1143437772989273,0.8206730484962463
304,304,test,17754,0.3380036354064941,0.768978476524353,0.5367850065231323,0.5397120714187622,0.5680579543113708,0.5139553546905518,0.3884646296501159,0.659525454044342,0.4175967276096344,0.7084602117538452,0.0871945619583129,0.8849640488624573,0.1786233186721801,0.8465422987937927,0.1590223461389541,0.8587353825569153,0.1490574330091476,0.8633958101272583,0.7999371290206909,0.3226778209209442,0.0840617567300796,0.8836848139762878,0.2571841776371002,0.7982723116874695
305,305,train,18661,0.0829728841781616,0.8452924489974976,0.4180070757865906,0.5652552843093872,0.1051412001252174,0.8586755394935608,0.1336128860712051,0.7727267742156982,0.178884670138359,0.7463217973709106,0.0473007224500179,0.8842895030975342,0.0704781934618949,0.8772506713867188,0.0491973832249641,0.8914724588394165,0.0528788827359676,0.8837031722068787,0.1652390956878662,0.7783543467521667,0.0461586974561214,0.8859238028526306,0.0700532793998718,0.863595724105835
306,306,train,17377,0.0610834173858165,0.857595682144165,0.3245460987091064,0.6458696722984314,0.0648891478776931,0.8596383333206177,0.1086815744638443,0.7957852482795715,0.1159816831350326,0.8112437129020691,0.0346844904124736,0.8783468008041382,0.0585805214941501,0.8602153062820435,0.0409274399280548,0.8724849820137024,0.044017557054758,0.8723067045211792,0.167368546128273,0.7497856020927429,0.0353240296244621,0.8771727085113525,0.0660230740904808,0.8534416556358337
307,307,train,17414,0.1025867685675621,0.8563674092292786,0.21580770611763,0.7562516331672668,0.2005587369203567,0.7459883093833923,0.127204418182373,0.807887852191925,0.1414527148008346,0.8329331278800964,0.0640616044402122,0.8853057026863098,0.1031745672225952,0.8657139539718628,0.0870539769530296,0.873785674571991,0.0847086906433105,0.8746125102043152,0.2860713005065918,0.7177496552467346,0.0663049221038818,0.8796191811561584,0.1103095039725303,0.860278308391571
308,308,test,17446,0.1034644544124603,0.8068115711212158,0.3602697849273681,0.585009753704071,0.0917981937527656,0.826454222202301,0.1748036444187164,0.7227665185928345,0.1933876872062683,0.7183469533920288,0.059582732617855,0.8622730374336243,0.0901552438735961,0.8425827622413635,0.0692422240972518,0.8525578379631042,0.07149089127779,0.8487305045127869,0.238231211900711,0.6851859092712402,0.0592079982161521,0.8590075969696045,0.1004976853728294,0.8222089409828186
309,309,test,18681,0.9467267990112304,0.1198148801922798,0.67630934715271,0.3594588041305542,0.9437050223350524,0.1105931624770164,0.8576216101646423,0.1973915547132492,0.9326812624931335,0.1403658390045166,0.759880542755127,0.2544872164726257,0.9148704409599304,0.1378819197416305,0.9213688373565674,0.1262398511171341,0.9345248341560364,0.1281748563051223,0.9287168383598328,0.1271561235189438,0.8023650646209717,0.2458126693964004,0.9415972232818604,0.1119903400540351
310,310,train,17907,0.1477466970682144,0.7667484879493713,0.4586970210075378,0.5291983485221863,0.4817226231098175,0.4975963830947876,0.2584497928619385,0.6475694179534912,0.2994357347488403,0.6685518026351929,0.0623716972768306,0.8442199230194092,0.1227797642350196,0.8108515739440918,0.0968201905488967,0.8200660943984985,0.0958396792411804,0.8188771605491638,0.7233856320381165,0.3381800353527069,0.0596553683280944,0.8433687090873718,0.1615955084562301,0.759723424911499
311,311,train,17693,0.106093980371952,0.8529768586158752,0.2096068114042282,0.7849998474121094,0.5402382016181946,0.5024429559707642,0.1320939809083938,0.813879132270813,0.1572382897138595,0.8278838992118835,0.0631402283906936,0.8796606063842773,0.1035475507378578,0.8463748097419739,0.0825979635119438,0.8608845472335815,0.0898724049329757,0.8668507933616638,0.5006762742996216,0.5464658141136169,0.0633307546377182,0.872032642364502,0.1298096626996994,0.8343297839164734
312,312,train,18464,0.1153941079974174,0.8196775317192078,0.3210670351982116,0.6364853978157043,0.2915945649147033,0.6674835681915283,0.1679876893758773,0.7517609000205994,0.1742732226848602,0.7801880240440369,0.0586123764514923,0.8656313419342041,0.1079234555363655,0.8325324654579163,0.0847667753696441,0.8476392030715942,0.0892883315682411,0.8443070650100708,0.5402348637580872,0.4631693363189697,0.0607014894485473,0.8680372834205627,0.1203307211399078,0.8127994537353516
313,313,train,16956,0.1035980135202407,0.8084915280342102,0.4614499509334564,0.5297327637672424,0.1287905275821685,0.8004932999610901,0.1985181719064712,0.700059175491333,0.2423262000083923,0.6885093450546265,0.0575957372784614,0.8780151009559631,0.0881000980734825,0.8647469878196716,0.064238540828228,0.8703519701957703,0.0693972557783126,0.8667428493499756,0.3803620040416717,0.560235857963562,0.0560064651072025,0.8799623250961304,0.0969049930572509,0.8429768681526184
314,314,train,17570,0.1405920684337616,0.784332275390625,0.535664439201355,0.5198928713798523,0.6900268197059631,0.3912144899368286,0.2838536202907562,0.6574673056602478,0.3279193341732025,0.6382972002029419,0.0500869341194629,0.8840984106063843,0.0952964127063751,0.8473009467124939,0.0754604637622833,0.8637905716896057,0.0856691896915435,0.8616253137588501,0.7721462249755859,0.3495119512081146,0.0532076470553875,0.8857641220092773,0.133798748254776,0.8062204718589783
315,315,test,17018,0.0884235650300979,0.8554961681365967,0.2644819319248199,0.7016680836677551,0.1171668693423271,0.8054310083389282,0.1162210181355476,0.7996691465377808,0.1338576674461364,0.8371663689613342,0.0495516844093799,0.8986496925354004,0.0870919898152351,0.8712800741195679,0.0654136538505554,0.8826735615730286,0.0693386867642402,0.8863207697868347,0.1922725141048431,0.7730605006217957,0.0514196716248989,0.8949090242385864,0.1012590005993843,0.8662621378898621
316,316,train,17219,0.1281615495681762,0.7532762885093689,0.2929964959621429,0.6290484666824341,0.1539142429828643,0.7504090070724487,0.1555921584367752,0.7036873698234558,0.1940061748027801,0.6795392632484436,0.0687152072787284,0.839455783367157,0.1133091077208519,0.7884414792060852,0.0881323516368866,0.806114673614502,0.0913358852267265,0.8133015036582947,0.3065397143363952,0.5818622708320618,0.0694278851151466,0.8294647932052612,0.1358519345521927,0.7566424012184143
317,317,train,17385,0.036821499466896,0.9341456294059752,0.1302464753389358,0.8279387950897217,0.0501409694552421,0.9320163130760192,0.0561818964779377,0.9010707139968872,0.066467173397541,0.9048007726669312,0.0330933630466461,0.9402429461479188,0.0392474494874477,0.9360916018486024,0.0338349938392639,0.9385414123535156,0.0350947007536888,0.938245177268982,0.0766342505812645,0.8885359168052673,0.0335509367287159,0.9361652731895448,0.0397639125585556,0.9319127798080444
318,318,test,18336,0.0669322833418846,0.8912522792816162,0.1212673261761665,0.8284257650375366,0.0856015533208847,0.8667905330657959,0.0944331884384155,0.8564428687095642,0.0940633565187454,0.8796799778938293,0.0482115037739276,0.8992087841033936,0.0717241391539573,0.8882738947868347,0.0596521571278572,0.8964871764183044,0.0567861050367355,0.8988665342330933,0.1307768821716308,0.822646975517273,0.0501311011612415,0.8988597989082336,0.0711484253406524,0.8828424215316772
319,319,train,18395,0.1250014007091522,0.7640778422355652,0.2894882559776306,0.626235842704773,0.1805238425731659,0.7510626316070557,0.1854784786701202,0.7216055989265442,0.2137293517589569,0.7147502303123474,0.0771012902259826,0.8329794406890869,0.1044606789946556,0.8039726614952087,0.0872602611780166,0.8147894740104675,0.0909928604960441,0.8084489703178406,0.2757535278797149,0.6565490961074829,0.0775938630104065,0.8197774291038513,0.1152322068810463,0.801633358001709
320,320,train,18096,0.1280509531497955,0.7447865009307861,0.2543827295303345,0.6631292104721069,0.3022063970565796,0.5932493805885315,0.1853927075862884,0.6960710287094116,0.1876378059387207,0.719927966594696,0.0859016925096511,0.8103244304656982,0.1447816640138626,0.7637726068496704,0.1095743924379348,0.7886094450950623,0.1005624756217002,0.7894054651260376,0.3877839744091034,0.5240817070007324,0.0837874338030815,0.8014296293258667,0.1365196257829666,0.7515788674354553
321,321,test,17723,0.1008809134364128,0.8526018261909485,0.3521647453308105,0.6590833067893982,0.1058947741985321,0.8689747452735901,0.1467001140117645,0.8040689826011658,0.164965733885765,0.8238381147384644,0.0539411157369613,0.9000493288040161,0.0930440053343772,0.8764592409133911,0.0732720121741294,0.8880606889724731,0.0762934386730194,0.8881366848945618,0.2542310655117035,0.7656917572021484,0.0561358854174613,0.8973079323768616,0.1084761023521423,0.8642412424087524
322,322,train,17903,0.203274667263031,0.7705249190330505,0.4593083262443542,0.5474474430084229,0.70391446352005,0.4074654877185821,0.3291577398777008,0.6200406551361084,0.3379149138927459,0.6642891764640808,0.0967020839452743,0.8507943749427795,0.1741300970315933,0.8083901405334473,0.1549724042415619,0.8100776076316833,0.1465609818696975,0.8126426935195923,0.7253932356834412,0.3515870869159698,0.1024035364389419,0.8470001220703125,0.2442115992307663,0.7390264272689819
323,323,train,17552,0.5538487434387207,0.382611483335495,0.615119457244873,0.4015368223190307,0.8943991661071777,0.1486024260520935,0.5808538198471069,0.3805440366268158,0.6898851990699768,0.337076872587204,0.2222518473863601,0.5849870443344116,0.4567106366157532,0.4412090182304382,0.3829822242259979,0.459882378578186,0.4469920098781585,0.4285820722579956,0.8814490437507629,0.1637329012155532,0.2150478661060333,0.5739539861679077,0.5823729038238525,0.3504790365695953
324,324,train,18520,0.0444425679743289,0.9286237955093384,0.1691415011882782,0.8218042254447937,0.0759402811527252,0.9221855998039246,0.0664143189787864,0.904098093509674,0.0706945061683654,0.9122376441955566,0.0396746769547462,0.934197962284088,0.0512660667300224,0.9306403398513794,0.0412136688828468,0.9336737990379332,0.041955679655075,0.935857892036438,0.0994275510311126,0.8897132277488708,0.0399853251874446,0.9337366819381714,0.0624026097357273,0.9262599349021912
325,325,train,17744,0.086499236524105,0.7923363447189331,0.2213167399168014,0.6603758931159973,0.1355247795581817,0.7406015396118164,0.1383820176124572,0.7326917052268982,0.1325738877058029,0.7539966106414795,0.0681757628917694,0.8313525915145874,0.0985624492168426,0.8037806749343872,0.0800024196505546,0.8116679787635803,0.0773186385631561,0.8140627145767212,0.2576621472835541,0.6366870403289795,0.0693998113274574,0.8202234506607056,0.1049141362309455,0.7834711074829102
326,326,train,17367,0.0681375190615654,0.8945661783218384,0.3186728954315185,0.6991808414459229,0.0830248519778251,0.8941205143928528,0.1305043250322342,0.8386909365653992,0.1260732412338256,0.8582006096839905,0.0515822321176528,0.9130623936653136,0.0808402523398399,0.89667809009552,0.0574194528162479,0.9089913964271544,0.0607595257461071,0.9066587686538696,0.197103351354599,0.8033180236816406,0.0515087321400642,0.9130578637123108,0.0893574580550193,0.8842222094535828
327,327,train,17891,0.2199894487857818,0.7613896727561951,0.3940883874893188,0.6187726259231567,0.4947791397571563,0.4733506739139557,0.2800556123256683,0.6597174406051636,0.2772623896598816,0.7119474411010742,0.0613433346152305,0.8677787184715271,0.1211503595113754,0.8268677592277527,0.110350601375103,0.8385663628578186,0.1093851625919342,0.8525812029838562,0.7777124643325806,0.2971726953983307,0.0652921646833419,0.8628616333007812,0.1370574682950973,0.8046672940254211
328,328,train,17513,0.0620089247822761,0.8494194149971008,0.4171280264854431,0.5501148104667664,0.0962452590465545,0.851081132888794,0.1253643631935119,0.7500609159469604,0.1473330408334732,0.7501773238182068,0.0406181439757347,0.8917631506919861,0.0573479384183883,0.8724254369735718,0.0469710752367973,0.8856554627418518,0.0468864925205707,0.8796905875205994,0.311522364616394,0.6042506098747253,0.0399314388632774,0.8891395926475525,0.0647796764969825,0.8462576270103455
329,329,train,17227,0.190031960606575,0.6829772591590881,0.3736619651317596,0.5604992508888245,0.2553241550922394,0.6958218216896057,0.2294408679008484,0.6481561064720154,0.3214938938617706,0.606827974319458,0.1066186726093292,0.7843525409698486,0.1799936592578888,0.7165499925613403,0.1323054730892181,0.7222143411636353,0.1483999639749527,0.7240968346595764,0.5370876789093018,0.4266376793384552,0.1014791578054428,0.7671723961830139,0.2251441925764084,0.6582656502723694
330,330,test,17851,0.0405287109315395,0.9270603060722352,0.0964740738272667,0.8638080954551697,0.0666960552334785,0.9231626391410828,0.0542284734547138,0.9027658104896544,0.0559708289802074,0.9210237860679626,0.0384056903421878,0.9233660697937012,0.055600855499506,0.9149261116981506,0.0401807464659214,0.9206403493881226,0.0405055321753025,0.9222438931465148,0.0821137428283691,0.8895241618156433,0.0370710082352161,0.922552525997162,0.0531111657619476,0.9152721166610718
331,331,train,17222,0.1348576694726944,0.7644714117050171,0.5246244072914124,0.5408453345298767,0.3620506227016449,0.5726956129074097,0.2769137322902679,0.6470575332641602,0.3304451107978821,0.6376875638961792,0.0599930211901664,0.8534808158874512,0.1111266985535621,0.8153595328330994,0.0857540220022201,0.8344398736953735,0.089114025235176,0.8319404721260071,0.7688692212104797,0.3102197051048279,0.0587244741618633,0.8646273612976074,0.1659809798002243,0.7537190318107605
332,332,train,18505,0.1839123964309692,0.8437578678131104,0.2622226476669311,0.7503235340118408,0.3352921605110168,0.6965060830116272,0.2100506573915481,0.7826746106147766,0.2221751064062118,0.819137454032898,0.0822404474020004,0.8870514631271362,0.1784546375274658,0.8515589833259583,0.1460278332233429,0.8608441948890686,0.1415905207395553,0.8657911419868469,0.4134396910667419,0.6533727049827576,0.0840507224202156,0.8819723129272461,0.1895070821046829,0.8419204950332642
333,333,train,18225,0.2803038358688354,0.7778986692428589,0.620635449886322,0.4594708979129791,0.8810327649116516,0.2226096242666244,0.5003557801246643,0.5754767060279846,0.5213582515716553,0.6493122577667236,0.1045124381780624,0.8630243539810181,0.1896034777164459,0.828395664691925,0.1582485139369964,0.8381763696670532,0.1695388704538345,0.841741144657135,0.8803200721740723,0.2085018903017044,0.0952416136860847,0.8736416697502136,0.2281091511249542,0.7965234518051147
334,334,train,18470,0.1121248006820678,0.8592630624771118,0.3620102107524872,0.6469603776931763,0.1805032342672348,0.7821932435035706,0.1800800561904907,0.7868136167526245,0.1964533478021621,0.8111370801925659,0.0599318668246269,0.907012939453125,0.0955356433987617,0.8874228596687317,0.0771985724568367,0.8981328010559082,0.0824718698859214,0.8965169787406921,0.6294829249382019,0.4422734677791595,0.0629516914486885,0.9032738208770752,0.1137047633528709,0.8659828901290894
335,335,train,17123,0.102795735001564,0.8278284668922424,0.505725085735321,0.558657169342041,0.3914709985256195,0.6292188763618469,0.2204019874334335,0.715288519859314,0.2004985213279724,0.7463281750679016,0.0509235225617885,0.887973427772522,0.0866933763027191,0.8655957579612732,0.06519316136837,0.8740458488464355,0.0697869434952735,0.8748261332511902,0.6528889536857605,0.4230615496635437,0.0530674867331981,0.8866986632347107,0.1141169369220733,0.8334535956382751
336,336,train,18119,0.435068130493164,0.5777170658111572,0.5194029211997986,0.4657373130321502,0.8455532789230347,0.2122698277235031,0.4553386867046356,0.4780631065368652,0.4992077350616455,0.548088550567627,0.1264147907495498,0.7864590287208557,0.3003645539283752,0.6988776922225952,0.2353475838899612,0.719310998916626,0.2708317637443542,0.7081148028373718,0.835368812084198,0.2205900251865387,0.1241378784179687,0.8002741932868958,0.3619733154773712,0.6489865183830261
337,337,train,18421,0.7400306463241577,0.3728344738483429,0.6730366945266724,0.3953747749328613,0.8766152858734131,0.2158495634794235,0.6802933812141418,0.3845451772212982,0.7898111343383789,0.3469566404819488,0.3253800272941589,0.5975063443183899,0.5098379850387573,0.4916768074035644,0.503668487071991,0.4799649119377136,0.5719721913337708,0.4659976363182068,0.8922975659370422,0.2110702991485595,0.3364273607730865,0.5779954791069031,0.6548776030540466,0.3986228704452514
338,338,train,18175,0.9258437156677246,0.1436820775270462,0.6716893911361694,0.3655728995800018,0.94552743434906,0.1090796813368797,0.8380729556083679,0.209532156586647,0.914527952671051,0.1717438995838165,0.6597895622253418,0.3459904193878174,0.8815726637840271,0.1919476985931396,0.888238787651062,0.1779572069644928,0.9047214388847352,0.1771824657917022,0.9251787662506104,0.1340668201446533,0.6629776954650879,0.3572272956371307,0.9282543063163756,0.1372967511415481
339,339,train,18103,0.4889485239982605,0.5525694489479065,0.6107243299484253,0.4406108260154724,0.7288438081741333,0.310969740152359,0.5390792489051819,0.4858928620815277,0.6875991821289062,0.457769513130188,0.1418362855911255,0.7742454409599304,0.3017716407775879,0.679155707359314,0.2562029659748077,0.6987616419792175,0.3144173324108124,0.6849173307418823,0.8754005432128906,0.2252312451601028,0.1348487287759781,0.7779514789581299,0.4488095045089721,0.5707607269287109
340,340,train,18423,0.0422756597399711,0.9274447560310364,0.0802480205893516,0.8850666880607605,0.0580302774906158,0.9029983282089232,0.057826679199934,0.9006022214889526,0.053184438496828,0.9230322241783142,0.0306834429502487,0.934792160987854,0.0434743538498878,0.9257956743240356,0.0349125564098358,0.9320110082626344,0.0358117334544658,0.9337902665138244,0.0943964347243309,0.8625624775886536,0.0320374220609664,0.9316678643226624,0.0434255003929138,0.9310610890388488
341,341,test,18545,0.7128678560256958,0.404821902513504,0.6337698101997375,0.4189702868461609,0.9118819236755372,0.1567446887493133,0.7137321829795837,0.3509014546871185,0.790327250957489,0.3408799469470978,0.1611652821302414,0.7552459239959717,0.3567254543304443,0.6595761179924011,0.3986752927303314,0.6332935094833374,0.4416486918926239,0.6216819286346436,0.9133667945861816,0.1553064584732055,0.1551392972469329,0.7800039052963257,0.609512209892273,0.4936650991439819
342,342,train,17716,0.1314124017953872,0.8721475601196289,0.3157572150230407,0.7191734910011292,0.1410904228687286,0.8335160613059998,0.1916286796331405,0.8115310072898865,0.2269326746463775,0.8269391655921936,0.0564399473369121,0.9061458706855774,0.1021419838070869,0.8916864395141602,0.0794337689876556,0.8980278968811035,0.0829726085066795,0.8996943831443787,0.3416129946708679,0.6978036165237427,0.0562100559473037,0.9138144254684448,0.1360280811786651,0.863728940486908
343,343,train,18162,0.1510931849479675,0.8230195045471191,0.2850309014320373,0.7010496854782104,0.2961384654045105,0.7223872542381287,0.1767995804548263,0.7751709222793579,0.1807987093925476,0.8148526549339294,0.0738095343112945,0.8734807968139648,0.1442902535200119,0.8409309983253479,0.118030272424221,0.8557612895965576,0.0997236371040344,0.8661841750144958,0.2993409335613251,0.7049610614776611,0.0774201899766922,0.8773899078369141,0.1380878686904907,0.8397828936576843
344,344,train,18207,0.0992596447467804,0.858585000038147,0.2562123835086822,0.7259799242019653,0.1281266659498214,0.8502554893493652,0.1484390199184417,0.7937389612197876,0.1643342226743698,0.8148097395896912,0.063380666077137,0.8804993629455566,0.1069210469722747,0.8547529578208923,0.0785370171070098,0.874334454536438,0.0786010026931762,0.8767600655555725,0.2227779477834701,0.761365532875061,0.0645727962255477,0.879830539226532,0.1144509688019752,0.8536866307258606
345,345,train,17136,0.0753495767712593,0.9045343399047852,0.2074677050113678,0.7798045873641968,0.2238093167543411,0.7883290648460388,0.120079830288887,0.840910792350769,0.1164784058928489,0.8789404630661011,0.0513754710555076,0.9173023700714112,0.0871238857507705,0.9045697450637816,0.0717343762516975,0.911255180835724,0.0650130212306976,0.9141026735305786,0.3341091275215149,0.692836582660675,0.0524840168654918,0.9146016240119934,0.0888466536998748,0.904860019683838
346,346,train,17489,0.7026754021644592,0.3876591026782989,0.6184385418891907,0.4404758512973785,0.8911703824996948,0.1710229963064193,0.6504867076873779,0.3539856076240539,0.7336215972900391,0.3589335680007934,0.1715071499347686,0.7561056613922119,0.2981689870357513,0.6695427894592285,0.2982458472251892,0.6468200087547302,0.3408151268959045,0.6362264156341553,0.9044069647789,0.1697393208742141,0.1527775079011917,0.7692822217941284,0.5187450051307678,0.5019959211349487
347,347,train,18407,0.0886169597506523,0.8340608477592468,0.2315926402807235,0.727674663066864,0.1438644975423813,0.7961668372154236,0.1258464008569717,0.7963431477546692,0.1384436935186386,0.8106778264045715,0.06570465862751,0.8623549938201904,0.09775210916996,0.8370558619499207,0.0754893869161605,0.8499835133552551,0.0774222090840339,0.8518331050872803,0.1975961327552795,0.7483798265457153,0.0665698871016502,0.8573993444442749,0.10537751019001,0.8250714540481567
348,348,train,18733,0.0421057045459747,0.9303447604179382,0.1695543229579925,0.8130238056182861,0.0675960332155227,0.917246162891388,0.0597721002995967,0.909489095211029,0.0573468618094921,0.9208587408065796,0.0357271619141101,0.9361067414283752,0.0481872446835041,0.9316290616989136,0.0400524921715259,0.9347838163375854,0.0407812036573886,0.936574637889862,0.0925181582570076,0.8859055042266846,0.0375293083488941,0.9375299215316772,0.0503341630101203,0.929140031337738
349,349,train,17811,0.0757897496223449,0.8449410200119019,0.1699426174163818,0.7636639475822449,0.1656243354082107,0.744489848613739,0.0877020433545112,0.8125464916229248,0.1121646836400032,0.8205218315124512,0.0585362240672111,0.8789606690406799,0.0945711210370063,0.8330368995666504,0.0758881345391273,0.8498270511627197,0.0728688687086105,0.856742799282074,0.2587811350822449,0.6773214340209961,0.0589251704514026,0.865842878818512,0.0976912230253219,0.8345701098442078
350,350,train,17492,0.3487935066223144,0.6918239593505859,0.5961999893188477,0.4881462752819061,0.6280133128166199,0.4858253896236419,0.479704737663269,0.5780569911003113,0.5232198238372803,0.616491973400116,0.1085842326283454,0.8496339917182922,0.2064829915761947,0.8034007549285889,0.1855018436908722,0.8041439652442932,0.2055714130401611,0.7951526045799255,0.7502776980400085,0.3866810202598572,0.10660932213068,0.8488107323646545,0.2797154486179352,0.7498442530632019
351,351,test,17141,0.1694474667310714,0.7814977765083313,0.4181006848812103,0.6328085064888,0.1474051177501678,0.71402907371521,0.2077932953834533,0.7211489677429199,0.2103934288024902,0.7673832774162292,0.0456491485238075,0.8524662256240845,0.0938848406076431,0.8145061135292053,0.0804727599024772,0.8178656101226807,0.085752934217453,0.8213610649108887,0.8052833676338196,0.2664735913276672,0.0488129928708076,0.8508238792419434,0.1395120918750763,0.7652087807655334
352,352,train,17826,0.0562404468655586,0.8958262205123901,0.1379861235618591,0.7855250835418701,0.0699883699417114,0.8645975589752197,0.0726128295063972,0.8478803038597107,0.0705870538949966,0.8757448792457581,0.038058441132307,0.9098320603370668,0.0588108599185943,0.9018027782440186,0.0453510619699955,0.9070917963981628,0.0454047881066799,0.908031165599823,0.1146007478237152,0.8150578737258911,0.0384978875517845,0.9063560366630554,0.0595422126352787,0.9003317356109619
353,353,train,18443,0.0552313029766082,0.8883051872253418,0.297622412443161,0.6863299608230591,0.0665745958685875,0.8691998720169067,0.0907882377505302,0.8263617753982544,0.0776003152132034,0.8638771176338196,0.0361372530460357,0.9093515276908876,0.0513708293437957,0.9007307291030884,0.0419414825737476,0.9048954844474792,0.0435801036655902,0.9071308374404908,0.2158859521150589,0.7055931687355042,0.0382092855870723,0.9055571556091307,0.0584175586700439,0.8918479681015015
354,354,train,17651,0.0695752277970314,0.8960486650466919,0.2024485915899276,0.8073342442512512,0.0992737784981727,0.8713794350624084,0.096098355948925,0.8638185858726501,0.0938151553273201,0.8900070190429688,0.0415848121047019,0.9149261116981506,0.068800151348114,0.9019426703453064,0.0517943203449249,0.9116395115852356,0.0547379925847053,0.911104679107666,0.1977274417877197,0.7824853658676147,0.0420417673885822,0.9154066443443298,0.0732592791318893,0.8996262550354004
355,355,test,16967,0.0572483427822589,0.8811325430870056,0.1693293154239654,0.7546459436416626,0.1067419797182083,0.8427249193191528,0.0843123197555542,0.8263178467750549,0.0848330855369567,0.8615773320198059,0.0391803570091724,0.9021105766296388,0.0551947131752967,0.8986822366714478,0.0463376902043819,0.8970608711242676,0.0459674224257469,0.8977286219596863,0.1508418470621109,0.7787257432937622,0.042093027383089,0.8972133994102478,0.0630276799201965,0.8871619701385498
356,356,train,17226,0.1021492183208465,0.7768780589103699,0.2266689985990524,0.6959648728370667,0.1546524167060852,0.7507956027984619,0.1451211273670196,0.7377403378486633,0.1561422944068908,0.7576179504394531,0.0751000940799713,0.8352404236793518,0.1162458583712577,0.7938731908798218,0.0964280888438224,0.8078678250312805,0.0899389013648033,0.8193159103393555,0.2916805446147918,0.6017051339149475,0.0795950293540954,0.8154150247573853,0.1161330491304397,0.791146993637085
357,357,test,17992,0.1550432294607162,0.8037128448486328,0.451174259185791,0.5599468946456909,0.6310250163078308,0.4613395035266876,0.2467061728239059,0.6902115941047668,0.2629334032535553,0.719661295413971,0.073693923652172,0.8582492470741272,0.1350532621145248,0.8175225853919983,0.1005966365337371,0.8452519178390503,0.1086820140480995,0.837791383266449,0.687034010887146,0.3834617137908935,0.0701103955507278,0.8661224246025085,0.1481940448284149,0.8006493449211121
358,358,train,17783,0.1244310513138771,0.8279028534889221,0.3085413575172424,0.6833912134170532,0.1561730504035949,0.8015106320381165,0.1771287471055984,0.7491404414176941,0.2115297466516494,0.7776013612747192,0.0548674650490284,0.9082406759262084,0.098388560116291,0.8698925375938416,0.0722012370824813,0.8913610577583313,0.0838469862937927,0.8749310374259949,0.3382668197154999,0.6475935578346252,0.0551504865288734,0.9067822098731996,0.129853069782257,0.8332837820053101
359,359,test,17979,0.0900003984570503,0.8524582982063293,0.4314975440502167,0.5997777581214905,0.1641025692224502,0.7939515113830566,0.1520149856805801,0.7646867632865906,0.163899227976799,0.7847331166267395,0.054675206542015,0.8813204169273376,0.0771061107516288,0.8686770796775818,0.0638298839330673,0.8763306736946106,0.0632328689098358,0.8804070353507996,0.3933517932891845,0.6230039000511169,0.0551424771547317,0.8826301693916321,0.0884842723608017,0.8634636402130127
360,360,test,17341,0.2619123160839081,0.6911773681640625,0.5248903036117554,0.4989418089389801,0.7834175825119019,0.300050139427185,0.3544980883598327,0.6012075543403625,0.3314031958580017,0.6491977572441101,0.129633143544197,0.799416184425354,0.217665359377861,0.7399924397468567,0.1861885488033294,0.767105221748352,0.1835907995700836,0.7629701495170593,0.8076721429824829,0.2922955751419067,0.1293495446443557,0.8132880926132202,0.2610904276371002,0.7100113034248352
361,361,test,17810,0.0668466612696647,0.8109471201896667,0.1290421038866043,0.751411497592926,0.0858478993177414,0.8305922746658325,0.0856546312570571,0.7686092257499695,0.0822631269693374,0.7842571139335632,0.0550593361258506,0.8305400609970093,0.07780771702528,0.8004106879234314,0.0657585263252258,0.8136529326438904,0.061700016260147,0.8207383155822754,0.1308264434337616,0.7337198853492737,0.059518028050661,0.8211142420768738,0.0735691413283348,0.8052464127540588
362,362,test,17596,0.0855749994516372,0.8674250841140747,0.2674359977245331,0.7120215892791748,0.1602502167224884,0.7943338751792908,0.148232951760292,0.8018519878387451,0.1499326974153518,0.8510849475860596,0.060709785670042,0.9040148854255676,0.0975223034620285,0.8858694434165955,0.0702771618962287,0.8950913548469543,0.0710724294185638,0.8997165560722351,0.387008398771286,0.5919339060783386,0.0619538016617298,0.8959926962852478,0.0974849611520767,0.8812350034713745
363,363,train,17308,0.1619598865509033,0.7957713603973389,0.3187630176544189,0.6445063948631287,0.4555507004261017,0.555596649646759,0.198527917265892,0.7447591423988342,0.2202046066522598,0.7673810124397278,0.0792839080095291,0.8543815612792969,0.1353185474872589,0.8196720480918884,0.1107119023799896,0.8415180444717407,0.1067472100257873,0.8363394737243652,0.4960569739341736,0.5481069684028625,0.0814292728900909,0.8568431735038757,0.1539989709854126,0.8097737431526184
364,364,train,17592,0.1273967325687408,0.786982536315918,0.2617544829845428,0.6868688464164734,0.2292853891849517,0.7176846265792847,0.1446668803691864,0.7572171092033386,0.1672494262456894,0.7618394494056702,0.1224435269832611,0.812704861164093,0.1605406254529953,0.7732263803482056,0.1410341560840606,0.7751588821411133,0.1326134949922561,0.7913968563079834,0.3324372768402099,0.5879555940628052,0.117214024066925,0.805367648601532,0.170200690627098,0.7556997537612915
365,365,train,18154,0.2356186658143997,0.6408336758613586,0.6487581729888916,0.405610978603363,0.766228973865509,0.3337830007076263,0.4405301511287689,0.4861893057823181,0.5457150936126709,0.4220529496669769,0.0711716338992118,0.8371673822402954,0.1172065362334251,0.8000012040138245,0.0833802744746208,0.8191619515419006,0.0948300585150718,0.8025192022323608,0.767157793045044,0.293538898229599,0.0703932419419288,0.8432297706604004,0.1531756520271301,0.7299662232398987
366,366,train,18709,0.1469342857599258,0.7712640762329102,0.4762747287750244,0.5358197689056396,0.3393304347991943,0.6001592874526978,0.2557957768440246,0.6799575686454773,0.2720456719398498,0.676845371723175,0.0756507217884063,0.8707950115203857,0.1207004487514495,0.8449588418006897,0.0936123728752136,0.8576182723045349,0.1052437573671341,0.8421717882156372,0.7148686647415161,0.3490732908248901,0.0736612156033515,0.8764437437057495,0.1578975170850753,0.7966564297676086
367,367,train,17449,0.0834370851516723,0.8471844792366028,0.5017239451408386,0.5170825719833374,0.2405489534139633,0.7402198314666748,0.1532810032367706,0.7556102871894836,0.1784038543701172,0.7571238279342651,0.0500976890325546,0.8902127146720886,0.0802472457289695,0.8692530393600464,0.0579254999756813,0.8821908235549927,0.0607517696917057,0.8825439214706421,0.4414263069629669,0.5583169460296631,0.0501772761344909,0.892179012298584,0.0856285840272903,0.8602333068847656
368,368,train,18655,0.1132009178400039,0.8369408845901489,0.2096191942691803,0.7448214888572693,0.1336613744497299,0.8415788412094116,0.1441990137100219,0.791807234287262,0.1474679410457611,0.8155595064163208,0.0811834782361984,0.8609129190444946,0.1278286725282669,0.8451960682868958,0.1085186302661895,0.8507259488105774,0.0964604020118713,0.8488761186599731,0.2717771530151367,0.7182621955871582,0.078638270497322,0.8542419672012329,0.1228868886828422,0.8411605358123779
369,369,train,18751,0.1879196763038635,0.7901372313499451,0.5708090662956238,0.5111204981803894,0.8162492513656616,0.3244186639785766,0.3704798221588135,0.6551790833473206,0.3608918190002441,0.7030258178710938,0.0764545053243637,0.8758531808853149,0.1446901261806488,0.8432246446609497,0.1091412156820297,0.8504354953765869,0.1258458346128463,0.8433508276939392,0.836871862411499,0.2642171084880829,0.0761578530073165,0.8783432245254517,0.1938259154558181,0.7759053707122803
370,370,train,17844,0.0665354505181312,0.8587313294410706,0.3051101565361023,0.6547186970710754,0.141361579298973,0.8169271349906921,0.1087448447942733,0.8019595742225647,0.1094984859228134,0.8208610415458679,0.0497043021023273,0.8656387329101562,0.0753110945224762,0.8587591052055359,0.052730992436409,0.8683253526687622,0.0547950640320777,0.8707054853439331,0.2474046796560287,0.6950783133506775,0.0497417114675045,0.8698233962059021,0.0751949921250343,0.851197361946106
371,371,test,18107,0.6925605535507202,0.3750425279140472,0.6246397495269775,0.4117836058139801,0.9081947207450868,0.1322765946388244,0.6894878149032593,0.3077621757984161,0.7641286849975586,0.2994669675827026,0.1460046768188476,0.7527456283569336,0.3685750067234039,0.6516246795654297,0.4021786153316498,0.6017987728118896,0.4263424277305603,0.5914826393127441,0.9060757756233216,0.160915270447731,0.1423776894807815,0.7559696435928345,0.5344609022140503,0.5284578800201416
372,372,train,17967,0.1179641783237457,0.8542773723602295,0.2139741778373718,0.7973957657814026,0.1389919221401214,0.8274216055870056,0.1473805159330368,0.8224357962608337,0.1543162912130355,0.8420717716217041,0.0933540239930152,0.8554361462593079,0.1299119442701339,0.8202810287475586,0.111648678779602,0.8317720293998718,0.1067748367786407,0.8511835336685181,0.2273316234350204,0.7512325048446655,0.0995635837316513,0.8456400632858276,0.1275961846113205,0.8242371678352356
373,373,train,17900,0.185866892337799,0.8600257635116577,0.3427121639251709,0.7301336526870728,0.588678240776062,0.5744674205780029,0.250809907913208,0.7915330529212952,0.271397203207016,0.8223139643669128,0.08771812915802,0.916796088218689,0.1585687100887298,0.884939432144165,0.1238304302096366,0.8948954939842224,0.136553943157196,0.8978078365325928,0.6660557389259338,0.5114840269088745,0.0870816856622695,0.917283296585083,0.2020707875490188,0.8626065254211426
374,374,train,18315,0.8807951211929321,0.214480310678482,0.6643478870391846,0.3737617135047912,0.9378260374069214,0.1247459128499031,0.8145182728767395,0.2405827939510345,0.8840472102165222,0.2147052884101867,0.3207705914974212,0.6682363748550415,0.6434645652770996,0.4857681691646576,0.7081677317619324,0.4103443920612335,0.7547591924667358,0.3901239037513733,0.9233797788619996,0.1402315646409988,0.2741044163703918,0.7087370753288269,0.8530640006065369,0.2485111206769943
375,375,test,17510,0.9130983352661132,0.1630041152238845,0.6781690716743469,0.3794509172439575,0.941984474658966,0.1178068295121193,0.8216357231140137,0.2300650477409362,0.9138699769973756,0.16614431142807,0.5302937030792236,0.3992102146148681,0.8220629096031189,0.2236034870147705,0.8406578898429871,0.2085374295711517,0.8618828058242798,0.2131608873605728,0.9223840832710266,0.146168440580368,0.5374270677566528,0.4044964015483856,0.8917071223258972,0.1711890250444412
376,376,train,17743,0.1262685507535934,0.7678192257881165,0.3813067376613617,0.565666675567627,0.1483898758888244,0.7943214774131775,0.1667485535144806,0.7256205081939697,0.2321657240390777,0.6927766799926758,0.0772617012262344,0.8351413607597351,0.115126185119152,0.8102226853370667,0.0805699601769447,0.8256595730781555,0.0904683694243431,0.8130584955215454,0.2656755745410919,0.6405194401741028,0.0780749544501304,0.8311548233032227,0.1217744871973991,0.7885301113128662
377,377,train,17890,0.7356730103492737,0.3086566627025604,0.6494014263153076,0.3840782940387726,0.9203871488571168,0.1326684951782226,0.6884710192680359,0.3180895149707794,0.7995479702949524,0.2675147652626037,0.2001398503780365,0.6653189063072205,0.4337347149848938,0.5116464495658875,0.4372534155845642,0.484868437051773,0.4970288276672363,0.4698415398597717,0.9054407477378844,0.150969386100769,0.1952643543481826,0.6606703996658325,0.6560139060020447,0.3347551226615906
378,378,train,17871,0.5167118310928345,0.5697383880615234,0.5901836156845093,0.459578275680542,0.873480498790741,0.22199347615242,0.5757856965065002,0.4761199057102203,0.6758188605308533,0.4850561022758484,0.1143167167901992,0.8005840182304382,0.2562915682792663,0.7282218337059021,0.2445679455995559,0.7334116697311401,0.2749506533145904,0.7375910878181458,0.8792473673820496,0.2073395997285843,0.121942400932312,0.7966662645339966,0.3617568016052246,0.659796953201294
379,379,train,17838,0.9441704750061036,0.1181379705667495,0.670399010181427,0.3700131773948669,0.9452232718467712,0.1101218461990356,0.8477823734283447,0.2009060680866241,0.9313483238220216,0.1423713862895965,0.7440799474716187,0.2638013362884521,0.9151583909988404,0.1392240673303604,0.919839084148407,0.1297555416822433,0.9315727949142456,0.1311854124069214,0.927166223526001,0.1314400285482406,0.7858847975730896,0.2636989057064056,0.9412814378738404,0.1126904636621475
380,380,train,17096,0.8855528831481934,0.2026837766170501,0.6612892746925354,0.3839810788631439,0.9362542629241944,0.1226650327444076,0.81397545337677,0.2408142387866974,0.8972761034965515,0.2039326727390289,0.2925548851490021,0.5821213722229004,0.6182113289833069,0.4182901382446289,0.6786034107208252,0.3662336468696594,0.7529419660568237,0.3336763679981231,0.9211822748184204,0.1450390070676803,0.2528167068958282,0.6189616918563843,0.8594517111778259,0.226263090968132
381,381,train,18381,0.6534578800201416,0.4406292140483856,0.6387056708335876,0.4024944901466369,0.9093906879425048,0.1565573662519455,0.7084764242172241,0.3355652987957001,0.758916974067688,0.3609535992145538,0.1039942726492881,0.8006297945976257,0.2443890422582626,0.7357293367385864,0.2434740960597992,0.7262899279594421,0.2697518765926361,0.7006281018257141,0.9110367894172668,0.1536563485860824,0.0989940837025642,0.8212958574295044,0.4586478173732757,0.5649387836456299
382,382,train,17042,0.3703010976314544,0.6286990642547607,0.5679716467857361,0.4814756214618683,0.6410973072052002,0.4386105835437774,0.4351454973220825,0.5601096749305725,0.576066255569458,0.4809681475162506,0.135476753115654,0.8026316165924072,0.2231617718935012,0.7337506413459778,0.1804977059364318,0.7466369271278381,0.203527957201004,0.7426724433898926,0.7356747984886169,0.3474819660186767,0.1314622312784195,0.7889633178710938,0.2778545320034027,0.6727339625358582
383,383,train,17574,0.6739059686660767,0.4607996046543121,0.6033693552017212,0.4356537461280823,0.9033385515213012,0.1918448805809021,0.634594738483429,0.4100238084793091,0.7496557235717773,0.4012616276741028,0.1663140058517456,0.7746146321296692,0.4127910137176513,0.6485337018966675,0.4138393998146057,0.6309205889701843,0.4335396587848663,0.6319615244865417,0.9040076732635498,0.1672771126031875,0.1453207731246948,0.7882970571517944,0.6193221211433411,0.4819089770317077
384,384,train,17122,0.0911162868142128,0.831037163734436,0.4371623992919922,0.5870756506919861,0.3690927624702453,0.6397457122802734,0.1673324406147003,0.7428328394889832,0.19054014980793,0.7493773698806763,0.0485837273299694,0.8886771202087402,0.0702402368187904,0.8733069896697998,0.056483581662178,0.8852697610855103,0.0596332065761089,0.8836778402328491,0.4067557156085968,0.6046359539031982,0.0472464300692081,0.8953025341033936,0.0963660404086113,0.8470008969306946
385,385,test,18671,0.151929885149002,0.7563234567642212,0.5146955251693726,0.4986511468887329,0.3006895184516907,0.6130971312522888,0.2477729171514511,0.6430715918540955,0.2978054881095886,0.6394622325897217,0.0544332601130008,0.8614449501037598,0.104243129491806,0.8127771019935608,0.0842674970626831,0.8227666616439819,0.0938316360116005,0.8279180526733398,0.7170482873916626,0.315428227186203,0.052921824157238,0.8626631498336792,0.1683995723724365,0.7391868233680725
386,386,train,18045,0.9290885925292968,0.147049605846405,0.6767204403877258,0.368265151977539,0.9430062174797058,0.1146733909845352,0.8489997386932373,0.2110396027565002,0.9198441505432128,0.1685060262680053,0.6771073937416077,0.3119871318340301,0.8929546475410461,0.1699685752391815,0.8911839723587036,0.157717764377594,0.9099715948104858,0.1592331081628799,0.9278726577758788,0.13322813808918,0.7109141945838928,0.3142901062965393,0.92475563287735,0.130698949098587
387,387,train,18309,0.1652678847312927,0.7781747579574585,0.3006352484226227,0.6705712080001831,0.3465229570865631,0.6425539255142212,0.210890457034111,0.731346845626831,0.240835428237915,0.7538884282112122,0.1059196963906288,0.8196668028831482,0.1784842163324356,0.771116316318512,0.1394956707954406,0.7864698767662048,0.1430926024913787,0.7909157276153564,0.3896682560443878,0.6075455546379089,0.1079184561967849,0.8114836812019348,0.1915404647588729,0.755465030670166
388,388,train,18667,0.8034974336624146,0.3013223111629486,0.6552731990814209,0.3874068856239319,0.934805989265442,0.1250505745410919,0.7836965322494507,0.2598311603069305,0.8616781234741211,0.2330155968666076,0.2044424712657928,0.6982052326202393,0.427657276391983,0.572973370552063,0.4989279806613922,0.5202422142028809,0.5239923000335693,0.522977888584137,0.9182314276695251,0.1456751823425293,0.2050128877162933,0.7051664590835571,0.6539577841758728,0.4122616648674011
389,389,train,17102,0.0972947850823402,0.7908576130867004,0.4166614413261413,0.5274580121040344,0.1526677161455154,0.7696592211723328,0.1669542044401168,0.7026011347770691,0.2303898334503173,0.6484205722808838,0.0439850501716136,0.8810316324234009,0.0590296499431133,0.8676602840423584,0.0460039749741554,0.8765490651130676,0.0514695607125759,0.8703861832618713,0.3316156268119812,0.5890340209007263,0.0436131171882152,0.87103670835495,0.0721892267465591,0.8369934558868408
390,390,train,17725,0.0474073030054569,0.9086684584617616,0.1511261910200119,0.7897359728813171,0.0535716153681278,0.897737979888916,0.0771089643239975,0.8549792766571045,0.0720490515232086,0.8879574537277222,0.0355724096298217,0.9207478761672974,0.0536089539527893,0.9084871411323548,0.0399794951081275,0.9150645136833192,0.0426974892616272,0.9187455177307128,0.1154919862747192,0.8157515525817871,0.0363177172839641,0.9157313108444214,0.0592821165919303,0.9025989174842834
391,391,test,18476,0.1595408767461776,0.8083235621452332,0.2992533445358276,0.6894679665565491,0.3784554898738861,0.6350213289260864,0.1939055323600769,0.7670015692710876,0.2262907177209854,0.787124514579773,0.0987013056874275,0.8310270309448242,0.1551129072904586,0.8060046434402466,0.121743343770504,0.8111432194709778,0.1240312978625297,0.8176332712173462,0.4318386018276214,0.5562621355056763,0.0949989110231399,0.8269734978675842,0.1503674983978271,0.7967965006828308
392,392,train,17649,0.9462488889694214,0.1206740587949752,0.6779136061668396,0.3582421243190765,0.9449030160903932,0.1110437363386154,0.8581443428993225,0.197008803486824,0.932376503944397,0.1413917392492294,0.7581283450126648,0.2560138404369354,0.9146568775177002,0.1383151262998581,0.9207410216331482,0.1282757073640823,0.9334945678710938,0.1284777224063873,0.9291194677352904,0.1293230354785919,0.800421953201294,0.2458453178405761,0.940680742263794,0.1132548600435257
393,393,test,18433,0.0841589197516441,0.908471941947937,0.1585327535867691,0.8268784880638123,0.2132340669631958,0.7979623675346375,0.1235804632306099,0.8606395125389099,0.1309084594249725,0.8923850655555725,0.0516089871525764,0.9277399778366088,0.0834983214735984,0.9127207398414612,0.0623701252043247,0.9215144515037536,0.0650606304407119,0.9238260984420776,0.3159119486808777,0.7418175339698792,0.053757082670927,0.9244621992111206,0.0994349345564842,0.9070262908935548
394,394,train,18006,0.0616770088672637,0.9079764485359192,0.1611519902944564,0.8231616020202637,0.0799607709050178,0.9049431085586548,0.0929971560835838,0.8782411217689514,0.0916651859879493,0.8922061920166016,0.0486183799803257,0.9161211252212524,0.0762120857834816,0.9033549427986144,0.054546870291233,0.9107385873794556,0.0546824783086776,0.914929211139679,0.1115416660904884,0.8729351162910461,0.0507410652935504,0.9135759472846984,0.0731663554906845,0.8996971249580383
395,395,train,18401,0.2429399639368057,0.7268861532211304,0.4583268165588379,0.5705167055130005,0.5972954034805298,0.4220803380012512,0.325603574514389,0.6387549638748169,0.3919928967952728,0.6386961936950684,0.1037707775831222,0.8122451305389404,0.1989970058202743,0.7498098015785217,0.1737178117036819,0.7665040493011475,0.1695997714996338,0.7768573760986328,0.7525551915168762,0.3438295722007751,0.1025392264127731,0.810437798500061,0.2313995659351349,0.7305577397346497
396,396,test,18362,0.102345772087574,0.8798943161964417,0.2044288367033004,0.7851776480674744,0.1659446954727172,0.82396000623703,0.1423960328102111,0.8193170428276062,0.1351592689752578,0.8542330861091614,0.0583733804523944,0.9077176451683044,0.0921116471290588,0.882121741771698,0.0780781656503677,0.8941532969474792,0.0724832564592361,0.9005445837974548,0.2341147363185882,0.7520700097084045,0.0629781633615493,0.9015482664108276,0.1019613146781921,0.8790115118026733
397,397,train,18133,0.0363483093678951,0.9289823174476624,0.1456258296966552,0.8282455801963806,0.0564639642834663,0.9206496477127076,0.0518247634172439,0.9064624905586244,0.0628596767783165,0.9132292866706848,0.0322433374822139,0.9333716630935668,0.0433346144855022,0.929478108882904,0.0343552865087986,0.9335772395133972,0.0347354747354984,0.9348636269569396,0.0929118692874908,0.871423065662384,0.0319417901337146,0.933298885822296,0.0447779782116413,0.9297579526901244
398,398,train,16983,0.1590248346328735,0.8070456385612488,0.3189154863357544,0.7030860185623169,0.4239230155944824,0.6116126179695129,0.1808323711156845,0.7832221984863281,0.2115129828453064,0.7964953780174255,0.0842413157224655,0.8529251217842102,0.1647914201021194,0.8055480122566223,0.1365982294082641,0.8299124240875244,0.1365113854408264,0.825458824634552,0.4706433713436126,0.5968422293663025,0.0860183164477348,0.8529485464096069,0.1892214715480804,0.7946912050247192
399,399,train,18284,0.0516706481575965,0.9301236867904664,0.1123890876770019,0.8773483037948608,0.1055015474557876,0.8902267217636108,0.0751957967877388,0.8977649807929993,0.0739145129919052,0.9217112064361572,0.0394896268844604,0.9296749830245972,0.063107855618,0.9226449728012084,0.0501004122197628,0.9264031052589417,0.0461880452930927,0.9276770949363708,0.1574711501598358,0.8385965824127197,0.0393964722752571,0.9262855648994446,0.058388665318489,0.9214361310005188
400,400,train,17448,0.6369900107383728,0.5048834085464478,0.5844888687133789,0.4836868345737457,0.903984785079956,0.1928929090499878,0.6251470446586609,0.4631440639495849,0.677471399307251,0.486553817987442,0.2093159258365631,0.7508302927017212,0.4720180332660675,0.6308782696723938,0.4330674707889557,0.6341062784194946,0.4960260391235351,0.6044309139251709,0.884651243686676,0.2130845338106155,0.212588369846344,0.7671207189559937,0.5901282429695129,0.5301370024681091
401,401,train,18255,0.0470994971692562,0.909103512763977,0.408137172460556,0.6147542595863342,0.0513217188417911,0.9180371165275574,0.0922430232167244,0.8380031585693359,0.1024679914116859,0.8526824116706848,0.0331638865172863,0.9272308349609376,0.0521321557462215,0.9176356196403505,0.0364950075745582,0.9262903928756714,0.0400864705443382,0.925556778907776,0.1477806568145752,0.8133930563926697,0.0325493812561035,0.9290285110473632,0.0616345927119255,0.9086685180664062
402,402,train,17792,0.0910056084394455,0.8799375295639038,0.3990750908851623,0.6611103415489197,0.4700266122817993,0.5636842250823975,0.1510538756847381,0.808336079120636,0.1721167713403701,0.8353339433670044,0.0488224253058433,0.9200563430786132,0.0750891640782356,0.90284663438797,0.0585402175784111,0.910346508026123,0.0649554729461669,0.9089835286140442,0.7353518009185791,0.3386437594890594,0.0488934256136417,0.9176443219184875,0.0953459292650222,0.8844290375709534
403,403,train,17193,0.193793311715126,0.7662805318832397,0.4860250651836395,0.5727427005767822,0.5623310208320618,0.53447425365448,0.2656082510948181,0.7065733075141907,0.314279556274414,0.7093632817268372,0.0829904675483703,0.8603821396827698,0.1623766869306564,0.8051106929779053,0.1287749260663986,0.8253948092460632,0.128608837723732,0.8243826031684875,0.5138334035873413,0.5803292989730835,0.0845389440655708,0.8535147309303284,0.1884963661432266,0.7679055333137512
404,404,train,18553,0.8807128667831421,0.2279132455587387,0.6650299429893494,0.3885172605514526,0.9354116320610046,0.1221268773078918,0.8043301105499268,0.2590261697769165,0.8819872140884399,0.2435544580221176,0.4046674966812134,0.5325576066970825,0.7262007594108582,0.3695125877857208,0.7483701705932617,0.3309917449951172,0.8089554905891418,0.2912912368774414,0.9237172603607178,0.1455028653144836,0.3574070632457733,0.5796785354614258,0.8699854612350464,0.2081779688596725
405,405,test,18211,0.0779791325330734,0.8607197403907776,0.1940167248249054,0.7246525287628174,0.0937394574284553,0.8495138883590698,0.1127643883228302,0.8058347702026367,0.122717872262001,0.8075243234634399,0.0685605704784393,0.8790502548217773,0.0878472030162811,0.8602904677391052,0.0688401013612747,0.8744376301765442,0.065764732658863,0.8801645636558533,0.1556913256645202,0.7576603889465332,0.0668120831251144,0.8801052570343018,0.0855952650308609,0.8572810888290405
406,406,train,17393,0.1385421156883239,0.797356128692627,0.5803555846214294,0.4841162264347076,0.6772122383117676,0.4102551639080047,0.2719103991985321,0.6643773913383484,0.3151545524597168,0.6593092679977417,0.0598606206476688,0.8771170377731323,0.1006853133440017,0.8519574999809265,0.070309430360794,0.8643726110458374,0.0824474841356277,0.8606638312339783,0.6443919539451599,0.4232837259769439,0.0594493858516216,0.8838633298873901,0.1186416447162628,0.8154510855674744
407,407,train,18044,0.1293109059333801,0.8309818506240845,0.3506407439708709,0.6508472561836243,0.1744006872177124,0.7821008563041687,0.1873076260089874,0.7558002471923828,0.2064616084098816,0.7944163680076599,0.0690930858254432,0.8726592659950256,0.1198679730296135,0.8465244770050049,0.0974742621183395,0.8624654412269592,0.1025237217545509,0.8608231544494629,0.305545300245285,0.712875247001648,0.0702989548444747,0.8723646402359009,0.1402332037687301,0.8277260661125183
408,408,train,17125,0.0792430192232132,0.917970895767212,0.1994046866893768,0.8375694155693054,0.12728913128376,0.8757379651069641,0.112605981528759,0.8772066831588745,0.1112139672040939,0.9083267450332642,0.0446298494935035,0.9347413182258606,0.0754846632480621,0.9259409308433532,0.0584567822515964,0.9303101897239684,0.0604311414062976,0.9309210777282716,0.2402802407741546,0.7981685996055603,0.0442144460976123,0.9306026697158812,0.0782485678791999,0.924342930316925
409,409,train,17728,0.1154167652130127,0.8522733449935913,0.2411849349737167,0.7315003871917725,0.1619233638048172,0.7999832630157471,0.1734057962894439,0.7721381783485413,0.179308071732521,0.8082635998725891,0.0781400948762893,0.8765131831169128,0.1272011548280716,0.8420161008834839,0.096570149064064,0.8627256751060486,0.0875269472599029,0.8706158399581909,0.2194232791662216,0.7619152069091797,0.0817264840006828,0.8737392425537109,0.1187601089477539,0.8317988514900208
410,410,test,18580,0.176152229309082,0.7877675890922546,0.3580611646175384,0.6554471254348755,0.6573622226715088,0.4079617857933044,0.2125820368528366,0.7277004718780518,0.3258145749568939,0.7196568846702576,0.0854420736432075,0.8382556438446045,0.1711367517709732,0.7824559211730957,0.1369047909975052,0.7875058054924011,0.1533814370632171,0.783561646938324,0.7173957228660583,0.3787070512771606,0.0836857259273529,0.8295044302940369,0.2394262254238128,0.7108256220817566
411,411,test,17084,0.9466606378555298,0.1198404878377914,0.6756830811500549,0.3590842187404632,0.9440696239471436,0.1106964126229286,0.858526349067688,0.1963010132312774,0.9330748319625854,0.139758363366127,0.7603123784065247,0.2593602240085602,0.9159659147262572,0.1389104276895523,0.9221112132072448,0.1271656453609466,0.9346166849136353,0.1294131726026535,0.9288201928138732,0.1268923580646515,0.8055896162986755,0.2472007423639297,0.9417088627815248,0.112795665860176
412,412,train,17244,0.208836168050766,0.7687036991119385,0.4903762638568878,0.5425522923469543,0.7924081087112427,0.2569938004016876,0.2986727952957153,0.6395197510719299,0.3642924726009369,0.6864022612571716,0.0719328448176384,0.8638310432434082,0.1534984558820724,0.8132508993148804,0.1152468994259834,0.8291909694671631,0.1217417418956756,0.8380212783813477,0.8291519284248352,0.2479129284620285,0.0705906748771667,0.8587858080863953,0.2391925752162933,0.7475498914718628
413,413,train,18322,0.0668519362807273,0.9059095978736876,0.2359412014484405,0.7627333998680115,0.0832163318991661,0.8962113261222839,0.0881551727652549,0.8781629800796509,0.1018273085355758,0.8916239738464355,0.0461088642477989,0.9218482375144958,0.0717883929610252,0.914189875125885,0.05276595428586,0.919050633907318,0.0559430159628391,0.9198607802391052,0.1348442435264587,0.8579612374305725,0.0460070632398128,0.9212489128112792,0.0741585940122604,0.9062026143074036
414,414,train,17854,0.0953060835599899,0.7702361941337585,0.2613739371299743,0.6985495686531067,0.3514299988746643,0.586776614189148,0.1265866160392761,0.7597672939300537,0.147208109498024,0.7593386173248291,0.067278578877449,0.8195971250534058,0.1059827357530593,0.7676584720611572,0.0757415294647216,0.7940924763679504,0.0815957933664321,0.7966658473014832,0.3268658220767975,0.5982449054718018,0.0677528604865074,0.8138979077339172,0.1171928271651268,0.7559409141540527
415,415,train,17506,0.0758348330855369,0.8920753002166748,0.2692842185497284,0.6917136311531067,0.12898950278759,0.853713870048523,0.1109192967414856,0.8309215903282166,0.103663794696331,0.8556356430053711,0.0502951778471469,0.9022527933120728,0.071147434413433,0.8885401487350464,0.0584368556737899,0.8966806530952454,0.0572840832173824,0.9022334218025208,0.242832750082016,0.7172226905822754,0.0513465069234371,0.9030930995941162,0.0750472620129585,0.8873226642608643
416,416,train,18739,0.8778669834136963,0.1725665032863617,0.6819785833358765,0.3614692986011505,0.9349781274795532,0.123915709555149,0.8150049448013306,0.2231151312589645,0.9011412858963012,0.1655865460634231,0.3874539732933044,0.485734760761261,0.6793866157531738,0.3062749803066253,0.7208384871482849,0.2761070132255554,0.7726942300796509,0.2609289288520813,0.919030487537384,0.1507768481969833,0.3756236732006073,0.5004299283027649,0.8451305031776428,0.1785091906785965
417,417,test,17929,0.3475926518440246,0.6733075976371765,0.5173262357711792,0.5237838625907898,0.7452500462532043,0.3379625678062439,0.4077990353107452,0.5816972255706787,0.4573284685611725,0.6084061861038208,0.0982695147395134,0.805975079536438,0.2280170321464538,0.7427452802658081,0.2183285653591156,0.7407562136650085,0.2078160047531128,0.751255452632904,0.8157290816307068,0.2678743004798889,0.0971560850739479,0.8137093782424927,0.3033680617809295,0.701583743095398
418,418,train,18177,0.0372573509812355,0.9222716093063354,0.1024378612637519,0.8421422839164734,0.0628851875662803,0.918626308441162,0.0477668978273868,0.9006478786468506,0.0502156838774681,0.9109975695610046,0.037014402449131,0.9214084148406982,0.0466604121029377,0.920795202255249,0.0375047177076339,0.9244704842567444,0.0377924814820289,0.9252293705940248,0.0792194679379463,0.8789642453193665,0.0366718247532844,0.9227254986763,0.0477032847702503,0.9241502285003662
419,419,train,17089,0.1025859043002128,0.8602375388145447,0.4096963405609131,0.6358134150505066,0.1825256943702697,0.7672271132469177,0.1834532767534256,0.7600381374359131,0.1668710559606552,0.821372926235199,0.0600223764777183,0.9032880067825316,0.0965981930494308,0.8806138634681702,0.0755832940340042,0.8887836933135986,0.078341469168663,0.8896021246910095,0.4528579711914062,0.5744057893753052,0.062223132699728,0.8974015116691589,0.1122021973133087,0.8624951243400574
420,420,train,18385,0.0593853667378425,0.8819181323051453,0.178767904639244,0.7774357795715332,0.0905686467885971,0.8280594348907471,0.0979842692613601,0.8254001140594482,0.0897049307823181,0.86126309633255,0.0467935688793659,0.8937597274780273,0.0611655972898006,0.8825061321258545,0.0506354048848152,0.888766348361969,0.0514217913150787,0.8927574753761292,0.1399158388376236,0.7976995706558228,0.0461500100791454,0.8907102942466736,0.0691666007041931,0.8837636709213257
421,421,train,17819,0.1611597090959549,0.7991859912872314,0.3936471045017242,0.5927718281745911,0.2274563908576965,0.6769089698791504,0.2300987988710403,0.7182864546775818,0.1963829398155212,0.7817676663398743,0.0874193459749221,0.8521163463592529,0.1450496315956115,0.8271226286888123,0.1285827159881591,0.829376220703125,0.1356887221336364,0.8268269896507263,0.6213110089302063,0.3880475461483001,0.0896843895316124,0.8462864756584167,0.1904510110616684,0.779589831829071
422,422,train,17654,0.0804722979664802,0.8553935289382935,0.197077214717865,0.7478165030479431,0.1261975318193435,0.7714030146598816,0.1210613995790481,0.8029218316078186,0.1081364452838897,0.8314250111579895,0.0549797378480434,0.8818972110748291,0.0821137130260467,0.8592870235443115,0.0710707232356071,0.8710207343101501,0.0680666640400886,0.8767633438110352,0.1997670382261276,0.7297659516334534,0.0568092800676822,0.8805030584335327,0.0932379141449928,0.8493067622184753
423,423,train,17026,0.0728415623307228,0.910190224647522,0.1704044193029403,0.8029525876045227,0.0849216803908348,0.8858374953269958,0.102556899189949,0.8642488718032837,0.1028227657079696,0.894324779510498,0.047485128045082,0.9234262108802797,0.0827461555600166,0.9053597450256348,0.0625105053186416,0.9195277690887452,0.062135849148035,0.9211224913597108,0.1408000588417053,0.8545920252799988,0.0500274933874607,0.9230107665061952,0.0854104086756706,0.9068434238433838
424,424,train,17465,0.6978009343147278,0.3760514259338379,0.6377052068710327,0.4020998179912567,0.8981903195381165,0.1659521758556366,0.7007983326911926,0.3398580849170685,0.7435028553009033,0.3731855750083923,0.1633981019258499,0.6837180852890015,0.4444193840026855,0.5352381467819214,0.4135917723178863,0.5112119317054749,0.4477579295635223,0.5260962843894958,0.9066110253334044,0.1694462746381759,0.1584571450948715,0.6904497146606445,0.5475048422813416,0.4498633742332458
425,425,train,17470,0.6338056325912476,0.3634617328643799,0.630415141582489,0.3908733427524566,0.895671546459198,0.148004949092865,0.6654070019721985,0.32843679189682,0.7418894171714783,0.3060605525970459,0.1605728864669799,0.6681240200996399,0.2967179119586944,0.560512900352478,0.3148925006389618,0.552783191204071,0.3395520746707916,0.5404608845710754,0.8902709484100342,0.1741292774677276,0.1443177163600921,0.6872683167457581,0.5047008395195007,0.4370629489421844
426,426,train,17318,0.0679238885641098,0.9003071188926697,0.35535728931427,0.6867610812187195,0.0832749977707862,0.9005588889122009,0.1164622828364372,0.8454551696777344,0.12268528342247,0.8581339120864868,0.044945191591978,0.9248401522636414,0.0660585761070251,0.9145750999450684,0.0497800335288047,0.9216985702514648,0.0518391244113445,0.9213212728500366,0.1478285491466522,0.8380205035209656,0.0454623214900493,0.9222612380981444,0.0729273781180381,0.904345452785492
427,427,train,17290,0.167743980884552,0.8068264126777649,0.528788149356842,0.5233173370361328,0.8172231912612915,0.2845192849636078,0.2794077694416046,0.6763518452644348,0.3213931620121002,0.7023140788078308,0.0595080703496933,0.8988679647445679,0.1412778943777084,0.8567502498626709,0.1072431802749633,0.8637592792510986,0.1147854104638099,0.8667634129524231,0.8416588306427002,0.24696646630764,0.0606462024152278,0.8991745710372925,0.2080451399087906,0.8046581745147705
428,428,test,17586,0.1335939764976501,0.8503692150115967,0.284807950258255,0.7289997935295105,0.1943888962268829,0.7743731141090393,0.2095170766115188,0.7604142427444458,0.2396313846111297,0.8086102604866028,0.0667502656579017,0.9000342488288879,0.1223804503679275,0.8646600842475891,0.0934694781899452,0.8743727207183838,0.0962461680173873,0.879694938659668,0.3514828979969024,0.6671780347824097,0.0697537809610366,0.897186815738678,0.1424689590930938,0.8417694568634033
429,429,train,18266,0.0886955484747886,0.8320842385292053,0.394807755947113,0.5735989809036255,0.185912936925888,0.7844470739364624,0.146451786160469,0.7698956727981567,0.1988676786422729,0.746584415435791,0.0607853792607784,0.8736320734024048,0.0908827111124992,0.8540793657302856,0.0678349137306213,0.8594285845756531,0.0708634704351425,0.8602954149246216,0.353291779756546,0.60973060131073,0.0616034939885139,0.8726560473442078,0.0996961146593093,0.8440545797348022
430,430,test,17562,0.7749910950660706,0.3186294436454773,0.6702753305435181,0.3870041966438293,0.9288978576660156,0.1338298618793487,0.755033016204834,0.3175994157791137,0.8192967176437378,0.2905406653881073,0.2625702023506164,0.6448829770088196,0.469930499792099,0.534331738948822,0.4621746242046356,0.5245877504348755,0.5749529004096985,0.4535598754882812,0.91214519739151,0.1635184437036514,0.2555895745754242,0.6813821792602539,0.7415217161178589,0.3161899447441101
431,431,test,17518,0.1162603870034217,0.8314919471740723,0.2911924719810486,0.6883670091629028,0.2350684553384781,0.6659314632415771,0.1708123534917831,0.7538102865219116,0.1605319678783416,0.7977164387702942,0.0659581050276756,0.8732565641403198,0.1110113561153411,0.848852276802063,0.0991170480847358,0.8532110452651978,0.0956709906458854,0.8589085936546326,0.3195908367633819,0.6605749130249023,0.0682753250002861,0.866604208946228,0.1250794231891632,0.8337597846984863
432,432,train,16989,0.4847736060619354,0.4997727572917938,0.5936450958251953,0.4622595906257629,0.842818021774292,0.2138419598340988,0.5522858500480652,0.4574800133705139,0.6428490281105042,0.4449577033519745,0.1105610132217407,0.7481662631034851,0.2954938113689422,0.6291643381118774,0.2359815239906311,0.6396646499633789,0.2619427442550659,0.6361106038093567,0.8739061951637268,0.2092869132757187,0.1003522872924804,0.7557821273803711,0.472428560256958,0.4937863349914551
433,433,test,18413,0.0960890278220176,0.8709424138069153,0.2123963236808776,0.7582988142967224,0.1456767469644546,0.8412048816680908,0.141346126794815,0.8048023581504822,0.1442598104476928,0.8453651070594788,0.0535188503563404,0.9087183475494384,0.0972429066896438,0.8855778574943542,0.0710167214274406,0.8959669470787048,0.0714521557092666,0.9011561870574952,0.3258706927299499,0.6604052782058716,0.0542673729360103,0.9055269360542296,0.096765749156475,0.8807738423347473
434,434,train,18390,0.2049999088048935,0.7205942869186401,0.4944938123226166,0.5374350547790527,0.621106743812561,0.4072071015834808,0.3184701800346374,0.6345319151878357,0.3440349996089935,0.6576793193817139,0.1020201221108436,0.8016948103904724,0.1816354244947433,0.7545916438102722,0.1376764625310897,0.7750399708747864,0.1466838419437408,0.7619330883026123,0.7465401291847229,0.3300430476665497,0.0986306369304657,0.8010403513908386,0.2034832239151001,0.716794490814209
435,435,test,17867,0.1523855924606323,0.7806100845336914,0.5650564432144165,0.4904605746269226,0.4847423136234283,0.5077334642410278,0.3242985010147095,0.6523965001106262,0.3410518169403076,0.6655279397964478,0.0640628188848495,0.8631994724273682,0.1199868619441986,0.8207797408103943,0.0954463109374046,0.8334726691246033,0.1066113114356994,0.8316185474395752,0.8020569086074829,0.2937897145748138,0.0665004551410675,0.8644423484802246,0.1720966547727584,0.7688133120536804
436,436,train,17963,0.62347012758255,0.51323002576828,0.6377491354942322,0.4263370633125305,0.9068332314491272,0.1802760362625122,0.6428467035293579,0.4445969760417938,0.729367733001709,0.4258998930454254,0.1648519188165664,0.7860217690467834,0.3148133754730224,0.7104076147079468,0.3418200016021728,0.6929381489753723,0.3568737506866455,0.6981134414672852,0.9025269746780396,0.1869572550058365,0.1571889370679855,0.7874946594238281,0.5084586143493652,0.5928497910499573
437,437,train,18535,0.046192742884159,0.9269477128982544,0.1983328163623809,0.7977932095527649,0.1570329666137695,0.8524438738822937,0.0823507905006408,0.8848587870597839,0.0758512914180755,0.9049422144889832,0.0365968868136405,0.933591902256012,0.0509216226637363,0.929467499256134,0.0407454669475555,0.9319368600845336,0.0408500507473945,0.9326409101486206,0.2474920600652694,0.7580676078796387,0.0352789089083671,0.9367938041687012,0.0573702305555343,0.920659363269806
438,438,test,18344,0.1603136956691742,0.7931931614875793,0.5609579086303711,0.4635412693023681,0.3138327300548553,0.6297847032546997,0.3281987309455871,0.611005425453186,0.3568436503410339,0.640049397945404,0.0732913613319397,0.868931233882904,0.1298842132091522,0.8235521912574768,0.1101329699158668,0.8350864052772522,0.1073817461729049,0.8472456336021423,0.8566528558731079,0.1985959708690643,0.0737859830260276,0.8610709309577942,0.1676525175571441,0.7896916270256042
439,439,test,17105,0.0491441339254379,0.9066175818443298,0.1519890427589416,0.7883597612380981,0.0601727776229381,0.8877413272857666,0.0723326951265335,0.8689964413642883,0.076996311545372,0.8845852613449097,0.0382175669074058,0.9145204424858092,0.0609388500452041,0.9092456102371216,0.0424533300101757,0.9121394157409668,0.0437979847192764,0.9117410778999328,0.0851247757673263,0.8587120771408081,0.037018533796072,0.9130244851112366,0.0624095611274242,0.905018389225006
440,440,train,18118,0.0570969991385936,0.9231098890304564,0.1764815151691436,0.8229835033416748,0.0955753698945045,0.8846727013587952,0.0882336348295211,0.8794944882392883,0.0960398688912391,0.9065212607383728,0.0445057526230812,0.9276899099349976,0.0632318332791328,0.9256435632705688,0.0508893579244613,0.9264954328536988,0.0488848611712455,0.9289681315422058,0.1685678213834762,0.8242350220680237,0.0482844747602939,0.9215775728225708,0.068759299814701,0.9257471561431884
441,441,train,18127,0.0468928217887878,0.9131180047988892,0.1065345853567123,0.8361068964004517,0.05943613499403,0.8945873379707336,0.0576131083071231,0.8811503052711487,0.0630651116371154,0.8965461850166321,0.0379849486052989,0.9164270758628844,0.0579482242465019,0.9001071453094482,0.0422226972877979,0.910914182662964,0.0436638928949832,0.914870023727417,0.0992986783385276,0.8636070489883423,0.0398431904613971,0.9141200184822084,0.0620195902884006,0.8996961712837219
442,442,train,17848,0.0980870425701141,0.8526976704597473,0.2676936686038971,0.695645809173584,0.1645350605249405,0.8035508990287781,0.1359252780675888,0.789251983165741,0.143126368522644,0.8312050104141235,0.056707989424467,0.8932809233665466,0.0953792035579681,0.870016872882843,0.0735864713788032,0.8802624344825745,0.0800574049353599,0.8771339058876038,0.2570432126522064,0.7283908724784851,0.0573041215538978,0.8890169262886047,0.120267279446125,0.8399862051010132
443,443,train,17263,0.1724078059196472,0.8225975632667542,0.4865131080150604,0.5867578983306885,0.7931695580482483,0.3323053121566772,0.2634725868701935,0.7187532782554626,0.312038242816925,0.744953453540802,0.0627856999635696,0.8994781374931335,0.1291069090366363,0.8610705733299255,0.093725137412548,0.8775962591171265,0.1037347018718719,0.8783939480781555,0.8725662231445312,0.2397949397563934,0.062565840780735,0.902880609035492,0.1927621364593505,0.8117128014564514
444,444,train,17150,0.2291493266820907,0.7869246602058411,0.5761387348175049,0.4823119044303894,0.7694998979568481,0.3386431932449341,0.417939692735672,0.6440204381942749,0.4094443917274475,0.702486515045166,0.0826693326234817,0.8718779683113098,0.1453693509101867,0.8437854051589966,0.1275658458471298,0.8523465394973755,0.1254001855850219,0.849751889705658,0.8179417848587036,0.2793980538845062,0.0828511863946914,0.8771411776542664,0.1876761317253112,0.817175030708313
445,445,train,18179,0.2442184835672378,0.7559412717819214,0.4356614053249359,0.6521577835083008,0.4336990118026733,0.6030794978141785,0.3004519343376159,0.6994152665138245,0.3306978940963745,0.7311817407608032,0.0965932607650756,0.8609081506729126,0.1808180510997772,0.819036602973938,0.141998216509819,0.8327511548995972,0.1552653312683105,0.8265276551246643,0.5267427563667297,0.5471943616867065,0.0903264880180358,0.8631297945976257,0.2406413704156875,0.7625661492347717
446,446,train,17248,0.065799131989479,0.9012290239334106,0.2742169797420501,0.7134544253349304,0.1790783405303955,0.820337176322937,0.0966450348496437,0.8752186298370361,0.114765465259552,0.8693820238113403,0.0564183555543422,0.923502504825592,0.086392231285572,0.910147786140442,0.0617820806801319,0.9168130159378052,0.0645125359296798,0.9153239130973816,0.2283826023340225,0.7612266540527344,0.0556112229824066,0.9272356033325196,0.0920329615473747,0.8978874683380127
447,447,test,17140,0.2471285909414291,0.784608006477356,0.4586544334888458,0.6206036806106567,0.7931487560272217,0.339796781539917,0.3422712981700897,0.6826264262199402,0.3757083415985107,0.7452850341796875,0.0845581516623497,0.8603305220603943,0.1770188957452774,0.813782811164856,0.1330863684415817,0.8416124582290649,0.1366281360387802,0.8513507843017578,0.8383975625038147,0.2735781073570251,0.0791291519999504,0.8560509085655212,0.2169495522975921,0.7916173934936523
448,448,train,18235,0.155055433511734,0.7148054838180542,0.5752736926078796,0.4768686592578888,0.3237420618534088,0.6142204999923706,0.2715490758419037,0.653395414352417,0.2996076941490173,0.6485245823860168,0.0709613114595413,0.8256014585494995,0.1174953803420066,0.7855921983718872,0.0879647657275199,0.8097875118255615,0.1036176830530166,0.7934644818305969,0.666501522064209,0.3974740207195282,0.0722827017307281,0.8217540383338928,0.1466720104217529,0.7686477303504944
449,449,train,17370,0.1505097150802612,0.8738122582435608,0.3569319248199463,0.6980951428413391,0.0928804203867912,0.8859184980392456,0.196550652384758,0.8163477182388306,0.2441426813602447,0.8393874168395996,0.0622694455087184,0.9126756191253662,0.1110282987356185,0.898667573928833,0.0804908573627471,0.9059500098228456,0.102235272526741,0.8980536460876465,0.3675433397293091,0.7309638857841492,0.0622068829834461,0.9133248329162598,0.1483116745948791,0.8753730654716492
450,450,train,16964,0.0756112858653068,0.88679039478302,0.1507430225610733,0.8189949989318848,0.0857239887118339,0.8847049474716187,0.0949152633547782,0.8451021313667297,0.0927471667528152,0.8793615698814392,0.0589736960828304,0.8889567255973816,0.0876844599843025,0.8782558441162109,0.0735950171947479,0.8872156739234924,0.0670520067214965,0.8948504328727722,0.1189719140529632,0.8562378287315369,0.0620799921452999,0.8876447677612305,0.084534004330635,0.8816795945167542
451,451,train,17606,0.1589487940073013,0.8074784874916077,0.4038264155387878,0.6242185235023499,0.3233229517936706,0.6684183478355408,0.2430412024259567,0.7070083022117615,0.2617276310920715,0.7573860287666321,0.058013305068016,0.8835689425468445,0.1408392786979675,0.8401764035224915,0.1176183447241783,0.8505340218544006,0.1015747562050819,0.8570200204849243,0.4154577851295471,0.5945835113525391,0.0605149380862712,0.8838696479797363,0.1518344432115554,0.8120191693305969
452,452,train,18590,0.935616374015808,0.1337197422981262,0.6744804382324219,0.3678539991378784,0.943015456199646,0.1157176792621612,0.8493770360946655,0.2077951729297638,0.9215137362480164,0.158538669347763,0.6498744487762451,0.3166716396808624,0.8846569061279297,0.1660465449094772,0.8937248587608337,0.1573376953601837,0.9170470237731934,0.1495029628276825,0.9273465275764464,0.1339225620031356,0.6084164977073669,0.3646131157875061,0.9306333661079408,0.1224590167403221
453,453,train,17480,0.0843909308314323,0.9162030816078186,0.218586266040802,0.8086745738983154,0.4165903925895691,0.6612952351570129,0.1187204420566558,0.8770861625671387,0.1172867342829704,0.910161018371582,0.0454176254570484,0.928908348083496,0.0688637048006057,0.9215545654296876,0.0576091483235359,0.9245681762695312,0.0590013153851032,0.92754328250885,0.4981696009635925,0.6348838806152344,0.0482184216380119,0.9296678900718688,0.0848654806613922,0.9095860123634338
454,454,test,18432,0.9129143357276917,0.1738387048244476,0.6749714016914368,0.3745760321617126,0.9436237812042236,0.1130262315273284,0.8283796310424805,0.2282697111368179,0.911209762096405,0.1832641214132309,0.4324590563774109,0.496751993894577,0.7806100845336914,0.3068482279777527,0.8245582580566406,0.2396437376737594,0.848704993724823,0.2405133098363876,0.9254970550537108,0.1398607194423675,0.4376576542854309,0.5056641101837158,0.8987736701965332,0.166624516248703
455,455,train,18750,0.1608202457427978,0.7724105715751648,0.3781103491783142,0.6224801540374756,0.6947091221809387,0.3753880560398102,0.2145582139492035,0.7094501852989197,0.2909109890460968,0.7124377489089966,0.1040325835347175,0.8176904916763306,0.2092090249061584,0.7590151429176331,0.175898790359497,0.7614299654960632,0.1556379348039627,0.7875769138336182,0.6774184107780457,0.3833898305892944,0.1098768413066864,0.8138237595558167,0.2286330312490463,0.7341095209121704
456,456,train,18136,0.5775045156478882,0.5491036176681519,0.6255232095718384,0.4365201294422149,0.780859649181366,0.2871052920818329,0.6060008406639099,0.4489383101463318,0.6137687563896179,0.5233339667320251,0.1044512242078781,0.8353015780448914,0.2259722352027893,0.7812170386314392,0.2338019460439682,0.765695333480835,0.2804200947284698,0.7488998174667358,0.8609588742256165,0.2371632158756256,0.1208291053771972,0.8353362679481506,0.4215947687625885,0.6422876119613647
457,457,train,17245,0.0537763088941574,0.8884461522102356,0.1829954981803894,0.7329384684562683,0.0743078589439392,0.84544837474823,0.0766831636428833,0.8416239619255066,0.0747089087963104,0.866983950138092,0.0425292700529098,0.9021192193031312,0.0625722333788871,0.8912474513053894,0.0495994500815868,0.8950682282447815,0.0496350899338722,0.8991879224777222,0.1090702787041664,0.821670413017273,0.0433371663093566,0.9002321362495422,0.0664171129465103,0.8810811638832092
458,458,train,17134,0.0610709488391876,0.9193485975265504,0.223882794380188,0.7749063372612,0.2164139449596405,0.8108603358268738,0.0828102156519889,0.881917417049408,0.0897968262434005,0.9006369113922119,0.0384202823042869,0.936409056186676,0.0605096817016601,0.9288638830184937,0.0522713996469974,0.9310449361801147,0.0511962212622165,0.932369828224182,0.3253611326217651,0.7008076906204224,0.039634820073843,0.9360854625701904,0.0757270082831382,0.9212186932563782
459,459,train,17544,0.042859498411417,0.9104169011116028,0.1795144081115722,0.7709820866584778,0.0497453548014164,0.9001073241233826,0.0587575919926166,0.8760666251182556,0.0635978132486343,0.8928382992744446,0.0302533004432916,0.9216920733451844,0.0489898025989532,0.9137909412384032,0.0360162369906902,0.920203447341919,0.0379887297749519,0.9206173419952391,0.0844611078500747,0.8474295139312744,0.030468925833702,0.920136332511902,0.0538590475916862,0.9110598564147948
460,460,train,17053,0.0349154658615589,0.9399065971374512,0.0945513397455215,0.8781343698501587,0.0490571744740009,0.9299635887145996,0.0527765601873397,0.9158883690834044,0.0504726096987724,0.9345164895057678,0.0318213291466236,0.939174473285675,0.0446805022656917,0.938478946685791,0.0335377231240272,0.9414361119270324,0.0335619188845157,0.9418094158172609,0.0728442072868347,0.901833474636078,0.0320010744035244,0.9403170347213744,0.0476836040616035,0.9365052580833436
461,461,train,17931,0.64195716381073,0.5252931714057922,0.5803452730178833,0.480879932641983,0.8554323315620422,0.252035528421402,0.5932247042655945,0.4916105270385742,0.6812667846679688,0.5032935738563538,0.1978102475404739,0.8166972398757935,0.3903212249279022,0.7224512696266174,0.395764410495758,0.7062703967094421,0.4659965634346008,0.6868041753768921,0.8574123978614807,0.2505795061588287,0.1988156139850616,0.8207070231437683,0.5388948321342468,0.615947425365448
462,462,train,18557,0.1332381218671798,0.8117026090621948,0.5158402323722839,0.5520142316818237,0.7444479465484619,0.3372852504253387,0.2989362776279449,0.6746572256088257,0.2989077866077423,0.6962105631828308,0.0587607473134994,0.8987287282943726,0.0931594893336296,0.8755771517753601,0.079204723238945,0.8793764710426331,0.0874052420258522,0.8723728060722351,0.8242135643959045,0.2632918655872345,0.0607966780662536,0.899052083492279,0.1423726677894592,0.828731894493103
463,463,test,17640,0.121076613664627,0.8201051354408264,0.5426209568977356,0.5007303953170776,0.52081298828125,0.549021303653717,0.2040252685546875,0.7237348556518555,0.241556778550148,0.7296531796455383,0.0573488548398017,0.8831990957260132,0.1029944196343422,0.8547060489654541,0.0753093510866165,0.8667231798171997,0.0854399725794792,0.8649082183837891,0.6188902854919434,0.4354849755764007,0.0573035329580307,0.8895366191864014,0.1388111263513565,0.8202893137931824
464,464,train,17362,0.1880568712949752,0.7837821841239929,0.339061290025711,0.6779963970184326,0.5018457174301147,0.570051372051239,0.2185187041759491,0.7362619638442993,0.2863313555717468,0.7267612218856812,0.102037101984024,0.8502089381217957,0.1884670406579971,0.7928555011749268,0.1358669549226761,0.8095508217811584,0.1509991437196731,0.8102799654006958,0.4254063367843628,0.6011930108070374,0.0981299951672554,0.8387268781661987,0.2331621795892715,0.743618905544281
465,465,train,18703,0.088977500796318,0.8225405812263489,0.2113230675458908,0.7114977240562439,0.1854079365730285,0.7725563049316406,0.1208867877721786,0.7780683040618896,0.1230512559413909,0.7963337898254395,0.0608711615204811,0.876908540725708,0.091885320842266,0.8544161319732666,0.0708048418164253,0.8606603145599365,0.0725024342536926,0.8616739511489868,0.2382894158363342,0.6696223616600037,0.0649178698658943,0.8611225485801697,0.0931031480431556,0.8372215032577515
466,466,test,17075,0.2217350602149963,0.7675884962081909,0.4173031449317932,0.6210176944732666,0.3081263899803161,0.6734485626220703,0.276645690202713,0.708203136920929,0.3294464647769928,0.7119806408882141,0.087717019021511,0.8616434335708618,0.1765045374631881,0.8257834315299988,0.1529110372066497,0.8321653008460999,0.1362883895635604,0.8361007571220398,0.559183657169342,0.5095959901809692,0.0915548130869865,0.863078773021698,0.2075118124485016,0.7869970798492432
467,467,test,18524,0.0558957681059837,0.9090157151222228,0.198730856180191,0.7831026315689087,0.126822143793106,0.8431946635246277,0.0824250355362892,0.8741294145584106,0.0781078934669494,0.890951931476593,0.0464022532105445,0.9245330095291138,0.0639928355813026,0.9109963178634644,0.0491109192371368,0.9171473979949952,0.0533124059438705,0.9194808602333068,0.2115325182676315,0.7581925988197327,0.0466486625373363,0.9255090951919556,0.0745819061994552,0.9041716456413268
468,468,train,18457,0.9152706861495972,0.1607771515846252,0.67256098985672,0.3725495934486389,0.944437563419342,0.1100081130862236,0.8337028622627258,0.2235984206199646,0.9194300770759584,0.1753362268209457,0.5152028799057007,0.4146994650363922,0.8083752989768982,0.243415892124176,0.8255237340927124,0.2233612835407257,0.8611125349998474,0.2178374826908111,0.9246355295181274,0.1395827978849411,0.5049226880073547,0.4386522173881531,0.8959628343582153,0.1707368940114975
469,469,train,17862,0.1580980271100998,0.7378009557723999,0.4458512365818023,0.582921028137207,0.2207579612731933,0.709337592124939,0.2105586528778076,0.68541020154953,0.2800170183181762,0.6787253022193909,0.0819970518350601,0.810000479221344,0.1403148621320724,0.7726189494132996,0.1117106899619102,0.7845714092254639,0.1151863858103752,0.7872933149337769,0.3143890500068664,0.6494488716125488,0.0799394100904464,0.8104021549224854,0.1682261228561401,0.7382602095603943
470,470,train,18157,0.2688436210155487,0.7164609432220459,0.4156140387058258,0.5764877796173096,0.5940970778465271,0.5294249057769775,0.3231392800807953,0.6263973712921143,0.3629229962825775,0.6575239896774292,0.1198103502392768,0.8183867335319519,0.2074068784713745,0.7710583806037903,0.2089963555335998,0.7572960257530212,0.1938711553812027,0.7804375290870667,0.6344687342643738,0.4344621002674103,0.1247254982590675,0.8167986869812012,0.2496142089366912,0.7396342158317566
471,471,train,17765,0.5978665351867676,0.4731828272342682,0.6371353268623352,0.4093731939792633,0.8748376369476318,0.2020040154457092,0.6517162919044495,0.3709160089492798,0.7289313077926636,0.3692783415317535,0.1570179313421249,0.7680639028549194,0.2776480615139007,0.6934412717819214,0.2279423326253891,0.7015330791473389,0.3070161938667297,0.67210853099823,0.9067010879516602,0.1687636822462082,0.1409975439310073,0.7862298488616943,0.5023953914642334,0.5117494463920593
472,472,train,18459,0.180511400103569,0.767022967338562,0.5229601860046387,0.4915720522403717,0.6407086849212646,0.3991095721721649,0.328373521566391,0.6109111905097961,0.3441493809223175,0.6618350744247437,0.0771476179361343,0.8611706495285034,0.1386806368827819,0.8293725848197937,0.1185569539666175,0.833142101764679,0.1268922835588455,0.8347808122634888,0.8306930661201477,0.2364684045314788,0.082997016608715,0.8526346683502197,0.1812375336885452,0.7911456823348999
473,473,train,17408,0.3422874510288238,0.7457786202430725,0.5509634017944336,0.516373872756958,0.843600332736969,0.2811013758182525,0.4477113485336303,0.6071310043334961,0.4919827580451965,0.6435874700546265,0.1206157058477401,0.8544567823410034,0.2537642121315002,0.8005914092063904,0.2149503082036972,0.823029100894928,0.228524625301361,0.8197616934776306,0.8297990560531616,0.2876871824264526,0.1188902631402015,0.8600150942802429,0.3201901614665985,0.7694802284240723
474,474,test,17593,0.3120276927947998,0.6260339021682739,0.5575957894325256,0.4792829751968384,0.7177123427391052,0.3455389142036438,0.4023862779140472,0.553892195224762,0.4529769718647003,0.5460651516914368,0.1448510736227035,0.7798069715499878,0.2436705380678177,0.7250657677650452,0.1883967369794845,0.7464739084243774,0.2119458615779876,0.7310184836387634,0.7626855969429016,0.3074971735477447,0.1442000269889831,0.7782313823699951,0.3052431344985962,0.670493483543396
475,475,train,17473,0.3933528661727905,0.6773584485054016,0.5460224151611328,0.5083513855934143,0.4375545084476471,0.6433038711547852,0.4556785821914673,0.566196084022522,0.5285527110099792,0.603898823261261,0.1042290180921554,0.8543570637702942,0.1886588931083679,0.8043117523193359,0.1852388232946396,0.8021891117095947,0.2124382406473159,0.7907586097717285,0.8571135401725769,0.2114173024892807,0.0942982360720634,0.8503627777099609,0.2986283004283905,0.7180777192115784
476,476,test,18616,0.0427618026733398,0.8855746984481812,0.1565578728914261,0.7481281161308289,0.054455429315567,0.8899838924407959,0.0574917271733284,0.8529950380325317,0.073684275150299,0.8564916849136353,0.038031306117773,0.8916707038879395,0.0555640384554863,0.8833918571472168,0.0417018309235572,0.8927493095397949,0.0402056910097599,0.8958799839019775,0.0936808362603187,0.8086592555046082,0.0377437882125377,0.890252947807312,0.0526626855134964,0.8901282548904419
477,477,train,18278,0.042650569230318,0.8971909284591675,0.108546644449234,0.8046552538871765,0.0496614277362823,0.8927903175354004,0.0634146705269813,0.8466837406158447,0.0588469728827476,0.8828104734420776,0.038306389003992,0.909086287021637,0.0532378032803535,0.8957541584968567,0.040590513497591,0.9018729329109192,0.0409525595605373,0.9083361625671388,0.0812412127852439,0.8397482633590698,0.0378872640430927,0.9064478874206544,0.0593212246894836,0.8899823427200317
478,478,train,17737,0.0788394585251808,0.8554869294166565,0.3702685832977295,0.6040751934051514,0.1741040050983429,0.7982553243637085,0.1241543069481849,0.7828245759010315,0.1369029730558395,0.7961137294769287,0.0525472946465015,0.9036446213722228,0.0796903371810913,0.8814828991889954,0.0581823401153087,0.8974944949150085,0.0659186094999313,0.8906027674674988,0.3172003328800201,0.6163854002952576,0.051149308681488,0.9045064449310304,0.0999513417482376,0.8591844439506531
479,479,train,18324,0.3626596629619598,0.501316249370575,0.6508765816688538,0.4313739836215973,0.861933708190918,0.192208781838417,0.4824542701244354,0.4559887945652008,0.5953701138496399,0.36757892370224,0.1079723089933395,0.7170761227607727,0.201817438006401,0.6434614062309265,0.1708664894104004,0.649033784866333,0.1978695839643478,0.6274390816688538,0.833853006362915,0.2445357143878936,0.1123156249523162,0.71885085105896,0.3447701930999756,0.5046515464782715
480,480,train,18190,0.2424786835908889,0.7187966108322144,0.4667160511016845,0.5567532777786255,0.6338909864425659,0.4060353338718414,0.3392252624034881,0.6178315877914429,0.3539320826530456,0.64372318983078,0.0836051031947135,0.8324708938598633,0.1645498126745224,0.7931932806968689,0.1340178400278091,0.8001126050949097,0.1319922357797622,0.8011467456817627,0.7985180616378784,0.2894805669784546,0.0859608426690101,0.8234533071517944,0.186988428235054,0.7606059312820435
481,481,train,17895,0.9129830598831176,0.1501514613628387,0.6633120775222778,0.3684854507446289,0.9378973245620728,0.1124875918030738,0.8293004631996155,0.2063010782003402,0.9126322269439696,0.1570088118314743,0.579623818397522,0.3569239377975464,0.855252206325531,0.1971930861473083,0.8651384115219116,0.1743411123752594,0.887631893157959,0.1749246418476104,0.9247977137565612,0.1383823454380035,0.5856318473815918,0.3683137595653534,0.9075735807418824,0.150957852602005
482,482,test,18384,0.2990849912166595,0.6536957621574402,0.6259146332740784,0.4552515149116516,0.8593984246253967,0.2411818653345108,0.4780742228031158,0.5179814696311951,0.5199046730995178,0.5216706395149231,0.1231600269675254,0.8167716264724731,0.2242392152547836,0.7493296265602112,0.1802509427070617,0.77419513463974,0.1950525194406509,0.7666912078857422,0.8513361811637878,0.2401967644691467,0.1149473190307617,0.8305167555809021,0.2978013753890991,0.6803241968154907
483,483,test,18399,0.0538163185119628,0.870185911655426,0.3220519721508026,0.633235514163971,0.0679553523659706,0.8965187668800354,0.1026085838675499,0.815868616104126,0.1217704713344574,0.8144897818565369,0.0402387902140617,0.8971492052078247,0.0549498200416564,0.8919529914855957,0.0413785837590694,0.8941121101379395,0.0444427728652954,0.8914219737052917,0.136278286576271,0.7959885597229004,0.0396498031914234,0.8919753432273865,0.0525131784379482,0.8760597109794617
484,484,train,18024,0.0488641150295734,0.9268726110458374,0.2908902466297149,0.7343270182609558,0.0672769844532013,0.9044733047485352,0.0838595703244209,0.8821137547492981,0.0824487805366516,0.9004881381988525,0.0372802913188934,0.937292456626892,0.0539396442472934,0.9266989827156068,0.0420898832380771,0.9346328377723694,0.0431777872145175,0.9355050325393676,0.1316545754671096,0.8570953607559204,0.0399778857827186,0.9399781823158264,0.0634623244404792,0.9189037680625916
485,485,train,17295,0.0899016186594963,0.8477565050125122,0.372611790895462,0.6267710328102112,0.1000188365578651,0.8373685479164124,0.1570119559764862,0.7598824501037598,0.1801708489656448,0.7724530696868896,0.0452689602971077,0.8911507725715637,0.0671878978610038,0.875164270401001,0.0533826909959316,0.8832011222839355,0.0556275695562362,0.8838376998901367,0.181095615029335,0.772155225276947,0.0470829680562019,0.8842865228652954,0.0737730637192726,0.8709037899971008
486,486,train,18715,0.1478278487920761,0.8335145711898804,0.2304663211107254,0.764658510684967,0.239022821187973,0.7479186654090881,0.2062735259532928,0.7783281803131104,0.2139292657375335,0.8093786835670471,0.0771660506725311,0.8761606216430664,0.1397610604763031,0.8418283462524414,0.1125415563583374,0.8515393733978271,0.1069970354437828,0.8619815707206726,0.394605278968811,0.6493749022483826,0.0769589021801948,0.8712198138237,0.1558878272771835,0.8316332697868347
487,487,train,18708,0.0668506696820259,0.8367102742195129,0.4606310725212097,0.5349706411361694,0.098552405834198,0.7947692275047302,0.1457977592945099,0.725703239440918,0.1598623692989349,0.7479948401451111,0.0385339185595512,0.8902561068534851,0.0595951788127422,0.8696792125701904,0.043522909283638,0.877363920211792,0.0490201711654663,0.8765807747840881,0.4247503578662872,0.5062658190727234,0.0392675921320915,0.8902868628501892,0.0737733244895935,0.8478177189826965
488,488,train,17040,0.1824723184108734,0.7771840691566467,0.2538977861404419,0.674778163433075,0.1769650131464004,0.7826400399208069,0.204589381814003,0.7202662825584412,0.2333858013153076,0.743248701095581,0.1180183589458465,0.8077390193939209,0.1891433596611023,0.767943799495697,0.157526358962059,0.7914436459541321,0.153856560587883,0.8002727031707764,0.2394005805253982,0.6971047520637512,0.1249497756361961,0.8065114617347717,0.1840369552373886,0.7670457363128662
489,489,train,17029,0.1038757264614105,0.7841042876243591,0.4466706216335296,0.5276315212249756,0.078220747411251,0.8534343242645264,0.1806378960609436,0.6836546659469604,0.249749019742012,0.6611696481704712,0.0531490184366703,0.8605548739433289,0.0768348723649978,0.8372822999954224,0.0590374395251274,0.8496041893959045,0.06709885597229,0.8392988443374634,0.2744870781898498,0.6431182622909546,0.0518256165087223,0.856521487236023,0.0913965329527854,0.8161290884017944
490,490,test,18286,0.9300113916397096,0.1533448100090026,0.6703072190284729,0.3654730319976806,0.9445751905441284,0.1109009385108947,0.8364192247390747,0.2157754451036453,0.9177918434143066,0.179130345582962,0.6364270448684692,0.3924504518508911,0.8904578685760498,0.2031251341104507,0.8906969428062439,0.1834180802106857,0.9083015322685242,0.1886245310306549,0.9282056093215942,0.1329716742038726,0.6178137063980103,0.4154936075210571,0.930807650089264,0.1426122933626175
491,491,train,17561,0.2428691983222961,0.6461000442504883,0.5996239185333252,0.4240025877952575,0.8478481769561768,0.2082424610853195,0.3771341145038605,0.5236828327178955,0.4256100952625274,0.5163120031356812,0.0924996361136436,0.7948504090309143,0.1577159166336059,0.73757404088974,0.1217450350522995,0.758733332157135,0.1409475952386856,0.7348728775978088,0.8484537601470947,0.2090606689453125,0.0903375223278999,0.7996791005134583,0.2223533242940902,0.6609261631965637
492,492,test,17106,0.0841043516993522,0.8365528583526611,0.2230831980705261,0.6991808414459229,0.1407816261053085,0.7912163734436035,0.1184564754366874,0.7928709387779236,0.1300027966499328,0.8022956848144531,0.0617067478597164,0.8627278804779053,0.102332167327404,0.8254095315933228,0.0731358155608177,0.846884548664093,0.0721459835767746,0.8485088348388672,0.2832224667072296,0.6292979121208191,0.0584102682769298,0.8623437881469727,0.101472407579422,0.8280143141746521
493,493,train,18142,0.1371508091688156,0.7785402536392212,0.3081636726856231,0.655979573726654,0.2048908472061157,0.7578751444816589,0.1788984686136245,0.7355780601501465,0.2069934457540512,0.7557142972946167,0.0821588933467865,0.8449699282646179,0.1210753843188285,0.8118201494216919,0.1021879091858863,0.8196609020233154,0.103270836174488,0.8263169527053833,0.3721655011177063,0.5891990065574646,0.0838756561279296,0.8380970358848572,0.1409090310335159,0.7920171618461609
494,494,train,16970,0.2741216123104095,0.690255880355835,0.405142217874527,0.6045389771461487,0.7214850187301636,0.4010655283927917,0.2755728960037231,0.6415228247642517,0.3974442481994629,0.6362932920455933,0.1104649901390075,0.78884357213974,0.2821254134178161,0.6969920992851257,0.2479011565446853,0.702474057674408,0.2284988760948181,0.7230250835418701,0.6445438265800476,0.4071402251720428,0.1094830930233001,0.7860209941864014,0.3072474598884582,0.6547857522964478
495,495,test,18735,0.0464727766811847,0.9021711945533752,0.233324721455574,0.7275437712669373,0.0645849928259849,0.9036316871643066,0.0814055427908897,0.8431432843208313,0.0826497226953506,0.8690410256385803,0.0361457653343677,0.914816677570343,0.057921003550291,0.906746745109558,0.0415427275002002,0.913165807723999,0.0418951846659183,0.9131742119789124,0.1199571043252945,0.8454151153564453,0.0345859080553054,0.9192397594451904,0.06225211545825,0.893140971660614
496,496,train,17375,0.8528544306755066,0.2358601540327072,0.6239222884178162,0.3925804793834686,0.9267767071723938,0.1280932873487472,0.7611731886863708,0.2711954414844513,0.8573560118675232,0.2371822595596313,0.5220670104026794,0.4142903685569763,0.8061302900314331,0.2605857253074646,0.8040924668312073,0.2319685965776443,0.8363174796104431,0.2447246760129928,0.9110292792320251,0.142662301659584,0.5029094219207764,0.4333526790142059,0.8703007698059082,0.1904616206884384
497,497,train,18617,0.0645776018500328,0.8964488506317139,0.2094998806715011,0.7611158490180969,0.0769032686948776,0.8987664580345154,0.1045227497816085,0.8469953536987305,0.0971723347902298,0.8727731704711914,0.0477885939180851,0.9003127217292786,0.071021094918251,0.8958457112312317,0.0535247586667537,0.9021132588386536,0.0543589107692241,0.9058566689491272,0.1621587574481964,0.8204843401908875,0.0504002943634986,0.9024713039398192,0.0718393102288246,0.8959965109825134
498,498,test,17949,0.0939814746379852,0.773801863193512,0.5706546902656555,0.4576390385627746,0.5580766201019287,0.3833464682102203,0.2430823296308517,0.6075674891471863,0.2406101673841476,0.625771164894104,0.044314257800579,0.8666086792945862,0.0760399252176284,0.8211888074874878,0.0596069693565368,0.8365147113800049,0.0648635700345039,0.8389075398445129,0.7809770703315735,0.2722833156585693,0.0466266125440597,0.8585163354873657,0.1125266775488853,0.7830379605293274
499,499,train,16995,0.1247143745422363,0.7074622511863708,0.2858277559280395,0.609492838382721,0.2076238095760345,0.6883691549301147,0.1637345403432846,0.6794180274009705,0.2076976895332336,0.6694173216819763,0.0884279310703277,0.781747579574585,0.1303446292877197,0.7277734875679016,0.104725457727909,0.7358121275901794,0.1050515994429588,0.74003005027771,0.3481940627098083,0.5312386751174927,0.0894011557102203,0.7704183459281921,0.1526481658220291,0.7006581425666809
500,500,train,17294,0.0762058272957801,0.8531982898712158,0.5420368909835815,0.4779248535633087,0.1697840392589569,0.7968136668205261,0.1298243850469589,0.763053834438324,0.1508671939373016,0.7841642498970032,0.040869615972042,0.9075730443000792,0.0629988759756088,0.8989695906639099,0.046457152813673,0.9054294228553772,0.0520099587738513,0.9004037380218506,0.4362795054912567,0.5349853038787842,0.0403319261968135,0.9094024896621704,0.0709155276417732,0.8794183135032654
501,501,test,18393,0.2235857397317886,0.7226183414459229,0.3978169560432434,0.5788960456848145,0.5187877416610718,0.4518053233623504,0.2936414778232574,0.6567893624305725,0.3348782956600189,0.6618435978889465,0.0960524752736091,0.8103746771812439,0.1910196840763092,0.7535597681999207,0.1678953915834427,0.7549277544021606,0.1530487537384033,0.7715628743171692,0.7046262621879578,0.341191828250885,0.105113573372364,0.7991678714752197,0.2292492240667343,0.7087841629981995
502,502,train,18298,0.0825314819812774,0.8310961723327637,0.3430245518684387,0.6334482431411743,0.0694758966565132,0.8563487529754639,0.1377656608819961,0.7710861563682556,0.1428613066673278,0.791808009147644,0.0449292920529842,0.887315034866333,0.0674310475587844,0.865047812461853,0.0477477721869945,0.8827040195465088,0.0546332523226738,0.8752938508987427,0.1557701826095581,0.7493975162506104,0.0428734309971332,0.8808106184005737,0.0815087631344795,0.8586196303367615
503,503,train,17279,0.2475271522998809,0.8021427392959595,0.3715600073337555,0.6757013201713562,0.4267710447311401,0.611046314239502,0.2822732925415039,0.7455679774284363,0.3071901202201843,0.7755500674247742,0.1164346411824226,0.847057580947876,0.2042417675256729,0.8198704719543457,0.1737387329339981,0.826274573802948,0.167738527059555,0.8423143625259399,0.5113867521286011,0.5943394899368286,0.1178317591547966,0.8448539972305298,0.2358477413654327,0.8049458265304565
504,504,train,17778,0.1339413374662399,0.8166443705558777,0.3836613893508911,0.6268494129180908,0.2966266572475433,0.674597978591919,0.2418603748083114,0.6953564882278442,0.2486778497695922,0.7419677972793579,0.0570584796369075,0.8783878087997437,0.1135150417685508,0.8397339582443237,0.0912126526236534,0.8592531085014343,0.0929656475782394,0.859364926815033,0.7041022777557373,0.3372306227684021,0.0594606660306453,0.8787891864776611,0.135604441165924,0.8149158954620361
505,505,train,17213,0.481419175863266,0.4783837795257568,0.6540622711181641,0.3815728425979614,0.9105443954467772,0.1573196351528167,0.6629800200462341,0.3561524450778961,0.6564010381698608,0.3656260967254638,0.1060479655861854,0.7678178548812866,0.209653228521347,0.683666467666626,0.1859525740146637,0.6835712194442749,0.2365430295467376,0.6522030234336853,0.8986464738845825,0.1684260815382003,0.1022609323263168,0.7708882093429565,0.3928165435791015,0.5535778403282166
506,506,train,17956,0.0898359194397926,0.8548059463500977,0.217707023024559,0.746465802192688,0.0828000903129577,0.8772646188735962,0.1202844157814979,0.8115299344062805,0.1638185828924179,0.8117089867591858,0.0574759989976882,0.894658625125885,0.0924955159425735,0.8642799854278564,0.068609781563282,0.8823732733726501,0.0724207684397697,0.8803985118865967,0.1814276576042175,0.7775683999061584,0.0602037534117698,0.8857160806655884,0.1101634427905082,0.8458450436592102
507,507,train,17051,0.0835440009832382,0.8455905318260193,0.4761633574962616,0.5544185638427734,0.2034604996442794,0.7774350643157959,0.14972023665905,0.7582733035087585,0.1513696908950805,0.7859575152397156,0.0436515919864177,0.8865216374397278,0.0681963190436363,0.8664531707763672,0.0508571304380893,0.8779016137123108,0.0541384108364582,0.8820111751556396,0.3420130312442779,0.625122606754303,0.0440386720001697,0.8886458277702332,0.0822034254670143,0.8483579754829407
508,508,test,17831,0.8749220371246338,0.2350209653377533,0.6588683724403381,0.3884642720222473,0.9345641136169434,0.1286582797765731,0.7996395826339722,0.2543756067752838,0.881453812122345,0.2269895076751709,0.256525456905365,0.6547324061393738,0.636478841304779,0.4647469818592071,0.70733243227005,0.3939281702041626,0.7657482028007507,0.3595634400844574,0.9225401878356934,0.1440832316875457,0.2959910929203033,0.6497079133987427,0.8564714789390564,0.2411544620990753
509,509,train,18126,0.7537979483604431,0.3328256011009216,0.645694375038147,0.4138729572296142,0.9072896838188172,0.1562413871288299,0.710577666759491,0.3546375632286072,0.7898468375205994,0.3316680192947387,0.1988285928964615,0.6549780368804932,0.4535519778728485,0.5295759439468384,0.4521615505218506,0.5089921951293945,0.5033186674118042,0.4981821477413177,0.9094921350479126,0.1700134128332138,0.1895031332969665,0.6780496835708618,0.6374072432518005,0.4072872102260589
510,510,train,18231,0.2433432340621948,0.6868057250976562,0.5182179808616638,0.4892567992210388,0.8153008818626404,0.2595325112342834,0.3448171317577362,0.5573885440826416,0.384086936712265,0.6022323369979858,0.0599686168134212,0.8284647464752197,0.1135137528181076,0.7834769487380981,0.100524827837944,0.7882128953933716,0.1084741130471229,0.7927519083023071,0.8721257448196411,0.1984865367412567,0.0548602491617202,0.8334337472915649,0.1723962277173996,0.7314114570617676
511,511,train,18259,0.0428931787610054,0.9185923933982848,0.1057804301381111,0.8505901098251343,0.0787081867456436,0.8982338905334473,0.0600992850959301,0.8938196897506714,0.0581864230334758,0.911611020565033,0.0317192710936069,0.9176546931266784,0.0510679930448532,0.9187751412391664,0.0394130460917949,0.9228265881538392,0.0362985618412494,0.9217448234558104,0.1008676588535308,0.8732731938362122,0.0341755636036396,0.9188696146011353,0.0498745031654834,0.9146825075149536
512,512,train,18099,0.2275726646184921,0.7209246754646301,0.5682126879692078,0.4992592632770538,0.8321232795715332,0.2735530734062195,0.4766378998756408,0.5330703258514404,0.4725385308265686,0.6080807447433472,0.0838744416832923,0.8662505149841309,0.1647123098373413,0.8108768463134766,0.1241659075021743,0.8307766914367676,0.1246470361948013,0.8263275623321533,0.876004695892334,0.196586787700653,0.0833137780427932,0.8592613935470581,0.2159390449523925,0.7295940518379211
513,513,train,17505,0.0743842869997024,0.8820095062255859,0.3929722905158996,0.6336683630943298,0.1781476140022277,0.8186635375022888,0.1064881458878517,0.8385805487632751,0.1216342151165008,0.8455027341842651,0.0394840389490127,0.919768214225769,0.0667302384972572,0.9019720554351808,0.050164446234703,0.9098665118217468,0.0539518445730209,0.9076520204544068,0.3179501891136169,0.6844610571861267,0.0399197824299335,0.9223044514656068,0.0780930295586586,0.8887757062911987
514,514,train,17188,0.3098998665809631,0.6798239946365356,0.4495274722576141,0.5618216395378113,0.8094549775123596,0.2926810979843139,0.3459024727344513,0.5997552871704102,0.4452231228351593,0.603570818901062,0.1202411875128746,0.806511402130127,0.2325037270784378,0.728920578956604,0.2171986252069473,0.7314931154251099,0.2373310625553131,0.741500735282898,0.7746530771255493,0.2926312088966369,0.1095557361841201,0.8125389814376831,0.3388538062572479,0.63358074426651
515,515,train,18513,0.0627112910151481,0.9210773706436156,0.1916508227586746,0.8055368065834045,0.0647266432642936,0.914401113986969,0.0960720255970954,0.8794581890106201,0.098977193236351,0.8998286128044128,0.0418291538953781,0.9347999691963196,0.0570016428828239,0.924255669116974,0.0491850823163986,0.9254941940307616,0.0533160902559757,0.9277815222740172,0.1266643851995468,0.8684500455856323,0.0433859825134277,0.927026391029358,0.0706980600953102,0.917526364326477
516,516,test,17154,0.8960331678390503,0.1926647573709488,0.6554547548294067,0.3779587149620056,0.9377477169036864,0.1241106912493705,0.8030505180358887,0.2436152845621109,0.8856692314147949,0.2085755914449691,0.3805260062217712,0.5401718616485596,0.7176030278205872,0.3355317711830139,0.7837259769439697,0.2898384928703308,0.8417097926139832,0.25934499502182,0.9190822243690492,0.1457008421421051,0.3542416095733642,0.5501866340637207,0.8746159076690674,0.2091780751943588
517,517,train,17795,0.1100271716713905,0.8289770483970642,0.5630977153778076,0.4731592833995819,0.6404303908348083,0.376052051782608,0.2709308564662933,0.6558281779289246,0.2680609822273254,0.7094913721084595,0.0501061864197254,0.8846302628517151,0.0837412849068641,0.8681968450546265,0.0641846656799316,0.8692914843559265,0.0707903504371643,0.8681917190551758,0.829609751701355,0.2323013991117477,0.0519031472504138,0.8826267123222351,0.1046762466430664,0.8349866271018982
518,518,train,17981,0.1245747283101081,0.7739502191543579,0.2330047190189361,0.6917029619216919,0.2730502188205719,0.6909919381141663,0.1673283129930496,0.7179145812988281,0.1773480325937271,0.7251837849617004,0.0756391808390617,0.8087063431739807,0.11785639077425,0.7607899904251099,0.0979900434613227,0.7815437316894531,0.1001804769039154,0.7917260527610779,0.3968570232391357,0.5455142855644226,0.078977845609188,0.8014589548110962,0.1349387168884277,0.7526200413703918
519,519,train,17614,0.0649225860834121,0.8515067100524902,0.2645356357097626,0.6791353225708008,0.078505702316761,0.8751083016395569,0.1102179288864135,0.787298858165741,0.1312934607267379,0.8098164796829224,0.0490452274680137,0.893902599811554,0.0693813785910606,0.8722659945487976,0.050404142588377,0.8879308104515076,0.0555920973420143,0.880659282207489,0.1297879219055175,0.7811621427536011,0.0461644008755683,0.892522394657135,0.075473852455616,0.8644688129425049
520,520,test,17474,0.4257027804851532,0.6769562363624573,0.5903568863868713,0.4692798852920532,0.797193706035614,0.3104582130908966,0.492851585149765,0.570941150188446,0.5187286734580994,0.6138187646865845,0.1165206655859947,0.8366895914077759,0.2115693092346191,0.7979013323783875,0.2096409499645233,0.7920860648155212,0.2342803925275802,0.7846132516860962,0.8900920152664185,0.2032820582389831,0.1128794178366661,0.8360880017280579,0.3238879442214966,0.7254608273506165
521,521,train,17920,0.0595229603350162,0.8839666843414307,0.1709804832935333,0.7648130655288696,0.0672097355127334,0.8692235350608826,0.0863137766718864,0.843697190284729,0.0782556682825088,0.866324782371521,0.0433531031012535,0.9015267491340636,0.0611789859831333,0.8829423189163208,0.0521464049816131,0.8941971063613892,0.0516699701547622,0.8977300524711609,0.1184405535459518,0.7958693504333496,0.0461306385695934,0.8960206508636475,0.0639750584959983,0.8840333819389343
522,522,train,17068,0.1046948805451393,0.7726513147354126,0.3344751596450805,0.6018244028091431,0.410458356142044,0.5264478921890259,0.1797767132520675,0.6869476437568665,0.1905982196331024,0.6962376236915588,0.0654160529375076,0.8367617726325989,0.1046878173947334,0.7979812622070312,0.0811405777931213,0.8108723163604736,0.0833081826567649,0.816961407661438,0.4704276621341705,0.4744110405445099,0.0646206513047218,0.8358935713768005,0.1120821312069892,0.783501386642456
523,523,train,17081,0.115911066532135,0.8419736623764038,0.4067430198192596,0.6565179228782654,0.6777902245521545,0.4179805219173431,0.192057117819786,0.7800260782241821,0.2316993623971939,0.7855867147445679,0.055668868124485,0.8772197961807251,0.110108807682991,0.8350213766098022,0.0865851789712905,0.8574897050857544,0.0867954269051551,0.8574717044830322,0.7209702134132385,0.3924292922019958,0.0558631010353565,0.8745643496513367,0.1320476531982422,0.819220781326294
524,524,train,17870,0.9360921382904052,0.1236738637089729,0.6682636737823486,0.3639295697212219,0.9448860883712769,0.1071711778640747,0.8316413760185242,0.2136910557746887,0.930975615978241,0.1431244760751724,0.7016081213951111,0.2864817678928375,0.9036715626716614,0.1509297043085098,0.914475679397583,0.1387105137109756,0.9228218197822572,0.1437908709049224,0.9252535700798036,0.1337573081254959,0.7237311601638794,0.2841350734233856,0.9372119307518004,0.1168712675571441
525,525,train,17111,0.5054461359977722,0.4365030825138092,0.5409396886825562,0.4721080362796783,0.7873848676681519,0.2145927846431732,0.4460040926933288,0.4830636382102966,0.5945415496826172,0.4176450371742248,0.1497237682342529,0.6291606426239014,0.4042452871799469,0.4789822697639465,0.3735990226268768,0.4614540934562683,0.3561879992485046,0.5039379000663757,0.8413501977920532,0.2146710604429245,0.1536903381347656,0.6426438093185425,0.5318188667297363,0.3925135433673858
526,526,train,18496,0.0489557012915611,0.915715217590332,0.1310900151729583,0.8378227353096008,0.1276876926422119,0.8297526240348816,0.0727713853120803,0.8825482726097107,0.067069724202156,0.9088023900985718,0.0429041124880313,0.9212584495544434,0.0636092275381088,0.9132393002510072,0.0474600307643413,0.9175987839698792,0.0467380881309509,0.9165913462638856,0.1716644614934921,0.7960811257362366,0.0426896624267101,0.921207845211029,0.0625683292746543,0.9077854752540588
527,527,train,17129,0.7432024478912354,0.3574615120887756,0.6561738848686218,0.3961676657199859,0.9176121354103088,0.1472242027521133,0.6975159049034119,0.3553211688995361,0.8164796233177185,0.2960195541381836,0.2343697249889373,0.6590548157691956,0.4411547183990478,0.5166712403297424,0.467375248670578,0.4769701659679413,0.5000846982002258,0.5062279105186462,0.8996791243553162,0.1819357126951217,0.2374279797077179,0.6343807578086853,0.6548805236816406,0.3922524154186249
528,528,train,17459,0.1760295331478119,0.6824777722358704,0.4516463279724121,0.5010629296302795,0.7479408383369446,0.3085493445396423,0.2922018468379974,0.5818963646888733,0.2956717610359192,0.5978453159332275,0.0786015167832374,0.8292845487594604,0.1571575552225113,0.7726464867591858,0.1297097355127334,0.7823777198791504,0.1224713027477264,0.772512674331665,0.7674503326416016,0.2725672721862793,0.0785010978579521,0.8241984844207764,0.1978763192892074,0.708446204662323
529,529,train,18062,0.3240271508693695,0.5871759653091431,0.3722310662269592,0.5649743676185608,0.7617897391319275,0.2823033630847931,0.3475734293460846,0.5453563332557678,0.3653577268123626,0.5825100541114807,0.0960009023547172,0.8005610108375549,0.2051305472850799,0.7096325755119324,0.1526293456554412,0.7355408668518066,0.1882330626249313,0.7067957520484924,0.715923547744751,0.3151845633983612,0.0866850540041923,0.8098551630973816,0.2547899186611175,0.6271398663520813
530,530,train,17006,0.9403398036956788,0.1296382695436477,0.6727843880653381,0.3617697060108185,0.9432294964790344,0.1109062284231185,0.8428215384483337,0.2042048573493957,0.926537275314331,0.1461361050605774,0.7455511093139648,0.2642127275466919,0.9097816348075868,0.1449389606714248,0.9146976470947266,0.1329052597284317,0.929150640964508,0.1369441747665405,0.9279355406761168,0.1282975524663925,0.7961191534996033,0.2543574571609497,0.9368216395378112,0.1178372576832771
531,531,test,17179,0.0443243868649005,0.9289281964302064,0.1115251556038856,0.8691272735595703,0.0549498200416564,0.9206769466400146,0.0591830126941204,0.8977632522583008,0.0615943819284439,0.9181994795799256,0.0384134426712989,0.9315333962440492,0.05198360607028,0.9252278804779052,0.0426607653498649,0.9288519620895386,0.0413220860064029,0.932741641998291,0.0893440917134285,0.8825269937515259,0.0396377146244049,0.9301678538322448,0.061439000070095,0.923224925994873
532,532,train,17209,0.0628179460763931,0.8526413440704346,0.2172726839780807,0.7152274250984192,0.1448865234851837,0.7974728941917419,0.10633285343647,0.8041216731071472,0.1095270663499832,0.8158136606216431,0.053869791328907,0.8832623362541199,0.0753433927893638,0.8512375354766846,0.056741427630186,0.870132327079773,0.0567592233419418,0.8704969882965088,0.2405875325202942,0.6813709139823914,0.0546481013298034,0.8814704418182373,0.0813138782978057,0.8428329229354858
533,533,train,18612,0.1566609293222427,0.7340439558029175,0.5148500800132751,0.4852830171585083,0.4980088174343109,0.5372281074523926,0.2277794331312179,0.6649495959281921,0.2932310998439789,0.6274476051330566,0.0782519206404686,0.8101694583892822,0.1250925660133361,0.7797386646270752,0.0907308459281921,0.8067373037338257,0.0968314707279205,0.7940037846565247,0.3941984176635742,0.5709641575813293,0.0793098136782646,0.8106181621551514,0.1343146711587906,0.7656313180923462
534,534,train,17485,0.3431435525417328,0.7233919501304626,0.5335751175880432,0.5337987542152405,0.8323471546173096,0.270930677652359,0.4626153707504272,0.5971935391426086,0.4720607399940491,0.6608860492706299,0.070805437862873,0.8867104649543762,0.1456765681505203,0.8525624871253967,0.1142783388495445,0.864855945110321,0.1521756947040558,0.8509097695350647,0.8969705700874329,0.194934457540512,0.0708571299910545,0.8895097374916077,0.2966439127922058,0.7602172493934631
535,535,train,18155,0.4709002673625946,0.4981460571289062,0.6519099473953247,0.3829221427440643,0.9097427725791932,0.1594111323356628,0.6802670955657959,0.3466272950172424,0.7473868131637573,0.3241057693958282,0.1394964605569839,0.7412530183792114,0.2481609433889389,0.6527908444404602,0.2057863473892212,0.6827222108840942,0.2526748180389404,0.6603759527206421,0.8957573175430298,0.1760709881782531,0.1350668370723724,0.7474749684333801,0.4068198502063751,0.5454256534576416
536,536,train,17436,0.1413289904594421,0.6505646109580994,0.3681778311729431,0.4936157166957855,0.3509164154529571,0.4781976342201233,0.2047100812196731,0.5620656609535217,0.1999545842409134,0.5988076329231262,0.0759147405624389,0.7413586378097534,0.146123319864273,0.6789462566375732,0.107167400419712,0.698671281337738,0.1197684183716774,0.692483127117157,0.6576516032218933,0.2866801619529724,0.0805157274007797,0.7319908142089844,0.166838139295578,0.6237364411354065
537,537,train,18664,0.0461419820785522,0.8901241421699524,0.1942072510719299,0.7658818960189819,0.0490532033145427,0.9023449420928956,0.0770372003316879,0.8511399626731873,0.0852202028036117,0.8676300048828125,0.042678527534008,0.9103143811225892,0.0588436909019947,0.8910714387893677,0.0457899793982505,0.8997686505317688,0.0448404811322689,0.9021909832954408,0.1145716235041618,0.8177840709686279,0.0431149378418922,0.901760756969452,0.0622330866754055,0.8858805298805237
538,538,train,17997,0.9149075746536256,0.1649948507547378,0.6820634603500366,0.3944530785083771,0.9441140294075012,0.1167366281151771,0.8189183473587036,0.2510823905467987,0.9154237508773804,0.1766640096902847,0.5764645934104919,0.3601454794406891,0.8501487374305725,0.1945761144161224,0.8700278997421265,0.1749861538410186,0.8837474584579468,0.1834251880645752,0.923986554145813,0.1518195122480392,0.596596360206604,0.3726604580879211,0.9044127464294434,0.1499395966529846
539,539,train,18199,0.3154089748859405,0.7398654818534851,0.586867094039917,0.520980179309845,0.722234308719635,0.432639479637146,0.4049627482891083,0.6524806022644043,0.4669190645217895,0.665858268737793,0.1132115572690963,0.856619656085968,0.1997250467538833,0.8084979057312012,0.171803668141365,0.8154090642929077,0.1854336559772491,0.8164160251617432,0.8057094812393188,0.3402130305767059,0.1095975860953331,0.8565524816513062,0.2834187746047973,0.7692700624465942
540,540,train,17447,0.0982109382748603,0.8116591572761536,0.2180688977241516,0.6999181509017944,0.0952026844024658,0.8300684690475464,0.1373121440410614,0.7424231767654419,0.1468239873647689,0.7775294184684753,0.056744810193777,0.8675621747970581,0.0830181390047073,0.8336928486824036,0.0727184638381004,0.8371546864509583,0.0743056461215019,0.846962571144104,0.2240579575300216,0.6625166535377502,0.0586735345423221,0.8559178113937378,0.0956567451357841,0.8199223279953003
541,541,train,17542,0.0877759307622909,0.8007874488830566,0.2680545747280121,0.6582466959953308,0.1227737814188003,0.7901315689086914,0.1353678405284881,0.744684636592865,0.1501240879297256,0.7503724098205566,0.0670118257403373,0.8317486047744751,0.1024907529354095,0.8059563636779785,0.0741043239831924,0.8207467794418335,0.0766214206814765,0.8200699687004089,0.2608082592487335,0.649530291557312,0.0667127966880798,0.8262755274772644,0.1013424769043922,0.7926315069198608
542,542,train,18141,0.0571380257606506,0.9221134185791016,0.1454529464244842,0.8376191854476929,0.0832699760794639,0.9201455116271972,0.0784060209989547,0.8925699591636658,0.0802591368556022,0.9114903807640076,0.0488816499710083,0.9199822545051576,0.070889376103878,0.9195926785469056,0.0582215227186679,0.92501699924469,0.054281823337078,0.924489438533783,0.1135011166334152,0.8824689984321594,0.0486289002001285,0.9214913845062256,0.0744030326604843,0.9167382717132568
543,543,train,17687,0.241248607635498,0.8088429570198059,0.5399842262268066,0.5346986055374146,0.8142867088317871,0.3452317118644714,0.4238705337047577,0.6365994811058044,0.3645736277103424,0.7447609901428223,0.054729800671339,0.9095856547355652,0.0977296307682991,0.895124077796936,0.0773747339844703,0.8993435502052307,0.0916131511330604,0.8984677791595459,0.8774917721748352,0.2197699099779129,0.0532604232430458,0.9055302739143372,0.1284736096858978,0.8677214980125427
544,544,test,17100,0.0907417833805084,0.8504911661148071,0.2514163553714752,0.7288917899131775,0.1691638529300689,0.7805582284927368,0.1428567320108413,0.7905575633049011,0.1425628364086151,0.8108296990394592,0.0617622137069702,0.8812274932861328,0.100908987224102,0.8586813807487488,0.0744993016123771,0.866963267326355,0.0755002349615097,0.8693046569824219,0.2983235120773315,0.6492894291877747,0.059546310454607,0.8766718506813049,0.101692609488964,0.8491676449775696
545,545,train,17286,0.0567614771425724,0.9196653366088868,0.1966242641210556,0.7946780323982239,0.081517644226551,0.8888416290283203,0.0958545580506324,0.866561233997345,0.0898088663816452,0.905065417289734,0.0397789031267166,0.93224436044693,0.0596504621207714,0.9246728420257568,0.0456511639058589,0.9279304146766664,0.0484748817980289,0.9285265803337096,0.1447542160749435,0.8607316613197327,0.041813526302576,0.9313777089118958,0.066935010254383,0.9161365628242492
546,546,test,18467,0.1036781445145607,0.8811905384063721,0.2375265210866928,0.7880860567092896,0.1940467059612274,0.8243120312690735,0.1503670513629913,0.8384071588516235,0.1530540138483047,0.8590503931045532,0.0688397958874702,0.9001659750938416,0.1047952696681022,0.8854893445968628,0.0827418267726898,0.8910413384437561,0.0822656825184822,0.8964868187904358,0.2873898148536682,0.744628369808197,0.0689994022250175,0.8985451459884644,0.1160625293850898,0.8774614930152893
547,547,test,17968,0.1934339851140976,0.6928713917732239,0.5185875296592712,0.4848814010620117,0.264347493648529,0.6755508184432983,0.27560955286026,0.6440296173095703,0.3651969730854034,0.573343813419342,0.0974722504615783,0.7805687189102173,0.1332203894853592,0.7629985809326172,0.1075363755226135,0.7685683369636536,0.1189021319150924,0.7547970414161682,0.4327523410320282,0.5354886651039124,0.1016764789819717,0.771926999092102,0.1291097104549408,0.7302682995796204
548,548,train,18002,0.0672436878085136,0.8835731148719788,0.1632650643587112,0.78584885597229,0.0610048621892929,0.8855648040771484,0.0834177434444427,0.8510411381721497,0.0969171077013015,0.860780656337738,0.0484861880540847,0.9102815985679626,0.0747547373175621,0.8910390734672546,0.0548288971185684,0.9018808007240297,0.0582896955311298,0.903141438961029,0.1219165697693824,0.8000085949897766,0.0495999231934547,0.9090461730957032,0.0794648975133895,0.883366584777832
549,549,train,17856,0.2696036696434021,0.6694528460502625,0.4615070223808288,0.511551022529602,0.7403850555419922,0.3230363726615906,0.3227200210094452,0.5965632796287537,0.3591804802417755,0.611246645450592,0.1199739575386047,0.7858110666275024,0.2012550383806228,0.7260809540748596,0.1687143445014953,0.7454597353935242,0.1853656321763992,0.7404220700263977,0.7274394035339355,0.3067781627178192,0.1090563088655471,0.8099050521850586,0.2271013557910919,0.6756256222724915
550,550,test,17600,0.0961775034666061,0.8121420741081238,0.4796205163002014,0.5474192500114441,0.247065469622612,0.6875088810920715,0.1634902060031891,0.7570977210998535,0.2046104520559311,0.7527620196342468,0.0628389790654182,0.8555591702461243,0.0954237505793571,0.8321567177772522,0.0669688135385513,0.8444031476974487,0.0754224956035614,0.8376438021659851,0.4742481708526611,0.5307323932647705,0.0605539269745349,0.85308438539505,0.1059298887848854,0.8090946674346924
551,551,train,18110,0.1052170395851135,0.766843855381012,0.3464443385601043,0.5814279913902283,0.2000357061624527,0.7409088015556335,0.1936244517564773,0.6796574592590332,0.2381117939949035,0.6494275331497192,0.0704320669174194,0.8338625431060791,0.0894792675971984,0.8187820315361023,0.0776542946696281,0.8205195665359497,0.0795584470033645,0.8117128014564514,0.2646972239017486,0.6251901984214783,0.0725312009453773,0.8254573345184326,0.0864966884255409,0.7900159955024719
552,552,train,18098,0.4085443019866943,0.5771216154098511,0.6071276664733887,0.428507000207901,0.7583327889442444,0.3337827622890472,0.4809425175189972,0.5051783323287964,0.4937161207199096,0.5545411705970764,0.1421749889850616,0.7590972185134888,0.2976183593273163,0.6737295389175415,0.2618774771690368,0.6940057277679443,0.2549102902412414,0.6855372190475464,0.762871503829956,0.3229083120822906,0.1387056410312652,0.7661142945289612,0.3886457085609436,0.5774827003479004
553,553,train,18111,0.0459480807185173,0.9286765456199646,0.155377060174942,0.8374307155609131,0.0698440670967102,0.9221764206886292,0.070769116282463,0.9022408723831176,0.0659021511673927,0.9218118786811828,0.0428723655641078,0.9278593063354492,0.0590918958187103,0.9241414070129396,0.0456115119159221,0.929372489452362,0.0450617298483848,0.9313881397247314,0.1064087450504303,0.8825451135635376,0.0438658408820629,0.9313696622848512,0.0570090860128402,0.9237374663352966
554,554,train,18731,0.8498818874359131,0.2537271678447723,0.664818286895752,0.379910796880722,0.9358198642730712,0.122718721628189,0.7883049249649048,0.2593818008899688,0.8777077198028564,0.2335797101259231,0.3191430866718292,0.6498212218284607,0.656640350818634,0.4797256886959076,0.7480391263961792,0.3753223419189453,0.7636470198631287,0.3761736750602722,0.9148708581924438,0.1531107723712921,0.294711172580719,0.6698237061500549,0.8084058165550232,0.3235913515090942
555,555,train,17073,0.0860991775989532,0.8827794194221497,0.1755284667015075,0.7787963151931763,0.1662780046463012,0.8022264838218689,0.1202578172087669,0.8204466700553894,0.1438008248805999,0.8549186587333679,0.0462478622794151,0.9163885712623596,0.082959696650505,0.9008793234825134,0.0618722811341285,0.9046911001205444,0.065397635102272,0.9058303833007812,0.3603094816207886,0.6331078410148621,0.0482405684888362,0.9129756093025208,0.0904016494750976,0.8842670917510986
556,556,train,17788,0.1164057999849319,0.8631651997566223,0.2497955411672592,0.7437599301338196,0.2680992484092712,0.7585300803184509,0.1688685119152069,0.8111626505851746,0.1615371704101562,0.8542484045028687,0.0803403854370117,0.886100709438324,0.1224443987011909,0.8665250539779663,0.1001551151275634,0.8779535889625549,0.0956229642033577,0.8809576034545898,0.3430370092391968,0.7015220522880554,0.0813417732715606,0.8831966519355774,0.1323284357786178,0.8616623878479004
557,557,train,18452,0.7087846398353577,0.4306955933570862,0.6382757425308228,0.4099417924880981,0.9156234860420228,0.1453508138656616,0.7056053876876831,0.3511255383491516,0.7905365824699402,0.3544585108757019,0.1621472090482711,0.7572241425514221,0.4126935601234436,0.6567705869674683,0.4373355209827423,0.6140231490135193,0.5002322793006897,0.5923525094985962,0.9103113412857056,0.1563165187835693,0.1510470360517501,0.7637715339660645,0.646462082862854,0.483542263507843
558,558,test,17041,0.1787022799253463,0.801264762878418,0.2530862987041473,0.7167614102363586,0.3103102743625641,0.7078635692596436,0.2036452889442443,0.7454837560653687,0.2368020415306091,0.7627556324005127,0.0919946357607841,0.8484933376312256,0.1808757036924362,0.8115593194961548,0.1528226286172866,0.8216615915298462,0.1313601732254028,0.8293782472610474,0.3932928740978241,0.643112063407898,0.0905909389257431,0.8444355130195618,0.1882195621728897,0.7960344552993774
559,559,train,18578,0.104924164712429,0.784875214099884,0.2112268656492233,0.7133773565292358,0.1451536267995834,0.7872649431228638,0.1306610256433487,0.7635102868080139,0.1557303220033645,0.7603264451026917,0.0783091634511947,0.8472848534584045,0.1102766171097755,0.8139016032218933,0.0865702256560325,0.8203601837158203,0.0892336964607238,0.8177990317344666,0.2153054773807525,0.6988046169281006,0.0776119530200958,0.8322665691375732,0.1095016300678253,0.7974419593811035
560,560,test,18352,0.5381989479064941,0.708917498588562,0.6104845404624939,0.4861833155155182,0.8930827379226685,0.2363898605108261,0.6060792207717896,0.564693808555603,0.6623766422271729,0.6149823665618896,0.1211633384227752,0.8880804181098938,0.2951315343379974,0.8335673213005066,0.2589546740055084,0.841356098651886,0.2815422415733337,0.8304360508918762,0.8879787921905518,0.2370110303163528,0.1167832463979721,0.8892900347709656,0.4616203904151916,0.7147848010063171
561,561,train,18264,0.07466471940279,0.8553414344787598,0.2329111993312835,0.7083959579467773,0.1725422739982605,0.739630937576294,0.1250101923942566,0.7903397083282471,0.1138453483581543,0.8193029165267944,0.0511344447731971,0.8797124624252319,0.0782263800501823,0.8621721267700195,0.0652689039707183,0.8655223250389099,0.0614276267588138,0.8732316493988037,0.2448291033506393,0.6834180951118469,0.0531649328768253,0.8794657588005066,0.0861635282635688,0.8464651107788086
562,562,test,18084,0.0888346880674362,0.890600323677063,0.1902907788753509,0.7851218581199646,0.1258070468902588,0.8615859746932983,0.1142464652657508,0.8383235931396484,0.1179923191666603,0.8747976422309875,0.0561886988580226,0.9031143188476562,0.0848781690001487,0.9002360105514526,0.0691373646259307,0.9006957411766052,0.0672138631343841,0.901023268699646,0.2125043869018554,0.7967910170555115,0.0597504936158657,0.9024112820625304,0.0864743664860725,0.8976965546607971
563,563,train,18699,0.1255991607904434,0.8564609885215759,0.2324611544609069,0.7627061009407043,0.280620276927948,0.7549578547477722,0.1477402448654174,0.8123838901519775,0.1753305792808532,0.8416370153427124,0.0653221011161804,0.8979015946388245,0.1007448211312294,0.8806489109992981,0.0933278873562812,0.8871510028839111,0.0845736786723136,0.889508068561554,0.2440077513456344,0.7999862432479858,0.0706043913960456,0.8949238657951355,0.1065050438046455,0.8753993511199951
564,564,test,18678,0.9463635087013244,0.1200452446937561,0.6763428449630737,0.3591322302818298,0.9440180659294128,0.1098331734538078,0.8586046099662781,0.1961839497089386,0.9330177903175354,0.1400360167026519,0.7594656348228455,0.2541351616382599,0.914665460586548,0.1389851570129394,0.9209578633308412,0.1266435831785202,0.9337838292121888,0.1291525661945343,0.9288784265518188,0.1268892288208007,0.800102949142456,0.2456686347723007,0.94132262468338,0.1122315824031829
565,565,test,17007,0.093621015548706,0.917225420475006,0.247978538274765,0.807640790939331,0.136672243475914,0.8917731642723083,0.1327273696660995,0.8833564519882202,0.1348490715026855,0.912644624710083,0.0627382099628448,0.9329842925071716,0.1064770519733429,0.9186792373657228,0.0758459120988845,0.9292132258415222,0.0800158455967903,0.9313358068466188,0.2437885552644729,0.814060628414154,0.0615607164800167,0.9340012669563292,0.1106295436620712,0.9156444668769836
566,566,train,17381,0.0841256976127624,0.9066983461380004,0.3187152147293091,0.7234469056129456,0.2114180028438568,0.802443265914917,0.1422531008720398,0.8422778248786926,0.132161796092987,0.8744758367538452,0.0503031313419342,0.9253315329551696,0.0798254162073135,0.9159440994262696,0.0615415684878826,0.9221779108047484,0.0675850361585617,0.9231135845184326,0.3567401468753814,0.6928223967552185,0.0512640550732612,0.9251834750175476,0.0951983109116554,0.9091160893440248
567,567,train,17396,0.3704673051834106,0.5761712193489075,0.5785329937934875,0.46158167719841,0.82696533203125,0.2342672795057296,0.4901207685470581,0.50523442029953,0.5496042966842651,0.5069928169250488,0.1440973579883575,0.7680122256278992,0.2880372405052185,0.6808205842971802,0.2419053018093109,0.6874826550483704,0.2361086010932922,0.6917479634284973,0.8517574071884155,0.2319509387016296,0.1419075727462768,0.7587254047393799,0.3439152836799621,0.6155403852462769
568,568,train,17589,0.155689001083374,0.811985433101654,0.3432821035385132,0.6882755756378174,0.160397469997406,0.8147286176681519,0.208001434803009,0.7561584711074829,0.219165027141571,0.7899625897407532,0.0924286395311355,0.8667964339256287,0.1522572189569473,0.8283108472824097,0.1199799552559852,0.8491635918617249,0.120978407561779,0.8493016958236694,0.2889083921909332,0.7116587162017822,0.0899812579154968,0.8663423657417297,0.1588642746210098,0.8227110505104065
569,569,test,18097,0.3852528035640716,0.6140155792236328,0.6522617340087891,0.3929723501205444,0.8920391798019409,0.1811341345310211,0.6259204149246216,0.4065004289150238,0.7256993651390076,0.3624857664108276,0.0980108827352523,0.8384791016578674,0.1816535145044326,0.7926547527313232,0.1479371041059494,0.8040582537651062,0.1692607104778289,0.7846013903617859,0.8857565522193909,0.1832675784826278,0.097592793405056,0.8485384583473206,0.2885587513446808,0.6942937970161438
570,570,test,17789,0.1029914245009422,0.826055645942688,0.26361945271492,0.6998703479766846,0.145598366856575,0.7960872054100037,0.1436254531145095,0.7698792815208435,0.1575252562761306,0.7884284853935242,0.0710605904459953,0.8669686317443848,0.1167344152927398,0.8373158574104309,0.0875916182994842,0.8476802110671997,0.0898098573088646,0.8499258160591125,0.3979036509990692,0.5652102828025818,0.0685518309473991,0.8644233345985413,0.1243911385536193,0.8191128969192505
571,571,train,17344,0.0442953184247016,0.9293155670166016,0.150417685508728,0.8270699381828308,0.062912069261074,0.9221227765083312,0.0703836977481842,0.8968397974967957,0.0811500698328018,0.8987181186676025,0.042712390422821,0.9324284791946412,0.0589419640600681,0.9222886562347412,0.0431810207664966,0.9309030771255492,0.0432360395789146,0.931631863117218,0.0982799977064132,0.8850303292274475,0.0420776531100273,0.9294803142547609,0.0572082214057445,0.9218748807907104
572,572,train,18135,0.2376672923564911,0.8275291323661804,0.4746726751327514,0.6153578758239746,0.8678085207939148,0.2179238647222519,0.4167152643203735,0.6410782933235168,0.4609699845314026,0.7208023071289062,0.065382145345211,0.916295051574707,0.1327669769525528,0.8880351185798645,0.1123548373579979,0.8923859000205994,0.1181091368198394,0.8960449695587158,0.8779862523078918,0.2095910757780075,0.0681752637028694,0.91460919380188,0.2290214747190475,0.8337284326553345
573,573,train,18370,0.2793509364128113,0.7215113639831543,0.5960864424705505,0.4732692241668701,0.8363069891929626,0.2725155651569366,0.4697678685188293,0.5592121481895447,0.4931880533695221,0.5924125909805298,0.1117124333977699,0.8300181031227112,0.2305233925580978,0.7760156393051147,0.1814270615577697,0.7932670712471008,0.1906837970018386,0.7855696678161621,0.8734225034713745,0.2130015641450882,0.10927265137434,0.8388620018959045,0.2924286127090454,0.7164158821105957
574,574,train,17533,0.5040484070777893,0.5813341736793518,0.6173006892204285,0.4586102068424225,0.9050649404525756,0.217928946018219,0.594834566116333,0.4835693538188934,0.6914823651313782,0.4643951952457428,0.1178389489650726,0.8252044320106506,0.2807631194591522,0.7399475574493408,0.2178373336791992,0.7567567825317383,0.2662495076656341,0.7445173263549805,0.8958659172058105,0.2038045078516006,0.1151759102940559,0.8302536606788635,0.4784389436244964,0.5764246582984924
575,575,train,18584,0.0900258794426918,0.8844423294067383,0.2013358175754547,0.7988018989562988,0.0829512625932693,0.8777198195457458,0.1223957017064094,0.8464909791946411,0.1363542526960373,0.8643499612808228,0.0517392195761203,0.9143626689910888,0.0807844996452331,0.9041175842285156,0.0622168704867363,0.9088917970657348,0.0664665549993515,0.9078275561332704,0.1499621123075485,0.8457746505737305,0.0531804412603378,0.9127580523490906,0.0912741720676422,0.8924271464347839
576,576,test,18218,0.4795489609241485,0.5297372937202454,0.6801798343658447,0.3778554797172546,0.8778135180473328,0.1940370947122573,0.6245304346084595,0.4116555452346802,0.7103443145751953,0.3745396137237549,0.121350884437561,0.7773323655128479,0.2439096570014953,0.7137990593910217,0.2251751869916916,0.6913208365440369,0.2849553823471069,0.6570476293563843,0.885221540927887,0.1837843954563141,0.1069229990243911,0.7952328324317932,0.4710070490837097,0.5080311894416809
577,577,test,17115,0.298966497182846,0.7203957438468933,0.5291101336479187,0.5193454027175903,0.6628093123435974,0.4392968416213989,0.3690821528434753,0.6314569115638733,0.4473468959331512,0.6505395174026489,0.0921584516763687,0.8363692760467529,0.2108867615461349,0.7859621644020081,0.1945673674345016,0.7839769124984741,0.193950742483139,0.7942550182342529,0.8083328008651733,0.2857491374015808,0.0915004163980484,0.8351700305938721,0.2895204126834869,0.731093168258667
578,578,train,17636,0.130111277103424,0.8073934316635132,0.2441716492176056,0.6896005868911743,0.2626395225524902,0.6899876594543457,0.1664922088384628,0.7323645353317261,0.1762002855539322,0.7649217844009399,0.0738602355122566,0.8682798743247986,0.1254730820655822,0.8291140794754028,0.0987326800823211,0.8445932269096375,0.109427623450756,0.8425353765487671,0.4199652671813965,0.5461938977241516,0.0755107924342155,0.8626905679702759,0.1502726376056671,0.8166565895080566
579,579,train,17486,0.7191401720046997,0.3447395265102386,0.6228005886077881,0.4319559931755066,0.8865880370140076,0.1627882868051529,0.6445352435112,0.388486385345459,0.7655107378959656,0.3237805068492889,0.2443222254514694,0.645942747592926,0.5046416521072388,0.5270398855209351,0.5289437770843506,0.4780540764331817,0.6051658987998962,0.4138898253440857,0.8752362132072449,0.1959357410669326,0.2325889766216278,0.6846264004707336,0.7183539867401123,0.3143617808818817
580,580,train,17217,0.0627674609422683,0.8918737769126892,0.2605638206005096,0.7273467779159546,0.0953831523656845,0.8563265800476074,0.0919089391827583,0.8437435626983643,0.0873499289155006,0.8695494532585144,0.0431200265884399,0.9033888578414916,0.0591842047870159,0.8987375497817993,0.0502473264932632,0.9009652137756348,0.0530286133289337,0.9015865921974182,0.2163603156805038,0.7445908784866333,0.0439932756125927,0.902258038520813,0.0728646367788314,0.8901143074035645
581,581,train,16998,0.3846453726291656,0.6254532933235168,0.4031652510166168,0.5965887308120728,0.7254787683486938,0.3300815522670746,0.3490884304046631,0.6104543805122375,0.4643530249595642,0.5866037011146545,0.1431494206190109,0.7375054359436035,0.3162280321121216,0.6449770927429199,0.2983959913253784,0.6336992383003235,0.2986416816711426,0.6503970623016357,0.7252522706985474,0.3167122006416321,0.1335673183202743,0.7517403364181519,0.3885268568992615,0.5605340003967285
582,582,train,17799,0.8098678588867188,0.2746841609477997,0.6591233611106873,0.3888875544071197,0.9211212396621704,0.1476173549890518,0.7655611038208008,0.2831213772296905,0.8270466327667236,0.2708087861537933,0.2201198041439056,0.687915563583374,0.46872678399086,0.5434218645095825,0.4903949201107025,0.5204914808273315,0.5895893573760986,0.4733001887798309,0.9202184081077576,0.149471178650856,0.2063616216182708,0.7254850268363953,0.7064270377159119,0.3603062331676483
583,583,train,18274,0.0665985271334648,0.8701152801513672,0.1548432409763336,0.7755654454231262,0.0924705862998962,0.8348239064216614,0.102509818971157,0.8169888854026794,0.0898649021983146,0.8549919128417969,0.0488148741424083,0.8774790167808533,0.0752979293465614,0.8718158602714539,0.05845607817173,0.8718342781066895,0.0564975067973136,0.8757814764976501,0.1776693612337112,0.7713708877563477,0.050108216702938,0.874615490436554,0.0713648423552513,0.8699072599411011
584,584,train,17455,0.0962221175432205,0.8122594356536865,0.3234199583530426,0.6552932858467102,0.3162400424480438,0.6682876348495483,0.1322085112333297,0.7778441905975342,0.1706648021936416,0.7757208347320557,0.0734773203730583,0.8573715090751648,0.110202245414257,0.8222219347953796,0.0803700909018516,0.8401669263839722,0.0849981531500816,0.8372564315795898,0.3021062910556793,0.6219411492347717,0.0720843076705932,0.857683539390564,0.1276533901691436,0.7916560769081116
585,585,train,17147,0.063515231013298,0.879615843296051,0.2585082948207855,0.7000002264976501,0.062651127576828,0.8796780109405518,0.1111815646290779,0.8026116490364075,0.1129206269979476,0.8199831247329712,0.0384852886199951,0.8972753882408142,0.0518755726516246,0.895012617111206,0.0457191951572895,0.8939350843429565,0.0459649562835693,0.8973576426506042,0.1381264179944992,0.7914214134216309,0.0408714935183525,0.8986802101135254,0.0634867250919342,0.8873352408409119
586,586,train,18203,0.049217514693737,0.9093698859214784,0.1422864943742752,0.8290485143661499,0.1039043366909027,0.8701377511024475,0.0790683776140213,0.8781229853630066,0.0757955908775329,0.8869582414627075,0.0380614288151264,0.9194126725196838,0.0570773631334304,0.9042031168937684,0.0420672483742237,0.9097560048103333,0.0432425066828727,0.912400484085083,0.1510880142450332,0.8165589570999146,0.0386975407600402,0.9144752621650696,0.0620939023792743,0.8998541831970215
587,587,train,18515,0.6148537397384644,0.3695252537727356,0.5917433500289917,0.4032190144062042,0.9252544045448304,0.1321145892143249,0.6637135148048401,0.283131331205368,0.7725024819374084,0.2847754955291748,0.1840360909700393,0.616902232170105,0.4773123562335968,0.448168009519577,0.4409142136573791,0.4251086711883545,0.4920766651630401,0.44149249792099,0.8989909887313843,0.1397668123245239,0.1605078130960464,0.637569785118103,0.6358621120452881,0.3123980760574341
588,588,train,16971,0.0420734845101833,0.926534116268158,0.072896584868431,0.8832793235778809,0.0682754665613174,0.9055182337760924,0.0462355576455593,0.9101819396018982,0.0512785390019416,0.920962393283844,0.0308042671531438,0.931898593902588,0.0433582924306392,0.9251708388328552,0.0364989638328552,0.92881178855896,0.03861840441823,0.931809663772583,0.0967919304966926,0.8608530759811401,0.0327136814594268,0.9330848455429076,0.0497295595705509,0.9223480820655824
589,589,train,18389,0.0345320515334606,0.9205002188682556,0.0973036661744117,0.85160893201828,0.0533489994704723,0.9192988872528076,0.0446515195071697,0.9085232615470886,0.0450695790350437,0.9164080023765564,0.031726885586977,0.9216930866241456,0.0443165488541126,0.917381227016449,0.0335806161165237,0.9232938289642334,0.0342627242207527,0.927460253238678,0.0746443942189216,0.8786000609397888,0.033360805362463,0.9207022190093994,0.0440414883196353,0.9238011837005616
590,590,train,17904,0.1370095610618591,0.8743590712547302,0.2551775276660919,0.789990246295929,0.1898803263902664,0.8241375684738159,0.2074198573827743,0.8174004554748535,0.2016350626945495,0.8607084155082703,0.0679904520511627,0.9039210677146912,0.1195325627923011,0.8768563270568848,0.0992518439888954,0.885410487651825,0.1029232069849968,0.8903631567955017,0.3189705014228821,0.7443496584892273,0.0721017569303512,0.9025031328201294,0.1471454799175262,0.8648900985717773
591,591,train,18463,0.9462555050849916,0.1210069134831428,0.6757639646530151,0.3594902455806732,0.9447208046913148,0.1108798012137413,0.8570100665092468,0.1976139843463897,0.9318848252296448,0.1416768431663513,0.7618589401245117,0.2561838924884796,0.9165199398994446,0.1388380676507949,0.9225666522979736,0.1281430423259735,0.935247838497162,0.1289176791906356,0.9291493892669678,0.1289868503808975,0.8040542602539062,0.2490946799516677,0.9419715404510498,0.1134124621748924
592,592,train,17605,0.0641949772834777,0.8658688068389893,0.202077716588974,0.7535190582275391,0.1023457497358322,0.8621899485588074,0.0969949215650558,0.83561110496521,0.1072914004325866,0.8492211103439331,0.055329855531454,0.8861022591590881,0.087329588830471,0.8636019825935364,0.0586694926023483,0.8804876208305359,0.0618946440517902,0.8802862167358398,0.1403377503156662,0.796824038028717,0.0558493249118328,0.8860437870025635,0.0885289758443832,0.8609209656715393
593,593,train,17430,0.6761009693145752,0.4426517188549042,0.6397455334663391,0.4129956364631653,0.9006056189537048,0.1929089277982711,0.7018306851387024,0.3599404990673065,0.796535074710846,0.3433166146278381,0.1851215809583664,0.7603545188903809,0.3687239289283752,0.6597511172294617,0.3744146823883056,0.644500732421875,0.4036247134208679,0.62374347448349,0.908391535282135,0.1679790019989013,0.1716236174106598,0.768332302570343,0.5892949104309082,0.4773477613925934
594,594,train,18546,0.1349091678857803,0.8157168030738831,0.2738511860370636,0.6968684196472168,0.4491194486618042,0.5951129794120789,0.1811566352844238,0.7469730377197266,0.2072856873273849,0.7675458192825317,0.0861353948712349,0.8752967715263367,0.1309477835893631,0.8368654847145081,0.1027808934450149,0.8521291613578796,0.1061177179217338,0.851628839969635,0.4400816261768341,0.5674654245376587,0.0818831995129585,0.8694114685058594,0.1454132199287414,0.8191014528274536
595,595,train,17258,0.9122001528739928,0.1632775068283081,0.6666643023490906,0.372453510761261,0.9420346021652222,0.1171345710754394,0.8286798000335693,0.2230012416839599,0.9110756516456604,0.1706803888082504,0.413276344537735,0.5008165240287781,0.7519685626029968,0.2969878911972046,0.7974483966827393,0.2476819157600402,0.8429192304611206,0.2343042641878128,0.9250997304916382,0.1376500278711319,0.4066599011421203,0.5047475099563599,0.8946666121482849,0.1691209822893142
596,596,train,18425,0.1776807755231857,0.8279992938041687,0.2104441523551941,0.7668431997299194,0.2189446836709976,0.8032400012016296,0.1889991760253906,0.786181628704071,0.2052013576030731,0.8120687007904053,0.124959722161293,0.8335108160972595,0.1759469658136367,0.8111374378204346,0.1553588211536407,0.8158031105995178,0.1475363373756408,0.8286046385765076,0.2697072327136993,0.7407598495483398,0.1300103068351745,0.8262441158294678,0.1730749756097793,0.8046367168426514
597,597,train,17369,0.3426117897033691,0.6496352553367615,0.5682495832443237,0.4885153770446777,0.7912054061889648,0.3077883124351501,0.4915704131126404,0.5225281715393066,0.5024147629737854,0.5795660018920898,0.100177027285099,0.8137567043304443,0.1745797544717788,0.7695449590682983,0.1446924656629562,0.7877278327941895,0.1731698811054229,0.7664288282394409,0.8771688938140869,0.2062745839357376,0.0992458537220954,0.8112501502037048,0.2748675346374511,0.6804777383804321
598,598,train,18027,0.059904258698225,0.9264180660247804,0.1548310667276382,0.8356858491897583,0.0971589460968971,0.8961033225059509,0.0882094502449035,0.8763140439987183,0.0801850408315658,0.9105622172355652,0.0413428395986557,0.9346529841423036,0.0637812167406082,0.9287307262420654,0.051422256976366,0.931799590587616,0.0509159974753856,0.9345017075538636,0.1791202574968338,0.8364021182060242,0.0414717234671115,0.9324983954429626,0.0784020945429802,0.9222797155380248
599,599,train,17766,0.0872626900672912,0.8757672905921936,0.4221416413784027,0.5838361978530884,0.5757733583450317,0.4943947792053222,0.19173164665699,0.7591274976730347,0.177649587392807,0.8139841556549072,0.0493787340819835,0.9077109694480896,0.0846500545740127,0.8874322772026062,0.0635777413845062,0.8972389101982117,0.065384641289711,0.8970437049865723,0.7275307774543762,0.3468261063098907,0.0486105270683765,0.9075369238853456,0.1075812801718711,0.8640182614326477
600,600,train,17816,0.050625916570425,0.9296872615814208,0.1528678089380264,0.8345519304275513,0.0718319192528724,0.915236473083496,0.0748063400387764,0.8986011743545532,0.0735935866832733,0.9230159521102904,0.0376143231987953,0.9385045766830444,0.05499904230237,0.9307342171669006,0.04380739107728,0.9372634291648864,0.0445639118552207,0.9385316371917723,0.1279758512973785,0.8789831399917603,0.0389144085347652,0.9380653500556946,0.0592230856418609,0.9311282634735109
601,601,train,17622,0.7663646936416626,0.3080939352512359,0.6714510917663574,0.3789230585098266,0.9170818328857422,0.1611197888851165,0.7506275773048401,0.2995553910732269,0.8244462609291077,0.2676666975021362,0.1955557018518448,0.6316576600074768,0.4611517190933227,0.4835604727268219,0.408449649810791,0.4958724081516266,0.4791541993618011,0.4753815829753876,0.911785900592804,0.1652057915925979,0.1901305913925171,0.6456853747367859,0.6636247038841248,0.3339395523071289
602,602,train,17298,0.0896233692765235,0.7861917614936829,0.4042219519615173,0.5541046261787415,0.4162650406360626,0.5759057998657227,0.1659934520721435,0.6797419190406799,0.1641485542058944,0.7025320529937744,0.0527719035744667,0.8337315320968628,0.0896310731768608,0.7944747805595398,0.0747856795787811,0.8108316659927368,0.0668745785951614,0.8254609107971191,0.4797119796276092,0.4668587744235992,0.0559699460864067,0.8327895998954773,0.1084834784269332,0.7772440314292908
603,603,train,18408,0.4161671102046966,0.6627475619316101,0.4761523306369781,0.558063805103302,0.830803394317627,0.2513253688812256,0.3798853456974029,0.610812783241272,0.5567576885223389,0.5817609429359436,0.1380366683006286,0.822502851486206,0.3004828989505768,0.7481808066368103,0.2794429063796997,0.7358773350715637,0.3031348288059234,0.7479291558265686,0.8368450999259949,0.2527267038822174,0.1385243088006973,0.819372296333313,0.425974041223526,0.6577857136726379
604,604,train,17313,0.168621614575386,0.7803104519844055,0.3865059018135071,0.6299940943717957,0.257459431886673,0.7097104787826538,0.2098532021045684,0.7410024404525757,0.2483005672693252,0.7286805510520935,0.1188326403498649,0.8198994994163513,0.1626458764076233,0.7862760424613953,0.1342736929655075,0.8126732110977173,0.1381104588508606,0.8145052790641785,0.3232705891132355,0.6766508221626282,0.115820787847042,0.8159378170967102,0.1849910914897918,0.7915301322937012
605,605,train,18039,0.9359393119812012,0.1399898529052734,0.6782256364822388,0.3577148616313934,0.9419568181037904,0.1122686341404914,0.8497951030731201,0.2035703510046005,0.9205898642539978,0.1594387143850326,0.7775049805641174,0.279723584651947,0.909718096256256,0.1638278216123581,0.912410855293274,0.159492552280426,0.9261808395385742,0.1616424620151519,0.928474485874176,0.1264478862285614,0.7960149645805359,0.2784150242805481,0.934174120426178,0.1303577274084091
606,606,train,18445,0.0866016000509262,0.8343374133110046,0.3875465095043182,0.6031711101531982,0.2406731247901916,0.650968611240387,0.1980575025081634,0.7007346749305725,0.1682583391666412,0.769413948059082,0.046707697212696,0.8903985023498535,0.0772571191191673,0.8614555597305298,0.0574625208973884,0.8731918931007385,0.0582620874047279,0.8761519193649292,0.808988094329834,0.2542633712291717,0.0481537468731403,0.8851256370544434,0.0937794670462608,0.848655641078949
607,607,train,18440,0.0664807707071304,0.8425629138946533,0.2510181665420532,0.6986687183380127,0.1890302300453186,0.73430335521698,0.1009039208292961,0.7977570295333862,0.1185031980276107,0.8047793507575989,0.0475065484642982,0.8863773345947266,0.0771965533494949,0.8461450338363647,0.0519191771745681,0.8641218543052673,0.0584946535527706,0.8614869117736816,0.3213923275470733,0.5968353748321533,0.0462040677666664,0.8810979723930359,0.0917479246854782,0.8223611116409302
608,608,train,18572,0.0704534724354744,0.8820906281471252,0.2203756123781204,0.7080298662185669,0.0894572511315345,0.8741992712020874,0.1105323657393455,0.8110083937644958,0.1248513162136077,0.8258382678031921,0.0437547303736209,0.9142403602600098,0.0697519183158874,0.894209623336792,0.0507088750600814,0.9063628911972046,0.0544192492961883,0.9053283929824828,0.2629044651985168,0.6708448529243469,0.0422911085188388,0.9116697311401368,0.0850677192211151,0.8821809887886047
609,609,train,18690,0.2919351756572723,0.7376837134361267,0.5448386073112488,0.5201629996299744,0.6971119046211243,0.4095849990844726,0.3823221921920776,0.6378255486488342,0.4596651792526245,0.6271047592163086,0.0777804628014564,0.8702441453933716,0.1473946124315261,0.8311205506324768,0.1358853727579116,0.8309298157691956,0.1395939886569976,0.8297531008720398,0.7928237318992615,0.3183639347553253,0.0783305987715721,0.8649296164512634,0.2551632821559906,0.750908374786377
610,610,train,16977,0.0654342025518417,0.8862389326095581,0.4111585617065429,0.6107029318809509,0.1016276180744171,0.8358510732650757,0.1332059055566787,0.7852355241775513,0.1313110888004303,0.8188173174858093,0.0455050207674503,0.9087387323379515,0.0707902088761329,0.8965092301368713,0.0501887425780296,0.9026081562042236,0.0539057403802871,0.9019973874092102,0.3092237412929535,0.615818202495575,0.0446638762950897,0.91443932056427,0.0755101591348648,0.8765522837638855
611,611,train,18296,0.1334635317325592,0.7800803184509277,0.5309513807296753,0.490942507982254,0.6892858147621155,0.33392995595932,0.2818360328674316,0.6216128468513489,0.2544751465320587,0.6580813527107239,0.0716601014137268,0.8502972722053528,0.1252433210611343,0.8062193393707275,0.0947833284735679,0.8252684473991394,0.0945474803447723,0.822311282157898,0.8216729760169983,0.2478706538677215,0.0718157067894935,0.8448957204818726,0.1352875381708145,0.785963773727417
612,612,train,18268,0.94386887550354,0.1226017773151397,0.6675328016281128,0.3653320372104645,0.9453422427177428,0.107480376958847,0.8382223844528198,0.209198772907257,0.9323713183403016,0.1434465199708938,0.7139809727668762,0.28432297706604,0.9111769199371338,0.1455395668745041,0.9229921698570251,0.1286389827728271,0.9320397973060608,0.1365726888179779,0.9271297454833984,0.1330698877573013,0.7608601450920105,0.2805061638355255,0.9436398148536682,0.1139391660690307
613,613,train,17567,0.696033239364624,0.4807673692703247,0.6164591312408447,0.4646366238594055,0.8892754912376404,0.2314013540744781,0.671579897403717,0.4514044225215912,0.7676172256469727,0.4509150981903076,0.2171373516321182,0.7700729370117188,0.4457084834575653,0.6619262099266052,0.4112420380115509,0.6700416803359985,0.4804485142230987,0.6506882905960083,0.9128270149230956,0.1792191714048385,0.1999233961105346,0.773424506187439,0.634650707244873,0.5211896300315857
614,614,train,17016,0.084221214056015,0.8618009090423584,0.2617335021495819,0.7232890725135803,0.0649907514452934,0.8937079310417175,0.1287252157926559,0.8162612318992615,0.1462645381689071,0.8124691843986511,0.0552487447857856,0.8867119550704956,0.0747888833284378,0.8731755614280701,0.0590717084705829,0.8816575407981873,0.0612900853157043,0.8815616965293884,0.1417822539806366,0.8207449913024902,0.0591860078275203,0.8809104561805725,0.0711684897541999,0.8684751987457275
615,615,train,17238,0.2812541425228119,0.6110839247703552,0.5511268973350525,0.4722846746444702,0.521968424320221,0.4107622504234314,0.3335897922515869,0.5279055833816528,0.4112476408481598,0.5322744846343994,0.1122991815209388,0.7336441874504089,0.2011133581399917,0.6635304689407349,0.1718464642763137,0.6806063055992126,0.1706852912902832,0.6976303458213806,0.8101482391357422,0.2481685131788253,0.1108740717172622,0.722484827041626,0.2617221176624298,0.6226682662963867
616,616,train,18168,0.0834918022155761,0.8678520917892456,0.377788096666336,0.6579660773277283,0.2422502338886261,0.750906229019165,0.138615071773529,0.8142240047454834,0.1497019827365875,0.8214249014854431,0.0514732412993907,0.8998590111732483,0.0767712593078613,0.8879631161689758,0.0605080127716064,0.89615398645401,0.0672134533524513,0.8934507369995117,0.3833182156085968,0.6374784708023071,0.0547199100255966,0.9029290080070496,0.094717152416706,0.8710611462593079
617,617,test,17114,0.3888587057590484,0.6990436911582947,0.5466904640197754,0.5120866894721985,0.8858175277709961,0.1994057744741439,0.5348870158195496,0.5032981634140015,0.5683378577232361,0.6005616188049316,0.092822827398777,0.8705859184265137,0.198933407664299,0.8249984979629517,0.1614706963300705,0.8348655700683594,0.1927269250154495,0.8312448263168335,0.9084663987159728,0.1706596612930297,0.0923482701182365,0.8713339567184448,0.3741591870784759,0.7257227897644043
618,618,train,18242,0.3343828916549682,0.5683685541152954,0.6478052735328674,0.4107063412666321,0.3033464848995209,0.6510552763938904,0.3838459551334381,0.5208901762962341,0.6046494841575623,0.3981242179870605,0.1110357865691185,0.7600899338722229,0.2044917047023773,0.7093175053596497,0.1578565537929535,0.7190682888031006,0.1778643280267715,0.7033750414848328,0.6007099151611328,0.4216145277023315,0.1081188097596168,0.7676620483398438,0.2692399621009826,0.6132155656814575
619,619,train,18164,0.2856169939041137,0.6722727417945862,0.5489160418510437,0.4527759552001953,0.8439679741859436,0.2204052060842514,0.4185733199119568,0.512106716632843,0.4935393929481506,0.5425220727920532,0.0812301039695739,0.8247754573822021,0.1726346313953399,0.7712889909744263,0.147221177816391,0.7766494154930115,0.1477669924497604,0.7825453281402588,0.878261923789978,0.1795148998498916,0.0807419791817665,0.8244526386260986,0.2353573888540268,0.7219874858856201
620,620,train,18131,0.0966861769556999,0.8127694129943848,0.264133870601654,0.7267506718635559,0.2324023395776748,0.7583034634590149,0.1322174817323684,0.7963302135467529,0.1528977751731872,0.7938501238822937,0.0809939578175544,0.840350329875946,0.1251812577247619,0.8072723746299744,0.0905577018857002,0.8208900690078735,0.095537930727005,0.8262636065483093,0.2921243906021118,0.6767722368240356,0.079761117696762,0.8310468196868896,0.1253171265125274,0.8016497492790222
621,621,train,18349,0.3423172831535339,0.6650224924087524,0.6436336636543274,0.4057544469833374,0.8835022449493408,0.1864067614078521,0.6390426158905029,0.4140167236328125,0.6621877551078796,0.4486619830131531,0.0979895591735839,0.8257100582122803,0.1789029389619827,0.7762583494186401,0.1705781519412994,0.7753512263298035,0.1792320907115936,0.7796907424926758,0.9046644568443298,0.1626841723918914,0.0996915847063064,0.8253370523452759,0.3204995691776275,0.6731305718421936
622,622,train,17132,0.0998638197779655,0.8467620015144348,0.242259681224823,0.7321643829345703,0.1487251073122024,0.8074100017547607,0.1513086706399917,0.7916989922523499,0.1561060696840286,0.8169181942939758,0.064448058605194,0.8825463056564331,0.1067166328430175,0.8663715720176697,0.0785218849778175,0.8827833533287048,0.0792014598846435,0.877324640750885,0.2691308259963989,0.7181769013404846,0.0626824274659156,0.8848888278007507,0.1094970181584358,0.8600336313247681
623,623,train,17857,0.5159487724304199,0.6269833445549011,0.5899989008903503,0.4596987068653106,0.8457141518592834,0.2627508342266083,0.570136308670044,0.5085869431495667,0.6235846281051636,0.5576852560043335,0.0908708870410919,0.8705775141716003,0.1951904147863388,0.8265364766120911,0.2219265252351761,0.8082296848297119,0.230736494064331,0.8162732124328613,0.8944594264030457,0.1833520978689193,0.090171106159687,0.8695200085639954,0.3701186776161194,0.7275199294090271
624,624,train,17124,0.1780528724193573,0.7501375079154968,0.458338588476181,0.5580049753189087,0.280514121055603,0.6776061654090881,0.2700181305408478,0.6643330454826355,0.3444890081882477,0.6186646819114685,0.0848739892244339,0.8511509299278259,0.142376109957695,0.8133120536804199,0.1109604015946388,0.824749231338501,0.1160039827227592,0.8179563879966736,0.3752101361751556,0.5854751467704773,0.085461214184761,0.8441808223724365,0.1699355691671371,0.7696462869644165
625,625,train,18233,0.6491758823394775,0.4601381421089172,0.6227343678474426,0.4329316914081573,0.8679467439651489,0.2097521126270294,0.682030439376831,0.3693293333053589,0.7071713805198669,0.4045628011226654,0.1337482333183288,0.8017126321792603,0.2762308716773987,0.7154537439346313,0.3015358448028564,0.7013485431671143,0.3940356075763702,0.666741669178009,0.9063116908073424,0.1674706637859344,0.1190525144338607,0.8183275461196899,0.48183473944664,0.5710880756378174
626,626,test,17428,0.7556442618370056,0.3634313344955444,0.6481232047080994,0.4093673229217529,0.8783102631568909,0.1981321573257446,0.7303994297981262,0.3224137127399444,0.7229023575782776,0.3835027813911438,0.1488284021615982,0.7315998673439026,0.3666437566280365,0.6292851567268372,0.3867855370044708,0.5788049697875977,0.4944295883178711,0.5307338833808899,0.8929055333137512,0.1758194118738174,0.1665845066308975,0.7226693034172058,0.6921533346176147,0.3644522726535797
627,627,train,17620,0.0510100238025188,0.9176830053329468,0.1985501497983932,0.7961301803588867,0.0783134698867797,0.8984794020652771,0.092001624405384,0.8764551877975464,0.0784683749079704,0.8972746133804321,0.0364643335342407,0.9216551184654236,0.0508511252701282,0.9193148016929626,0.0424226634204387,0.9222230315208436,0.0420737192034721,0.924572229385376,0.1436968892812729,0.8425390720367432,0.0381070561707019,0.9215832352638244,0.0560427010059356,0.9157549142837524
628,628,train,17872,0.0913385599851608,0.7738566398620605,0.2102368026971817,0.6887223720550537,0.1516116708517074,0.7135097980499268,0.1213702112436294,0.7300772666931152,0.1274107247591018,0.7518848776817322,0.076554037630558,0.8076438903808594,0.1158789917826652,0.7654772400856018,0.0843895003199577,0.7768690586090088,0.0840615332126617,0.7831767797470093,0.2482523620128631,0.6216634511947632,0.0767436847090721,0.7927911281585693,0.1077737510204315,0.7632829546928406
629,629,train,17994,0.1008921191096305,0.8393235206604004,0.2110235393047332,0.7332191467285156,0.1431515961885452,0.7995895147323608,0.1312358379364013,0.797825813293457,0.1321636587381363,0.8161408305168152,0.0792565569281578,0.862295389175415,0.1102763265371322,0.8369225859642029,0.0925889387726783,0.8489548563957214,0.0885557234287262,0.8533372282981873,0.2299578338861465,0.6887155175209045,0.0801884159445762,0.8560604453086853,0.1084304004907608,0.835207462310791
630,630,train,17669,0.9237319827079772,0.1469082981348037,0.6586822271347046,0.3761228024959564,0.9411800503730774,0.1160662472248077,0.8201457858085632,0.2301450073719024,0.9210817217826844,0.1602934300899505,0.5579692721366882,0.4130503833293915,0.8557288646697998,0.2070527225732803,0.8752626180648804,0.1832271367311477,0.8948102593421936,0.1827840805053711,0.9235963225364684,0.1375872045755386,0.5790270566940308,0.4155220091342926,0.9176896810531616,0.1492922008037567
631,631,train,17490,0.8220138549804688,0.3387953042984009,0.6252807974815369,0.4119166731834411,0.929602861404419,0.146108403801918,0.7523024678230286,0.3033933937549591,0.8663384318351746,0.2747629582881927,0.3183682560920715,0.6780591607093811,0.6882579922676086,0.4613185822963714,0.6955154538154602,0.4394065141677856,0.7363865971565247,0.4443987607955932,0.9152480363845824,0.1547757536172866,0.3006199300289154,0.6892064213752747,0.8343794941902161,0.3084619641304016
632,632,train,17257,0.0733178183436393,0.8847067356109619,0.1525093764066696,0.8228915333747864,0.1127378866076469,0.8635544180870056,0.1053127124905586,0.8455919027328491,0.1042875573039054,0.8694241046905518,0.0527425073087215,0.897355854511261,0.0764577165246009,0.88567054271698,0.0606625527143478,0.8894172310829163,0.0601367019116878,0.8930965662002563,0.1633043885231018,0.8079701066017151,0.0550372451543808,0.8940640687942505,0.0787006542086601,0.8755323886871338
633,633,test,18161,0.0693870931863784,0.8690979480743408,0.3335950970649719,0.6415592432022095,0.1282909512519836,0.8422751426696777,0.0949162915349006,0.8364454507827759,0.1551322042942047,0.797126054763794,0.0496093183755874,0.9007192254066467,0.0707007274031639,0.8903764486312866,0.0533486157655715,0.8995197415351868,0.0567876361310482,0.893778383731842,0.2423249632120132,0.7240886688232422,0.0478491783142089,0.897783100605011,0.0724160447716713,0.8801249265670776
634,634,test,18281,0.0876629799604415,0.8679579496383667,0.3380415439605713,0.6550936698913574,0.1080753058195114,0.8516570925712585,0.14092718064785,0.8130334615707397,0.143299788236618,0.8358256816864014,0.0490913540124893,0.9147170186042786,0.0766078755259513,0.8990958333015442,0.0591122843325138,0.9113080501556396,0.0659777894616127,0.9060028791427612,0.3802431523799896,0.6272716522216797,0.048670157790184,0.9160460233688354,0.0981963500380516,0.87534099817276
635,635,train,17095,0.1889470368623733,0.7902030944824219,0.524426281452179,0.5351496934890747,0.2531938254833221,0.7710856199264526,0.3159696757793426,0.675485372543335,0.3423405885696411,0.7171200513839722,0.0639827400445938,0.901118278503418,0.1268207281827926,0.8753023743629456,0.0955782756209373,0.884497880935669,0.1195786371827125,0.8685861825942993,0.7668461799621582,0.3350293040275574,0.0658726841211319,0.9055421352386476,0.1803137212991714,0.8131072521209717
636,636,train,18429,0.1017276421189308,0.8600944876670837,0.3670304715633392,0.6637701988220215,0.2318603694438934,0.7866867184638977,0.168973222374916,0.7960646748542786,0.1671298146247863,0.8286729454994202,0.0734545513987541,0.8957487344741821,0.1070687100291252,0.878791868686676,0.0865522250533104,0.8840204477310181,0.0885232836008071,0.8867965936660767,0.3921919763088226,0.6470381021499634,0.0720123052597045,0.8956802487373352,0.1247242540121078,0.8652374744415283
637,637,test,17155,0.0468425080180168,0.911609709262848,0.1955566853284835,0.7670041918754578,0.0519868396222591,0.916685163974762,0.0665168836712837,0.8684675693511963,0.0689801946282386,0.8933194279670715,0.0297959819436073,0.9285674691200256,0.0498290807008743,0.9214155673980712,0.0369587615132331,0.9231938123703004,0.0376560240983963,0.925102949142456,0.1137201786041259,0.8516627550125122,0.0310966707766056,0.9218780398368835,0.0538058802485466,0.915737807750702
638,638,train,17790,0.0980143472552299,0.8787996768951416,0.201385036110878,0.7602813243865967,0.2253436893224716,0.7840219140052795,0.1303350627422332,0.8233333230018616,0.1402156800031662,0.8543503284454346,0.0513612478971481,0.9097800850868224,0.0893516913056373,0.8964391946792603,0.0769292712211608,0.901032030582428,0.0760863423347473,0.9006357789039612,0.3416029512882232,0.6850402355194092,0.0513208582997322,0.90764719247818,0.1017437651753425,0.8899005055427551
639,639,train,18638,0.0891099795699119,0.833739161491394,0.1887299418449401,0.7523864507675171,0.1329467445611953,0.8237398862838745,0.1119841858744621,0.810421347618103,0.1260885298252105,0.8260345458984375,0.0643255189061164,0.8601142168045044,0.107572540640831,0.8279663920402527,0.0765156149864196,0.8434134721755981,0.0762175396084785,0.8406234383583069,0.2279605269432068,0.6921882033348083,0.0665291845798492,0.8576337099075317,0.1018451899290084,0.818991482257843
640,640,train,18489,0.907336175441742,0.1437372267246246,0.6849926710128784,0.3595671355724334,0.9394930005073548,0.1148586645722389,0.838873565196991,0.2084918916225433,0.9222891330718994,0.1456679105758667,0.5577296614646912,0.3553758561611175,0.8209814429283142,0.2022605687379837,0.8200944662094116,0.1993030160665512,0.8616094589233398,0.1798255294561386,0.9228248596191406,0.1459913551807403,0.5201470851898193,0.3841492235660553,0.8997762799263,0.1343478560447693
641,641,train,18152,0.0643962323665618,0.9154019355773926,0.1453740745782852,0.8238336443901062,0.0748916715383529,0.9127246737480164,0.084951251745224,0.875430166721344,0.0856944471597671,0.9111385941505432,0.0477885715663433,0.920660674571991,0.0798012688755989,0.9112812280654908,0.0596295036375522,0.9196099042892456,0.0555909946560859,0.9215986132621764,0.1331923753023147,0.8481987118721008,0.0482448078691959,0.9221042990684508,0.0777622014284133,0.9092881679534912
642,642,train,17281,0.1331828385591507,0.8155531287193298,0.2917042672634125,0.6858906149864197,0.198713019490242,0.7399548888206482,0.1869863718748092,0.7397066950798035,0.21064293384552,0.7805365920066833,0.0859730765223503,0.8582038283348083,0.1504461169242859,0.824790358543396,0.1127227023243904,0.8382998704910278,0.1159295439720153,0.8354941010475159,0.2583566606044769,0.6861672401428223,0.0849961936473846,0.8569591045379639,0.1713972240686416,0.7921545505523682
643,643,train,18269,0.1087414547801017,0.8644835948944092,0.2237665057182312,0.7483593225479126,0.1404831409454345,0.8497770428657532,0.1730760633945465,0.7837642431259155,0.1595383435487747,0.8319395780563354,0.0668176487088203,0.8942756652832031,0.1291336119174957,0.8628939390182495,0.0960777848958969,0.8798276782035828,0.0926415920257568,0.8856664299964905,0.2538745403289795,0.7438967227935791,0.06813595443964,0.8935931324958801,0.1310970783233642,0.8590524196624756
644,644,train,17539,0.1266401559114456,0.7913087606430054,0.5948360562324524,0.4450264871120453,0.4416354298591614,0.5485154390335083,0.2027826309204101,0.6867684125900269,0.2640136182308197,0.6612276434898376,0.0600832849740982,0.860934317111969,0.1057150661945343,0.8243612051010132,0.0758795440196991,0.8412361741065979,0.0937574207782745,0.8364940881729126,0.6987096667289734,0.3725017309188843,0.0583949014544487,0.8665658831596375,0.1395571827888488,0.7824670076370239
645,645,train,17373,0.0481782369315624,0.8746623992919922,0.1450093984603881,0.7767438888549805,0.0645264685153961,0.8614563941955566,0.081276811659336,0.8170721530914307,0.0868817791342735,0.8487035632133484,0.043655551970005,0.8937195539474487,0.0583478845655918,0.8821058869361877,0.0461900979280471,0.890310525894165,0.0451797470450401,0.8921294212341309,0.1147477775812149,0.7832698822021484,0.0422977246344089,0.8934955596923828,0.0657587274909019,0.881875216960907
646,646,train,17763,0.2937312424182892,0.6139986515045166,0.6137186288833618,0.4274795949459076,0.7103192806243896,0.3371754884719848,0.3762584924697876,0.5524688959121704,0.4646054804325104,0.5121986865997314,0.1224405243992805,0.7651023268699646,0.2126326858997345,0.704137921333313,0.1624913662672042,0.7127162218093872,0.1894829124212265,0.6997247934341431,0.7376589775085449,0.3262893557548523,0.1204970031976699,0.7686190009117126,0.26915043592453,0.625713586807251
647,647,train,17627,0.6564455628395081,0.4864692687988281,0.5992856025695801,0.4608121514320373,0.8212683200836182,0.2867653965950012,0.571161150932312,0.4811081290245056,0.6751032471656799,0.4810900688171386,0.1573240458965301,0.8080022931098938,0.3461887836456299,0.7207143306732178,0.3463827967643738,0.7074631452560425,0.4206359386444092,0.677187442779541,0.877814769744873,0.2106846421957016,0.1506562530994415,0.815531849861145,0.5248457193374634,0.6040462255477905
648,648,train,18032,0.4462821185588836,0.4920424818992615,0.5311654806137085,0.4871446192264557,0.8657766580581665,0.1903170645236969,0.475195825099945,0.4652848839759826,0.630424976348877,0.4199276864528656,0.1837338656187057,0.6555246114730835,0.4203914105892181,0.5075727701187134,0.4052302539348602,0.470693975687027,0.4225040376186371,0.4986136257648468,0.8609273433685303,0.1973211765289306,0.1725365817546844,0.6483255624771118,0.5557275414466858,0.3877390027046203
649,649,train,18493,0.1725298166275024,0.7166223526000977,0.5695350170135498,0.4638542830944061,0.1857271939516067,0.7579918503761292,0.2697557508945465,0.6277095675468445,0.3045804500579834,0.5940884351730347,0.0903892219066619,0.8373636603355408,0.1435329318046569,0.7885541915893555,0.1171129047870636,0.798322319984436,0.1204668954014778,0.8008107542991638,0.5223066210746765,0.4853490591049194,0.0913300141692161,0.8263635635375977,0.1578876823186874,0.7559838891029358
650,650,test,17360,0.1209208443760871,0.8017695546150208,0.3823273777961731,0.606545090675354,0.2586700022220611,0.7054890990257263,0.2060651630163192,0.7207463979721069,0.2224581092596054,0.7421178817749023,0.0672496110200882,0.8590546250343323,0.1159165874123573,0.8291957974433899,0.0915889665484428,0.8422228097915649,0.0909662023186683,0.8422753810882568,0.4677288830280304,0.548288881778717,0.0690366700291633,0.8513590693473816,0.1343287527561187,0.8058643341064453
651,651,train,17488,0.085588701069355,0.9203656911849976,0.1757958233356475,0.8514183759689331,0.166766881942749,0.8778162002563477,0.1239910125732421,0.8930113315582275,0.1348589807748794,0.9079717993736268,0.0611369311809539,0.9331659078598022,0.0991640537977218,0.9208986759185792,0.0817817002534866,0.928965151309967,0.0749165788292884,0.92881977558136,0.1874227672815323,0.842079222202301,0.0596378482878208,0.932152271270752,0.1127007827162742,0.917086660861969
652,652,test,17696,0.1159633621573448,0.813892662525177,0.563838005065918,0.5126481056213379,0.2491773068904876,0.7352602481842041,0.2116023898124694,0.7224768400192261,0.2353053838014602,0.7330925464630127,0.0592613220214843,0.8748988509178162,0.10735784471035,0.8445354104042053,0.0740999728441238,0.8603211641311646,0.0800406858325004,0.8544104099273682,0.6324580311775208,0.418851763010025,0.0596661902964115,0.8735235929489136,0.1284225434064865,0.8152554631233215
653,653,train,18184,0.1452244222164154,0.8092451691627502,0.4847495257854461,0.5408748388290405,0.1934700310230255,0.7747519612312317,0.2005950212478637,0.7461020946502686,0.2693305015563965,0.7333618998527527,0.0803063660860061,0.865705132484436,0.1296593844890594,0.8407082557678223,0.0946183502674102,0.8532795906066895,0.1070827916264534,0.8495539426803589,0.3445082306861877,0.6666603088378906,0.076956495642662,0.8622456789016724,0.1445706784725189,0.8312920331954956
654,654,train,16982,0.0853518545627594,0.8771154880523682,0.1970189213752746,0.7218039631843567,0.1829032152891159,0.7269935011863708,0.121974416077137,0.7806369066238403,0.1199597120285034,0.8400545120239258,0.044828113168478,0.9051966071128844,0.0779245868325233,0.8890517950057983,0.0588273033499717,0.8976229429244995,0.0641487464308738,0.9009417295455932,0.5919676423072815,0.4304196536540985,0.0474861524999141,0.904357612133026,0.0964567065238952,0.8771669268608093
655,655,train,18146,0.1390422880649566,0.7948175668716431,0.5630123615264893,0.5044485926628113,0.5295490026473999,0.5497118830680847,0.2725977897644043,0.6687507033348083,0.3087244033813476,0.6661785244941711,0.0713225230574607,0.8787115812301636,0.115618921816349,0.8460974097251892,0.0813607349991798,0.8725771903991699,0.0908826515078544,0.8582230806350708,0.5602982044219971,0.5132585763931274,0.0679025799036026,0.8811526298522949,0.1356669962406158,0.8157230019569397
656,656,train,17767,0.2733009159564972,0.6781946420669556,0.590946614742279,0.4691543877124786,0.8071788549423218,0.2979490458965301,0.3825409114360809,0.6015276312828064,0.465734452009201,0.570439338684082,0.0957860425114631,0.8148931860923767,0.1764354407787323,0.7448146343231201,0.1384963691234588,0.7682815194129944,0.1613453179597854,0.759193480014801,0.8430978655815125,0.2598663866519928,0.0946979001164436,0.8152448534965515,0.2671411633491516,0.6573683619499207
657,657,train,17557,0.0823989436030387,0.8629459738731384,0.2350891232490539,0.738750159740448,0.1638857275247573,0.7747737765312195,0.1330790817737579,0.7985514402389526,0.1173187270760536,0.8334489464759827,0.0514483489096164,0.8877658843994141,0.0825904682278633,0.8688223361968994,0.0657531023025512,0.8797050714492798,0.064903624355793,0.8829030990600586,0.2760457694530487,0.6808008551597595,0.0577923916280269,0.881064236164093,0.0845712646842002,0.859618604183197
658,658,train,17059,0.2891490459442138,0.6832957863807678,0.5878772735595703,0.4347356557846069,0.7275650501251221,0.2810776233673095,0.4620944857597351,0.5021933317184448,0.4175995588302612,0.5988612174987793,0.0824028551578521,0.8451947569847107,0.149644985795021,0.7984238266944885,0.1341735869646072,0.7974318265914917,0.1319502145051956,0.8002004027366638,0.8877384066581726,0.1842573583126068,0.0841896906495094,0.8274195194244385,0.1999952346086502,0.754406750202179
659,659,train,17684,0.2249127030372619,0.7698172330856323,0.30433389544487,0.7092308402061462,0.3425501585006714,0.6565062999725342,0.2576006948947906,0.740639328956604,0.2815841436386108,0.7565432190895081,0.1212499812245369,0.8325928449630737,0.2171239703893661,0.7909461259841919,0.1765477359294891,0.8007508516311646,0.1714402884244918,0.7964389324188232,0.4204557240009308,0.610190749168396,0.1251469552516937,0.8309571743011475,0.2270651161670684,0.7503038048744202
660,660,test,18192,0.1550069600343704,0.7804940342903137,0.5224181413650513,0.5144523978233337,0.1044830828905105,0.8597500324249268,0.2532482743263244,0.6797346472740173,0.3728326261043548,0.6197936534881592,0.0691554620862007,0.874407947063446,0.1102379485964775,0.8419866561889648,0.0794633254408836,0.8611803650856018,0.0887500420212745,0.8507228493690491,0.3470012545585632,0.6372144222259521,0.0669412016868591,0.8715360760688782,0.1460966169834137,0.8011394143104553
661,661,test,18036,0.0851576700806617,0.8868916630744934,0.4268436431884765,0.5934107899665833,0.2852230072021484,0.7305907011032104,0.146351009607315,0.8011425137519836,0.127829447388649,0.8416379690170288,0.0555069781839847,0.9030972719192504,0.0817127972841262,0.8979707956314087,0.0667034164071083,0.9028693437576294,0.0699465051293373,0.902648150920868,0.5064926743507385,0.5443668961524963,0.0568451806902885,0.9056181907653807,0.093048445880413,0.8855907917022705
662,662,train,18687,0.2659552693367004,0.7007960081100464,0.5799998044967651,0.4685337841510772,0.3257553577423095,0.5950868725776672,0.3847870230674743,0.6094657182693481,0.3988366425037384,0.6300312876701355,0.1086019128561019,0.797469437122345,0.1836062520742416,0.7605394124984741,0.1479414403438568,0.7622795104980469,0.1732374280691146,0.762056291103363,0.7876242399215698,0.2927126884460449,0.1099474877119064,0.7908951640129089,0.2397671341896057,0.7047333121299744
663,663,test,18720,0.1412990689277649,0.7841444611549377,0.2326043993234634,0.7022470831871033,0.2189613282680511,0.715435266494751,0.1873202919960022,0.7319211959838867,0.2191189080476761,0.7498944997787476,0.086151011288166,0.831642210483551,0.1496128439903259,0.7862977385520935,0.1129099056124687,0.7986184358596802,0.1068220436573028,0.8100364804267883,0.4370726943016052,0.5515303015708923,0.083123855292797,0.8220297694206238,0.1436517685651779,0.7805594205856323
664,664,train,17621,0.0643517896533012,0.8682370781898499,0.4198273420333862,0.573261022567749,0.0923230051994323,0.8553327918052673,0.1374478936195373,0.7670349478721619,0.1213018596172332,0.8030834197998047,0.0433799661695957,0.8999851942062378,0.0585489310324192,0.8822763562202454,0.0463896393775939,0.8948662877082825,0.0489843934774398,0.8918868899345398,0.1918223798274994,0.7467968463897705,0.0444136634469032,0.9008094668388368,0.0695380419492721,0.8736447691917419
665,665,train,17670,0.198471799492836,0.7750087380409241,0.3087842464447021,0.7130483984947205,0.3623656630516052,0.5665403008460999,0.2255767583847046,0.7383174300193787,0.3001264631748199,0.740790069103241,0.0904013440012931,0.8182904720306396,0.172780379652977,0.7635468244552612,0.1495374739170074,0.7636476755142212,0.1538402587175369,0.7878065705299377,0.6064276695251465,0.4654387533664703,0.0914610847830772,0.8076609969139099,0.2243604660034179,0.7201574444770813
666,666,train,16986,0.1129937842488288,0.8362836241722107,0.2030735164880752,0.7494624853134155,0.1592195481061935,0.8035500645637512,0.1487383544445037,0.7843949794769287,0.168161004781723,0.8094404935836792,0.0533252358436584,0.889568030834198,0.0912563204765319,0.8582377433776855,0.079104483127594,0.8694605231285095,0.079732172191143,0.8732931613922119,0.2744690775871277,0.7020922303199768,0.0595255270600318,0.8839977383613586,0.1148953512310981,0.8383669853210449
667,667,test,18416,0.930863618850708,0.1432426422834396,0.6693013310432434,0.3658816814422607,0.9443382024765016,0.1099982485175132,0.835701584815979,0.2144721001386642,0.9203492403030396,0.166018471121788,0.6888989210128784,0.3213099539279938,0.9016350507736206,0.1657888740301132,0.903319776058197,0.1529144048690796,0.9156644344329834,0.1620483845472335,0.92852121591568,0.1336099207401275,0.7118653059005737,0.3311249017715454,0.9340790510177612,0.1280863434076309
668,668,train,17003,0.1307490170001983,0.7815621495246887,0.5450807809829712,0.4966561496257782,0.6565950512886047,0.4284012913703918,0.2219525724649429,0.6894052028656006,0.3012236952781677,0.6388780474662781,0.056990310549736,0.8674039244651794,0.1005672961473465,0.8248258829116821,0.0675395727157592,0.8452571034431458,0.0730611532926559,0.8441928625106812,0.772341787815094,0.3055615127086639,0.0554520450532436,0.8687629103660583,0.1341573446989059,0.7804366946220398
669,669,test,18245,0.3961063921451568,0.6128268241882324,0.6540658473968506,0.3954541683197021,0.8979890942573547,0.1788092702627182,0.682847797870636,0.3657492995262146,0.7104164361953735,0.3983205258846283,0.1212587729096412,0.7981101870536804,0.2490632534027099,0.7247995734214783,0.2517065703868866,0.7230187654495239,0.2434693574905395,0.7359411716461182,0.9101974368095398,0.1597424745559692,0.1186772063374519,0.8110554814338684,0.4279190599918365,0.6024976968765259
670,670,train,18180,0.0616205036640167,0.842377245426178,0.1361450105905532,0.773161768913269,0.0811511203646659,0.8379799723625183,0.0817631334066391,0.8182834386825562,0.090074211359024,0.8284823894500732,0.0542452633380889,0.8640552759170532,0.0717227756977081,0.8462381958961487,0.0560204088687896,0.8549467921257019,0.0574226900935173,0.8549942970275879,0.1359999179840088,0.7572936415672302,0.0533390082418918,0.8571311235427856,0.0703972354531288,0.8477689623832703
671,671,train,17316,0.4070664942264557,0.4726211726665497,0.6172912120819092,0.4039133787155151,0.8902103304862976,0.1701553612947464,0.536910891532898,0.387220174074173,0.6401004195213318,0.3453175723552704,0.1251668632030487,0.7073967456817627,0.2889953255653381,0.604889452457428,0.2248858362436294,0.6274999976158142,0.2356938272714615,0.6063118577003479,0.8806673288345337,0.1863116472959518,0.1102922856807708,0.7289260625839233,0.3923400342464447,0.4916920065879822
672,672,train,17255,0.1655303239822387,0.7589791417121887,0.3327671587467193,0.6317995190620422,0.265769749879837,0.7123629450798035,0.2191772162914276,0.715425431728363,0.2896580696105957,0.6735021471977234,0.1261833310127258,0.8105834126472473,0.1476025581359863,0.7974296808242798,0.1294725090265274,0.8021746277809143,0.1301043778657913,0.7926100492477417,0.3121119141578674,0.6309078931808472,0.1399872004985809,0.7861840128898621,0.1514115929603576,0.7574034333229065
673,673,train,18567,0.936982035636902,0.1303687393665313,0.6711756587028503,0.3638451993465423,0.9451917409896852,0.1098958849906921,0.8438318371772766,0.2061825841665268,0.9255334734916688,0.1518621444702148,0.7190557718276978,0.2813114821910858,0.9043520092964172,0.1503670811653137,0.907662034034729,0.1443473696708679,0.9237814545631408,0.1448344588279724,0.9277152419090272,0.1325009167194366,0.7530300617218018,0.2772113382816314,0.9351540803909302,0.1237440332770347
674,674,train,18752,0.2492264062166214,0.6663099527359009,0.621161937713623,0.4224251508712768,0.8359776735305786,0.2389695197343826,0.537516176700592,0.4400945901870727,0.5764572620391846,0.4557633996009826,0.086792878806591,0.8267370462417603,0.162992313504219,0.7678702473640442,0.1361681967973709,0.7817331552505493,0.1422823220491409,0.7831030488014221,0.8887345194816589,0.1768351197242736,0.0889202952384948,0.827078104019165,0.2244861721992492,0.7089811563491821
675,675,train,18095,0.0570085607469081,0.9145560264587402,0.1257568895816803,0.8350578546524048,0.1160522550344467,0.8673510551452637,0.0741400569677352,0.8805728554725647,0.0704486966133117,0.9024134278297424,0.0429492704570293,0.9179339408874512,0.0657381266355514,0.9146618247032166,0.0546206459403038,0.918128252029419,0.0537167824804782,0.9196352362632751,0.1742568612098693,0.8086912631988525,0.0436521768569946,0.9181892275810242,0.0660455673933029,0.9159039855003356
676,676,train,18541,0.8856191039085388,0.240611657500267,0.6550289988517761,0.3880765438079834,0.9348400831222534,0.135241225361824,0.8097258806228638,0.2513991296291351,0.897488534450531,0.2183036208152771,0.2665573358535766,0.6772880554199219,0.5786794424057007,0.5404447913169861,0.6707786917686462,0.4455557465553283,0.7493667006492615,0.4023993611335754,0.9231444597244264,0.1432943195104599,0.2262297719717025,0.7243606448173523,0.8507099151611328,0.2776528596878052
677,677,train,18435,0.051958967000246,0.9145389199256896,0.1628781855106353,0.8192671537399292,0.0691079273819923,0.9005559086799622,0.0793470591306686,0.8843178153038025,0.0773230791091919,0.8943079113960266,0.0420964173972606,0.9312577843666076,0.059494849294424,0.9147103428840636,0.0445901304483413,0.9265341758728028,0.0466465428471565,0.9259661436080932,0.1288057565689087,0.8624787330627441,0.0437705032527446,0.927335560321808,0.0653479024767875,0.9061631560325624
678,678,train,18156,0.0781242102384567,0.8496794104576111,0.3984651267528534,0.5782707333564758,0.1969964355230331,0.7622222900390625,0.1284992843866348,0.7823446989059448,0.1567361801862716,0.7628242373466492,0.0552359037101268,0.8936822414398193,0.0883424282073974,0.8651384115219116,0.0602180399000644,0.8808369040489197,0.0678690001368522,0.8742347955703735,0.3697020709514618,0.5820506811141968,0.0523906089365482,0.8956392407417297,0.0972080007195472,0.8518097400665283
679,679,test,18482,0.2893445789813995,0.7017874717712402,0.629866898059845,0.4203799664974212,0.8317339420318604,0.2601274251937866,0.5112012028694153,0.5266488790512085,0.6394612193107605,0.4586138725280761,0.0891396850347518,0.8337011337280273,0.1595517992973327,0.7992731332778931,0.1213134825229644,0.8114979267120361,0.1431525200605392,0.7947595715522766,0.8388546705245972,0.2393614500761032,0.0904400050640106,0.8505285382270813,0.248925969004631,0.7036327719688416
680,680,train,17022,0.1643455177545547,0.7663655281066895,0.5124393701553345,0.4759422540664673,0.6845059990882874,0.3203072845935821,0.2977831363677978,0.5926307439804077,0.2652575969696045,0.6690259575843811,0.0580769516527652,0.8604701161384583,0.1094883531332016,0.8289482593536377,0.0960615500807762,0.8332424759864807,0.1004875376820564,0.8409889936447144,0.8656507730484009,0.1967314034700393,0.0617609396576881,0.8533598780632019,0.1514114141464233,0.7940255403518677
681,681,train,18226,0.1213808506727218,0.7953283190727234,0.2966747283935547,0.6807111501693726,0.2910361289978027,0.6389997601509094,0.1402142345905304,0.7682544589042664,0.1616110056638717,0.7776089906692505,0.0867306143045425,0.8247122168540955,0.1655878871679306,0.7561392188072205,0.1127104759216308,0.7945534586906433,0.1214061826467514,0.8034382462501526,0.4307765364646911,0.5618379712104797,0.089736707508564,0.8190829157829285,0.1613085269927978,0.755110502243042
682,682,train,17530,0.1357870995998382,0.7951905131340027,0.2569942772388458,0.6822378039360046,0.2337741106748581,0.6556209921836853,0.1689953356981277,0.7458517551422119,0.192789688706398,0.7526967525482178,0.0740488916635513,0.826130211353302,0.133112147450447,0.7884284853935242,0.1043227091431617,0.8096111416816711,0.09661665558815,0.8260861039161682,0.4397847056388855,0.5286000967025757,0.0758731216192245,0.821585476398468,0.1352375298738479,0.7941325306892395
683,683,train,18713,0.0958674475550651,0.8706092834472656,0.5516563653945923,0.5561040043830872,0.5934374928474426,0.5458604693412781,0.228890374302864,0.7536430358886719,0.2154262363910675,0.7888434529304504,0.0484680011868476,0.9064467549324036,0.0732780694961547,0.8929979205131531,0.056989949196577,0.9000635147094727,0.065158225595951,0.8998342752456665,0.7439295649528503,0.3767631649971008,0.0503559149801731,0.9097870588302612,0.1140466555953025,0.8565495610237122
684,684,train,18306,0.0813008621335029,0.862054169178009,0.3540909886360168,0.6482540965080261,0.1211475059390068,0.8187997341156006,0.1470507830381393,0.7844098806381226,0.1500531584024429,0.808881938457489,0.0570017285645008,0.8980926871299744,0.0944279879331588,0.8780366778373718,0.0654492676258087,0.8942066431045532,0.0662111192941665,0.8913836479187012,0.2112967073917389,0.7651388049125671,0.059599082916975,0.9011944532394408,0.0957943797111511,0.8651555776596069
685,685,train,17364,0.0594836175441741,0.925039529800415,0.1401980966329574,0.8599302768707275,0.0770195722579956,0.926488757133484,0.0761598497629165,0.9053497910499572,0.0850349515676498,0.9197155833244324,0.0394220389425754,0.934328317642212,0.0655446499586105,0.9281010627746582,0.0514778941869735,0.9331170916557312,0.050055406987667,0.9355452060699464,0.1209026649594307,0.8920716047286987,0.040083285421133,0.9331069588661194,0.0648426041007042,0.9273630380630492
686,686,train,17508,0.1370133906602859,0.8401502370834351,0.4398402571678161,0.5668876767158508,0.5514075756072998,0.5163475871086121,0.2215235978364944,0.7160100936889648,0.2441460490226745,0.7609409093856812,0.0807066336274147,0.8849056363105774,0.1218455210328102,0.856288731098175,0.1051017716526985,0.8634480237960815,0.1007198244333267,0.8731447458267212,0.6719455122947693,0.3914637863636017,0.0780894756317138,0.8885260224342346,0.1465982645750045,0.8336770534515381
687,687,test,18018,0.4145589470863342,0.6070614457130432,0.6556837558746338,0.4201306700706482,0.9014416933059692,0.183655709028244,0.5872782468795776,0.4652310609817505,0.6450992226600647,0.4718150794506073,0.1261937320232391,0.7951534390449524,0.2511635720729828,0.7259983420372009,0.2173466831445694,0.7437970042228699,0.2306925356388092,0.7272447347640991,0.8914898037910461,0.1965352147817611,0.1257815659046173,0.8010342121124268,0.3447332084178924,0.6504024863243103
688,688,train,17348,0.2519180476665497,0.7699828743934631,0.3318801522254944,0.7085384726524353,0.4145545363426208,0.6301438212394714,0.2676340341567993,0.726864218711853,0.307142049074173,0.7394030690193176,0.1471704542636871,0.8248278498649597,0.2283524572849273,0.7755224108695984,0.202997013926506,0.7883982062339783,0.197867602109909,0.8034213185310364,0.4324847459793091,0.6203779578208923,0.1399153470993042,0.8257511854171753,0.2563430964946747,0.7517080903053284
689,689,train,18153,0.2459018230438232,0.7230067849159241,0.6196893453598022,0.4187054634094238,0.8589974045753479,0.2244339436292648,0.5673284530639648,0.4588373601436615,0.5602195262908936,0.5266588926315308,0.0698049589991569,0.8656400442123413,0.1416137665510177,0.806359052658081,0.1183006167411804,0.8207457661628723,0.1329898238182068,0.8190189003944397,0.898971438407898,0.1728548109531402,0.0657512545585632,0.8701318502426147,0.2526898682117462,0.7361827492713928
690,690,train,17664,0.1081161871552467,0.8725014925003052,0.3679036498069763,0.667956531047821,0.5799127221107483,0.5148334503173828,0.1671193540096283,0.8139241933822632,0.1685637086629867,0.8396396636962891,0.0585171021521091,0.9075804352760316,0.0856465995311737,0.8879683017730713,0.0720105022192001,0.8977398872375488,0.0753336921334266,0.8984816074371338,0.6771831512451172,0.4124262928962707,0.0587183646857738,0.9043769240379332,0.1104895249009132,0.8706568479537964
691,691,train,17214,0.1309690326452255,0.8694795966148376,0.2255152016878128,0.7693374156951904,0.2619717717170715,0.7836426496505737,0.1782986521720886,0.8045581579208374,0.1751042604446411,0.8481234312057495,0.0943987593054771,0.9024894833564758,0.1446088254451751,0.8791967630386353,0.1202072501182556,0.8864918947219849,0.11606415361166,0.8926270008087158,0.3427800834178924,0.7251942157745361,0.0962814316153526,0.8960181474685669,0.152580976486206,0.8731551766395569
692,692,test,17601,0.1798081994056701,0.6770364046096802,0.3785424530506134,0.5918027758598328,0.3926773071289062,0.4879848659038543,0.2117090374231338,0.6309170722961426,0.2817562520503998,0.6117965579032898,0.0734802559018135,0.8011999726295471,0.1414250433444976,0.7437108755111694,0.1015325337648391,0.7625152468681335,0.1136872172355651,0.757419228553772,0.4638696610927582,0.4546776413917541,0.068919725716114,0.7944273948669434,0.1562915295362472,0.702023446559906
693,693,train,17110,0.8677084445953369,0.2171457111835479,0.6665486693382263,0.372592955827713,0.9377336502075196,0.1219517737627029,0.8123801350593567,0.2239235490560531,0.8871181607246399,0.2002565860748291,0.4057187438011169,0.5003288984298706,0.7437877655029297,0.3085663914680481,0.7704769372940063,0.283985435962677,0.8105639815330505,0.2752979695796966,0.923971712589264,0.1426708102226257,0.3849032819271087,0.53829026222229,0.8418025374412537,0.2312826216220855
694,694,train,17671,0.147256463766098,0.7399221062660217,0.579402506351471,0.4376062452793121,0.8425569534301758,0.2269857227802276,0.4349130094051361,0.5016549825668335,0.3576007485389709,0.5939340591430664,0.0525706447660923,0.8575748801231384,0.0983543545007705,0.8133750557899475,0.0730625912547111,0.8280546069145203,0.0817885920405387,0.823411226272583,0.8874608874320984,0.1734290421009063,0.0530615970492363,0.8631544709205627,0.1538184285163879,0.7373353242874146
695,695,train,17873,0.328027069568634,0.6436200737953186,0.6194781064987183,0.4410813152790069,0.8741589784622192,0.2172216027975082,0.4523384869098663,0.5367587804794312,0.5391090512275696,0.5266415476799011,0.0972834154963493,0.8289185166358948,0.2212086766958236,0.755117654800415,0.173627033829689,0.7634359002113342,0.196904182434082,0.7522522807121277,0.875752329826355,0.2149102836847305,0.0940140411257743,0.8261553049087524,0.3354911208152771,0.6481126546859741
696,696,train,17181,0.0903597399592399,0.9076389670372008,0.2136944681406021,0.8146413564682007,0.1193752810359001,0.8797395825386047,0.1203528642654419,0.8710927963256836,0.114060528576374,0.8931484222412109,0.0590366944670677,0.9120938181877136,0.0870469063520431,0.9051201939582824,0.0724543929100036,0.9108058214187622,0.0725629776716232,0.9123652577400208,0.176867663860321,0.8325558304786682,0.0630542263388633,0.910654604434967,0.0906484723091125,0.9056540727615356
697,697,train,18067,0.5756635069847107,0.4481213688850403,0.6551709771156311,0.3952386975288391,0.9176451563835144,0.1569916754961013,0.7258481383323669,0.3418239951133728,0.7944043278694153,0.3303038477897644,0.1265382915735244,0.7444576621055603,0.283292680978775,0.6777839660644531,0.2482184469699859,0.6530267596244812,0.2838897705078125,0.636297345161438,0.9066131711006165,0.1686312109231948,0.1208102107048034,0.7658425569534302,0.4557500183582306,0.5116270780563354
698,698,train,18426,0.1252436190843582,0.8025290966033936,0.4561599493026733,0.559721827507019,0.126688614487648,0.8271981477737427,0.2235111147165298,0.7210116982460022,0.2748083770275116,0.6953511834144592,0.0737145319581031,0.8736231327056885,0.105935014784336,0.8539760112762451,0.0810593664646148,0.8688502907752991,0.0886223092675209,0.8575912117958069,0.2653158903121948,0.6919395327568054,0.0701276212930679,0.8753031492233276,0.1153039410710334,0.8282639980316162
699,699,train,18456,0.0520930811762809,0.908270537853241,0.2735213041305542,0.7421841025352478,0.0787769630551338,0.8720954060554504,0.1169223487377166,0.8384984135627747,0.1111288666725158,0.8634873032569885,0.032918345183134,0.9222369194030762,0.0501354411244392,0.9138325452804564,0.0414057038724422,0.9142109751701356,0.0423370376229286,0.918064832687378,0.5034422278404236,0.5548275113105774,0.035531960427761,0.9214993715286256,0.0633322894573211,0.8991711735725403
700,700,train,18614,0.8724573254585266,0.2318096756935119,0.6691526174545288,0.3845924437046051,0.9370040893554688,0.1226533204317092,0.8269622921943665,0.2493358105421066,0.8952428102493286,0.2086555808782577,0.3758913576602936,0.543266236782074,0.7651706337928772,0.3503093123435974,0.7609593272209167,0.3195542991161346,0.8029308319091797,0.3107180297374725,0.9235203862190248,0.1459156721830368,0.3812995553016662,0.5786270499229431,0.8568601608276367,0.2442113161087036
701,701,train,17475,0.1273407638072967,0.7708314657211304,0.4954372048377991,0.5051172375679016,0.6789934039115906,0.3562088906764984,0.272808164358139,0.6162357926368713,0.2766733765602112,0.6477570533752441,0.0582997873425483,0.8637191653251648,0.0913196876645088,0.8393393158912659,0.0766079574823379,0.8508207201957703,0.0824714750051498,0.8410798907279968,0.7437227368354797,0.2871532440185547,0.0575635731220245,0.8694946765899658,0.116172656416893,0.8006393313407898
702,702,train,16985,0.0892511755228042,0.8538084030151367,0.4272575080394745,0.5870527625083923,0.1315225660800933,0.8376676440238953,0.1400977373123169,0.7689234018325806,0.1787276566028595,0.7685776352882385,0.0493540987372398,0.9017599821090698,0.0675490647554397,0.8854398131370544,0.0548631139099597,0.897291362285614,0.058185376226902,0.8951918482780457,0.2717527747154236,0.6879114508628845,0.0491280406713485,0.9001774787902832,0.0804822966456413,0.8707981109619141
703,703,train,17325,0.3125522136688232,0.6291083693504333,0.5987930297851562,0.4450525641441345,0.8428331613540649,0.2287505865097046,0.4554871320724487,0.4919829964637756,0.4883650839328766,0.5260523557662964,0.1063509285449981,0.8246890306472778,0.1854156553745269,0.7618613839149475,0.1717467159032821,0.7681746482849121,0.1897248029708862,0.7555967569351196,0.8970560431480408,0.1830440610647201,0.1102671176195144,0.8231344223022461,0.2726123034954071,0.7002068758010864
704,704,test,18455,0.9328738451004028,0.1332790702581405,0.6731666922569275,0.3665832877159118,0.9429982900619508,0.112542062997818,0.8372860550880432,0.2151010781526565,0.929514706134796,0.1445773243904113,0.6448959112167358,0.307522714138031,0.8657714128494263,0.176130786538124,0.8613831996917725,0.1704732775688171,0.9020858407020568,0.1598110496997833,0.9268507361412048,0.1386443078517913,0.6506589651107788,0.2925864160060882,0.924258828163147,0.1278328597545623
705,705,train,18419,0.0898650884628295,0.8225501775741577,0.2150574028491974,0.6858120560646057,0.0853501260280609,0.8611096143722534,0.1322237998247146,0.769478976726532,0.1535232812166214,0.7682369351387024,0.0607930831611156,0.8483279943466187,0.0759917497634887,0.8374682664871216,0.0612295567989349,0.8502709269523621,0.0621502995491027,0.8541509509086609,0.1531534045934677,0.7668260931968689,0.0618823952972888,0.8456396460533142,0.0729374885559082,0.8353015184402466
706,706,train,18526,0.0574269853532314,0.8983992338180542,0.1249893009662628,0.8248798251152039,0.0729618519544601,0.8553354144096375,0.0790330320596695,0.8618307709693909,0.0735907107591629,0.8884660005569458,0.0432611368596553,0.9100870490074158,0.0654833987355232,0.8987619280815125,0.0523724071681499,0.9036759734153748,0.0487329736351966,0.9053739309310912,0.1577525734901428,0.772425651550293,0.0464531704783439,0.8984471559524536,0.0678218603134155,0.8997523784637451
707,707,train,17543,0.0867267027497291,0.8805087804794312,0.2850778996944427,0.7236453890800476,0.1113313063979148,0.8602440357208252,0.1451562345027923,0.8325281739234924,0.1529553830623626,0.8391153812408447,0.0677493959665298,0.8892268538475037,0.1051621064543724,0.8736948370933533,0.0724673271179199,0.8894045948982239,0.0759851038455963,0.8878245949745178,0.1791101098060608,0.8140004277229309,0.0682778880000114,0.8953872323036194,0.1029497161507606,0.8678230047225952
708,708,train,17394,0.0694320797920227,0.8987765908241272,0.3504957258701324,0.6592604517936707,0.1170520335435867,0.8493916988372803,0.1208157837390899,0.8386741280555725,0.1372687518596649,0.8546944260597229,0.0391111969947814,0.9193840622901917,0.0603418610990047,0.9112336039543152,0.0460393242537975,0.9168411493301392,0.0506037175655365,0.9126350283622742,0.2258500158786773,0.754724383354187,0.0402025841176509,0.9197331070899964,0.070162795484066,0.9021679759025574
709,709,train,18434,0.6848905086517334,0.4745662808418274,0.5987866520881653,0.4626540243625641,0.8232822418212891,0.2726101577281952,0.6399514675140381,0.4543624818325043,0.7066234350204468,0.4778073728084564,0.2076017260551452,0.742586612701416,0.4668807089328766,0.6357064247131348,0.4650669991970062,0.629228413105011,0.5066618919372559,0.6133973598480225,0.8329253196716309,0.282359629869461,0.1992525160312652,0.7554498910903931,0.5790097117424011,0.5419594049453735
710,710,train,17553,0.5507410764694214,0.5219883322715759,0.6125364899635315,0.4310021698474884,0.7287055253982544,0.2945689260959625,0.5911425352096558,0.4084427952766418,0.6555341482162476,0.4242660999298095,0.1116928905248642,0.8136507868766785,0.266696035861969,0.7257023453712463,0.262368232011795,0.7129724025726318,0.2483553439378738,0.7477590441703796,0.9028264284133912,0.1721658259630203,0.1141650453209877,0.8186332583427429,0.4247482419013977,0.599970281124115
711,711,train,17082,0.1008676812052726,0.8325733542442322,0.3373104631900787,0.6679772734642029,0.1765265613794326,0.7558997273445129,0.1487248241901397,0.7645856738090515,0.1784899830818176,0.8059368133544922,0.043860200792551,0.8813756108283997,0.0895583033561706,0.8585496544837952,0.0663415789604187,0.8689665198326111,0.0643602460622787,0.869492769241333,0.2967993021011352,0.6581737399101257,0.0442941896617412,0.882110595703125,0.1089769750833511,0.8321614861488342
712,712,test,17845,0.1152418851852417,0.755013644695282,0.4189254641532898,0.5458288788795471,0.1444531232118606,0.7378767728805542,0.1831436604261398,0.6995127201080322,0.2279636412858963,0.6933103203773499,0.0828833505511283,0.8137021064758301,0.1248654201626777,0.7846074104309082,0.088075466454029,0.8030828237533569,0.0963032767176628,0.7967769503593445,0.3210816383361816,0.6105955839157104,0.0800645798444747,0.8129896521568298,0.1337750405073166,0.7675502300262451
713,713,train,17859,0.5148051977157593,0.5588740706443787,0.6049880385398865,0.4327661693096161,0.86004638671875,0.2206795960664749,0.6042866110801697,0.4369423389434814,0.6013780236244202,0.4921905398368835,0.1127062737941742,0.8201107978820801,0.217671662569046,0.7599696516990662,0.2365022003650665,0.7464901208877563,0.237614631652832,0.7517505288124084,0.9054240584373474,0.1626662313938141,0.1075153946876525,0.8144648671150208,0.4162398278713226,0.6196708083152771
714,714,test,18321,0.357825219631195,0.6655702590942383,0.4979211986064911,0.5507774353027344,0.7934907674789429,0.2896448671817779,0.3858803808689117,0.6197299957275391,0.507481038570404,0.5877808928489685,0.1522650122642517,0.7777727842330933,0.3127169907093048,0.7005510330200195,0.2965802550315857,0.689232349395752,0.2687486410140991,0.7194414138793945,0.748212993144989,0.3323581516742706,0.1417334228754043,0.7916359901428223,0.3619600236415863,0.6536176800727844
715,715,train,17094,0.2231034338474273,0.7528557777404785,0.3785059452056885,0.6384349465370178,0.5102989673614502,0.5945135951042175,0.242728590965271,0.6940908432006836,0.3032335340976715,0.7273196578025818,0.0958342030644416,0.846813976764679,0.1939215213060379,0.7852823734283447,0.1643805056810379,0.7927790880203247,0.1601574122905731,0.8065871596336365,0.5739182233810425,0.4970979690551758,0.1016561985015869,0.8362302780151367,0.2290272861719131,0.7665656805038452
716,716,test,18592,0.3414777815341949,0.6387038230895996,0.5691071152687073,0.4734265506267547,0.8286124467849731,0.2531768977642059,0.3967262208461761,0.5670445561408997,0.4769873023033142,0.5474355816841125,0.1604833602905273,0.7643473148345947,0.2453805804252624,0.7129403948783875,0.2223658561706543,0.7100136280059814,0.2295881956815719,0.7248280644416809,0.7663700580596924,0.2899672985076904,0.1624308228492736,0.7647541165351868,0.3236697912216186,0.644097626209259
717,717,train,17941,0.0450464747846126,0.9366555213928224,0.1462978422641754,0.8454635143280029,0.0575449243187904,0.9280659556388856,0.0683849975466728,0.9052053689956664,0.0684369355440139,0.9219362735748292,0.0422947220504283,0.9396931529045104,0.0554103143513202,0.9375534653663636,0.0427990406751632,0.9413207173347472,0.0429248847067356,0.942834198474884,0.0944854319095611,0.8978369235992432,0.041944146156311,0.9391667246818542,0.0608023963868618,0.934642732143402
718,718,train,17453,0.0473995469510555,0.8960523009300232,0.1436638534069061,0.792579710483551,0.0672727674245834,0.8865472078323364,0.0705859288573265,0.8591572642326355,0.063114158809185,0.8827378153800964,0.0387000255286693,0.903540015220642,0.0526122376322746,0.8894178867340088,0.0457818545401096,0.8994879126548767,0.0438740029931068,0.9032500386238098,0.1190809905529022,0.8198733329772949,0.0404358804225921,0.9025906324386596,0.0548734925687313,0.8931469917297363
719,719,train,18486,0.0524471774697303,0.9220079183578492,0.1238971650600433,0.8383636474609375,0.0811981335282325,0.9098237752914428,0.0813066884875297,0.8833287954330444,0.0754520967602729,0.9057493805885316,0.044538713991642,0.9185246229171752,0.0585615187883377,0.9168596863746644,0.0480822436511516,0.9201047420501708,0.0475397109985351,0.9226772785186768,0.1126614287495613,0.8557626008987427,0.0460103899240493,0.9197505712509156,0.0590777918696403,0.9167962670326232
720,720,train,17507,0.0987815037369728,0.8326507210731506,0.257378488779068,0.7359612584114075,0.1959531158208847,0.7983419299125671,0.1366272270679474,0.8159469962120056,0.168692409992218,0.7965677380561829,0.0831273943185806,0.8601418137550354,0.1229221522808075,0.8316993713378906,0.0904236063361167,0.8380813598632812,0.1004406735301017,0.8454920649528503,0.2465543746948242,0.7252000570297241,0.0790811032056808,0.8518156409263611,0.1353504508733749,0.8216596245765686
721,721,train,18394,0.1997138559818267,0.7973757982254028,0.3841626644134521,0.6608147621154785,0.2114401310682296,0.7543128728866577,0.2387844920158386,0.723214864730835,0.2880322933197021,0.7482171654701233,0.0681116580963134,0.8889948725700378,0.1343894749879837,0.8515731692314148,0.1091689243912696,0.8598238229751587,0.1091670915484428,0.862291157245636,0.3847792446613312,0.6131811141967773,0.0716744065284729,0.8768491744995117,0.1650542914867401,0.8271618485450745
722,722,train,17515,0.0793186947703361,0.9041935801506042,0.2119458168745041,0.8114363551139832,0.1207062005996704,0.8896971344947815,0.1199039071798324,0.8669561743736267,0.1197338327765464,0.8876491785049438,0.0559425950050354,0.9186971187591552,0.0878414511680603,0.9108244776725768,0.0669276937842369,0.9182046055793762,0.065618984401226,0.9175050258636476,0.1756426692008972,0.815468966960907,0.055510576814413,0.9207389950752258,0.0854656472802162,0.8989877104759216
723,723,train,17411,0.9445281624794006,0.121799498796463,0.6757143139839172,0.360951691865921,0.9437721371650696,0.1103291660547256,0.8543656468391418,0.2001249343156814,0.9300140738487244,0.1442703604698181,0.7620745897293091,0.2628355920314789,0.9126862287521362,0.1447577774524688,0.918371856212616,0.1339864283800125,0.9310302734375,0.1365021914243698,0.928409218788147,0.127835676074028,0.796913206577301,0.2564032077789306,0.9392169713974,0.1158876344561576
724,724,train,18311,0.1340461373329162,0.8016699552536011,0.2684208452701568,0.6905701160430908,0.141705647110939,0.766373872756958,0.1717086285352707,0.7371412515640259,0.1995648592710495,0.7719883918762207,0.0619156248867511,0.8693276643753052,0.1025886088609695,0.8467550277709961,0.0775496661663055,0.8612273931503296,0.0880199819803237,0.856645941734314,0.2874817550182342,0.6502894759178162,0.0613084100186824,0.8699239492416382,0.1287472695112228,0.8214774131774902
725,725,test,17151,0.1732599586248397,0.7935066819190979,0.2561496496200561,0.6918496489524841,0.5057753324508667,0.5452495217323303,0.2190340012311935,0.7315378785133362,0.2475687265396118,0.7475038170814514,0.0813824459910392,0.851638674736023,0.161288246512413,0.8097282648086548,0.1346871554851532,0.823123574256897,0.1352665275335312,0.831559956073761,0.4454200863838196,0.5923774838447571,0.079506441950798,0.8500450849533081,0.1888828128576278,0.7961181998252869
726,726,train,18114,0.3543200492858886,0.6325467824935913,0.5205922722816467,0.4767283797264099,0.7026053667068481,0.3054243922233581,0.4131393730640411,0.5278149247169495,0.4702045917510986,0.5607306957244873,0.077045127749443,0.8325927257537842,0.1660097688436508,0.7904142737388611,0.1454243063926696,0.7915606498718262,0.1623425483703613,0.7930548191070557,0.8702288866043091,0.1836525201797485,0.0744804516434669,0.8325180411338806,0.2649620771408081,0.7111193537712097
727,727,test,18436,0.0694074034690857,0.9214677810668944,0.1517623364925384,0.8273438215255737,0.080114834010601,0.8948432803153992,0.0970069915056228,0.8774140477180481,0.0954280942678451,0.9064704179763794,0.0514083057641983,0.924070119857788,0.0778444334864616,0.9141846895217896,0.05939482152462,0.9161260724067688,0.0568444281816482,0.9239012002944946,0.1146384105086326,0.8695988655090332,0.0546299368143081,0.9246573448181152,0.0796431377530098,0.91026508808136
728,728,train,18282,0.2852735221385956,0.7108138799667358,0.5490791201591492,0.5027722120285034,0.866241991519928,0.2110358029603958,0.512634813785553,0.5132067203521729,0.4549643993377685,0.6249921321868896,0.0757678747177124,0.8583152294158936,0.1624886840581894,0.8114823698997498,0.1615141779184341,0.8028834462165833,0.1390943378210067,0.8206564784049988,0.8811452984809875,0.2080903500318527,0.0815862268209457,0.8556550741195679,0.2418047189712524,0.7436230182647705
729,729,train,17801,0.1157411485910415,0.8220826387405396,0.2089198380708694,0.7092558741569519,0.1640975028276443,0.7717143893241882,0.1488726735115051,0.7556384205818176,0.1595990061759948,0.796340823173523,0.0764980539679527,0.8324955105781555,0.1115141734480857,0.8183255791664124,0.0916329324245452,0.8248451948165894,0.0910712033510208,0.8317983150482178,0.233402594923973,0.7198634147644043,0.0790292099118232,0.8339864015579224,0.1139675006270408,0.8112398386001587
730,730,train,17889,0.174638956785202,0.7905188202857971,0.5164428949356079,0.5417757630348206,0.816722571849823,0.2825877070426941,0.3051609694957733,0.6548672318458557,0.3540763258934021,0.6904265284538269,0.0549557656049728,0.8798505663871765,0.1029247939586639,0.8492797613143921,0.0790134072303772,0.8560539484024048,0.0876229107379913,0.8580175638198853,0.8620621562004089,0.2207345366477966,0.0547611787915229,0.8819237351417542,0.1840175986289978,0.7807322144508362
731,731,train,17839,0.0817776545882225,0.7553256750106812,0.2663579881191253,0.6174285411834717,0.1221245303750038,0.7306581735610962,0.108459360897541,0.6986966729164124,0.1217265203595161,0.7237536907196045,0.041469682008028,0.8374640941619873,0.0759352222084999,0.7943094372749329,0.0615178607404232,0.8120729327201843,0.0633788555860519,0.8143977522850037,0.408582866191864,0.4626437425613403,0.0430604889988899,0.837520956993103,0.093592956662178,0.773471474647522
732,732,train,18075,0.3146649599075317,0.6371049284934998,0.6098442077636719,0.4449310004711151,0.8779143691062927,0.1840177178382873,0.5133835673332214,0.4850452840328216,0.6026735901832581,0.4617983698844909,0.0747534036636352,0.8364236950874329,0.1846044659614563,0.7618253231048584,0.1417228430509567,0.7860325574874878,0.1697972118854522,0.7665985822677612,0.893352746963501,0.1805255711078643,0.0684740468859672,0.8414903879165649,0.3113963007926941,0.6348820924758911
733,733,train,17604,0.5616805553436279,0.4884228706359863,0.5960063934326172,0.4489519596099853,0.8872162103652954,0.1733406335115432,0.5484218597412109,0.4442621171474457,0.6291002035140991,0.4267891943454742,0.1520045399665832,0.7712947726249695,0.3450143337249756,0.6798744797706604,0.3164610564708709,0.6714162826538086,0.4223397672176361,0.6249570250511169,0.8903958201408386,0.1946545392274856,0.1587270349264145,0.7710335850715637,0.5822492837905884,0.4931328594684601
734,734,train,17528,0.1449834257364273,0.794285774230957,0.3255188167095184,0.6308979392051697,0.1997672319412231,0.7313958406448364,0.213374450802803,0.698250412940979,0.2404696643352508,0.7386664152145386,0.0678727626800537,0.8784734606742859,0.1152730137109756,0.8402577042579651,0.0868859514594078,0.8583801984786987,0.0949931815266609,0.8558549284934998,0.4673420190811157,0.5532643795013428,0.0710825771093368,0.8681409358978271,0.1413649469614029,0.8149187564849854
735,735,train,16976,0.2009300738573074,0.6834717988967896,0.3780372142791748,0.5940071940422058,0.3383352756500244,0.6261106729507446,0.2284528613090515,0.6737356185913086,0.3237659335136413,0.6098398566246033,0.1387936472892761,0.7397593855857849,0.1940339356660843,0.684557318687439,0.1522773653268814,0.7046244740486145,0.1577379256486892,0.7029474973678589,0.4109005928039551,0.5529192090034485,0.1407992243766784,0.7181084156036377,0.1810195595026016,0.6792283058166504
736,736,train,17674,0.9183313846588136,0.1626630127429962,0.672605037689209,0.3749507665634155,0.9405751824378968,0.1195512637495994,0.8365779519081116,0.2313359975814819,0.9156672358512878,0.1757696270942688,0.4357435405254364,0.5312908887863159,0.766731321811676,0.3364985883235931,0.8097925782203674,0.2727740406990051,0.8516290783882141,0.2475877851247787,0.9238778948783876,0.1430958956480026,0.3851047456264496,0.5932623147964478,0.8987777233123779,0.1808629781007766
737,737,train,17389,0.1775579899549484,0.7205067276954651,0.6106076836585999,0.4325087666511535,0.7317498326301575,0.3696019053459167,0.2559618651866913,0.6434041857719421,0.4141310155391693,0.5402104258537292,0.0590345002710819,0.8618252277374268,0.1091052219271659,0.821334719657898,0.0723878815770149,0.8516601324081421,0.0887158066034317,0.834502100944519,0.709796667098999,0.3558775782585144,0.057465273886919,0.8679935932159424,0.1398923695087433,0.7855411171913147
738,738,train,17644,0.0611837618052959,0.8619475364685059,0.2954533696174621,0.6781144738197327,0.2219970077276229,0.7445833086967468,0.0956366434693336,0.8213034868240356,0.1352105587720871,0.7991872429847717,0.0473006851971149,0.8836885690689087,0.0673129856586456,0.8587248921394348,0.0500254891812801,0.8744327425956726,0.0521070957183837,0.8769192695617676,0.2424684762954712,0.7050536274909973,0.0447380989789962,0.8849033117294312,0.0774128213524818,0.8561257719993591
739,739,train,17877,0.0885093584656715,0.8613265156745911,0.1861411035060882,0.7576794624328613,0.0734385550022125,0.8936688899993896,0.1141498908400535,0.8227077722549438,0.1261869817972183,0.8466538190841675,0.0579090341925621,0.8901020288467407,0.0839983522891998,0.8672952651977539,0.0694974809885025,0.8760368227958679,0.0693672820925712,0.8817086815834045,0.1719771474599838,0.7785849571228027,0.0561797358095645,0.8866121172904968,0.0973128825426101,0.8602277636528015
740,740,train,18213,0.090063564479351,0.8930057883262634,0.2399252504110336,0.7222398519515991,0.3030755221843719,0.7194982767105103,0.1515602171421051,0.8019295334815979,0.1423388719558715,0.8611745834350586,0.0505912974476814,0.9208585619926452,0.0853345468640327,0.903452694416046,0.0624622628092765,0.9132757782936096,0.0663496479392051,0.9130824208259584,0.5143224000930786,0.5294299125671387,0.0504772923886776,0.91902494430542,0.1042881533503532,0.8910608291625977
741,741,train,18074,0.1790994256734848,0.8130921125411987,0.3283233642578125,0.6910412311553955,0.1135005056858062,0.8503696322441101,0.208595335483551,0.7736343741416931,0.2608428001403808,0.7950257658958435,0.0741028860211372,0.8833485245704651,0.1277188658714294,0.8559034466743469,0.099256195127964,0.8734696507453918,0.1160094588994979,0.8627573847770691,0.3930315375328064,0.6516669988632202,0.0718132779002189,0.8901194930076599,0.1855377405881881,0.801280677318573
742,742,train,17715,0.0561445243656635,0.8845824003219604,0.1968463808298111,0.7681068778038025,0.0869105830788612,0.8899537324905396,0.092001587152481,0.8549478650093079,0.0989028662443161,0.8527846336364746,0.0450960099697113,0.89766925573349,0.0608633682131767,0.878269612789154,0.0448436327278614,0.8895922899246216,0.0475319474935531,0.8926658630371094,0.125947505235672,0.8228722214698792,0.0423206686973571,0.8931361436843872,0.0625610128045082,0.8824705481529236
743,743,test,17355,0.0744381099939346,0.8326876759529114,0.2064994722604751,0.7096295952796936,0.1240115240216255,0.8021140098571777,0.1085275933146476,0.7717244029045105,0.120863951742649,0.8025484681129456,0.0514248944818973,0.8735479116439819,0.0759221166372299,0.8457231521606445,0.0586242899298667,0.853365957736969,0.0624824203550815,0.8532485365867615,0.3236823379993438,0.5921292901039124,0.0511975064873695,0.8659160137176514,0.0887352526187896,0.8270466923713684
744,744,train,17321,0.236869603395462,0.7076495885848999,0.6060644388198853,0.4808294475078583,0.6939558386802673,0.4398009777069092,0.4090336561203003,0.5971543192863464,0.5189899802207947,0.5360280871391296,0.0843597874045372,0.8439105749130249,0.1652095764875412,0.7968514561653137,0.1093718707561492,0.8192960023880005,0.1312072724103927,0.7998594641685486,0.7095685601234436,0.3824394047260284,0.0816196426749229,0.8481920957565308,0.2205729633569717,0.7189310193061829
745,745,train,17187,0.1247092261910438,0.8180870413780212,0.3362587690353393,0.6289899945259094,0.2125646322965622,0.7049166560173035,0.1843190938234329,0.7432533502578735,0.2047413140535354,0.7820740938186646,0.0582814402878284,0.8793092966079712,0.103704921901226,0.8537679314613342,0.0795408934354782,0.8543086051940918,0.0895131975412368,0.8581380248069763,0.5665339231491089,0.4856248497962951,0.0576302073895931,0.8697323799133301,0.1382989585399627,0.8194607496261597
746,746,test,17554,0.6174936294555664,0.4824835062026977,0.6373525857925415,0.4120690822601318,0.8994206786155701,0.2017288953065872,0.7070614695549011,0.372650533914566,0.7701435089111328,0.4010113179683685,0.0928315371274948,0.8113220930099487,0.2106951922178268,0.7414493560791016,0.198924645781517,0.7436237335205078,0.2326886653900146,0.7245382070541382,0.916034996509552,0.1632302701473236,0.0823000818490982,0.8214105367660522,0.453882098197937,0.5834547877311707
747,747,train,17818,0.5790799856185913,0.6057063937187195,0.5672399401664734,0.4940482378005981,0.8857933282852173,0.205614686012268,0.6420648694038391,0.4433534443378448,0.7057361006736755,0.4859294593334198,0.0917528495192527,0.8715819120407104,0.2051994204521179,0.8084826469421387,0.2095012962818145,0.7985206842422485,0.2316247224807739,0.8115547299385071,0.9104328155517578,0.162632554769516,0.0900541841983795,0.8787454962730408,0.4590806365013122,0.6760111451148987
748,748,train,17527,0.0487511716783046,0.9292381405830384,0.1059617027640342,0.8855468034744263,0.0555980801582336,0.922254741191864,0.0647815689444542,0.9024137258529664,0.0622016489505767,0.9272918701171876,0.0401342213153839,0.9283706545829772,0.0600116997957229,0.9233858585357666,0.0456780828535556,0.9271942973136902,0.0447684526443481,0.9294077157974244,0.0974980741739273,0.8853277564048767,0.0426365509629249,0.927095353603363,0.0644981786608696,0.9190624952316284
749,749,train,17363,0.1633004397153854,0.7436708807945251,0.4736639261245727,0.5433549880981445,0.4717136323451996,0.5165529847145081,0.2439761906862259,0.6691691875457764,0.2934266924858093,0.6580488681793213,0.0772088393568992,0.8424696922302246,0.1402948200702667,0.7835442423820496,0.0932999551296234,0.8199033737182617,0.1122394576668739,0.8061397671699524,0.6120030283927917,0.4330986440181732,0.0721307098865509,0.8483715653419495,0.1568232029676437,0.7539982199668884
750,750,train,17874,0.9148143529891968,0.1488038897514343,0.671400785446167,0.3742062151432037,0.939230740070343,0.1190028488636016,0.8201618194580078,0.2222226858139038,0.9127185344696044,0.1619834750890731,0.6002212166786194,0.3509069085121155,0.8463078737258911,0.2062390148639679,0.8687041997909546,0.1674595028162002,0.8859919309616089,0.1724860966205597,0.9241819381713868,0.1360698193311691,0.6258955597877502,0.3373755812644958,0.9100481271743774,0.1434445828199386
751,751,test,17332,0.0898850858211517,0.8508034348487854,0.2811413705348968,0.6915308833122253,0.1232657954096794,0.831598699092865,0.138251706957817,0.7924492359161377,0.1461428999900818,0.8162510395050049,0.0560965873301029,0.8862994313240051,0.0834354907274246,0.8582649827003479,0.0667378604412078,0.8747925758361816,0.0706748887896537,0.8712748289108276,0.190148577094078,0.7598291635513306,0.0529573261737823,0.8824608325958252,0.0987675786018371,0.8426485657691956
752,752,train,17945,0.0882248505949974,0.871433675289154,0.1956945061683654,0.7659576535224915,0.1019731536507606,0.8507171869277954,0.1262113153934478,0.8098396062850952,0.13320292532444,0.8455474972724915,0.0511907525360584,0.9004039764404297,0.0883582904934883,0.8826934099197388,0.0641490146517753,0.8879650235176086,0.0696512311697006,0.8903717398643494,0.1903026401996612,0.7343363761901855,0.053956251591444,0.9000678658485413,0.1060934960842132,0.8567347526550293
753,753,train,18340,0.2289486229419708,0.6580203771591187,0.5215846300125122,0.4586401283740997,0.7438036799430847,0.2845443189144134,0.3044103384017944,0.5735762715339661,0.3482966721057892,0.5425356030464172,0.1081051304936409,0.7718189358711243,0.1770171225070953,0.7163264751434326,0.1613943725824356,0.7275258898735046,0.1637625247240066,0.7312699556350708,0.7027077674865723,0.3135344386100769,0.1131492927670478,0.7789598107337952,0.2324774414300918,0.6604559421539307
754,754,train,17917,0.1124674305319786,0.8379825353622437,0.4786273539066314,0.5676928758621216,0.5993232727050781,0.4407835900783539,0.2459831535816192,0.6884831190109253,0.2499650418758392,0.7393932342529297,0.0442037656903266,0.8976848125457764,0.0681716427206993,0.880246639251709,0.0496749505400657,0.8890420794487,0.0604405365884304,0.8858364224433899,0.8429995179176331,0.2347034662961959,0.0420277416706085,0.8996184468269348,0.0969561636447906,0.8514549136161804
755,755,train,17025,0.90386962890625,0.164321944117546,0.6670803427696228,0.3693608343601227,0.9403277039527892,0.1096263006329536,0.8243328928947449,0.2245033532381057,0.9182749390602112,0.1524330824613571,0.4337433576583862,0.4760834872722626,0.7877311706542969,0.2581180334091186,0.8142763376235962,0.2291441559791565,0.8324699401855469,0.2400777637958526,0.918913185596466,0.1412141174077987,0.4325937926769256,0.4987956881523132,0.8852425813674927,0.1726106405258178
756,756,test,17223,0.0628935620188713,0.8579340577125549,0.3497540950775146,0.6510677337646484,0.096482053399086,0.8430482149124146,0.1069536656141281,0.7998892068862915,0.0965404734015464,0.8303371667861938,0.0418256409466266,0.8980048298835754,0.0665544047951698,0.8743346333503723,0.0493698716163635,0.888363242149353,0.0535032749176025,0.8863446712493896,0.3359063565731048,0.6050578355789185,0.0440266393125057,0.9004563093185425,0.0721841529011726,0.8606973886489868
757,757,test,17785,0.1419123411178589,0.7955266833305359,0.3442705571651459,0.6335679292678833,0.3338302969932556,0.6471407413482666,0.2189121097326278,0.6990100741386414,0.2325885444879531,0.7404593825340271,0.0721837729215622,0.8518290519714355,0.1223518177866935,0.8244197964668274,0.1029690578579902,0.8311837911605835,0.1000952646136283,0.827517032623291,0.507189154624939,0.515360951423645,0.0716792941093444,0.8527047038078308,0.1483552753925323,0.7861512899398804
758,758,train,17365,0.334957093000412,0.5356478691101074,0.6712841987609863,0.3878019452095032,0.8821461200714111,0.1927820742130279,0.6193111538887024,0.402822196483612,0.6586317420005798,0.3618471324443817,0.1159780248999595,0.7360594868659973,0.2003450542688369,0.6723136901855469,0.1630602478981018,0.6745820641517639,0.1960302889347076,0.6490175724029541,0.8612833619117737,0.2139390259981155,0.1189613491296768,0.7342122197151184,0.310086041688919,0.5533418655395508
759,759,train,17676,0.0676866993308067,0.8968073725700378,0.1905010044574737,0.7560814023017883,0.1054693460464477,0.8807091116905212,0.0910066664218902,0.8490611910820007,0.1223101764917373,0.8386520743370056,0.0511700883507728,0.9102017879486084,0.068612702190876,0.8996562361717224,0.0563592128455638,0.9067742824554444,0.0588792860507965,0.9099780321121216,0.1380292475223541,0.8160648345947266,0.0513759069144725,0.9066133499145508,0.0702473372220993,0.893303632736206
760,760,test,17749,0.9259958267211914,0.1509996354579925,0.6670945286750793,0.3701998293399811,0.941689133644104,0.1109936609864234,0.8257813453674316,0.2191409766674041,0.9220449328422546,0.1597927957773208,0.5293688774108887,0.4675508141517639,0.8286129236221313,0.2562788128852844,0.8447399139404297,0.2233925461769104,0.8746384978294373,0.2205414474010467,0.9227431416511536,0.141926497220993,0.5116965174674988,0.4812973141670227,0.9117674827575684,0.1589351147413253
761,761,test,17249,0.1855520457029342,0.746177613735199,0.354360818862915,0.6289294958114624,0.1991374194622039,0.7542070150375366,0.2263213992118835,0.7085602879524231,0.2609682381153106,0.6964004635810852,0.1262784302234649,0.817197859287262,0.1611374914646148,0.787325382232666,0.1447184830904007,0.805687427520752,0.1383770704269409,0.8066271543502808,0.3106658160686493,0.6435701251029968,0.1244417876005172,0.8162474036216736,0.1762311309576034,0.7842456102371216
762,762,train,18465,0.0902533903717994,0.8691881895065308,0.384677916765213,0.6296584010124207,0.25520721077919,0.697428286075592,0.192540168762207,0.7501981258392334,0.2002923786640167,0.779024600982666,0.0505375042557716,0.9065952301025392,0.0779600068926811,0.8945429921150208,0.0584637373685836,0.897818386554718,0.0609105601906776,0.8975649476051331,0.6171866059303284,0.4442522525787353,0.0509699173271656,0.9068824052810668,0.1001244410872459,0.864780068397522
763,763,test,18539,0.1010423824191093,0.8249155879020691,0.4863935708999634,0.5728440284729004,0.1375475525856018,0.771647572517395,0.1524730324745178,0.7640878558158875,0.1635192781686782,0.7890948057174683,0.0418512150645256,0.8910484313964844,0.0750114247202873,0.8616795539855957,0.0567997433245182,0.8772704005241394,0.070751816034317,0.8656258583068848,0.7279372811317444,0.3348223567008972,0.0441109649837017,0.8927682638168335,0.1005719155073165,0.8342065811157227
764,764,train,17541,0.8945885896682739,0.1990669071674347,0.673434317111969,0.3685436546802521,0.9368131160736084,0.1258059740066528,0.8328804969787598,0.227082073688507,0.8934135437011719,0.2082935571670532,0.4817001521587372,0.484989583492279,0.8183751702308655,0.287966638803482,0.8248447179794312,0.2639768719673157,0.855114221572876,0.2398974150419235,0.9252180457115172,0.1365774422883987,0.4668995141983032,0.5244240164756775,0.8865616321563721,0.1964792162179947
765,765,train,17090,0.1797550916671753,0.741656482219696,0.5924323201179504,0.4490386545658111,0.7666966915130615,0.3134321272373199,0.3597953915596008,0.6010108590126038,0.4313512146472931,0.565121054649353,0.0739780738949775,0.8407946228981018,0.1441068351268768,0.7932000756263733,0.1033448651432991,0.8162976503372192,0.1111262291669845,0.8074747920036316,0.8368130922317505,0.242059588432312,0.0743538588285446,0.842413604259491,0.1793101727962494,0.7474547028541565
766,766,train,18371,0.0895810276269912,0.8434740900993347,0.3347503542900085,0.6268640756607056,0.1263912767171859,0.8131065964698792,0.1350806653499603,0.773745596408844,0.1622147411108017,0.7813225388526917,0.055788192898035,0.8767731785774231,0.0867102593183517,0.8639374375343323,0.0627050697803497,0.8690530061721802,0.0678307265043258,0.8650690317153931,0.317273885011673,0.6352548003196716,0.0528983101248741,0.8796144127845764,0.0937445014715194,0.852491021156311
767,767,train,18564,0.7157260179519653,0.4197019934654236,0.6881622076034546,0.3870635628700256,0.9221743941307068,0.1562939882278442,0.7602500915527344,0.3327316641807556,0.8213322758674622,0.3046084642410278,0.2206904143095016,0.7056317329406738,0.4265451729297638,0.5807961821556091,0.4322284162044525,0.5696041584014893,0.4967077970504761,0.5864281058311462,0.9180224537849426,0.1634467095136642,0.2192573696374893,0.7057574987411499,0.6107826232910156,0.4896357357501983
768,768,train,17204,0.209286630153656,0.656895637512207,0.5096926093101501,0.5019400715827942,0.6681113243103027,0.3277217149734497,0.2663149535655975,0.616078794002533,0.3510394394397735,0.5735355019569397,0.0933929160237312,0.7668743133544922,0.1653733849525451,0.704869270324707,0.1346984654664993,0.7294735908508301,0.1471960395574569,0.7238346934318542,0.5606261491775513,0.439445286989212,0.1025910675525665,0.7722960114479065,0.2067171782255172,0.6466755270957947
769,769,train,17189,0.945445477962494,0.1224512085318565,0.6769367456436157,0.3596992492675781,0.9447381496429444,0.1098503097891807,0.8602447509765625,0.1952528953552246,0.9326409101486206,0.1414622664451599,0.7685464024543762,0.2533026039600372,0.915898859500885,0.1411617249250412,0.9204590320587158,0.1308699995279312,0.9335862994194032,0.1322553902864456,0.9290884733200072,0.1273213028907776,0.8078786730766296,0.2472077161073684,0.9402993321418762,0.1156205832958221
770,770,test,17271,0.9020794034004213,0.1676279008388519,0.6874800324440002,0.3950840532779693,0.9437731504440308,0.1198729276657104,0.8164543509483337,0.2477383017539978,0.9034783840179444,0.1810690015554428,0.4698780179023742,0.3932158052921295,0.7856450080871582,0.2174849361181259,0.8032001852989197,0.2027718871831894,0.8274293541908264,0.2103606909513473,0.9185762405395508,0.1594208478927612,0.4938028454780578,0.3928084373474121,0.8696846961975098,0.1660341918468475
771,771,train,17534,0.0723020210862159,0.9081262946128844,0.1946161836385727,0.7709032297134399,0.1017544418573379,0.872722864151001,0.1212356388568878,0.8481746315956116,0.1261106133460998,0.8755393028259277,0.0519992969930172,0.9255998730659484,0.0781806707382202,0.9152035117149352,0.0572095811367034,0.9207559823989868,0.0601247027516365,0.9166529178619384,0.1764594316482544,0.8212392926216125,0.0511816628277301,0.9294002056121826,0.0917500481009483,0.8963412046432495
772,772,train,18666,0.0550175234675407,0.918083131313324,0.1573903113603592,0.8244524002075195,0.1135599762201309,0.8662983775138855,0.0926217138767242,0.8737857341766357,0.0818631649017334,0.9069700837135316,0.0445409044623374,0.924691677093506,0.0589987747371196,0.9148809313774108,0.0466094873845577,0.9232946038246156,0.0479355864226818,0.924419105052948,0.1728335320949554,0.8080897927284241,0.0438393279910087,0.9239800572395324,0.0671493932604789,0.9160622954368592
773,773,train,17559,0.058153074234724,0.8684260249137878,0.267364889383316,0.6814944744110107,0.0729144215583801,0.8725452423095703,0.0962747707962989,0.8274073600769043,0.0888580828905105,0.8460988402366638,0.0379595682024955,0.9018829464912416,0.0634839236736297,0.8887515664100647,0.045735478401184,0.8999097943305969,0.0479122623801231,0.896588146686554,0.1780543476343155,0.758330762386322,0.0380005128681659,0.900023341178894,0.069051444530487,0.8871122598648071
774,774,test,17372,0.0957476794719696,0.8349635004997253,0.392947107553482,0.6386492252349854,0.0968408808112144,0.8152236938476562,0.1712063997983932,0.7516213059425354,0.1966128945350647,0.7692898511886597,0.048775378614664,0.8932870626449585,0.0793386101722717,0.875533401966095,0.0579157993197441,0.8835327625274658,0.0660400912165641,0.8741296529769897,0.5533974170684814,0.4590397477149963,0.0496948584914207,0.8964408040046692,0.0908698886632919,0.8435576558113098
775,775,train,18151,0.8630905151367188,0.2305075824260711,0.6615681648254395,0.3822972476482391,0.9357910752296448,0.1222476735711097,0.7977315187454224,0.2476350665092468,0.8713819980621338,0.2307118028402328,0.3177579939365387,0.6202104687690735,0.6723824143409729,0.405026912689209,0.6859785318374634,0.3794704079627991,0.7614685893058777,0.3409914672374725,0.9241439700126648,0.1393028795719146,0.2689417600631714,0.6618878841400146,0.8363900780677795,0.2385389059782028
776,776,test,17730,0.150014728307724,0.8671202659606934,0.4660942554473877,0.6115044951438904,0.3662700355052948,0.627607524394989,0.2793197929859161,0.7290427684783936,0.2874448299407959,0.7844803333282471,0.0670842677354812,0.8999490737915039,0.1158476769924163,0.8760275840759277,0.0912628769874572,0.8831083178520203,0.0967304781079292,0.8913642168045044,0.7692121267318726,0.3495371043682098,0.0655954852700233,0.9016280174255372,0.1415033191442489,0.8544747233390808
777,777,train,18271,0.1545813828706741,0.8180243968963623,0.2384134531021118,0.7391887903213501,0.191595658659935,0.746354341506958,0.1857466697692871,0.7728905081748962,0.1912057101726532,0.7968679070472717,0.0872721821069717,0.8410975933074951,0.1344581097364425,0.8306506276130676,0.1251993626356125,0.8293524384498596,0.114529825747013,0.832998514175415,0.2927732467651367,0.7222537994384766,0.0930909737944603,0.8359719514846802,0.1434340476989746,0.8240219950675964
778,778,test,17935,0.9445281624794006,0.121799498796463,0.6757143139839172,0.360951691865921,0.9437721371650696,0.1103291660547256,0.8543656468391418,0.2001249343156814,0.9300140738487244,0.1442703604698181,0.7620745897293091,0.2628355920314789,0.9126862287521362,0.1447577774524688,0.918371856212616,0.1339864283800125,0.9310302734375,0.1365021914243698,0.928409218788147,0.127835676074028,0.796913206577301,0.2564032077789306,0.9392169713974,0.1158876344561576
779,779,train,18542,0.936440408229828,0.1417616456747055,0.6765225529670715,0.363587886095047,0.9441202878952026,0.1138438507914543,0.848310649394989,0.2093144059181213,0.92439204454422,0.1616854667663574,0.6786193251609802,0.3371743261814117,0.8991444706916809,0.1690279692411422,0.903528094291687,0.1621117740869522,0.9226918816566468,0.15678770840168,0.9272421598434448,0.1353580504655838,0.6888787150382996,0.3486808240413666,0.9345749020576476,0.1310024857521057
780,780,train,17274,0.0580440908670425,0.8978607654571533,0.1503696143627166,0.7990517020225525,0.0782592743635177,0.887637197971344,0.0950772613286972,0.8432577848434448,0.0817850455641746,0.8788596391677856,0.0516347922384738,0.9055969715118408,0.0722265467047691,0.8908736705780029,0.0565594434738159,0.8999699354171753,0.0560172647237777,0.9013090133666992,0.1293124556541443,0.8199470639228821,0.0527647472918033,0.9083095788955688,0.0750297382473945,0.8849930167198181
781,781,train,18383,0.4532811641693115,0.5711812973022461,0.6357865333557129,0.4200178384780884,0.9016301035881042,0.176589235663414,0.5740321278572083,0.4641407132148742,0.6308797001838684,0.4617648720741272,0.1109054759144783,0.8127568364143372,0.2346159219741821,0.7415661215782166,0.2113370895385742,0.747461199760437,0.2485045790672302,0.7156163454055786,0.873117208480835,0.2143669128417968,0.1018366962671279,0.8197202682495117,0.38838791847229,0.6200363636016846
782,782,test,17595,0.9222158193588256,0.1515880972146988,0.6708024740219116,0.3663574159145355,0.94305157661438,0.110859028995037,0.8345863819122314,0.2121445089578628,0.9112727046012878,0.1737153679132461,0.6230368614196777,0.3501885831356048,0.8828126192092896,0.1798898428678512,0.8877419233322144,0.1650469899177551,0.9022645354270936,0.1722803115844726,0.9275364279747008,0.133847951889038,0.6058017015457153,0.3785896599292755,0.9242223501205444,0.1379588842391967
783,783,train,18512,0.942097008228302,0.126086875796318,0.6742165088653564,0.3612946271896362,0.9452423453330994,0.1091485098004341,0.8535964488983154,0.2010934799909591,0.930581033229828,0.1446967720985412,0.7366394400596619,0.2770465910434723,0.9117059111595154,0.1482277512550354,0.919812560081482,0.1321706622838974,0.931392788887024,0.1400078982114792,0.9288329482078552,0.1291327178478241,0.7612910270690918,0.2811500132083893,0.941373348236084,0.1182222440838813
784,784,train,17538,0.9464897513389589,0.1196644455194473,0.6751762628555298,0.3595662117004394,0.944093942642212,0.1104394048452377,0.8576586246490479,0.1969612836837768,0.9329174160957336,0.1399463415145874,0.7611111402511597,0.259921669960022,0.9167765378952026,0.1384781002998352,0.9228339791297911,0.1267228722572326,0.93501615524292,0.1291958838701248,0.9288214445114136,0.1267967820167541,0.8046462535858154,0.247617021203041,0.9420436024665833,0.1125682294368743
785,785,train,17030,0.3650508224964142,0.6739199161529541,0.5379000306129456,0.5177310705184937,0.7337238192558289,0.3441381752490997,0.4336836636066437,0.582155168056488,0.5035879015922546,0.6018913984298706,0.1359015554189682,0.8105852603912354,0.2631126046180725,0.7509680390357971,0.2396192997694015,0.7524829506874084,0.230776160955429,0.7706192135810852,0.7893998026847839,0.3227261006832123,0.1370435059070587,0.8080925345420837,0.3269071578979492,0.7067837715148926
786,786,train,17732,0.3186789751052856,0.660756528377533,0.61127108335495,0.4185543954372406,0.869872510433197,0.1887725740671157,0.5794050097465515,0.41860032081604,0.5697284936904907,0.4966412186622619,0.0818996131420135,0.8279607892036438,0.1573522537946701,0.7807865738868713,0.1437117755413055,0.7762473821640015,0.1438755393028259,0.7860128879547119,0.898499608039856,0.1675493419170379,0.0809846296906471,0.8261012434959412,0.2752637863159179,0.6919872164726257
787,787,train,17021,0.1182197108864784,0.7969289422035217,0.3221855759620666,0.6160258054733276,0.1758640855550766,0.7442322373390198,0.185457706451416,0.7221601009368896,0.1904813647270202,0.7516817450523376,0.0799780711531639,0.8492527008056641,0.1264343559741974,0.8152220249176025,0.0968564376235008,0.8336434364318848,0.095748484134674,0.8350276350975037,0.46137735247612,0.5028232932090759,0.078972227871418,0.8456438779830933,0.1239098235964775,0.8083414435386658
788,788,test,18134,0.0766782984137535,0.8413815498352051,0.3836142420768738,0.6085721850395203,0.0629457160830497,0.856564462184906,0.1299642920494079,0.7659590840339661,0.1549822390079498,0.7827447056770325,0.0475693233311176,0.8899073004722595,0.0742384493350982,0.8677158951759338,0.0541159510612487,0.8763631582260132,0.0618124343454837,0.87166827917099,0.1753151714801788,0.7383089065551758,0.0468715578317642,0.8857578635215759,0.0906635224819183,0.8390790224075317
789,789,train,17643,0.0459743551909923,0.9241423010826112,0.0883214548230171,0.8942754864692688,0.051669456064701,0.924562692642212,0.0643691718578338,0.9040967226028442,0.0578770190477371,0.9179461002349854,0.0371992215514183,0.9235398173332214,0.0466321781277656,0.9190858006477356,0.0390540473163127,0.9213712811470032,0.0403947122395038,0.9248164892196656,0.0927123799920082,0.8849043250083923,0.038344033062458,0.9214698076248168,0.0472362898290157,0.9204661846160888
790,790,train,18372,0.605994701385498,0.5246826410293579,0.6369494795799255,0.4360303282737732,0.8902409672737122,0.1955204606056213,0.6272735595703125,0.4462381899356842,0.7128592729568481,0.4232056140899658,0.1814686059951782,0.7912803292274475,0.3513756692409515,0.6992907524108887,0.3599582016468048,0.6919541954994202,0.3594416677951813,0.7024229168891907,0.90596741437912,0.1792207062244415,0.1763055920600891,0.7932949066162109,0.4994473755359649,0.6015850305557251
791,791,train,18150,0.0806522890925407,0.8904387354850769,0.2159768939018249,0.7749831080436707,0.2867752313613891,0.7506804466247559,0.1253606230020523,0.8323899507522583,0.1300728619098663,0.8706423044204712,0.0542880892753601,0.9163187742233276,0.1032134220004081,0.9083153009414672,0.0778193101286888,0.9065454006195068,0.0719029307365417,0.9107458591461182,0.3716673552989959,0.6401805281639099,0.0548950470983982,0.9116626977920532,0.0962726324796676,0.8974460959434509
792,792,train,18123,0.177076369524002,0.8094944953918457,0.4840938150882721,0.580752432346344,0.6449764966964722,0.4722183644771576,0.288251519203186,0.7149571776390076,0.3024139404296875,0.7381848692893982,0.1001164466142654,0.8481975197792053,0.1564399451017379,0.822702944278717,0.1265954226255417,0.8393777012825012,0.1273494064807891,0.8427061438560486,0.6432665586471558,0.4470783472061157,0.0966478660702705,0.8536785244941711,0.177240788936615,0.8079129457473755
793,793,train,18215,0.1162987202405929,0.8058131337165833,0.5406531095504761,0.4672240614891052,0.6795094013214111,0.3750975430011749,0.26662078499794,0.6455838084220886,0.2295792251825332,0.704028308391571,0.0650015398859977,0.869134247303009,0.1031160354614257,0.8460312485694885,0.0805393755435943,0.8535088896751404,0.0819010138511657,0.8532452583312988,0.8253093957901001,0.2391263246536255,0.0668920800089836,0.8718864917755127,0.1265266984701156,0.8082233667373657
794,794,train,18335,0.0875630378723144,0.8512815833091736,0.1956780552864074,0.7216970324516296,0.1413418352603912,0.7794514894485474,0.1265720874071121,0.7719770073890686,0.1335939764976501,0.8165971636772156,0.0515645071864128,0.8985506296157837,0.0785154327750206,0.8802025318145752,0.0634039938449859,0.8755806088447571,0.0670852437615394,0.8820896148681641,0.3145405054092407,0.6041533946990967,0.0508046336472034,0.8900156021118164,0.089454285800457,0.8596538305282593
795,795,train,17273,0.2834079265594482,0.6139391660690308,0.622282862663269,0.4125231802463531,0.8652069568634033,0.1953194588422775,0.4261378943920135,0.4873281717300415,0.5235636830329895,0.4496965408325195,0.0903190672397613,0.7692846059799194,0.1809642761945724,0.6912360191345215,0.1515192091464996,0.6912224888801575,0.1803563237190246,0.6884210109710693,0.8677155375480652,0.2151320576667785,0.0919903740286827,0.7702524065971375,0.3200267255306244,0.5574747323989868
796,796,train,17607,0.6932311058044434,0.3890462815761566,0.6753251552581787,0.3715260922908783,0.6467029452323914,0.4147197604179382,0.7446560263633728,0.2991232872009277,0.8602761030197144,0.2294961363077163,0.1372729241847992,0.7867381572723389,0.2651709020137787,0.7085915207862854,0.2473931163549423,0.7021554112434387,0.3161070346832275,0.6626843214035034,0.8975040912628174,0.1661159396171569,0.133527472615242,0.8031111359596252,0.5262940526008606,0.4760931432247162
797,797,train,18205,0.0774927660822868,0.8656068444252014,0.191114917397499,0.7549927234649658,0.1837344020605087,0.7745029926300049,0.1138016507029533,0.820600688457489,0.1145120039582252,0.8394919037818909,0.0624374710023403,0.8871093392372131,0.090331844985485,0.8730285167694092,0.0689831227064132,0.8795608878135681,0.0663549304008483,0.8794688582420349,0.235406681895256,0.7111925482749939,0.0626688972115516,0.8897997140884399,0.0887366458773613,0.8628879189491272
798,798,train,18214,0.5637562870979309,0.4422958195209503,0.5841858386993408,0.4230791926383972,0.8874637484550476,0.1827223896980285,0.5938117504119873,0.3939181268215179,0.6789495944976807,0.3945285081863403,0.1277853697538375,0.7589923143386841,0.3071770966053009,0.6570677757263184,0.2729058861732483,0.6569404602050781,0.3193570673465729,0.6320928335189819,0.8856490850448608,0.1749835014343261,0.128884270787239,0.7663320899009705,0.5018196105957031,0.4626135230064392
799,799,train,18738,0.0949049293994903,0.8903969526290894,0.5284853577613831,0.5354620218276978,0.0742068812251091,0.9012932777404784,0.1746391952037811,0.7900187373161316,0.2411243468523025,0.7847606539726257,0.0542195849120616,0.9213151931762696,0.0790647715330123,0.909893274307251,0.0594662353396415,0.9160529971122742,0.0664470121264457,0.914287805557251,0.4088999629020691,0.6255332827568054,0.0542428158223629,0.9186738729476928,0.0961758121848106,0.8958503007888794
800,800,train,18587,0.113936148583889,0.8734378218650818,0.2232609838247299,0.7670869827270508,0.1011786162853241,0.8347554802894592,0.1656344085931778,0.8125244975090027,0.1773759126663208,0.8386393785476685,0.0576852262020111,0.9019754528999328,0.0921019166707992,0.888232946395874,0.0811962708830833,0.891728937625885,0.0807962492108345,0.8957898616790771,0.2037294209003448,0.7935102581977844,0.0595852173864841,0.9051117897033693,0.1111021414399147,0.8712961673736572
801,801,test,17066,0.5266469717025757,0.4802848994731903,0.6430850028991699,0.3967252671718597,0.8798021078109741,0.1693056672811508,0.6456286907196045,0.3517022132873535,0.6959357857704163,0.3647388517856598,0.1186502948403358,0.7603482007980347,0.2883797883987427,0.6556984782218933,0.2880759537220001,0.6387854218482971,0.2758674621582031,0.6661936044692993,0.9032907485961914,0.1667139530181884,0.1226780340075492,0.7434239983558655,0.4269346594810486,0.5481898784637451
802,802,train,18398,0.0667773708701133,0.8753153085708618,0.2510192096233368,0.6890202760696411,0.090363509953022,0.8720559477806091,0.1073593944311142,0.8284163475036621,0.1179960742592811,0.8294240236282349,0.0462145432829856,0.9097519516944884,0.0601786263287067,0.904394507408142,0.0478367395699024,0.9106098413467408,0.0501407086849212,0.908374011516571,0.154697373509407,0.7982722520828247,0.0477780252695083,0.9036709070205688,0.0600535310804843,0.8998521566390991
803,803,train,18003,0.9422327876091005,0.1231752783060073,0.6740865707397461,0.3624501228332519,0.943450689315796,0.1102939695119857,0.8386509418487549,0.2111873626708984,0.9327430725097656,0.1425769627094268,0.712664783000946,0.2778780460357666,0.9060670733451844,0.1469680666923523,0.9134314060211182,0.136095643043518,0.9290130734443665,0.1384630650281906,0.927348256111145,0.1328779011964798,0.7539455890655518,0.2677782475948334,0.9395302534103394,0.1163434460759162
804,804,train,17532,0.0811348184943199,0.848779559135437,0.1895631253719329,0.7989528179168701,0.1373293250799179,0.8151061534881592,0.1081857085227966,0.8330141305923462,0.1136649250984191,0.8407531380653381,0.0664259567856788,0.8693955540657043,0.0973517149686813,0.8381973505020142,0.0746997147798538,0.8542901277542114,0.079468697309494,0.8585351705551147,0.184875339269638,0.7747557759284973,0.0694090649485588,0.8594651222229004,0.1019418090581893,0.8381601572036743
805,805,train,17603,0.9115694761276244,0.1905849725008011,0.6683219075202942,0.3719206154346466,0.9378424882888794,0.1177300661802291,0.8303012251853943,0.2407980412244796,0.9118600487709044,0.2071715891361236,0.4941351413726806,0.4505391418933868,0.8412165641784668,0.2474739253520965,0.8567928075790405,0.2120547294616699,0.8766098022460938,0.2206691801548004,0.9257147908210754,0.1400694251060485,0.4888125658035278,0.4579430520534515,0.9040600061416626,0.1747034937143325
806,806,test,17775,0.0896960496902465,0.8234954476356506,0.2100325375795364,0.7573186159133911,0.1026525422930717,0.8411704301834106,0.112454630434513,0.8075927495956421,0.1240299344062805,0.8151096701622009,0.0696524083614349,0.8468233346939087,0.1002718061208725,0.8272472620010376,0.0847745239734649,0.8332387804985046,0.0827643349766731,0.8356786370277405,0.1940963566303253,0.7276700735092163,0.0743355751037597,0.8395400643348694,0.106464147567749,0.8155853748321533
807,807,train,17061,0.1385528743267059,0.7853191494941711,0.242763802409172,0.6984549164772034,0.2841817736625671,0.6764751672744751,0.1725510060787201,0.7406948804855347,0.2031930088996887,0.7497606873512268,0.0818619430065155,0.823559045791626,0.1278938800096511,0.7844421863555908,0.098936453461647,0.8123193979263306,0.1033594980835914,0.8073176145553589,0.3545185625553131,0.595160722732544,0.080144464969635,0.818881630897522,0.1378526240587234,0.7840749621391296
808,808,train,18280,0.3142712712287903,0.6813459396362305,0.5568994879722595,0.4951991438865661,0.7898790836334229,0.2837252616882324,0.4220842123031616,0.5650867819786072,0.4910674095153808,0.5658242106437683,0.1057647764682769,0.8224256038665771,0.1971164494752884,0.7585275173187256,0.1864425837993621,0.7580913305282593,0.1924239099025726,0.7665395736694336,0.8761581778526306,0.2058454751968383,0.1007452309131622,0.8211435079574585,0.2994629740715027,0.6760563254356384
809,809,train,17915,0.0519231408834457,0.8952402472496033,0.2327032834291458,0.7073889970779419,0.0656680464744567,0.8778751492500305,0.0896032378077507,0.8297707438468933,0.0948521643877029,0.850070059299469,0.0427797697484493,0.9084945321083068,0.0601480714976787,0.9064022898674012,0.0454153083264827,0.9084219336509703,0.0476526729762554,0.9101529121398926,0.1154035180807113,0.7983348369598389,0.0428889617323875,0.911035418510437,0.0680694952607154,0.8976331353187561
810,810,train,17984,0.0527523458003997,0.8990603685379028,0.1747014373540878,0.74504554271698,0.0695776492357254,0.9046066403388976,0.0789115503430366,0.8619011640548706,0.1009349450469017,0.8498198986053467,0.0405668430030345,0.921595573425293,0.0499171912670135,0.9132541418075562,0.0429080091416835,0.9193254113197328,0.0429583452641963,0.9179978966712952,0.1031042113900184,0.8397217392921448,0.0403132177889347,0.9177316427230836,0.0520722977817058,0.9083582162857056
811,811,train,18417,0.0876726731657981,0.8590127229690552,0.2181301862001419,0.7151374220848083,0.0870459973812103,0.8649303317070007,0.1075040698051452,0.8201839923858643,0.1272989958524704,0.8404679298400879,0.0530962720513343,0.9034096002578736,0.0831114053726196,0.8894986510276794,0.0646151304244995,0.8971937298774719,0.0652858689427375,0.8962037563323975,0.166094496846199,0.7905805706977844,0.0521224774420261,0.9022416472434998,0.0917608365416526,0.8791667222976685
812,812,train,18073,0.0598903894424438,0.8358157277107239,0.2168871313333511,0.694017767906189,0.0912795066833496,0.7707956433296204,0.0973360240459442,0.7865318655967712,0.085701435804367,0.8203005194664001,0.0360428728163242,0.8738565444946289,0.0592798292636871,0.8585444688796997,0.0446608066558837,0.857734739780426,0.0450263172388076,0.8626108765602112,0.2355463951826095,0.6803335547447205,0.0383036322891712,0.8681979179382324,0.0651726201176643,0.8387296795845032
813,813,train,16979,0.2094091475009918,0.7629358172416687,0.5894883871078491,0.4503732025623321,0.740868091583252,0.3579303622245788,0.4461929500102997,0.520722508430481,0.4011007249355316,0.597123384475708,0.0771931931376457,0.8739278316497803,0.1350860744714737,0.8263843655586243,0.1145869269967079,0.8463754057884216,0.1146122217178344,0.8513138294219971,0.8328647017478943,0.2400935888290405,0.0778692737221717,0.8705627918243408,0.1925989687442779,0.791499137878418
814,814,test,17345,0.1501211374998092,0.81503826379776,0.2340652346611023,0.7524329423904419,0.3545477390289306,0.6721527576446533,0.1958306282758712,0.7811506390571594,0.2099454253911972,0.793346107006073,0.0968542620539665,0.8585010766983032,0.1593871712684631,0.8228865265846252,0.1363116949796676,0.82965487241745,0.1200794577598571,0.8441590666770935,0.3904433250427246,0.6493086218833923,0.0960072576999664,0.8475631475448608,0.1590317487716674,0.8137772679328918
815,815,train,18632,0.894234836101532,0.2040453553199768,0.6583913564682007,0.386107325553894,0.9307684898376464,0.1414197385311126,0.8040376901626587,0.2495579868555069,0.905363917350769,0.1969575136899948,0.2910016477108001,0.6463317275047302,0.6819926500320435,0.402432233095169,0.7088983654975891,0.3790815770626068,0.7976663708686829,0.3325749933719635,0.923606812953949,0.1437424421310424,0.3012664914131164,0.6512530446052551,0.8903231024742126,0.2031326293945312
816,816,train,18230,0.0677660703659057,0.8701038956642151,0.2000769972801208,0.7385139465332031,0.0835928991436958,0.8778242468833923,0.1025061085820198,0.8192884922027588,0.1065603494644165,0.8336544036865234,0.0586225539445877,0.8998361229896545,0.0825194045901298,0.8873758316040039,0.0623295344412326,0.8895692825317383,0.0631806626915931,0.8930235505104065,0.2214076071977615,0.7191184163093567,0.0552955418825149,0.898322582244873,0.091694176197052,0.8760353326797485
817,817,train,17827,0.039048608392477,0.9221948385238647,0.0824669897556305,0.864408016204834,0.0560967586934566,0.8975797295570374,0.0536639727652072,0.8939619064331055,0.0536459349095821,0.9126588702201844,0.0332836844027042,0.9268861413002014,0.043315302580595,0.9222259521484376,0.0361581407487392,0.92677241563797,0.036395575851202,0.9264355301856996,0.0776128098368644,0.8642238974571228,0.0339558273553848,0.9233435988426208,0.0469075925648212,0.9175235033035278
818,818,train,17793,0.0841018408536911,0.8634864091873169,0.1905933022499084,0.7748247385025024,0.1494648307561874,0.7939264178276062,0.110806256532669,0.8278862833976746,0.1245953291654586,0.8446159362792969,0.0528425090014934,0.8898453116416931,0.0902010947465896,0.8688045740127563,0.0740467980504036,0.8760019540786743,0.0717747583985328,0.8812944293022156,0.2615551352500915,0.718489408493042,0.0541410371661186,0.8881772756576538,0.0969844609498977,0.8681318759918213
819,819,train,17762,0.9349780678749084,0.1307208091020584,0.6704885363578796,0.3690483272075653,0.9454478621482848,0.1110724732279777,0.8386425971984863,0.2086847573518753,0.9297654628753662,0.1494073867797851,0.6449653506278992,0.3386911749839782,0.8858798742294312,0.1847510337829589,0.8948885202407837,0.163476824760437,0.9076273441314696,0.1729283630847931,0.9259140491485596,0.1356052607297897,0.6628894805908203,0.341820478439331,0.9279145002365112,0.1371835470199585
820,820,train,17568,0.1609541624784469,0.7066941261291504,0.555381178855896,0.4529932141304016,0.1840972155332565,0.7117782831192017,0.2849700450897217,0.6105238199234009,0.4100626111030578,0.523885190486908,0.0639807656407356,0.824599027633667,0.1075363531708717,0.7964289784431458,0.0683863833546638,0.8157422542572021,0.0802478268742561,0.8017807006835938,0.5024375915527344,0.4454906284809112,0.0609773211181163,0.8261672258377075,0.1253779530525207,0.7497158646583557
821,821,train,17071,0.0702281221747398,0.9205884337425232,0.1596352756023407,0.8391771912574768,0.1016053557395935,0.8939729928970337,0.0888811275362968,0.884196937084198,0.0956700071692466,0.9083592891693116,0.0493164248764514,0.9342578649520874,0.0730214789509773,0.9260424971580504,0.058228962123394,0.9270815253257751,0.0579766444861888,0.9299687147140504,0.1755483299493789,0.8322218060493469,0.0507785379886627,0.9313042759895324,0.0777508318424224,0.9204416871070862
822,822,test,17599,0.0651482790708541,0.8996392488479614,0.2742858529090881,0.7100423574447632,0.1164783164858818,0.86601722240448,0.1127943247556686,0.8522337675094604,0.1017125472426414,0.8708285689353943,0.0490240417420864,0.9112856984138488,0.075621597468853,0.9002932906150818,0.0522429943084716,0.912402331829071,0.0550286062061786,0.9112526178359984,0.253653347492218,0.7145145535469055,0.0474142432212829,0.9140600562095642,0.0771097019314765,0.8976989388465881
823,823,train,17392,0.9400355815887452,0.128623753786087,0.6742880940437317,0.3616156280040741,0.9434179067611694,0.1108382791280746,0.8535093069076538,0.1988033652305603,0.924550235271454,0.1477261483669281,0.75168776512146,0.2755078673362732,0.9086884260177612,0.1500481963157653,0.917816400527954,0.1352734863758087,0.9312697649002076,0.1385151147842407,0.9283611178398132,0.1289309114217758,0.7762831449508667,0.2683584988117218,0.9390156269073486,0.1154098957777023
824,824,train,17028,0.1083962246775627,0.8911733031272888,0.3078228235244751,0.7398250102996826,0.0773923695087432,0.9093891978263856,0.162435308098793,0.8332473039627075,0.1743231117725372,0.8593022227287292,0.0477787069976329,0.9290523529052734,0.083731971681118,0.916432797908783,0.0641495436429977,0.9248364567756652,0.0685314908623695,0.920828104019165,0.2707281708717346,0.7591772675514221,0.0526720061898231,0.922977328300476,0.1021106466650962,0.9005540609359741
825,825,train,18068,0.0511797070503234,0.8906882405281067,0.3057791888713836,0.6419399380683899,0.0544446185231208,0.9090964198112488,0.0873039662837982,0.8263500332832336,0.0984400138258934,0.8327288627624512,0.0392893627285957,0.9143831729888916,0.0572970360517501,0.9100026488304138,0.0409691147506237,0.9136775732040404,0.0443506725132465,0.9106533527374268,0.1403896957635879,0.802223265171051,0.0388517528772354,0.9157356023788452,0.0665475577116012,0.8941487073898315
826,826,train,18602,0.1564417779445648,0.8100084662437439,0.5130375623703003,0.542516827583313,0.8066474199295044,0.295420378446579,0.4094865918159485,0.6207658052444458,0.4262862801551819,0.6472731232643127,0.060046199709177,0.904806911945343,0.1025126054883003,0.8690776824951172,0.0828012153506279,0.8794007301330566,0.0981457158923149,0.8752419948577881,0.8366649150848389,0.2449582517147064,0.0619494430720806,0.8984925150871277,0.1589618027210235,0.8104989528656006
827,827,train,18730,0.1285526603460312,0.7684893012046814,0.5219497084617615,0.48018679022789,0.6699984073638916,0.4117332398891449,0.2559666037559509,0.6399994492530823,0.2578541934490204,0.6488717794418335,0.0633226931095123,0.8578221201896667,0.1109209358692169,0.8215954899787903,0.0783748626708984,0.8392691612243652,0.0833311825990676,0.8403384685516357,0.692249059677124,0.3450563848018646,0.0627573430538177,0.8608472943305969,0.1318497210741043,0.7802181839942932
828,828,train,18478,0.1071949079632759,0.8483774065971375,0.2967099845409393,0.6962754130363464,0.1554404497146606,0.8031103610992432,0.1598952710628509,0.7711297273635864,0.1701488196849823,0.8072011470794678,0.0677157640457153,0.8890562057495117,0.1104521825909614,0.8633776903152466,0.0896337553858757,0.8718332052230835,0.0849441140890121,0.8775164484977722,0.304067313671112,0.6700420379638672,0.0680722072720527,0.8832099437713623,0.1152669265866279,0.8465710282325745
829,829,train,17201,0.1628031134605407,0.8014469146728516,0.2559585571289062,0.7394413352012634,0.349040687084198,0.6252784132957458,0.2013107538223266,0.7577304244041443,0.2331040501594543,0.7532623410224915,0.0861833542585372,0.8422547578811646,0.134035438299179,0.8170691728591919,0.118383802473545,0.8175464868545532,0.1165981441736221,0.8234634399414062,0.363466203212738,0.6258469820022583,0.0880100354552269,0.8392323851585388,0.1679374873638153,0.7789511680603027
830,830,train,18451,0.0998410880565643,0.8578163981437683,0.2751742303371429,0.7167024612426758,0.1008676588535308,0.8360455632209778,0.1521768718957901,0.8094929456710815,0.1609034389257431,0.82027667760849,0.0496736802160739,0.8994521498680115,0.0896102041006088,0.863305926322937,0.0637563690543174,0.8879955410957336,0.0713988095521926,0.8811888694763184,0.4120287299156189,0.5981367230415344,0.0524402931332588,0.8983491063117981,0.0964608117938041,0.855194091796875
831,831,train,17958,0.0761501863598823,0.8847944736480713,0.1860384941101074,0.7805166244506836,0.0879533514380455,0.8674646615982056,0.1072583645582199,0.8322331309318542,0.1088293492794036,0.8627197742462158,0.0566640459001064,0.9100476503372192,0.087693803012371,0.9028272032737732,0.0657054334878921,0.8991782069206238,0.0649652853608131,0.901750385761261,0.1601748466491699,0.7991889119148254,0.0537972189486026,0.9085429310798644,0.0912598520517349,0.891678512096405
832,832,train,17019,0.1804899126291275,0.8264817595481873,0.3310427069664001,0.688787043094635,0.6655603647232056,0.4717551171779632,0.2394806891679763,0.7513778805732727,0.2363346070051193,0.8044182658195496,0.0805231407284736,0.8849831819534302,0.1538146585226059,0.8520019054412842,0.1349297761917114,0.8582366108894348,0.1245921775698661,0.8684566617012024,0.7049668431282043,0.3983305990695953,0.0826932415366172,0.8834429383277893,0.1860353052616119,0.8390843868255615
833,833,train,17550,0.1227727755904197,0.7955932021141052,0.2501285970211029,0.6869207620620728,0.2030147761106491,0.6930137276649475,0.179880142211914,0.7225449085235596,0.1867286115884781,0.7564898133277893,0.0640859082341194,0.8606671094894409,0.1131748408079147,0.8274779915809631,0.0861536338925361,0.8377727270126343,0.0909412503242492,0.8403013348579407,0.4716828167438507,0.4813949763774872,0.0661601647734642,0.8503293395042419,0.122489184141159,0.8072826266288757
834,834,train,17884,0.0808103680610656,0.8253777623176575,0.2821548283100128,0.6426123976707458,0.0742188245058059,0.8774455785751343,0.1332086771726608,0.7802104949951172,0.1682387888431549,0.756531834602356,0.0570605173707008,0.8806930184364319,0.0756590068340301,0.8661260008811951,0.0613779798150062,0.8727566003799438,0.065476045012474,0.8648297190666199,0.1657164394855499,0.7429904341697693,0.0543468035757541,0.8780023455619812,0.0822791457176208,0.8464831113815308
835,835,train,18104,0.4584870338439941,0.5242884755134583,0.6529651284217834,0.3871791362762451,0.904577136039734,0.1737989783287048,0.609179675579071,0.4251173734664917,0.6652634739875793,0.4061082303524017,0.1190157607197761,0.7543923854827881,0.2152588963508606,0.6654440760612488,0.1852454990148544,0.6949278712272644,0.241284504532814,0.6508195996284485,0.8929607272148132,0.1783486902713775,0.1086720079183578,0.7729262709617615,0.4214779436588287,0.5094414949417114
836,836,train,17142,0.0815372318029403,0.8804513812065125,0.2427720576524734,0.7354944944381714,0.1445150971412658,0.8269667029380798,0.1342164427042007,0.8082404732704163,0.1413977146148681,0.840915858745575,0.044197104871273,0.9164226055145264,0.0808230191469192,0.9063927531242372,0.0569619499146938,0.912428617477417,0.0602939948439598,0.9121435880661012,0.2823158502578735,0.712838351726532,0.0440335012972354,0.9154307246208192,0.0827017575502395,0.8973975777626038
837,837,train,18031,0.9417260885238647,0.1255546510219574,0.6731852293014526,0.3622089624404907,0.9442946910858154,0.1080547124147415,0.8517497181892395,0.1984112113714218,0.9285632371902466,0.1476558595895767,0.7651351094245911,0.2623949348926544,0.9155796766281128,0.1458406448364257,0.9218207001686096,0.1359307765960693,0.9305658340454102,0.1429370790719986,0.9281165599822998,0.1286612153053283,0.7919415831565857,0.2682576477527618,0.9401136636734008,0.1191018745303154
838,838,test,18710,0.2416524738073349,0.7866634726524353,0.4952176213264465,0.597299337387085,0.8038541078567505,0.3452399671077728,0.3352259397506714,0.712442934513092,0.3507483601570129,0.7422115802764893,0.0813098549842834,0.8660647869110107,0.1671817451715469,0.8154941201210022,0.138529896736145,0.8287709951400757,0.1592989563941955,0.8262569308280945,0.747048020362854,0.456602394580841,0.0844051763415336,0.8600679039955139,0.2386864572763443,0.7702917456626892
839,839,train,17560,0.0732477381825447,0.8621817827224731,0.236329972743988,0.7165892720222473,0.0768559128046035,0.8763967156410217,0.1103838235139846,0.8209696412086487,0.126172199845314,0.8143073320388794,0.0486650578677654,0.8856605887413025,0.071683369576931,0.8767254948616028,0.0559801533818244,0.8834246397018433,0.0557451285421848,0.8823122978210449,0.1655613034963607,0.7845256328582764,0.0512249581515789,0.8827692866325378,0.0738966763019561,0.8768909573554993
840,840,train,17896,0.2655660212039947,0.6896894574165344,0.3328737020492553,0.6330493092536926,0.6510507464408875,0.3954143226146698,0.28317391872406,0.6506112217903137,0.3170035481452942,0.661744236946106,0.1143287792801857,0.8219380974769592,0.2051565051078796,0.7495545148849487,0.1811002492904663,0.7488048672676086,0.1996542066335678,0.7444506287574768,0.6348220109939575,0.3830938339233398,0.1232539117336273,0.802949070930481,0.2830688953399658,0.6597720384597778
841,841,train,17176,0.1249339655041694,0.8367565274238586,0.4552501738071441,0.5707510709762573,0.2746228873729706,0.7371721267700195,0.2313992977142334,0.7286475896835327,0.2527427673339844,0.7345708608627319,0.0605293102562427,0.8830944895744324,0.102859541773796,0.8519710898399353,0.0763255879282951,0.8714074492454529,0.0838037952780723,0.8644359111785889,0.4728676080703735,0.5775184035301208,0.0612639300525188,0.8885481357574463,0.1297633647918701,0.8192666172981262
842,842,train,17185,0.3512715101242065,0.7001787424087524,0.5086285471916199,0.5576539039611816,0.8291199803352356,0.2553465962409973,0.4770528078079223,0.5494017004966736,0.5588661432266235,0.5914449691772461,0.0941745117306709,0.8576253056526184,0.2024383544921875,0.7879151701927185,0.1846129745244979,0.794506847858429,0.1961910128593444,0.8055405616760254,0.8811416625976562,0.2037112265825271,0.0906731933355331,0.8566546440124512,0.3775842487812042,0.6869341135025024
843,843,train,17399,0.6701928377151489,0.4152659177780151,0.6410154700279236,0.4093638956546783,0.8878224492073059,0.1861310601234436,0.6923736333847046,0.3486886024475097,0.7343461513519287,0.3686484694480896,0.1887645572423935,0.7915821075439453,0.3538230359554291,0.6854584813117981,0.3411045372486114,0.677482008934021,0.4125951528549194,0.6386880278587341,0.8904849886894226,0.1819138824939727,0.161992147564888,0.7887908816337585,0.5990516543388367,0.4911257624626159
844,844,train,17303,0.0536522045731544,0.916082799434662,0.2441378533840179,0.7381953001022339,0.067706398665905,0.9207093715667723,0.0813456773757934,0.8744005560874939,0.101430095732212,0.8814762830734253,0.0418082289397716,0.9229771494865416,0.0586610175669193,0.9208594560623168,0.0428784191608428,0.9261071085929872,0.0457670353353023,0.9261103868484496,0.105544313788414,0.8718666434288025,0.0409709885716438,0.9266107678413392,0.06195979565382,0.919734001159668
845,845,train,17469,0.0931897908449173,0.8781670331954956,0.4015804231166839,0.6544063687324524,0.3144627511501312,0.7195137739181519,0.1538792997598648,0.811771810054779,0.1682754009962082,0.8305163383483887,0.0424305573105812,0.9137699007987976,0.0728474706411361,0.8889565467834473,0.05215635150671,0.9049567580223083,0.0605793371796608,0.903517484664917,0.5509776473045349,0.5455327033996582,0.0426177866756916,0.9113203287124634,0.0873121917247772,0.8842543363571167
846,846,test,17999,0.455513060092926,0.6124593019485474,0.5310755968093872,0.5232660174369812,0.6907492876052856,0.3416512310504913,0.43797767162323,0.5766344666481018,0.5610403418540955,0.5439222455024719,0.1796315163373947,0.7341108322143555,0.34516441822052,0.6727232336997986,0.2936413884162903,0.685662567615509,0.3108789920806885,0.6885451674461365,0.8063077330589294,0.26234832406044,0.2016380280256271,0.7380978465080261,0.4038875997066498,0.6071988940238953
847,847,test,18609,0.076341688632965,0.886181116104126,0.2970243990421295,0.6760401129722595,0.1483380198478698,0.851693332195282,0.1183962225914001,0.8252525329589844,0.1252929121255874,0.8441054821014404,0.0493108928203582,0.9078545570373536,0.0829502120614051,0.8978428840637207,0.0585913062095642,0.906510293483734,0.0615320056676864,0.9043373465538024,0.2072702050209045,0.784087598323822,0.0497463010251522,0.9095906615257264,0.0889271721243858,0.8858872652053833
848,848,train,17175,0.0682176053524017,0.8612028360366821,0.1567223519086837,0.7928761839866638,0.1497278064489364,0.8325771689414978,0.0981605574488639,0.8227795958518982,0.0925980508327484,0.8456915616989136,0.0522185377776622,0.8808827996253967,0.0815115123987197,0.8525193333625793,0.0586775541305542,0.8635879755020142,0.0607084073126316,0.871575653553009,0.1863754838705063,0.7640165686607361,0.0543356053531169,0.8708385229110718,0.079178087413311,0.8523092865943909
849,849,test,17663,0.3848779499530792,0.6292927265167236,0.5870838761329651,0.4544116556644439,0.8150123953819275,0.2500908672809601,0.4887484014034271,0.5118333697319031,0.5401545166969299,0.5247269868850708,0.0747017040848732,0.8338796496391296,0.1370587050914764,0.8017212748527527,0.1155211851000785,0.806523323059082,0.1333915591239929,0.7991570830345154,0.8903167247772217,0.1838418692350387,0.0716465860605239,0.838829517364502,0.2527575492858886,0.7078327536582947
850,850,test,17230,0.7098996639251709,0.3937583863735199,0.6504886746406555,0.4050888121128082,0.9166812896728516,0.1485771834850311,0.7078216075897217,0.3565502166748047,0.799212634563446,0.3315406739711761,0.2037937641143798,0.6802309155464172,0.4017468690872192,0.5791707634925842,0.4124009311199188,0.5673046708106995,0.4388294219970703,0.5607779622077942,0.9053643345832824,0.1739149689674377,0.1992719173431396,0.6936274766921997,0.5729880332946777,0.4797217845916748
851,851,train,18712,0.1801722794771194,0.6896125078201294,0.6215089559555054,0.4287853837013244,0.3520199060440063,0.6008750200271606,0.347763329744339,0.5572296380996704,0.423367291688919,0.507000744342804,0.0700314417481422,0.8212185502052307,0.1191711798310279,0.7815539240837097,0.0900750085711479,0.7920498847961426,0.1034523546695709,0.7832698822021484,0.7001466155052185,0.3343796133995056,0.0690710321068763,0.8286431431770325,0.1643541157245636,0.7193412780761719
852,852,train,17634,0.0884796604514122,0.855258047580719,0.356258749961853,0.5909295082092285,0.1875528693199157,0.7548536062240601,0.1358744949102401,0.7543962001800537,0.1441136002540588,0.7635196447372437,0.0571021623909473,0.8783934116363525,0.0794351771473884,0.865780770778656,0.0625741928815841,0.8797131776809692,0.0667778477072715,0.8855857253074646,0.2426854819059372,0.679229199886322,0.0564285777509212,0.8830358386039734,0.0822552964091301,0.8649986386299133
853,853,test,17242,0.1337158977985382,0.831947922706604,0.4202359020709991,0.618996262550354,0.506277322769165,0.5455500483512878,0.2184253484010696,0.756317675113678,0.2146115154027938,0.7939169406890869,0.0746241882443428,0.873528003692627,0.1431896835565567,0.8488706946372986,0.1009445935487747,0.8617428541183472,0.1080310195684433,0.8564332723617554,0.6482142210006714,0.4399226605892181,0.0735572353005409,0.879620373249054,0.1581006050109863,0.819808304309845
854,854,train,18263,0.7571131587028503,0.3759623169898987,0.6402653455734253,0.4116449654102325,0.8705330491065979,0.192114770412445,0.7320882678031921,0.3193486630916595,0.7945476770401001,0.3490470349788666,0.2209648340940475,0.7053988575935364,0.4077783524990082,0.6082263588905334,0.360877513885498,0.6238037347793579,0.4913902878761291,0.5760794281959534,0.8963490128517151,0.191445380449295,0.205432504415512,0.7407352328300476,0.5928236246109009,0.4823557436466217
855,855,train,17694,0.076526403427124,0.8823773860931396,0.2181530147790908,0.7639952898025513,0.0876378118991851,0.875106692314148,0.112020194530487,0.8350077271461487,0.1106887832283973,0.8547595739364624,0.0432194806635379,0.9051796793937684,0.0666980743408203,0.8984999656677246,0.0538426488637924,0.9038732647895812,0.0580525919795036,0.90326726436615,0.1633615046739578,0.8093007802963257,0.0485675297677516,0.903406858444214,0.0762194916605949,0.8939328789710999
856,856,train,18198,0.9085234999656676,0.1618581414222717,0.6900629997253418,0.3678893446922302,0.908273696899414,0.1368915140628814,0.8254680037498474,0.2098809480667114,0.91294264793396,0.1626915335655212,0.4407775104045868,0.4753153026103973,0.7948203682899475,0.2461887300014495,0.8136489391326904,0.2270365208387375,0.8378785252571106,0.2392823696136474,0.9259342551231384,0.138453796505928,0.4492381513118744,0.4792068600654602,0.8878234624862671,0.1761807799339294
857,857,train,18105,0.0563897043466568,0.8896670341491699,0.1896400898694992,0.7419017553329468,0.05627416446805,0.8917165994644165,0.0703826770186424,0.8497423529624939,0.0857457220554351,0.8653389811515808,0.0438954904675483,0.8965851068496704,0.0651580989360809,0.8866772651672363,0.0497034229338169,0.894759476184845,0.0505244508385658,0.895006537437439,0.1137862354516983,0.8169756531715393,0.0415991432964801,0.9018152356147766,0.0680021494626998,0.8874876499176025
858,858,train,17691,0.0623904541134834,0.8970102071762085,0.2674522995948791,0.7326679229736328,0.0899862796068191,0.8742086291313171,0.1329635828733444,0.8343597650527954,0.1134715676307678,0.8572538495063782,0.0434339493513107,0.9135650396347046,0.0700738131999969,0.8980504274368286,0.0504043698310852,0.9072464108467102,0.0549324378371238,0.9020299315452576,0.4210438430309295,0.5931532382965088,0.0434009730815887,0.9155409932136536,0.0850711688399314,0.8798679113388062
859,859,train,17225,0.0447925813496112,0.9323100447654724,0.1049221828579902,0.8643004298210144,0.0998550355434417,0.883985161781311,0.0690562278032302,0.8983273506164551,0.068522535264492,0.922645628452301,0.0366738773882389,0.938784956932068,0.0524207726120948,0.934311866760254,0.0434329286217689,0.938045084476471,0.0409881807863712,0.9395169019699096,0.146885335445404,0.8419846296310425,0.0367209091782569,0.9386664032936096,0.0531832240521907,0.931942582130432
860,860,train,17215,0.1916327327489853,0.8059015870094299,0.5507218837738037,0.5000808835029602,0.7359410524368286,0.3777456879615783,0.3423015177249908,0.6593770384788513,0.3479517102241516,0.7196880578994751,0.068534605205059,0.8799821138381958,0.1268553882837295,0.8588266372680664,0.11601522564888,0.8680424094200134,0.1147914230823516,0.8609556555747986,0.8333075642585754,0.257019430398941,0.0669915229082107,0.8792821764945984,0.1786078661680221,0.8239985108375549
861,861,test,17883,0.1730129569768905,0.7170963883399963,0.4378436505794525,0.5572817921638489,0.220583900809288,0.7206140756607056,0.2188963741064071,0.6579092144966125,0.25649094581604,0.6661943197250366,0.0890998914837837,0.8122684955596924,0.1383711844682693,0.7826159000396729,0.123227871954441,0.7833442091941833,0.1220528855919838,0.7846404314041138,0.3167953193187713,0.6088383197784424,0.0899752676486969,0.8090713620185852,0.1695352345705032,0.7223386168479919
862,862,train,18508,0.1921590268611908,0.8188919425010681,0.3215512931346893,0.6908815503120422,0.6745666265487671,0.4178451299667358,0.2509118318557739,0.7250013947486877,0.2696372270584106,0.7765641808509827,0.0577666386961936,0.9040689468383788,0.1105972900986671,0.872505784034729,0.0835750177502632,0.8807579278945923,0.1083282306790351,0.8825674653053284,0.8279246687889099,0.2923891246318817,0.0608274266123771,0.89766925573349,0.192930981516838,0.8281621336936951
863,863,train,18600,0.1504427939653396,0.8191573619842529,0.4446292221546173,0.5352742671966553,0.4066170156002044,0.5732896327972412,0.2113287299871444,0.7207787036895752,0.2579827010631561,0.741867184638977,0.0712349936366081,0.8676127195358276,0.120735764503479,0.8469905257225037,0.1066017299890518,0.8514917492866516,0.1057583764195442,0.8548725843429565,0.7121449112892151,0.3376571238040924,0.072780042886734,0.8635338544845581,0.1652766317129135,0.819850504398346
864,864,train,18330,0.0561294294893741,0.9293240904808044,0.1449538469314575,0.8465587496757507,0.0905555486679077,0.8837432861328125,0.0868386030197143,0.8907322287559509,0.0879157334566116,0.9233578443527222,0.0368425771594047,0.9330223202705384,0.0558784678578376,0.9293861985206604,0.0425887368619442,0.9313432574272156,0.0438784211874008,0.934524655342102,0.1360414624214172,0.8786661624908447,0.0389444082975387,0.9321194291114808,0.0616409704089164,0.923873007297516
865,865,train,17405,0.2542419135570526,0.6535096168518066,0.5417506098747253,0.4842159748077392,0.3413187563419342,0.641836404800415,0.3053095042705536,0.6081673502922058,0.4452305436134338,0.5356537699699402,0.1033629849553108,0.7780146598815918,0.1681249588727951,0.7274308204650879,0.1277358680963516,0.7266194820404053,0.153751403093338,0.7323508858680725,0.5972728729248047,0.4175522625446319,0.1011767014861106,0.7626321911811829,0.2639966905117035,0.6381312608718872
866,866,train,17382,0.587030291557312,0.5129824280738831,0.6491682529449463,0.403165340423584,0.9013724327087402,0.1764775365591049,0.6133133769035339,0.4302282631397247,0.7682590484619141,0.3604662716388702,0.1671775728464126,0.7754905819892883,0.3159804940223694,0.7165243029594421,0.2594972550868988,0.7120115160942078,0.2996606826782226,0.6988704800605774,0.8986166715621948,0.1811899691820144,0.1641723364591598,0.7767418026924133,0.4646889567375183,0.5790449380874634
867,867,test,17701,0.0402502380311489,0.9337277412414552,0.1599941849708557,0.8278363943099976,0.0525619536638259,0.9220006465911864,0.0623100511729717,0.8978926539421082,0.062036607414484,0.9220747351646424,0.0316004790365695,0.942428171634674,0.0450063161551952,0.940776824951172,0.0350646041333675,0.9403442740440368,0.036060631275177,0.9405717849731444,0.1063001379370689,0.8756892085075378,0.0328048504889011,0.9413869976997375,0.0502914451062679,0.9353975653648376
868,868,train,17710,0.0517970360815525,0.9138003587722778,0.1560347229242324,0.8039939999580383,0.0672798454761505,0.8982264995574951,0.0836812630295753,0.8670966029167175,0.0833541303873062,0.8922610878944397,0.0377932116389274,0.928720235824585,0.0567452348768711,0.9233221411705016,0.040882121771574,0.9266236424446106,0.0427178107202053,0.9249985218048096,0.110465407371521,0.8582180738449097,0.0387344993650913,0.9292659163475036,0.0628632158041,0.9065766334533693
869,869,test,18204,0.161095455288887,0.8037585616111755,0.5459685921669006,0.5166900157928467,0.6843425631523132,0.442425787448883,0.3081502318382263,0.6773293018341064,0.3481993377208709,0.6667615175247192,0.0667478367686271,0.8672010898590088,0.1200117915868759,0.8354252576828003,0.0846441835165023,0.8586276173591614,0.0995486602187156,0.850843071937561,0.744708240032196,0.3753553926944732,0.0693164616823196,0.8781625032424927,0.1573862135410308,0.8012387752532959
870,870,train,17576,0.1251884847879409,0.7971439957618713,0.6096693873405457,0.4434472918510437,0.3139976859092712,0.6975103616714478,0.2959366738796234,0.635647177696228,0.4180205762386322,0.5729666948318481,0.0501813180744648,0.8927562236785889,0.0829126611351966,0.8728206753730774,0.058777242898941,0.8843782544136047,0.0703508332371711,0.8729251027107239,0.5889829397201538,0.4738659262657165,0.0496348887681961,0.8955413103103638,0.1193621829152107,0.8172958493232727
871,871,test,18013,0.0974047556519508,0.8949249982833862,0.190926507115364,0.7894362211227417,0.3076796531677246,0.7355066537857056,0.1349805891513824,0.8377966284751892,0.1543933898210525,0.8723442554473877,0.0574711412191391,0.915485680103302,0.1136689707636833,0.8843551874160767,0.0887802839279174,0.8937004208564758,0.0791458040475845,0.9055809378623962,0.3922279775142669,0.6655247211456299,0.0550650283694267,0.9132436513900756,0.1180891320109367,0.8829358220100403
872,872,test,17423,0.0460484400391578,0.9181896448135376,0.1908335238695144,0.7981196641921997,0.0565392076969146,0.91679584980011,0.070740982890129,0.8883891105651855,0.0710222944617271,0.9061646461486816,0.0366601832211017,0.925873637199402,0.0564636848866939,0.9203720092773438,0.0397724360227584,0.9265738129615784,0.0412885285913944,0.926756739616394,0.101939670741558,0.8676254749298096,0.0367033071815967,0.9285259246826172,0.0592045672237873,0.9128784537315368
873,873,train,17829,0.1006525382399559,0.7992105484008789,0.3632936477661133,0.597632884979248,0.1633244752883911,0.7393501996994019,0.1636498272418975,0.7093592286109924,0.1708734929561615,0.7486492395401001,0.0522506423294544,0.8809953927993774,0.0858422294259071,0.8564143180847168,0.0682230964303016,0.8643576502799988,0.06943329423666,0.862192690372467,0.3299730122089386,0.6020069718360901,0.0538012832403183,0.8709772229194641,0.1020818725228309,0.8240880966186523
874,874,train,18222,0.4729983210563659,0.6579256057739258,0.5208455324172974,0.5472293496131897,0.869382381439209,0.2228162139654159,0.535409688949585,0.5401630401611328,0.597865104675293,0.5781468749046326,0.1039582267403602,0.8573528528213501,0.2144201397895813,0.7937874794006348,0.201705202460289,0.7943301200866699,0.2258855104446411,0.7971105575561523,0.901544749736786,0.1887836158275604,0.1009529009461402,0.860775887966156,0.4144302904605865,0.6816189289093018
875,875,train,17064,0.9303719997406006,0.1358043700456619,0.6729695796966553,0.3644092679023742,0.9432151913642884,0.1115365624427795,0.8421392440795898,0.2053919434547424,0.9259263277053832,0.15054751932621,0.6749902367591858,0.3145253360271454,0.889430820941925,0.1744412928819656,0.8898246884346008,0.1669662147760391,0.913764238357544,0.1562368720769882,0.9204714298248292,0.1385768204927444,0.6795778274536133,0.3174798190593719,0.927525281906128,0.1302689313888549
876,876,train,17099,0.6069648265838623,0.4975850284099579,0.5875585675239563,0.46452596783638,0.8821129202842712,0.1990877538919448,0.5968477725982666,0.4484283924102783,0.6857709288597107,0.4664418697357178,0.1477146446704864,0.7751461267471313,0.3797810971736908,0.6743596792221069,0.335787296295166,0.6652913689613342,0.4178162813186645,0.6223425269126892,0.8949047327041626,0.1756673455238342,0.1442659050226211,0.7850514650344849,0.6165016889572144,0.4717297554016113
877,877,train,17062,0.5754708647727966,0.5167131423950195,0.6191547513008118,0.4250115752220154,0.9059932827949524,0.1676410585641861,0.6848134398460388,0.3528785109519958,0.6916359066963196,0.4199996590614319,0.1086881980299949,0.8022013902664185,0.2036806046962738,0.7446742653846741,0.2230788767337799,0.7338811755180359,0.2196082025766372,0.7412027716636658,0.9093329310417176,0.1613542437553405,0.1060726940631866,0.8050626516342163,0.3343822360038757,0.6611607670783997
878,878,test,17914,0.492230623960495,0.4597687721252441,0.622979462146759,0.3954279124736786,0.8925431370735168,0.1579097807407379,0.5796775817871094,0.3930456638336181,0.6727638840675354,0.3472144901752472,0.1487916409969329,0.6925254464149475,0.3013156056404114,0.5760488510131836,0.2722354531288147,0.5916854739189148,0.2961350381374359,0.5959442853927612,0.8778443932533264,0.1960448622703552,0.1416602283716201,0.7015368938446045,0.4508952796459198,0.467628926038742
879,879,train,18701,0.1552028357982635,0.7009922862052917,0.4196986854076385,0.5276055932044983,0.2198115885257721,0.7081764340400696,0.2050816714763641,0.6525888442993164,0.2836988568305969,0.6046383380889893,0.0889780446887016,0.793962836265564,0.1390166282653808,0.7435547709465027,0.104315347969532,0.7538847923278809,0.1230272352695465,0.7540194988250732,0.5137593746185303,0.4264788925647735,0.0802566409111023,0.7952202558517456,0.1934892982244491,0.6885085105895996
880,880,train,18540,0.3791526257991791,0.6752158999443054,0.3644710183143616,0.619218647480011,0.6937345266342163,0.4009609222412109,0.3689942061901092,0.6431571245193481,0.4151869416236877,0.6424731016159058,0.1569691449403762,0.7995030283927917,0.2761400043964386,0.7341940402984619,0.2500143945217132,0.7370497584342957,0.2793798446655273,0.7413768172264099,0.6995049715042114,0.3713342845439911,0.1393846720457077,0.8012685775756836,0.3934985399246216,0.6664703488349915
881,881,train,17008,0.9410548210144044,0.1245671957731247,0.6783482432365417,0.3611854910850525,0.9459306001663208,0.1103201583027839,0.8513323068618774,0.2008676677942276,0.9285404682159424,0.1476386040449142,0.7505323886871338,0.2384773343801498,0.9112862944602966,0.1339728683233261,0.9133430123329164,0.1222409456968307,0.9291130900382996,0.12457837164402,0.930054485797882,0.1293825656175613,0.7836238145828247,0.2313894480466842,0.9371296167373656,0.1079185903072357
882,882,train,18615,0.1191794648766517,0.8208933472633362,0.2935811877250671,0.6712081432342529,0.2582826018333435,0.7025488018989563,0.1800154447555542,0.7691497802734375,0.1810937374830246,0.7765445709228516,0.0689367204904556,0.8584804534912109,0.1044641137123107,0.8318170309066772,0.0863000676035881,0.8450590372085571,0.088896557688713,0.8433160185813904,0.4129285216331482,0.54723060131073,0.072084940969944,0.8546462655067444,0.1184190437197685,0.8176066279411316
883,883,train,18627,0.2045643478631973,0.7149882316589355,0.5605670213699341,0.4834672808647156,0.2872118949890136,0.6744703054428101,0.2869816720485687,0.6559674739837646,0.3766007423400879,0.6243619918823242,0.0768331959843635,0.8197863101959229,0.152333915233612,0.7641058564186096,0.1123145669698715,0.788300633430481,0.1283181756734848,0.7770654559135437,0.5807953476905823,0.4599536955356598,0.0758536010980606,0.821927547454834,0.2023235857486724,0.7120192050933838
884,884,train,18570,0.1066133379936218,0.8185728788375854,0.4139738380908966,0.5413683652877808,0.2074459493160247,0.6989659667015076,0.1802154183387756,0.7054183483123779,0.1936998665332794,0.7602251172065735,0.0597299076616764,0.8760517239570618,0.1046480536460876,0.8568457961082458,0.076706126332283,0.8636599183082581,0.0792174562811851,0.8580741286277771,0.7528724074363708,0.287116140127182,0.0563875846564769,0.8673966526985168,0.1169314235448837,0.8282076716423035
885,885,train,17208,0.1189700439572334,0.8254014849662781,0.3810523748397827,0.5588801503181458,0.3526579439640045,0.5793023705482483,0.172482281923294,0.7179919481277466,0.1771747469902038,0.7735235691070557,0.059647224843502,0.8993752598762512,0.1027424037456512,0.8749394416809082,0.0880183801054954,0.872447669506073,0.0878796130418777,0.8754947185516357,0.6813564896583557,0.3260373771190643,0.0621860511600971,0.8928633332252502,0.1274456828832626,0.8485881090164185
886,886,train,17072,0.0902134999632835,0.8984320759773254,0.1893178671598434,0.8149571418762207,0.0948477834463119,0.8828749656677246,0.1160370782017707,0.8675415515899658,0.1102858707308769,0.8880525827407837,0.0558832995593547,0.9153074622154236,0.0904003754258155,0.9024760723114014,0.0679882317781448,0.9113816022872924,0.069521278142929,0.9114832282066344,0.2243518531322479,0.7988067865371704,0.0567821189761161,0.9118001461029052,0.0976863950490951,0.900471031665802
887,887,train,18091,0.8754334449768066,0.1878485381603241,0.6776390075683594,0.3997987508773803,0.9403599500656128,0.1186967641115188,0.7919471263885498,0.256712406873703,0.8875261545181274,0.1937455534934997,0.48523810505867,0.4094139337539673,0.8083596229553223,0.2112496793270111,0.8198850750923157,0.1969282031059265,0.8382896184921265,0.2089291214942932,0.9225026369094848,0.1555981487035751,0.4927417933940887,0.4093200266361236,0.8771595358848572,0.1632460057735443
888,888,test,18303,0.0937556251883506,0.8157079219818115,0.4445560276508331,0.5726069808006287,0.0815610438585281,0.8350203037261963,0.1704517751932144,0.719533383846283,0.1926203668117523,0.7580771446228027,0.0408926792442798,0.8854630589485168,0.0748311281204223,0.8570843935012817,0.0543623901903629,0.8700170516967773,0.0615085735917091,0.8644622564315796,0.4815573692321777,0.4984791278839111,0.0418013632297515,0.8893130421638489,0.1031733974814415,0.8060826063156128
889,889,test,17905,0.3049109578132629,0.6641894578933716,0.5986486673355103,0.4326566159725189,0.7396115660667419,0.3288003504276275,0.4380576610565185,0.531513512134552,0.5259490013122559,0.5437840223312378,0.0775110647082328,0.8218579292297363,0.1535871028900146,0.7761144042015076,0.1317654103040695,0.7785252928733826,0.1454783231019973,0.7758302092552185,0.8635557293891907,0.2160724997520446,0.0743227526545524,0.8203211426734924,0.230164885520935,0.6987200975418091
890,890,train,17418,0.1121945157647132,0.8047276139259338,0.4672119915485382,0.5598825812339783,0.3318508267402649,0.6167880296707153,0.2276577800512313,0.6740149855613708,0.2434687912464141,0.6989299654960632,0.046952661126852,0.869353175163269,0.0801010578870773,0.8370779752731323,0.0579859800636768,0.8580842018127441,0.0684029459953308,0.8528790473937988,0.6473701596260071,0.4037634432315826,0.0458301864564418,0.871694028377533,0.1188940107822418,0.7983577847480774
891,891,test,18619,0.3074346482753753,0.6935571432113647,0.5193560123443604,0.5514045357704163,0.3173667192459106,0.6249285936355591,0.3508248031139374,0.6246702075004578,0.3395094275474548,0.704307496547699,0.0769638270139694,0.841589093208313,0.146181508898735,0.7876094579696655,0.1057788729667663,0.8158531188964844,0.1300367712974548,0.8054898381233215,0.870701014995575,0.2266065925359726,0.0745196640491485,0.8493489027023315,0.2549068629741668,0.7175803184509277
892,892,train,18332,0.2311842143535614,0.7326486110687256,0.4451334178447723,0.5567305684089661,0.3034189343452453,0.6220135688781738,0.2701149880886078,0.6744049787521362,0.3308211266994476,0.6829704642295837,0.0869725942611694,0.8235248923301697,0.1567109525203704,0.7771281003952026,0.1319705843925476,0.7921156287193298,0.1441175192594528,0.7919453382492065,0.6744639277458191,0.4122181534767151,0.0835524722933769,0.8141320943832397,0.2020731419324875,0.7429572939872742
893,893,train,16992,0.1146244630217552,0.802657961845398,0.4615613520145416,0.5618335008621216,0.4586428999900818,0.5455432534217834,0.1654418259859085,0.7211595773696899,0.2051710784435272,0.7209632992744446,0.0586035847663879,0.8427014350891113,0.1093950122594833,0.8153109550476074,0.0850355997681617,0.8327609896659851,0.0840808525681495,0.835418701171875,0.4898691177368164,0.5253825187683105,0.0603910312056541,0.8383830785751343,0.1286302655935287,0.7936290502548218
894,894,test,18380,0.4654736518859863,0.5806201100349426,0.5419946312904358,0.4534163177013397,0.866262674331665,0.2121814638376236,0.4822575747966766,0.5060694813728333,0.6166982054710388,0.4920151829719543,0.1664464622735977,0.7490437626838684,0.338251918554306,0.6644521355628967,0.3033570945262909,0.6715573668479919,0.3336259126663208,0.6752866506576538,0.8541825413703918,0.1914789825677871,0.1638553589582443,0.7548700571060181,0.4646423757076263,0.5734450221061707
895,895,train,16981,0.1935745477676391,0.6849489212036133,0.3718380033969879,0.6131025552749634,0.2804083228111267,0.6882784366607666,0.2077187895774841,0.6801559329032898,0.3232635259628296,0.6392637491226196,0.1016585379838943,0.7771983742713928,0.1628596484661102,0.7111120820045471,0.1211131364107132,0.7385709881782532,0.135464072227478,0.7331947088241577,0.4102499186992645,0.5526740550994873,0.0948328077793121,0.7663494944572449,0.1999372243881225,0.6665594577789307
896,896,test,17438,0.0468342676758766,0.9111342430114746,0.1804515570402145,0.7807154059410095,0.0672975704073906,0.9037865400314332,0.0690635666251182,0.8638632297515869,0.0737635791301727,0.8840355277061462,0.0399463139474391,0.9195252060890198,0.0577175132930278,0.912877082824707,0.042602501809597,0.917482614517212,0.0433612093329429,0.9210000038146972,0.0968173965811729,0.8690200448036194,0.0397754050791263,0.9184444546699524,0.0614065043628215,0.9055145382881165
897,897,train,17555,0.1172182783484458,0.7264620661735535,0.3315032124519348,0.5737741589546204,0.2371308207511901,0.6032133102416992,0.1715890169143676,0.667424738407135,0.2196027487516403,0.6832688450813293,0.0623999796807765,0.818158745765686,0.1131880134344101,0.7797918915748596,0.0913517773151397,0.7860485315322876,0.0930890962481498,0.782131552696228,0.3109984099864959,0.5576557517051697,0.0651130601763725,0.8075255155563354,0.124697670340538,0.7480361461639404
898,898,train,17145,0.1610130071640014,0.7611785531044006,0.3092120885848999,0.6427263021469116,0.4505204558372497,0.5177551507949829,0.2226522266864776,0.7146442532539368,0.2520810067653656,0.7237511873245239,0.0858323499560356,0.8306893110275269,0.1594368666410446,0.7851489782333374,0.1316401213407516,0.8027793765068054,0.1190192475914955,0.8086223602294922,0.6638675928115845,0.3307216167449951,0.085773266851902,0.8215264081954956,0.157815545797348,0.7863560914993286
899,899,test,16968,0.1059595793485641,0.8816377520561218,0.4097478091716766,0.6411813497543335,0.3759742677211761,0.7039361596107483,0.1921355128288269,0.7971318364143372,0.1751418262720108,0.8486141562461853,0.0661458224058151,0.898824155330658,0.1093447729945182,0.8749141693115234,0.083579309284687,0.8950925469398499,0.0864237919449806,0.8930533528327942,0.6194507479667664,0.4687937200069427,0.0648644417524337,0.8980526924133301,0.1197662875056266,0.8618348240852356
900,900,train,17866,0.7935631275177002,0.3362133502960205,0.6562145948410034,0.4000637829303741,0.9231812357902528,0.1472678780555725,0.7464247345924377,0.3186480104923248,0.8341085314750671,0.3071614801883697,0.2650708854198456,0.704853355884552,0.5557751059532166,0.586560070514679,0.6102904081344604,0.5054234266281128,0.6940398812294006,0.461225301027298,0.9114447236061096,0.1640497297048568,0.2625808417797088,0.718997597694397,0.7300124764442444,0.4131185710430145
901,901,train,17692,0.9104712009429932,0.1480315327644348,0.6682928800582886,0.3654779493808746,0.931549072265625,0.1172990500926971,0.8176674246788025,0.2157390713691711,0.9090128540992736,0.1618802398443222,0.5496395230293274,0.3727840483188629,0.8357160687446594,0.2062065601348877,0.8589701652526855,0.1700193732976913,0.8832070827484131,0.1708337217569351,0.9200156331062316,0.1366089433431625,0.5230761170387268,0.4135942459106445,0.9014434218406676,0.1383945196866989
902,902,train,18081,0.3720173239707947,0.7018236517906189,0.6136912107467651,0.4344418942928314,0.8648518323898315,0.2275585234165191,0.4818865656852722,0.5749436020851135,0.5937415957450867,0.5585673451423645,0.1278099119663238,0.8298088908195496,0.2546794712543487,0.778715193271637,0.2180102318525314,0.7783315181732178,0.2283629477024078,0.7923324108123779,0.8908833861351013,0.19102343916893,0.1259620189666748,0.8274332284927368,0.348524659872055,0.7138423919677734
903,903,train,17246,0.2550054490566253,0.7572103142738342,0.5045303106307983,0.5420181155204773,0.5114580988883972,0.538370668888092,0.3669098317623138,0.6239610910415649,0.3651138246059418,0.6925604343414307,0.0790425240993499,0.8843612670898438,0.1509141325950622,0.8502323031425476,0.1243219971656799,0.8576528429985046,0.1343552619218826,0.8553725481033325,0.7575746178627014,0.3436952233314514,0.0819704234600067,0.8865737318992615,0.1947550475597381,0.8142733573913574
904,904,train,18377,0.2459618598222732,0.7449725270271301,0.4728484749794006,0.5695258378982544,0.3302154839038849,0.6537683606147766,0.2843400537967682,0.6736454367637634,0.3568286001682281,0.6752223968505859,0.0858102962374687,0.8425033688545227,0.1796400249004364,0.7921764254570007,0.1385098993778228,0.8148609399795532,0.154621347784996,0.8085574507713318,0.7047183513641357,0.3835245370864868,0.0904423519968986,0.840827226638794,0.2475805729627609,0.7417846322059631
905,905,train,18562,0.1388645470142364,0.8329223394393921,0.5111347436904907,0.5584689974784851,0.6578112840652466,0.4408128261566162,0.3006637990474701,0.6923195123672485,0.2642214298248291,0.7696957588195801,0.0645438209176063,0.8905434012413025,0.1024624481797218,0.8667227029800415,0.0872186049818992,0.8768567442893982,0.0900205224752426,0.8766515851020813,0.8137974739074707,0.2783081233501434,0.0646410137414932,0.892269492149353,0.1405183523893356,0.84552001953125
906,906,test,18569,0.4146469533443451,0.6514628529548645,0.643868625164032,0.4155987501144409,0.6668586730957031,0.4091132283210754,0.5887402892112732,0.505321741104126,0.6764199733734131,0.48556649684906,0.1387285441160202,0.7965361475944519,0.267907977104187,0.7341713309288025,0.2304971516132354,0.7569630146026611,0.2481517791748047,0.7493137717247009,0.8964717388153076,0.1988216787576675,0.1308984160423278,0.814628005027771,0.3926490545272827,0.6472129225730896
907,907,train,18598,0.2011054158210754,0.7724403738975525,0.379639059305191,0.5905239582061768,0.5638046264648438,0.4842986166477203,0.2686477303504944,0.694902241230011,0.3091860711574554,0.7106195688247681,0.0972629860043525,0.8584829568862915,0.1635730117559433,0.8133845925331116,0.1401330530643463,0.8279662728309631,0.1420775800943374,0.828755795955658,0.7087865471839905,0.3717101812362671,0.0988876819610595,0.856237530708313,0.2085341513156891,0.7766123414039612
908,908,test,17703,0.1134482622146606,0.8244646787643433,0.4928685426712036,0.5609002113342285,0.6339808702468872,0.3950397670269012,0.2181313186883926,0.7342419028282166,0.2531279921531677,0.7557914853096008,0.0572519302368164,0.8734761476516724,0.1019532158970832,0.8335773348808289,0.075852483510971,0.8495665192604065,0.0830709114670753,0.8574489951133728,0.8154739737510681,0.2905177474021911,0.0602409988641738,0.8690385818481445,0.1374579817056656,0.7958884239196777
909,909,train,17675,0.1693711280822754,0.7625023126602173,0.4853420853614807,0.5352113842964172,0.5612401366233826,0.4937845170497894,0.2676475942134857,0.6432457566261292,0.3069148957729339,0.6591257452964783,0.0878888368606567,0.837414026260376,0.1509003043174743,0.8085695505142212,0.1166704893112182,0.8283839225769043,0.1191684305667877,0.8217492699623108,0.7106693387031555,0.3582374155521393,0.0881497710943222,0.8444951772689819,0.1652627438306808,0.7786682844161987
910,910,train,18528,0.0374681949615478,0.9244795441627502,0.127812385559082,0.8244166374206543,0.0522969923913478,0.9154511094093324,0.0540984906256198,0.889193058013916,0.0543820634484291,0.9096775650978088,0.0334876328706741,0.9331456422805786,0.0447131097316741,0.9286027550697328,0.0344430729746818,0.9330295920372008,0.0354198850691318,0.9342134594917296,0.0731161236763,0.8762035369873047,0.0335783176124095,0.932673454284668,0.0476325191557407,0.9233292937278748
911,911,train,17646,0.0656598135828971,0.911062479019165,0.2309355437755584,0.7654945254325867,0.202468991279602,0.8035131096839905,0.1203943341970443,0.8531714677810669,0.0940627828240394,0.8834280967712402,0.039473570883274,0.9306955933570862,0.0740401595830917,0.9110007882118224,0.0527143627405166,0.9222061038017272,0.0532727837562561,0.9241414070129396,0.4129904806613922,0.6149117350578308,0.040345624089241,0.930341362953186,0.0796225070953369,0.904812514781952
912,912,train,18055,0.0819854736328125,0.8233853578567505,0.4360553622245788,0.5531599521636963,0.0846612080931663,0.8512111902236938,0.146654337644577,0.7514964938163757,0.161036878824234,0.7637577652931213,0.0411687344312667,0.8816286325454712,0.0759558975696563,0.8588007688522339,0.0557990558445453,0.872425377368927,0.0573062375187873,0.8685978651046753,0.3439933955669403,0.599522054195404,0.0412370972335338,0.8836165070533752,0.0886890515685081,0.8354333639144897
913,913,train,18065,0.0478284247219562,0.870703399181366,0.1493938416242599,0.7436984777450562,0.058792732656002,0.8884289860725403,0.0678721666336059,0.8335158228874207,0.0784084126353263,0.8377115726470947,0.0386772900819778,0.8842844367027283,0.0558778680860996,0.866069495677948,0.0431491956114769,0.8731639385223389,0.0421831458806991,0.8753032684326172,0.098754808306694,0.797431230545044,0.0394150428473949,0.8762239813804626,0.0525245666503906,0.8650638461112976
914,914,train,18518,0.0704698711633682,0.8616458773612976,0.263229638338089,0.6993197202682495,0.0823285952210426,0.887937068939209,0.1205724701285362,0.8156191110610962,0.137486845254898,0.8202976584434509,0.0596509017050266,0.8905102014541626,0.0827071815729141,0.8753736019134521,0.0625918433070182,0.8875570893287659,0.0647188574075698,0.8842750191688538,0.1472592800855636,0.7942489385604858,0.0583455152809619,0.8901433944702148,0.0896750912070274,0.8678383827209473
915,915,train,17479,0.2986127734184265,0.6543971300125122,0.6172968745231628,0.4233661293983459,0.848750114440918,0.2494229674339294,0.5160385966300964,0.4890450835227966,0.5848482847213745,0.4711059033870697,0.0981427803635597,0.8126607537269592,0.1812027394771576,0.7619500160217285,0.1450947076082229,0.7763054966926575,0.1765466779470443,0.7627649903297424,0.8688961267471313,0.210497498512268,0.0913048461079597,0.8183267116546631,0.2790856957435608,0.6800252199172974
916,916,train,18017,0.1639736741781234,0.7031750082969666,0.5576308369636536,0.4576419591903686,0.353703111410141,0.5516594052314758,0.294269323348999,0.5673002004623413,0.3666428923606872,0.5314972996711731,0.0771320387721061,0.8288571834564209,0.1307541280984878,0.7846059799194336,0.097018651664257,0.8118177652359009,0.112637273967266,0.787346601486206,0.6397449970245361,0.4039504528045654,0.0765594691038131,0.8347552418708801,0.1684930771589279,0.7159523963928223
917,917,train,17880,0.2364035546779632,0.7716417908668518,0.487179547548294,0.5823401212692261,0.5904420614242554,0.5357574820518494,0.3253639638423919,0.6961581707000732,0.3753288388252258,0.7112805843353271,0.0913361683487892,0.8729066252708435,0.1792239099740982,0.8354447484016418,0.15210722386837,0.8474931716918945,0.1595039665699005,0.8429811000823975,0.7964322566986084,0.3006281852722168,0.0868539586663246,0.8740049600601196,0.2270716726779937,0.7953046560287476
918,918,test,17339,0.5349628925323486,0.575619637966156,0.6223533153533936,0.4522363841533661,0.8544216752052307,0.2636105418205261,0.5810920000076294,0.5006558299064636,0.6622535586357117,0.504737913608551,0.1565469950437545,0.785027265548706,0.3090822398662567,0.7147371768951416,0.3010724484920501,0.7202463746070862,0.3210425972938537,0.7084269523620605,0.8783116340637207,0.2341268360614776,0.1541485786437988,0.8073397278785706,0.4418586492538452,0.6357961297035217
919,919,train,17879,0.0777748897671699,0.8918178081512451,0.1759546399116516,0.7961462140083313,0.0754345655441284,0.8823012709617615,0.1049083620309829,0.8565307855606079,0.1069582030177116,0.8769058585166931,0.0483461841940879,0.8979932069778442,0.0793107151985168,0.884964644908905,0.0589382052421569,0.8930884003639221,0.0603739395737648,0.899137556552887,0.1612544506788253,0.8267672657966614,0.0494049787521362,0.8924924731254578,0.0782812088727951,0.8872848153114319
920,920,test,18480,0.0861135721206665,0.8137719631195068,0.181666299700737,0.7279084920883179,0.1314387619495391,0.8018686175346375,0.1170313507318496,0.7736143469810486,0.1263839155435562,0.7997685670852661,0.0630578845739364,0.8555065393447876,0.0999044701457023,0.8215236067771912,0.0819630101323127,0.8276894688606262,0.0773053169250488,0.8401387929916382,0.2493999153375625,0.6386037468910217,0.0661410465836525,0.8351485729217529,0.1054337322711944,0.8152132630348206
921,921,train,17116,0.0433740057051181,0.9353997707366944,0.1384307295083999,0.8284650444984436,0.0701320171356201,0.9160125851631165,0.0571164265275001,0.9085147380828856,0.0558273643255233,0.9237799048423768,0.0383461602032184,0.9453780651092528,0.0494604967534542,0.9370533227920532,0.0411918014287948,0.9426994323730468,0.0410732999444007,0.9421561360359192,0.1298182159662246,0.8428547382354736,0.0371775552630424,0.94341641664505,0.05817861109972,0.934387743473053
922,922,train,17427,0.9401099681854248,0.1236985623836517,0.6686214208602905,0.3639772236347198,0.9453031420707704,0.1085454300045967,0.84650719165802,0.2010921835899353,0.9286138415336608,0.145233616232872,0.7320340275764465,0.2677588760852813,0.9062400460243224,0.1507524847984314,0.9089202880859376,0.1396390348672866,0.9253692030906676,0.140358030796051,0.9267869591712952,0.1305117756128311,0.7541274428367615,0.2732822597026825,0.937400221824646,0.116883173584938
923,923,train,18382,0.6830757260322571,0.4622361361980438,0.6395771503448486,0.417106956243515,0.9064934849739076,0.1679774224758148,0.7056459784507751,0.3591004610061645,0.758891224861145,0.4023582637310028,0.1611197888851165,0.7929525971412659,0.3621869087219238,0.6991278529167175,0.3571853041648865,0.6992266774177551,0.4339139759540558,0.670920193195343,0.9131635427474976,0.166729986667633,0.14671191573143,0.8124740123748779,0.533504843711853,0.5863214731216431
924,924,test,17679,0.0394746363162994,0.9363178014755248,0.1008942127227783,0.8702911138534546,0.0559802539646625,0.9270713329315186,0.0575076080858707,0.9020748734474182,0.0523521974682807,0.9312705993652344,0.0333094224333763,0.9408839344978333,0.0476910211145877,0.9358185529708862,0.0363243333995342,0.9395226836204528,0.0363583602011203,0.9406803250312804,0.0830408856272697,0.9006285071372986,0.0335671789944171,0.9399667382240297,0.0488432645797729,0.9329774379730223
925,925,train,17009,0.1040850356221199,0.7973547577857971,0.5786086320877075,0.4448596537113189,0.2876614034175873,0.6231778860092163,0.2522543668746948,0.6304917335510254,0.2754732966423034,0.6492056846618652,0.0429681800305843,0.8714687824249268,0.0779279246926307,0.8441054224967957,0.0560462363064289,0.8606945276260376,0.0646500587463378,0.854250967502594,0.7514920234680176,0.2954718768596649,0.0439925342798233,0.8705913424491882,0.0987721681594848,0.8262206315994263
926,926,train,17719,0.9118268489837646,0.1662443876266479,0.6731070280075073,0.363700807094574,0.942333459854126,0.1154531389474868,0.8455156683921814,0.2070640325546264,0.9024264812469482,0.1784511506557464,0.5955474972724915,0.3824245631694793,0.8720569610595703,0.2020649462938308,0.8705003261566162,0.1880376935005188,0.8922849297523499,0.1852937042713165,0.9277550578117372,0.1304285824298858,0.5932126641273499,0.3986863195896148,0.9191969633102416,0.1385813653469085
927,927,train,18556,0.0728327184915542,0.8855599164962769,0.1324391365051269,0.7932895421981812,0.1101209670305252,0.8306876420974731,0.109577439725399,0.8405469655990601,0.1035690531134605,0.8711616396903992,0.0488268062472343,0.8958960771560669,0.0666552707552909,0.882865846157074,0.0542083010077476,0.8926819562911987,0.0575419813394546,0.896178662776947,0.1435449123382568,0.796089768409729,0.0499971248209476,0.8958412408828735,0.0743709504604339,0.8832458257675171
928,928,train,18124,0.8404560089111328,0.3003212511539459,0.6527231931686401,0.3948606550693512,0.9333327412605286,0.1390772014856338,0.7725993394851685,0.2914719581604004,0.8441559076309204,0.2945164442062378,0.2515804171562195,0.7052717804908752,0.5362416505813599,0.5710844397544861,0.5958952903747559,0.5093207359313965,0.6533597707748413,0.4950096607208252,0.919889271259308,0.1533876359462738,0.2137790769338607,0.7424231767654419,0.7737204432487488,0.3682569563388824
929,929,train,17741,0.3932549059391022,0.5678431391716003,0.667998731136322,0.3855901658535003,0.8458737730979919,0.2040371149778366,0.5687565803527832,0.4194021224975586,0.6301141381263733,0.396608293056488,0.0913059189915657,0.8050861358642578,0.1750482320785522,0.7513047456741333,0.1492843031883239,0.7563278675079346,0.1736506670713424,0.7320907115936279,0.8878904581069946,0.1764103472232818,0.085145965218544,0.8110241889953613,0.3216597735881805,0.627577006816864
930,930,test,18364,0.1573460400104522,0.819987952709198,0.5890324711799622,0.4629422426223755,0.6711165308952332,0.3860337734222412,0.2725508213043213,0.6802161335945129,0.3172762989997864,0.7008957862854004,0.0683402866125106,0.8855686187744141,0.1300227791070938,0.8467592000961304,0.1050383895635604,0.8530105352401733,0.1144031584262847,0.858491063117981,0.840079665184021,0.2559758126735687,0.0697930380702018,0.8845503926277161,0.1833865940570831,0.8049291968345642
931,931,train,18294,0.581575334072113,0.5072224140167236,0.5456915497779846,0.5191347002983093,0.8909785151481628,0.1879646182060241,0.5364211201667786,0.4949061572551727,0.6595742106437683,0.472393125295639,0.2531579136848449,0.6492415070533752,0.5322797894477844,0.4878818392753601,0.4920154809951782,0.4774868190288543,0.4987597167491913,0.5203977227210999,0.8581542372703552,0.2350576668977737,0.2317298650741577,0.6538870930671692,0.5964630842208862,0.434058129787445
932,932,train,17300,0.0520387887954711,0.8446485996246338,0.1255645602941513,0.7527782917022705,0.0672958195209503,0.8446450233459473,0.079114630818367,0.7847474217414856,0.0726598054170608,0.8211894035339355,0.0404762625694274,0.8730751276016235,0.0564051307737827,0.8528584837913513,0.0465357191860675,0.8598010540008545,0.0470275655388832,0.8609457612037659,0.1592015326023101,0.7044519782066345,0.0411260947585105,0.8644742369651794,0.0609923601150512,0.8484627604484558
933,933,train,18532,0.0278131645172834,0.9355142116546632,0.0557908378541469,0.8927210569381714,0.0432689823210239,0.9254679679870604,0.0376447811722755,0.9114540815353394,0.0341899432241916,0.9300928711891174,0.0245137810707092,0.9394344687461852,0.0359283164143562,0.9355505108833312,0.0265971925109624,0.9371552467346193,0.0263336673378944,0.9381080269813538,0.0541426092386245,0.9020678997039796,0.0251920577138662,0.9386830925941468,0.0362130813300609,0.9322172403335572
934,934,train,17278,0.127784326672554,0.7740813493728638,0.3702932596206665,0.5768877267837524,0.216348797082901,0.711774468421936,0.1912550330162048,0.7011004686355591,0.2048044800758361,0.7284044027328491,0.0752507969737052,0.8439233303070068,0.1247197836637497,0.8138411045074463,0.0922560021281242,0.8288496136665344,0.0975783094763755,0.819948673248291,0.5879729390144348,0.3889680504798889,0.0742754787206649,0.8403198719024658,0.1300921887159347,0.7895444631576538
935,935,train,17178,0.9006717205047607,0.1833643168210983,0.6660667061805725,0.3725060820579529,0.939325213432312,0.116218477487564,0.8253105878829956,0.2238267660140991,0.9081067442893982,0.1736277341842651,0.4484595954418182,0.5102505683898926,0.8210788369178772,0.2572825849056244,0.8140854239463806,0.2499328404664993,0.8469845652580261,0.2452028095722198,0.924698531627655,0.1381958872079849,0.481179267168045,0.5007730722427368,0.8796602487564087,0.1970293223857879
936,936,train,17166,0.0975880846381187,0.8158109784126282,0.2427589744329452,0.6795905232429504,0.1543726623058319,0.7752947211265564,0.1489133238792419,0.7559404373168945,0.1465868800878524,0.7830219268798828,0.0611282847821712,0.8548163175582886,0.0936573594808578,0.8377420902252197,0.0849878638982772,0.8341102004051208,0.078274056315422,0.8457522392272949,0.2911643981933594,0.6474381685256958,0.060026179999113,0.8550390601158142,0.1085208430886268,0.8087453842163086
937,937,train,17383,0.0378574840724468,0.9406529068946838,0.1230194568634033,0.8527988791465759,0.0562137253582477,0.9208788871765136,0.0622350387275218,0.907149374485016,0.0605310723185539,0.9258050918579102,0.0326835513114929,0.9381012320518494,0.0444664880633354,0.9375231266021729,0.0342784896492958,0.941161036491394,0.0350611768662929,0.9420055150985718,0.0985187590122222,0.8848333954811096,0.0335419103503227,0.9386774897575378,0.0463334545493125,0.9355818033218384
938,938,train,17131,0.58367520570755,0.5702823996543884,0.6232611536979675,0.427390456199646,0.9143511056900024,0.1647648811340332,0.6724873781204224,0.410288006067276,0.6901883482933044,0.4852342903614044,0.1151133105158805,0.8329300880432129,0.232596606016159,0.771282434463501,0.2683021128177643,0.7626805901527405,0.2903662621974945,0.7636550068855286,0.909834623336792,0.1617069840431213,0.1244664117693901,0.8303655982017517,0.3602953553199768,0.689996600151062
939,939,train,17376,0.938549816608429,0.1281424909830093,0.6738666296005249,0.3610071539878845,0.9427839517593384,0.1104585826396942,0.8524562120437622,0.1965223252773285,0.9252530932426452,0.1460342854261398,0.7311198115348816,0.2755977511405945,0.905944526195526,0.1504042297601699,0.911117136478424,0.1373567432165146,0.9269893765449524,0.1415892839431762,0.9278098344802856,0.1273111402988433,0.7443899512290955,0.2757114470005035,0.9360824227333068,0.1123856902122497
940,940,train,17784,0.1444940865039825,0.7991301417350769,0.2292414605617523,0.6954308152198792,0.1924368739128112,0.7547690272331238,0.1588019877672195,0.7509187459945679,0.2100620120763778,0.7655149102210999,0.076867789030075,0.8417240977287292,0.1457585543394088,0.8105080723762512,0.109288290143013,0.8229222893714905,0.1107148826122284,0.8263153433799744,0.4089193344116211,0.5595043897628784,0.0775021836161613,0.8401266932487488,0.1628065556287765,0.7899277210235596
941,941,train,17633,0.1678034514188766,0.8262677192687988,0.5014079213142395,0.531524658203125,0.3832695186138153,0.6758164167404175,0.2993437051773071,0.6762714982032776,0.310729444026947,0.7374932169914246,0.0612642131745815,0.8912152647972107,0.1172418966889381,0.8729039430618286,0.0891091451048851,0.8795000314712524,0.0966217294335365,0.881892740726471,0.63312828540802,0.4316658079624176,0.0605386421084404,0.8916410207748413,0.1567729264497757,0.8352596759796143
942,942,train,17521,0.893859326839447,0.1827617138624191,0.6657596826553345,0.3639019429683685,0.9366974234580994,0.1125624701380729,0.8200518488883972,0.2232195138931274,0.9003999829292297,0.1794175058603286,0.4643978178501129,0.432198703289032,0.8242530822753906,0.2163447439670562,0.8331804871559143,0.1935807317495346,0.8598851561546326,0.2056996822357177,0.9254562258720398,0.1318394839763641,0.4704607129096985,0.4422394335269928,0.8902554512023926,0.1594461351633072
943,943,train,17259,0.9403907656669616,0.1192181929945945,0.671328604221344,0.363938421010971,0.9463328123092652,0.1077492237091064,0.8449612259864807,0.2046595960855484,0.9288349151611328,0.1414088010787964,0.7252388000488281,0.2630902528762817,0.9046624898910522,0.1437556445598602,0.9135913848876952,0.128947839140892,0.9275018572807312,0.1300653517246246,0.9259851574897766,0.1329962015151977,0.7626325488090515,0.2562475204467773,0.9383507370948792,0.1144624054431915
944,944,train,18676,0.0603098832070827,0.9013660550117492,0.2148971259593963,0.7426906228065491,0.0793464109301567,0.8842085003852844,0.0809549763798713,0.8634890913963318,0.1034247353672981,0.860521137714386,0.0514176599681377,0.9101366996765136,0.0731997191905975,0.9021560549736024,0.0561695583164691,0.9132318496704102,0.0561151430010795,0.9120821952819824,0.1349384486675262,0.8183770775794983,0.051919013261795,0.910635769367218,0.0739687904715538,0.8989393711090088
945,945,train,18171,0.1997364461421966,0.7305039763450623,0.352464497089386,0.5945371985435486,0.5523019433021545,0.4517216384410858,0.2471872866153717,0.6595773696899414,0.3210358023643493,0.6540986895561218,0.0841954350471496,0.812664270401001,0.1496342420578003,0.7572956085205078,0.130392774939537,0.7650891542434692,0.1410261839628219,0.7692242860794067,0.5477213859558105,0.4390068650245666,0.0836566165089607,0.8055636286735535,0.1972470134496688,0.7085679769515991
946,946,train,17585,0.1485191434621811,0.8445878028869629,0.5609111785888672,0.5080797672271729,0.7577398419380188,0.3667609393596649,0.3314847946166992,0.663979172706604,0.3076133131980896,0.7483677268028259,0.0827186852693557,0.8882104158401489,0.1333497017621994,0.8590240478515625,0.0993081480264663,0.869516134262085,0.1103110685944557,0.8723409175872803,0.8521535396575928,0.2511671185493469,0.0821520984172821,0.8877354264259338,0.1530603617429733,0.8378313779830933
947,947,train,18295,0.7293115258216858,0.4286028146743774,0.5855439305305481,0.4829837679862976,0.918155074119568,0.1440045982599258,0.7334727644920349,0.3569283187389374,0.8063389658927917,0.3603486716747284,0.1239446252584457,0.8255968689918518,0.3223236501216888,0.7169605493545532,0.3091921806335449,0.7047787308692932,0.4254561364650726,0.657211184501648,0.9182043075561525,0.1538457870483398,0.1149761453270912,0.8350761532783508,0.7418064475059509,0.4023806452751159
948,948,train,17202,0.0758985728025436,0.8795292377471924,0.1725854575634002,0.7957087159156799,0.1001874357461929,0.8432725667953491,0.1113372296094894,0.8326518535614014,0.1056904718279838,0.8630477786064148,0.0484011471271514,0.8960322141647339,0.0687501728534698,0.8869688510894775,0.0621123425662517,0.8883499503135681,0.0579514764249324,0.8925064206123352,0.1667142212390899,0.7829557061195374,0.0512917786836624,0.8932009935379028,0.0721750855445861,0.8858327269554138
949,949,train,17092,0.4242419004440307,0.6592897772789001,0.5613208413124084,0.4997032284736633,0.8835847973823547,0.2068725228309631,0.4800830483436584,0.578620195388794,0.5211479067802429,0.6360548138618469,0.0921619236469268,0.847001850605011,0.2375346720218658,0.7703663110733032,0.2088727056980133,0.7854647636413574,0.2195934355258941,0.7815258502960205,0.87970370054245,0.2162186652421951,0.0941479951143264,0.8460686206817627,0.3505363464355469,0.703786313533783
950,950,train,18314,0.1306340545415878,0.806477963924408,0.2618319392204284,0.6882182955741882,0.1433605849742889,0.8005703687667847,0.1636343598365783,0.7580084204673767,0.1861164569854736,0.7749115228652954,0.0773394629359245,0.8535476922988892,0.1369117051362991,0.8264966607093811,0.1019940972328186,0.8363737463951111,0.1000263914465904,0.8316707015037537,0.321024090051651,0.641974151134491,0.0761958062648773,0.8398898243904114,0.1357283443212509,0.815307080745697
951,951,train,18244,0.3037417232990265,0.7091758847236633,0.547356367111206,0.4861966669559479,0.7840628027915955,0.319477915763855,0.4656549990177154,0.5442310571670532,0.4540027976036072,0.626094400882721,0.0702601298689842,0.8793269991874695,0.1599042117595672,0.840216338634491,0.1499173045158386,0.8382276296615601,0.152773916721344,0.8307706117630005,0.8880848288536072,0.1916005313396453,0.0702461823821067,0.8710522651672363,0.2335976958274841,0.7699329853057861
952,952,train,18273,0.1207788065075874,0.8252783417701721,0.4356988668441772,0.5765471458435059,0.1589475274085998,0.8112711906433105,0.1835519969463348,0.7527083158493042,0.2554391324520111,0.7165678143501282,0.0664131790399551,0.8798448443412781,0.0874777808785438,0.8698221445083618,0.0702238902449607,0.87856525182724,0.0733919739723205,0.8753308653831482,0.2054714113473892,0.7642666101455688,0.0677758753299713,0.8780011534690857,0.0902333483099937,0.8549726009368896
953,953,test,18660,0.0678442642092704,0.807704508304596,0.2309276908636093,0.6535400152206421,0.1243129521608352,0.7504604458808899,0.1106515973806381,0.7487577199935913,0.1163955926895141,0.7538608908653259,0.0547551997005939,0.8310520052909851,0.0827303603291511,0.8041415214538574,0.0576171539723873,0.8232470750808716,0.0584823340177536,0.8212307691574097,0.2083825916051864,0.6604476571083069,0.0541317202150821,0.829098105430603,0.0787516683340072,0.8046958446502686
954,954,train,17191,0.047058030962944,0.9152761101722716,0.1269338279962539,0.8290572166442871,0.0653948932886123,0.8986419439315796,0.0695268139243125,0.8768495917320251,0.0584779903292655,0.9066718816757202,0.0344764627516269,0.9178867936134338,0.0483751967549324,0.9129536747932434,0.0412585362792015,0.9142900109291076,0.040682103484869,0.9168480634689332,0.0945301800966262,0.8651626706123352,0.0366428792476654,0.9142575263977052,0.0533444955945014,0.9109640717506408
955,955,train,17192,0.9317644238471984,0.1552426964044571,0.6680124998092651,0.3657854199409485,0.9445567727088928,0.1116582602262497,0.8374953269958496,0.2170046269893646,0.9240488409996032,0.1685608327388763,0.5697770714759827,0.4212635159492492,0.8768364191055298,0.2226551175117492,0.8869231939315796,0.2080801427364349,0.9024742245674132,0.2055783122777938,0.9260885119438172,0.13498255610466,0.5709187388420105,0.4607407450675964,0.925007164478302,0.1586062163114547
956,956,train,18252,0.1806090772151947,0.8257766962051392,0.2773720622062683,0.6944968700408936,0.4806825220584869,0.5159934759140015,0.2056100964546203,0.7440226078033447,0.2573842108249664,0.7670734524726868,0.0804126039147377,0.8921007513999939,0.1473085582256317,0.8444229364395142,0.1311349868774414,0.856726884841919,0.1178869381546974,0.8754449486732483,0.667012095451355,0.3798845112323761,0.074732482433319,0.8880614638328552,0.1821723580360412,0.8287205696105957
957,957,train,17433,0.2476933002471923,0.6855577826499939,0.6345984935760498,0.4075453877449035,0.792158842086792,0.2806774377822876,0.531855046749115,0.4386987090110779,0.542647123336792,0.4878303706645965,0.0722813010215759,0.8395197987556458,0.1421948820352554,0.7913330793380737,0.107202373445034,0.7992132902145386,0.1258751004934311,0.7910089492797852,0.8749778866767883,0.1944398134946823,0.0711758956313133,0.8423960208892822,0.1972663104534149,0.7317115664482117
958,958,test,18462,0.153714507818222,0.8347185850143433,0.2723457515239715,0.7249345183372498,0.3262324035167694,0.7062041759490967,0.1979272812604904,0.7714194655418396,0.2169089466333389,0.8010973334312439,0.0716231986880302,0.8895671963691711,0.1304437518119812,0.8665966391563416,0.1162110567092895,0.8741243481636047,0.1096862629055976,0.8720148801803589,0.4545821845531463,0.6140077710151672,0.0813862904906272,0.8858863115310669,0.1521089971065521,0.8440375924110413
959,959,train,18358,0.9097204804420472,0.1435161232948303,0.7011228203773499,0.3479498028755188,0.9387970566749572,0.1199647784233093,0.8458471298217773,0.2072367668151855,0.922889232635498,0.1434770226478576,0.5426226854324341,0.3308337926864624,0.7768901586532593,0.217387169599533,0.8075671195983887,0.1996306031942367,0.840278685092926,0.1926869750022888,0.9160439372062684,0.1534165292978286,0.5728886723518372,0.3352329432964325,0.8899821043014526,0.1366683095693588
960,960,train,17304,0.1006646752357482,0.8505227565765381,0.1744884401559829,0.7812188863754272,0.1239930093288421,0.8159776926040649,0.1265027821063995,0.8137277364730835,0.1277053952217102,0.8241915106773376,0.0820689350366592,0.8645066618919373,0.103902630507946,0.842230498790741,0.0921182036399841,0.8518970608711243,0.0884439572691917,0.8622903227806091,0.1784128993749618,0.7751226425170898,0.0828499421477317,0.8568155169487,0.1022025793790817,0.8528929352760315
961,961,train,17135,0.1971983015537262,0.7154051661491394,0.3192514777183532,0.6348697543144226,0.3746598958969116,0.5945468544960022,0.221809983253479,0.6913014650344849,0.2521968483924866,0.7042999863624573,0.1234910115599632,0.7621793746948242,0.2091265320777893,0.6922704577445984,0.1631307154893875,0.7132376432418823,0.1723372787237167,0.7190741896629333,0.5124627947807312,0.480341225862503,0.128753662109375,0.7456792593002319,0.2236295640468597,0.6676391363143921
962,962,test,18275,0.3127189576625824,0.6609209179878235,0.5153973698616028,0.5222386717796326,0.7540941834449768,0.3120698034763336,0.4782164990901947,0.5422028303146362,0.5016579627990723,0.5728029608726501,0.0978328064084053,0.8076179623603821,0.1822917908430099,0.764227569103241,0.1482566744089126,0.7779518961906433,0.1695748418569564,0.7620539665222168,0.8718346953392029,0.2111650556325912,0.0923385545611381,0.8171060085296631,0.2814206182956695,0.6776142716407776
963,963,train,17791,0.2470637857913971,0.6887868046760559,0.5444453358650208,0.4784224331378937,0.7035556435585022,0.362212210893631,0.4388069212436676,0.5067256689071655,0.4243136644363403,0.5858097672462463,0.0939266309142112,0.828179657459259,0.1624975204467773,0.7685442566871643,0.1276515573263168,0.7875421047210693,0.1416319906711578,0.7882910370826721,0.8561192154884338,0.2111543416976928,0.0908283740282058,0.8267180323600769,0.1943970620632171,0.7364464998245239
964,964,train,17358,0.5562344789505005,0.5101262927055359,0.586652934551239,0.4657331109046936,0.8676339983940125,0.2122729569673538,0.5263931155204773,0.4715777039527893,0.6151922941207886,0.4569231271743774,0.1183284670114517,0.7505629658699036,0.2506829500198364,0.6899150013923645,0.2379467189311981,0.687837541103363,0.2777031064033508,0.6790941953659058,0.894559919834137,0.1733226925134658,0.116800956428051,0.7483556270599365,0.4380623400211334,0.5523649454116821
965,965,train,17815,0.1179132387042045,0.7884823679924011,0.2557537853717804,0.7468906044960022,0.2469395101070404,0.7406179904937744,0.149292916059494,0.7920247316360474,0.1793287992477417,0.7769449949264526,0.0954975187778472,0.8188023567199707,0.1397923082113266,0.7756675481796265,0.1127410382032394,0.7864258289337158,0.1116227433085441,0.7984922528266907,0.3420786261558532,0.6514660120010376,0.098224438726902,0.804425835609436,0.1470902562141418,0.769773542881012
966,966,test,18106,0.1090970560908317,0.8147758841514587,0.3211450278759002,0.6396740078926086,0.088194839656353,0.8556056618690491,0.1493643820285797,0.7680776715278625,0.1964725404977798,0.7320634722709656,0.0659566819667816,0.8619217872619629,0.0907835513353347,0.8458793759346008,0.0785654857754707,0.8436979055404663,0.0832176730036735,0.8401278853416443,0.2210407555103302,0.7375141382217407,0.0681591629981994,0.8481451272964478,0.0952290371060371,0.8287186026573181
967,967,train,18565,0.7154698371887207,0.3932273089885711,0.6563767790794373,0.4043632447719574,0.9232236742973328,0.1549694538116455,0.7089895009994507,0.3581124246120453,0.8081521391868591,0.3261190950870514,0.1932352483272552,0.7106871008872986,0.4382871687412262,0.584568440914154,0.4915418624877929,0.5327365398406982,0.5050522089004517,0.5456907153129578,0.9130911827087402,0.1648955643177032,0.1850452274084091,0.7269267439842224,0.6657008528709412,0.4248417019844055
968,968,train,17514,0.2015216946601867,0.740980863571167,0.5990615487098694,0.4663947820663452,0.4772965908050537,0.5542519092559814,0.3341256082057953,0.6393810510635376,0.3487048745155334,0.6327077746391296,0.08958251029253,0.855709433555603,0.153778925538063,0.8034467101097107,0.1312373280525207,0.8144490122795105,0.1288508772850036,0.8196517825126648,0.8477279543876648,0.2394462078809738,0.0841170996427536,0.8539031744003296,0.2229580581188202,0.7330224514007568
969,969,train,18250,0.3698480427265167,0.5983952879905701,0.5595909357070923,0.4436362683773041,0.719414234161377,0.283025324344635,0.413918673992157,0.5033776760101318,0.4946309328079223,0.510935366153717,0.1386040896177292,0.7610741257667542,0.2686299681663513,0.6729927062988281,0.244523748755455,0.7123517394065857,0.2318925708532333,0.7100192904472351,0.8420544862747192,0.2176417112350464,0.1474395096302032,0.7623681426048279,0.336898535490036,0.6404733657836914
970,970,train,16958,0.1691080778837204,0.6830300092697144,0.405025452375412,0.5344327092170715,0.3596622347831726,0.5885637402534485,0.2165595144033432,0.6466619968414307,0.2819748222827911,0.6192097067832947,0.1402914226055145,0.7522730231285095,0.1837253272533416,0.724057137966156,0.1441817879676818,0.7311058044433594,0.1476647704839706,0.7210362553596497,0.3652906119823456,0.5517524480819702,0.1412188708782196,0.7379584908485413,0.1809768080711364,0.7048543095588684
971,971,train,18636,0.0600236132740974,0.880579948425293,0.3540396094322204,0.6118499040603638,0.1429453194141388,0.8330094218254089,0.1026950851082801,0.8099619150161743,0.1242809742689132,0.811812162399292,0.0394988879561424,0.9114837050437928,0.0544876866042614,0.9050083160400392,0.043966818600893,0.9113730192184448,0.0454844795167446,0.909067451953888,0.1807043403387069,0.7555521726608276,0.0402304865419864,0.9094387888908386,0.0632842928171157,0.887841522693634
972,972,test,17356,0.4491225183010101,0.6010966300964355,0.6621524691581726,0.3942249715328216,0.9018455147743224,0.1813158839941024,0.6555242538452148,0.397433340549469,0.6966676712036133,0.4268512427806854,0.110633909702301,0.8254906535148621,0.2134385555982589,0.7665808796882629,0.2048763036727905,0.7644438743591309,0.2194260954856872,0.7620869874954224,0.9017165899276732,0.1713633984327316,0.1030929088592529,0.833543062210083,0.3629845678806305,0.6406909227371216
973,973,train,18019,0.7925163507461548,0.3035416603088379,0.6511724591255188,0.4001495242118835,0.9049636721611024,0.1290984451770782,0.7508891224861145,0.2758660018444061,0.8149628043174744,0.2681415379047394,0.1512355059385299,0.7386958599090576,0.3991730213165283,0.61424320936203,0.368732750415802,0.574232280254364,0.5526577234268188,0.5000044703483582,0.9188527464866638,0.1409677863121032,0.1354375779628753,0.7420569658279419,0.725975513458252,0.3533374071121216
974,974,train,18143,0.0440815202891826,0.9187265038490297,0.1195894926786422,0.8266616463661194,0.0811251103878021,0.8839971423149109,0.0640721246600151,0.8822921514511108,0.0684710964560508,0.9030210971832277,0.0352078154683113,0.9255284070968628,0.048669297248125,0.9261223673820496,0.0398385748267173,0.9251751899719238,0.0387911163270473,0.9266190528869628,0.1332679837942123,0.8195881843566895,0.0373828709125518,0.9257431626319884,0.0508420094847679,0.9194939732551576
975,975,train,18239,0.1595853716135025,0.7798985838890076,0.5335827469825745,0.5360311269760132,0.3209286034107208,0.6675969958305359,0.2627838253974914,0.6906556487083435,0.3171380460262298,0.6859240531921387,0.0771776810288429,0.8601888418197632,0.1285285949707031,0.8309870958328247,0.092300035059452,0.844283401966095,0.1062833070755004,0.8337644934654236,0.5127587914466858,0.5365759134292603,0.074970968067646,0.8564431667327881,0.1532749980688095,0.7977844476699829
976,976,train,17899,0.0933538228273391,0.8774285912513733,0.2100277245044708,0.7405683994293213,0.1727198362350464,0.7827231287956238,0.1349489837884903,0.8033337593078613,0.143071636557579,0.8450464606285095,0.0682310461997985,0.8951030969619751,0.11922238022089,0.8821675777435303,0.0975185334682464,0.8852673172950745,0.0832947492599487,0.8961344361305237,0.3068725168704986,0.6645957231521606,0.0726002901792526,0.8877806067466736,0.1138936504721641,0.8824350237846375
977,977,train,17625,0.8960663080215454,0.1750547736883163,0.6659578084945679,0.373590886592865,0.9401113390922546,0.1156366690993309,0.8124977946281433,0.2293122708797454,0.9075825810432434,0.169713020324707,0.3949339985847473,0.5064020752906799,0.7302296757698059,0.3193137645721435,0.756844699382782,0.2869015336036682,0.799633800983429,0.2742298245429992,0.9210501313209534,0.1404211372137069,0.3439346253871918,0.5535547137260437,0.8765729665756226,0.1884646117687225
978,978,train,17597,0.1528748720884323,0.7761058211326599,0.6204642653465271,0.4358173906803131,0.7763394117355347,0.320800244808197,0.3228287994861603,0.621333658695221,0.3474514484405517,0.6252234578132629,0.0583766177296638,0.8663801550865173,0.0998246520757675,0.827852189540863,0.0773487165570259,0.8461233377456665,0.086521953344345,0.8437626361846924,0.8021166324615479,0.2684789299964905,0.0584661699831485,0.8688264489173889,0.1595380306243896,0.7771257162094116
979,979,train,17163,0.2557377815246582,0.7135051488876343,0.6076881289482117,0.4474908411502838,0.8162438869476318,0.2866873145103454,0.4170391857624054,0.5752053260803223,0.4631972014904022,0.5625637769699097,0.0872326865792274,0.8462079763412476,0.1736549586057663,0.8031109571456909,0.1485048234462738,0.813084065914154,0.1609506160020828,0.8013278245925903,0.8447579741477966,0.2466790676116943,0.0919172540307045,0.8507987260818481,0.2299074679613113,0.7234737873077393
980,980,train,17148,0.0873254165053367,0.8147369027137756,0.2291620224714279,0.6805121898651123,0.1482546478509903,0.7635051608085632,0.1282838582992553,0.7620455622673035,0.1265957057476043,0.7877822518348694,0.0537759587168693,0.8669086694717407,0.0800574719905853,0.839222252368927,0.0645932182669639,0.8486328721046448,0.0686150342226028,0.8478196263313293,0.3477339744567871,0.5771890878677368,0.0543342195451259,0.8617204427719116,0.0909650027751922,0.8267549872398376
981,981,test,18583,0.067843422293663,0.904285967350006,0.144830584526062,0.8439943194389343,0.1806883215904235,0.8308559060096741,0.0902889445424079,0.8737838268280029,0.0935277938842773,0.9016059041023254,0.0497402511537075,0.9224691390991212,0.0807052701711654,0.9012532234191896,0.0606209710240364,0.910761296749115,0.0592358373105526,0.9134705066680908,0.1980188637971878,0.797071099281311,0.0492368228733539,0.9173686504364014,0.0871943533420562,0.8920109272003174
982,982,train,18745,0.8520428538322449,0.3116346299648285,0.6590472459793091,0.394897997379303,0.9327293634414672,0.1345634460449218,0.7882400155067444,0.3002584874629974,0.878376841545105,0.2724229097366333,0.2697691619396209,0.6799076795578003,0.6112270951271057,0.5034213066101074,0.6520906090736389,0.4642917513847351,0.6600867509841919,0.4832541644573211,0.9155471920967102,0.1623942255973816,0.2529273927211761,0.7082056403160095,0.8025556802749634,0.3569128811359405
983,983,train,17706,0.8431271314620972,0.2720745503902435,0.6622534394264221,0.3953020274639129,0.929399073123932,0.1539760082960128,0.7873675227165222,0.2903404533863067,0.8640648722648621,0.2619726061820984,0.2378179877996444,0.6565282344818115,0.5863988399505615,0.4695496559143066,0.5921355485916138,0.4423778653144836,0.7212395071983337,0.3720369040966034,0.9153642654418944,0.1674200296401977,0.2279507666826248,0.6686966419219971,0.8190908432006836,0.2675777673721313
984,984,train,18188,0.1978060156106948,0.6937479376792908,0.6259792447090149,0.4024573266506195,0.8568293452262878,0.2078820317983627,0.3970963656902313,0.5215966105461121,0.4150505065917969,0.5235974192619324,0.0764913856983184,0.82809978723526,0.1460830718278885,0.7736173272132874,0.1128889694809913,0.7893540263175964,0.1206151917576789,0.7789039611816406,0.8797649145126343,0.1861289143562317,0.0729616209864616,0.8283506631851196,0.2081367373466491,0.6895915269851685
985,985,train,17972,0.1651162952184677,0.7824620604515076,0.485975056886673,0.529894232749939,0.4606686234474182,0.5301319360733032,0.3079956471920013,0.6480416059494019,0.3300175666809082,0.6802771091461182,0.0584263317286968,0.8666600584983826,0.11813685297966,0.8434082269668579,0.0918596759438514,0.845740556716919,0.0940698161721229,0.8423832058906555,0.7796724438667297,0.3043234944343567,0.0633340179920196,0.8622825741767883,0.1722194403409958,0.7827469110488892
986,986,train,18668,0.0805782154202461,0.8875847458839417,0.3537815809249878,0.6854208707809448,0.0792893767356872,0.8967482447624207,0.1312999874353408,0.8280105590820312,0.1410462856292724,0.8494203686714172,0.0427522584795951,0.9235436320304872,0.0699657723307609,0.9071304202079772,0.0571679063141346,0.9149246215820312,0.0625096634030342,0.9147099256515504,0.2549671828746795,0.7540825009346008,0.0422629415988922,0.9228166341781616,0.0895484015345573,0.8916258811950684
987,987,train,17853,0.225233182311058,0.7614426612854004,0.457624077796936,0.5939595699310303,0.6987168192863464,0.363323301076889,0.2540358901023865,0.6841825246810913,0.3244189918041229,0.7038039565086365,0.0653453096747398,0.8664155602455139,0.1453115940093994,0.8143965005874634,0.1088650450110435,0.8290868401527405,0.12188521027565,0.8298355340957642,0.8004425764083862,0.2854727506637573,0.0674499720335006,0.8583825826644897,0.1781206130981445,0.7743613123893738
988,988,train,17190,0.1224511638283729,0.8163734078407288,0.4835226833820343,0.5531842112541199,0.2992807924747467,0.6961822509765625,0.2383896112442016,0.7090039253234863,0.287077397108078,0.7051815390586853,0.0583759993314743,0.8979489803314209,0.0941386818885803,0.8685052990913391,0.0655248761177063,0.8781614899635315,0.0755636021494865,0.8693353533744812,0.5858396887779236,0.4787693619728088,0.0550553984940052,0.889237642288208,0.1227143704891204,0.8329612612724304
989,989,train,17865,0.0564030483365058,0.897879421710968,0.1430193483829498,0.8059398531913757,0.1167944073677063,0.8340586423873901,0.095248557627201,0.8431261777877808,0.089356891810894,0.8697356581687927,0.0455366149544715,0.9102757573127748,0.0672350004315376,0.8963492512702942,0.0516992099583148,0.9107882976531982,0.0546475909650325,0.9096575379371644,0.1733730137348175,0.7803214192390442,0.0443628430366516,0.9122968912124634,0.0746046602725982,0.8919172286987305
990,990,train,17327,0.1274403184652328,0.7901660799980164,0.2854406237602234,0.6391721367835999,0.2063783705234527,0.6744748950004578,0.1767510175704956,0.7413840293884277,0.1684039235115051,0.7585098743438721,0.0650474950671196,0.8244742751121521,0.1018824130296707,0.7921515703201294,0.0839439630508422,0.8020820617675781,0.0938854068517685,0.8026093244552612,0.3863852620124817,0.5866376161575317,0.0673262923955917,0.8221175670623779,0.124359406530857,0.768887996673584
991,991,train,18082,0.2103674262762069,0.7660201191902161,0.5768427848815918,0.4751888811588287,0.5081956386566162,0.5583204030990601,0.3368771076202392,0.6573185324668884,0.3810583353042602,0.6658922433853149,0.09418735653162,0.8512915968894958,0.1546442210674286,0.8202933669090271,0.1211403980851173,0.8374937772750854,0.1420606672763824,0.8267599940299988,0.6907145380973816,0.4145766198635101,0.0905951559543609,0.8566216230392456,0.2059928625822067,0.7881202101707458
992,992,train,17048,0.0816447287797927,0.8546348810195923,0.4391230344772339,0.5643743276596069,0.0675040706992149,0.8948656320571899,0.1285532712936401,0.7906456589698792,0.1772101074457168,0.7514429092407227,0.045687835663557,0.8980125188827515,0.0608679167926311,0.8854780197143555,0.0499330796301364,0.8908872604370117,0.0528974756598472,0.8913944363594055,0.1705413907766342,0.7659719586372375,0.0466297306120395,0.8943049311637878,0.0663975551724433,0.8682126402854919
993,993,train,18595,0.0752407908439636,0.906799852848053,0.1579356491565704,0.8335012793540955,0.1051543056964874,0.8974699974060059,0.1007838174700737,0.8685885071754456,0.1115014851093292,0.8970725536346436,0.0569233112037181,0.9245469570159912,0.0888349264860153,0.9155950546264648,0.0715695545077323,0.923133373260498,0.0608243346214294,0.9234927296638488,0.1699096411466598,0.831245481967926,0.0589106045663356,0.9214268922805786,0.0895974859595298,0.9054532647132874
994,994,train,17628,0.5382558703422546,0.6138797402381897,0.55715411901474,0.5007274150848389,0.870142936706543,0.2349766194820404,0.5593253970146179,0.5176549553871155,0.6586776971817017,0.522187352180481,0.1177724823355674,0.8284507989883423,0.2460112869739532,0.7597358226776123,0.2531447112560272,0.7545621991157532,0.2772720158100128,0.7495813965797424,0.8764392733573914,0.21155646443367,0.1144724637269973,0.8398056030273438,0.4017760753631592,0.6696763038635254
995,995,train,18181,0.8243417739868164,0.2475718557834625,0.6716313362121582,0.3669328391551971,0.934731423854828,0.1208573877811431,0.8041966557502747,0.2412390410900116,0.8875072002410889,0.1910581141710281,0.1972852945327758,0.6865004897117615,0.4236997663974762,0.5475889444351196,0.4712836146354675,0.5117163062095642,0.5319099426269531,0.4992350041866302,0.9181514382362366,0.1453935503959655,0.1782746165990829,0.719650149345398,0.703312873840332,0.3487037718296051
996,996,train,17714,0.408058613538742,0.5941662788391113,0.5943346619606018,0.473149836063385,0.7353198528289795,0.3401536047458648,0.5137678980827332,0.48169806599617,0.5633286237716675,0.5286696553230286,0.0836208462715148,0.7975924015045166,0.1746402531862259,0.743537425994873,0.1652852147817611,0.7454571723937988,0.1742153614759445,0.7266520857810974,0.8799156546592712,0.2165503948926925,0.0793097391724586,0.8015902042388916,0.2497089356184005,0.6832659244537354
997,997,train,17497,0.2753407061100006,0.6798893213272095,0.5977387428283691,0.4260595440864563,0.7752495408058167,0.3118531107902527,0.4480102658271789,0.500399112701416,0.4480825066566467,0.5846882462501526,0.1012076288461685,0.8293716311454773,0.1858865320682525,0.7770845293998718,0.1601333171129226,0.7829374670982361,0.1747000217437744,0.7854750752449036,0.7985744476318359,0.2668696641921997,0.0999591872096061,0.833575427532196,0.2452909797430038,0.7192239761352539
998,998,train,17836,0.1026163175702095,0.8252928256988525,0.2489621043205261,0.7223947048187256,0.2537662982940674,0.6662531495094299,0.1143140569329261,0.7813345789909363,0.1471616476774215,0.8017983436584473,0.0704075619578361,0.8462262749671936,0.1201086640357971,0.7925292253494263,0.0889197215437889,0.8176366090774536,0.0921991914510726,0.8261282444000244,0.4103213846683502,0.5558484792709351,0.07046689838171,0.8327033519744873,0.1210530996322631,0.7880135774612427
999,999,train,17924,0.0648450180888176,0.909687340259552,0.4853247404098511,0.5756682753562927,0.0998000130057334,0.8965402841567993,0.1363592743873596,0.8368914127349854,0.1562310606241226,0.8500280380249023,0.0443005375564098,0.9260151982307434,0.0693139359354972,0.9164187908172609,0.0505652986466884,0.9228194952011108,0.0536254793405532,0.9210556149482728,0.3038462102413177,0.7463823556900024,0.0451158583164215,0.9251052141189576,0.0766421183943748,0.9052900671958924
1000,1000,train,18491,0.112644225358963,0.8651261925697327,0.2844361066818237,0.7248101830482483,0.198532223701477,0.7642151117324829,0.1452347636222839,0.8022990822792053,0.1810195297002792,0.8235247731208801,0.0553013458847999,0.9097434878349304,0.1056851595640182,0.8799972534179688,0.0838084444403648,0.8865960836410522,0.0852538719773292,0.8895421028137207,0.5310466289520264,0.505500853061676,0.0546951554715633,0.9046566486358644,0.1153941452503204,0.864305853843689
1001,1001,train,17252,0.6605076789855957,0.3255646526813507,0.6209678053855896,0.4149014055728912,0.8985403180122375,0.1442087441682815,0.6244604587554932,0.3499623835086822,0.7248905897140503,0.3105286657810211,0.231666550040245,0.594948410987854,0.4571738541126251,0.4409465193748474,0.4295709431171417,0.4374634325504303,0.4570683240890503,0.4482933282852173,0.882268488407135,0.1915367990732193,0.2356078475713729,0.5834916234016418,0.6057883501052856,0.3379365503787994
1002,1002,train,18689,0.4874655306339264,0.4760627150535583,0.5053225755691528,0.5203354954719543,0.8170613646507263,0.2392091602087021,0.4703585803508758,0.4862965047359466,0.5963264107704163,0.422300785779953,0.1873237788677215,0.6411911249160767,0.4025771617889404,0.4795889258384704,0.3735140562057495,0.4822568893432617,0.3638848960399627,0.527245044708252,0.7919097542762756,0.2546440362930298,0.1780488789081573,0.6505903601646423,0.4901995360851288,0.422363668680191
1003,1003,train,18329,0.1458547264337539,0.8065595626831055,0.4496682584285736,0.5530490279197693,0.3986228108406067,0.5851600170135498,0.2394913733005523,0.6841462850570679,0.2747814655303955,0.7313807606697083,0.0611989945173263,0.8813340663909912,0.1199915334582328,0.8600451946258545,0.0893901884555816,0.8549755215644836,0.0902718678116798,0.8580858111381531,0.8223711252212524,0.2510507106781006,0.0579623356461524,0.8718498349189758,0.1357841044664383,0.8185549378395081
1004,1004,train,18680,0.6188853979110718,0.4034806489944458,0.6556391716003418,0.3904677629470825,0.9091041684150696,0.1677242666482925,0.6744716167449951,0.3629831671714782,0.7897488474845886,0.2944623529911041,0.1711572855710983,0.7088196277618408,0.3374766707420349,0.6169006824493408,0.2995942533016205,0.6171143651008606,0.3365300595760345,0.5988268256187439,0.8871711492538452,0.1953003406524658,0.1748265326023101,0.7122047543525696,0.5038842558860779,0.4782197773456573
1005,1005,test,18195,0.2533952891826629,0.763489842414856,0.6104241013526917,0.4409392476081848,0.8106545805931091,0.3014217913150787,0.4185088574886322,0.6119846105575562,0.4690615236759186,0.6235067248344421,0.0859446823596954,0.8854023218154907,0.165883719921112,0.8481559753417969,0.1358087509870529,0.854636549949646,0.1437661796808242,0.8542963862419128,0.8518631458282471,0.2339856475591659,0.0855704918503761,0.8874760270118713,0.2024624645709991,0.8099269866943359
1006,1006,train,18521,0.9336825013160706,0.1517655998468399,0.6698254942893982,0.3758695125579834,0.9431228637695312,0.1120443493127822,0.8397660851478577,0.2245564460754394,0.9231529831886292,0.1708903461694717,0.6011577844619751,0.3897167146205902,0.8700463771820068,0.2088034003973007,0.8883556127548218,0.1874713897705078,0.9054436087608336,0.190114751458168,0.9268741607666016,0.1377471089363098,0.5941910147666931,0.4124999046325683,0.9220677018165588,0.1551709622144699
1007,1007,train,17727,0.1706070899963379,0.7375388741493225,0.3817194104194641,0.5671498775482178,0.2124965488910675,0.7482654452323914,0.2562742531299591,0.6621254682540894,0.3084853887557983,0.6306983828544617,0.0801142379641532,0.8337066769599915,0.1101211011409759,0.8200218677520752,0.0899707600474357,0.8260626792907715,0.1016564667224884,0.8066954612731934,0.2640589773654938,0.6602029204368591,0.0879953354597091,0.823114275932312,0.1168032586574554,0.7767396569252014
1008,1008,train,17038,0.1473478227853775,0.7272981405258179,0.4839101135730743,0.5054444670677185,0.5799883008003235,0.3973004519939422,0.2763319313526153,0.6383274793624878,0.2736709117889404,0.645004153251648,0.0761339738965034,0.802763044834137,0.1391014158725738,0.7626018524169922,0.1022488996386528,0.7809593081474304,0.1074997931718826,0.7749946713447571,0.7872481942176819,0.2545633912086487,0.0764375999569892,0.8041549921035767,0.1701941937208175,0.7183288335800171
1009,1009,train,18691,0.122934304177761,0.8057838678359985,0.3895550668239593,0.6183082461357117,0.1153988465666771,0.8125224113464355,0.185291588306427,0.7223756909370422,0.2365482151508331,0.7347877025604248,0.0563685745000839,0.8862969279289246,0.106294646859169,0.86026930809021,0.0794252306222915,0.8690637946128845,0.0840040445327758,0.8682630658149719,0.4465309977531433,0.5248852372169495,0.0554506964981555,0.8805598616600037,0.1284410804510116,0.8309019207954407
1010,1010,train,17937,0.1614749282598495,0.816678524017334,0.49126136302948,0.5636098384857178,0.3814019858837127,0.5610485076904297,0.2528652250766754,0.718842089176178,0.2882711589336395,0.750336229801178,0.0589111186563968,0.8941752910614014,0.1206140145659446,0.8615362644195557,0.1106325164437294,0.8620920181274414,0.1129119023680687,0.869175910949707,0.7818009257316589,0.3317212760448456,0.0598743893206119,0.8897395133972168,0.1823219805955886,0.8178274035453796
1011,1011,test,18220,0.8334982395172119,0.2895728349685669,0.6531381011009216,0.3864857852458954,0.9191511273384094,0.1505319625139236,0.7826108932495117,0.2775377333164215,0.8577014207839966,0.256727933883667,0.2558294534683227,0.6754053831100464,0.5566361546516418,0.5120247006416321,0.5771039128303528,0.4660382270812988,0.6702855825424194,0.4243504106998443,0.9068394899368286,0.167942926287651,0.2209548205137252,0.6974954009056091,0.7755607962608337,0.3132072687149048
1012,1012,train,17988,0.2964601218700409,0.6756625771522522,0.6115081906318665,0.4596743285655975,0.8162146210670471,0.2886399030685425,0.433436244726181,0.5668672323226929,0.5339065790176392,0.541964590549469,0.1002767607569694,0.8101434111595154,0.2075463235378265,0.7546170353889465,0.1394152045249939,0.7837652564048767,0.1723008751869201,0.7651296854019165,0.8237792253494263,0.2831852734088897,0.1041724681854248,0.8124844431877136,0.2592082619667053,0.6857584714889526
1013,1013,train,17738,0.9315909147262572,0.1392846852540969,0.6734799742698669,0.3626439273357391,0.9428160786628724,0.1112124547362327,0.8508500456809998,0.1990841031074524,0.917518675327301,0.1579042673110962,0.715869128704071,0.2954929172992706,0.9005406498908997,0.1610989272594452,0.9008942246437072,0.1497049480676651,0.918605387210846,0.1541223526000976,0.928914487361908,0.128509446978569,0.7349168062210083,0.287844568490982,0.9304776787757874,0.1236336454749107
1014,1014,train,17858,0.169202834367752,0.7963789701461792,0.5180776715278625,0.518562376499176,0.6832252740859985,0.4195568561553955,0.3209030032157898,0.6611593961715698,0.3243975639343261,0.7091034054756165,0.0808473005890846,0.8571937680244446,0.127071350812912,0.8296516537666321,0.105396568775177,0.8389225602149963,0.1100449338555336,0.8366987705230713,0.8319520354270935,0.2414004802703857,0.0767364203929901,0.8546834588050842,0.1649337410926818,0.799970269203186
1015,1015,train,18026,0.067829243838787,0.9047842621803284,0.3014373779296875,0.7122319340705872,0.0996688604354858,0.8740651607513428,0.11592548340559,0.8400626182556152,0.110519140958786,0.8748722076416016,0.0491238385438919,0.9245338439941406,0.0745346769690513,0.9119128584861756,0.0518235974013805,0.920850396156311,0.0534019321203231,0.9223842620849608,0.2111410796642303,0.7837274670600891,0.0495776534080505,0.9191226363182068,0.0755976140499115,0.907227635383606
1016,1016,train,16984,0.0607787892222404,0.8902810215950012,0.3734976649284363,0.6362882256507874,0.0997055768966674,0.8742051720619202,0.1254031956195831,0.8095396757125854,0.1101577430963516,0.848606288433075,0.0371984131634235,0.9252353310585022,0.0527875013649463,0.9135854244232178,0.0420999191701412,0.919575333595276,0.0445401966571807,0.9167088270187378,0.1846352219581604,0.7579069137573242,0.0391575135290622,0.9223080277442932,0.0603025592863559,0.9027664661407472
1017,1017,train,17078,0.0659829750657081,0.8745437860488892,0.2215757966041565,0.7295392155647278,0.1162973493337631,0.8234917521476746,0.0918492525815963,0.8081879615783691,0.1058064475655555,0.8269218802452087,0.0353180654346942,0.8933067917823792,0.0631943941116333,0.8699077367782593,0.0495529063045978,0.8816991448402405,0.0485017225146293,0.8920747637748718,0.2030764669179916,0.7574006915092468,0.0360662676393985,0.8882625699043274,0.0665509849786758,0.8669834733009338
1018,1018,train,18635,0.0708721950650215,0.8940338492393494,0.302605390548706,0.7034921646118164,0.1393965929746627,0.8586452007293701,0.1092454567551612,0.8356204032897949,0.1281423717737198,0.8361664414405823,0.0562773048877716,0.91196471452713,0.0699475482106208,0.9067427515983582,0.060087863355875,0.906817615032196,0.0601127333939075,0.9085545539855956,0.1768023669719696,0.7860862612724304,0.0532988347113132,0.9117932319641112,0.0757614001631736,0.8923823237419128
1019,1019,train,18328,0.0638903602957725,0.8567174673080444,0.4047727286815643,0.5384067296981812,0.0697521492838859,0.8713455200195312,0.1020681858062744,0.7739966511726379,0.1070133745670318,0.7805753350257874,0.0430371947586536,0.8962622880935669,0.0638924166560173,0.881402850151062,0.0479872189462184,0.8910107612609863,0.050653401762247,0.8908643126487732,0.1692800372838974,0.7111060619354248,0.042398601770401,0.8950824737548828,0.0735738426446914,0.8651682138442993
1020,1020,train,18028,0.0679336562752723,0.892417848110199,0.1896023750305175,0.8091642260551453,0.143626257777214,0.8454329371452332,0.1017900183796882,0.865692675113678,0.0981549620628357,0.8719624876976013,0.0514671429991722,0.9095902442932128,0.078697383403778,0.8872482776641846,0.0578902773559093,0.8951484560966492,0.0610940940678119,0.896938145160675,0.2287303060293197,0.7656625509262085,0.0518420785665512,0.9050872921943665,0.0827604308724403,0.8800119161605835
1021,1021,train,17468,0.0601270049810409,0.9182674288749696,0.1432369202375412,0.8567426204681396,0.0650051906704902,0.900165855884552,0.0733101665973663,0.9046374559402466,0.0766030475497245,0.9210071563720704,0.044848546385765,0.9278225898742676,0.0652285367250442,0.918050229549408,0.0492741540074348,0.9228525757789612,0.0546244122087955,0.9230381846427916,0.1177992895245552,0.8588759303092957,0.0473859496414661,0.9270586371421814,0.0703287571668624,0.9132858514785768
1022,1022,test,18702,0.8736094832420349,0.2495995014905929,0.661689281463623,0.3985137343406677,0.9336560368537904,0.1362776458263397,0.7972592711448669,0.2917192280292511,0.8774316310882568,0.2751724421977997,0.3454670310020447,0.6343895792961121,0.7320788502693176,0.4452859163284302,0.7088901996612549,0.4194732010364532,0.7979798316955566,0.3445989489555359,0.9226521849632264,0.1548226177692413,0.3167031705379486,0.6725976467132568,0.8510884046554565,0.2644506990909576
1023,1023,train,18686,0.1990267038345337,0.8502388000488281,0.5631588697433472,0.544058620929718,0.7774670720100403,0.3462516069412231,0.3540115654468536,0.7121509313583374,0.3714222908020019,0.7583942413330078,0.0641605034470558,0.9112796187400818,0.120027981698513,0.8811349868774414,0.1094947457313537,0.8939874768257141,0.1219255998730659,0.8952224850654602,0.8487920165061951,0.2859499752521515,0.0625669881701469,0.91353040933609,0.2026218175888061,0.8410465121269226
1024,1024,train,17712,0.2164760082960128,0.7952151298522949,0.303724080324173,0.7236006855964661,0.6864819526672363,0.3956748843193054,0.2229605466127395,0.7560571432113647,0.2965571880340576,0.7673013806343079,0.0898616164922714,0.8395623564720154,0.2017553597688675,0.7930567264556885,0.1549760699272155,0.8051902651786804,0.1519512236118316,0.8191428780555725,0.5969738960266113,0.4393282234668731,0.0865446478128433,0.8385652899742126,0.2230298668146133,0.7649042010307312
1025,1025,train,17035,0.058631844818592,0.9188467860221864,0.1114701405167579,0.8564192056655884,0.0881283283233642,0.8687148690223694,0.0703421011567115,0.8986942172050476,0.069908782839775,0.9146150946617126,0.0347606055438518,0.9308348298072816,0.0575436726212501,0.9190708994865416,0.0484025180339813,0.9250890016555786,0.0477076396346092,0.9249813556671144,0.1151984333992004,0.8635655045509338,0.0388955883681774,0.9299171566963196,0.0620806217193603,0.9144217371940612
1026,1026,test,18391,0.9230893850326538,0.1603222340345382,0.6729417443275452,0.3642661571502685,0.9433171153068542,0.1153644621372222,0.8439537882804871,0.2147142589092254,0.9234224557876588,0.1700509488582611,0.6569556593894958,0.3342711925506592,0.8908882141113281,0.1714629381895065,0.8968415856361389,0.1610844284296035,0.9092882871627808,0.1733137369155883,0.9254932403564452,0.134555846452713,0.6891183853149414,0.3303658068180084,0.9249536395072936,0.1399372071027755
1027,1027,train,17234,0.0625514686107635,0.8797419667243958,0.1170347854495048,0.8088662624359131,0.0868337228894233,0.8372052311897278,0.0859770327806472,0.835211455821991,0.0841293856501579,0.8617784380912781,0.0405272766947746,0.9057307243347168,0.0606041885912418,0.8866233825683594,0.0498281791806221,0.896905779838562,0.0537970475852489,0.8968960642814636,0.2139409631490707,0.7289119362831116,0.0428202040493488,0.904971182346344,0.0716241374611854,0.881493091583252
1028,1028,train,18573,0.2243933081626892,0.6187642812728882,0.5369868278503418,0.4997360408306122,0.6319819688796997,0.4565594494342804,0.2750734984874725,0.5904116034507751,0.421653002500534,0.530404269695282,0.1177547052502632,0.7697417736053467,0.1888490915298462,0.7027627825737,0.1425329893827438,0.7046729326248169,0.1566799283027649,0.7051755785942078,0.5906326174736023,0.4178246855735779,0.1225927770137786,0.7377987504005432,0.2152627855539322,0.631548285484314
1029,1029,train,18589,0.1141565665602684,0.8232657313346863,0.2548690438270569,0.6850332021713257,0.0999206528067588,0.8486018180847168,0.1485466212034225,0.7747921943664551,0.173068955540657,0.765795111656189,0.0805076584219932,0.8654667139053345,0.0807570442557334,0.8633005619049072,0.0744218826293945,0.8629695177078247,0.0778056234121322,0.8568924069404602,0.1867852210998535,0.7444779276847839,0.0743901953101158,0.8627143502235413,0.0802200734615325,0.846118152141571
1030,1030,train,17695,0.6093305945396423,0.4878299236297607,0.5793303847312927,0.4729697108268738,0.8186629414558411,0.2415305525064468,0.6021411418914795,0.4317644536495209,0.6539711356163025,0.4703398942947387,0.1980431377887725,0.7626122832298279,0.3606548309326172,0.6524340510368347,0.3510928153991699,0.6537808179855347,0.4428145587444305,0.6226667761802673,0.8997271656990051,0.1784468740224838,0.1815731823444366,0.7630760669708252,0.5103533864021301,0.5487819910049438
1031,1031,train,17993,0.1741217076778412,0.7611598372459412,0.3440065383911133,0.627322256565094,0.6028047204017639,0.4061018526554107,0.2269220948219299,0.6733800768852234,0.2453600764274597,0.7125964760780334,0.0897077694535255,0.8176624774932861,0.1539017558097839,0.7866662740707397,0.1456879079341888,0.7958534359931946,0.125162199139595,0.8037025332450867,0.6431781053543091,0.3860407471656799,0.0973838418722152,0.8067274689674377,0.1687458157539367,0.7687616944313049
1032,1032,train,17990,0.0933615863323211,0.8677231669425964,0.2594854235649109,0.7524875402450562,0.1561543494462967,0.8256005644798279,0.1558638215065002,0.8154138922691345,0.1675041764974594,0.8332626223564148,0.0499745979905128,0.892397403717041,0.0849070847034454,0.8777034878730774,0.0719800367951393,0.8805831074714661,0.0693434104323387,0.8834180235862732,0.3321313560009002,0.7058182954788208,0.0525418110191822,0.8875638246536255,0.0939784198999404,0.8619792461395264
1033,1033,test,18049,0.2002657055854797,0.6522487998008728,0.5335088968276978,0.4760946631431579,0.3556609451770782,0.6272423267364502,0.2729257345199585,0.5996673703193665,0.3925566077232361,0.5350736379623413,0.105761170387268,0.7709746956825256,0.1743558198213577,0.7046238780021667,0.1256555765867233,0.7122316956520081,0.1435982882976532,0.7097427248954773,0.6105299592018127,0.3862362504005432,0.0970715209841728,0.7603605389595032,0.2245147377252578,0.636374831199646
1034,1034,train,17655,0.0522397793829441,0.932502806186676,0.1357302665710449,0.8595284223556519,0.0632739216089248,0.9244328737258912,0.08308145403862,0.8995416164398193,0.0745367258787155,0.9233816862106324,0.0366601347923278,0.9355098009109496,0.056470088660717,0.9305782914161682,0.0430072844028472,0.9344348907470704,0.0429281331598758,0.9344505071640016,0.0958841890096664,0.9010657668113708,0.0370380878448486,0.9304521679878236,0.0564364306628704,0.9319818019866944
1035,1035,test,17759,0.3094297051429748,0.685322105884552,0.6163995265960693,0.4580248594284057,0.8116359114646912,0.2966409623622894,0.4527989625930786,0.5726903676986694,0.5370023250579834,0.5574637651443481,0.1145700812339782,0.8186413645744324,0.2074667960405349,0.7661238312721252,0.1732841730117797,0.7785504460334778,0.178287461400032,0.7747890949249268,0.8402612805366516,0.2617732584476471,0.1087532266974449,0.8268237113952637,0.245035246014595,0.7208546996116638
1036,1036,train,17590,0.2088823020458221,0.7094084620475769,0.6039940118789673,0.4449553489685058,0.4573619365692138,0.5666698217391968,0.2819239795207977,0.6389576196670532,0.3973424434661865,0.6011455655097961,0.0854358971118927,0.8488968014717102,0.141520544886589,0.8201688528060913,0.0973902940750122,0.831251859664917,0.1135666742920875,0.8153794407844543,0.6671697497367859,0.4101868271827698,0.0823942571878433,0.8446337580680847,0.1769503057003021,0.768857479095459
1037,1037,train,18481,0.8766002058982849,0.2052267044782638,0.6606366038322449,0.3810312151908874,0.9330042004585266,0.1304739117622375,0.8070388436317444,0.2487262189388275,0.886669933795929,0.2058925181627273,0.2528383731842041,0.637710690498352,0.567487895488739,0.4656392335891723,0.6147797107696533,0.4223297238349914,0.7110801339149475,0.3805528879165649,0.9236527681350708,0.1441761255264282,0.196167841553688,0.6968863606452942,0.8325532078742981,0.2562393248081207
1038,1038,train,18694,0.4095599949359894,0.6360964775085449,0.5780407190322876,0.4613575637340545,0.8710562586784363,0.2268991321325302,0.4868589639663696,0.5365818738937378,0.6089667677879333,0.5130829811096191,0.0869240388274192,0.8217676877975464,0.2121616750955581,0.7592969536781311,0.1996363550424575,0.7513957619667053,0.2183942794799804,0.7550389170646667,0.8788180351257324,0.200688749551773,0.0808034092187881,0.8319754004478455,0.3543240129947662,0.6464971303939819
1039,1039,train,17659,0.1180867627263069,0.8180437684059143,0.584958016872406,0.472330242395401,0.6519356966018677,0.4424914121627807,0.2701292335987091,0.6690655946731567,0.2669079303741455,0.7021549940109253,0.0569568015635013,0.8869168162345886,0.0922721326351165,0.8507915139198303,0.0719963759183883,0.8646789193153381,0.0812797099351883,0.8576128482818604,0.8171484470367432,0.2609776854515075,0.0558710768818855,0.8901285529136658,0.1258488446474075,0.8091365098953247
1040,1040,train,17991,0.1204241141676902,0.7396507263183594,0.2532907724380493,0.6489050984382629,0.1613889783620834,0.7309378385543823,0.1487862765789032,0.7170382738113403,0.1651495695114135,0.7222675681114197,0.0859580934047699,0.8028206825256348,0.1257154047489166,0.764979898929596,0.0933915823698043,0.7836477756500244,0.0982807129621505,0.7814674973487854,0.3145499527454376,0.5865735411643982,0.0869763568043708,0.7872568964958191,0.1261252760887146,0.7624503374099731
1041,1041,test,17531,0.7991458773612976,0.278366208076477,0.6513709425926208,0.3813996315002441,0.921190619468689,0.1433316022157669,0.750342071056366,0.2829068601131439,0.8204962611198425,0.2766887247562408,0.3263315260410309,0.631829559803009,0.6202206611633301,0.4760909378528595,0.660050094127655,0.4282551109790802,0.6937090158462524,0.4035166800022125,0.9162601232528688,0.1488467752933502,0.2961372137069702,0.6364056468009949,0.7811681628227234,0.3063981831073761
1042,1042,test,18040,0.3242387473583221,0.6917467713356018,0.5427323579788208,0.4953213632106781,0.7500348687171936,0.3173937499523163,0.4408928453922272,0.529981791973114,0.4576980173587799,0.5953554511070251,0.0752576515078544,0.8578877449035645,0.1508518010377884,0.8294990062713623,0.1413744837045669,0.8249917030334473,0.141916424036026,0.8137136101722717,0.8335499167442322,0.2455808073282241,0.0738555192947387,0.867390513420105,0.2173274010419845,0.7467036843299866
1043,1043,train,18725,0.3752919435501098,0.6645100116729736,0.6256551742553711,0.4355306029319763,0.8898926973342896,0.2097781747579574,0.5561074018478394,0.4869643747806549,0.5769098401069641,0.5576114654541016,0.0892224609851837,0.8611621260643005,0.2086107730865478,0.800334632396698,0.1547504514455795,0.8168050050735474,0.1882112324237823,0.8032522797584534,0.900902509689331,0.1875493377447128,0.0919592157006263,0.8608832955360413,0.3028404712677002,0.7099205255508423
1044,1044,test,18594,0.0602227225899696,0.9033346772193908,0.1143397763371467,0.8421071171760559,0.1101381033658981,0.8394980430603027,0.0791812539100647,0.8673042058944702,0.0826856419444084,0.889814019203186,0.0427490100264549,0.916999340057373,0.0667539164423942,0.907178521156311,0.0499168969690799,0.911340355873108,0.0502886660397052,0.914961040019989,0.1487426608800888,0.8201761841773987,0.0432775393128395,0.9150083661079408,0.0710425078868866,0.9037137627601624
1045,1045,test,17577,0.0449205338954925,0.8646047711372375,0.0997782945632934,0.7883012294769287,0.0685352385044097,0.8405745029449463,0.0655600130558013,0.8189949989318848,0.0625640377402305,0.8464442491531372,0.0367146357893943,0.8726591467857361,0.0527854487299919,0.8656668663024902,0.0413109958171844,0.8767605423927307,0.0408723913133144,0.8729828000068665,0.1249238550662994,0.7823375463485718,0.0374972745776176,0.8766834735870361,0.0533704347908496,0.8616498708724976
1046,1046,test,18499,0.0744598135352134,0.8639402985572815,0.228474959731102,0.7335662841796875,0.0952276811003685,0.8007870316505432,0.1194753050804138,0.7941701412200928,0.1097026988863945,0.8360452651977539,0.0459814481437206,0.8887146711349487,0.0671026855707168,0.8669179677963257,0.0562405958771705,0.8671213388442993,0.0632475540041923,0.8788514137268066,0.2779755592346191,0.6469812989234924,0.0491001196205616,0.8821622729301453,0.0792491137981414,0.8640987277030945
1047,1047,train,17916,0.1026838049292564,0.7774044871330261,0.5385305881500244,0.4618296027183532,0.3703003823757171,0.5949541926383972,0.2096808552742004,0.6518599390983582,0.2753216922283172,0.6045616269111633,0.0518871247768402,0.868462324142456,0.0790266990661621,0.8439714908599854,0.0584973692893981,0.8608703017234802,0.063806764781475,0.8516086339950562,0.6261327862739563,0.3626247048377991,0.0516248904168605,0.8735259175300598,0.0962631478905677,0.8042088150978088
1048,1048,train,18246,0.827660083770752,0.2861163020133972,0.6565955281257629,0.3838598132133484,0.929817795753479,0.1326564401388168,0.7877684831619263,0.2706732451915741,0.8491934537887573,0.2548262178897857,0.2679300308227539,0.6275292634963989,0.6126989722251892,0.4436801373958587,0.6823404431343079,0.3897556960582733,0.7360031604766846,0.3745661079883575,0.9201664328575134,0.1451155692338943,0.2739143669605255,0.6541492342948914,0.7555319666862488,0.3284809589385986
1049,1049,train,18201,0.1666935384273529,0.8382119536399841,0.5100022554397583,0.5682499408721924,0.7698394656181335,0.3252114057540893,0.3521336913108825,0.6598982214927673,0.3366371393203735,0.753353476524353,0.0484783574938774,0.9119079113006592,0.0887583494186401,0.8943647146224976,0.0650589168071746,0.9026747345924376,0.0763211473822593,0.9024890065193176,0.8823509216308594,0.2048576921224594,0.0513762086629867,0.9114888906478882,0.1287201642990112,0.8616087436676025
1050,1050,train,17481,0.1712943464517593,0.8094689249992371,0.4951183497905731,0.5977955460548401,0.6460768580436707,0.4353984594345093,0.2988178730010986,0.7077158093452454,0.3045370280742645,0.7534740567207336,0.0660040080547332,0.881645917892456,0.1409020274877548,0.8442542552947998,0.1083556562662124,0.8566257357597351,0.1139985024929046,0.851896345615387,0.7081805467605591,0.448347270488739,0.0657064616680145,0.8859595656394958,0.1695537865161895,0.8119860291481018
1051,1051,train,18196,0.1466414183378219,0.8299748301506042,0.555682897567749,0.5115256309509277,0.7691611051559448,0.3127844035625458,0.3248612880706787,0.642768383026123,0.2912213802337646,0.7035788297653198,0.0667193606495857,0.8849067687988281,0.1041705310344696,0.8462541699409485,0.0901634916663169,0.8567386865615845,0.0963475257158279,0.8698462247848511,0.8401297330856323,0.2584809362888336,0.0686051920056343,0.8803571462631226,0.156761348247528,0.8138774633407593
1052,1052,train,17724,0.0568239800632,0.8848105072975159,0.1006245985627174,0.8272721767425537,0.0732314735651016,0.8353003263473511,0.0672945827245712,0.852867066860199,0.0630142614245414,0.881748616695404,0.0408366583287715,0.8974453806877136,0.059956144541502,0.8834661245346069,0.0499516651034355,0.8892270922660828,0.0493942275643348,0.893599271774292,0.1053818762302398,0.8145847320556641,0.0440010949969291,0.8948310613632202,0.0615874379873275,0.8846960067749023
1053,1053,train,18100,0.1226529031991958,0.8475977778434753,0.5672263503074646,0.4840005338191986,0.5003034472465515,0.5049768090248108,0.2826551795005798,0.6858424544334412,0.2578130066394806,0.7506030201911926,0.0568611361086368,0.8934158086776733,0.0936063081026077,0.8711257576942444,0.0726875066757202,0.8791267275810242,0.0827176943421363,0.881847620010376,0.8125290870666504,0.2696751058101654,0.058006715029478,0.888296365737915,0.1146787479519844,0.8510687947273254
1054,1054,test,17391,0.4784047901630401,0.636853039264679,0.6117181777954102,0.4772694408893585,0.8921252489089966,0.1948520988225937,0.5822035670280457,0.5056161284446716,0.6493533849716187,0.5106983780860901,0.0884259194135665,0.8651244044303894,0.1735488027334213,0.8213223814964294,0.1442660540342331,0.8350100517272949,0.1908928602933883,0.8123519420623779,0.8912598490715027,0.1992311924695968,0.0806026831269264,0.880872905254364,0.3519398868083954,0.7016719579696655
1055,1055,train,18257,0.563259482383728,0.482759028673172,0.6610555648803711,0.4047711193561554,0.8180093169212341,0.2595432996749878,0.6279495358467102,0.3946046531200409,0.7188755869865417,0.3982986211776733,0.1115664020180702,0.7914813756942749,0.2520782053470611,0.7208264470100403,0.1982331573963165,0.7486676573753357,0.2318987548351287,0.7088151574134827,0.8591264486312866,0.2408613115549087,0.1008792743086814,0.8038367629051208,0.3479979038238525,0.6162127256393433
1056,1056,train,18714,0.1160634309053421,0.7896005511283875,0.2421329766511917,0.6966583728790283,0.1086390763521194,0.8291921019554138,0.1481499969959259,0.7643247842788696,0.1977318972349167,0.7449015974998474,0.0628212019801139,0.8616452217102051,0.0895452126860618,0.8290586471557617,0.0702145472168922,0.8510400056838989,0.0720240846276283,0.8431960344314575,0.2481561452150344,0.6830211281776428,0.0601465515792369,0.8586717247962952,0.0896880105137825,0.827996015548706
1057,1057,train,17107,0.071675881743431,0.89471435546875,0.2936566174030304,0.7097240686416626,0.2437572628259658,0.7784700393676758,0.094639778137207,0.8455615639686584,0.117934949696064,0.8545074462890625,0.0459872893989086,0.9190972447395324,0.0718857571482658,0.9039419889450072,0.0542465858161449,0.9150267243385316,0.0570680871605873,0.9111899733543396,0.2665485441684723,0.7395544052124023,0.0450403615832328,0.9186874032020568,0.0823752284049987,0.890869140625
1058,1058,train,18387,0.4586435556411743,0.525797426700592,0.5335369110107422,0.4886325001716614,0.8084461688995361,0.2551489770412445,0.4616534411907196,0.5107293725013733,0.5911765694618225,0.4670634865760803,0.1834886521100998,0.6960218548774719,0.3420308530330658,0.5946740508079529,0.3064337074756622,0.6086774468421936,0.3106820583343506,0.6128623485565186,0.8075512051582336,0.2623955905437469,0.1881643235683441,0.6808696985244751,0.3905133605003357,0.5389283895492554
1059,1059,train,17320,0.0593976788222789,0.8792532682418823,0.2879668176174164,0.681364893913269,0.1074288114905357,0.8576397895812988,0.0895794704556465,0.8242924809455872,0.1074461638927459,0.8279712200164795,0.050195500254631,0.8936523199081421,0.0772214233875274,0.8768560290336609,0.055217120796442,0.8838855624198914,0.0570194981992244,0.889523983001709,0.202275201678276,0.721289336681366,0.0481133684515953,0.8939130902290344,0.0805342271924018,0.8683544397354126
1060,1060,train,17441,0.1810901015996933,0.7888013124465942,0.4225692451000213,0.600644588470459,0.1871224045753479,0.7964203357696533,0.2422491312026977,0.707307755947113,0.323160320520401,0.7233243584632874,0.0638690590858459,0.8758527040481567,0.132929041981697,0.8487492203712463,0.1036925688385963,0.8622822761535645,0.1125315576791763,0.8534368276596069,0.5603566765785217,0.4935604035854339,0.0643224641680717,0.8717247247695923,0.1685001701116562,0.8074092864990234
1061,1061,test,17834,0.2191939353942871,0.7364055514335632,0.5846585631370544,0.4822368323802948,0.8559927344322205,0.2345005422830581,0.3697542250156402,0.6069654226303101,0.4197092652320862,0.5950618386268616,0.0838877111673355,0.8462982177734375,0.1550218313932418,0.7855165004730225,0.1162497475743293,0.8088214993476868,0.1350701302289962,0.7960919737815857,0.8660672903060913,0.2223296016454696,0.0806460529565811,0.8527200818061829,0.2035498917102813,0.7229908108711243
1062,1062,train,17537,0.8178842067718506,0.3055651783943176,0.6391674876213074,0.4021641314029693,0.9252519607543944,0.13646000623703,0.7404516935348511,0.29592365026474,0.8243305087089539,0.3049761354923248,0.3257860243320465,0.6560036540031433,0.6553182005882263,0.4720911681652069,0.6841397285461426,0.4280351996421814,0.7388180494308472,0.4028695225715637,0.9158579111099244,0.1572440564632415,0.3102059364318847,0.6916266083717346,0.8039944767951965,0.3207751214504242
1063,1063,train,18744,0.0745797380805015,0.8783144950866699,0.1963881254196167,0.6844722032546997,0.1984972059726715,0.7116245031356812,0.1022331342101097,0.7982770204544067,0.1179940924048423,0.8320134282112122,0.0481954999268054,0.9090102314949036,0.0821843221783638,0.8928295969963074,0.066262736916542,0.8975206017494202,0.06108108907938,0.9060303568840028,0.5396187901496887,0.4115968346595764,0.0524410642683506,0.9028137922286988,0.0862066969275474,0.8908635377883911
1064,1064,train,18093,0.5193628668785095,0.5493163466453552,0.6469404697418213,0.4176777303218841,0.9040927886962892,0.1715600937604904,0.6643774509429932,0.4109736382961273,0.7194442749023438,0.4371838271617889,0.111299529671669,0.8270373940467834,0.246448665857315,0.7426166534423828,0.2091855406761169,0.7463635206222534,0.2554716467857361,0.7337963581085205,0.9032716751098632,0.1715880185365677,0.1022608801722526,0.8374348282814026,0.4328414797782898,0.601675271987915
1065,1065,train,17004,0.133540004491806,0.8761641979217529,0.3401192128658294,0.7012612819671631,0.3126594424247741,0.7673169374465942,0.1850454807281494,0.8077122569084167,0.1921706199645996,0.8490665555000305,0.0690257474780082,0.9124037623405457,0.1143057942390441,0.8995077610015869,0.0973385572433471,0.9028671383857728,0.0954891294240951,0.9051496386528016,0.6676152348518372,0.4810155928134918,0.0698654204607009,0.9049777388572692,0.1337853968143463,0.8850576281547546
1066,1066,train,17976,0.0786424279212951,0.8560291528701782,0.3197417855262756,0.6787410974502563,0.2190340906381607,0.7818907499313354,0.1210007444024086,0.8090198636054993,0.1284632384777069,0.824501633644104,0.0643283650279045,0.8690117001533508,0.1042206212878227,0.8393124938011169,0.0716831609606742,0.8661534786224365,0.0707850828766822,0.8691945672035217,0.2115766108036041,0.7521469593048096,0.0595918335020542,0.872556209564209,0.0963410213589668,0.8395915627479553
1067,1067,train,17410,0.1080892756581306,0.82890385389328,0.3091090321540832,0.6497285962104797,0.1124874949455261,0.8632193803787231,0.1718818098306656,0.7543572187423706,0.2141419798135757,0.7411475777626038,0.0788774564862251,0.8612138628959656,0.0937585979700088,0.8535515069961548,0.0860371068120002,0.8546256422996521,0.0911451056599617,0.848649799823761,0.2501823306083679,0.7179896235466003,0.07757318764925,0.8534426093101501,0.0991556271910667,0.8344253301620483
1068,1068,train,18446,0.1039916723966598,0.8591411709785461,0.2290132492780685,0.7149817943572998,0.1213151216506958,0.8580703139305115,0.1197738274931907,0.83217453956604,0.1760282516479492,0.777172327041626,0.0852750763297081,0.880587637424469,0.112748771905899,0.8624943494796753,0.0917163342237472,0.8661686778068542,0.0913795083761215,0.8676967024803162,0.1644343435764312,0.7934502363204956,0.0873831585049629,0.8693218231201172,0.1063567101955413,0.8439124822616577
1069,1069,train,17667,0.0732720345258712,0.8435909748077393,0.4315761625766754,0.5809500813484192,0.1713979989290237,0.7614328861236572,0.1384143680334091,0.7738987803459167,0.1788223683834076,0.7494109869003296,0.0461902022361755,0.8791616559028625,0.0756255984306335,0.8591603636741638,0.0571163445711135,0.8693033456802368,0.0617963187396526,0.8689889907836914,0.3955166637897491,0.6065617799758911,0.0472508259117603,0.881955087184906,0.0979424491524696,0.8312758803367615
1070,1070,train,17803,0.1343622356653213,0.8497487902641296,0.3634566962718963,0.6516478657722473,0.335274338722229,0.6914182901382446,0.2106939852237701,0.7830086350440979,0.2131944000720977,0.813265860080719,0.0665118619799614,0.8895038366317749,0.1128415837883949,0.8658797144889832,0.0896641314029693,0.8740927577018738,0.0946227088570594,0.8797785043716431,0.634800136089325,0.4575933218002319,0.066320963203907,0.8925884962081909,0.1299785673618316,0.8559678196907043
1071,1071,train,17950,0.1907078474760055,0.8254966139793396,0.3618982434272766,0.6855783462524414,0.5381385684013367,0.5200245976448059,0.2296191453933715,0.7513431310653687,0.2915800511837005,0.7791659235954285,0.089776262640953,0.8829203844070435,0.1846590340137481,0.8447116017341614,0.1489421129226684,0.8512921333312988,0.1511392295360565,0.8546180725097656,0.6012119650840759,0.48854860663414,0.094459168612957,0.8762097954750061,0.2217100858688354,0.8114569187164307
1072,1072,train,18415,0.7673818469047546,0.3930648267269134,0.6229509711265564,0.4317697882652282,0.919783353805542,0.1687447279691696,0.7253215909004211,0.3668519854545593,0.8207313418388367,0.3445377051830292,0.3205495774745941,0.6054678559303284,0.6499250531196594,0.4126321077346802,0.6114534139633179,0.4199302792549133,0.6743919849395752,0.4288240373134613,0.9039620757102966,0.1674906462430954,0.3108046948909759,0.6219161748886108,0.7669147849082947,0.3253627121448517
1073,1073,train,18537,0.0554038360714912,0.9065167903900146,0.1311651617288589,0.8401479125022888,0.0932596996426582,0.8712672591209412,0.0879483222961425,0.8631755709648132,0.0744144394993782,0.8924579620361328,0.0421485304832458,0.9146755933761596,0.0555619485676288,0.9090622067451476,0.0463792271912097,0.9114798307418824,0.0453996136784553,0.9123978614807128,0.1213046982884407,0.8426133990287781,0.0455688126385211,0.909989595413208,0.0592015646398067,0.907849371433258
1074,1074,test,18547,0.2922320365905761,0.740262508392334,0.4988998472690582,0.5425127744674683,0.708646833896637,0.3690251111984253,0.3364856243133545,0.6568329334259033,0.3895362317562103,0.70824134349823,0.1011004745960235,0.8637967705726624,0.20648193359375,0.81095290184021,0.174645721912384,0.8179833889007568,0.1895016878843307,0.8183335065841675,0.7921993136405945,0.3120118975639343,0.1086162328720092,0.8546626567840576,0.2578195631504059,0.7824017405509949
1075,1075,test,18697,0.0608049556612968,0.907936155796051,0.1690384149551391,0.7931753993034363,0.0865472853183746,0.8874981999397278,0.0930279493331909,0.869324803352356,0.0887936726212501,0.8952402472496033,0.0447135716676712,0.9177663326263428,0.0674695745110511,0.9176092743873596,0.0523451976478099,0.9197503328323364,0.0535880215466022,0.9190521240234376,0.151188775897026,0.8428521156311035,0.0447741039097309,0.9196316003799438,0.0694716125726699,0.9102951884269714
1076,1076,train,17471,0.387709230184555,0.6046945452690125,0.5866121649742126,0.4370857775211334,0.8643362522125244,0.2087383866310119,0.559779703617096,0.4410929977893829,0.6148825883865356,0.4746303856372833,0.1068199127912521,0.8001904487609863,0.2230675369501114,0.7448951005935669,0.1848575323820114,0.7483503818511963,0.2057796269655227,0.7266899347305298,0.8992581367492676,0.1704906523227691,0.102765567600727,0.8199283480644226,0.3505122363567352,0.6377376317977905
1077,1077,train,17776,0.058117251843214,0.919526755809784,0.1533637642860412,0.8250519633293152,0.1064811274409294,0.876240611076355,0.0789159759879112,0.8962478041648865,0.0737054497003555,0.9134998321533204,0.0459795705974102,0.9281375408172609,0.0647235065698623,0.9210475087165833,0.0518865846097469,0.9239429235458374,0.0525326877832412,0.926597535610199,0.1591245681047439,0.7999435663223267,0.0439909659326076,0.9266397953033448,0.0734832063317298,0.9153679013252258
1078,1078,train,17228,0.3383535146713257,0.7286412715911865,0.4924745261669159,0.5565497875213623,0.7966970205307007,0.3486855924129486,0.3764405250549316,0.6334673762321472,0.4162596762180328,0.6917926073074341,0.0847165882587432,0.8737523555755615,0.2088750898838043,0.8280684351921082,0.1979713439941406,0.8417287468910217,0.2026976644992828,0.8327071666717529,0.8548585176467896,0.2553378343582153,0.088741160929203,0.8702260851860046,0.2956377565860748,0.7670392394065857
1079,1079,test,17338,0.2017676532268524,0.6987864375114441,0.6036771535873413,0.4384714663028717,0.81285560131073,0.249811589717865,0.4111145138740539,0.5298157930374146,0.5058813691139221,0.4945576786994934,0.079369381070137,0.8366501927375793,0.1382093131542205,0.7875502705574036,0.1041980385780334,0.8084981441497803,0.1209715530276298,0.7903977036476135,0.8161927461624146,0.2542935907840729,0.0777814760804176,0.849301278591156,0.2092950046062469,0.7075263857841492
1080,1080,train,18711,0.1122552156448364,0.8662249445915222,0.3231132924556732,0.7074452042579651,0.1342273503541946,0.8478649854660034,0.1514738351106643,0.8200585246086121,0.1600120216608047,0.8371147513389587,0.0622295290231704,0.8915601968765259,0.1076096445322036,0.8775915503501892,0.0835962519049644,0.8843228816986084,0.0841210335493087,0.8830780386924744,0.3642697930335998,0.6631948351860046,0.0667292475700378,0.8896385431289673,0.1153358668088913,0.8608497381210327
1081,1081,train,17164,0.0655684098601341,0.8922508358955383,0.1953722089529037,0.7789298295974731,0.0851356610655784,0.903478980064392,0.0867925211787223,0.8553918600082397,0.0964630991220474,0.8832192420959473,0.0499236807227134,0.9129693508148192,0.0697639435529708,0.894223153591156,0.0543083027005195,0.9038006663322448,0.0577547289431095,0.905637264251709,0.1453435122966766,0.8255996108055115,0.0502189919352531,0.9093671441078186,0.0783583298325538,0.8878650665283203
1082,1082,train,17277,0.0508641190826892,0.8557291626930237,0.1013703122735023,0.7417375445365906,0.0949586555361747,0.821090579032898,0.053834743797779,0.8145774602890015,0.062137734144926,0.8298843502998352,0.036241915076971,0.8797245025634766,0.0568445697426795,0.8657329678535461,0.0461012087762355,0.8707948327064514,0.0440608002245426,0.8721297383308411,0.1099387630820274,0.7216845154762268,0.0379381217062473,0.8763362765312195,0.0552386045455932,0.8573803901672363
1083,1083,train,18128,0.7571369409561157,0.4178566634654999,0.6224135160446167,0.4405350089073181,0.8972188830375671,0.1909558624029159,0.6606444120407104,0.4233525097370147,0.7615548968315125,0.407904714345932,0.2070322334766388,0.7312023639678955,0.4311066269874573,0.6217350363731384,0.4623826444149017,0.5833171010017395,0.5104488134384155,0.591117799282074,0.9000102877616882,0.1745277196168899,0.1948486566543579,0.7465350031852722,0.6546004414558411,0.464581698179245
1084,1084,train,17421,0.0751935765147209,0.8681875467300415,0.1905547827482223,0.7833411693572998,0.140035793185234,0.831649661064148,0.1085683554410934,0.8349000215530396,0.113709807395935,0.8545316457748413,0.0534968115389347,0.8916692733764648,0.0842243582010269,0.8761155009269714,0.0651814192533493,0.884121835231781,0.065721683204174,0.8864085674285889,0.1918120980262756,0.7753951549530029,0.054471768438816,0.887626588344574,0.0963215976953506,0.8730120658874512
1085,1085,train,18610,0.0639957189559936,0.904737949371338,0.1536592990159988,0.8052143454551697,0.0828341245651245,0.8943467736244202,0.1033886671066284,0.8462684154510498,0.096322014927864,0.8900652527809143,0.0462382584810256,0.910845935344696,0.0687076896429061,0.9063650369644164,0.0537080354988575,0.9087864756584167,0.0528923533856868,0.9120818376541138,0.2199379354715347,0.7756813764572144,0.0451444797217845,0.9067848920822144,0.0698878765106201,0.9002636671066284
1086,1086,train,17390,0.2134203463792801,0.7360526323318481,0.4208502769470215,0.5789241194725037,0.7110638618469238,0.3381721079349518,0.3060474693775177,0.6193532347679138,0.3703072965145111,0.642551600933075,0.0644025206565857,0.8456539511680603,0.118791751563549,0.809053361415863,0.0912811160087585,0.8251809477806091,0.1171530708670616,0.8098596334457397,0.7942048907279968,0.3025485277175903,0.0656425505876541,0.844535231590271,0.1879560351371765,0.7465561032295227
1087,1087,train,17130,0.8380084037780762,0.3007570207118988,0.6593955159187317,0.3956719636917114,0.933251976966858,0.129214197397232,0.7958880662918091,0.2775282859802246,0.8525017499923706,0.2820608019828796,0.2217676043510437,0.7168386578559875,0.5615101456642151,0.5585333704948425,0.6346032023429871,0.4762383997440338,0.6824416518211365,0.4632346034049988,0.9225988388061525,0.1428478062152862,0.2082870155572891,0.7544636726379395,0.7807920575141907,0.3462540209293365
1088,1088,train,17536,0.5893422365188599,0.4761165082454681,0.6426763534545898,0.4124620854854584,0.9120010137557985,0.1730461716651916,0.7071887850761414,0.3734817504882812,0.7566277980804443,0.3959808051586151,0.0951656848192215,0.8149423003196716,0.2141454219818115,0.7519015669822693,0.1697436571121215,0.7536288499832153,0.21653912961483,0.7228654026985168,0.9159625172615052,0.15619657933712,0.0817805677652359,0.8337307572364807,0.3884114027023315,0.5984385013580322
1089,1089,train,17335,0.1008346006274223,0.840704619884491,0.5684431195259094,0.4609136283397674,0.8004998564720154,0.300096333026886,0.2057020217180252,0.690020740032196,0.1827090829610824,0.7529085874557495,0.0598811656236648,0.889979898929596,0.0993700549006462,0.8638519644737244,0.0758993774652481,0.8691237568855286,0.0796744897961616,0.8724637627601624,0.8571478128433228,0.2144564837217331,0.0607904531061649,0.8879676461219788,0.129702091217041,0.8275421857833862
1090,1090,train,17177,0.0585263445973396,0.9046481847763062,0.2155314236879348,0.7498130202293396,0.0831174775958061,0.9134029746055604,0.0908477678894996,0.8589733242988586,0.1093432679772377,0.8639202117919922,0.0490501672029495,0.9207613468170166,0.0678116753697395,0.9082539677619934,0.0506661385297775,0.9165844917297364,0.0521300360560417,0.916271448135376,0.1164068356156349,0.8590607643127441,0.0470919124782085,0.9177421927452089,0.0680122449994087,0.9023825526237488
1091,1091,train,16969,0.499708890914917,0.5356680154800415,0.6087047457695007,0.4447900652885437,0.8458527326583862,0.2178633064031601,0.5571393966674805,0.4530114233493805,0.5790274143218994,0.4927257299423218,0.1203618124127388,0.7812373042106628,0.2820165753364563,0.6916297674179077,0.2549985647201538,0.7052196860313416,0.2858842611312866,0.7012032866477966,0.8837988972663879,0.1954753547906875,0.1189505234360694,0.7815415263175964,0.4510369002819061,0.567787766456604
1092,1092,test,18229,0.1609742045402526,0.8354670405387878,0.3733384609222412,0.6810149550437927,0.2099770605564117,0.7876677513122559,0.221154510974884,0.7692265510559082,0.2942793667316437,0.7847927212715149,0.0829279124736785,0.8849473595619202,0.1527423113584518,0.8600195050239563,0.1203620880842208,0.8622115850448608,0.1236595511436462,0.86567622423172,0.387622982263565,0.6692716479301453,0.083151638507843,0.8854550123214722,0.1766967326402664,0.8355104327201843
1093,1093,test,17982,0.1876300275325775,0.7690547108650208,0.3318112194538116,0.6522546410560608,0.3464319109916687,0.6464245915412903,0.2400247305631637,0.7151864767074585,0.2736407220363617,0.7422385215759277,0.0900356024503707,0.8481196165084839,0.1607771515846252,0.799547553062439,0.1428372710943222,0.8035190105438232,0.1440291106700897,0.820708155632019,0.4988943934440613,0.562903881072998,0.0952652618288993,0.8356104493141174,0.1995779126882553,0.7706243395805359
1094,1094,train,17830,0.1358948349952697,0.7911553382873535,0.4270784258842468,0.6217489242553711,0.2132212817668914,0.7336350083351135,0.1961311399936676,0.7225188612937927,0.2423669695854187,0.751954972743988,0.0489023178815841,0.8574070334434509,0.1076065897941589,0.8227419853210449,0.0764835998415947,0.8356468081474304,0.0796683579683303,0.8411150574684143,0.4985468983650207,0.5024275183677673,0.0532746128737926,0.8475660085678101,0.1209354177117347,0.7993518710136414
1095,1095,test,17751,0.0637152194976806,0.8851318359375,0.1261078864336013,0.8241543173789978,0.105969563126564,0.8200079798698425,0.0891951471567154,0.8559647798538208,0.0923177972435951,0.8681216835975647,0.0451210439205169,0.8889367580413818,0.071910947561264,0.8791213035583496,0.0565544702112674,0.8817965984344482,0.0537013933062553,0.8901679515838623,0.1536816656589508,0.8052105903625488,0.048161968588829,0.8832894563674927,0.0694058910012245,0.8776344060897827
1096,1096,train,17777,0.7500285506248474,0.4047058224678039,0.6296558976173401,0.4215202927589416,0.9142575263977052,0.1656304150819778,0.7435885071754456,0.3257483243942261,0.8116232752799988,0.322858452796936,0.1133508458733558,0.7952077984809875,0.326829046010971,0.699254035949707,0.3612910807132721,0.660025417804718,0.4416272044181824,0.6313942670822144,0.9095979332923888,0.1627617627382278,0.1004430204629898,0.8206303119659424,0.641100287437439,0.4868489503860473
1097,1097,train,18484,0.811639130115509,0.3440144956111908,0.6429241895675659,0.4003281891345978,0.9201213121414183,0.1554366946220398,0.7617932558059692,0.3049823641777038,0.8175233602523804,0.3284263908863067,0.2388930171728134,0.7031425833702087,0.5524149537086487,0.5478226542472839,0.5753092169761658,0.5192826390266418,0.6250312328338623,0.5269397497177124,0.9204111695289612,0.1489447355270385,0.2129140645265579,0.7260175943374634,0.7597794532775879,0.3819020986557007
1098,1098,train,17117,0.0703939795494079,0.8941331505775452,0.3579899966716766,0.6693457961082458,0.130262091755867,0.8080490231513977,0.1129558831453323,0.8310256600379944,0.1283646821975708,0.8599622249603271,0.0361835770308971,0.9232076406478882,0.0696727111935615,0.9095454216003418,0.0514238253235816,0.9181933403015136,0.0507262535393238,0.9173865914344788,0.3202054500579834,0.6384879350662231,0.0392938628792762,0.9231231808662416,0.0754834040999412,0.8997830152511597
1099,1099,train,17771,0.4627903401851654,0.4728473424911499,0.6115859150886536,0.4095088541507721,0.8910582065582275,0.1667775511741638,0.5522475838661194,0.3814196586608886,0.5878507494926453,0.4071541726589203,0.113654650747776,0.7515853643417358,0.2246148437261581,0.6454973220825195,0.2178046107292175,0.6494579315185547,0.2123777568340301,0.6670863628387451,0.9083083271980286,0.1530826687812805,0.1129293739795684,0.7410227656364441,0.3926340043544769,0.5173611640930176
1100,1100,train,17954,0.1344576030969619,0.863121509552002,0.3616698384284973,0.6649054884910583,0.4453112781047821,0.630846381187439,0.2055471688508987,0.7801339626312256,0.2269660234451294,0.802850604057312,0.0645668059587478,0.9007829427719116,0.1098062694072723,0.8788772225379944,0.0840464159846305,0.8886324167251587,0.0932293459773063,0.8892900347709656,0.6908276081085205,0.4279112517833709,0.0660061985254287,0.9010544419288636,0.1300458759069442,0.857537031173706
1101,1101,train,16978,0.6258903741836548,0.4408685266971588,0.666016697883606,0.3812292814254761,0.8887730240821838,0.192587062716484,0.7307716608047485,0.3090807497501373,0.8125948905944824,0.2714039981365204,0.1491444706916809,0.7779808640480042,0.2879286110401153,0.6888487339019775,0.2508137822151184,0.6998839974403381,0.3069305717945099,0.6681466698646545,0.8943315148353577,0.1799852699041366,0.1363234668970108,0.8001987338066101,0.5377687215805054,0.482665479183197
1102,1102,train,17407,0.1326904296875,0.7695184350013733,0.3546901643276214,0.6018335223197937,0.1362915784120559,0.7595011591911316,0.2039321660995483,0.6779837608337402,0.245563805103302,0.7108348608016968,0.0603119581937789,0.8637361526489258,0.1082190424203872,0.829574704170227,0.0829249545931816,0.8383351564407349,0.089080587029457,0.8384098410606384,0.4551941752433777,0.4915642142295837,0.0582500137388706,0.8599193692207336,0.1226726621389389,0.7937606573104858
1103,1103,train,18406,0.3175097107887268,0.700938880443573,0.5014562010765076,0.5645740628242493,0.7029871940612793,0.3672771155834198,0.3672122955322265,0.6219476461410522,0.4089295268058777,0.6670025587081909,0.1094002798199653,0.8505839109420776,0.2051002383232116,0.7966707944869995,0.1637555062770843,0.8045046925544739,0.1859708875417709,0.8044117093086243,0.8436208367347717,0.2473947554826736,0.1054498180747032,0.8478626608848572,0.2910091280937195,0.7324838042259216
1104,1104,train,18603,0.2136417627334594,0.7717271447181702,0.4453453123569488,0.6031385660171509,0.3885848224163055,0.6083909869194031,0.2649160325527191,0.708278238773346,0.3381780982017517,0.7130441665649414,0.0913619771599769,0.8348906636238098,0.1673024445772171,0.7976991534233093,0.1261351853609085,0.8073245286941528,0.1402658373117447,0.8128789067268372,0.6900479197502136,0.3956608474254608,0.088736854493618,0.8384034633636475,0.2208782732486724,0.7482337951660156
1105,1105,test,17705,0.1182384565472602,0.8238818049430847,0.565203845500946,0.5280895233154297,0.3875965774059295,0.6550774574279785,0.218926653265953,0.7371596097946167,0.2350234091281891,0.7433294653892517,0.0637540370225906,0.882565975189209,0.1053711026906967,0.8611231446266174,0.0739805698394775,0.8698248267173767,0.0834497138857841,0.8662161827087402,0.6513132452964783,0.445718765258789,0.0628902167081832,0.8880383968353271,0.1402728706598281,0.819064736366272
1106,1106,train,17685,0.2794426679611206,0.6577855348587036,0.4910577535629272,0.506828784942627,0.6743362545967102,0.3252899348735809,0.3124982118606567,0.581352710723877,0.4062747359275818,0.5889739990234375,0.0778684690594673,0.8088799118995667,0.1666385680437088,0.7639363408088684,0.1463859528303146,0.7549931406974792,0.1644964516162872,0.7500922679901123,0.8541647791862488,0.1913424432277679,0.0768220722675323,0.799262523651123,0.2688486278057098,0.6676511168479919
1107,1107,train,17146,0.7184865474700928,0.3983552157878876,0.6637966632843018,0.3942207098007202,0.9137696027755736,0.1476116776466369,0.7569593191146851,0.3146627843379974,0.8335099816322327,0.3094289302825928,0.1931449770927429,0.7461551427841187,0.4355220794677734,0.6144282221794128,0.4945108890533447,0.5559985637664795,0.5251924991607666,0.5733401775360107,0.912671446800232,0.1599272340536117,0.1773372739553451,0.7607212066650391,0.695817768573761,0.411217451095581
1108,1108,train,18473,0.1285934448242187,0.7878555059432983,0.2743517458438873,0.6652078032493591,0.1973443329334259,0.7328103184700012,0.1736170500516891,0.732319176197052,0.1705026626586914,0.7407729625701904,0.1016757786273956,0.8375933766365051,0.1394523680210113,0.7956157326698303,0.1189938262104988,0.8142789602279663,0.1129300892353057,0.8261532187461853,0.2998427152633667,0.6191259622573853,0.102491483092308,0.8322688937187195,0.1440341621637344,0.7899202108383179
1109,1109,train,18696,0.5105788111686707,0.5476216077804565,0.6518144011497498,0.4122037291526794,0.8950411677360535,0.1747781932353973,0.6311920881271362,0.4214355051517486,0.6918298006057739,0.4399985671043396,0.1191314309835434,0.8075076937675476,0.2276409715414047,0.7382573485374451,0.2201405763626098,0.7345588803291321,0.2444024533033371,0.7245870232582092,0.9043577313423156,0.1737178117036819,0.1185763627290725,0.8092108368873596,0.3586585819721222,0.6314133405685425
1110,1110,train,18506,0.1140385568141937,0.8631202578544617,0.4001120626926422,0.6546260714530945,0.1104156821966171,0.8403047919273376,0.1828938424587249,0.7832499146461487,0.2369131296873092,0.8037899136543274,0.0454488508403301,0.9082830548286438,0.0727933794260025,0.8916720151901245,0.0537636540830135,0.9022167921066284,0.0625939145684242,0.9005405306816101,0.451731264591217,0.5912936329841614,0.046558428555727,0.907210111618042,0.1078598499298095,0.8713474273681641
1111,1111,train,17869,0.0725303962826728,0.9003892540931702,0.2654748260974884,0.740268886089325,0.1202325150370597,0.8422452807426453,0.1049327850341796,0.8564385175704956,0.1015040650963783,0.8834409713745117,0.0555455982685089,0.9151557087898254,0.0901010110974311,0.8973579406738281,0.0650453492999076,0.9088521599769592,0.0656481981277465,0.9123328924179076,0.1611584424972534,0.8371189832687378,0.0562503412365913,0.913771390914917,0.088617704808712,0.8924886584281921
1112,1112,test,16994,0.0599406510591506,0.9158591032028198,0.244364246726036,0.7045918703079224,0.1085277572274208,0.8860787749290466,0.0798351392149925,0.8693653345108032,0.0897059440612793,0.8802857398986816,0.0407793521881103,0.9308148622512816,0.0589734613895416,0.9241891503334044,0.0470138266682624,0.9276267886161804,0.0483197718858718,0.9306872487068176,0.1679786592721939,0.8108554482460022,0.0406882800161838,0.9313214421272278,0.0688488259911537,0.9182905554771424
1113,1113,train,17322,0.1538620442152023,0.7255258560180664,0.5924381017684937,0.4267397820949554,0.5058265328407288,0.4255207180976867,0.3218931555747986,0.6033918261528015,0.3418258726596832,0.5924147963523865,0.0612855404615402,0.8322431445121765,0.117368072271347,0.7880186438560486,0.0870062932372093,0.7977431416511536,0.101311057806015,0.7886099219322205,0.8036467432975769,0.2298381775617599,0.0599596612155437,0.8281652331352234,0.1811182796955108,0.7233206629753113
1114,1114,train,18088,0.0966672077775001,0.8312287330627441,0.2476422786712646,0.7114766240119934,0.1325442790985107,0.7855011820793152,0.1451197564601898,0.7638498544692993,0.1810864210128784,0.7744893431663513,0.0603022053837776,0.8705295324325562,0.0922256410121917,0.8329781293869019,0.0694205835461616,0.8495005369186401,0.0754435285925865,0.850068986415863,0.374122142791748,0.5894584655761719,0.0586702190339565,0.8600397706031799,0.1131332665681839,0.8090617656707764
1115,1115,train,17476,0.0598871782422065,0.932518482208252,0.1830687969923019,0.8260863423347473,0.0835993587970733,0.9201422929763794,0.0873762816190719,0.8969632983207703,0.0891553312540054,0.9198237061500548,0.0509205572307109,0.9370936155319214,0.0766430795192718,0.93110191822052,0.0559558123350143,0.9360048174858092,0.05405093729496,0.9369076490402222,0.1264270544052124,0.8847745656967163,0.0502771437168121,0.9375669956207277,0.0766256153583526,0.9299681782722472
1116,1116,train,17112,0.3042688965797424,0.6992140412330627,0.6214516758918762,0.431772232055664,0.8439511656761169,0.229554995894432,0.5189427733421326,0.5161144733428955,0.529832661151886,0.5738478899002075,0.0813683420419693,0.8499190807342529,0.1602417230606079,0.8123756647109985,0.1353876441717147,0.8129766583442688,0.1411935240030288,0.810506284236908,0.8931238055229187,0.1890316605567932,0.0781588926911354,0.8493525385856628,0.2605124115943908,0.7168887853622437
1117,1117,train,17043,0.1683319061994552,0.8382514715194702,0.4261321723461151,0.6047857403755188,0.5662230849266052,0.5543390512466431,0.2777512669563293,0.7371749877929688,0.2847965061664581,0.767478346824646,0.0836987942457199,0.8819708228111267,0.1668502390384674,0.8596681952476501,0.137620061635971,0.8665227293968201,0.1198241114616394,0.8733038306236267,0.7384240031242371,0.3653312623500824,0.0922931879758834,0.8791707754135132,0.1812510192394256,0.842051088809967
1118,1118,train,17629,0.061656828969717,0.9166658520698548,0.2944366037845611,0.7234398722648621,0.0898729488253593,0.905110478401184,0.1071645393967628,0.8739089369773865,0.1077289432287216,0.8919764757156372,0.0419854372739791,0.9271257519721984,0.0648189708590507,0.9189780354499816,0.046949990093708,0.9270195364952089,0.0505741685628891,0.9268429279327391,0.1734465211629867,0.8483588695526123,0.0434790514409542,0.9306433796882628,0.0739857852458953,0.9145491719245912
1119,1119,train,18227,0.0976121723651886,0.8477538824081421,0.2258748263120651,0.7096832394599915,0.1544311195611953,0.7516478300094604,0.1367239356040954,0.7688860893249512,0.1421353071928024,0.8218419551849365,0.0547394007444381,0.8956058621406555,0.0965591073036193,0.8744155168533325,0.0767101719975471,0.8830502033233643,0.0743163973093032,0.88530433177948,0.3684409558773041,0.5932486057281494,0.0548085272312164,0.8939754366874695,0.105345644056797,0.8602364659309387
1120,1120,train,17152,0.0671760365366935,0.8966394662857056,0.2584001123905182,0.7242664694786072,0.0862105637788772,0.907169759273529,0.0895533859729766,0.8597637414932251,0.1197831854224205,0.8494494557380676,0.0497585907578468,0.9161964058876038,0.0670716390013694,0.9107672572135924,0.0520971901714801,0.9166978001594543,0.0527083277702331,0.9157161116600036,0.1147548481822013,0.8570742011070251,0.0474653542041778,0.9168915748596193,0.0667097419500351,0.9058247804641724
1121,1121,train,18503,0.0800121799111366,0.8556256890296936,0.1577081233263015,0.774246096611023,0.1515037268400192,0.8396770358085632,0.12273471057415,0.8070791363716125,0.1085891053080558,0.8378254771232605,0.070547305047512,0.8845155239105225,0.1088837310671806,0.8619550466537476,0.084228403866291,0.868069052696228,0.0770194754004478,0.8781234622001648,0.2556722164154053,0.6904216408729553,0.0704031661152839,0.8752790689468384,0.1021541208028793,0.8599546551704407
1122,1122,train,17925,0.1028711348772049,0.8182620406150818,0.3589639961719513,0.5957505702972412,0.2426777780055999,0.6591919660568237,0.1823673397302627,0.7285569906234741,0.1612826436758041,0.7773116230964661,0.0578505024313926,0.8579263091087341,0.0931895226240158,0.8410386443138123,0.0761304795742034,0.8401319980621338,0.0800548195838928,0.8435714840888977,0.631393313407898,0.3787162899971008,0.0598219148814678,0.8533910512924194,0.1147586777806282,0.8151663541793823
1123,1123,train,18588,0.1064615398645401,0.8520537614822388,0.2359790056943893,0.7716384530067444,0.174093097448349,0.8241201639175415,0.1296006739139557,0.8350719809532166,0.1459588259458542,0.8401052355766296,0.0766682028770446,0.8693856000900269,0.114397145807743,0.8414664268493652,0.0902364775538444,0.854718029499054,0.0920071229338646,0.859789252281189,0.2280278950929641,0.7543530464172363,0.0788748785853385,0.8655257225036621,0.1252238154411316,0.8321018218994141
1124,1124,train,18312,0.036261074244976,0.9308827519416808,0.088904783129692,0.8724127411842346,0.0451751165091991,0.9246392250061036,0.0501830019056797,0.9108769297599792,0.0500164292752742,0.9229375720024108,0.0285316593945026,0.9379587769508362,0.0412391237914562,0.9341435432434082,0.0320037901401519,0.9384034276008606,0.0332812890410423,0.938925564289093,0.0791860148310661,0.883836030960083,0.030511712655425,0.9392488598823548,0.0452492497861385,0.9291364550590516
1125,1125,train,17121,0.1503929793834686,0.8473601341247559,0.5121039748191833,0.5942738652229309,0.4001150727272033,0.6457613706588745,0.2040289491415023,0.8047546744346619,0.2594504058361053,0.7900549173355103,0.0653607472777366,0.8883549571037292,0.1268821954727172,0.8628692626953125,0.0932022407650947,0.8704298138618469,0.1079006940126419,0.8720348477363586,0.6705942749977112,0.427374392747879,0.0700116977095604,0.8908524513244629,0.1551844477653503,0.832965075969696
1126,1126,train,18238,0.936622440814972,0.1343788504600525,0.6706607937812805,0.3656600713729858,0.9430949687957764,0.116041250526905,0.837635338306427,0.2119471728801727,0.9294966459274292,0.1540037393569946,0.6878442764282227,0.3283645510673523,0.9013045430183412,0.1745550781488418,0.902072250843048,0.1647377759218216,0.9218965768814088,0.1569945961236953,0.9278855919837952,0.1368511766195297,0.7171546220779419,0.3290871083736419,0.9374511241912842,0.1292409747838974
1127,1127,train,18726,0.1492283344268798,0.8332918286323547,0.5559442043304443,0.5144131183624268,0.810306966304779,0.3060774207115173,0.3343344330787658,0.6720636487007141,0.3276459276676178,0.7315748333930969,0.0595153868198394,0.8970656394958496,0.1058722510933876,0.872917115688324,0.0791926234960556,0.8828867673873901,0.0937174037098884,0.8776097893714905,0.8341953754425049,0.2575608193874359,0.0590679161250591,0.90088152885437,0.1516437232494354,0.8277531862258911
1128,1128,train,18302,0.4013523161411285,0.6770036816596985,0.5358777046203613,0.4988585710525512,0.851227343082428,0.2148959785699844,0.4628414511680603,0.5334384441375732,0.4623124599456787,0.6138045787811279,0.0867475569248199,0.8538191318511963,0.1897000223398208,0.809852123260498,0.1935645788908004,0.8051503896713257,0.2248039543628692,0.797584056854248,0.8966003656387329,0.1787267625331878,0.0893438532948494,0.8543124198913574,0.3820946812629699,0.7002118229866028
1129,1129,train,18555,0.1958532184362411,0.7915646433830261,0.5218966007232666,0.5416299104690552,0.5525054335594177,0.5723477005958557,0.3064409494400024,0.684495747089386,0.3096590936183929,0.7111630439758301,0.0921600461006164,0.8705728054046631,0.1651361733675003,0.8352866768836975,0.1195355355739593,0.8590855002403259,0.1345578879117965,0.8517608046531677,0.6493600010871887,0.4433777630329132,0.0905159264802932,0.8687801957130432,0.1969401240348816,0.8108168244361877
1130,1130,test,18291,0.0908585414290428,0.865443229675293,0.2059851437807083,0.7965242862701416,0.199402704834938,0.8123796582221985,0.1070161014795303,0.8521875739097595,0.1248344257473945,0.8574075698852539,0.0718607306480407,0.8791072964668274,0.1063004285097122,0.8558446168899536,0.0836158394813537,0.8660115599632263,0.0839242562651634,0.8708415031433105,0.2526908218860626,0.7165349721908569,0.072417601943016,0.8713814616203308,0.1109609603881836,0.850852370262146
1131,1131,train,17000,0.8146327137947083,0.3437507152557373,0.6478917598724365,0.4047429263591766,0.9307694435119628,0.1294488906860351,0.7568492293357849,0.3056003153324127,0.8562854528427124,0.2933401763439178,0.2531569898128509,0.7258910536766052,0.6233539581298828,0.5607948899269104,0.6212628483772278,0.5205658078193665,0.6877034902572632,0.4872676134109497,0.9187704920768738,0.1543178409337997,0.2524028420448303,0.7488417625427246,0.7859880328178406,0.3714897930622101
1132,1132,test,18734,0.1695559173822403,0.7290933132171631,0.3561596870422363,0.5850727558135986,0.3446452617645263,0.5947867035865784,0.2056255340576172,0.6479803323745728,0.2797848880290985,0.6361485123634338,0.0789793506264686,0.8076515793800354,0.1343661844730377,0.7456009387969971,0.1081534698605537,0.760103166103363,0.1112621873617172,0.775399923324585,0.5183688402175903,0.4390017986297607,0.0768030658364296,0.8057401180267334,0.1652606576681137,0.7135414481163025
1133,1133,test,17156,0.2927387356758117,0.6930438280105591,0.6581883430480957,0.4006468057632446,0.8948081135749817,0.1867204308509826,0.6376486420631409,0.4108845889568329,0.6168519854545593,0.4635714888572693,0.0856585651636123,0.851864755153656,0.1526399254798889,0.808140754699707,0.1221918612718582,0.8221205472946167,0.1459719240665435,0.805568277835846,0.8967577219009399,0.1729504913091659,0.0844609513878822,0.8615178465843201,0.2431261241436004,0.7232568860054016
1134,1134,train,17098,0.0972520634531974,0.8538209199905396,0.2136425077915191,0.7106115818023682,0.1508926451206207,0.8170827031135559,0.1166473180055618,0.7929468154907227,0.1334940791130066,0.8229567408561707,0.0484650954604148,0.9009559154510498,0.083629161119461,0.8743921518325806,0.0622035674750804,0.88778156042099,0.0731112360954284,0.8871728777885437,0.3608239889144897,0.5942881107330322,0.0475533008575439,0.8981814384460449,0.0975533872842788,0.8670406341552734
1135,1135,train,18444,0.28803750872612,0.6139466166496277,0.5150589346885681,0.4735193848609924,0.7387735247612,0.3094145953655243,0.3725660741329193,0.5280854105949402,0.4120310246944427,0.5458928942680359,0.11605866253376,0.7633882164955139,0.2183368802070617,0.6826868057250977,0.1905717700719833,0.6901279091835022,0.1850368231534958,0.6988018155097961,0.789371907711029,0.277006983757019,0.1110486984252929,0.7521888017654419,0.2670089304447174,0.6387647986412048
1136,1136,train,18624,0.94041508436203,0.1302006691694259,0.6734203696250916,0.3662378787994385,0.9442136287689208,0.1093235313892364,0.8468552827835083,0.2114475220441818,0.9300780296325684,0.1505108028650283,0.6914067268371582,0.2789147496223449,0.891721785068512,0.1553405225276947,0.9049132466316224,0.1412350088357925,0.921358585357666,0.1453481316566467,0.9271584749221802,0.138044074177742,0.7148758769035339,0.269295871257782,0.9341858625411988,0.1235521659255027
1137,1137,test,18112,0.0754627436399459,0.9093299508094788,0.3709683418273926,0.6728571653366089,0.1458903551101684,0.8774768710136414,0.1096369847655296,0.8500797152519226,0.1321557164192199,0.8738095760345459,0.0544834025204181,0.9168490767478944,0.085399217903614,0.9051417708396912,0.0635570883750915,0.9152712821960448,0.0646795034408569,0.9195751547813416,0.1870623081922531,0.827996015548706,0.0515115745365619,0.9201104044914246,0.0943279936909675,0.8981116414070129
1138,1138,train,17861,0.1823513656854629,0.6915169358253479,0.6030750274658203,0.4148276746273041,0.1499443352222442,0.787980854511261,0.2887554168701172,0.5966455340385437,0.4108916223049164,0.5071492195129395,0.0591683462262153,0.8582083582878113,0.0924167558550834,0.827925980091095,0.0675419420003891,0.844149112701416,0.0785750746726989,0.8307662010192871,0.5668874382972717,0.4405944049358368,0.0581804476678371,0.8569583296775818,0.1168166846036911,0.772796630859375
1139,1139,train,17638,0.1273823976516723,0.8185207843780518,0.3580262959003448,0.6372265815734863,0.0909743905067443,0.8298449516296387,0.1685993522405624,0.7482742667198181,0.2183807492256164,0.7705960869789124,0.051154751330614,0.8956389427185059,0.0976240411400795,0.8651895523071289,0.0717624500393867,0.8744370937347412,0.0843439102172851,0.8724879622459412,0.4756032228469848,0.5282556414604187,0.0495981276035308,0.8943710923194885,0.1323278099298477,0.8169898986816406
1140,1140,train,18217,0.0617755465209484,0.9127349257469176,0.1793505549430847,0.8048715591430664,0.1328690499067306,0.8243650197982788,0.073458507657051,0.8791005611419678,0.0857448205351829,0.8957759737968445,0.0387630686163902,0.9290027618408204,0.0621976926922798,0.9221825003623962,0.0481342263519763,0.9239457845687866,0.0525337904691696,0.9251168370246888,0.2701892852783203,0.7477545142173767,0.0377801842987537,0.9264991879463196,0.0705818310379982,0.9115625619888306
1141,1141,train,17434,0.0705838352441787,0.885893702507019,0.186062142252922,0.7531790137290955,0.1026553958654403,0.8691679835319519,0.107094757258892,0.8293099403381348,0.1084510162472724,0.8594740629196167,0.0486395545303821,0.9030198454856871,0.0786313787102699,0.8926325440406799,0.0623533315956592,0.9024602174758912,0.0591702833771705,0.904357612133026,0.1693738847970962,0.8094154596328735,0.0513654723763465,0.9008461236953736,0.0780594795942306,0.8916988372802734
1142,1142,train,17011,0.1115297451615333,0.7585216164588928,0.4622869789600372,0.565548837184906,0.1687643378973007,0.7345770001411438,0.2212512642145156,0.6528390049934387,0.2423173785209655,0.661262571811676,0.0549304075539112,0.8506890535354614,0.1009681448340416,0.804706335067749,0.0815984979271888,0.8220046162605286,0.0852420181035995,0.8054222464561462,0.5769541263580322,0.4654817283153534,0.0570681877434253,0.8542609214782715,0.1301618665456771,0.755244791507721
1143,1143,train,16961,0.9222294092178344,0.1375430226325988,0.672171950340271,0.3616827428340912,0.9343178272247314,0.1165108010172844,0.8392161130905151,0.1951100975275039,0.917479932308197,0.1482403725385666,0.6687042117118835,0.286688357591629,0.88347989320755,0.1625746935606002,0.8723326325416565,0.1574583202600479,0.8974325656890869,0.1500465422868728,0.923979878425598,0.1303721368312835,0.6768195033073425,0.2909504175186157,0.9177024364471436,0.1259340643882751
1144,1144,test,17882,0.0569136887788772,0.9039249420166016,0.1360503584146499,0.8071885108947754,0.119639977812767,0.8475209474563599,0.0720114782452583,0.8643182516098022,0.0760015100240707,0.8816660642623901,0.0507597438991069,0.912699580192566,0.0707714185118675,0.8985074758529663,0.0594343766570091,0.9028729796409608,0.0546743459999561,0.9107959866523744,0.1685345619916916,0.77189701795578,0.0514660142362117,0.9110771417617798,0.0730372741818428,0.8962662816047668
1145,1145,train,16957,0.0414739474654197,0.915647268295288,0.1198777854442596,0.8322875499725342,0.0578943379223346,0.9114567637443542,0.0607398226857185,0.8815842866897583,0.0632640719413757,0.8964504599571228,0.0337593555450439,0.9260934591293336,0.0464755557477474,0.919074773788452,0.0366516560316085,0.9264357686042786,0.0356031507253646,0.9232702255249025,0.0786836296319961,0.8766123056411743,0.0334323346614837,0.9230247735977172,0.0490433610975742,0.9114706516265868
1146,1146,train,17583,0.0712069049477577,0.8610729575157166,0.1857814043760299,0.7530069947242737,0.0929311364889144,0.8781123161315918,0.1077130064368248,0.8174757361412048,0.1068349257111549,0.8310232758522034,0.0550758205354213,0.8860460519790649,0.0786452814936637,0.8686952590942383,0.0603151507675647,0.8824062943458557,0.0627293810248375,0.8845497369766235,0.1788947135210037,0.7569292783737183,0.0543177723884582,0.889188826084137,0.0822208225727081,0.8690683841705322
1147,1147,test,18607,0.3014940321445465,0.6434616446495056,0.6163948178291321,0.4642251431941986,0.4683058857917785,0.4772013425827026,0.3668349981307983,0.5586810111999512,0.4989850223064422,0.5541683435440063,0.0790783241391182,0.8198890686035156,0.1615437567234039,0.7467049956321716,0.1300952583551406,0.7608700394630432,0.1477906703948974,0.7601724863052368,0.8668031692504883,0.2340119034051895,0.0733919739723205,0.8144749402999878,0.2432844042778015,0.6802092790603638
1148,1148,train,17800,0.1376827210187912,0.777107298374176,0.3864827752113342,0.6131693720817566,0.2351088374853134,0.7259706854820251,0.1826692521572113,0.7383903861045837,0.221333622932434,0.7210040092468262,0.0861780047416687,0.8284011483192444,0.1272710412740707,0.8028241991996765,0.0963088944554328,0.8219807744026184,0.0997510999441146,0.8166378736495972,0.2718512117862701,0.6878259778022766,0.0844460874795913,0.8245176672935486,0.1257487684488296,0.8050974011421204
1149,1149,train,17944,0.1170928180217742,0.8147150278091431,0.4673527479171753,0.527860701084137,0.6534456014633179,0.4241293370723724,0.2605254650115967,0.6565250158309937,0.2382894456386566,0.7245065569877625,0.0637205690145492,0.8782688975334167,0.1022651642560958,0.8530619740486145,0.0818968564271926,0.8660317659378052,0.081470251083374,0.8623067736625671,0.81708163022995,0.2492038756608963,0.0621405765414238,0.8747477531433105,0.1295660734176635,0.8262603282928467
1150,1150,train,18341,0.0947866141796112,0.8123698830604553,0.3941117227077484,0.5622509121894836,0.1822589635848999,0.739412784576416,0.1634300649166107,0.7070133686065674,0.1851642876863479,0.7573614120483398,0.0492500364780426,0.8609378337860107,0.0820479616522789,0.8427760601043701,0.0681914836168289,0.8386039137840271,0.0702199637889862,0.8453243970870972,0.4986438751220703,0.4354172646999359,0.0518845096230506,0.8593828678131104,0.0985061302781105,0.8126159906387329
1151,1151,train,18510,0.7627984881401062,0.399467259645462,0.6158103942871094,0.4627847671508789,0.9195230007171632,0.1473934948444366,0.7396478652954102,0.344673603773117,0.7826036214828491,0.3941867351531982,0.1725687980651855,0.7859266996383667,0.4069078862667084,0.6815903186798096,0.3538179695606231,0.6840270161628723,0.5237400531768799,0.6034368872642517,0.9119255542755128,0.1619547009468078,0.159198597073555,0.8107248544692993,0.740673303604126,0.3873145580291748
1152,1152,train,16959,0.1766266077756881,0.7871526479721069,0.5342110991477966,0.502640962600708,0.2403546273708343,0.7054378390312195,0.2810529470443725,0.6833972334861755,0.3105418980121612,0.7045661807060242,0.0721555426716804,0.8777031898498535,0.134757250547409,0.8419350981712341,0.1110228896141052,0.8484651446342468,0.1234461441636085,0.8450140357017517,0.5861181020736694,0.5057093501091003,0.0704602971673011,0.8721117377281189,0.183864951133728,0.7875441312789917
1153,1153,test,17409,0.1170591413974762,0.86090487241745,0.2841917872428894,0.6837658882141113,0.2713209986686706,0.7068950533866882,0.1753838658332824,0.7792539596557617,0.1761563867330551,0.8354746103286743,0.0620175376534462,0.8971767425537109,0.1131480932235717,0.8732762932777405,0.087519347667694,0.8802433013916016,0.0869385302066803,0.8825806975364685,0.4432581961154938,0.5975136160850525,0.064585380256176,0.897072434425354,0.1275229305028915,0.8505381941795349
1154,1154,train,17942,0.0817122235894203,0.886916995048523,0.3521234095096588,0.663569450378418,0.1261467039585113,0.8816268444061279,0.1289208531379699,0.8447996377944946,0.1547734439373016,0.8284096121788025,0.0487538240849971,0.92192542552948,0.0807456076145172,0.903416097164154,0.0590330250561237,0.9180307388305664,0.0626834332942962,0.9172186255455016,0.174100175499916,0.8286361694335938,0.0503407977521419,0.9207809567451476,0.1012942790985107,0.8968505263328552
1155,1155,train,18283,0.7798590064048767,0.3301497399806976,0.6485592722892761,0.391122430562973,0.8654200434684753,0.2187157869338989,0.7522560954093933,0.3064253330230713,0.8405910730361938,0.2755675017833709,0.2177372425794601,0.6801558136940002,0.503497838973999,0.5358393788337708,0.5132820010185242,0.5051946043968201,0.5483730435371399,0.51851487159729,0.9128419756889344,0.1544025987386703,0.1933526247739792,0.7136469483375549,0.693326473236084,0.3980506956577301
1156,1156,train,17707,0.1669920831918716,0.8708261251449585,0.3480476438999176,0.6921250224113464,0.7157912254333496,0.4195608794689178,0.2419593781232834,0.767378568649292,0.2484138011932373,0.8107085227966309,0.0620764642953872,0.9115555286407472,0.1252745985984802,0.8974018096923828,0.1167061179876327,0.8997072577476501,0.1072040423750877,0.9064670205116272,0.7595798373222351,0.3571082055568695,0.0620095022022724,0.9202677607536316,0.1523839682340622,0.8720839023590088
1157,1157,train,18582,0.0755743011832237,0.88980633020401,0.2511568665504455,0.7346184253692627,0.1023662313818931,0.8785462975502014,0.1157540902495384,0.8366683721542358,0.1261950135231018,0.8574610948562622,0.0586241856217384,0.902799427509308,0.0843661427497863,0.8947018384933472,0.0680834725499153,0.9051553010940552,0.0678628906607627,0.9019530415534972,0.1672009229660034,0.8147959113121033,0.059419397264719,0.9033549427986144,0.0862318873405456,0.893126904964447
1158,1158,train,18458,0.0682576596736908,0.8828219771385193,0.3762153089046478,0.6294368505477905,0.1027515903115272,0.8717882633209229,0.1289442926645279,0.8202206492424011,0.1629786193370819,0.8134523630142212,0.0522372312843799,0.9065442085266112,0.0705599710345268,0.8965286612510681,0.0547692365944385,0.8988146185874939,0.0563013181090354,0.9006683826446533,0.1935548037290573,0.7887951731681824,0.0513936541974544,0.90288645029068,0.0780464708805084,0.8816236853599548
1159,1159,train,17340,0.5573206543922424,0.5197027325630188,0.6072321534156799,0.4439966380596161,0.8889757394790649,0.1881518065929412,0.5677634477615356,0.4672247469425201,0.6559879779815674,0.4524208903312683,0.1333878934383392,0.757621705532074,0.3610519170761108,0.6187054514884949,0.3219669163227081,0.6227986216545105,0.3395870327949524,0.6397163271903992,0.8834528923034668,0.1840844899415969,0.1309860199689865,0.7631469964981079,0.4784492254257202,0.5394855737686157
1160,1160,train,18543,0.529688835144043,0.5758975744247437,0.6455761194229126,0.4064851403236389,0.85247802734375,0.2205787897109985,0.6796479821205139,0.3811450898647308,0.7476712465286255,0.4081507325172424,0.0834432169795036,0.8557984232902527,0.1958655714988708,0.7962448000907898,0.1988350450992584,0.7868666648864746,0.242913007736206,0.7700217962265015,0.9055160880088806,0.1630228757858276,0.0837189480662345,0.8470732569694519,0.4138059914112091,0.6517388820648193
1161,1161,train,17431,0.0871103033423423,0.8510878682136536,0.5397583842277527,0.4706559181213379,0.1633498519659042,0.7741660475730896,0.1605071723461151,0.7487233877182007,0.2042132467031479,0.7208148241043091,0.0519976131618022,0.8884159326553345,0.0902782902121543,0.8735119700431824,0.0636269524693489,0.8788493275642395,0.0707650631666183,0.8775286674499512,0.6290296316146851,0.4059470295906067,0.0529347173869609,0.8914060592651367,0.1055172607302665,0.8470091223716736
1162,1162,train,18267,0.0505735054612159,0.9376251697540284,0.1032886058092117,0.879286527633667,0.094294860959053,0.8983616232872009,0.0599731318652629,0.917501986026764,0.0611536242067813,0.9326906204223632,0.0342519097030162,0.944383978843689,0.0509793199598789,0.9388378262519836,0.0428609512746334,0.9402670860290528,0.0427974760532379,0.9436118006706238,0.1377772092819214,0.8605743050575256,0.0347708873450756,0.945429503917694,0.0598743893206119,0.9334591627120972
1163,1163,test,17120,0.081088900566101,0.8166118860244751,0.255202442407608,0.6188841462135315,0.0672913044691085,0.8666078448295593,0.1261971294879913,0.7486091256141663,0.157191976904869,0.7306658625602722,0.0538627654314041,0.8607155084609985,0.0744132921099662,0.8439537286758423,0.0570507943630218,0.8521365523338318,0.0595391988754272,0.847052812576294,0.154348149895668,0.73214191198349,0.0522589050233364,0.8466114401817322,0.0749946609139442,0.8402374386787415
1164,1164,train,17951,0.1085234433412551,0.7800545692443848,0.3341638743877411,0.6240386962890625,0.21437469124794,0.7200585007667542,0.154517188668251,0.752429723739624,0.2080789506435394,0.7095943689346313,0.0800201818346977,0.8238457441329956,0.1233212575316429,0.782453179359436,0.0856890901923179,0.8168596029281616,0.090678185224533,0.8066132664680481,0.3031323552131653,0.6440698504447937,0.0781549662351608,0.824788510799408,0.1242495775222778,0.7805402278900146
1165,1165,train,18166,0.075742483139038,0.821843683719635,0.1923212110996246,0.7051380276679993,0.1382299810647964,0.7715957164764404,0.1207631006836891,0.7554945945739746,0.1314294040203094,0.8037510514259338,0.0596563331782817,0.8610837459564209,0.0992178097367286,0.8311541080474854,0.0759482905268669,0.8372661471366882,0.0747009292244911,0.8431436419487,0.4188169538974762,0.47772416472435,0.0609869807958602,0.8483492732048035,0.1057657226920127,0.8132439255714417
1166,1166,train,18597,0.1791023015975952,0.7660499215126038,0.4071838855743408,0.5929116606712341,0.5708682537078857,0.4895871579647064,0.2224790751934051,0.7027661204338074,0.2859213352203369,0.7148301005363464,0.0870906487107276,0.8365899324417114,0.1484849601984024,0.7901310324668884,0.1224958226084709,0.7948737740516663,0.1261209547519683,0.8045486211776733,0.6633362174034119,0.3572899103164673,0.0878823027014732,0.8289767503738403,0.1860116720199585,0.746161699295044
1167,1167,train,18277,0.109581135213375,0.8680158853530884,0.3082915842533111,0.718508243560791,0.1261343955993652,0.8331143260002136,0.1668780148029327,0.8116196990013123,0.1932854652404785,0.8314940929412842,0.055096361786127,0.9102981686592102,0.0850726217031478,0.8978520035743713,0.0638616234064102,0.9041386246681212,0.0735872685909271,0.8981269598007202,0.2878952026367187,0.7191857695579529,0.0565947070717811,0.9106358289718628,0.1096401438117027,0.8673142790794373
1168,1168,train,18642,0.7723633050918579,0.3108119070529938,0.6879314184188843,0.3662789463996887,0.92246675491333,0.1483798027038574,0.7876772284507751,0.2769342958927154,0.8785154223442078,0.2019109427928924,0.1275037974119186,0.759263277053833,0.2991879880428314,0.6441146731376648,0.26435387134552,0.6387028694152832,0.398063987493515,0.5697869062423706,0.8960151076316833,0.1770784258842468,0.1281565725803375,0.7822620868682861,0.6308066248893738,0.3655375838279724
1169,1169,test,17464,0.093820035457611,0.863446831703186,0.3163817822933197,0.7081533074378967,0.1466333717107772,0.7859086394309998,0.1343294978141784,0.7947735786437988,0.1454333215951919,0.8428953289985657,0.0527815744280815,0.8797314763069153,0.083342432975769,0.864608108997345,0.0648976117372512,0.8692455291748047,0.0665829852223396,0.8721305131912231,0.275379329919815,0.7129566669464111,0.0517563968896865,0.8797939419746399,0.0875067487359047,0.8468894958496094
1170,1170,train,17699,0.9188119769096376,0.1524956375360489,0.6561900973320007,0.3948607742786407,0.942211091518402,0.1144253462553024,0.8209275603294373,0.2319546192884445,0.9166308641433716,0.1663856208324432,0.6231494545936584,0.3215965628623962,0.8819559216499329,0.1527687460184097,0.8897069096565247,0.1485451459884643,0.9014538526535034,0.163861870765686,0.9236869215965272,0.1408202201128006,0.6550940275192261,0.3252672851085663,0.9202805757522584,0.1311335414648056
1171,1171,train,17306,0.0850939229130745,0.8940457701683044,0.4629651308059692,0.598190188407898,0.5545373558998108,0.5486884117126465,0.2117553502321243,0.7704183459281921,0.155028611421585,0.853036642074585,0.0421901978552341,0.9190357327461244,0.062592513859272,0.9128270149230956,0.0496398583054542,0.9133785963058472,0.05814690887928,0.914439022541046,0.8228191137313843,0.2706656157970428,0.0420164838433265,0.9173600077629088,0.0902381241321563,0.8880198001861572
1172,1172,train,18256,0.0495052672922611,0.8675128221511841,0.1443877816200256,0.762260913848877,0.076623611152172,0.8360609412193298,0.070424236357212,0.8297626376152039,0.0728410631418228,0.8516238927841187,0.040351677685976,0.8852121829986572,0.058866910636425,0.8691281676292419,0.0448512956500053,0.874611496925354,0.0451800711452961,0.8766902685165405,0.1392305642366409,0.754651665687561,0.0396801643073558,0.8757694959640503,0.0626519247889518,0.8646911382675171
1173,1173,train,18276,0.8637409210205078,0.2586352527141571,0.6477934718132019,0.3977258503437042,0.9320474863052368,0.1323850154876709,0.7494413256645203,0.3011626303195953,0.8701416850090027,0.2479016780853271,0.4206937551498413,0.559697687625885,0.704745352268219,0.397464781999588,0.7330116033554077,0.3781700134277344,0.8097689747810364,0.3297112286090851,0.9207796454429626,0.1495895981788635,0.3850563466548919,0.6173229813575745,0.8517754077911377,0.2559156119823456
1174,1174,test,17748,0.0577929504215717,0.9119030237197876,0.1694589555263519,0.8037862777709961,0.1116199642419815,0.8716042637825012,0.097800001502037,0.8580179214477539,0.0876709893345832,0.8971213102340698,0.0473664328455925,0.9240655303001404,0.072764053940773,0.9145422577857972,0.0546773523092269,0.9218785166740416,0.0538635700941085,0.9227297306060792,0.1467138677835464,0.838408887386322,0.0480249561369419,0.9250853061676024,0.0760974809527397,0.9068121314048768
1175,1175,train,17167,0.0931271910667419,0.8494359254837036,0.3287484049797058,0.6823247075080872,0.0706797391176223,0.8746747970581055,0.1530136913061142,0.7837101221084595,0.1733431071043014,0.7993891835212708,0.0516879670321941,0.8877573013305664,0.0815419629216194,0.8734784126281738,0.0618933141231536,0.8815282583236694,0.0666135773062706,0.8735424280166626,0.2797538340091705,0.6764490604400635,0.0549101382493972,0.888608455657959,0.1038603261113166,0.8423095345497131
1176,1176,train,17229,0.0482597947120666,0.8837803602218628,0.1857323497533798,0.7495139837265015,0.0532717630267143,0.9016762375831604,0.0698979347944259,0.8507271409034729,0.0811612159013748,0.8670985698699951,0.0401790402829647,0.8960151672363281,0.0633125379681587,0.886358380317688,0.0453060083091259,0.8904159665107727,0.0453490726649761,0.8927401900291443,0.0977328717708587,0.8466588854789734,0.0392153225839138,0.8921834826469421,0.0632969960570335,0.8881343007087708
1177,1177,train,17952,0.2198530435562133,0.6872838139533997,0.488329142332077,0.5367758870124817,0.3178827464580536,0.657719612121582,0.3141594529151916,0.621995210647583,0.3774931728839874,0.5822084546089172,0.128549724817276,0.7693725824356079,0.162881851196289,0.7418655157089233,0.1451000869274139,0.7513866424560547,0.1551640331745147,0.7409323453903198,0.4090501666069031,0.5574876666069031,0.1302485316991806,0.7566662430763245,0.166707307100296,0.7167754769325256
1178,1178,train,17439,0.9162130951881408,0.1770471632480621,0.6777183413505554,0.3631927669048309,0.938209056854248,0.1190910786390304,0.8464840054512024,0.2159709334373474,0.9125006198883056,0.1782618463039398,0.6094993352890015,0.3803554177284241,0.8701881170272827,0.211336150765419,0.8735013008117676,0.1996328979730606,0.8987706303596497,0.195698082447052,0.92613023519516,0.1364651471376419,0.6552906036376953,0.3909522593021393,0.905285120010376,0.1673609465360641
1179,1179,train,18507,0.0913770943880081,0.8654451370239258,0.2106518894433975,0.7367545366287231,0.158069759607315,0.7925502061843872,0.1434178650379181,0.7960758805274963,0.1525143980979919,0.8402286767959595,0.04958376288414,0.8841246962547302,0.0813471227884292,0.8719083666801453,0.0669322088360786,0.8796931505203247,0.0660409107804298,0.8837520480155945,0.4547199308872223,0.5697553157806396,0.0504539310932159,0.8814455270767212,0.0992452129721641,0.8580431938171387
1180,1180,train,16963,0.8693380355834961,0.2216995656490326,0.6670653223991394,0.3933061361312866,0.93390154838562,0.1331790536642074,0.7918181419372559,0.2621364891529083,0.8720657229423523,0.2378012686967849,0.4045017659664154,0.6085267066955566,0.6557028293609619,0.4436969459056854,0.6830121874809265,0.4142705500125885,0.7376302480697632,0.3727248013019562,0.9211836457252502,0.1489574164152145,0.3683724999427795,0.6439862847328186,0.8433224558830261,0.2526592910289764
1181,1181,train,17812,0.1100350096821785,0.8280636072158813,0.5419397950172424,0.5122097134590149,0.1352790743112564,0.8141472935676575,0.2315706014633178,0.6882550716400146,0.2479137182235717,0.7126731872558594,0.0574988350272178,0.8857123255729675,0.1012062430381774,0.8532411456108093,0.0708321928977966,0.8707183599472046,0.0785649567842483,0.8628518581390381,0.6211566925048828,0.443335622549057,0.0574882440268993,0.8843541145324707,0.1130961179733276,0.8299934267997742
1182,1182,train,17736,0.0819847583770752,0.8177835941314697,0.4064946174621582,0.6012594103813171,0.1923220753669738,0.7522369623184204,0.1415020674467086,0.7727075815200806,0.1994765847921371,0.7433892488479614,0.0604449771344661,0.864124596118927,0.0872913300991058,0.8458997011184692,0.0687207579612732,0.8534278869628906,0.0682011842727661,0.8440530896186829,0.287311315536499,0.6701508164405823,0.0589090697467327,0.8621861934661865,0.092140756547451,0.8242531418800354
1183,1183,train,18339,0.0428607314825058,0.9270700216293336,0.1359353810548782,0.8374578952789307,0.0577186681330204,0.9206528663635254,0.0669320151209831,0.8921690583229065,0.0665257647633552,0.9126885533332824,0.0380174070596694,0.9300476908683776,0.056385438889265,0.926285982131958,0.0410713255405426,0.93173086643219,0.0420020520687103,0.9330383539199828,0.0912738740444183,0.8947368264198303,0.0385732054710388,0.93110591173172,0.0582299418747425,0.925105631351471
1184,1184,train,17922,0.9152177572250366,0.1624560207128524,0.6848985552787781,0.3758651614189148,0.9406508803367616,0.1204384341835975,0.8263736367225647,0.2371310591697693,0.9129396677017212,0.1728674471378326,0.547787070274353,0.3910488486289978,0.8326725363731384,0.2142068892717361,0.8518953323364258,0.1952603012323379,0.8646388649940491,0.2065983265638351,0.9190745949745178,0.1529776602983474,0.586877703666687,0.3850937485694885,0.8925914168357849,0.1660922765731811
1185,1185,train,17987,0.1999732851982116,0.7156589031219482,0.46958789229393,0.5415776371955872,0.5409592986106873,0.4858604371547699,0.2879707515239715,0.6404116749763489,0.3807894587516784,0.6393035054206848,0.0954517498612403,0.8103757500648499,0.1772570610046386,0.7520477175712585,0.1410241872072219,0.7624131441116333,0.14363494515419,0.7679688930511475,0.794787585735321,0.2718711495399475,0.0814248323440551,0.7926806807518005,0.2112986743450164,0.7225393652915955
1186,1186,train,17618,0.0635295361280441,0.8526684641838074,0.1611754745244979,0.7745380401611328,0.0596658028662204,0.8549361824989319,0.0846166834235191,0.8225035667419434,0.0892318785190582,0.8356503844261169,0.0407003164291381,0.8663721084594727,0.0588718801736831,0.859639585018158,0.0477057620882988,0.8638609647750854,0.0479145161807537,0.8676479458808899,0.1155024915933609,0.8059177994728088,0.0420044884085655,0.863792359828949,0.0617466382682323,0.8600993156433105
1187,1187,test,18140,0.0932309627532959,0.8425257802009583,0.4652764499187469,0.5688065886497498,0.1753668338060379,0.7456672787666321,0.1755873709917068,0.7584559917449951,0.1660425066947937,0.8003515601158142,0.0442665927112102,0.8984413743019104,0.077400617301464,0.8780588507652283,0.0607540197670459,0.8850932717323303,0.0664800256490707,0.8830471634864807,0.4555154144763946,0.5693715214729309,0.0466054007411003,0.8961669206619263,0.0963031575083732,0.8553582429885864
1188,1188,train,18209,0.1416049152612686,0.7537146806716919,0.3155652284622192,0.596403956413269,0.2111151665449142,0.6604136228561401,0.1838286817073822,0.6860909461975098,0.2045072317123413,0.704140305519104,0.0773061364889144,0.8170901536941528,0.12972092628479,0.7732492089271545,0.1068078577518463,0.7869275808334351,0.1082926094532013,0.7881993651390076,0.4071842432022095,0.5000452399253845,0.0794318690896034,0.8097398281097412,0.1270980089902877,0.7608543038368225
1189,1189,train,17587,0.0918292924761772,0.9081348776817322,0.2782366275787353,0.7846018671989441,0.1267949789762497,0.8782916069030762,0.1333277523517608,0.8506049513816833,0.137390986084938,0.8870256543159485,0.0508743748068809,0.9360238909721376,0.0928161367774009,0.920627236366272,0.0712569802999496,0.9266611337661744,0.071569874882698,0.9286532998085022,0.2308727204799652,0.8053301572799683,0.0506380572915077,0.934931457042694,0.10299052298069,0.9101213216781616
1190,1190,test,18593,0.9434981346130372,0.1202951222658157,0.66916823387146,0.3631002008914947,0.9452274441719056,0.1098811030387878,0.848129391670227,0.2034711241722107,0.93228280544281,0.1423914432525634,0.7747935652732849,0.254495620727539,0.9176501631736756,0.1394438445568084,0.923256516456604,0.1305050402879715,0.9364774227142334,0.1271883249282837,0.9286236763000488,0.1307281106710434,0.8025437593460083,0.2503028810024261,0.9442389011383056,0.1112377196550369
1191,1191,train,17210,0.1903304904699325,0.7092697620391846,0.4443530142307281,0.551802396774292,0.4363919198513031,0.5119030475616455,0.2347704470157623,0.6555097699165344,0.3272674679756164,0.6226633787155151,0.0935064479708671,0.7708620429039001,0.1532747000455856,0.7185736894607544,0.1368801742792129,0.7105246186256409,0.140556588768959,0.7322365045547485,0.6109654307365417,0.3780040442943573,0.0861478000879287,0.7733979225158691,0.2302373051643371,0.6588165163993835
1192,1192,train,18320,0.1648463159799575,0.8499757647514343,0.3919842839241028,0.6734038591384888,0.6589353680610657,0.4971341490745544,0.2790918052196502,0.7341504096984863,0.2972888946533203,0.8010712265968323,0.0532896444201469,0.9098233580589294,0.0989461243152618,0.887805163860321,0.07826779037714,0.8943257927894592,0.0944929867982864,0.8933326601982117,0.8342700004577637,0.3137181103229522,0.0531820990145206,0.9117603302001952,0.1594669967889785,0.852193295955658
1193,1193,train,17437,0.5255053639411926,0.6137802004814148,0.5094308257102966,0.5819618105888367,0.8739303946495056,0.2089468985795974,0.5183613300323486,0.5415153503417969,0.5950906872749329,0.5832387208938599,0.1336295008659362,0.8342387676239014,0.2857235074043274,0.7672042846679688,0.2577047348022461,0.7690584659576416,0.3247478604316711,0.7534162402153015,0.8837109804153442,0.2297808527946472,0.1338453143835067,0.840313196182251,0.4896123111248016,0.6218716502189636
1194,1194,test,18342,0.1791199296712875,0.7583292126655579,0.4553515315055847,0.5739794373512268,0.3343902230262756,0.6408926844596863,0.261684387922287,0.6725412607192993,0.2725180685520172,0.7155529856681824,0.0871100425720214,0.8523483872413635,0.1701991111040115,0.8043888807296753,0.1259776651859283,0.8174961805343628,0.1350880414247512,0.8123971819877625,0.6732233762741089,0.3745669424533844,0.0877749174833297,0.844666600227356,0.2020415365695953,0.7443569898605347
1195,1195,train,18288,0.5378354787826538,0.5461665987968445,0.6566091179847717,0.389176994562149,0.9156477451324464,0.1738889813423156,0.6512078642845154,0.4025737047195434,0.7114132046699524,0.4094181060791015,0.1288760900497436,0.8116618990898132,0.2474045306444168,0.7425961494445801,0.2359310239553451,0.7430946230888367,0.2427964061498642,0.7446532249450684,0.914316713809967,0.1628013253211975,0.1143481060862541,0.8201895356178284,0.4176729023456573,0.6259270310401917
1196,1196,train,18109,0.6362104415893555,0.4753496944904327,0.6525589227676392,0.4081409871578216,0.9120521545410156,0.1577848047018051,0.7134709358215332,0.3484044075012207,0.7425621747970581,0.3867235779762268,0.126761108636856,0.8026148080825806,0.2972281277179718,0.7256109118461609,0.3363874554634094,0.680875837802887,0.3299491703510284,0.6918907761573792,0.91028493642807,0.1612549573183059,0.1243519261479377,0.809751033782959,0.5232981443405151,0.549971878528595
1197,1197,train,18591,0.0999496728181839,0.8556625247001648,0.2882063090801239,0.6892611980438232,0.1532971560955047,0.7890684604644775,0.1459690183401107,0.7959067225456238,0.1491899490356445,0.819450855255127,0.0665181428194046,0.8779545426368713,0.1068083792924881,0.8610521554946899,0.0804132670164108,0.8725094795227051,0.0792532041668891,0.8735567331314087,0.3213571012020111,0.6618327498435974,0.0663504004478454,0.8815098404884338,0.1056860387325286,0.8558055758476257
1198,1198,train,17039,0.7601074576377869,0.3995895087718963,0.6178668737411499,0.466942548751831,0.913594365119934,0.1614486277103424,0.7268857955932617,0.3638018369674682,0.7862300276756287,0.3935089409351349,0.1898986548185348,0.764541506767273,0.4095720946788788,0.6582736968994141,0.3865469396114349,0.672252357006073,0.4913896024227142,0.631732702255249,0.9188694357872008,0.1600182354450225,0.1757162511348724,0.7940446734428406,0.7373290657997131,0.4214418530464172
1199,1199,train,18085,0.1185635030269622,0.8092219829559326,0.5840462446212769,0.4705315828323364,0.2046043127775192,0.7656120657920837,0.2080114632844925,0.731581449508667,0.3022503852844238,0.6808260083198547,0.0618019551038742,0.8814132213592529,0.0869592651724815,0.8588190078735352,0.0603733137249946,0.8708985447883606,0.0706062540411949,0.8630411624908447,0.449390560388565,0.5570397973060608,0.0605828464031219,0.8792343735694885,0.1070482358336448,0.8326241970062256
1200,1200,train,17943,0.3494668900966644,0.6441592574119568,0.6159658432006836,0.4160332381725311,0.6184087991714478,0.4564226865768432,0.4807725548744201,0.4857338368892669,0.6340163350105286,0.4307771623134613,0.1128110587596893,0.7972261905670166,0.2212971895933151,0.7217676639556885,0.1681954264640808,0.7415472865104675,0.2024847567081451,0.7374935150146484,0.8776523470878601,0.1891631335020065,0.1044603660702705,0.8042479157447815,0.329873263835907,0.6253696084022522
1201,1201,train,18318,0.0742869451642036,0.9096786379814148,0.3186661899089813,0.7115119695663452,0.1416303366422653,0.8589333891868591,0.100984588265419,0.8552679419517517,0.1117096319794654,0.884859025478363,0.0520307682454586,0.9161866903305054,0.0857656672596931,0.901932179927826,0.0671471506357193,0.9082361459732056,0.0679628327488899,0.913832426071167,0.180043339729309,0.8106527328491211,0.053698293864727,0.9187673926353456,0.0996617525815963,0.8863702416419983
1202,1202,train,18418,0.7329535484313965,0.4523983001708984,0.6544976234436035,0.4198136925697326,0.9073721170425416,0.1832799166440963,0.7160176634788513,0.3973317742347717,0.7887229323387146,0.4133607745170593,0.1842076182365417,0.7848777770996094,0.3829876780509949,0.7005994319915771,0.3918738067150116,0.6938233971595764,0.4555302560329437,0.6707711815834045,0.9133430123329164,0.1686054021120071,0.1693316400051117,0.8008145689964294,0.633530855178833,0.5246443152427673
1203,1203,test,18438,0.2111997157335281,0.8402739763259888,0.5590589642524719,0.5351971387863159,0.7625993490219116,0.3612806797027588,0.4486158788204193,0.6533529758453369,0.4719187021255493,0.7177810072898865,0.0544080510735511,0.9132739901542664,0.1039940565824508,0.885135293006897,0.0984220281243324,0.8878777027130127,0.1103702634572982,0.8881692886352539,0.8797743320465088,0.2223263531923294,0.0557044558227062,0.9111628532409668,0.2081548273563385,0.8348592519760132
1204,1204,train,18337,0.530876100063324,0.4633499383926391,0.5880857706069946,0.4175125062465668,0.8393296599388123,0.2066297680139541,0.5307685136795044,0.4443868994712829,0.6654145121574402,0.4002003073692322,0.1426523327827453,0.7002880573272705,0.3590673804283142,0.6023716330528259,0.2655800282955169,0.6258735656738281,0.3047399818897247,0.6125016808509827,0.9046993255615234,0.170471653342247,0.1356990486383438,0.7126087546348572,0.5077023506164551,0.480694979429245
1205,1205,test,18490,0.158155009150505,0.7352756261825562,0.5153957009315491,0.4717366397380829,0.352530837059021,0.5552341341972351,0.2720099091529846,0.612434983253479,0.3200654089450836,0.6343035101890564,0.0590824261307716,0.8398916125297546,0.105650208890438,0.8005598783493042,0.0868589058518409,0.810067355632782,0.0983980819582939,0.8069300651550293,0.6173429489135742,0.3368089497089386,0.0601538456976413,0.8279511332511902,0.1661558598279953,0.7436836361885071
1206,1206,train,18722,0.0881478935480117,0.8122566342353821,0.490591824054718,0.5236580967903137,0.4532111287117004,0.5737113952636719,0.2189876139163971,0.6866391897201538,0.1788335740566253,0.7293254733085632,0.0626691579818725,0.8590238690376282,0.0900713428854942,0.8318241238594055,0.0687713772058487,0.8481871485710144,0.0705717802047729,0.8465047478675842,0.6429325938224792,0.3881013393402099,0.0630648136138916,0.8603485226631165,0.1010680273175239,0.8178892135620117
1207,1207,train,18319,0.1199452206492424,0.8371855020523071,0.5119102597236633,0.5485694408416748,0.3372829556465149,0.6920157670974731,0.2274651676416397,0.7420763373374939,0.2060756981372833,0.7667571306228638,0.0611067190766334,0.8857747316360474,0.1025127544999122,0.8540247678756714,0.0748818963766098,0.8749883770942688,0.0863372609019279,0.8680449724197388,0.5963415503501892,0.4656253755092621,0.0642925575375557,0.8849902153015137,0.1289218962192535,0.8199815154075623
1208,1208,train,17939,0.040651261806488,0.9278426766395568,0.2174763232469558,0.7786216735839844,0.0467658415436744,0.9222123622894288,0.064292162656784,0.898358166217804,0.068814717233181,0.909105658531189,0.0324665084481239,0.935771644115448,0.0462011881172657,0.9330424070358276,0.0346667990088462,0.9340021014213562,0.0360813364386558,0.9339219331741332,0.1197986900806427,0.8441057205200195,0.0326467826962471,0.9347436428070068,0.0499690733850002,0.9232233762741088
1209,1209,train,18677,0.0732975825667381,0.8293337225914001,0.1936718374490738,0.7394716739654541,0.1167315542697906,0.8011046648025513,0.111521378159523,0.7853742837905884,0.1160315126180648,0.8102852702140808,0.0598470158874988,0.8747886419296265,0.0989400818943977,0.835025429725647,0.0700544863939285,0.8574422001838684,0.0711986869573593,0.8521550297737122,0.2152723670005798,0.6802128553390503,0.0604394301772117,0.8643041253089905,0.0964688807725906,0.8311833143234253
1210,1210,train,18700,0.0948310047388076,0.8648707270622253,0.4068575799465179,0.6304529309272766,0.0997126549482345,0.8449698686599731,0.1632091403007507,0.7894476652145386,0.1929689347743988,0.8027915954589844,0.0422407612204551,0.9159743785858154,0.0798985287547111,0.8903090953826904,0.0543252266943454,0.907309114933014,0.0601545237004756,0.905932605266571,0.4091137647628784,0.6025546789169312,0.0420858822762966,0.9177535772323608,0.0978288426995277,0.8778620362281799
1211,1211,train,18672,0.0983693152666091,0.8990193009376526,0.1996996849775314,0.7956302165985107,0.1085133403539657,0.8706591725349426,0.1339258551597595,0.854538083076477,0.164304494857788,0.8828161358833313,0.0549762435257434,0.9238059520721436,0.100450687110424,0.9057966470718384,0.0694898068904876,0.9201674461364746,0.0737965255975723,0.9161688685417176,0.2063926309347152,0.8003900647163391,0.0569043420255184,0.9253353476524352,0.1196329221129417,0.8921462893486023
1212,1212,train,17180,0.140837550163269,0.7917553186416626,0.2129305601119995,0.7488352060317993,0.2853375971317291,0.7008765339851379,0.1438916623592376,0.7909842729568481,0.196872591972351,0.7882261276245117,0.0972769409418106,0.8345790505409241,0.1550076007843017,0.7908552289009094,0.1253729611635208,0.8024213314056396,0.1254044026136398,0.810821533203125,0.309387743473053,0.6423273086547852,0.0996644273400306,0.8170709609985352,0.1704986244440078,0.7664988040924072
1213,1213,train,18008,0.9075090289115906,0.1939252465963363,0.6725882291793823,0.369057834148407,0.9411900639533995,0.1140413284301757,0.8279932141304016,0.2353149503469467,0.9114590883255004,0.1901799589395523,0.5910978317260742,0.4061667323112488,0.8507749438285828,0.2277808934450149,0.8638377785682678,0.2196385562419891,0.8809136748313904,0.233257919549942,0.92463880777359,0.1389542669057846,0.5861817002296448,0.4281855523586273,0.9102112650871276,0.1826169192790985
1214,1214,train,17556,0.2153108716011047,0.7461013197898865,0.2723628282546997,0.6559889912605286,0.5193500518798828,0.4997318089008331,0.2445571273565292,0.6847469806671143,0.3081229627132416,0.6984071731567383,0.1429318487644195,0.8124544024467468,0.2344818860292434,0.745388925075531,0.2116863429546356,0.7599813938140869,0.1971080303192138,0.7778565287590027,0.5152532458305359,0.4816850125789642,0.1378120630979538,0.8083532452583313,0.2596964836120605,0.7241857051849365
1215,1215,train,18628,0.9447664618492126,0.1185721829533577,0.6726270318031311,0.3620029091835022,0.9456876516342164,0.1083453670144081,0.8509015440940857,0.200141966342926,0.9318149089813232,0.1410319656133651,0.753822922706604,0.2576316893100738,0.9159246683120728,0.1376339048147201,0.923446238040924,0.1255108714103698,0.933696746826172,0.1302418559789657,0.9281465411186218,0.1298235803842544,0.7920164465904236,0.2529393136501312,0.9435730576515198,0.1113819032907486
1216,1216,test,17652,0.4181279242038727,0.6160134077072144,0.5236174464225769,0.5120843052864075,0.8305016160011292,0.2436486333608627,0.4483483433723449,0.5447899699211121,0.4965321719646454,0.5654354691505432,0.1195976808667182,0.8277490139007568,0.2336169779300689,0.7547020316123962,0.2151834815740585,0.7412070035934448,0.228786900639534,0.7450762391090393,0.8191928267478943,0.255217432975769,0.1166804209351539,0.8216421604156494,0.3225083649158478,0.6684220433235168
1217,1217,train,17350,0.0714622214436531,0.9136306643486024,0.1087593510746955,0.8614803552627563,0.0872736275196075,0.8852380514144897,0.0819597318768501,0.8854370713233948,0.0952953472733497,0.905681312084198,0.039123136550188,0.9274675250053406,0.0645260363817215,0.9188225269317628,0.0524328798055648,0.923745334148407,0.0515703409910202,0.9278687238693236,0.1754935979843139,0.8013553023338318,0.0419845357537269,0.9304116368293762,0.0786737278103828,0.9123827815055848
1218,1218,train,17682,0.1058117151260376,0.8280077576637268,0.3977208733558655,0.6089052557945251,0.2811489403247833,0.6923211812973022,0.1838994324207306,0.7569420337677002,0.1983432471752166,0.763626217842102,0.0492209196090698,0.8915817141532898,0.0799214541912078,0.8635498881340027,0.0602993480861187,0.8822938203811646,0.0684015750885009,0.8788303732872009,0.5332187414169312,0.5007070302963257,0.0497130900621414,0.8908206820487976,0.103258691728115,0.8390805721282959
1219,1219,train,18313,0.9322885274887084,0.1442881226539611,0.6740803718566895,0.3667928278446197,0.9428760409355164,0.1136572137475013,0.8414251208305359,0.2151550054550171,0.9192410707473756,0.1681028455495834,0.6975613832473755,0.3093558847904205,0.8990606665611267,0.1686369329690933,0.9027129411697388,0.1636153608560562,0.9213463664054872,0.1589264124631881,0.9276043176651,0.1339481472969055,0.7230233550071716,0.3097329139709472,0.9294165372848512,0.1348004043102264
1220,1220,train,18412,0.0965839847922325,0.782544732093811,0.2370916455984115,0.6797009706497192,0.1728905588388443,0.7423210740089417,0.1314331442117691,0.7614287734031677,0.1482374519109726,0.7670836448669434,0.0736849084496498,0.833795964717865,0.1127081513404846,0.796516478061676,0.0803059637546539,0.8162850737571716,0.0864183381199836,0.8163040280342102,0.3005176484584808,0.6124829053878784,0.0702058002352714,0.8279670476913452,0.108813889324665,0.7961028814315796
1221,1221,train,18409,0.1330930739641189,0.802558422088623,0.2206930220127105,0.7538976669311523,0.372873306274414,0.6276608109474182,0.167205736041069,0.7715414762496948,0.2027351856231689,0.7818164229393005,0.0732556357979774,0.841029167175293,0.1493814885616302,0.8076788187026978,0.1177043840289115,0.8071154952049255,0.1187853887677192,0.8138116598129272,0.4491404592990875,0.5292804837226868,0.0766373947262764,0.8340339064598083,0.1573466211557388,0.7682453989982605
1222,1222,train,17820,0.57843416929245,0.4765401184558868,0.6219021677970886,0.4251000583171844,0.8769976496696472,0.1941547095775604,0.6229656338691711,0.4088365137577057,0.6887211203575134,0.4248879253864288,0.1949943304061889,0.6997136473655701,0.4172521829605102,0.5945442318916321,0.3651004433631897,0.613143265247345,0.3781466782093048,0.6150723695755005,0.8899734020233154,0.1991471052169799,0.1899171769618988,0.7136212587356567,0.5108678340911865,0.5135028958320618
1223,1223,test,17170,0.1323262304067611,0.8160389065742493,0.267023891210556,0.6824942231178284,0.155745729804039,0.7972528338432312,0.1684870570898056,0.7529568672180176,0.1794263422489166,0.7918628454208374,0.0826607942581176,0.8680978417396545,0.1315329223871231,0.8345373868942261,0.1010361611843109,0.846574604511261,0.1021582335233688,0.8518732786178589,0.3717638850212097,0.6421731114387512,0.0809864923357963,0.8597773909568787,0.1428633034229278,0.8253023028373718
1224,1224,train,18356,0.2340066283941269,0.6718776822090149,0.6103952527046204,0.4220201373100281,0.8772402405738831,0.2042732238769531,0.4703891575336456,0.4769913256168365,0.4657039642333984,0.5286187529563904,0.0986580848693847,0.801308810710907,0.1814309954643249,0.7365598082542419,0.1416637450456619,0.7523607015609741,0.1467006802558899,0.7479997277259827,0.8780190348625183,0.2027994990348816,0.098678208887577,0.7980870008468628,0.2461778074502945,0.6683852672576904
1225,1225,train,18316,0.066600501537323,0.8893524408340454,0.1633668541908264,0.7975093126296997,0.104092001914978,0.8520467281341553,0.0942872613668441,0.8424765467643738,0.0926158800721168,0.8808172941207886,0.0447457283735275,0.9135599732398988,0.071851409971714,0.900709331035614,0.0540585480630397,0.90691339969635,0.0555247440934181,0.9048163890838624,0.1512450277805328,0.802985429763794,0.0448470972478389,0.9053547382354736,0.0746799036860466,0.8993539810180664
1226,1226,train,18167,0.1737289577722549,0.7296594977378845,0.4209852814674377,0.5499006509780884,0.2713325023651123,0.6953545212745667,0.236721396446228,0.6825262308120728,0.3486426472663879,0.6005389094352722,0.0991706550121307,0.8172895908355713,0.1335655152797699,0.7889900803565979,0.1087998747825622,0.8041379451751709,0.1220450028777122,0.7820450663566589,0.3917626738548279,0.5739354491233826,0.0943889766931533,0.8179382085800171,0.1653731763362884,0.7269628047943115
1227,1227,train,17309,0.0502953194081783,0.910201370716095,0.3691276311874389,0.6272232532501221,0.0641578584909439,0.916688084602356,0.0794209912419319,0.8629350662231445,0.0839743092656135,0.8725649118423462,0.0360373668372631,0.9241439700126648,0.0545374937355518,0.9161257743835448,0.0404689274728298,0.9216691851615906,0.0429577305912971,0.9232735633850098,0.1249283999204635,0.8360582590103149,0.0367083959281444,0.9276176691055298,0.061842918395996,0.9043603539466858
1228,1228,test,17049,0.0885127410292625,0.8590317368507385,0.2032354772090912,0.7536244988441467,0.118113026022911,0.8273965716362,0.1267176866531372,0.8061258792877197,0.1209118664264679,0.8390591740608215,0.0605766698718071,0.8757928013801575,0.096802145242691,0.859991729259491,0.0771994218230247,0.8686550855636597,0.0739781036972999,0.8718993067741394,0.2131267786026001,0.742150604724884,0.0621827691793441,0.8707937598228455,0.0949536114931106,0.8634782433509827
1229,1229,train,17962,0.4517859518527984,0.6052998900413513,0.5981742143630981,0.4675756394863128,0.7560980916023254,0.3423365652561188,0.5627874732017517,0.4993995428085327,0.6608849763870239,0.5170010924339294,0.1107893139123916,0.8164262175559998,0.2736071944236755,0.7488763928413391,0.2581202685832977,0.7608516216278076,0.2507189214229584,0.7677183151245117,0.7912781834602356,0.333803653717041,0.1150149405002594,0.8159350752830505,0.3558967113494873,0.7027649283409119
1230,1230,train,18092,0.0878986865282058,0.8623718023300171,0.2088691592216491,0.7554261088371277,0.1627281010150909,0.8130539655685425,0.1215290650725364,0.8167702555656433,0.1188841164112091,0.8328408002853394,0.0524199455976486,0.8890612125396729,0.0774963498115539,0.8766495585441589,0.0688237324357032,0.882328450679779,0.0679513961076736,0.8850495219230652,0.2272256165742874,0.7192386388778687,0.0575597956776618,0.88818359375,0.0890937447547912,0.869502067565918
1231,1231,test,18369,0.055251594632864,0.8841496109962463,0.2420416325330734,0.6816798448562622,0.0680376663804054,0.8869951963424683,0.0921349376440048,0.828636646270752,0.1102089509367942,0.8254080414772034,0.0476344898343086,0.904650628566742,0.0594172291457653,0.89734947681427,0.0488224998116493,0.8999069929122925,0.0473004207015037,0.9036669135093688,0.1272540688514709,0.8040560483932495,0.0467457547783851,0.8989255428314209,0.0612904503941535,0.8929015398025513
1232,1232,train,18216,0.4136326014995575,0.5668258666992188,0.587005615234375,0.4474193453788757,0.7870534658432007,0.2599121034145355,0.5233793258666992,0.4400055110454559,0.559307873249054,0.5001840591430664,0.1151300445199012,0.7820904850959778,0.2314650416374206,0.7158143520355225,0.1909363269805908,0.7328917980194092,0.1937965154647827,0.7168446779251099,0.8490837812423706,0.2268899083137512,0.1201826706528663,0.7780039310455322,0.2860420942306518,0.6505078077316284
1233,1233,train,18669,0.0575657226145267,0.9101048111915588,0.1900320202112198,0.7934109568595886,0.1490345597267151,0.8217365741729736,0.0824147909879684,0.863723874092102,0.0768701508641243,0.8907995820045471,0.0374867804348468,0.9317930936813354,0.0581276006996631,0.9186116456985474,0.0452397763729095,0.923812448978424,0.0491473414003849,0.924705445766449,0.2988142967224121,0.6574195623397827,0.0392057299613952,0.9300852417945862,0.0652010664343833,0.909945785999298
1234,1234,train,17169,0.0749466121196746,0.8746534585952759,0.2106664478778839,0.76953125,0.0991389974951744,0.8660274147987366,0.1222541034221649,0.8209509253501892,0.1101521775126457,0.8503730893135071,0.0443454720079898,0.903671383857727,0.0719973966479301,0.8872947692871094,0.0567785464227199,0.8977499604225159,0.0559139139950275,0.8991683125495911,0.1730973273515701,0.795693039894104,0.0509009286761283,0.9009186029434204,0.0751047283411026,0.8787103295326233
1235,1235,train,17718,0.0590036995708942,0.936794936656952,0.1362039148807525,0.8530951142311096,0.074672594666481,0.9213955402374268,0.0927517041563987,0.8914849758148193,0.0826096683740615,0.9275906085968018,0.0485173054039478,0.9373680353164672,0.0626995041966438,0.93598610162735,0.053228311240673,0.9376415014266968,0.0511027202010154,0.9395947456359864,0.1002707704901695,0.8935027718544006,0.0484503656625747,0.937953233718872,0.0666051059961319,0.9348406791687012
1236,1236,train,18272,0.865039050579071,0.2393451780080795,0.6628820896148682,0.3839991688728332,0.9352403283119202,0.1259799152612686,0.796222984790802,0.2532847821712494,0.8722250461578369,0.23822583258152,0.3590607345104217,0.5827535390853882,0.7247745394706726,0.3722948133945465,0.7239055633544922,0.3465515077114105,0.7906126379966736,0.3119985163211822,0.9253003001213074,0.1409237086772918,0.3257222175598144,0.6097279787063599,0.8417720794677734,0.2450383007526397
1237,1237,train,18560,0.0891950726509094,0.8539353013038635,0.4056823551654815,0.5864442586898804,0.1422248035669326,0.7820966839790344,0.1420395523309707,0.774031937122345,0.157334491610527,0.7853424549102783,0.0572369806468486,0.8696359992027283,0.0907166823744773,0.8449558615684509,0.0677667036652565,0.8638977408409119,0.071645863354206,0.8685416579246521,0.1908559203147888,0.7560401558876038,0.0566717199981212,0.8753381371498108,0.1022769659757614,0.8364779949188232
1238,1238,test,17974,0.1259435415267944,0.8576577305793762,0.4941443204879761,0.5741220116615295,0.1340844333171844,0.8513049483299255,0.2299278825521469,0.7590657472610474,0.2519766688346863,0.7870821952819824,0.0528224557638168,0.9101150035858154,0.0996374934911727,0.8918271064758301,0.0761749148368835,0.8992133736610413,0.0844528526067733,0.8919164538383484,0.6110332012176514,0.5021498203277588,0.0519091784954071,0.9145851731300354,0.1282027512788772,0.856324315071106
1239,1239,train,17809,0.0980455875396728,0.8902236819267273,0.2458377927541732,0.7437692880630493,0.1330389827489853,0.8317373991012573,0.1560490429401397,0.8222542405128479,0.1538949757814407,0.8561880588531494,0.0607080124318599,0.9079766869544984,0.1018649116158485,0.8903591632843018,0.0728745609521865,0.9058360457420348,0.0781352594494819,0.9061906933784484,0.2129570245742797,0.7784959077835083,0.0624003000557422,0.9078236222267152,0.113739937543869,0.8815581798553467
1240,1240,train,17709,0.9188178777694702,0.1593591272830963,0.6725434064865112,0.3676537871360779,0.9419219493865968,0.1146056875586509,0.8343175053596497,0.2162190675735473,0.9190326929092408,0.1656859964132309,0.4451676905155182,0.5252528786659241,0.801371693611145,0.2945593893527984,0.8207505345344543,0.2637456357479095,0.847133994102478,0.2684410512447357,0.9219985008239746,0.1435665041208267,0.438619464635849,0.5531548261642456,0.893775224685669,0.1916466802358627
1241,1241,train,17403,0.1183363571763038,0.8113282322883606,0.4176189303398132,0.6037407517433167,0.1536382138729095,0.777211606502533,0.1884533017873764,0.7383924722671509,0.2209385633468628,0.7344818115234375,0.0544866472482681,0.8760482668876648,0.0965422615408897,0.8425485491752625,0.0712380558252334,0.8655932545661926,0.0738253220915794,0.8696671724319458,0.3099689781665802,0.6789625883102417,0.0572239011526107,0.874963104724884,0.1179677546024322,0.8401347994804382
1242,1242,train,18060,0.1232363805174827,0.7595129013061523,0.2525731325149536,0.665043294429779,0.1896232664585113,0.6755448579788208,0.1795641481876373,0.6934953927993774,0.1756075173616409,0.7292170524597168,0.0795343369245529,0.8007650375366211,0.1242470145225524,0.747581422328949,0.0995596051216125,0.7750350832939148,0.0991569012403488,0.779694676399231,0.2753693759441376,0.6450275778770447,0.0807542279362678,0.7919885516166687,0.1491538286209106,0.7406905889511108
1243,1243,test,18354,0.55168217420578,0.5395572781562805,0.655241847038269,0.3995939195156097,0.9205114841461182,0.1534896939992904,0.7150266170501709,0.36435666680336,0.7922577261924744,0.3713302910327911,0.078878529369831,0.827113687992096,0.1701775789260864,0.7907871007919312,0.1402573585510254,0.7879176735877991,0.1851810216903686,0.7643793821334839,0.9113932847976683,0.1511876136064529,0.0781952738761901,0.8359978199005127,0.3240776360034942,0.672458827495575
1244,1244,train,18041,0.1174300387501716,0.8384836316108704,0.2331648170948028,0.7388898730278015,0.304715633392334,0.6754635572433472,0.1885284185409546,0.7779580354690552,0.1832481920719146,0.8072810769081116,0.077590063214302,0.8608203530311584,0.1367730498313903,0.8361195921897888,0.109487235546112,0.8475705981254578,0.1019496396183967,0.8532148003578186,0.393121600151062,0.6236199140548706,0.0743626207113266,0.8573774695396423,0.1287426948547363,0.8272503614425659
1245,1245,train,17425,0.0830609872937202,0.8517813682556152,0.259521871805191,0.7113598585128784,0.1522101312875747,0.7917801737785339,0.137225791811943,0.8135736584663391,0.1232292130589485,0.8331197500228882,0.0619549043476581,0.8863046169281006,0.0898339748382568,0.8628938794136047,0.0756966173648834,0.8738479018211365,0.0728362575173378,0.8776022791862488,0.3064253628253937,0.6426112055778503,0.0638042539358139,0.8759791851043701,0.0934237912297248,0.8620843291282654
1246,1246,train,18707,0.2771735489368438,0.7285597920417786,0.4240877032279968,0.5985870957374573,0.7234205603599548,0.3815644681453705,0.2880799174308777,0.6706230044364929,0.3608288466930389,0.699539303779602,0.1132130399346351,0.8566728234291077,0.1975796073675155,0.8139994740486145,0.1686840504407882,0.8072102665901184,0.1847059279680252,0.8094781041145325,0.7315545678138733,0.3523477017879486,0.1070701405405998,0.8510116934776306,0.2438214868307113,0.7675406336784363
1247,1247,test,17975,0.1319859325885772,0.8124148845672607,0.6088295578956604,0.4714289009571075,0.4007614850997925,0.6043777465820312,0.3508451581001282,0.6270385980606079,0.3249323964118957,0.6578961610794067,0.0592455044388771,0.8830496668815613,0.0987302586436271,0.8564915060997009,0.073887325823307,0.8667353391647339,0.0859609469771385,0.8657433390617371,0.8144572377204895,0.2761600911617279,0.0605037175118923,0.8882859945297241,0.132281094789505,0.814487874507904
1248,1248,train,17419,0.0962326899170875,0.8519517183303833,0.50074303150177,0.503396213054657,0.1944738626480102,0.8109406232833862,0.1688869148492813,0.7649989128112793,0.2439547628164291,0.7180437445640564,0.0544245354831218,0.8981411457061768,0.0774726942181587,0.884845495223999,0.056894838809967,0.8974131345748901,0.0640510246157646,0.8935137391090393,0.3670670390129089,0.6316906213760376,0.0543600097298622,0.8958602547645569,0.0827019363641738,0.8745650053024292
1249,1249,train,17940,0.0567389763891696,0.937205731868744,0.0994164124131202,0.8862237930297852,0.0942885503172874,0.9064022898674012,0.0735426917672157,0.9098798036575316,0.0710754469037056,0.926483154296875,0.0394729450345039,0.94124436378479,0.0623209998011589,0.9329771995544434,0.0504219904541969,0.9368851184844972,0.0476272329688072,0.9388963580131532,0.1424648761749267,0.8841331005096436,0.0411071069538593,0.9415242075920104,0.0651135817170143,0.9300816059112548
1250,1250,test,17729,0.1527426093816757,0.7914731502532959,0.3434821963310241,0.6285959482192993,0.6156314015388489,0.4117956757545471,0.2013499587774276,0.7038649916648865,0.2798091769218445,0.7254967093467712,0.0710701420903205,0.8440085649490356,0.1361538618803024,0.7937756180763245,0.108020894229412,0.8100658059120178,0.1208922266960144,0.816574215888977,0.6953762769699097,0.3413025438785553,0.0716084614396095,0.8333507776260376,0.1740580797195434,0.7579668164253235
1251,1251,train,18742,0.094829261302948,0.866620659828186,0.2464662492275238,0.6905952095985413,0.1923210024833679,0.7483295798301697,0.1434580087661743,0.7787293195724487,0.1496889293193817,0.8342304825782776,0.0576419048011302,0.8959944248199463,0.0911504328250885,0.8779041171073914,0.0729942247271537,0.8879666924476624,0.0702660828828811,0.8838337063789368,0.3583632707595825,0.5705810785293579,0.0614113807678222,0.8939422965049744,0.0912399888038635,0.8668410181999207
1252,1252,train,17535,0.6638851761817932,0.4239303469657898,0.6291921734809875,0.416545033454895,0.885611355304718,0.1723818928003311,0.6556543111801147,0.3824770152568817,0.7302088141441345,0.3688961863517761,0.1562503427267074,0.6866284608840942,0.3614734709262848,0.5690650343894958,0.3782863914966583,0.5317771434783936,0.3728725016117096,0.5716630816459656,0.8998499512672424,0.1634533256292343,0.1499049365520477,0.6972501277923584,0.4903008937835693,0.4887723922729492
1253,1253,train,17680,0.9303463101387024,0.1477204412221908,0.6654924154281616,0.3693953156471252,0.943300187587738,0.1182162463665008,0.822880208492279,0.2243935614824295,0.9248734712600708,0.1640940904617309,0.6557725071907043,0.379153847694397,0.8904051780700684,0.1850042194128036,0.8934727311134338,0.177556112408638,0.9115192890167236,0.1682754009962082,0.9262081384658812,0.1379231214523315,0.6720278263092041,0.386881411075592,0.9319681525230408,0.1342533975839615
1254,1254,test,16988,0.0672771334648132,0.8209391832351685,0.2041496783494949,0.6967659592628479,0.1250412911176681,0.8035610318183899,0.1139767915010452,0.7721385955810547,0.1171215400099754,0.7774953246116638,0.0609638765454292,0.8739949464797974,0.0918020904064178,0.842766284942627,0.068129263818264,0.8591470718383789,0.0684726163744926,0.8535429239273071,0.2487751394510269,0.6485580205917358,0.0600699298083782,0.8690584301948547,0.0978700518608093,0.8226220607757568
1255,1255,train,17118,0.0864236429333686,0.8857437372207642,0.2457896471023559,0.7475951910018921,0.3658232986927032,0.6289121508598328,0.1295932233333587,0.8182265162467957,0.1313695162534713,0.8550279140472412,0.0449986830353736,0.9273969531059264,0.0773093029856681,0.9068315625190736,0.0612934939563274,0.9142910838127136,0.0687064826488494,0.9145795702934264,0.664788544178009,0.4065236151218414,0.046262964606285,0.9250029921531676,0.1019001454114914,0.8911775350570679
1256,1256,train,18656,0.0581248477101326,0.8837935924530029,0.2194749414920807,0.7050220966339111,0.0657206550240516,0.9032952189445496,0.0844381973147392,0.8504381775856018,0.1118616834282875,0.8307092189788818,0.0451646000146865,0.9113218188285828,0.0595394819974899,0.9003806710243225,0.0469439961016178,0.9053340554237366,0.0512796193361282,0.9021857380867004,0.1183716133236885,0.8243632912635803,0.0442016720771789,0.907169759273529,0.0659379735589027,0.8901700377464294
1257,1257,train,17631,0.0989926606416702,0.8296010494232178,0.5813825130462646,0.460026741027832,0.1221322864294052,0.8276230096817017,0.1984478086233139,0.6770415902137756,0.2001059651374817,0.7263349890708923,0.0500018112361431,0.8860530257225037,0.0821782276034355,0.8685349225997925,0.0580029152333736,0.8823419809341431,0.0663321316242218,0.8752037286758423,0.5925316214561462,0.4225480556488037,0.0485061258077621,0.8937471508979797,0.1064999997615814,0.8292909264564514
1258,1258,train,18549,0.250182181596756,0.7091440558433533,0.4979963004589081,0.5201746821403503,0.5215792655944824,0.4840389490127563,0.3216572999954223,0.6302083134651184,0.3918987214565277,0.63211590051651,0.1064111068844795,0.8222624659538269,0.2124172747135162,0.7698434591293335,0.1615273803472519,0.7846993803977966,0.1721894741058349,0.7761886715888977,0.7726278901100159,0.2858858108520508,0.1040317341685295,0.8105452060699463,0.2498322129249572,0.718415379524231
1259,1259,train,17623,0.627004861831665,0.3723505437374115,0.6880404353141785,0.381479263305664,0.871636688709259,0.2182226479053497,0.649965763092041,0.3725192248821258,0.7873807549476624,0.2735009789466858,0.197940319776535,0.6776745319366455,0.3360958099365234,0.5922282338142395,0.2905598282814026,0.5909866094589233,0.3395037949085235,0.5571892857551575,0.8440480828285217,0.2328024506568908,0.1886825263500213,0.6757630109786987,0.4815900027751922,0.4466752111911773
1260,1260,train,16954,0.4773099720478058,0.5318661332130432,0.5832189917564392,0.4599243998527527,0.8810707926750183,0.1924875676631927,0.5587329268455505,0.4297966659069061,0.6081951260566711,0.4511586725711822,0.1214143931865692,0.7622295022010803,0.3105987906455993,0.6497901082038879,0.249637559056282,0.6758833527565002,0.2785785794258117,0.670295238494873,0.8932223916053772,0.183747112751007,0.1141139790415763,0.7670222520828247,0.4961270689964294,0.5192696452140808
1261,1261,train,17888,0.4993928968906402,0.468743622303009,0.5906674861907959,0.4404613673686981,0.508812427520752,0.4181182086467743,0.5267788767814636,0.4305639266967773,0.5856843590736389,0.4212806224822998,0.1682053208351135,0.7234695553779602,0.3415910899639129,0.5930521488189697,0.3057011365890503,0.6270936727523804,0.3111340403556824,0.6161295175552368,0.854314923286438,0.2120418101549148,0.174793928861618,0.7150565981864929,0.4399033784866333,0.5358924269676208
1262,1262,train,17647,0.0875284522771835,0.903836727142334,0.1878842115402221,0.8326188325881958,0.1510209143161773,0.872099757194519,0.1226257979869842,0.874224841594696,0.1217143833637237,0.889929473400116,0.0601083859801292,0.9251400232315063,0.0852886140346527,0.9125252962112428,0.0682497322559356,0.9177176356315612,0.0707906782627105,0.9182614088058472,0.2008372247219085,0.8092542886734009,0.0611450299620628,0.9215287566184998,0.0965736657381057,0.9060192704200744
1263,1263,test,17910,0.0793341174721717,0.8681042194366455,0.1687647998332977,0.7592183947563171,0.095261625945568,0.8495457172393799,0.0980331376194953,0.8249962329864502,0.1042403951287269,0.852114737033844,0.0515225045382976,0.8985042572021484,0.0816350653767585,0.8887830972671509,0.0663553103804588,0.8948294520378113,0.0640316009521484,0.893185019493103,0.1570138037204742,0.7889203429222107,0.054257046431303,0.8942747116088867,0.0797206312417984,0.8841021656990051
1264,1264,test,18639,0.2264531999826431,0.6742389798164368,0.5594448447227478,0.4562797248363495,0.6083173751831055,0.3695769608020782,0.3387569189071655,0.5588575601577759,0.4143087863922119,0.5517184138298035,0.095637746155262,0.7872067093849182,0.1903107762336731,0.7171855568885803,0.1581180840730667,0.7275201082229614,0.1534576416015625,0.7444087862968445,0.8265208601951599,0.223418191075325,0.0978567078709602,0.7869309186935425,0.2640197575092315,0.6553374528884888
1265,1265,train,18343,0.7903324961662292,0.321418434381485,0.6463239789009094,0.3985204994678497,0.9210859537124634,0.1451092660427093,0.7742795944213867,0.2767632901668548,0.8324127793312073,0.28935706615448,0.15616475045681,0.7646865248680115,0.3496784269809723,0.6651339530944824,0.3306075930595398,0.6565412282943726,0.4820718765258789,0.5764060020446777,0.9209805727005004,0.1441304981708526,0.1272888630628585,0.8003503680229187,0.6982846260070801,0.3800951242446899
1266,1266,train,17615,0.7656175494194031,0.3486604690551758,0.6354185342788696,0.4151890873908996,0.901796579360962,0.1709696650505066,0.7096615433692932,0.348828375339508,0.7702322006225586,0.3571875393390655,0.2228458374738693,0.6994247436523438,0.4684221148490906,0.5540363788604736,0.5269508361816406,0.5217347145080566,0.5798085331916809,0.5176222920417786,0.9115119576454164,0.1636172086000442,0.2077494710683822,0.7243915796279907,0.6792792081832886,0.4086664021015167
1267,1267,train,17023,0.353477269411087,0.5752919316291809,0.6034261584281921,0.4315971136093139,0.864986777305603,0.1967464089393615,0.5308510661125183,0.4374643862247467,0.5483217835426331,0.4739718437194824,0.0970359817147255,0.7974933981895447,0.1977617740631103,0.7308750748634338,0.1807113885879516,0.734298050403595,0.1835426390171051,0.7211599946022034,0.8948392868041992,0.1696031987667083,0.1003843992948532,0.7946645617485046,0.2830128669738769,0.6329011917114258
1268,1268,train,17875,0.051906794309616,0.9283899068832396,0.1040494069457054,0.8672415614128113,0.064344048500061,0.9181312322616576,0.067487895488739,0.9014593958854676,0.0639956519007682,0.922734797000885,0.0383797585964202,0.934795379638672,0.055405281484127,0.9274979829788208,0.0448069646954536,0.9316720962524414,0.0443636402487754,0.933576762676239,0.0956002473831176,0.8886021971702576,0.0411611311137676,0.931233048439026,0.0584119223058223,0.9236431121826172
1269,1269,train,17450,0.0967982783913612,0.9043278098106384,0.2838810682296753,0.741375744342804,0.1227454096078872,0.868178129196167,0.163507729768753,0.8256711959838867,0.1672857403755188,0.8778606653213501,0.0548130460083484,0.9199191927909852,0.0896837711334228,0.9073962569236756,0.0642716735601425,0.9172691702842712,0.0723132789134979,0.9139143824577332,0.2653265297412872,0.7612563967704773,0.0595747977495193,0.9203665256500244,0.1117837056517601,0.8834255337715149
1270,1270,train,18500,0.0501275174319744,0.9092584848403932,0.1560378670692443,0.7977293133735657,0.0618812479078769,0.8970401287078857,0.0810915008187294,0.8580546975135803,0.0784461498260498,0.8854373097419739,0.0367917641997337,0.9207693934440612,0.050937246531248,0.9124065041542052,0.0405280329287052,0.9159948229789734,0.0421954207122325,0.9185888171195984,0.1642419248819351,0.7936105728149414,0.0368553213775157,0.9160442352294922,0.0585339628159999,0.912048876285553
1271,1271,train,18130,0.8172703385353088,0.2673743665218353,0.6649163961410522,0.3763845860958099,0.9326549172401428,0.1263281106948852,0.7595266699790955,0.2808009684085846,0.8418289422988892,0.2635830044746399,0.2024779170751571,0.6957351565361023,0.4116218388080597,0.5760993361473083,0.4313410222530365,0.5499135851860046,0.5069063305854797,0.5208675861358643,0.920035719871521,0.1462967246770858,0.1857597082853317,0.7130314707756042,0.6390263438224792,0.421503871679306
1272,1272,test,17745,0.3978404402732849,0.7028365135192871,0.6193242073059082,0.4590423703193664,0.7806428074836731,0.3492551147937774,0.560920774936676,0.5316776633262634,0.5834773778915405,0.5979052186012268,0.1386447697877884,0.8593211770057678,0.2614032626152038,0.8023682236671448,0.2324031442403793,0.8066906332969666,0.2536598145961761,0.8158960342407227,0.8486441373825073,0.2732280194759369,0.1394997090101242,0.8473777770996094,0.357291042804718,0.743915855884552
1273,1273,train,17388,0.1792712211608886,0.7246018648147583,0.5308564901351929,0.4909464120864868,0.6535231471061707,0.3810708224773407,0.285241037607193,0.6301125884056091,0.326945036649704,0.6148081421852112,0.0878815054893493,0.8120484352111816,0.1906218379735946,0.749020516872406,0.1384722590446472,0.7790469527244568,0.1378521621227264,0.7763409614562988,0.6042351126670837,0.4213855564594269,0.092051550745964,0.8212091326713562,0.2241115421056747,0.6981651782989502
1274,1274,train,17231,0.9167322516441344,0.1609579771757125,0.682752251625061,0.357468694448471,0.945515513420105,0.1110915467143058,0.8384260535240173,0.2191559970378875,0.9188340902328492,0.163950577378273,0.4933348298072815,0.4260673224925995,0.8015470504760742,0.2428331822156906,0.8337113261222839,0.2254586070775985,0.8511125445365906,0.2369345724582672,0.9265167117118835,0.137906476855278,0.4819829165935516,0.4510080516338348,0.8959072232246399,0.1768386214971542
1275,1275,train,18386,0.3883324563503265,0.5350099802017212,0.624702513217926,0.3860552608966827,0.90569806098938,0.1567871570587158,0.5991429090499878,0.3601596355438232,0.5928027033805847,0.4113126397132873,0.096276082098484,0.7921920418739319,0.181779146194458,0.7130676507949829,0.1752369403839111,0.7184612154960632,0.1919561922550201,0.7264830470085144,0.9076308012008668,0.1484133601188659,0.0959525629878044,0.7929838299751282,0.3017873466014862,0.6408215761184692
1276,1276,train,17287,0.93529611825943,0.134434774518013,0.6732065081596375,0.3628004491329193,0.9426336288452148,0.1141381487250328,0.8481078743934631,0.203113168478012,0.9255293011665344,0.1465842872858047,0.7064452767372131,0.3021589815616607,0.9067947864532472,0.1520685404539108,0.9113547205924988,0.1386112570762634,0.9256374835968018,0.1400626450777053,0.9281601309776306,0.1298434138298034,0.7350896596908569,0.2868587076663971,0.9333556890487672,0.1253943145275116
1277,1277,test,17395,0.0793840289115905,0.8358871936798096,0.2123755812644958,0.7326618432998657,0.1555487811565399,0.8018313646316528,0.1080088317394256,0.7976863980293274,0.1171854212880134,0.8198395371437073,0.0548507273197174,0.8549137115478516,0.0864113941788673,0.8322228789329529,0.068362295627594,0.840498685836792,0.0665996521711349,0.8436110019683838,0.2446663826704025,0.6976621747016907,0.0590285472571849,0.8455213904380798,0.0878504142165184,0.8310373425483704
1278,1278,train,18648,0.9339406490325928,0.1346770226955413,0.6703934669494629,0.3664111495018005,0.9441152215003968,0.1081612110137939,0.8393439054489136,0.2082053422927856,0.9222115874290466,0.1595085561275482,0.7081654071807861,0.2770188450813293,0.905812680721283,0.1508007794618606,0.9067630171775818,0.1365495771169662,0.9187312722206116,0.1474567353725433,0.9290339350700378,0.1327867060899734,0.7249811887741089,0.280322790145874,0.9358248114585876,0.1184980645775795
1279,1279,train,17371,0.9296638369560242,0.1487875133752823,0.6919269561767578,0.3519596457481384,0.9500799179077148,0.1083619743585586,0.8449869751930237,0.2108964323997497,0.9297890663146972,0.1502998620271682,0.6661476492881775,0.3411809206008911,0.8687490820884705,0.1981151849031448,0.8785088062286377,0.1906271576881408,0.9093134999275208,0.182360827922821,0.9284201264381408,0.1351412981748581,0.7011725902557373,0.3476998507976532,0.9279903769493104,0.1406336426734924
1280,1280,train,18585,0.9464484453201294,0.1197309345006942,0.6759408116340637,0.3593779802322387,0.9440927505493164,0.1101706475019455,0.8586046695709229,0.1960553079843521,0.9335511922836304,0.1398212760686874,0.7858847975730896,0.2519401013851166,0.9207750558853148,0.1355110257863998,0.9295024275779724,0.1238981708884239,0.9393982887268066,0.1254707872867584,0.9287188053131104,0.1274016499519348,0.8148772716522217,0.2402610778808593,0.9455206394195556,0.10871422290802
1281,1281,train,17755,0.0943940207362175,0.8642523884773254,0.395320326089859,0.6023375391960144,0.0826595202088356,0.8954947590827942,0.1505022943019867,0.7822434902191162,0.2170192003250122,0.751719057559967,0.0574507601559162,0.8912851214408875,0.0783653557300567,0.8842363357543945,0.0649336129426956,0.8898144364356995,0.0663103386759758,0.8897007703781128,0.1795513033866882,0.7898243069648743,0.0662745237350463,0.8858259916305542,0.0772764161229133,0.8715354204177856
1282,1282,test,18077,0.8875007033348083,0.2433191239833831,0.6635546088218689,0.3859308660030365,0.9415732622146606,0.1223204061388969,0.8152163624763489,0.2601157426834106,0.8916440010070801,0.2387736141681671,0.2812056541442871,0.6723053455352783,0.6078055500984192,0.5043025612831116,0.7183968424797058,0.410972386598587,0.7670894265174866,0.3877203166484833,0.9226472973823548,0.1462953388690948,0.2657445967197418,0.6955113410949707,0.858719527721405,0.2600753307342529
1283,1283,train,17162,0.1990604996681213,0.7795698642730713,0.3128803372383117,0.6966658234596252,0.3752050995826721,0.6316892504692078,0.2449890077114105,0.7289448380470276,0.2640736997127533,0.7611424922943115,0.0985724627971649,0.8440777063369751,0.1778634488582611,0.8067428469657898,0.1630056202411651,0.807511031627655,0.1422217935323715,0.8200312256813049,0.342491865158081,0.6921399831771851,0.1021507307887077,0.8417378664016724,0.2089987099170684,0.7735083103179932
1284,1284,train,17157,0.6298971176147461,0.4571169912815094,0.6248857378959656,0.4120698571205139,0.9255156517028807,0.1467614769935608,0.6975009441375732,0.3445742130279541,0.7205663919448853,0.367429256439209,0.1559149473905563,0.7273533940315247,0.3493019044399261,0.6392262578010559,0.308660477399826,0.6397490501403809,0.3400402665138244,0.6286677718162537,0.9084394574165344,0.1703587025403976,0.1616884768009185,0.7416408658027649,0.4916907548904419,0.533261239528656
1285,1285,train,17846,0.939324676990509,0.127166673541069,0.6727434396743774,0.3618839085102081,0.9426236748695374,0.1122224479913711,0.8511557579040527,0.1983290910720825,0.9266467690467834,0.1479745209217071,0.7507336735725403,0.2808307111263275,0.906630516052246,0.1550063192844391,0.9157552123069764,0.1459974497556686,0.9322913289070128,0.1390476822853088,0.9292773604393004,0.1304518729448318,0.778506875038147,0.2702160775661468,0.9398656487464904,0.115598477423191
1286,1286,train,18527,0.2980460226535797,0.711222767829895,0.5980374813079834,0.4529185593128204,0.836193323135376,0.2554546892642975,0.4746338129043579,0.5445681214332581,0.506546139717102,0.5817461013793945,0.1010556742548942,0.8412570357322693,0.1883866786956787,0.7901368737220764,0.1827633380889892,0.7877217531204224,0.1861758232116699,0.7987602949142456,0.8747067451477051,0.2169185727834701,0.1016659140586853,0.8407761454582214,0.3039857745170593,0.7103338241577148
1287,1287,test,17504,0.0980479940772056,0.8879067897796631,0.2290949374437332,0.7790043354034424,0.0740843042731285,0.8783038258552551,0.1196856200695037,0.8444072008132935,0.1293382197618484,0.8744863271713257,0.0424116253852844,0.9116418957710266,0.0685218945145607,0.8987691402435303,0.0546113662421703,0.904056191444397,0.0661065131425857,0.9068055748939514,0.3257472217082977,0.6924781799316406,0.0461544804275035,0.9076625108718872,0.0940407067537307,0.8885512351989746
1288,1288,train,17571,0.155188575387001,0.8530269265174866,0.3629238903522491,0.7387351989746094,0.2234018892049789,0.8157369494438171,0.2158565372228622,0.8141582012176514,0.2364094406366348,0.8374566435813904,0.0804652944207191,0.9005907773971558,0.1604858934879303,0.868918240070343,0.1090472936630249,0.8872250318527222,0.1106650084257125,0.8888834118843079,0.3462973833084106,0.7512763738632202,0.0809370353817939,0.8985906839370728,0.1594739556312561,0.8670686483383179
1289,1289,train,18683,0.2520021200180053,0.7466524839401245,0.5278781056404114,0.5274324417114258,0.7693647146224976,0.3293592035770416,0.4394986927509308,0.5985209941864014,0.4803161323070526,0.6392175555229187,0.0733337178826332,0.8520991802215576,0.1450956165790558,0.8030470013618469,0.1052042469382286,0.8317204117774963,0.1246404573321342,0.823323667049408,0.8726996183395386,0.2252429574728012,0.070437453687191,0.8594686388969421,0.2150059789419174,0.7671244144439697
1290,1290,train,18163,0.874740719795227,0.2313235998153686,0.6654179692268372,0.3771552145481109,0.9390060901641846,0.1197072640061378,0.8158949613571167,0.2393964082002639,0.902559459209442,0.1923546940088272,0.2725545167922973,0.6199044585227966,0.6181387901306152,0.4454270303249359,0.6666052937507629,0.3973231017589569,0.7079623937606812,0.4057818353176117,0.919665277004242,0.1455467194318771,0.267580896615982,0.6420873403549194,0.8220506310462952,0.2786999344825744
1291,1291,train,17139,0.3492922484874725,0.6590819358825684,0.5189889669418335,0.4932907223701477,0.7595683932304382,0.3155797123908996,0.3747742474079132,0.5843122601509094,0.436465710401535,0.6111876964569092,0.0818046703934669,0.8433569073677063,0.1638785302639007,0.8041057586669922,0.1464868783950805,0.8041089773178101,0.161714494228363,0.804645836353302,0.8421716094017029,0.2324231714010238,0.0821587517857551,0.8503371477127075,0.2339736521244049,0.7458124756813049
1292,1292,train,16960,0.0370107479393482,0.9114338159561156,0.2015082091093063,0.7282326817512512,0.0578197389841079,0.906167209148407,0.0597389489412307,0.8651447892189026,0.0691237598657608,0.8732950687408447,0.0314564928412437,0.915622055530548,0.0459954291582107,0.9102941155433656,0.0330226607620716,0.918627917766571,0.0338930264115333,0.9179748296737672,0.078528992831707,0.8703007698059082,0.0304062832146883,0.9155749082565308,0.0484402552247047,0.9047775268554688
1293,1293,train,17616,0.8524377346038818,0.2535259127616882,0.6370282173156738,0.3993284106254577,0.9266220331192015,0.140934869647026,0.769184410572052,0.2790291011333465,0.8579055070877075,0.2540930509567261,0.3234181702136993,0.6055547595024109,0.6423822641372681,0.4112232029438019,0.6469686627388,0.411756306886673,0.7429922819137573,0.3552612662315368,0.9201616644859314,0.1508635282516479,0.2967773675918579,0.6296610832214355,0.8213767409324646,0.2674548029899597
1294,1294,test,18392,0.5818581581115723,0.5681529641151428,0.5887002944946289,0.4598602056503296,0.8680697083473206,0.203756958246231,0.5975894331932068,0.4349436163902282,0.668446958065033,0.4900466501712799,0.1212259382009506,0.8329941630363464,0.3252002000808716,0.7568285465240479,0.336447149515152,0.7331948280334473,0.3700712621212005,0.7169891595840454,0.8911383748054504,0.1916132867336273,0.1107354685664177,0.8461626172065735,0.5291925668716431,0.6184295415878296
1295,1295,train,18568,0.0908827260136604,0.8048520684242249,0.178521379828453,0.7313371300697327,0.1222520917654037,0.8079078793525696,0.1219847053289413,0.7710018157958984,0.1200938075780868,0.7919561862945557,0.0722565203905105,0.8492990136146545,0.0971757024526596,0.8161792755126953,0.0806344375014305,0.8263248205184937,0.0815443992614746,0.8308128118515015,0.2021860182285308,0.6815686821937561,0.0748953744769096,0.8363668918609619,0.1004417315125465,0.8097720146179199
1296,1296,test,18705,0.1004987657070159,0.8749476671218872,0.2250242829322815,0.7576569318771362,0.1454009413719177,0.8263853788375854,0.137114405632019,0.8186485171318054,0.1501194536685943,0.8598652482032776,0.0601049251854419,0.9027670621871948,0.1011715456843376,0.8894587159156799,0.0762888342142105,0.8934871554374695,0.0740014314651489,0.899141788482666,0.2834199965000152,0.7483233213424683,0.0590854212641716,0.8952363133430481,0.1024409756064415,0.8896047472953796
1297,1297,train,17270,0.831427812576294,0.3401525318622589,0.6588804721832275,0.3850256204605102,0.9363832473754884,0.1254967600107193,0.7931323051452637,0.2725909054279327,0.8822402954101562,0.2605668604373932,0.2410441935062408,0.7502610683441162,0.6316202282905579,0.5466155409812927,0.6468068361282349,0.5318934321403503,0.6842842698097229,0.5233307480812073,0.9177777767181396,0.1508481502532959,0.2275169938802719,0.770717203617096,0.7726150751113892,0.4249826371669769
1298,1298,train,17499,0.0995634496212005,0.8820438385009766,0.3045629858970642,0.6959357261657715,0.0926973819732666,0.8532900810241699,0.1500038206577301,0.7963575124740601,0.1420833021402359,0.8632124662399292,0.0428310669958591,0.9214676022529602,0.0747081860899925,0.9077948331832886,0.0558302290737628,0.9114700555801392,0.0606051422655582,0.9107864499092102,0.6154060959815979,0.4493190050125122,0.0443186201155185,0.9194713234901428,0.1041340231895446,0.8819871544837952
1299,1299,train,17630,0.1757407188415527,0.7242115139961243,0.5483198761940002,0.4900424778461456,0.4972214996814728,0.4938188791275024,0.3066758215427398,0.5917484760284424,0.3147091269493103,0.6260366439819336,0.0708007663488388,0.8473243117332458,0.1264741867780685,0.7873355746269226,0.1057758256793022,0.8064684867858887,0.1166030094027519,0.8008093237876892,0.8146986961364746,0.2472661137580871,0.0768670290708541,0.8408778309822083,0.1677853614091873,0.7441880106925964
1300,1300,train,18650,0.1257797181606292,0.7892587780952454,0.5298081040382385,0.4985829293727875,0.5970919728279114,0.4826381802558899,0.2537035346031189,0.681202232837677,0.2690576612949371,0.6753916144371033,0.0700071454048156,0.8666837811470032,0.125678539276123,0.8286271691322327,0.088951401412487,0.8453781604766846,0.0966193526983261,0.8409802317619324,0.7190000414848328,0.3551046550273895,0.069909930229187,0.8688651323318481,0.155538722872734,0.7843360900878906
1301,1301,train,18197,0.6561722159385681,0.3788143098354339,0.6146771311759949,0.4261384606361389,0.7668803334236145,0.2877763211727142,0.6739064455032349,0.3290488719940185,0.7671450972557068,0.3093357980251312,0.1970524340867996,0.6857911348342896,0.4953892230987549,0.5067412257194519,0.5086377859115601,0.4569098949432373,0.5419081449508667,0.4719038903713226,0.8699632287025452,0.1951701790094375,0.1696251928806305,0.6980762481689453,0.6842100024223328,0.3626373410224914
1302,1302,train,17828,0.309964656829834,0.7126691937446594,0.6127920150756836,0.4498145282268524,0.8144439458847046,0.2746939659118652,0.5024846196174622,0.5384009480476379,0.5546213984489441,0.5544043779373169,0.1014404147863388,0.8449192047119141,0.1907005906105041,0.7917555570602417,0.1614237576723098,0.8116335868835449,0.1778886020183563,0.8058034181594849,0.8273223042488098,0.2751590311527252,0.0972718000411987,0.8540351390838623,0.2661372125148773,0.7379186153411865
1303,1303,test,18063,0.1206203252077102,0.8716687560081482,0.2335064262151718,0.7601297497749329,0.1826960295438766,0.7888110280036926,0.1640224307775497,0.8174439072608948,0.1804241240024566,0.8452866673469543,0.0584849528968334,0.8936759233474731,0.0935908779501915,0.878244161605835,0.0764392167329788,0.8873217105865479,0.084479697048664,0.8877798914909363,0.3237246572971344,0.7229499816894531,0.0626135542988777,0.89089435338974,0.1180630847811698,0.8652068972587585
1304,1304,train,18191,0.9218586683273317,0.1607235074043274,0.6679931879043579,0.3716060817241668,0.940857231616974,0.1169367283582687,0.8304625153541565,0.2248611450195312,0.9096587300300598,0.1833570301532745,0.5685643553733826,0.4529151916503906,0.8667351603507996,0.235736608505249,0.8736141324043274,0.208775520324707,0.8986796140670776,0.2036452740430832,0.9269404411315918,0.1350889950990677,0.5271199941635132,0.502598226070404,0.918721079826355,0.1584006398916244
1305,1305,train,17032,0.8612242341041565,0.2602003812789917,0.662524402141571,0.3891781866550445,0.9288288354873656,0.1478094607591629,0.8202570676803589,0.2595555186271667,0.8853241801261902,0.2471299320459365,0.3094541430473327,0.6158361434936523,0.5758985280990601,0.4847304821014404,0.6324644684791565,0.4333803951740265,0.745911180973053,0.3684247434139251,0.9231467843055724,0.1467653214931488,0.2462682276964187,0.6813298463821411,0.8451899290084839,0.2566647827625274
1306,1306,train,17662,0.9364043474197388,0.134392648935318,0.6742916703224182,0.36651211977005,0.9442455172538756,0.1127139553427696,0.8430349230766296,0.2122255563735962,0.9308523535728456,0.1451603174209594,0.6733940839767456,0.3007919788360595,0.8825088143348694,0.1722751557826995,0.8789538145065308,0.1666949838399887,0.9101132154464722,0.1587834358215332,0.9279228448867798,0.1373345553874969,0.692405104637146,0.2770904004573822,0.9288257360458374,0.1289017051458358
1307,1307,test,17200,0.105639673769474,0.8300821781158447,0.3901537358760834,0.599388599395752,0.1564309149980545,0.801986575126648,0.1633367240428924,0.7679203152656555,0.1926197856664657,0.7583826780319214,0.0738328546285629,0.8692029118537903,0.105336382985115,0.8486457467079163,0.0780187547206878,0.8664857745170593,0.0831895470619201,0.8608587384223938,0.2818662524223327,0.6840778589248657,0.0729827508330345,0.8663628101348877,0.1088401824235916,0.8312476277351379
1308,1308,test,17814,0.0824174806475639,0.8680514693260193,0.4730278551578522,0.5209507346153259,0.2131997346878051,0.7858449220657349,0.1616279333829879,0.7423262000083923,0.1430890709161758,0.8025540709495544,0.0469856560230255,0.9075367450714112,0.0747034400701522,0.895232617855072,0.056103628128767,0.9070965051651,0.0594154223799705,0.906935691833496,0.4827839136123657,0.5171573162078857,0.0494465343654155,0.9088281393051147,0.0856225863099098,0.8829568028450012
1309,1309,train,18219,0.1851001977920532,0.7709521055221558,0.4255909919738769,0.6194655299186707,0.1385752558708191,0.7957276105880737,0.2240654677152633,0.6962893605232239,0.2614233195781708,0.7197282314300537,0.053898449987173,0.8602303266525269,0.1138028725981712,0.8162044286727905,0.092007964849472,0.8304729461669922,0.0863189846277237,0.8334892392158508,0.5521426200866699,0.4979091584682464,0.0584096387028694,0.8596176505088806,0.1360050737857818,0.7753368616104126
1310,1310,train,18305,0.9400290846824646,0.1163411736488342,0.6668762564659119,0.3683391511440277,0.9449171423912048,0.1060825958847999,0.8396201729774475,0.2038978338241577,0.9324047565460204,0.1367979198694229,0.7481133937835693,0.2457795590162277,0.9067499041557312,0.1346952617168426,0.9119375348091124,0.1214706525206565,0.9268429279327391,0.1255126446485519,0.927047073841095,0.1325369924306869,0.7728878855705261,0.2332223355770111,0.9378430843353271,0.1084564551711082
1311,1311,train,17149,0.0496474392712116,0.9089040160179138,0.1415737420320511,0.8211913108825684,0.0614449642598629,0.88798588514328,0.0663208067417144,0.878990888595581,0.0629634335637092,0.90109121799469,0.0384802334010601,0.9170993566513062,0.0537950806319713,0.9111799001693726,0.0455688498914241,0.9131027460098268,0.0433944351971149,0.9148448705673218,0.0877867192029953,0.8558575510978699,0.0399168878793716,0.9167630076408386,0.0569125600159168,0.909088134765625
1312,1312,train,17398,0.8757473826408386,0.1973112523555755,0.6546010971069336,0.3759998679161072,0.9343042969703674,0.1208530440926551,0.8019758462905884,0.2339852452278137,0.8719999194145203,0.2088844180107116,0.2598204612731933,0.6413026452064514,0.5578871369361877,0.4710405766963959,0.6037520170211792,0.431963562965393,0.718238890171051,0.3732989728450775,0.9212596416473388,0.142348438501358,0.2239017039537429,0.6732213497161865,0.8197402954101562,0.26665198802948
1313,1313,train,17965,0.083013892173767,0.8441100120544434,0.204349473118782,0.7243576645851135,0.1380548626184463,0.7830345034599304,0.1232130005955696,0.7870760560035706,0.1252191811800003,0.8082319498062134,0.0525654219090938,0.8876001834869385,0.0867694690823555,0.8647010326385498,0.0675299316644668,0.8749796152114868,0.0706289857625961,0.873515248298645,0.2464369982481002,0.6676633954048157,0.051909826695919,0.8836597800254822,0.0976776927709579,0.8497125506401062
1314,1314,test,17850,0.7529593706130981,0.3215495347976684,0.647965669631958,0.3931703865528106,0.9207515120506288,0.1442649960517883,0.7354147434234619,0.3025025725364685,0.8504443764686584,0.2540419995784759,0.233011394739151,0.6169338226318359,0.5438190698623657,0.4490086138248443,0.541349470615387,0.4557677209377289,0.5772532224655151,0.4516591727733612,0.9121173024177552,0.1594402939081192,0.2430395483970642,0.6188365817070007,0.6934580206871033,0.3421491980552673
1315,1315,train,18020,0.4001343846321106,0.673794150352478,0.544309139251709,0.5365316271781921,0.7094199061393738,0.3916430175304413,0.431682139635086,0.6090326905250549,0.5139171481132507,0.6145195960998535,0.1482855826616287,0.8193527460098267,0.297685295343399,0.7588791847229004,0.2471927553415298,0.7733204364776611,0.2579700350761413,0.7636421918869019,0.7724884152412415,0.356317937374115,0.151749312877655,0.8228304386138916,0.3528781533241272,0.7055964469909668
1316,1316,train,18368,0.1383599638938903,0.7817013263702393,0.2811160981655121,0.6788540482521057,0.4143645167350769,0.5624681711196899,0.1675231605768203,0.7399859428405762,0.2128274887800216,0.7360313534736633,0.0798005387187004,0.8448521494865417,0.1476789116859436,0.8047994375228882,0.1142714694142341,0.8111307621002197,0.1114829927682876,0.817144513130188,0.4126484096050262,0.5732126235961914,0.0805525556206703,0.8390945792198181,0.1692071855068206,0.7681307196617126
1317,1317,train,18182,0.0774177089333534,0.872490406036377,0.1644065976142883,0.781351625919342,0.1052172407507896,0.8428858518600464,0.1153775155544281,0.825957179069519,0.1113859266042709,0.8487727642059326,0.0592086538672447,0.8871795535087585,0.0828974321484565,0.8663241267204285,0.0645395219326019,0.8830029964447021,0.0658950805664062,0.8851714730262756,0.1926130950450897,0.7513964772224426,0.0560168884694576,0.8884680867195129,0.0939709171652793,0.8655372858047485
1318,1318,train,17087,0.0428177006542682,0.9306399822235109,0.0934115871787071,0.8678680062294006,0.0559615343809127,0.9253963828086852,0.0594937019050121,0.9033623933792114,0.0545208863914012,0.9239171743392944,0.0357986316084861,0.9320349097251892,0.0503197386860847,0.9294776320457458,0.0415035858750343,0.9329087138175964,0.0387633070349693,0.933914840221405,0.0766504034399986,0.899463415145874,0.0376391075551509,0.933121383190155,0.0516623891890049,0.9304730296134948
1319,1319,train,17985,0.083309456706047,0.8515949845314026,0.2292823195457458,0.7183905243873596,0.1625784188508987,0.7921200394630432,0.120629608631134,0.7967027425765991,0.1228260025382042,0.8024889230728149,0.0609330832958221,0.8791182637214661,0.0926414355635643,0.8477694392204285,0.0678878799080848,0.8722102642059326,0.0698614791035652,0.870019257068634,0.2725955545902252,0.676551878452301,0.0629573017358779,0.8752679228782654,0.0947143137454986,0.842646062374115
1320,1320,train,18517,0.5486376285552979,0.4706231951713562,0.6072323322296143,0.4139134287834167,0.8915551900863647,0.1774649322032928,0.6323655843734741,0.3568893373012543,0.6263852715492249,0.4159446060657501,0.1151885092258453,0.779790997505188,0.2189138680696487,0.6986531615257263,0.204271525144577,0.7012986540794373,0.2162666469812393,0.7127242088317871,0.8971878886222839,0.170595034956932,0.1158927157521247,0.7833767533302307,0.2978096604347229,0.643833577632904
1321,1321,train,18050,0.2919228971004486,0.621403694152832,0.6124067306518555,0.4199874699115753,0.833537220954895,0.2384189665317535,0.4971524178981781,0.4595279991626739,0.5334712266921997,0.4756082892417907,0.0996246486902237,0.801924467086792,0.1847067028284073,0.733817994594574,0.1550793200731277,0.7416281700134277,0.1803547590970993,0.7441348433494568,0.8828515410423279,0.1888943761587143,0.1011318117380142,0.8029139637947083,0.265027791261673,0.6528471112251282
1322,1322,train,18501,0.5463626980781555,0.4583224058151245,0.6529567837715149,0.4013969302177429,0.8861859440803528,0.1974265426397323,0.6380102038383484,0.3490811288356781,0.7184775471687317,0.3143237829208374,0.1597677022218704,0.7370256781578064,0.3022251725196838,0.6252647638320923,0.2724795639514923,0.640362024307251,0.3256825804710388,0.6173514127731323,0.8797460198402405,0.1951137483119964,0.1524954736232757,0.7492532134056091,0.5297637581825256,0.4532964527606964
1323,1323,train,18035,0.2466158121824264,0.7229083776473999,0.5559306144714355,0.4895789325237274,0.7900773882865906,0.3000212609767914,0.3740896880626678,0.6053017973899841,0.4361470341682434,0.6012634634971619,0.0923634022474289,0.82535719871521,0.1877467483282089,0.7717729210853577,0.1488840132951736,0.7947511672973633,0.165039524435997,0.7869089841842651,0.8259199261665344,0.2656461000442505,0.0930359587073326,0.8335011601448059,0.249945119023323,0.7111809253692627
1324,1324,test,17966,0.2323302179574966,0.7873420119285583,0.451503187417984,0.613349437713623,0.4932959973812103,0.6001638770103455,0.3210233151912689,0.6899882555007935,0.3841063976287842,0.7342640161514282,0.0797262340784072,0.8896748423576355,0.1638539284467697,0.8476852774620056,0.1358546316623687,0.8611291646957397,0.1429402530193328,0.8615806102752686,0.6588672995567322,0.4211397171020508,0.0789437741041183,0.880676805973053,0.2067043781280517,0.8023800849914551
1325,1325,train,17978,0.0888327211141586,0.9007184505462646,0.2566488683223724,0.7670186161994934,0.5290221571922302,0.5549890398979187,0.1398708373308181,0.8370050191879272,0.1435779780149459,0.8786554336547852,0.0457634143531322,0.9194512367248536,0.0725395530462265,0.9060706496238708,0.0624213255941867,0.911672055721283,0.0633359402418136,0.9172372817993164,0.5379871726036072,0.5642544031143188,0.0476631261408329,0.9161174297332764,0.0918233916163444,0.8937950730323792
1326,1326,train,17626,0.074372723698616,0.9310376048088074,0.1659521609544754,0.8624721765518188,0.1322779506444931,0.8897508978843689,0.1062897890806198,0.9011828899383544,0.1112429425120353,0.9277547597885132,0.0547029189765453,0.937617838382721,0.0854130536317825,0.9295706152915956,0.0673116669058799,0.9354923963546752,0.0654169023036956,0.939257025718689,0.1923687309026718,0.8658068776130676,0.0567636601626873,0.9375326633453368,0.096777357161045,0.9299971461296082
1327,1327,train,17069,0.3625832796096802,0.7223253846168518,0.5528208613395691,0.5308511257171631,0.8603507280349731,0.2808865308761596,0.5425037145614624,0.5494669079780579,0.54939204454422,0.6611272692680359,0.0768061950802803,0.8865267038345337,0.1701984703540802,0.8499220013618469,0.1431928277015686,0.8507641553878784,0.1666178256273269,0.8380277752876282,0.8788263201713562,0.2169650048017501,0.0720375031232833,0.8856557607650757,0.2880013287067413,0.7582511901855469
1328,1328,train,17569,0.1206822842359542,0.7638673782348633,0.2747057378292084,0.6610673666000366,0.1803233176469802,0.7377581596374512,0.1805390268564224,0.7244015336036682,0.2144100964069366,0.7029624581336975,0.0864488184452056,0.8106293082237244,0.1047186180949211,0.7850197553634644,0.0833088904619216,0.802080512046814,0.0849309489130973,0.8047699332237244,0.2359815835952758,0.6920289993286133,0.0863136649131774,0.8022236227989197,0.1046813353896141,0.7803853750228882
1329,1329,train,17058,0.798487663269043,0.3546683192253113,0.6477945446968079,0.3995061218738556,0.9280287623405457,0.1359926164150238,0.7828336954116821,0.2970035970211029,0.846794605255127,0.2953680455684662,0.2055960446596145,0.7205216288566589,0.5250675082206726,0.5757153034210205,0.6169036626815796,0.5043711066246033,0.6547264456748962,0.4903311431407928,0.9181765913963318,0.1473889797925949,0.191001296043396,0.7733189463615417,0.7416275143623352,0.3935534954071045
1330,1330,train,17501,0.1431819200515747,0.8134586811065674,0.2746082544326782,0.7044225931167603,0.3258704841136932,0.6856671571731567,0.1958059966564178,0.7585124373435974,0.2206407040357589,0.7856107950210571,0.0671839714050293,0.8758193254470825,0.1414591819047927,0.8521202802658081,0.1050176247954368,0.869114339351654,0.0967507064342498,0.8649815320968628,0.4160780906677246,0.613406240940094,0.0742930322885513,0.8761276006698608,0.1315165609121322,0.8483024835586548
1331,1331,train,17708,0.0817939117550849,0.8595610857009888,0.219513863325119,0.6954126358032227,0.2145809531211853,0.6878438591957092,0.1342632472515106,0.7730006575584412,0.119180142879486,0.8103762865066528,0.0464338511228561,0.8836879730224609,0.0715407580137252,0.8667218089103699,0.0626714304089546,0.8746371269226074,0.0621520914137363,0.8774797320365906,0.4408666491508484,0.5366675853729248,0.0473135188221931,0.8830577731132507,0.0845930054783821,0.8540067672729492
1332,1332,train,17331,0.283057153224945,0.7015795111656189,0.574601411819458,0.462205171585083,0.6975491046905518,0.3547127842903137,0.336186408996582,0.5746399164199829,0.4746933579444885,0.5376216769218445,0.0878234356641769,0.8455508947372437,0.1638676971197128,0.7879050374031067,0.125088557600975,0.809425413608551,0.143690213561058,0.8122387528419495,0.8118003010749817,0.2836878299713135,0.0845085233449935,0.8467509746551514,0.2245413810014724,0.725784957408905
1333,1333,test,18083,0.0814756006002426,0.8531537652015686,0.32956263422966,0.6497498154640198,0.1301415860652923,0.808241605758667,0.1355752944946289,0.7972546815872192,0.1344211995601654,0.8003373146057129,0.0510345548391342,0.8946698307991028,0.0804226770997047,0.8670789003372192,0.0636051222681999,0.8763580322265625,0.068043440580368,0.8806871175765991,0.4083001315593719,0.559060275554657,0.0537851639091968,0.8936242461204529,0.0984449014067649,0.8454310894012451
1334,1334,train,17266,0.0902691110968589,0.8707215189933777,0.3433160483837127,0.6318862438201904,0.3493755161762237,0.6697255373001099,0.1812076866626739,0.7562533617019653,0.1750852465629577,0.8172841668128967,0.0664501190185546,0.8921077847480774,0.1010714247822761,0.8778027892112732,0.0795675888657569,0.8824285864830017,0.0773419961333274,0.8856812119483948,0.6129136085510254,0.4628104567527771,0.0657336711883544,0.8970163464546204,0.1118552908301353,0.866556704044342
1335,1335,train,17387,0.1608350425958633,0.7837391495704651,0.4139314591884613,0.6270266175270081,0.2703390717506408,0.6957740783691406,0.2386805713176727,0.7100468277931213,0.2427601516246795,0.7474268674850464,0.0840531289577484,0.8474140763282776,0.1383788287639618,0.7990533113479614,0.1133954152464866,0.8265653252601624,0.1137884482741355,0.8285748958587646,0.4643681347370147,0.5488682389259338,0.0944206416606903,0.8393528461456299,0.1558297872543335,0.7833638787269592
1336,1336,train,17251,0.1129516810178756,0.8583218455314636,0.2145338952541351,0.7718771696090698,0.288430392742157,0.7223411798477173,0.1526903808116912,0.8202269077301025,0.1598149836063385,0.8351004123687744,0.0674453526735305,0.8702592253684998,0.1233479231595993,0.8529729843139648,0.1014143228530883,0.8664768934249878,0.0939043536782264,0.8711724877357483,0.3385077118873596,0.6732079982757568,0.0698061659932136,0.8659703731536865,0.1294587850570678,0.8457033634185791
1337,1337,train,17927,0.8896645903587341,0.2044397592544555,0.6662654876708984,0.3748506009578705,0.933617889881134,0.1241553053259849,0.8181653022766113,0.2277209311723709,0.890028715133667,0.1987206041812896,0.4030151963233948,0.5386518836021423,0.7592182159423828,0.3379822671413421,0.7907209396362305,0.283563882112503,0.8213332891464233,0.2898077368736267,0.9233944416046144,0.1420672535896301,0.3943645060062408,0.5709114074707031,0.8602046370506287,0.2263304144144058
1338,1338,train,17757,0.0889009609818458,0.8464031219482422,0.1705680787563324,0.7375909090042114,0.160162940621376,0.773017942905426,0.1129923015832901,0.7777790427207947,0.1418285369873047,0.8122231364250183,0.0533906556665897,0.8708770871162415,0.0943172350525856,0.8569917678833008,0.0717905312776565,0.8585826754570007,0.0785270407795906,0.8565304279327393,0.2559435963630676,0.6628299355506897,0.0519802011549472,0.8645994663238525,0.0962467044591903,0.8364251255989075
1339,1339,train,18561,0.1121312901377677,0.8440837264060974,0.4459234774112701,0.5874062180519104,0.3009064793586731,0.6895508170127869,0.1989236325025558,0.7444393634796143,0.1959192007780075,0.7769944667816162,0.0575218796730041,0.8981994390487671,0.0988509729504585,0.8737592697143555,0.0671222731471061,0.8929948806762695,0.0808042958378791,0.885877251625061,0.4696619808673858,0.5920938849449158,0.0590431168675422,0.8981863856315613,0.110591635107994,0.8608631491661072
1340,1340,train,17548,0.4498891532421112,0.6134433746337891,0.5979558825492859,0.4806945919990539,0.8468371033668518,0.2635089159011841,0.4631527662277221,0.5546360015869141,0.5653824806213379,0.5448023080825806,0.1310933828353881,0.8236539959907532,0.2664387822151184,0.7458749413490295,0.2573824524879455,0.7345860004425049,0.2636204361915588,0.7527581453323364,0.885491132736206,0.2073941677808761,0.132386639714241,0.8281501531600952,0.3807168304920196,0.6742002367973328
1341,1341,train,17885,0.9329156875610352,0.1385954022407531,0.6698694825172424,0.3681544065475464,0.9442440867424012,0.1140760853886604,0.8469560146331787,0.2069039940834045,0.9213208556175232,0.1553484499454498,0.5750867128372192,0.377876877784729,0.8512373566627502,0.2105408608913421,0.8644587993621826,0.1877664625644683,0.8967664241790771,0.1732003688812255,0.9260679483413696,0.1346347332000732,0.5749393105506897,0.3862576782703399,0.9243969321250916,0.1349466741085052
1342,1342,test,17837,0.1164652481675148,0.8273869156837463,0.4384073913097381,0.6025705337524414,0.2895427048206329,0.6852222084999084,0.1976015716791153,0.7554111480712891,0.2229078263044357,0.7616496086120605,0.0658722445368766,0.8814274072647095,0.1136581525206565,0.8504613637924194,0.0824740603566169,0.861470639705658,0.0894733592867851,0.8598017692565918,0.3953746855258941,0.5893000364303589,0.0681244358420372,0.879406750202179,0.1295162290334701,0.820625901222229
1343,1343,train,17953,0.0624122507870197,0.8798261880874634,0.2233027219772339,0.750914990901947,0.0698753520846366,0.8823472857475281,0.1077852174639701,0.8332383632659912,0.1035752743482589,0.8493788242340088,0.0471855923533439,0.8974683284759521,0.0663521066308021,0.8865624666213989,0.0499859042465686,0.8955740928649902,0.0508142001926898,0.8949756622314453,0.1268967390060424,0.82296222448349,0.04920544475317,0.894335150718689,0.064077042043209,0.8874238133430481
1344,1344,train,18043,0.2832922637462616,0.8237099647521973,0.4652751684188843,0.6057953238487244,0.7631527185440063,0.37114217877388,0.4185853600502014,0.6586079597473145,0.3743660449981689,0.7653204202651978,0.0860879942774772,0.9063982367515564,0.1515412181615829,0.8861805200576782,0.1387865841388702,0.8933244943618774,0.1591168045997619,0.8852347135543823,0.8486281633377075,0.2784592807292938,0.0881583169102668,0.9107379913330078,0.2107097506523132,0.8532677888870239
1345,1345,train,17774,0.1851891577243805,0.7518994212150574,0.4421165585517883,0.5346415042877197,0.1880117952823639,0.8007708787918091,0.2281065136194229,0.7131375074386597,0.3164279460906982,0.6501607298851013,0.1080049499869346,0.8208267688751221,0.1491676121950149,0.8045573830604553,0.1258197575807571,0.8015664219856262,0.1262249946594238,0.8052372932434082,0.4182136952877044,0.5855955481529236,0.1164929345250129,0.8075520992279053,0.1544814556837082,0.7728371620178223
1346,1346,train,17549,0.9461857080459596,0.1199760735034942,0.6762415766716003,0.3597614467144012,0.944136679172516,0.1110763326287269,0.858232319355011,0.1966243833303451,0.9327614307403564,0.1404754966497421,0.779242753982544,0.2619580328464508,0.918282389640808,0.1419807523488998,0.9264144897460938,0.1311069577932357,0.9369061589241028,0.1312173902988433,0.9288843870162964,0.1286230981349945,0.8066824078559875,0.2511014938354492,0.9441071152687072,0.1128261387348175
1347,1347,test,18080,0.8514857888221741,0.2532050609588623,0.6525982022285461,0.3776505291461944,0.9370631575584412,0.1216905117034912,0.7867525815963745,0.2612949311733246,0.866988480091095,0.2577215135097503,0.418783962726593,0.5403988361358643,0.7797330021858215,0.3437746167182922,0.7950931191444397,0.3218270540237427,0.8133558034896851,0.3124006688594818,0.9187682867050172,0.1476473659276962,0.4368900060653686,0.5719603300094604,0.8520645499229431,0.2573882341384887
1348,1348,train,17746,0.0471119210124015,0.9177680015563964,0.0926600694656372,0.8631529211997986,0.070966936647892,0.8914526700973511,0.0590327195823192,0.8993440270423889,0.0602289699018001,0.9100357890129088,0.0379505306482315,0.923069179058075,0.0563959218561649,0.9173709750175476,0.0455440767109394,0.9223070740699768,0.0417563989758491,0.9262444376945496,0.1278609335422516,0.8382480144500732,0.0397756434977054,0.9236530661582948,0.0566072575747966,0.9199981093406676
1349,1349,train,17079,0.2295661568641662,0.7425549030303955,0.5048989057540894,0.5671445727348328,0.3918716609477997,0.5883169770240784,0.3451871275901794,0.6516717672348022,0.384954422712326,0.6757646203041077,0.0997246205806732,0.8215402960777283,0.1818468868732452,0.7884826064109802,0.1385628581047058,0.7971829771995544,0.1485708951950073,0.7952058911323547,0.6974020004272461,0.4162867665290832,0.0952498093247413,0.8232865333557129,0.2259968668222427,0.7440881133079529
1350,1350,test,18644,0.3090077340602875,0.6852310299873352,0.479288786649704,0.532427966594696,0.6782656311988831,0.3776751160621643,0.3459410369396209,0.5944425463676453,0.4575589299201965,0.6075541973114014,0.0783401876688003,0.8150928616523743,0.169897586107254,0.7695181369781494,0.1528660506010055,0.760089099407196,0.1711379438638687,0.7574084997177124,0.7632529139518738,0.2916698753833771,0.0826313346624374,0.8083264827728271,0.2714272439479828,0.6902002692222595
1351,1351,train,17980,0.3006234467029571,0.602911651134491,0.6241553425788879,0.4293580055236816,0.2171839624643325,0.7257384657859802,0.3862110674381256,0.5334885716438293,0.5651400089263916,0.4327675998210907,0.1013113856315612,0.7943843603134155,0.1569003462791443,0.7556841969490051,0.118275947868824,0.7735100388526917,0.1407180428504943,0.7545872926712036,0.5605190992355347,0.4539599418640136,0.0948383659124374,0.8041558265686035,0.2174301445484161,0.6749446392059326
1352,1352,test,18367,0.0323266610503196,0.9271538257598876,0.1352471858263015,0.8083727955818176,0.0472084507346153,0.9380242228507996,0.0496485866606235,0.9040547013282776,0.0621900521218776,0.8946216702461243,0.0285649187862873,0.9358561038970948,0.0375567488372325,0.9292779564857484,0.0272057224065065,0.9322826266288756,0.0291598550975322,0.9332923293113708,0.0646636933088302,0.8988412022590637,0.0279848109930753,0.9345202445983888,0.037114642560482,0.9250025153160096
1353,1353,test,17566,0.8472543954849243,0.2394334375858307,0.6457415223121643,0.3774995803833008,0.9345309734344482,0.1214424893260002,0.777236819267273,0.2355477511882782,0.8698274493217468,0.2178184390068054,0.3012951016426086,0.6602078676223755,0.6094433665275574,0.5068434476852417,0.6483803987503052,0.4345499575138092,0.6927657723426819,0.4175262153148651,0.9181870222091676,0.1440590769052505,0.2824236452579498,0.6855232119560242,0.7842493653297424,0.3088584244251251
1354,1354,train,17416,0.1202971935272216,0.8460283279418945,0.285304844379425,0.7129889130592346,0.216923251748085,0.755445122718811,0.1596606075763702,0.773078203201294,0.1691631078720092,0.8120884895324707,0.0662365555763244,0.883802592754364,0.1084066703915596,0.8633023500442505,0.0952469334006309,0.8630850911140442,0.0922408252954483,0.8724443316459656,0.2940616309642792,0.707780122756958,0.0714721232652664,0.876289427280426,0.1196967139840126,0.8583148717880249
1355,1355,train,17700,0.5355899930000305,0.5700404047966003,0.5894420742988586,0.4527363181114197,0.901257872581482,0.1840045005083084,0.6109694242477417,0.4279754757881164,0.6164856553077698,0.4827302396297455,0.127866119146347,0.8132908344268799,0.2603257596492767,0.7430934906005859,0.2810474038124084,0.7497099041938782,0.3067092001438141,0.7434998154640198,0.8929993510246277,0.1794788092374801,0.124277114868164,0.828494668006897,0.3924021422863006,0.6569851040840149
1356,1356,train,18293,0.1825045347213745,0.82927405834198,0.4608049690723419,0.610486626625061,0.1100152358412742,0.8526408672332764,0.2619698643684387,0.7607927918434143,0.3129603564739227,0.768006443977356,0.0568057037889957,0.9071998000144958,0.1072397381067276,0.8755694627761841,0.0869274958968162,0.8849570751190186,0.104278564453125,0.879005491733551,0.6980797648429871,0.4322773814201355,0.0575677789747715,0.9080326557159424,0.1894628256559372,0.8184850811958313
1357,1357,train,18310,0.0922593921422958,0.916168749332428,0.1941787153482437,0.7916268110275269,0.3242194652557373,0.7489359974861145,0.1239413172006607,0.8540059328079224,0.1370474696159362,0.8881770968437195,0.0568895563483238,0.9325902462005616,0.1011430993676185,0.9173348546028136,0.0844137370586395,0.922978401184082,0.0771623477339744,0.9278579950332642,0.4399667382240295,0.6017049551010132,0.0586275048553943,0.9319361448287964,0.1084787473082542,0.9114992618560792
1358,1358,test,17635,0.0934060215950012,0.8464081287384033,0.1915803849697113,0.8147580623626709,0.3278378546237945,0.6614888906478882,0.1155087798833847,0.8427351713180542,0.136443942785263,0.8408330678939819,0.0599780529737472,0.8721659183502197,0.0998257249593734,0.8421941995620728,0.0818181335926055,0.8415262699127197,0.0827774479985237,0.856431245803833,0.2985948622226715,0.6685191988945007,0.062360443174839,0.867047131061554,0.1157676503062248,0.8236376047134399
1359,1359,train,18422,0.9352177977561952,0.1396391242742538,0.674053966999054,0.3616237044334411,0.9433639049530028,0.1122591346502304,0.8477392792701721,0.2046953290700912,0.9222958087921144,0.1587902605533599,0.6668030023574829,0.3198229372501373,0.9007381796836852,0.1683533489704132,0.8975384831428528,0.1662222295999527,0.9209874868392944,0.1603886932134628,0.928144097328186,0.1300325542688369,0.6578481793403625,0.3351943790912628,0.9324328899383544,0.1303797364234924
1360,1360,train,17523,0.2203062176704406,0.7771152853965759,0.5153514742851257,0.5286330580711365,0.7715027332305908,0.3337594866752624,0.3658170104026794,0.6310226321220398,0.4212194979190826,0.6749341487884521,0.0736055672168731,0.8609916567802429,0.1366065442562103,0.8301392793655396,0.1049241200089454,0.8379943370819092,0.1184441670775413,0.8374668955802917,0.8649096488952637,0.2141237556934356,0.0744937285780906,0.8593524694442749,0.1995962262153625,0.7978361248970032
1361,1361,train,17864,0.2367183715105056,0.721774697303772,0.6231939196586609,0.4375666081905365,0.8721995949745178,0.2120117545127868,0.5376477241516113,0.4767313003540039,0.5662257671356201,0.5036888718605042,0.0693144798278808,0.8603694438934326,0.1262291520833969,0.8203545212745667,0.0898278579115867,0.8416832089424133,0.1105050817131996,0.8213293552398682,0.8481285572052002,0.2299308627843856,0.0674074813723564,0.8705057501792908,0.1942458003759384,0.7408789396286011
1362,1362,train,17731,0.2819582521915436,0.6909762024879456,0.5381751656532288,0.5031166672706604,0.4112321436405182,0.6252211332321167,0.3245498538017273,0.647765040397644,0.4512042105197906,0.5750460028648376,0.099323034286499,0.840077817440033,0.160955011844635,0.805435836315155,0.1247327253222465,0.8144227266311646,0.148957073688507,0.7973631024360657,0.5409095883369446,0.5283286571502686,0.0958175137639045,0.8368663191795349,0.1923354119062423,0.7695912718772888
1363,1363,train,17301,0.1998971253633499,0.7636204957962036,0.5559805035591125,0.47751384973526,0.744176983833313,0.3236473202705383,0.3016658723354339,0.6325083374977112,0.3793558776378631,0.6301432251930237,0.0793462246656417,0.8685943484306335,0.1348932981491089,0.8283935785293579,0.1160061880946159,0.8398130536079407,0.1140226125717163,0.8478695750236511,0.783940315246582,0.2906215786933899,0.077607624232769,0.8777138590812683,0.1940499246120453,0.7793008089065552
1364,1364,train,17349,0.0919921249151229,0.841719388961792,0.3942230641841888,0.6159382462501526,0.3889620900154114,0.6317664384841919,0.1759376674890518,0.7689085602760315,0.1522736698389053,0.8003881573677063,0.0435859262943267,0.8862446546554565,0.0709295570850372,0.8640074133872986,0.0526324175298213,0.8764411807060242,0.0582239255309104,0.8756897449493408,0.5494562983512878,0.5036675930023193,0.0450292266905307,0.8823394179344177,0.0858371928334236,0.8480744361877441
1365,1365,train,17835,0.080808900296688,0.7820581793785095,0.3759160041809082,0.571962833404541,0.0755730345845222,0.8272761106491089,0.1352456957101822,0.7248347401618958,0.1776848882436752,0.6961838006973267,0.0560817644000053,0.8564231395721436,0.0794778540730476,0.8296993970870972,0.0622028298676013,0.831221878528595,0.0641505345702171,0.8285538554191589,0.2009208798408508,0.6670169830322266,0.0547169260680675,0.8456024527549744,0.0817722082138061,0.8109071254730225
1366,1366,train,17386,0.0675554424524307,0.8925772309303284,0.2949125170707702,0.6867121458053589,0.1052506789565086,0.8618178367614746,0.112023688852787,0.8278509378433228,0.1086664646863937,0.8522971868515015,0.0414012558758258,0.9081931710243224,0.0641886591911315,0.8909684419631958,0.0494151003658771,0.9020062685012816,0.0530327409505844,0.9066222906112672,0.1371482908725738,0.8399111032485962,0.0425203666090965,0.908622682094574,0.0746013596653938,0.8887909650802612
1367,1367,train,18737,0.0554855428636074,0.9227311611175536,0.1845218241214752,0.8066768646240234,0.0726984292268753,0.9215326905250548,0.0725131407380104,0.8909213542938232,0.0766536593437194,0.9082464575767516,0.0447255857288837,0.9317126870155334,0.0651585310697555,0.9213919043540956,0.0524255596101284,0.929487407207489,0.0495822802186012,0.9303740859031676,0.1204195916652679,0.8668351173400879,0.0437943004071712,0.9286035299301147,0.0699614658951759,0.9180802702903748
1368,1368,train,17847,0.0697515681385994,0.8918938636779785,0.4819634854793548,0.5878589153289795,0.2201862037181854,0.7708130478858948,0.1410045325756073,0.8175288438796997,0.1210391968488693,0.8557753562927246,0.0420901514589786,0.9189634323120116,0.0715688243508338,0.9025818109512328,0.0512467473745346,0.9086861610412598,0.0582850351929664,0.9112386703491212,0.7135708332061768,0.3812704086303711,0.0436304472386837,0.9155691862106324,0.0816123634576797,0.8906276226043701
1369,1369,train,17496,0.242399662733078,0.7284950017929077,0.5674090385437012,0.4866606295108795,0.7577040195465088,0.3301225006580353,0.3694136142730713,0.592853307723999,0.4086187481880188,0.6282228231430054,0.1102846637368202,0.830602765083313,0.1965752393007278,0.7781093120574951,0.1714090257883072,0.7981213331222534,0.1620701253414154,0.8015538454055786,0.7780495285987854,0.3489021062850952,0.1112293303012847,0.8323596715927124,0.2229786664247512,0.7567337155342102
1370,1370,train,17493,0.9156942367553712,0.1682068854570388,0.6703841686248779,0.3665118217468261,0.9325302839279176,0.1222912445664405,0.8264032006263733,0.2272392511367797,0.916552484035492,0.1687237471342086,0.6242806315422058,0.3723572790622711,0.8832730054855347,0.1816004663705825,0.8888794779777527,0.1776522248983383,0.9002363681793213,0.1879252791404724,0.9235391616821288,0.141963317990303,0.6625261306762695,0.3770360946655273,0.918064534664154,0.1557038575410843
1371,1371,train,18047,0.6838182210922241,0.3773097097873688,0.6215287446975708,0.4077098071575165,0.9026958346366882,0.1631935536861419,0.6744462251663208,0.3333339691162109,0.7619949579238892,0.3119179606437683,0.1276074796915054,0.7476258873939514,0.292536199092865,0.6557651162147522,0.2665456235408783,0.6286427974700928,0.3422942161560058,0.586326539516449,0.9090269804000854,0.1589614450931549,0.110657550394535,0.7545437812805176,0.5868927836418152,0.4000681042671203
1372,1372,train,18234,0.1151371076703071,0.8069740533828735,0.4891730844974518,0.5523189902305603,0.517457127571106,0.5346224308013916,0.2359519749879837,0.6926445364952087,0.2044741362333297,0.7524375915527344,0.0617101192474365,0.8537477850914001,0.1103853434324264,0.8243650197982788,0.080684557557106,0.8374239206314087,0.0878799706697464,0.8347641229629517,0.6829264163970947,0.3780692517757416,0.0621273443102836,0.8538643717765808,0.1232578232884407,0.7944417595863342
1373,1373,train,17742,0.0607310347259044,0.8902340531349182,0.3535429239273071,0.6463521718978882,0.0735591277480125,0.8858931064605713,0.1216706037521362,0.8192074298858643,0.1336793899536132,0.8246106505393982,0.0395997390151023,0.9177076816558838,0.0582347512245178,0.9072295427322388,0.0447016172111034,0.9111956357955932,0.0475285612046718,0.9084100127220154,0.1651302278041839,0.8057361841201782,0.0388273671269416,0.9142518639564514,0.0688052996993064,0.8851689696311951
1374,1374,train,17415,0.4425714313983917,0.617313802242279,0.5393083691596985,0.5067736506462097,0.7822546362876892,0.2973147332668304,0.4499362707138061,0.5867245197296143,0.50447016954422,0.5959873795509338,0.1759546101093292,0.7784919142723083,0.3343846201896667,0.7017444372177124,0.2808042466640472,0.7187573313713074,0.3236168026924133,0.699336588382721,0.7556182742118835,0.3241797685623169,0.1790093928575515,0.7838569283485413,0.4010816514492035,0.6435714960098267
1375,1375,train,17894,0.098374605178833,0.9026784300804138,0.2494634836912155,0.776064932346344,0.2940037846565246,0.7941297888755798,0.1672541797161102,0.828389048576355,0.1573666185140609,0.8789200186729431,0.0596735663712024,0.9246641993522644,0.1098056659102439,0.9088250398635864,0.0842176675796508,0.9153238534927368,0.0771744772791862,0.9174945950508118,0.5008749961853027,0.6120721101760864,0.058197945356369,0.9198256731033324,0.1211008578538894,0.893993079662323
1376,1376,train,18011,0.0641208365559578,0.8790415525436401,0.3938443660736084,0.6172178387641907,0.0886403545737266,0.8547420501708984,0.116306222975254,0.811667799949646,0.1340494453907013,0.8118519186973572,0.0399824604392051,0.9092750549316406,0.0684022158384323,0.8954222798347473,0.0462145768105983,0.9048685431480408,0.0500502437353134,0.9042904376983644,0.1913006007671356,0.7398199439048767,0.0392907783389091,0.9116688370704652,0.0788396000862121,0.8824529051780701
1377,1377,train,17138,0.2085189074277877,0.815872311592102,0.4616118967533111,0.6146371960639954,0.7087621688842773,0.397691011428833,0.3094699084758758,0.7153902649879456,0.3486920595169067,0.7503985166549683,0.0599272437393665,0.909043788909912,0.1128403693437576,0.8838874697685242,0.0864978805184364,0.8911134004592896,0.1071595475077629,0.8839505910873413,0.8247858881950378,0.2848023474216461,0.0578073523938655,0.909504771232605,0.1876610368490219,0.8322793245315552
1378,1378,train,18022,0.0659532472491264,0.8838040828704834,0.1652400940656662,0.8136670589447021,0.0909880176186561,0.8478824496269226,0.1162720248103141,0.8389272689819336,0.0946810990571975,0.8750789165496826,0.0500362068414688,0.9002264738082886,0.0747534036636352,0.8874137997627258,0.0571426711976528,0.8960535526275635,0.057811439037323,0.8974443674087524,0.1915489882230758,0.7795704007148743,0.0530754923820495,0.901170015335083,0.0771384835243225,0.8827279806137085
1379,1379,train,17726,0.0859806835651397,0.8823693990707397,0.1967573314905166,0.7729841470718384,0.1116888001561164,0.8589297533035278,0.1154297664761543,0.840761661529541,0.1339341551065445,0.859690248966217,0.0540591105818748,0.9068782925605774,0.1004894748330116,0.894055962562561,0.0719586983323097,0.8965126872062683,0.0725835338234901,0.9021648168563844,0.3033522069454193,0.6821475028991699,0.0561258010566234,0.9024826884269714,0.1022848710417747,0.8770671486854553
1380,1380,train,17565,0.1850237101316452,0.6819303035736084,0.3566362559795379,0.6220041513442993,0.6434128880500793,0.4072383046150207,0.2241079807281494,0.6793621182441711,0.2836817502975464,0.6703722476959229,0.1108979955315589,0.7635188698768616,0.1745577752590179,0.7005774974822998,0.1484822630882263,0.7019655704498291,0.1600354015827179,0.7062010765075684,0.5525270104408264,0.4490601122379303,0.1123077869415283,0.7516571879386902,0.2413731217384338,0.6379379034042358
1381,1381,train,18345,0.2006590366363525,0.7063939571380615,0.6176373362541199,0.4466588199138641,0.7232472896575928,0.3501258790493011,0.3918027281761169,0.5553013682365417,0.4958861172199249,0.5021427273750305,0.0694760829210281,0.8567608594894409,0.1257951259613037,0.8100175261497498,0.0897182077169418,0.8356406688690186,0.1120531633496284,0.8140453696250916,0.800038754940033,0.2746244370937347,0.0701303035020828,0.8645269870758057,0.1684528142213821,0.7356635332107544
1382,1382,train,17275,0.0354251489043235,0.9391322135925292,0.1157398521900177,0.8608165979385376,0.05525504052639,0.933031678199768,0.0618062391877174,0.89670729637146,0.0560841411352157,0.9185529947280884,0.0345645993947982,0.9438030123710632,0.0436671003699302,0.9382168650627136,0.0351516716182231,0.9443357586860656,0.0334068574011325,0.9461662769317628,0.0902054011821746,0.8864663243293762,0.0353484191000461,0.939854860305786,0.0450482778251171,0.9380362629890442
1383,1383,test,17478,0.2387826889753341,0.772516667842865,0.4378624856472015,0.5789852142333984,0.6898621916770935,0.4290239810943603,0.3282968401908874,0.6728666424751282,0.3644297122955322,0.7070345282554626,0.0968837589025497,0.8598628044128418,0.1893703937530517,0.8246152400970459,0.1684580296278,0.829106867313385,0.1627016961574554,0.8347868919372559,0.7927230596542358,0.3038012385368347,0.0985734835267067,0.8639400005340576,0.2374405860900879,0.7878358364105225
1384,1384,train,17055,0.1158288493752479,0.8340476155281067,0.2678504884243011,0.6947864890098572,0.1975253969430923,0.7351088523864746,0.1833255887031555,0.7694854736328125,0.1748975962400436,0.8167358636856079,0.0606517158448696,0.8812040686607361,0.1037083566188812,0.8633999824523926,0.084311306476593,0.8732408285140991,0.0842813849449157,0.8676156401634216,0.4381545782089233,0.5661982297897339,0.0618783980607986,0.8794956803321838,0.1159938424825668,0.8536381125450134
1385,1385,train,18410,0.2320498526096344,0.7496458888053894,0.4314085841178894,0.6043974757194519,0.1657691597938537,0.7799178957939148,0.2922743558883667,0.6549808382987976,0.3502756059169769,0.6962422132492065,0.0811788886785507,0.8584376573562622,0.1517074406147003,0.8218457698822021,0.1087859347462654,0.8371166586875916,0.1320701837539672,0.8240785598754883,0.5994734764099121,0.4591818749904632,0.0805698782205581,0.8610526919364929,0.2167399376630783,0.753683865070343
1386,1386,train,18287,0.2080303579568863,0.7976807951927185,0.4894939064979553,0.5682508945465088,0.4163180887699127,0.6037216782569885,0.3310393393039703,0.6697309613227844,0.4071603715419769,0.6982465386390686,0.059832252562046,0.8940601348876953,0.127491220831871,0.8554115891456604,0.1064375936985015,0.8663991093635559,0.1101353093981742,0.8652677536010742,0.8342850208282471,0.2520803213119507,0.0591573566198349,0.8895840048789978,0.1927554458379745,0.8060762286186218
1387,1387,train,17302,0.0478885062038898,0.9313939213752748,0.1109038665890693,0.8546811938285828,0.0729969963431358,0.9181981682777404,0.0666137039661407,0.9006187319755554,0.0680549666285514,0.9189812541007996,0.0393244326114654,0.93392151594162,0.0579138286411762,0.927074134349823,0.0412416756153106,0.9327007532119752,0.0420678183436393,0.9321070909500122,0.1045281887054443,0.8783354163169861,0.0380194298923015,0.9299079775810242,0.0589007958769798,0.9291455149650574
1388,1388,train,17402,0.2797583043575287,0.7485663890838623,0.5830755233764648,0.5075711607933044,0.8227737545967102,0.3079387545585632,0.5241441130638123,0.5560065507888794,0.5507745146751404,0.6118603944778442,0.0770196095108985,0.8802943825721741,0.1563571542501449,0.8369623422622681,0.144449383020401,0.8253546357154846,0.1469471007585525,0.834413468837738,0.8781241178512573,0.2253257632255554,0.0797170773148536,0.8713298439979553,0.2595104277133941,0.7428175210952759
1389,1389,train,17901,0.1207035109400749,0.804399311542511,0.4168082475662231,0.569540798664093,0.4566570818424225,0.4887999594211578,0.1979818791151046,0.7080844640731812,0.2459249943494796,0.7324569225311279,0.048230804502964,0.8736298680305481,0.1025037318468093,0.8358798623085022,0.0759606510400772,0.842520534992218,0.0826074257493019,0.8465741276741028,0.7384941577911377,0.2831701636314392,0.0506240390241146,0.8625965118408203,0.1166534572839737,0.8180087208747864
1390,1390,train,17472,0.1146166548132896,0.8846006989479065,0.2967070043087005,0.7319939136505127,0.1367085725069046,0.8532342910766602,0.1677099764347076,0.8104972839355469,0.1972084790468216,0.8385210037231445,0.0684880688786506,0.903104603290558,0.1154551059007644,0.8874257206916809,0.0880070105195045,0.9021368622779846,0.0910218209028244,0.9038203358650208,0.2708393931388855,0.7726863026618958,0.0658947005867958,0.9053127765655518,0.1236374303698539,0.8793907761573792
1391,1391,train,17989,0.6235229969024658,0.484343409538269,0.6513281464576721,0.3882421553134918,0.925784945487976,0.1341482251882553,0.734241247177124,0.3286985456943512,0.7759996056556702,0.3679284453392029,0.1159001216292381,0.7814022898674011,0.2825712263584137,0.7033486366271973,0.2717834115028381,0.6975620985031128,0.3282410502433777,0.6807569265365601,0.9147738814353944,0.1498608440160751,0.1101835444569587,0.7960376143455505,0.489859789609909,0.5691291689872742
1392,1392,train,16966,0.3372384905815124,0.7257459163665771,0.4523142278194427,0.5710628032684326,0.6049191951751709,0.5198161005973816,0.3616048693656921,0.6529574990272522,0.4256832301616668,0.6851814389228821,0.1026166155934333,0.8592851758003235,0.223180666565895,0.8220246434211731,0.197598785161972,0.8153997659683228,0.1891746520996093,0.8245850205421448,0.7547160983085632,0.3480120003223419,0.1048139631748199,0.8613831400871277,0.2795207798480987,0.7682257294654846
1393,1393,train,18165,0.1521327793598175,0.8565510511398315,0.2553213536739349,0.7167365550994873,0.1955850571393966,0.7983477115631104,0.1707893162965774,0.7902255058288574,0.2175936847925186,0.8138704895973206,0.0682403743267059,0.8903944492340088,0.1291835606098175,0.8760091066360474,0.0885114297270774,0.895198404788971,0.0986626222729682,0.8879926204681396,0.4701760411262512,0.5683251619338989,0.0626948922872543,0.8979052305221558,0.1386824399232864,0.853007435798645
1394,1394,train,17666,0.3256222605705261,0.7319478988647461,0.497747540473938,0.5522149801254272,0.8378986120223999,0.2626806199550628,0.4189052581787109,0.6001929044723511,0.4479786455631256,0.6395490765571594,0.1166222169995307,0.8397333025932312,0.2245052754878997,0.7776680588722229,0.20663982629776,0.781836748123169,0.1949083060026168,0.8093233108520508,0.83921879529953,0.2732986211776733,0.1226788386702537,0.834242582321167,0.2824273705482483,0.7246559262275696
1395,1395,train,17598,0.1198397055268287,0.8319687843322754,0.4034307897090912,0.6426557302474976,0.1732932329177856,0.823480486869812,0.1715781837701797,0.7844977974891663,0.2253556996583938,0.7646223306655884,0.0815489143133163,0.8725287318229675,0.1324762105941772,0.8361815810203552,0.0897173881530761,0.8626342415809631,0.0990793704986572,0.8564669489860535,0.2761054337024688,0.7443573474884033,0.0806793570518493,0.8684882521629333,0.1383445560932159,0.8288791179656982
1396,1396,train,18622,0.9229493141174316,0.1474023163318634,0.668828010559082,0.3690303862094879,0.9444019794464112,0.1118685826659202,0.8278932571411133,0.2186776101589203,0.9135359525680542,0.1692564785480499,0.6604232788085938,0.3553957641124725,0.8797171711921692,0.1937732994556427,0.881452202796936,0.1743556410074234,0.8990594148635864,0.1799050569534301,0.9262906908988952,0.1363265067338943,0.6568982601165771,0.3655265271663666,0.9224952459335328,0.1429892778396606
1397,1397,train,17657,0.9123255610466005,0.1479989290237426,0.6736333966255188,0.364444375038147,0.939887285232544,0.1115188300609588,0.834726870059967,0.2042374163866043,0.9108920693397522,0.1605431884527206,0.5723057389259338,0.3533959090709686,0.8568967580795288,0.1901851892471313,0.8567647933959961,0.1829310059547424,0.8741192817687988,0.1866486370563507,0.9259544014930724,0.1320632994174957,0.5943735837936401,0.3575178980827331,0.9063164591789246,0.143350139260292
1398,1398,train,18360,0.1266929060220718,0.8408239483833313,0.4983364939689636,0.5446409583091736,0.3505626022815704,0.6382823586463928,0.2402415722608566,0.7276268005371094,0.2596278488636017,0.7759104371070862,0.0503178015351295,0.8980924487113953,0.0918200314044952,0.8839852213859558,0.0749772563576698,0.8882236480712891,0.078777477145195,0.8868340849876404,0.587108850479126,0.4498015344142914,0.0510977730154991,0.8992929458618164,0.1206966564059257,0.8535301685333252
1399,1399,train,17660,0.0563778318464756,0.8961644172668457,0.1523781567811966,0.8110068440437317,0.1335820704698562,0.8163331747055054,0.0757341831922531,0.8613016605377197,0.0821191743016243,0.8768483400344849,0.0459862537682056,0.908569037914276,0.0744761824607849,0.8839497566223145,0.0517102181911468,0.8962239623069763,0.0535748787224292,0.8985966444015503,0.2470554560422897,0.7274712920188904,0.0449480898678302,0.9061744213104248,0.08087969571352,0.8823568224906921
1400,1400,train,18300,0.0608756355941295,0.8422946929931641,0.1599808186292648,0.7198365330696106,0.0832570195198059,0.8240052461624146,0.0824827551841735,0.785647988319397,0.0897435992956161,0.8108882904052734,0.0423745810985565,0.878294825553894,0.0712755173444747,0.8585270047187805,0.0518199913203716,0.870759129524231,0.049014326184988,0.8716867566108704,0.2220979332923889,0.6584665179252625,0.0417750179767608,0.8694301247596741,0.0675171464681625,0.860085666179657
1401,1401,train,18441,0.065418042242527,0.8346355557441711,0.1790743023157119,0.6962258219718933,0.0844102576375007,0.8116185069084167,0.1017305180430412,0.7573351860046387,0.0924957990646362,0.7972828149795532,0.0446747057139873,0.8623797297477722,0.0695491209626197,0.8423587679862976,0.0565125569701194,0.8522133827209473,0.0564594380557537,0.8586594462394714,0.1240104436874389,0.7494551539421082,0.0467186085879802,0.8639544248580933,0.0771834105253219,0.8310470581054688
1402,1402,test,17519,0.5446746349334717,0.4651487469673157,0.6358409523963928,0.4050523340702057,0.8881367444992065,0.1784740090370178,0.6193723678588867,0.4016413390636444,0.6690935492515564,0.4136081337928772,0.1597962081432342,0.7295458316802979,0.3297608196735382,0.6242256760597229,0.2973169684410095,0.6259993314743042,0.3400237560272217,0.6135321855545044,0.900665283203125,0.174295037984848,0.1578893065452575,0.7328037023544312,0.4918368458747864,0.4966404139995575
1403,1403,train,17127,0.1522544026374817,0.8123179078102112,0.3217272162437439,0.7099583745002747,0.7022432088851929,0.3760727345943451,0.1791864782571792,0.7645248174667358,0.2558661997318268,0.7782246470451355,0.0908594503998756,0.8515787124633789,0.1742717325687408,0.7991712093353271,0.1327165365219116,0.8189336657524109,0.1403284966945648,0.8189749121665955,0.6187911033630371,0.4682913720607757,0.0916259139776229,0.8382033705711365,0.2009133100509643,0.7750652432441711
1404,1404,train,17296,0.0670648515224456,0.8906724452972412,0.279092013835907,0.7329927682876587,0.1258371919393539,0.8316617608070374,0.118941806256771,0.8302009105682373,0.1102144047617912,0.858362078666687,0.0502145439386367,0.9065287113189696,0.0799656808376312,0.8900415897369385,0.0572854503989219,0.899202287197113,0.0596233047544956,0.9004998207092285,0.2733666896820068,0.7149838805198669,0.0485515370965004,0.9100485444068908,0.0811992064118385,0.8851840496063232
1405,1405,train,18173,0.0982411652803421,0.7927742004394531,0.1969723105430603,0.72747403383255,0.1637038886547088,0.7562878131866455,0.1370088011026382,0.7610378265380859,0.1447018682956695,0.7760767936706543,0.0739552080631256,0.834382176399231,0.1148218363523483,0.7985714077949524,0.0923307090997695,0.8068677186965942,0.0868832319974899,0.8161229491233826,0.2474716752767563,0.67147296667099,0.0739465728402137,0.812944769859314,0.1168193891644477,0.7968465089797974
1406,1406,train,18200,0.0462940521538257,0.919913649559021,0.1791897863149643,0.7983912229537964,0.0631491467356681,0.9053345322608948,0.0717555731534957,0.8825720548629761,0.074283093214035,0.9015123844146729,0.0318389646708965,0.9260783791542052,0.0499617159366607,0.9190136790275574,0.0374873057007789,0.925108790397644,0.039021261036396,0.9267567992210388,0.1063418686389923,0.8823942542076111,0.0345170721411705,0.926830232143402,0.0540810078382492,0.9170998930931092
1407,1407,test,18138,0.4958882927894592,0.5358989238739014,0.60442054271698,0.4413488507270813,0.8808680772781372,0.1942325234413147,0.5949114561080933,0.4348450899124145,0.6465920805931091,0.4711636900901794,0.1413950324058532,0.7665037512779236,0.2935513257980346,0.682099461555481,0.2576711475849151,0.698442280292511,0.2783593237400055,0.6847995519638062,0.8770886063575745,0.2033159881830215,0.1461967825889587,0.7677809596061707,0.3804884254932403,0.6017881631851196
1408,1408,train,17256,0.1332552582025528,0.7941749691963196,0.5387848019599915,0.5036923289299011,0.6839922070503235,0.3942532241344452,0.264947235584259,0.652479887008667,0.2966905832290649,0.6770043969154358,0.0558300279080867,0.8748512268066406,0.0996550098061561,0.8371486067771912,0.0720501393079757,0.8536520004272461,0.0810892879962921,0.8528794050216675,0.7968817353248596,0.2752493023872375,0.055006306618452,0.8790926337242126,0.1373792588710785,0.7905426621437073
1409,1409,train,17936,0.1926429271697998,0.8037547469139099,0.5197466611862183,0.5121485590934753,0.7466129064559937,0.3329863548278808,0.3281759619712829,0.6647960543632507,0.3623448312282562,0.7067950367927551,0.0731362029910087,0.8674775958061218,0.151720717549324,0.8345522284507751,0.1261808723211288,0.8440681099891663,0.1171019449830055,0.8511415719985962,0.8277785778045654,0.2590851485729217,0.0747241675853729,0.8713065981864929,0.178785964846611,0.812842071056366
1410,1410,test,17206,0.5108069777488708,0.6353626847267151,0.5934482216835022,0.4608350396156311,0.8849250674247742,0.2136211395263672,0.5749436020851135,0.4890945851802826,0.6208103895187378,0.5396238565444946,0.1220508441329002,0.8586046695709229,0.2707658410072326,0.7833025455474854,0.2726213335990906,0.7845816612243652,0.270404577255249,0.8005767464637756,0.9088780283927916,0.1777973175048828,0.1138202846050262,0.8456583023071289,0.4267043471336365,0.6980541944503784
1411,1411,train,18348,0.260934978723526,0.8015491962432861,0.4399598836898803,0.6227225661277771,0.6589768528938293,0.422412633895874,0.2901860475540161,0.7095654606819153,0.3489034175872803,0.7371900081634521,0.0724134966731071,0.8834507465362549,0.1480791121721267,0.8429509401321411,0.1354519426822662,0.8532477617263794,0.1233717501163482,0.873522162437439,0.8003047704696655,0.3106235861778259,0.073446549475193,0.8796854019165039,0.181642085313797,0.8232316374778748
1412,1412,train,18333,0.2635985910892486,0.6817173957824707,0.5315017700195312,0.4844996631145477,0.7552188634872437,0.3098282217979431,0.3905670940876007,0.5428234338760376,0.4022450745105743,0.5858930945396423,0.0933951959013938,0.8188163638114929,0.1644408702850341,0.7621271014213562,0.1418497264385223,0.7778191566467285,0.131006434559822,0.7895818948745728,0.8469761610031128,0.2386804521083831,0.0918785110116005,0.8153629899024963,0.1779829114675521,0.7429755926132202
1413,1413,train,18012,0.0932291448116302,0.8489392995834351,0.311590313911438,0.6977135539054871,0.1117611527442932,0.8220115303993225,0.1269878894090652,0.8077498078346252,0.1496545374393463,0.839953601360321,0.0480364970862865,0.8898597955703735,0.0802158489823341,0.8768753409385681,0.0585938766598701,0.8842620849609375,0.0639988780021667,0.8798690438270569,0.320544570684433,0.6673428416252136,0.0484732240438461,0.8894773125648499,0.0955224111676216,0.856552004814148
1414,1414,test,17653,0.2288628965616226,0.8226438760757446,0.4682314097881317,0.6175214648246765,0.7395188808441162,0.4191045761108398,0.3257649838924408,0.7385475635528564,0.3793184161186218,0.7645739316940308,0.0943767428398132,0.8874878287315369,0.1658648550510406,0.8552919626235962,0.1447619944810867,0.8638071417808533,0.1447683274745941,0.8705922961235046,0.7651875615119934,0.348396360874176,0.0963063836097717,0.8809986114501953,0.2184231132268905,0.8276930451393127
1415,1415,test,18076,0.1237113997340202,0.7787542939186096,0.5525485873222351,0.4674693644046783,0.1012918204069137,0.7803837656974792,0.216846615076065,0.6827468276023865,0.2689070105552673,0.677388608455658,0.0524560920894146,0.8697876930236816,0.0955361127853393,0.8313725590705872,0.0719394013285636,0.8429455161094666,0.0859351679682731,0.8382711410522461,0.5714990496635437,0.4029033780097961,0.0528982989490032,0.865229606628418,0.1384948641061782,0.7780470848083496
1416,1416,train,18029,0.9254526495933532,0.1486756950616836,0.6687433123588562,0.3656516969203949,0.9429796934127808,0.1106282472610473,0.8362846970558167,0.210997000336647,0.9128949642181396,0.1660389155149459,0.6686528921127319,0.3422163426876068,0.8879111409187317,0.1807577759027481,0.8963956832885742,0.1634389162063598,0.9088363647460938,0.1725300699472427,0.9267085194587708,0.133515864610672,0.662222146987915,0.3423881828784942,0.9272133708000184,0.1312052458524704
1417,1417,train,18618,0.1926065534353256,0.7758380174636841,0.3344187438488006,0.6747503280639648,0.3468110859394073,0.6968196630477905,0.2433418333530426,0.7228246927261353,0.2614228129386902,0.7454717755317688,0.1066206917166709,0.8432645201683044,0.1742559522390365,0.8163687586784363,0.1521836370229721,0.8135073781013489,0.1411504000425338,0.8178064823150635,0.4565411210060119,0.5859691500663757,0.1059460490942001,0.8315842151641846,0.1913064569234848,0.7836124897003174
1418,1418,train,18361,0.2706392407417297,0.7581735253334045,0.5735941529273987,0.4945676922798157,0.7957137227058411,0.3393717408180237,0.4171953201293945,0.5948697328567505,0.4437441229820251,0.6552304029464722,0.0850825980305671,0.8633450865745544,0.1561743468046188,0.81779545545578,0.1283657848834991,0.8368797302246094,0.1306387186050415,0.8393032550811768,0.8792926073074341,0.2136868983507156,0.0895168483257293,0.8558456301689148,0.2132210433483123,0.7833835482597351
1419,1419,train,17690,0.0854821950197219,0.8745686411857605,0.251431941986084,0.73643958568573,0.0956758931279182,0.8501423597335815,0.1010189205408096,0.8339068293571472,0.1258573979139328,0.853700578212738,0.0383408851921558,0.9073362946510316,0.0737393945455551,0.895073652267456,0.0515776649117469,0.901501715183258,0.0582371056079864,0.9055441617965698,0.2123600989580154,0.7455823421478271,0.0394751504063606,0.905588924884796,0.0887872278690338,0.8761100172996521
1420,1420,test,18483,0.0504697151482105,0.9019187092781068,0.4012109339237213,0.6029869318008423,0.096555657684803,0.8806133270263672,0.0894987285137176,0.837928295135498,0.1221275925636291,0.832146406173706,0.0331532880663871,0.9213030338287354,0.0481151863932609,0.913110852241516,0.0356657393276691,0.9186033606529236,0.0387584939599037,0.9199686646461488,0.1522434055805206,0.8071969151496887,0.0324138179421424,0.9200719594955444,0.0554380863904953,0.9058555960655212
1421,1421,test,17233,0.0645258352160453,0.8742042779922485,0.2596403062343597,0.6837256550788879,0.4019215703010559,0.623664140701294,0.1414261758327484,0.771624743938446,0.1082861348986625,0.8217748403549194,0.0347675196826458,0.9159947037696838,0.0520419888198375,0.9048051834106444,0.039946861565113,0.9109718799591064,0.0441226810216903,0.9096616506576538,0.553266704082489,0.4604260921478271,0.0351954028010368,0.9151307344436646,0.0660312473773956,0.8903870582580566
1422,1422,test,18453,0.1003122106194496,0.8549214601516724,0.5132637619972229,0.5462668538093567,0.3529455065727234,0.6629092693328857,0.1799914091825485,0.7774966955184937,0.1759808957576751,0.8009507656097412,0.0532440803945064,0.8959789276123047,0.0856815204024314,0.8742300271987915,0.0663262382149696,0.8880756497383118,0.07294262945652,0.8852949738502502,0.5740984082221985,0.4567284882068634,0.0540244951844215,0.8967083692550659,0.1090300157666206,0.8521787524223328
1423,1423,test,18605,0.0947847589850425,0.7761954665184021,0.4608374834060669,0.5127457976341248,0.2338271588087082,0.6360918879508972,0.1857917159795761,0.676455557346344,0.1893198192119598,0.6934475898742676,0.0507503449916839,0.8448429703712463,0.0916424244642257,0.8072443604469299,0.0659921765327453,0.8215548992156982,0.0706407725811004,0.8195828795433044,0.4540473222732544,0.4638425707817077,0.0516387075185775,0.8456684350967407,0.124212309718132,0.7547909021377563
1424,1424,train,17312,0.0961952432990074,0.8686268329620361,0.1925522685050964,0.794718325138092,0.1665689498186111,0.798854649066925,0.1442480087280273,0.8195503354072571,0.1567950248718261,0.8563330173492432,0.0546289831399917,0.9100379347801208,0.1006481125950813,0.8903972506523132,0.0845080986618995,0.894528865814209,0.0840926393866539,0.8884060382843018,0.3011134564876556,0.7192221283912659,0.0539714656770229,0.9035626649856568,0.1092598661780357,0.8764953017234802
1425,1425,test,18350,0.1578249335289001,0.7991548776626587,0.4154037237167358,0.6348963975906372,0.2436302602291107,0.7475944757461548,0.2166343331336975,0.7470309734344482,0.2259614467620849,0.7715247273445129,0.0694735720753669,0.8698195219039917,0.1141707748174667,0.8434531688690186,0.0852519795298576,0.8580424189567566,0.0900445356965065,0.8516533970832825,0.4458615779876709,0.5861387848854065,0.0673123151063919,0.8708295822143555,0.1347870230674743,0.8281145095825195
1426,1426,train,18115,0.9237346649169922,0.1465110033750534,0.6662197113037109,0.3710722625255584,0.9431968331336976,0.1133925467729568,0.8323856592178345,0.2157719135284423,0.9146258234977722,0.1672727763652801,0.5831434726715088,0.3731059730052948,0.8638731837272644,0.2002448141574859,0.8648185133934021,0.1891453862190246,0.892772376537323,0.1778872609138488,0.9240332841873168,0.1375656127929687,0.558544933795929,0.3915863335132599,0.916206121444702,0.143170490860939
1427,1427,train,18559,0.1622406244277954,0.8022801876068115,0.3036384880542755,0.6509866118431091,0.3410906791687011,0.638786792755127,0.2280067652463913,0.705636739730835,0.221759483218193,0.7662510871887207,0.0780349001288414,0.85225510597229,0.1500196009874344,0.8318488001823425,0.1287001371383667,0.8305742144584656,0.1196364611387252,0.8419400453567505,0.4846992790699005,0.5559598207473755,0.080127976834774,0.8439399600028992,0.1472473591566085,0.8228420615196228
1428,1428,train,17027,0.4979880154132843,0.564975380897522,0.632876455783844,0.4309481680393219,0.8827738761901855,0.1843355149030685,0.6187019348144531,0.4105162024497986,0.663588285446167,0.4492559134960174,0.1221418604254722,0.8107330799102783,0.2285907864570617,0.7478213906288147,0.2414348870515823,0.7357410788536072,0.2474042475223541,0.7427489757537842,0.90801602602005,0.1672234237194061,0.1213375031948089,0.8011438846588135,0.3752241730690002,0.6456415057182312
1429,1429,train,18548,0.1315475404262542,0.8321114778518677,0.2295817136764526,0.7364959716796875,0.4069163501262665,0.6303150057792664,0.1886865943670272,0.7576994895935059,0.1853168755769729,0.8027415871620178,0.0764056965708732,0.8742315769195557,0.1568441092967987,0.8410839438438416,0.1236818134784698,0.8529319763183594,0.1110494956374168,0.8574165105819702,0.3500789701938629,0.6640032529830933,0.0807295069098472,0.8625321388244629,0.1488046646118164,0.8387162089347839
1430,1430,train,17522,0.1010916829109191,0.8747490644454956,0.1694542467594146,0.8161655068397522,0.1459640264511108,0.8467947840690613,0.1189135238528251,0.8516750931739807,0.1280630677938461,0.8631624579429626,0.058596771210432,0.8960432410240173,0.1067247092723846,0.8791462779045105,0.0810627862811088,0.8893431425094604,0.0748488828539848,0.8907584547996521,0.207507237792015,0.7958891987800598,0.05842787027359,0.8899545073509216,0.1157313734292984,0.8761711716651917
1431,1431,train,17293,0.912110447883606,0.1661964505910873,0.6652113199234009,0.3774212300777435,0.9440434575080872,0.1174800843000412,0.8267217874526978,0.2338473051786422,0.9127429723739624,0.1763521879911422,0.4059330523014068,0.5136993527412415,0.7489340305328369,0.3320542573928833,0.7942662239074707,0.272091805934906,0.8371462225914001,0.2531329393386841,0.9251192808151244,0.1405139416456222,0.4198474884033203,0.5159514546394348,0.8922203183174133,0.1935751587152481
1432,1432,train,18000,0.0759498253464698,0.8848031163215637,0.1780520379543304,0.7852027416229248,0.1499247103929519,0.8275898694992065,0.1058645918965339,0.8550655841827393,0.1059280782938003,0.8756737112998962,0.0537397228181362,0.906042218208313,0.0856846943497657,0.8952443599700928,0.0674581751227378,0.902049481868744,0.0675726756453514,0.8996220827102661,0.2892383933067322,0.698289692401886,0.0567936301231384,0.9051963686943054,0.0903954580426216,0.8855264782905579
1433,1433,test,18169,0.0543826892971992,0.8911866545677185,0.2122247815132141,0.7522908449172974,0.082969419658184,0.8737618923187256,0.0860115364193916,0.8469796776771545,0.0900034010410308,0.8587789535522461,0.0464281924068927,0.9082852005958556,0.0628623589873313,0.8929724097251892,0.050306923687458,0.902413249015808,0.0495390444993972,0.9018163084983826,0.1168271452188491,0.8353352546691895,0.0467254258692264,0.9062098860740662,0.068743959069252,0.883251965045929
1434,1434,train,18620,0.0486047565937042,0.8844140768051147,0.1226187422871589,0.8260437250137329,0.0739544928073883,0.8766987919807434,0.0707940235733985,0.8545912504196167,0.0628885701298713,0.8722237348556519,0.0416799895465374,0.9053357839584352,0.0547636598348617,0.8949539065361023,0.0453176312148571,0.901570737361908,0.0447668395936489,0.903974950313568,0.0894494801759719,0.8322852253913879,0.0416263192892074,0.9055291414260864,0.0539199970662593,0.8933035135269165
1435,1435,train,17977,0.1832609921693802,0.7744620442390442,0.5364072918891907,0.5212171673774719,0.8005737662315369,0.2980601191520691,0.3199805915355682,0.6881084442138672,0.3720547258853912,0.6771616339683533,0.0964082106947898,0.8368714451789856,0.149308294057846,0.8107898235321045,0.1289536207914352,0.8242036700248718,0.1249161958694458,0.8231790065765381,0.7492547035217285,0.3355754911899566,0.0939704328775405,0.8435842990875244,0.1800708919763565,0.7763577699661255
1436,1436,test,18447,0.1104350537061691,0.8930031061172485,0.2349240779876709,0.7766785025596619,0.1244597360491752,0.8805990815162659,0.1608897596597671,0.8336763978004456,0.1753331571817398,0.8718456625938416,0.0662837326526641,0.9156756401062012,0.1060476973652839,0.9000124335289001,0.0896417573094368,0.9070890545845032,0.0836393684148788,0.9065377116203308,0.2020481377840042,0.828662097454071,0.0646907538175582,0.911359429359436,0.1197176501154899,0.8892601728439331
1437,1437,train,17750,0.5485291481018066,0.5325458645820618,0.655640721321106,0.4020063281059265,0.8826601505279541,0.1924957036972046,0.6047884225845337,0.4154723584651947,0.7496840953826904,0.3602744340896606,0.1311831921339035,0.8002298474311829,0.2561047077178955,0.731910765171051,0.2359590828418731,0.7372180223464966,0.2441147863864898,0.746830403804779,0.9015772342681884,0.1694206893444061,0.122539572417736,0.811642587184906,0.4588273465633392,0.5877200365066528
1438,1438,test,18454,0.1349880099296569,0.7878258228302002,0.6067579984664917,0.4639779329299927,0.782525360584259,0.2978571057319641,0.4013764858245849,0.5865637063980103,0.390239268541336,0.5964893102645874,0.0499593056738376,0.889889657497406,0.0859624817967414,0.8558874130249023,0.0654386505484581,0.8724290728569031,0.0799725577235221,0.8615246415138245,0.8606724143028259,0.2261403650045395,0.0500986985862255,0.894467830657959,0.1411046683788299,0.7970772981643677
1439,1439,train,17477,0.0884421542286872,0.8890294432640076,0.1997651904821396,0.7985817193984985,0.1599930971860885,0.8378734588623047,0.1301706880331039,0.8505039215087891,0.1287643015384674,0.8770422339439392,0.059809923171997,0.9191786050796508,0.0967680811882019,0.9001772999763489,0.0748881250619888,0.9116285443305968,0.0723526030778884,0.9110321998596193,0.2557228207588196,0.7640289068222046,0.0615065805613994,0.9146340489387512,0.1063288822770118,0.893435001373291
1440,1440,test,17832,0.0464517772197723,0.9127175211906432,0.1682142913341522,0.7897722125053406,0.0531775541603565,0.9187842607498168,0.0645636320114135,0.8773950934410095,0.0714991241693496,0.888640284538269,0.0436684526503086,0.9179187417030334,0.0541906617581844,0.910085141658783,0.046070247888565,0.9158644676208496,0.0442212373018264,0.9215047359466552,0.1115779876708984,0.8317700624465942,0.0426950007677078,0.9221307039260864,0.0589642487466335,0.9069169163703918
1441,1441,train,17194,0.0682445168495178,0.9412181973457336,0.1610916405916214,0.8727604746818542,0.0955670028924942,0.9316841959953308,0.0913298949599266,0.918432593345642,0.0964347198605537,0.934998333454132,0.0475621595978736,0.9480257630348206,0.0789592713117599,0.9450352191925048,0.0609826110303401,0.9463887214660645,0.0589210167527198,0.9465051293373108,0.1467029154300689,0.8921568989753723,0.0490519925951957,0.9475586414337158,0.0829836651682853,0.940776824951172
1442,1442,train,18071,0.0833521783351898,0.8152022361755371,0.2533292174339294,0.6669866442680359,0.2124754637479782,0.7476723194122314,0.1353548765182495,0.7647261023521423,0.1508224904537201,0.7668907642364502,0.0622569732367992,0.8584984540939331,0.0987081974744796,0.8244325518608093,0.0695707947015762,0.8407870531082153,0.0727753341197967,0.8407689332962036,0.2697780728340149,0.6525503993034363,0.0619902871549129,0.847494900226593,0.1107235476374626,0.8001367449760437
1443,1443,test,18254,0.276406854391098,0.7304517030715942,0.5124360918998718,0.5405208468437195,0.6756648421287537,0.4016463756561279,0.3672903776168823,0.6393246054649353,0.4084214866161346,0.6707746386528015,0.081892505288124,0.8568260669708252,0.1628210693597793,0.8103678822517395,0.1396152526140213,0.8167123198509216,0.1325418949127197,0.8292154669761658,0.8326448798179626,0.2606136798858642,0.0771775022149086,0.8623819947242737,0.2045948058366775,0.7781388163566589
1444,1444,train,18353,0.0399188362061977,0.9338785409927368,0.0980942398309707,0.8664292693138123,0.0559298992156982,0.9202115535736084,0.0576924085617065,0.9063735008239746,0.0558953285217285,0.922922134399414,0.035491295158863,0.9366002678871156,0.0426014736294746,0.9347807168960572,0.0368627682328224,0.9369892477989196,0.0363731533288955,0.940278172492981,0.0895863771438598,0.8758335709571838,0.034798189997673,0.9352073669433594,0.0452634766697883,0.9333606958389282
1445,1445,train,17573,0.3216057121753692,0.6067526936531067,0.6197812557220459,0.427641898393631,0.8715418577194214,0.1905127316713333,0.4860605597496032,0.505505383014679,0.5629354119300842,0.4908033013343811,0.1081829741597175,0.7692816853523254,0.2155044674873352,0.6991369128227234,0.1755415350198745,0.7215734124183655,0.2029235512018203,0.7017311453819275,0.890112578868866,0.1797024756669998,0.1007209345698356,0.7773571014404297,0.3421612381935119,0.5892205238342285
1446,1446,test,18260,0.0890034660696983,0.8902561068534851,0.250854343175888,0.7223981022834778,0.154520034790039,0.842534065246582,0.1258010119199752,0.8366578817367554,0.1364870369434356,0.8622782826423645,0.0570217408239841,0.9249801635742188,0.097039058804512,0.917534351348877,0.0758377388119697,0.9256166219711304,0.0746923238039016,0.9189398884773254,0.285400390625,0.7105419635772705,0.0567934140563011,0.9273688793182372,0.1077300161123275,0.9015257954597472
1447,1447,train,17359,0.1633469313383102,0.7733515501022339,0.5777480602264404,0.4688682556152344,0.70118647813797,0.4381698668003082,0.3063296973705292,0.6436294913291931,0.3721341490745544,0.6170848608016968,0.071934662759304,0.877265989780426,0.1119961664080619,0.8500949740409851,0.0853136330842971,0.862375795841217,0.099216528236866,0.8468940258026123,0.7348089218139648,0.3545372486114502,0.073328860104084,0.8760721683502197,0.1653933525085449,0.7941442131996155
1448,1448,test,17516,0.0656124949455261,0.903107523918152,0.1991880089044571,0.7748234868049622,0.1046207994222641,0.839880645275116,0.1091847568750381,0.8292917609214783,0.1105822101235389,0.8799888491630554,0.0397111102938652,0.9202697277069092,0.0695859417319297,0.9050067663192748,0.0524921640753746,0.9119871258735656,0.0518304444849491,0.9186186790466307,0.2434030622243881,0.7577964067459106,0.0414093770086765,0.9212950468063354,0.0796646475791931,0.900093138217926
1449,1449,train,18016,0.0658008083701133,0.8671467900276184,0.22425377368927,0.7132032513618469,0.0560177341103553,0.902411699295044,0.1087722033262252,0.8089722394943237,0.1239921823143959,0.8058189749717712,0.0456271432340145,0.9016956686973572,0.0604452900588512,0.890338659286499,0.0480022877454757,0.8972747325897217,0.0519498996436595,0.8937333226203918,0.1548428684473037,0.7774113416671753,0.0450520329177379,0.8998106718063354,0.0653950124979019,0.8804829716682434
1450,1450,train,18613,0.0711774379014968,0.9160400032997132,0.1246359571814537,0.8742942214012146,0.1930252015590667,0.8077663779258728,0.0974386110901832,0.8893652558326721,0.1037586480379104,0.9074676036834716,0.0426935032010078,0.9310388565063475,0.0680109709501266,0.9218207001686096,0.055955097079277,0.9247027039527892,0.0618208013474941,0.9238694310188292,0.2825776934623718,0.7358608841896057,0.0428863279521465,0.9295111894607544,0.074925810098648,0.909638285636902
1451,1451,train,18599,0.0603452809154987,0.9323545098304749,0.1565980017185211,0.8392791748046875,0.0711861401796341,0.9128338694572448,0.0891893357038497,0.8929423093795776,0.0877585783600807,0.9181442260742188,0.0524840094149112,0.93882018327713,0.0692570358514785,0.935025691986084,0.0546094179153442,0.9381499886512756,0.0579391345381736,0.9384394288063048,0.1091464310884475,0.8809701800346375,0.0534246899187564,0.9363313913345336,0.075973056256771,0.9340868592262268
1452,1452,train,17761,0.0488925129175186,0.9083636999130248,0.1264790594577789,0.8380760550498962,0.0921898335218429,0.8746568560600281,0.0698428750038147,0.8826490044593811,0.0736568942666053,0.8994275331497192,0.0411305800080299,0.9273581504821776,0.0633530542254448,0.9099879860877992,0.0453792214393615,0.9197842478752136,0.0487429238855838,0.9208713173866272,0.1349259167909622,0.8232543468475342,0.0407789684832096,0.9246883392333984,0.0720012485980987,0.9003610610961914
1453,1453,train,18461,0.729406476020813,0.3593207895755768,0.6385753750801086,0.4128784239292145,0.9083391427993774,0.1608888804912567,0.7156052589416504,0.3368585407733917,0.7437390685081482,0.3644364178180694,0.1855403780937194,0.6883801221847534,0.360329270362854,0.5857112407684326,0.4190200865268707,0.5416892170906067,0.458368718624115,0.546040952205658,0.9044414162635804,0.1783810555934906,0.2042315751314163,0.6717560887336731,0.6406464576721191,0.4122835099697113
1454,1454,train,17579,0.1260087639093399,0.8129523396492004,0.2509223222732544,0.722156822681427,0.516403079032898,0.498628169298172,0.1598847210407257,0.760078489780426,0.1824827641248703,0.7850788235664368,0.073740042746067,0.8534998297691345,0.135078951716423,0.7969481945037842,0.1009339764714241,0.8194836974143982,0.1064808145165443,0.8248023986816406,0.4287305176258087,0.5626071691513062,0.0774578377604484,0.8390293717384338,0.1528554260730743,0.7761461138725281
1455,1455,train,18057,0.0744753405451774,0.8657079339027405,0.2307318747043609,0.7184745073318481,0.0988951995968818,0.8372930288314819,0.1236476525664329,0.795174241065979,0.1207286044955253,0.8316503763198853,0.0502069257199764,0.8842584490776062,0.0716720074415206,0.8669427037239075,0.0586167946457862,0.8817391395568848,0.0588337890803813,0.8777987957000732,0.1649543046951294,0.7840149998664856,0.050199631601572,0.8858153223991394,0.0769130736589431,0.8506544232368469
1456,1456,test,17908,0.1161744594573974,0.8014492392539978,0.3787749707698822,0.6104621291160583,0.257911205291748,0.7258467674255371,0.1827550530433654,0.7489754557609558,0.2333373427391052,0.7066479921340942,0.0822588056325912,0.8491917252540588,0.1101426631212234,0.8179568648338318,0.0860254764556884,0.8379602432250977,0.0932392999529838,0.8299541473388672,0.3067264556884765,0.6633660793304443,0.077835127711296,0.8426922559738159,0.1188520640134811,0.7995438575744629
1457,1457,test,17413,0.1399796605110168,0.815268874168396,0.5773348808288574,0.485481858253479,0.7945652008056641,0.3358550667762756,0.3488196134567261,0.6420232653617859,0.3616082966327667,0.6614578366279602,0.0446189753711223,0.9022257328033448,0.073820874094963,0.8840802907943726,0.0520455054938793,0.8961514234542847,0.0630401447415351,0.889223039150238,0.7902171015739441,0.2951196432113647,0.0449753738939762,0.90578693151474,0.1062913239002227,0.8498833775520325
1458,1458,train,18637,0.1809988468885421,0.706423282623291,0.5748766660690308,0.4431923925876617,0.606086254119873,0.401333749294281,0.2888621985912323,0.5922622084617615,0.3278895914554596,0.619432270526886,0.0692418292164802,0.8439851403236389,0.1205298528075218,0.8144469261169434,0.0997971296310424,0.8141025304794312,0.1101546734571456,0.799433171749115,0.8172383904457092,0.2537169754505157,0.0699899643659591,0.8403694033622742,0.1648311465978622,0.7444457411766052
1459,1459,test,18010,0.1041266396641731,0.7646651268005371,0.2514245212078094,0.6447931528091431,0.1536942720413208,0.7249272465705872,0.163817673921585,0.7019292116165161,0.1724102944135666,0.7205926179885864,0.0640640631318092,0.8279500603675842,0.1206482052803039,0.7808070182800293,0.0890377238392829,0.7950541377067566,0.0902427956461906,0.7950393557548523,0.390853613615036,0.4859704971313476,0.065353438258171,0.8214522004127502,0.1351736634969711,0.7462425231933594
1460,1460,train,17262,0.0447769984602928,0.9052003026008606,0.2116289436817169,0.7389415502548218,0.0595203675329685,0.893828272819519,0.0613972842693328,0.869472861289978,0.0753803774714469,0.8771227598190308,0.0297440327703952,0.9243003726005554,0.0451230257749557,0.920952081680298,0.0369664654135704,0.925165832042694,0.0368924997746944,0.9262962937355042,0.0876485854387283,0.8502828478813171,0.0318766273558139,0.923895001411438,0.0579614341259002,0.9145039916038512
1461,1461,test,17354,0.1387225091457367,0.7453139424324036,0.4932557940483093,0.5448211431503296,0.0950937569141388,0.818787157535553,0.1965444982051849,0.6929644346237183,0.2542763948440552,0.6743312478065491,0.0660017728805542,0.8418284058570862,0.1090226545929908,0.7995670437812805,0.0763309597969055,0.8250476717948914,0.0883665680885315,0.8146708607673645,0.2799608707427978,0.6522267460823059,0.0659059658646583,0.8415812849998474,0.1289873570203781,0.7696962356567383
1462,1462,train,18193,0.1201819777488708,0.7705509662628174,0.2765881717205047,0.6374613046646118,0.2118005901575088,0.6782531142234802,0.1741490364074707,0.7060241103172302,0.1929554790258407,0.7366654276847839,0.0756582766771316,0.811747670173645,0.1271998882293701,0.7711772918701172,0.1002751365303993,0.7868627309799194,0.0944900065660476,0.7950891256332397,0.3896540999412536,0.534766674041748,0.0773919448256492,0.7953446507453918,0.1303491741418838,0.7647058367729187
1463,1463,train,17126,0.0376218631863594,0.934421181678772,0.1363665461540222,0.8327492475509644,0.0582211576402187,0.9198840856552124,0.0624630972743034,0.8961130380630493,0.0614131204783916,0.9145385026931764,0.0294039156287908,0.9363958835601808,0.0412362329661846,0.9334917664527892,0.0330802425742149,0.9377173781394958,0.0332514159381389,0.9391273856163024,0.0795904099941253,0.8996280431747437,0.0296662952750921,0.9375414252281188,0.0472866669297218,0.9295570254325868
1464,1464,train,18448,0.1992445439100265,0.7768926620483398,0.5441258549690247,0.4812507033348083,0.8057506680488586,0.3201852738857269,0.3762129843235016,0.6077550053596497,0.3978060483932495,0.6629039645195007,0.0677640661597251,0.8590838313102722,0.1367200464010238,0.8188706040382385,0.1210408434271812,0.8281131386756897,0.1203903630375862,0.8384531736373901,0.8484403491020203,0.2465510368347168,0.0686531215906143,0.8613468408584595,0.1942813247442245,0.7833412289619446
1465,1465,test,18654,0.0858769938349723,0.9121368527412416,0.1629866659641266,0.8137785196304321,0.1571528166532516,0.8669731020927429,0.1142875105142593,0.8539785146713257,0.1159437596797943,0.8931631445884705,0.0566887259483337,0.9264282584190368,0.0912838354706764,0.9154198169708252,0.082442507147789,0.9201479554176332,0.0701843872666359,0.9234541058540344,0.2239742577075958,0.7775706648826599,0.0594535730779171,0.9260478615760804,0.0990699157118797,0.9105406403541564
1466,1466,train,18046,0.1799739152193069,0.8001141548156738,0.494987279176712,0.5122373700141907,0.349725067615509,0.6483235359191895,0.3238558769226074,0.6130201816558838,0.3323094248771667,0.6860383749008179,0.0908336862921714,0.8676723837852478,0.169504165649414,0.8269893527030945,0.1346441358327865,0.8432492613792419,0.1264811903238296,0.8492856025695801,0.7825055122375488,0.2670508623123169,0.0929111167788505,0.8718820214271545,0.1960181593894958,0.8003461360931396
1467,1467,test,17351,0.5254738926887512,0.5200497508049011,0.6132206320762634,0.4370739758014679,0.9071616530418396,0.1784339249134063,0.665511965751648,0.397302895784378,0.7246989607810974,0.415509968996048,0.1150035858154296,0.789071261882782,0.2185417115688324,0.7139544486999512,0.2172862589359283,0.6921778321266174,0.2522309720516205,0.6797401905059814,0.8961436748504639,0.1776976883411407,0.1153510883450508,0.7812135219573975,0.4530297219753265,0.5192050933837891
1468,1468,train,17093,0.0477457158267498,0.933118462562561,0.2660496830940246,0.7729418277740479,0.0515034310519695,0.930819034576416,0.0819798558950424,0.8948680758476257,0.0833751186728477,0.9122195839881896,0.0336327031254768,0.9398750066757202,0.0510056838393211,0.932927429676056,0.0395404808223247,0.938401997089386,0.0406310595571994,0.9395947456359864,0.1137484535574913,0.8757677674293518,0.0350750759243965,0.939907968044281,0.058519247919321,0.9279969334602356
1469,1469,train,18675,0.3118552565574646,0.6237890720367432,0.6631502509117126,0.3945311903953552,0.8044828176498413,0.274634450674057,0.5585518479347229,0.4262070059776306,0.6859568953514099,0.348091721534729,0.079790323972702,0.8516913652420044,0.1379492133855819,0.805889904499054,0.0997070521116256,0.829013466835022,0.1236353069543838,0.8002351522445679,0.8121509552001953,0.25289186835289,0.0793714299798011,0.8537686467170715,0.2007976770401001,0.7013475298881531
1470,1470,train,18183,0.0641865134239196,0.8914831876754761,0.3522588014602661,0.6459233164787292,0.0893008783459663,0.8851330876350403,0.0977251529693603,0.8346174359321594,0.1234921142458915,0.8299523591995239,0.0455436408519744,0.9167380928993224,0.0626442655920982,0.9145165681838988,0.0472667925059795,0.9148856997489928,0.0484067052602767,0.912286937236786,0.1350780427455902,0.8160764575004578,0.0467353053390979,0.9122934937477112,0.0633067786693573,0.9009283781051636
1471,1471,train,17686,0.1567502468824386,0.7333200573921204,0.2566578984260559,0.6701141595840454,0.3461576104164123,0.589022159576416,0.2006300240755081,0.6919519305229187,0.2290674895048141,0.6902726888656616,0.0873138234019279,0.7955739498138428,0.1462768465280532,0.738244354724884,0.1275703310966491,0.7550292015075684,0.1173032894730568,0.7670041918754578,0.4149844348430633,0.5397939682006836,0.0866330116987228,0.7901400327682495,0.1661262065172195,0.7159035801887512
1472,1472,train,18007,0.2062722891569137,0.7725982666015625,0.3895185589790344,0.6290047764778137,0.656029999256134,0.4555915594100952,0.2750763595104217,0.6924257874488831,0.2868961691856384,0.736530601978302,0.1259273141622543,0.8345625400543213,0.1979388296604156,0.7982865571975708,0.1759497672319412,0.7950687408447266,0.170931801199913,0.8071812987327576,0.6337255239486694,0.4568212032318115,0.1233822330832481,0.8294346928596497,0.2233196794986724,0.7750976085662842
1473,1473,test,18646,0.9093164801597596,0.1791713386774063,0.6595536470413208,0.3842572569847107,0.937585949897766,0.1205449029803276,0.822008490562439,0.2309293150901794,0.9135097861289978,0.1780048906803131,0.3872003853321075,0.5134299993515015,0.7534295916557312,0.3221542835235595,0.7896660566329956,0.2552408277988434,0.837557315826416,0.2515568137168884,0.9242122769355774,0.136059284210205,0.3361551761627197,0.5736575722694397,0.8867390155792236,0.1842860132455825
1474,1474,train,18147,0.1413565427064895,0.8130006194114685,0.3069152235984802,0.69387286901474,0.3646813035011291,0.6460115313529968,0.2016976773738861,0.7593826055526733,0.2134898006916046,0.7773931622505188,0.0838711857795715,0.8515714406967163,0.1297241002321243,0.8068824410438538,0.1075173392891883,0.8144341111183167,0.1141001433134079,0.8279281854629517,0.4620670974254608,0.5797611474990845,0.0841878280043602,0.8489388823509216,0.1531951278448104,0.8043464422225952
1475,1475,train,17265,0.6873770356178284,0.4333797693252563,0.6430444717407227,0.4096238017082214,0.6100115180015564,0.4107767343521118,0.7265086770057678,0.3253989815711975,0.7992299199104309,0.3312425017356872,0.1179296821355819,0.7976727485656738,0.3146076798439026,0.7082597613334656,0.325389564037323,0.676212728023529,0.3898201882839203,0.6526923775672913,0.8774285912513733,0.1928416490554809,0.1164774522185325,0.8111374974250793,0.6242750287055969,0.4653363525867462
1476,1476,train,17797,0.3983383476734161,0.6510756611824036,0.5483449697494507,0.4651425778865814,0.8653689622879028,0.2140809297561645,0.515838623046875,0.4760336577892303,0.5339856743812561,0.5363742709159851,0.0885939821600914,0.853167712688446,0.2189410179853439,0.799547016620636,0.2235846221446991,0.7884952425956726,0.2047715783119201,0.8064368963241577,0.8732141852378845,0.2010095417499542,0.0938029065728187,0.8503157496452332,0.2993695437908172,0.7157078385353088
1477,1477,test,17052,0.1125695630908012,0.8345339298248291,0.2170872241258621,0.7424121499061584,0.3644351065158844,0.6234321594238281,0.1559896767139434,0.776157796382904,0.1641353815793991,0.8183257579803467,0.0520460121333599,0.8720088005065918,0.1123242899775505,0.850980281829834,0.0899411737918853,0.8522155284881592,0.0894416272640228,0.8483643531799316,0.3339858949184418,0.6711444854736328,0.056778036057949,0.868402898311615,0.1216944083571434,0.8331989049911499
1478,1478,train,17608,0.047703206539154,0.8886218667030334,0.1699204742908477,0.7523041367530823,0.0528047904372215,0.8929511308670044,0.0745732858777046,0.831244707107544,0.0768576860427856,0.8628347516059875,0.0372403003275394,0.9053842425346376,0.0591884180903434,0.902223825454712,0.0431370474398136,0.9031422138214112,0.0420207828283309,0.9007802605628968,0.1320607960224151,0.7931093573570251,0.0381198711693286,0.9045423269271852,0.061001781374216,0.8901434540748596
1479,1479,train,17033,0.0633686929941177,0.8961696028709412,0.2024439722299575,0.7721080183982849,0.0503649711608886,0.907120406627655,0.090776726603508,0.8493415117263794,0.1009940356016159,0.8744737505912781,0.0373870059847831,0.9250819683074952,0.0539370030164718,0.9177579879760742,0.0422940626740455,0.919036328792572,0.0467851869761943,0.9182263016700744,0.1245161890983581,0.8299375772476196,0.0384274795651435,0.9235739707946776,0.0666091963648796,0.8974195122718811
1480,1480,train,18674,0.3728252053260803,0.5593806505203247,0.6358016729354858,0.4129364788532257,0.4555366039276123,0.5494111180305481,0.4327730536460876,0.5188705921173096,0.6567155718803406,0.3853810727596283,0.1172704175114631,0.782805860042572,0.1991829127073288,0.7384930849075317,0.1524365842342376,0.7382250428199768,0.1731037497520446,0.718012273311615,0.7624616026878357,0.3010524809360504,0.1188676208257675,0.7811025381088257,0.2934568226337433,0.6179507374763489
1481,1481,test,17207,0.9418556094169616,0.1292158961296081,0.6757546067237854,0.3652838766574859,0.9446632862091064,0.1115089282393455,0.852632462978363,0.2042467445135116,0.9283310174942015,0.1502837836742401,0.7442572712898254,0.2961198985576629,0.9132433533668518,0.1545922458171844,0.9205945730209352,0.1390304267406463,0.9323372840881348,0.1424554735422134,0.9289097785949708,0.1298615485429763,0.7790407538414001,0.279580146074295,0.940270185470581,0.123272456228733
1482,1482,train,18514,0.0697158053517341,0.9012942910194396,0.3285218477249145,0.6696440577507019,0.0888289958238601,0.8789705038070679,0.0900405421853065,0.8559818863868713,0.1113055795431137,0.8582954406738281,0.042106419801712,0.9179252982139589,0.0750152915716171,0.8893868923187256,0.0514337830245494,0.9098689556121826,0.056039348244667,0.9123455882072448,0.2081839442253112,0.7602795362472534,0.0415948294103145,0.91889226436615,0.0855560153722763,0.8795065879821777
1483,1483,test,16980,0.2607472240924835,0.708328902721405,0.6011145114898682,0.4175127148628235,0.8766910433769226,0.1994034349918365,0.4977514445781708,0.4829375445842743,0.5133584141731262,0.5324951410293579,0.0912386029958725,0.8513309955596924,0.1600273996591568,0.8020871877670288,0.1367980539798736,0.8114179968833923,0.1549545973539352,0.8083069324493408,0.879793643951416,0.1885028928518295,0.0912391543388366,0.8502997756004333,0.2462058663368225,0.7366995215415955
1484,1484,test,18420,0.0454718917608261,0.9170100688934326,0.192187562584877,0.7521915435791016,0.0596712976694107,0.9149084687232972,0.0675498098134994,0.8677520751953125,0.0741059780120849,0.8928903937339783,0.0347825475037097,0.9275528192520142,0.0496330857276916,0.9234251976013184,0.0378890745341777,0.926533043384552,0.0379686169326305,0.9295886754989624,0.0914032906293869,0.8729080557823181,0.0352552570402622,0.9282568693161012,0.0543864294886589,0.9200212955474854
1485,1485,train,17128,0.1782450377941131,0.7739704847335815,0.5391318202018738,0.5227546691894531,0.8288506269454956,0.2498087584972381,0.3823650479316711,0.5670838356018066,0.3578076660633087,0.6739646196365356,0.0533711463212966,0.8814511299133301,0.0973217189311981,0.8417336940765381,0.078059121966362,0.848915696144104,0.0848205685615539,0.8526291251182556,0.867664098739624,0.2159707993268966,0.0531557537615299,0.8747631907463074,0.1444978564977646,0.7901100516319275
1486,1486,test,17581,0.0833414122462272,0.8870089650154114,0.216773048043251,0.7863431572914124,0.0981702134013176,0.8620033264160156,0.1198801696300506,0.853379487991333,0.1330336630344391,0.8655589818954468,0.0556142032146453,0.9002251029014587,0.0824298709630966,0.8839780688285828,0.0614253617823123,0.8917893171310425,0.0649072304368019,0.8957992196083069,0.167941927909851,0.8139657974243164,0.058039553463459,0.8989835381507874,0.0853011533617973,0.879442036151886
1487,1487,train,17887,0.3434189856052398,0.7521176338195801,0.52397221326828,0.5385090708732605,0.774136483669281,0.3097274601459503,0.454676479101181,0.580176830291748,0.4716934561729431,0.6630158424377441,0.0946791693568229,0.8736122250556946,0.1650055050849914,0.8517550826072693,0.1377904564142227,0.8591523170471191,0.1513939350843429,0.8607591986656189,0.8803699612617493,0.2069654613733291,0.0932075977325439,0.8733668327331543,0.215847909450531,0.8120265603065491
1488,1488,train,17063,0.1498596668243408,0.8094173669815063,0.4124670624732971,0.5979999303817749,0.2798287570476532,0.6140665411949158,0.2032585740089416,0.7257007956504822,0.2306220829486847,0.7395373582839966,0.0650591179728508,0.8878534436225891,0.1222492158412933,0.8463741540908813,0.0984075218439102,0.8545582890510559,0.1141102388501167,0.8551679849624634,0.7185496091842651,0.3222625255584717,0.064373105764389,0.8815124034881592,0.1691788136959076,0.8119997382164001
1489,1489,train,18718,0.1891060918569564,0.740727961063385,0.458410769701004,0.5649526715278625,0.1792273074388504,0.6991309523582458,0.279156893491745,0.6590487957000732,0.3593957722187042,0.6022928357124329,0.0940460041165351,0.8420259952545166,0.160314679145813,0.7829253077507019,0.1209558546543121,0.8084954619407654,0.126172661781311,0.8047974109649658,0.2826194167137146,0.6433290839195251,0.0931874737143516,0.833821177482605,0.1985330134630203,0.7309173345565796
1490,1490,train,17054,0.9409319758415222,0.1227564737200737,0.674397885799408,0.3594953417778015,0.9450244903564452,0.1074270978569984,0.8399567008018494,0.2057507485151291,0.9336726665496826,0.1388124972581863,0.7501109838485718,0.2600923776626587,0.9160473942756652,0.1426149606704712,0.9136807322502136,0.1405880898237228,0.93047696352005,0.1374877095222473,0.9277843832969666,0.1323916912078857,0.7848341464996338,0.2488924711942672,0.941605508327484,0.1133443713188171
1491,1491,test,18108,0.6123787760734558,0.536298394203186,0.6223596930503845,0.4380505681037903,0.9091217517852784,0.1727875620126724,0.6514639258384705,0.4257160425186157,0.7004880905151367,0.4541851580142975,0.164206251502037,0.8047686815261841,0.3797005116939544,0.7031765580177307,0.4024591743946075,0.6818698048591614,0.432555079460144,0.6823031306266785,0.9107093811035156,0.1685976386070251,0.1475104391574859,0.8217965960502625,0.5230894684791565,0.6042160391807556
1492,1492,train,17498,0.8270991444587708,0.2908082008361816,0.6691341400146484,0.3856731653213501,0.9185947179794312,0.1538850367069244,0.7775738835334778,0.2927438020706177,0.8372538685798645,0.2986005544662475,0.1782893389463424,0.7286148071289062,0.4244065284729004,0.6080660820007324,0.4158205091953277,0.5776616930961609,0.5579461455345154,0.5517745614051819,0.9233525395393372,0.1474694460630417,0.1758095920085907,0.7376051545143127,0.6634754538536072,0.4517990946769714
1493,1493,test,17769,0.5762621760368347,0.5045638084411621,0.6147524118423462,0.4585623145103454,0.8860050439834595,0.2095832526683807,0.6241157054901123,0.4306224584579468,0.6688889265060425,0.4476187825202942,0.1443538665771484,0.7938461303710938,0.2878885865211487,0.7044923901557922,0.2727638483047485,0.7115457057952881,0.2928432822227478,0.6914567351341248,0.9034085273742676,0.1776224821805954,0.1476739197969436,0.7885898351669312,0.4249634146690368,0.6082183122634888
1494,1494,train,18327,0.0946666225790977,0.7915196418762207,0.2081898301839828,0.7049087882041931,0.1193890497088432,0.807367205619812,0.1251478046178817,0.7681968212127686,0.1234247013926506,0.7810383439064026,0.0783976316452026,0.8358758687973022,0.1010810211300849,0.8067517280578613,0.0861138105392456,0.8180620074272156,0.0852550268173217,0.8201907873153687,0.174428179860115,0.7076770067214966,0.079819269478321,0.8255114555358887,0.0998101234436035,0.8064525127410889
1495,1495,test,18210,0.7009037137031555,0.393552303314209,0.6616033315658569,0.3861620426177978,0.9048922061920166,0.1733401119709015,0.7154200673103333,0.3435807526111603,0.7908012270927429,0.3259746134281158,0.1752328276634216,0.721928060054779,0.3863612711429596,0.6133216619491577,0.3459939658641815,0.6337080597877502,0.3842405080795288,0.5990090370178223,0.9119774103164672,0.1640432775020599,0.1718056946992874,0.7277359366416931,0.5766112804412842,0.4674452543258667
1496,1496,train,18056,0.849362850189209,0.2272710502147674,0.6775074601173401,0.4183280169963836,0.9362439513206482,0.1263854503631591,0.770957350730896,0.2901847660541534,0.8755009770393372,0.2226016521453857,0.3971540331840515,0.4588159918785095,0.7067143321037292,0.288298100233078,0.7361794114112854,0.2642860412597656,0.7547594904899597,0.2734341025352478,0.915725588798523,0.1696270257234573,0.3921281993389129,0.4849459230899811,0.8110910654067993,0.213351622223854
1497,1497,train,17283,0.0425481759011745,0.927981734275818,0.141224518418312,0.8241880536079407,0.0652267634868621,0.9079605937004088,0.0764792189002037,0.8732914328575134,0.0692064017057418,0.9055745005607604,0.0371556468307971,0.9309723377227784,0.0504134073853492,0.9246797561645508,0.0400612391531467,0.9315736293792723,0.0395822897553443,0.9334940314292908,0.1157987043261528,0.8540006279945374,0.0378060266375541,0.934403955936432,0.0524461008608341,0.9221132397651672
1498,1498,test,18137,0.061551060527563,0.8897997736930847,0.4153444766998291,0.6001662015914917,0.1176481917500495,0.847710371017456,0.0940400958061218,0.8548433780670166,0.0984881818294525,0.8643882870674133,0.03843729570508,0.9110478758811952,0.0580961219966411,0.8996933698654175,0.0426316894590854,0.9111252427101136,0.0462120734155178,0.908766746520996,0.2121352106332779,0.7539682984352112,0.0387027412652969,0.9135965704917908,0.0623212158679962,0.896331250667572
1499,1499,train,18270,0.1462247967720031,0.8378372192382812,0.195091962814331,0.7745476365089417,0.2308229953050613,0.7298794984817505,0.1677178293466568,0.8060112595558167,0.1908718645572662,0.8274445533752441,0.0777326077222824,0.8764937520027161,0.1412382274866104,0.8462284803390503,0.1094317808747291,0.8560852408409119,0.1079088374972343,0.8587766885757446,0.2641545832157135,0.7359606623649597,0.0861054062843322,0.8687276840209961,0.1430143564939499,0.8283591866493225
1500,1500,train,17220,0.3786966204643249,0.6780210733413696,0.4604552090167999,0.5680868029594421,0.7215448021888733,0.3565605282783508,0.4190683960914612,0.5943591594696045,0.4679820835590362,0.6465761661529541,0.1129227355122566,0.8252089023590088,0.2649703323841095,0.746846616268158,0.2240983694791793,0.7615656852722168,0.2391529679298401,0.7572058439254761,0.7887725830078125,0.3174934983253479,0.1168788447976112,0.8167877793312073,0.328182578086853,0.6950845122337341
1501,1501,train,18223,0.0821594595909118,0.8987185955047607,0.1548930406570434,0.8065996170043945,0.1022828519344329,0.8819599747657776,0.1023645251989364,0.8580635786056519,0.1100107580423355,0.8861045241355896,0.0524852648377418,0.9150710105895996,0.0909679234027862,0.9011191129684448,0.070929616689682,0.9156702160835266,0.0678855404257774,0.9162654280662536,0.1476653218269348,0.8409879803657532,0.0553322210907936,0.9142725467681884,0.0908000841736793,0.9092360138893129
1502,1502,train,17070,0.0473946370184421,0.9069260358810424,0.3416136503219604,0.6567776799201965,0.0861038342118263,0.8646711707115173,0.0940805077552795,0.833354651927948,0.0829395875334739,0.8659512400627136,0.0349536947906017,0.9199219346046448,0.0460751056671142,0.9113932847976683,0.0390942580997943,0.9186785221099854,0.0398475676774978,0.9228644371032716,0.2599335312843323,0.690787672996521,0.034716323018074,0.9209007024765016,0.0569148249924182,0.9079381823539734
1503,1503,train,18577,0.1637447476387024,0.7996797561645508,0.5263099074363708,0.5095503330230713,0.7000378370285034,0.3485847413539886,0.2933309376239776,0.6741662621498108,0.2903547883033752,0.7031897902488708,0.0657117515802383,0.8752825260162354,0.1028985530138015,0.8571475148200989,0.0885970070958137,0.8619534969329834,0.0958022326231002,0.8539782762527466,0.767857551574707,0.3003612756729126,0.0647802501916885,0.876797080039978,0.1389069110155105,0.8194332718849182
1504,1504,test,16955,0.3147053718566894,0.7417102456092834,0.5069156289100647,0.5212177634239197,0.7711548805236816,0.3388741016387939,0.3790468275547027,0.6297346949577332,0.3972448408603668,0.6703890562057495,0.0922315269708633,0.8711286187171936,0.1607643961906433,0.8479977250099182,0.1307258754968643,0.8522822260856628,0.1409170180559158,0.845652163028717,0.8438745737075806,0.2550565898418426,0.0904422402381897,0.879223644733429,0.2153963893651962,0.7949942946434021
1505,1505,train,17347,0.2031963765621185,0.7915336489677429,0.540706992149353,0.5318025350570679,0.7455306649208069,0.3403721451759338,0.3255603909492492,0.673636794090271,0.3326287865638733,0.7207804918289185,0.0805052742362022,0.8634679317474365,0.1463308036327362,0.8276170492172241,0.1301737427711486,0.8385248184204102,0.1343385279178619,0.8400005102157593,0.8232858777046204,0.2965894639492035,0.0778441578149795,0.8706398606300354,0.1929303258657455,0.80559241771698
1506,1506,test,17970,0.1364558339118957,0.8426309823989868,0.2893097698688507,0.7256704568862915,0.3117772042751312,0.7012943029403687,0.1851734817028045,0.7712560296058655,0.2177928835153579,0.805962085723877,0.0925794467329979,0.8618979454040527,0.1657361984252929,0.8335792422294617,0.1231977269053459,0.8481681942939758,0.1162938177585601,0.8552109003067017,0.4558064937591553,0.576839804649353,0.0915940627455711,0.8571072220802307,0.1620866805315017,0.8270345330238342
1507,1507,train,17482,0.0522539019584655,0.8897249698638916,0.2379268258810043,0.6614490747451782,0.1107571721076965,0.8175898790359497,0.0926044434309005,0.8165667057037354,0.0749736651778221,0.8501326441764832,0.03976746276021,0.909355103969574,0.0575421303510665,0.8985884189605713,0.0448676571249961,0.9024620056152344,0.0452730692923069,0.9046791195869446,0.264275461435318,0.6546555161476135,0.0406120605766773,0.9097458124160768,0.0616522915661335,0.8883340954780579
1508,1508,train,17948,0.6662598848342896,0.4891684055328369,0.6113901734352112,0.4352803528308868,0.9048340320587158,0.1721760630607605,0.6568949818611145,0.4048991501331329,0.7089218497276306,0.4378862977027893,0.2291920781135559,0.7295708656311035,0.5124193429946899,0.5933644771575928,0.507294774055481,0.5775231122970581,0.5499894022941589,0.5851348042488098,0.8990716934204102,0.1854151934385299,0.2234391421079635,0.7461373209953308,0.6931918859481812,0.4579426050186157
1509,1509,test,17097,0.1351577192544937,0.8362157940864563,0.4125796258449554,0.6102883219718933,0.4060807526111603,0.6486526131629944,0.2132200300693512,0.76823890209198,0.2112195491790771,0.7859171032905579,0.0837533622980117,0.8760034441947937,0.1366436779499054,0.8510838150978088,0.106800876557827,0.8633015751838684,0.1108595728874206,0.8634169697761536,0.4162297546863556,0.582791268825531,0.0832728818058967,0.8789503574371338,0.1425630897283554,0.8390616774559021
1510,1510,train,17509,0.0787055343389511,0.8757107257843018,0.2676874995231628,0.6937227845191956,0.0903646498918533,0.8873857855796814,0.1224231719970703,0.8227822184562683,0.1444985270500183,0.8092526197433472,0.0574945099651813,0.906082034111023,0.072760209441185,0.893703281879425,0.0632760673761367,0.899943470954895,0.0631359815597534,0.9011437892913818,0.1463164538145065,0.8066829442977905,0.056607361882925,0.9018147587776184,0.0790997296571731,0.8799102902412415
1511,1511,train,17466,0.3373428285121918,0.6947497129440308,0.6230461597442627,0.4245293438434601,0.8901602029800415,0.2013692706823349,0.4887472093105316,0.5327662825584412,0.5547201037406921,0.5452402234077454,0.1184823364019393,0.840181291103363,0.220816895365715,0.7840769290924072,0.2026073485612869,0.7799503207206726,0.2057928889989853,0.7876819372177124,0.877346396446228,0.1967546194791793,0.126732662320137,0.8343587517738342,0.3148166537284851,0.7083683013916016
1512,1512,train,18663,0.2028453201055526,0.8138704299926758,0.3575871288776397,0.6355611085891724,0.3551569879055023,0.6489863991737366,0.267612487077713,0.7113310098648071,0.2785608470439911,0.7692833542823792,0.0828518867492675,0.8890731334686279,0.1614014953374862,0.8718545436859131,0.1220776811242103,0.8771257400512695,0.1297541856765747,0.8728848695755005,0.6187074780464172,0.458075076341629,0.0903308615088462,0.8870022892951965,0.1918252110481262,0.8438893556594849
1513,1513,train,17243,0.9467458128929138,0.1198510378599166,0.6772140264511108,0.3593862354755401,0.9444432258605956,0.1103648245334625,0.859920084476471,0.1956248879432678,0.9332160353660583,0.1401015967130661,0.7595495581626892,0.2521683573722839,0.9156930446624756,0.1386381089687347,0.9216337203979492,0.126622587442398,0.9345895051956176,0.1283443719148636,0.9290343523025512,0.1274487972259521,0.8057234883308411,0.2449056357145309,0.9416385889053344,0.1126116812229156
1514,1514,train,18015,0.0967044383287429,0.862528383731842,0.3026289343833923,0.7006861567497253,0.2665974199771881,0.6780885457992554,0.1441250741481781,0.8028184175491333,0.1529890447854995,0.8440155386924744,0.0469473674893379,0.9035918712615968,0.0836844444274902,0.8747209310531616,0.062812864780426,0.8892022967338562,0.0687837302684784,0.8886456489562988,0.5760080218315125,0.4921610653400421,0.0484596528112888,0.9033886790275574,0.0971360728144645,0.8696537613868713
1515,1515,train,17384,0.1287685185670852,0.8027575016021729,0.4797838926315307,0.5267007350921631,0.5479976534843445,0.4314248263835907,0.2253730595111847,0.705524206161499,0.2211572974920272,0.7361478805541992,0.0510161705315113,0.8727781772613525,0.1023207828402519,0.8430823087692261,0.0788993760943412,0.8439967036247253,0.0849279090762138,0.8472991585731506,0.8107711672782898,0.2559618055820465,0.05465067923069,0.865344226360321,0.1415625512599945,0.7982401251792908
1516,1516,test,17825,0.1030813306570053,0.8231109976768494,0.3882202804088592,0.6001003384590149,0.1135486587882042,0.8263099789619446,0.1513061374425888,0.7652751803398132,0.1653172671794891,0.7679517865180969,0.0593641996383667,0.8730536103248596,0.0913574397563934,0.8527060747146606,0.0670976117253303,0.8601683974266052,0.0707566067576408,0.8574988842010498,0.2691934108734131,0.6769039630889893,0.0561167113482952,0.8710008859634399,0.1064951568841934,0.8255670070648193
1517,1517,test,17291,0.1241504102945327,0.822167694568634,0.5652379989624023,0.4751031696796417,0.6029093265533447,0.484045535326004,0.2484605014324188,0.6747438907623291,0.2416838854551315,0.7280654311180115,0.0586545541882514,0.8737993836402893,0.1074140220880508,0.8438067436218262,0.0729474201798439,0.8624135851860046,0.0819759517908096,0.8626346588134766,0.711681604385376,0.3658014833927154,0.0601202137768268,0.8756787180900574,0.132270947098732,0.8138554096221924
1518,1518,train,18695,0.9285309910774232,0.1549558639526367,0.6741100549697876,0.3643174469470978,0.9421783685684204,0.1143831014633178,0.8475335240364075,0.2050592899322509,0.9150519371032716,0.1667123436927795,0.6410164833068848,0.3599080145359039,0.8576370477676392,0.2074160724878311,0.8852237462997437,0.194511204957962,0.9045003652572632,0.1942111700773239,0.927910327911377,0.1278317719697952,0.6439606547355652,0.3795043528079986,0.9202934503555298,0.1569298803806305
1519,1519,train,17672,0.1290261894464492,0.8732805252075195,0.3968353867530823,0.6715827584266663,0.5189394354820251,0.5625168085098267,0.2470684945583343,0.7544577121734619,0.248511791229248,0.8270263671875,0.0564024187624454,0.910571813583374,0.0994643196463584,0.8935385942459106,0.0732317641377449,0.9001852869987488,0.0837764665484428,0.9018736481666564,0.8004842400550842,0.2892670035362243,0.0545191690325737,0.9098154902458192,0.1397604495286941,0.8648724555969238
1520,1520,train,17529,0.0401458106935024,0.9072509407997132,0.1223113536834716,0.8371084928512573,0.0686572566628456,0.8986319303512573,0.0647268146276474,0.8735764026641846,0.0592100918292999,0.8875141739845276,0.0345818400382995,0.909218966960907,0.0462012737989425,0.9080735445022584,0.0374684706330299,0.9109734296798706,0.0366070084273815,0.9142278432846068,0.0791331157088279,0.8835803270339966,0.0369204506278038,0.9101656079292296,0.0445791520178318,0.9084722399711608
1521,1521,test,17817,0.4599573314189911,0.6307701468467712,0.6568621397018433,0.42573943734169,0.863795280456543,0.2327858656644821,0.6228582859039307,0.4954645931720733,0.6970627307891846,0.4756129384040832,0.0986667796969413,0.8444821834564209,0.2160066962242126,0.7757938504219055,0.1913198828697204,0.7768785357475281,0.2205765694379806,0.7669229507446289,0.8887037634849548,0.2139326184988021,0.0952881947159767,0.8475500345230103,0.3908990621566772,0.6467370986938477
1522,1522,train,17292,0.1877955347299575,0.6927407383918762,0.6107758283615112,0.4353222846984863,0.7395797371864319,0.3126178383827209,0.3167112171649933,0.5475786328315735,0.4493000507354736,0.4803048074245453,0.0734081715345382,0.8388677835464478,0.1266819387674331,0.7916465401649475,0.089595727622509,0.8108720779418945,0.1075875461101532,0.7953662276268005,0.7608229517936707,0.2885486483573913,0.0703687816858291,0.8419050574302673,0.1597838997840881,0.7262371778488159
1523,1523,train,17886,0.937580108642578,0.1270459443330764,0.6731451749801636,0.3629790246486664,0.9450093507766724,0.1071098744869232,0.845686674118042,0.2045027166604995,0.9246488809585572,0.1516364067792892,0.7407370209693909,0.2679091393947601,0.9130461812019348,0.144239917397499,0.9119895696640016,0.1327488422393798,0.9243380427360536,0.1401581764221191,0.928230881690979,0.1302061378955841,0.7620359659194946,0.2673396170139313,0.9377213716506958,0.1157305538654327
1524,1524,test,18323,0.0861844271421432,0.8627290725708008,0.3499985635280609,0.6383752226829529,0.3291215896606445,0.6735047698020935,0.1678868532180786,0.7564181685447693,0.1411780565977096,0.8266740441322327,0.04779489710927,0.8947221636772156,0.0790963619947433,0.8778700232505798,0.0652087852358818,0.8835805058479309,0.0633030459284782,0.885651171207428,0.6712082624435425,0.4111044108867645,0.0468967296183109,0.894935667514801,0.0902144014835357,0.8645810484886169
1525,1525,train,16997,0.9325741529464722,0.1400805413722992,0.6702908277511597,0.3697017729282379,0.9443686008453368,0.1152233704924583,0.8374130725860596,0.2158625721931457,0.9214767217636108,0.1570480167865753,0.6371490955352783,0.3525804877281189,0.8769181966781616,0.1850507855415344,0.88386470079422,0.1657736748456955,0.9045389294624328,0.1652160435914993,0.9264033436775208,0.1357723623514175,0.6291182041168213,0.3583209216594696,0.9254276156425476,0.1315179467201233
1526,1526,train,17031,0.153714045882225,0.7596683502197266,0.5288829803466797,0.5243549942970276,0.1407544463872909,0.7883067727088928,0.2407926172018051,0.7141613364219666,0.3041625022888183,0.6992702484130859,0.0566864311695098,0.8474319577217102,0.1137988418340683,0.8076380491256714,0.0798180773854255,0.8320221304893494,0.0921908542513847,0.8238480687141418,0.5815147161483765,0.478543758392334,0.05403433740139,0.8426660895347595,0.1396224200725555,0.7749506831169128
1527,1527,test,18641,0.1245662197470665,0.8428669571876526,0.5428533554077148,0.5645062327384949,0.1692273020744323,0.8308336734771729,0.2114267349243164,0.7568899393081665,0.2777531445026397,0.7455745935440063,0.0569905452430248,0.9008420705795288,0.0913798063993454,0.8832480907440186,0.0678718760609626,0.8934628367424011,0.0791886746883392,0.8935413956642151,0.3891841471195221,0.6752712726593018,0.0551014989614486,0.9031049609184264,0.119084820151329,0.8608664274215698
1528,1528,train,17080,0.1433381885290146,0.7826371192932129,0.5754523277282715,0.4517088234424591,0.6523925065994263,0.3551357090473175,0.356638491153717,0.5705569386482239,0.3433951437473297,0.6513890027999878,0.0588303282856941,0.8681153059005737,0.1056615263223648,0.8417745232582092,0.0843558087944984,0.8492866158485413,0.085765890777111,0.8508274555206299,0.8615415096282959,0.2002491801977157,0.0610547475516796,0.8619421720504761,0.1405051499605178,0.8135208487510681
1529,1529,train,17424,0.1144669875502586,0.8240612149238586,0.1914198249578476,0.7348489761352539,0.1414164751768112,0.7740479707717896,0.1434941887855529,0.7619298100471497,0.1578027456998825,0.8072782158851624,0.0631174594163894,0.8583305478096008,0.1036127656698226,0.8288659453392029,0.0809190720319747,0.8396589756011963,0.0825543627142906,0.8489047884941101,0.2417011260986328,0.710099458694458,0.0629277601838111,0.8481751084327698,0.1119947060942649,0.8287650942802429
1530,1530,train,18704,0.0878888368606567,0.8964288234710693,0.2082672864198684,0.8055075407028198,0.1191466152667999,0.8747773170471191,0.131304994225502,0.8532325625419617,0.1362107694149017,0.8863985538482666,0.0523893199861049,0.9168824553489684,0.0884932577610015,0.9090878367424012,0.0688979998230934,0.9113397598266602,0.0723470374941825,0.912684977054596,0.2215735912322998,0.7982159852981567,0.0544883720576763,0.9155083298683168,0.1014418825507164,0.8948783874511719
1531,1531,train,17957,0.1024471446871757,0.8773610591888428,0.1903532594442367,0.7862139940261841,0.250409871339798,0.7314242720603943,0.1276120990514755,0.8240655064582825,0.1576513200998306,0.8556185364723206,0.0552155375480651,0.907043159008026,0.101769633591175,0.8934313058853149,0.0794884413480758,0.8953826427459717,0.0759652033448219,0.9005117416381836,0.3372854590415954,0.6761713027954102,0.054360382258892,0.9008976221084596,0.1039519011974334,0.885534405708313
1532,1532,train,18574,0.0783254131674766,0.8195648193359375,0.1830346882343292,0.7088818550109863,0.142397791147232,0.7757327556610107,0.1089739799499511,0.7754356861114502,0.1088276654481887,0.795131266117096,0.0660742670297622,0.8612122535705566,0.0937670916318893,0.8311949372291565,0.0734639465808868,0.8390622735023499,0.0706291124224662,0.8482579588890076,0.2042213231325149,0.6978707909584045,0.0662087947130203,0.8534747362136841,0.0901842713356018,0.8302560448646545
1533,1533,train,18563,0.2884075939655304,0.646599292755127,0.6249727010726929,0.4092377722263336,0.6704515218734741,0.4095109701156616,0.3881718218326568,0.5516315698623657,0.5319875478744507,0.4801365733146667,0.0997839570045471,0.8001155257225037,0.1796609461307525,0.758039116859436,0.1310183405876159,0.7695314884185791,0.1530135571956634,0.7543079257011414,0.7531749606132507,0.3183452785015106,0.0988367646932601,0.8070336580276489,0.2563436031341553,0.6813963055610657
1534,1534,train,17232,0.2751361131668091,0.7708649635314941,0.3760323524475097,0.6492593884468079,0.5776170492172241,0.4592089056968689,0.304636001586914,0.7021026611328125,0.3724107444286346,0.7261781692504883,0.1133266016840934,0.8439707159996033,0.2164459079504013,0.7946425676345825,0.1607590466737747,0.80848628282547,0.1878737211227417,0.8110089898109436,0.6905694603919983,0.416322261095047,0.1194876804947853,0.8396297097206116,0.2715148329734802,0.7517421245574951
1535,1535,train,17101,0.1706061214208603,0.8239177465438843,0.4459388852119446,0.5816237926483154,0.6990056037902832,0.4052740037441253,0.2812305986881256,0.6992917060852051,0.2603188753128052,0.7565335631370544,0.0831426233053207,0.8674806952476501,0.1423182636499405,0.8310034275054932,0.1263410896062851,0.8329148888587952,0.1219507977366447,0.8560159802436829,0.8293234705924988,0.2744577825069427,0.0833921208977699,0.8558993339538574,0.1838314086198806,0.8143924474716187
1536,1536,train,17868,0.0476753674447536,0.9022455215454102,0.3046287298202514,0.6856285929679871,0.049561183899641,0.918283224105835,0.0821124091744422,0.8344219326972961,0.089810311794281,0.8548505306243896,0.0344243794679641,0.925512969493866,0.0513394139707088,0.9131794571876526,0.0383822582662105,0.9211778044700624,0.0399817563593387,0.9203652143478394,0.0966048538684845,0.8301503658294678,0.0352550111711025,0.9249114394187928,0.0586865581572055,0.8986664414405823
1537,1537,train,18621,0.223463237285614,0.6672722697257996,0.5459240078926086,0.4996203184127807,0.3636144995689392,0.5491899847984314,0.2772392034530639,0.6266387104988098,0.3836351335048675,0.5743195414543152,0.085751473903656,0.8004297614097595,0.1582731306552887,0.7426140904426575,0.1195620894432067,0.7679001688957214,0.1191111579537391,0.763168454170227,0.4024860858917236,0.5633578300476074,0.0809338241815567,0.7936918139457703,0.1860389560461044,0.7138767838478088
1538,1538,test,18178,0.0844224244356155,0.9000222682952881,0.2659913599491119,0.7397679686546326,0.114969365298748,0.8704761266708374,0.1382581144571304,0.8465142250061035,0.126963585615158,0.875367283821106,0.0517766661942005,0.9131889939308168,0.080931581556797,0.9017584323883056,0.060834314674139,0.910858988761902,0.0650040060281753,0.910635471343994,0.2210462689399719,0.7907540202140808,0.0551639832556247,0.9164221882820128,0.0890692099928855,0.895392656326294
1539,1539,train,18475,0.0378955826163291,0.9476752281188964,0.2015017420053482,0.822327196598053,0.0608597211539745,0.9390709400177002,0.0591468252241611,0.924747884273529,0.0616983771324157,0.9371330738067628,0.0305995699018239,0.9498857259750366,0.0446898862719535,0.9461143016815186,0.0344453491270542,0.9477971792221068,0.0360315516591072,0.9510999917984008,0.0974406525492668,0.9135296940803528,0.0314231291413307,0.9511368870735168,0.0486540086567401,0.942642629146576
1540,1540,train,17435,0.8540878295898438,0.1983825415372848,0.6712133884429932,0.3795094192028045,0.9353669285774232,0.1271345764398574,0.8061637878417969,0.2428533732891082,0.886189877986908,0.1903731673955917,0.3216991722583771,0.5211783647537231,0.646260142326355,0.3366228640079498,0.6962310671806335,0.2824993431568146,0.765067994594574,0.2738655209541321,0.9209765195846558,0.1505553871393203,0.2899137437343597,0.5338303446769714,0.8444165587425232,0.2053096294403076
1541,1541,train,17165,0.0530316047370433,0.8959857225418091,0.1391289085149765,0.7981334328651428,0.0783926993608474,0.8785650730133057,0.0797067061066627,0.8550631403923035,0.0721957609057426,0.8770419359207153,0.0454436503350734,0.8924496173858643,0.0565109401941299,0.8851273059844971,0.0492343753576278,0.8880144357681274,0.0478116832673549,0.8964231014251709,0.1249752715229988,0.8021073341369629,0.0451105684041976,0.8927397727966309,0.0597726590931415,0.8844167590141296
1542,1542,train,17919,0.3781174719333648,0.6500635147094727,0.6489185690879822,0.4081679880619049,0.8870311975479126,0.1985327750444412,0.5382049083709717,0.5041491389274597,0.6195350289344788,0.4955514669418335,0.1160942837595939,0.8253087401390076,0.2060111165046692,0.7513598203659058,0.1857737004756927,0.7698620557785034,0.205606609582901,0.7636851072311401,0.8786923885345459,0.2043887227773666,0.1177458614110946,0.8250399231910706,0.3435450792312622,0.656226396560669
1543,1543,train,17005,0.4916654527187347,0.5119575262069702,0.5554687976837158,0.4939693808555603,0.7091845273971558,0.2802145183086395,0.4812956750392914,0.4932803809642792,0.5537107586860657,0.4728367328643799,0.1811084151268005,0.6843005418777466,0.2929320633411407,0.6121523976325989,0.2923330068588257,0.6245729923248291,0.3048861920833587,0.6106455326080322,0.7014892101287842,0.3575062453746795,0.1861116886138916,0.6966440081596375,0.4035393297672272,0.5401261448860168
1544,1544,test,17720,0.944955050945282,0.1198100373148918,0.6757695078849792,0.368874728679657,0.9456647634506226,0.1108821481466293,0.8491368889808655,0.2022096663713455,0.9290878772735596,0.143033891916275,0.7602819800376892,0.2530363202095032,0.9161978960037231,0.1296678334474563,0.9238389134407043,0.1210215240716934,0.9349612593650818,0.1234746351838111,0.9279800057411194,0.1295816451311111,0.7952736020088196,0.2474265098571777,0.9422746896743774,0.1067745462059974
1545,1545,train,17374,0.9150075316429138,0.1430621743202209,0.662657618522644,0.3727002441883087,0.9418961405754088,0.1114592924714088,0.8253517150878906,0.2141438424587249,0.9064955115318298,0.1675227135419845,0.5979657173156738,0.3641985654830932,0.839649498462677,0.2080031484365463,0.8618390560150146,0.1828626692295074,0.8818915486335754,0.1814466416835785,0.9214953184127808,0.1391881257295608,0.5647615194320679,0.3841589987277984,0.9073311686515808,0.1384869962930679
1546,1546,train,18241,0.1570406407117843,0.8054392337799072,0.2780377566814422,0.7104563117027283,0.1732334047555923,0.7733464241027832,0.1851693838834762,0.7717280387878418,0.2131966650485992,0.7953025698661804,0.0855002179741859,0.853691816329956,0.1498056352138519,0.8233067989349365,0.1170729473233223,0.8467434644699097,0.121259331703186,0.8389301896095276,0.2412638813257217,0.7278692126274109,0.0869107395410537,0.856857180595398,0.1522992551326751,0.8130325675010681
1547,1547,train,17688,0.0585869513452053,0.8801072835922241,0.2251221537590026,0.7687491774559021,0.0942218229174614,0.8759942054748535,0.0872428119182586,0.8540648818016052,0.1052233800292015,0.8508540987968445,0.0465493276715278,0.9006944894790649,0.0695873945951461,0.8897911310195923,0.048117883503437,0.8983060121536255,0.0495456904172897,0.8985661864280701,0.1567097902297973,0.7987567186355591,0.0461758337914943,0.9009712338447572,0.0711767747998237,0.8826013803482056
1548,1548,train,18606,0.087533138692379,0.8279401659965515,0.3950919806957245,0.5740746259689331,0.1094489768147468,0.8290419578552246,0.1401340663433075,0.7539427280426025,0.194333791732788,0.7262386679649353,0.0492065697908401,0.8756634593009949,0.0743018090724945,0.8649019002914429,0.0532636828720569,0.8755457401275635,0.0566760785877704,0.8739057183265686,0.1482097655534744,0.7687212228775024,0.0513298884034156,0.8777937889099121,0.0812236964702606,0.8458434343338013
1549,1549,test,18172,0.3984609842300415,0.6243638396263123,0.653904139995575,0.3945280909538269,0.8769487738609314,0.1897213011980056,0.5872966051101685,0.4403169155120849,0.6308401226997375,0.4627436101436615,0.1046155095100402,0.8232135772705078,0.2000467479228973,0.7570674419403076,0.1810790598392486,0.771929144859314,0.1931986808776855,0.7660307884216309,0.8980175256729126,0.1787798106670379,0.0991134867072105,0.8252795338630676,0.3199993968009949,0.6766679883003235
1550,1550,train,18279,0.0740539580583572,0.8847180604934692,0.1677993535995483,0.8013255000114441,0.0981036648154258,0.8622918725013733,0.1279904097318649,0.831357479095459,0.1111065447330474,0.8668562769889832,0.0522152706980705,0.8963306546211243,0.0862419754266738,0.8794333934783936,0.0651983022689819,0.8933634757995605,0.0650328621268272,0.8913557529449463,0.1458846777677536,0.8278694152832031,0.0569684319198131,0.8938875198364258,0.0903003960847854,0.8769082427024841
1551,1551,train,17337,0.0999037846922874,0.8690464496612549,0.2477305382490158,0.7370046973228455,0.1410777419805526,0.8398473858833313,0.1659365147352218,0.8076372146606445,0.1641905754804611,0.8527647256851196,0.0584174543619155,0.9101085662841796,0.0988637208938598,0.8959167003631592,0.0833444446325302,0.9013041257858276,0.080534778535366,0.8994038105010986,0.3207342624664306,0.6834922432899475,0.0587961338460445,0.9072787761688232,0.1151768490672111,0.8787646293640137
1552,1552,test,17913,0.0509854927659034,0.9098594188690186,0.238326296210289,0.7435823678970337,0.1307489573955536,0.8479272723197937,0.0995825603604316,0.8439326882362366,0.089611604809761,0.877178966999054,0.0377711355686187,0.922002136707306,0.0560515113174915,0.915092706680298,0.0436203852295875,0.9215774536132812,0.0425467006862163,0.9236346483230592,0.1814853549003601,0.785746693611145,0.0384988076984882,0.9209811687469482,0.0616557784378528,0.9103116989135742
1553,1553,test,17683,0.6192415952682495,0.5621781945228577,0.6308743357658386,0.4557695984840393,0.805652916431427,0.2767821848392486,0.6460624933242798,0.4702821969985962,0.6759644746780396,0.5344735383987427,0.1177726984024047,0.8687798380851746,0.2881809771060943,0.8008139133453369,0.2499399036169052,0.807355523109436,0.3140029013156891,0.7806788086891174,0.9090739488601683,0.1900955140590667,0.1074804216623306,0.8707008361816406,0.5543146729469299,0.6136422753334045
1554,1554,test,18030,0.0859175622463226,0.8526122570037842,0.202386125922203,0.7596636414527893,0.250081330537796,0.7291520237922668,0.1438387334346771,0.7983934283256531,0.135722205042839,0.8298155665397644,0.0641439035534858,0.8610026240348816,0.110646553337574,0.8212532997131348,0.0787393003702163,0.8462982177734375,0.0736955553293228,0.8580711483955383,0.337638109922409,0.6314297318458557,0.0608234032988548,0.8568965196609497,0.1046944931149482,0.834100604057312
1555,1555,train,18652,0.0744282901287078,0.9043379426002502,0.2385172545909881,0.770940899848938,0.0737383738160133,0.9076738953590392,0.1163678467273712,0.8552823662757874,0.1075287759304046,0.879030168056488,0.0522348918020725,0.9231688380241394,0.080502949655056,0.9088626503944396,0.0602364987134933,0.914763569831848,0.0608282722532749,0.9168336391448976,0.171186551451683,0.8031918406486511,0.0550836138427257,0.9185830354690552,0.0864770859479904,0.9006927013397217
1556,1556,train,18023,0.0923880636692047,0.8493697047233582,0.2952377200126648,0.6814247965812683,0.0824786201119422,0.8862680792808533,0.1280260533094406,0.7953504323959351,0.1780356615781784,0.7837628722190857,0.0685604065656662,0.8913604021072388,0.093912549316883,0.8741353154182434,0.0728245750069618,0.8797053694725037,0.0792618095874786,0.879631519317627,0.1827256679534912,0.7662583589553833,0.0630270168185234,0.8862040638923645,0.1119962185621261,0.8507486581802368
1557,1557,train,17153,0.1066444739699363,0.8977034687995911,0.3356887996196747,0.7130002975463867,0.5933825969696045,0.4974763989448547,0.1757800281047821,0.8133783340454102,0.1856195032596588,0.8613886833190918,0.0399220436811447,0.928354263305664,0.0666321516036987,0.917204737663269,0.0536918975412845,0.9207243323326112,0.0625041872262954,0.921040952205658,0.8146464228630066,0.3032099902629852,0.0398167110979557,0.9266967177391052,0.1014851555228233,0.8968393802642822
1558,1558,test,18550,0.942905068397522,0.1225909143686294,0.67286217212677,0.3629342317581177,0.9459382891654968,0.107636958360672,0.8481287956237793,0.2040653377771377,0.9307477474212646,0.1457930207252502,0.7459264993667603,0.2636216282844543,0.9147462248802184,0.1406435817480087,0.9179072976112366,0.1281469166278839,0.9299433827400208,0.1367204338312149,0.9284809231758118,0.1297795623540878,0.7731097340583801,0.2606705129146576,0.9410820603370668,0.1141477674245834
1559,1559,train,17330,0.3199659287929535,0.6109854578971863,0.5609005093574524,0.482024997472763,0.8109479546546936,0.240039587020874,0.4429309964179992,0.5235294103622437,0.5040839314460754,0.5278395414352417,0.1316422671079635,0.7551364898681641,0.2577625811100006,0.6881401538848877,0.1891680806875229,0.7142382264137268,0.1989066153764724,0.7004669308662415,0.8369113206863403,0.2365867495536804,0.1223853901028633,0.7671332359313965,0.2930828928947449,0.6119294166564941
1560,1560,train,17932,0.2022532671689987,0.7641371488571167,0.4775454401969909,0.572485089302063,0.6473889946937561,0.4088813066482544,0.2849746942520141,0.6833157539367676,0.3518320024013519,0.6796147227287292,0.0749798864126205,0.8551837801933289,0.1521646827459335,0.8062155246734619,0.1231438145041465,0.8190786838531494,0.1494062542915344,0.8072266578674316,0.7608350515365601,0.2991337478160858,0.0770634189248085,0.8602608442306519,0.214336946606636,0.7406668663024902
1561,1561,train,17324,0.0935264155268669,0.8105546236038208,0.1692464500665664,0.7658435106277466,0.1599262356758117,0.762600302696228,0.1108037605881691,0.7921703457832336,0.1177829504013061,0.7923444509506226,0.0697260946035385,0.8321509957313538,0.1032725498080253,0.8030487895011902,0.0868127793073654,0.8140783309936523,0.0890437960624694,0.8248376250267029,0.1917673498392105,0.7192995548248291,0.073469191789627,0.8178407549858093,0.1134505271911621,0.7991180419921875
1562,1562,train,17174,0.9369707107543944,0.1322921365499496,0.6713768243789673,0.3633638918399811,0.9452102780342102,0.1096109896898269,0.8463694453239441,0.2044898718595504,0.92652428150177,0.1492930054664611,0.6745381355285645,0.3234774470329284,0.9002777338027954,0.1646197885274887,0.9074869751930236,0.1474271714687347,0.9196438789367676,0.1565742492675781,0.9276673197746276,0.1314448863267898,0.6784524917602539,0.3393921852111816,0.935418963432312,0.1234598234295845
1563,1563,train,17511,0.3369393050670624,0.6244895458221436,0.3380440473556518,0.614533007144928,0.6269353032112122,0.4527773559093475,0.283301830291748,0.6464106440544128,0.395554780960083,0.6209055781364441,0.2653158605098724,0.6705281734466553,0.4061529636383056,0.5876202583312988,0.3663258552551269,0.5750200152397156,0.3696893155574798,0.609714925289154,0.4740428924560547,0.4935488998889923,0.2833318412303924,0.642605721950531,0.453392893075943,0.5313900113105774
1564,1564,train,17760,0.1202684491872787,0.7859617471694946,0.3258658945560455,0.6340544819831848,0.1270210891962051,0.7846333980560303,0.1740733236074447,0.7446891665458679,0.1743981093168258,0.7460960149765015,0.07998076826334,0.8290985226631165,0.1248797923326492,0.7972335815429688,0.0946973264217376,0.8187568783760071,0.0933665707707405,0.8191115260124207,0.2685043513774872,0.6705621480941772,0.0800882056355476,0.8281227946281433,0.1210477203130722,0.7941592335700989
1565,1565,test,18058,0.0547740496695041,0.8856034874916077,0.1128200814127922,0.8325013518333435,0.0622845813632011,0.8794897794723511,0.0708894059062004,0.8585559725761414,0.0732327178120613,0.8767174482345581,0.0455988310277462,0.9057766795158386,0.0640000998973846,0.8867931962013245,0.0503588542342186,0.8957189917564392,0.0505155213177204,0.8962307572364807,0.1008026301860809,0.8281439542770386,0.0477957725524902,0.8959726095199585,0.0660212039947509,0.8819189667701721
1566,1566,train,17876,0.909712851047516,0.1759892404079437,0.6707013845443726,0.3876099586486816,0.9371421933174132,0.1220045313239097,0.825946569442749,0.234097272157669,0.911889672279358,0.1825073808431625,0.552688717842102,0.4321561455726623,0.8425951600074768,0.2477984279394149,0.8620304465293884,0.2096787542104721,0.8871416449546814,0.2100003361701965,0.9264299273490906,0.1414227336645126,0.5379652380943298,0.4730955064296722,0.9021708369255066,0.1808455735445022
1567,1567,test,18090,0.5438675880432129,0.4857440888881683,0.6178915500640869,0.4122852385044098,0.8034648895263672,0.2886311113834381,0.5478330254554749,0.431085854768753,0.5644226670265198,0.4666233956813812,0.1826380938291549,0.7411899566650391,0.3363590538501739,0.6501452922821045,0.327463835477829,0.6517747640609741,0.3367402553558349,0.6448838710784912,0.902206301689148,0.1673637330532074,0.1794888228178024,0.7282107472419739,0.4847437143325805,0.5556575059890747
1568,1568,train,18717,0.0868102461099624,0.8539746403694153,0.4688538908958435,0.5294275879859924,0.0865415185689926,0.8880850672721863,0.1589116603136062,0.7545867562294006,0.1999682039022445,0.7246870398521423,0.0535930395126342,0.9015536904335022,0.0715085566043853,0.8901227712631226,0.0573644787073135,0.8953991532325745,0.061527844518423,0.8905345797538757,0.2789731919765472,0.6736627817153931,0.0547659546136856,0.8969649076461792,0.0754100307822227,0.858609139919281
1569,1569,train,17934,0.148051306605339,0.7897555828094482,0.4438980221748352,0.5343256592750549,0.2142702937126159,0.7172930836677551,0.2235738188028335,0.6766225695610046,0.2363653928041458,0.6981473565101624,0.0795447751879692,0.8400526642799377,0.119977556169033,0.8102434277534485,0.0968587100505828,0.8255137205123901,0.097928948700428,0.8322030305862427,0.497409850358963,0.4715310335159302,0.0799386948347091,0.8414111137390137,0.1309747993946075,0.7953088879585266
1570,1570,test,18101,0.1319461464881897,0.7783758640289307,0.2629120945930481,0.7158681154251099,0.4743388295173645,0.5297710299491882,0.1624453365802765,0.7344545722007751,0.2040753960609436,0.760953962802887,0.0876919701695442,0.8224655389785767,0.1487235128879547,0.7647804617881775,0.1129170060157775,0.7817388772964478,0.1177995279431343,0.7882081866264343,0.4994706809520721,0.5286018252372742,0.0880384147167205,0.8065704703330994,0.1649785041809082,0.746491014957428
1571,1571,train,17171,0.0554265230894088,0.90303373336792,0.1375972330570221,0.8287649750709534,0.0715972557663917,0.8779971599578857,0.072267897427082,0.8792619109153748,0.0753117725253105,0.8926880359649658,0.0426015220582485,0.9155879020690918,0.0624253749847412,0.8993734121322632,0.0488668419420719,0.9033637642860411,0.0496077947318553,0.9058674573898317,0.1255344748497009,0.8203158378601074,0.0440261177718639,0.9130654335021972,0.0668912008404731,0.8842756748199463
1572,1572,test,17517,0.1289522647857666,0.8844372630119324,0.4555395245552063,0.5813421010971069,0.3418584167957306,0.6712209582328796,0.2333550453186035,0.7655682563781738,0.2623008489608764,0.8086578845977783,0.0628772750496864,0.9068028330802916,0.1000856012105941,0.8927586674690247,0.0829407647252082,0.901955783367157,0.0841016247868537,0.9090128540992736,0.5429614782333374,0.5309828519821167,0.0644263476133346,0.904832124710083,0.1136450469493866,0.8905351758003235
1573,1573,train,17928,0.0751639753580093,0.8906468152999878,0.3497485816478729,0.6397918462753296,0.1606764495372772,0.8390405178070068,0.1145986691117286,0.8273846507072449,0.1308396309614181,0.8423177599906921,0.0588995106518268,0.9059327244758606,0.0842489674687385,0.8999338150024414,0.0650528594851493,0.9090163111686708,0.0646006762981414,0.9092229008674622,0.2764174044132232,0.7089992165565491,0.0572718568146228,0.9104412198066713,0.0906390696763992,0.8963834047317505
1574,1574,test,17442,0.0522468388080596,0.9128690958023072,0.1904390007257461,0.7826392650604248,0.062457725405693,0.9257381558418274,0.0720292925834655,0.8930271863937378,0.07794139534235,0.9033690094947816,0.0396829172968864,0.915481984615326,0.0608080588281154,0.9074091911315918,0.0448458641767501,0.9133572578430176,0.0448170080780983,0.9159036874771118,0.1147832423448562,0.8769197463989258,0.0391088500618934,0.916799783706665,0.0594233162701129,0.9102539420127868
1575,1575,train,17768,0.0797764956951141,0.8780630826950073,0.3901022374629974,0.6461573243141174,0.0973574519157409,0.8685865998268127,0.1414405852556228,0.8211367130279541,0.1601911038160324,0.8202388882637024,0.0442252270877361,0.911448061466217,0.067401185631752,0.8976609110832214,0.05122060328722,0.9054998159408568,0.0541155710816383,0.9061142206192015,0.2564677298069,0.7538887858390808,0.0430619642138481,0.9111198782920836,0.0773077234625816,0.8876181840896606
1576,1576,train,17452,0.7777128219604492,0.3025355041027069,0.6355347037315369,0.3977514803409576,0.9195862412452698,0.1460040062665939,0.7302312254905701,0.3139057755470276,0.8151318430900574,0.2742316424846649,0.1843682527542114,0.7074687480926514,0.4067539274692535,0.5666336417198181,0.4483046233654022,0.5378461480140686,0.5155888795852661,0.5159977674484253,0.9093099236488342,0.1630988866090774,0.1839959323406219,0.7319067120552063,0.6422250866889954,0.432780772447586
1577,1577,test,18449,0.522433876991272,0.5440413355827332,0.6555640697479248,0.3969317376613617,0.9088898301124572,0.1714987754821777,0.6749904155731201,0.3983242809772491,0.7383124232292175,0.3932467401027679,0.1415202021598816,0.7797466516494751,0.2790573835372925,0.7019925713539124,0.2600530683994293,0.703195333480835,0.2866773009300232,0.6947879195213318,0.9008060097694396,0.1809858530759811,0.1372209340333938,0.7985455393791199,0.4435592591762543,0.5663998126983643
1578,1578,train,18265,0.1044410988688469,0.8696141839027405,0.2806599736213684,0.7145372033119202,0.1192237809300422,0.828898012638092,0.1669909954071045,0.795800507068634,0.1637264937162399,0.8426652550697327,0.0587945766746997,0.9066977500915528,0.0970317348837852,0.8872493505477905,0.0762206465005874,0.8974781632423401,0.0818778425455093,0.8998261094093323,0.3620147109031677,0.6593130826950073,0.0617168247699737,0.9047536253929138,0.1048217937350273,0.8764441013336182
1579,1579,train,18411,0.0531533285975456,0.914791226387024,0.3679421246051788,0.6576655507087708,0.0823305994272232,0.9017621278762816,0.0846349447965622,0.864323079586029,0.1045990958809852,0.8676180839538574,0.0401561968028545,0.9248391389846802,0.0590626709163188,0.9217574000358582,0.0449606366455554,0.9240375757217408,0.0455743484199047,0.925778031349182,0.1285618841648101,0.8437808156013489,0.0399565994739532,0.9265912771224976,0.0626649484038353,0.9132790565490724
1580,1580,test,17637,0.0728786662220954,0.8370254635810852,0.1844391077756881,0.7226261496543884,0.0774478018283844,0.8367692232131958,0.1095166429877281,0.7701055407524109,0.1052499115467071,0.8126675486564636,0.050608042627573,0.873016893863678,0.072646826505661,0.8616854548454285,0.0599891953170299,0.8581313490867615,0.0592531114816665,0.8619779348373413,0.1812904179096222,0.716553807258606,0.0524305813014507,0.8682588338851929,0.0736023336648941,0.8556796312332153
1581,1581,train,16965,0.0632022246718406,0.905536949634552,0.3036403357982635,0.7195367217063904,0.1003787145018577,0.8806435465812683,0.1042000353336334,0.8536770343780518,0.1228425875306129,0.860630989074707,0.0473819226026535,0.9155040383338928,0.0744063332676887,0.9051758646965028,0.0554384067654609,0.9112419486045836,0.0559635944664478,0.911820113658905,0.134982630610466,0.8558485507965088,0.0465197823941707,0.9176902770996094,0.0799723863601684,0.8945333361625671
1582,1582,test,18202,0.2194438874721527,0.8184324502944946,0.4973081648349762,0.531557023525238,0.7516051530838013,0.3776993751525879,0.3405469357967376,0.6843118071556091,0.4110268354415893,0.7263714075088501,0.0831568017601966,0.8908783793449402,0.1609567552804947,0.8592767715454102,0.1276617050170898,0.8685895800590515,0.137689009308815,0.8714537024497986,0.8519317507743835,0.2449670284986496,0.0818352475762367,0.8843089938163757,0.2085142582654953,0.8357106447219849
1583,1583,train,18243,0.2535175681114197,0.7144262194633484,0.4318963885307312,0.5732373595237732,0.6527488231658936,0.4551171958446502,0.3003999590873718,0.6374518275260925,0.3412344455718994,0.6549152135848999,0.1378420293331146,0.803812563419342,0.2289862036705017,0.73679119348526,0.19605253636837,0.7568485140800476,0.1956258416175842,0.7707713842391968,0.6283591389656067,0.4722527265548706,0.1271353065967559,0.8103899955749512,0.2616938054561615,0.7049193978309631
1584,1584,train,17918,0.8326270580291748,0.2510951459407806,0.6514860987663269,0.3877846300601959,0.92812579870224,0.1336411982774734,0.7824582457542419,0.2600924670696258,0.8596781492233276,0.2348330914974212,0.2020914554595947,0.6532659530639648,0.4775855243206024,0.5212321877479553,0.5448363423347473,0.4452438652515411,0.6067532896995544,0.437137246131897,0.920133650302887,0.147696167230606,0.1849069893360138,0.6635723114013672,0.7593649625778198,0.3009823560714721
1585,1585,train,17500,0.1326945275068283,0.84206223487854,0.3205714821815491,0.6670560836791992,0.3860727250576019,0.6226375699043274,0.2229484915733337,0.7404583096504211,0.2308241575956344,0.7753672003746033,0.0694211572408676,0.8846114873886108,0.1303034722805023,0.8568118810653687,0.0997289270162582,0.873617947101593,0.0946832597255706,0.8768478631973267,0.6399975419044495,0.4066310226917267,0.0641652047634124,0.8893282413482666,0.1439741253852844,0.8398585319519043
1586,1586,test,18089,0.0538707748055458,0.9008452892303468,0.2040597051382064,0.7724199891090393,0.077679842710495,0.884765625,0.0934037566184997,0.8661108016967773,0.084242545068264,0.8759034872055054,0.0388939045369625,0.9211536049842834,0.0552858151495456,0.9120476245880128,0.0418212041258811,0.9194637537002563,0.0448949299752712,0.9166498184204102,0.1537389159202575,0.7977559566497803,0.0399589836597442,0.9236069321632384,0.064033105969429,0.9032464623451232
1587,1587,train,17823,0.0978491082787513,0.836677074432373,0.3968055546283722,0.6072099208831787,0.4264350235462188,0.5959889888763428,0.1950196176767349,0.7345638871192932,0.171259343624115,0.7521759271621704,0.0482933185994625,0.8971897959709167,0.0753586068749427,0.8779129981994629,0.0571826323866844,0.8882496953010559,0.0670770555734634,0.8832210302352905,0.5402557849884033,0.4730943441390991,0.0485347546637058,0.8969902396202087,0.094749741256237,0.8523343205451965
1588,1588,train,17781,0.1056726947426796,0.8529787063598633,0.3461597859859466,0.6771903038024902,0.1323953121900558,0.8431824445724487,0.1827533394098281,0.7782565355300903,0.205068826675415,0.7815485000610352,0.0637805387377739,0.893334150314331,0.1076396852731704,0.8658944368362427,0.0780532881617546,0.8839370012283325,0.081139825284481,0.8789522647857666,0.2157870978116989,0.7690678834915161,0.0679646283388137,0.8906136751174927,0.1123011782765388,0.8439598083496094
1589,1589,train,18736,0.0487986952066421,0.9028114676475524,0.2211707681417465,0.7441662549972534,0.1648083478212356,0.8142341375350952,0.0886452421545982,0.8561366200447083,0.0923089906573295,0.8643686771392822,0.0415261276066303,0.9171603322029114,0.0586679801344871,0.9068087935447692,0.0438334830105304,0.9138347506523132,0.0468487478792667,0.9129533767700196,0.2217490822076797,0.7531751394271851,0.0400311574339866,0.9166861772537231,0.0686556994915008,0.8952159881591797
1590,1590,train,18479,0.2000273764133453,0.6653825044631958,0.4025299847126007,0.5330922603607178,0.4853624105453491,0.4892342388629913,0.2359003722667694,0.6254307627677917,0.3379535377025604,0.5814224481582642,0.1010730862617492,0.7521504759788513,0.1707633584737777,0.6827781200408936,0.1426673382520675,0.6807819604873657,0.1469570249319076,0.6991020441055298,0.5640134215354919,0.367123544216156,0.093523159623146,0.7477761507034302,0.2380298972129821,0.6179680824279785
1591,1591,train,17933,0.937889039516449,0.1259959489107132,0.669474720954895,0.365668773651123,0.9425763487815856,0.1134128049015998,0.8419782519340515,0.2062471359968185,0.924761950969696,0.1482458114624023,0.6579634547233582,0.323434978723526,0.8842788934707642,0.1786544471979141,0.8948656916618347,0.157876580953598,0.9133755564689636,0.1559820622205734,0.926686465740204,0.1334593892097473,0.6565847396850586,0.3382740318775177,0.9314162135124208,0.1261452734470367
1592,1592,train,17197,0.0926820412278175,0.8340217471122742,0.3228517770767212,0.6570119857788086,0.1387642323970794,0.817236065864563,0.1439303755760193,0.7768443822860718,0.1580615788698196,0.7875284552574158,0.0603855922818183,0.8674694299697876,0.0971683636307716,0.8468121886253357,0.0746657401323318,0.8566128015518188,0.0763902515172958,0.8586332201957703,0.2168933302164077,0.7236059904098511,0.0611995942890644,0.871147096157074,0.1058863848447799,0.8354673981666565
1593,1593,train,18053,0.0834690406918525,0.842913806438446,0.4118188023567199,0.5982605218887329,0.1088415831327438,0.8494436144828796,0.1423006057739257,0.7637223601341248,0.1416388005018234,0.7867898941040039,0.0504123121500015,0.8884037137031555,0.0814827755093574,0.8626779317855835,0.0611422546207904,0.8757227063179016,0.0649279952049255,0.8740800023078918,0.4712775349617004,0.5249661803245544,0.0514308512210845,0.8877830505371094,0.0925003960728645,0.8463560342788696
1594,1594,train,18359,0.3585273325443268,0.6077017188072205,0.4863659143447876,0.5629124641418457,0.1376051753759384,0.7870538234710693,0.4272394776344299,0.5570953488349915,0.5009329319000244,0.5707434415817261,0.1241112053394317,0.7801434397697449,0.247682973742485,0.6936874985694885,0.1690343469381332,0.7360273599624634,0.2428172081708908,0.6820457577705383,0.7579963803291321,0.3327776193618774,0.1163998544216156,0.7778264880180359,0.3740624487400055,0.5887057185173035
1595,1595,train,17881,0.6480847597122192,0.4748132824897766,0.5332388877868652,0.486182302236557,0.891497015953064,0.2011760026216507,0.5663061738014221,0.4556575417518616,0.6829272508621216,0.4535636901855469,0.2268894165754318,0.7154282331466675,0.5082221627235413,0.5489802956581116,0.5129398107528687,0.5341213345527649,0.523714005947113,0.5662150382995605,0.868167519569397,0.2207337170839309,0.2074220478534698,0.719718873500824,0.6246634125709534,0.4667467474937439
1596,1596,train,17923,0.065260000526905,0.8975183963775635,0.1364300101995468,0.8441199064254761,0.1343050897121429,0.831750750541687,0.0767277553677558,0.8777496814727783,0.088074579834938,0.8896421194076538,0.0416532643139362,0.9077110290527344,0.0716026574373245,0.8977397680282593,0.0585750490427017,0.9036034345626832,0.0542201586067676,0.9081170558929444,0.1981696337461471,0.7879306674003601,0.043641161173582,0.8983370065689087,0.0713478922843933,0.8993859887123108
1597,1597,test,17143,0.6466078758239746,0.4422248005867004,0.630637526512146,0.4251376092433929,0.9104469418525696,0.1646455973386764,0.7077134251594543,0.3527721762657165,0.7552564740180969,0.3792722523212433,0.1505804657936096,0.7920510768890381,0.3044036030769348,0.6875886917114258,0.2788293361663818,0.707755982875824,0.3575136959552765,0.6617713570594788,0.9115263223648072,0.1622957587242126,0.1385622173547744,0.8004288673400879,0.5751038193702698,0.4939590394496918
1598,1598,train,18673,0.1380370408296585,0.8189442157745361,0.3480145037174225,0.6824505925178528,0.1679458320140838,0.8105382323265076,0.2101680934429168,0.7556995153427124,0.2212969958782196,0.7578678131103516,0.0890021845698356,0.8407295942306519,0.134298026561737,0.8243122696876526,0.1054864153265953,0.8370563387870789,0.1057711318135261,0.8399403691291809,0.251461774110794,0.7538529634475708,0.0960791036486625,0.8441721796989441,0.1295760124921798,0.8108027577400208
1599,1599,test,16962,0.1167830154299736,0.8225645422935486,0.3479512333869934,0.6294425129890442,0.3150798678398132,0.6370704770088196,0.2024645358324051,0.7280135750770569,0.2006700038909912,0.7577219605445862,0.0703850165009498,0.8720726370811462,0.1078667268157005,0.8504697680473328,0.0812135934829711,0.8701067566871643,0.0858597308397293,0.868292510509491,0.481524795293808,0.502841055393219,0.0708815678954124,0.8731729984283447,0.1299686580896377,0.8341832756996155
1600,1600,train,18120,0.9273051023483276,0.1452346742153167,0.6682257652282715,0.3742474317550659,0.9430695176124572,0.1147936061024665,0.8233128786087036,0.225604236125946,0.92196124792099,0.156682088971138,0.6093212366104126,0.3413257598876953,0.8737431764602661,0.1749472916126251,0.8895139694213867,0.1587321758270263,0.902829110622406,0.1665362417697906,0.9233556985855104,0.143628641963005,0.6469722390174866,0.3347045183181762,0.9200741648674012,0.1370316594839096
1601,1601,test,18326,0.4258813858032226,0.5848538279533386,0.6578060388565063,0.3827288746833801,0.8919489979743958,0.1728493422269821,0.6606042981147766,0.3747547268867492,0.7220391035079956,0.3706870675086975,0.0922892317175865,0.8346003890037537,0.1892265379428863,0.7712132334709167,0.1566646248102188,0.7819858193397522,0.175042450428009,0.7732617855072021,0.8958567380905151,0.1689086705446243,0.0888802036643028,0.8390575647354126,0.3510369658470154,0.6350208520889282
1602,1602,train,17397,0.1864288747310638,0.7510964274406433,0.4727440178394317,0.5354477167129517,0.5402088761329651,0.489467591047287,0.3077396154403686,0.6244404315948486,0.3758780062198639,0.6522040367126465,0.077589638531208,0.8373681306838989,0.1545047909021377,0.7947998046875,0.1255988478660583,0.8014975786209106,0.125885859131813,0.8056131601333618,0.7694298624992371,0.2875303924083709,0.0716109126806259,0.8359704613685608,0.1808227896690368,0.7647650241851807
1603,1603,test,18317,0.0650395303964614,0.8740266561508179,0.2045434415340423,0.7492683529853821,0.0902569517493248,0.8519132137298584,0.1097837164998054,0.8113541007041931,0.1145352348685264,0.8412885665893555,0.05027512088418,0.8898612260818481,0.0775804445147514,0.8761654496192932,0.0592542774975299,0.8859708905220032,0.058762352913618,0.8887645602226257,0.1417633146047592,0.7879404425621033,0.0516722723841667,0.8881862163543701,0.0808209702372551,0.8697645664215088
1604,1604,test,18659,0.3554610013961792,0.5745679140090942,0.6271445751190186,0.4151296019554138,0.8497001528739929,0.2234016060829162,0.5095093250274658,0.4642305076122284,0.5994479060173035,0.44202321767807,0.1356710344552993,0.7400605082511902,0.2577442228794098,0.670915961265564,0.1968375742435455,0.7055860757827759,0.225352868437767,0.6779319643974304,0.8610109090805054,0.2075962275266647,0.1354764103889465,0.7496347427368164,0.3375634849071502,0.5944657921791077
1605,1605,test,18005,0.0698177739977836,0.8677853941917419,0.2207088470458984,0.754328191280365,0.0776356160640716,0.8638291954994202,0.1078456938266754,0.820898711681366,0.1082406938076019,0.8435289859771729,0.0494481697678566,0.8989427089691162,0.0785196423530578,0.874574601650238,0.0618897564709186,0.8844876289367676,0.0604633949697017,0.8879687786102295,0.1815681159496307,0.8127379417419434,0.0499446764588356,0.8960731625556946,0.0858847498893737,0.8616576790809631
1606,1606,train,17813,0.1582739949226379,0.8031401634216309,0.2869049608707428,0.7097269892692566,0.1427401751279831,0.8484463691711426,0.17749585211277,0.7813012599945068,0.2385608255863189,0.7429132461547852,0.0943451598286628,0.8655924797058105,0.1124124601483345,0.8513177633285522,0.1045270785689354,0.8520926237106323,0.1088282614946365,0.8493057489395142,0.2214745283126831,0.7877529859542847,0.1104496866464614,0.8411673903465271,0.1108075901865959,0.8437662720680237
1607,1607,train,17665,0.1215038001537323,0.763245165348053,0.2653934955596924,0.643527090549469,0.1767066121101379,0.7496046423912048,0.1507821977138519,0.728614330291748,0.1996232718229293,0.7059494853019714,0.0970735102891922,0.8115091919898987,0.1203808858990669,0.7850543260574341,0.104382537305355,0.7939882278442383,0.1028288602828979,0.7995697259902954,0.2318817973136901,0.6760026812553406,0.0993810221552848,0.7960513830184937,0.1207933351397514,0.7886934280395508
1608,1608,train,17461,0.6740990877151489,0.3897747695446014,0.6306769847869873,0.4098398983478546,0.8712011575698853,0.1842817366123199,0.6345486640930176,0.3845966458320617,0.7240586280822754,0.361071914434433,0.1900082528591156,0.6930938959121704,0.4060709774494171,0.5836053490638733,0.4279265701770782,0.5567880868911743,0.4428454041481018,0.5569822788238525,0.910431444644928,0.1695740669965744,0.184713676571846,0.7052303552627563,0.6301395297050476,0.4232608377933502
1609,1609,test,18551,0.4935048818588257,0.641793966293335,0.6072109937667847,0.4582428932189941,0.8232405781745911,0.2982409298419952,0.5937129855155945,0.5182813405990601,0.6350296139717102,0.5628059506416321,0.0851961374282836,0.8686671853065491,0.1845112591981887,0.8266122341156006,0.1768864244222641,0.8107213973999023,0.2134552597999572,0.8065280318260193,0.9046518802642822,0.1778115183115005,0.078848011791706,0.8783341646194458,0.3871201276779175,0.6988765597343445
1610,1610,train,17241,0.9328738451004028,0.1332790702581405,0.6731666922569275,0.3665832877159118,0.9429982900619508,0.112542062997818,0.8372860550880432,0.2151010781526565,0.929514706134796,0.1445773243904113,0.6448959112167358,0.307522714138031,0.8657714128494263,0.176130786538124,0.8613831996917725,0.1704732775688171,0.9020858407020568,0.1598110496997833,0.9268507361412048,0.1386443078517913,0.6506589651107788,0.2925864160060882,0.924258828163147,0.1278328597545623
1611,1611,train,17236,0.3952602744102478,0.5648573040962219,0.6222004890441895,0.4243767261505127,0.8724749684333801,0.2006507813930511,0.6086817383766174,0.414075642824173,0.6836271286010742,0.3806728422641754,0.0918894782662391,0.8045396208763123,0.2118927836418151,0.7039974331855774,0.1890440285205841,0.7115737795829773,0.2156112641096115,0.7028185725212097,0.8737039566040039,0.2052206248044967,0.0872497633099556,0.8201490044593811,0.4292469918727875,0.5248923897743225
1612,1612,train,18658,0.9305238127708436,0.135659858584404,0.6722922921180725,0.3634949922561645,0.9442166090011596,0.1119261234998703,0.8424614667892456,0.2042770534753799,0.9239219427108764,0.1562088876962661,0.713054895401001,0.2781949937343597,0.9000418782234192,0.1618929058313369,0.8967994451522827,0.15338896214962,0.9164989590644836,0.1468518376350402,0.9265742301940918,0.1348673850297927,0.7231929302215576,0.2760049104690552,0.9291288256645204,0.1219065934419632
1613,1613,train,17912,0.4022859036922455,0.6352590322494507,0.6502916812896729,0.4085710346698761,0.7529721260070801,0.3315569758415222,0.5618844032287598,0.5019322633743286,0.6680551767349243,0.469390332698822,0.1191524639725685,0.818604588508606,0.228126123547554,0.7586775422096252,0.1784965991973877,0.775418758392334,0.2250449508428573,0.7536996006965637,0.8720254898071289,0.2299140244722366,0.1182206198573112,0.8230468034744263,0.3270749747753143,0.6804255247116089
1614,1614,train,17805,0.0571942031383514,0.8975028395652771,0.2362820953130722,0.7332777380943298,0.0520118847489357,0.9012124538421632,0.0929389372467994,0.8386679887771606,0.0874585732817649,0.8677608966827393,0.0361497849225997,0.9264583587646484,0.0524164661765098,0.9092065691947936,0.0429951548576355,0.9170140624046326,0.0477228686213493,0.9175471663475036,0.1809399873018264,0.7662823796272278,0.0376646034419536,0.925064206123352,0.0673969686031341,0.8908553123474121
1615,1615,train,17704,0.9329742193222046,0.1344563215970993,0.6721174716949463,0.3631851375102997,0.943963587284088,0.1104665622115135,0.8376867175102234,0.2072445154190063,0.9265816807746888,0.1500215977430343,0.6897767186164856,0.3118240535259247,0.9028770327568054,0.1571000665426254,0.9089986681938172,0.141847476363182,0.9207457304000854,0.1504895836114883,0.9271427989006042,0.1336475610733032,0.726272702217102,0.3027741611003876,0.9356607794761658,0.1247737929224968
1616,1616,train,17012,0.077501393854618,0.8561314344406128,0.3197293877601623,0.6536393761634827,0.0739522874355316,0.8722391128540039,0.1420630812644958,0.7768356800079346,0.1473474204540252,0.794430673122406,0.0454839617013931,0.8912733793258667,0.0658284649252891,0.8753328323364258,0.055467527359724,0.885161280632019,0.0587742887437343,0.8837466239929199,0.1844104677438736,0.749133288860321,0.0466594621539115,0.8889729380607605,0.0798998475074768,0.8603691458702087
1617,1617,train,16987,0.3159035742282867,0.6897544860839844,0.6152937412261963,0.430087000131607,0.8876953125,0.2139302641153335,0.6223810315132141,0.4652780592441559,0.6426101922988892,0.4945755004882812,0.0897654742002487,0.8425225019454956,0.1657678633928299,0.7828375101089478,0.1544930934906005,0.7817092537879944,0.1578735113143921,0.794274091720581,0.8924049139022827,0.1859213709831237,0.088755652308464,0.8394348621368408,0.2946847677230835,0.6927533745765686
1618,1618,train,17467,0.2342627197504043,0.6726310849189758,0.5964803695678711,0.4598234891891479,0.7940975427627563,0.3053359985351562,0.4368234574794769,0.5455783605575562,0.4808233678340912,0.5559895038604736,0.0938830524682998,0.8061010837554932,0.1663027852773666,0.7551960945129395,0.1326405853033065,0.7657156586647034,0.1486715972423553,0.751258373260498,0.8606799244880676,0.2119146585464477,0.0923258662223815,0.8104106187820435,0.2346988171339035,0.6841919422149658
1619,1619,train,18403,0.1649999171495437,0.7863378524780273,0.515746533870697,0.5146453380584717,0.3563499748706817,0.616284966468811,0.2903400361537933,0.6689745187759399,0.4114872217178345,0.6485630869865417,0.0628961473703384,0.8617733120918274,0.1099357530474662,0.8286066055297852,0.0898490995168685,0.8468607664108276,0.0994882360100746,0.8403815627098083,0.7889991998672485,0.3197953104972839,0.0596185475587844,0.8605039119720459,0.1610848754644394,0.7924366593360901
1620,1620,train,17772,0.2271694391965866,0.6731429100036621,0.5674530267715454,0.4807991683483124,0.8088657259941101,0.2536241710186004,0.3699674606323242,0.5473190546035767,0.4442635774612427,0.559791088104248,0.0759263187646865,0.8335058689117432,0.1467571556568145,0.7843860983848572,0.1121915876865387,0.8074349761009216,0.136177510023117,0.7877519726753235,0.8308556079864502,0.2502634227275848,0.0733976811170578,0.8398395776748657,0.2436048984527588,0.6824424266815186
1621,1621,test,17184,0.086906686425209,0.8427244424819946,0.3143324255943298,0.6806468963623047,0.0952729508280754,0.8391305804252625,0.1456088572740554,0.784713625907898,0.1455552726984024,0.7966640591621399,0.0528129935264587,0.8806803226470947,0.0776094645261764,0.8621029853820801,0.0622947067022323,0.8738808035850525,0.0645646154880523,0.8756141066551208,0.2823618948459625,0.6858311891555786,0.0534091405570507,0.8792232275009155,0.0856795385479927,0.8523709774017334
1622,1622,train,18149,0.8045163750648499,0.2332096695899963,0.6466023325920105,0.3906154334545135,0.9210851788520812,0.1336096674203872,0.7588746547698975,0.2613072395324707,0.8477694392204285,0.2412347942590713,0.2454966306686401,0.5368671417236328,0.5454056859016418,0.3596684634685516,0.5439314842224121,0.3639764189720154,0.6469419002532959,0.3383432626724243,0.9087204933166504,0.1627135425806045,0.2289913296699524,0.5644133687019348,0.7506722807884216,0.2625525295734405
1623,1623,train,18253,0.9391477108001708,0.1242746114730835,0.6700670719146729,0.3641771376132965,0.945136785507202,0.1081529334187507,0.8429933190345764,0.204354852437973,0.9256999492645264,0.1489214152097702,0.7156907916069031,0.2678290009498596,0.9084190726280212,0.143103688955307,0.9127683639526368,0.1319826692342758,0.9266048073768616,0.137478768825531,0.92830091714859,0.1305727511644363,0.7333605885505676,0.2655762434005737,0.9387901425361632,0.1131076514720916
1624,1624,train,17352,0.1468658745288849,0.8326692581176758,0.2287140935659408,0.7281484007835388,0.1395152509212494,0.8215522766113281,0.1837272644042968,0.7656953930854797,0.1889381557703018,0.815586268901825,0.07876967638731,0.8699701428413391,0.1211720034480094,0.8575143218040466,0.1093499436974525,0.8600995540618896,0.0979835093021392,0.861687421798706,0.2941572070121765,0.7099174857139587,0.0857532396912574,0.8621426820755005,0.1343061178922653,0.8526663780212402
1625,1625,train,17086,0.0682326406240463,0.8393958210945129,0.1809975951910019,0.7367792725563049,0.0979328453540802,0.8210917711257935,0.0941424965858459,0.8025996685028076,0.099440149962902,0.8161018490791321,0.0496037229895591,0.8814252018928528,0.0778807029128074,0.8630879521369934,0.0611211918294429,0.8694972991943359,0.0579919964075088,0.864995539188385,0.2409449070692062,0.6515891551971436,0.0508108213543891,0.8723075985908508,0.0821944251656532,0.8509804606437683
1626,1626,train,17711,0.0606558434665203,0.9038378596305848,0.1810438930988311,0.8185427784919739,0.0877599343657493,0.8826807737350464,0.0770237296819686,0.8842191100120544,0.0766667053103447,0.901084840297699,0.0426643528044223,0.9183523654937744,0.0645785257220268,0.9112093448638916,0.0519458353519439,0.9116904735565186,0.0532963573932647,0.9148643612861632,0.1740019172430038,0.7988687753677368,0.0459410995244979,0.9168910980224608,0.069525808095932,0.906641721725464
1627,1627,train,18732,0.1259835213422775,0.8371122479438782,0.5358805656433105,0.5402811169624329,0.5207517743110657,0.5578505396842957,0.2213918715715408,0.7544690370559692,0.238487958908081,0.7689966559410095,0.053740955889225,0.9018855690956116,0.0861230641603469,0.8921011090278625,0.0699596926569938,0.8959953784942627,0.0792148485779762,0.8886635303497314,0.6567061543464661,0.4331918656826019,0.0542820952832698,0.9058699011802672,0.13087759912014,0.8567094206809998
1628,1628,train,18232,0.0769742503762245,0.8504090309143066,0.2881166636943817,0.6839872598648071,0.1417808979749679,0.8043469786643982,0.1321706026792526,0.7743459939956665,0.1294293999671936,0.8180205821990967,0.0541720911860466,0.8796060681343079,0.0842640921473503,0.8645855784416199,0.0691848397254943,0.8700812458992004,0.0667769238352775,0.8728187084197998,0.3315955102443695,0.6495879292488098,0.0571038164198398,0.8765119910240173,0.0916538313031196,0.8532061576843262
1629,1629,train,18307,0.0497089438140392,0.8915160298347473,0.2004141956567764,0.7132022380828857,0.0836289599537849,0.8843282461166382,0.072733961045742,0.8587379455566406,0.0895211696624755,0.8439437747001648,0.040766105055809,0.9097870588302612,0.0544844418764114,0.9007039666175842,0.0416821017861366,0.9088121652603148,0.043770782649517,0.906226396560669,0.1384681761264801,0.7933434844017029,0.0400812551379203,0.9064207673072816,0.0587822422385215,0.8920641541481018
1630,1630,test,18208,0.3624907433986664,0.6268368363380432,0.6454927325248718,0.4050955176353454,0.8284044861793518,0.2381573319435119,0.5514323115348816,0.4642789959907532,0.6738399863243103,0.4191969633102417,0.0963350683450698,0.8261327147483826,0.196152925491333,0.7536323070526123,0.1539773941040039,0.7723588347434998,0.1767344325780868,0.7620768547058105,0.8887941241264343,0.188134491443634,0.0976723954081535,0.8311604857444763,0.2712366580963135,0.6741454005241394
1631,1631,test,18397,0.1462453752756118,0.8183210492134094,0.4404350221157074,0.6196528077125549,0.345158964395523,0.6408380270004272,0.2537566125392914,0.7200936079025269,0.2324957400560379,0.7800609469413757,0.0664405450224876,0.886561930179596,0.1235575228929519,0.8502674698829651,0.096730075776577,0.8654944896697998,0.1075513437390327,0.8628329634666443,0.6386467218399048,0.4451088309288025,0.0695414319634437,0.8865686655044556,0.1606335043907165,0.8187845945358276
1632,1632,train,18575,0.1559521108865738,0.8108823299407959,0.3200685083866119,0.6782962679862976,0.3819829225540161,0.6141797304153442,0.2224357277154922,0.7282068729400635,0.2319118082523346,0.7808811664581299,0.0866094157099723,0.8615545034408569,0.1343903690576553,0.834350049495697,0.1145234107971191,0.8393521308898926,0.1142011135816574,0.8476725220680237,0.501591145992279,0.5493605732917786,0.0834223553538322,0.8586196899414062,0.1600350141525268,0.8122424483299255
1633,1633,test,18629,0.395023912191391,0.6787700057029724,0.6223292946815491,0.4464943408966064,0.8760150671005249,0.2140307873487472,0.5522417426109314,0.5235044956207275,0.6626343727111816,0.5153526663780212,0.0756178796291351,0.8811962008476257,0.1628428995609283,0.8399028778076172,0.1565407663583755,0.8331249952316284,0.164635956287384,0.8335381746292114,0.882699191570282,0.2121173441410064,0.0753755569458007,0.8821077346801758,0.3355792164802551,0.7084072828292847
1634,1634,train,17056,0.0888304412364959,0.8497762680053711,0.2183254361152649,0.730582594871521,0.1879545450210571,0.7691330313682556,0.1457217931747436,0.7739509344100952,0.1643549799919128,0.807708740234375,0.0633459016680717,0.8664751648902893,0.112453319132328,0.8343454003334045,0.0856152921915054,0.8451665639877319,0.0846783593297004,0.8585329651832581,0.3981235027313232,0.5776274800300598,0.0627301633358001,0.8680734038352966,0.1186855062842369,0.8327650427818298
1635,1635,train,18468,0.3103417754173279,0.6918420195579529,0.5977436900138855,0.4439488053321838,0.8253875970840454,0.2593698501586914,0.4298113882541656,0.5409477353096008,0.502277672290802,0.5426235198974609,0.1244622766971588,0.8368002772331238,0.2399507761001587,0.7806939482688904,0.2007022202014923,0.7911794185638428,0.1906575709581375,0.7970554232597351,0.8572055101394653,0.2195253670215606,0.119270458817482,0.8330667614936829,0.2845574915409088,0.7228130102157593
1636,1636,train,17938,0.1037602648139,0.8770827651023865,0.4549096226692199,0.6149111986160278,0.496006041765213,0.5512441992759705,0.1998411417007446,0.7777695059776306,0.2048376500606537,0.837227463722229,0.0459690205752849,0.9145809412002563,0.0779729261994361,0.9022399187088012,0.056376714259386,0.9119409918785096,0.064486064016819,0.9078715443611144,0.7332914471626282,0.3734908699989319,0.0450476221740245,0.9156998991966248,0.1061767861247062,0.8899440169334412
1637,1637,train,17503,0.5833413600921631,0.5032340884208679,0.6682751774787903,0.38510262966156,0.9203541278839112,0.1472407579421997,0.741326630115509,0.3355098962783813,0.7836483716964722,0.328905701637268,0.1056428626179695,0.8253839015960693,0.2470899224281311,0.7499147057533264,0.222494289278984,0.7403048872947693,0.2623047828674316,0.7244268655776978,0.9134658575057985,0.1619894355535507,0.1031874865293502,0.836733341217041,0.4420084655284881,0.5739904046058655
1638,1638,train,17863,0.1815577745437622,0.8520926237106323,0.4285110235214233,0.6212356090545654,0.4152204096317291,0.6834463477134705,0.2574480175971985,0.7603343725204468,0.3355403542518616,0.789829671382904,0.0716122612357139,0.9123656153678894,0.137421116232872,0.8902127146720886,0.1037456914782524,0.8978174328804016,0.1137972846627235,0.8945878148078918,0.7266505360603333,0.3961081802845001,0.0676020011305809,0.9090008735656738,0.193410262465477,0.8491649031639099
1639,1639,train,17264,0.2276652306318283,0.7520532608032227,0.4892889261245727,0.5452257394790649,0.6599500775337219,0.4241729378700256,0.3386231362819671,0.6470667123794556,0.4012489914894104,0.6840334534645081,0.0887354686856269,0.848846435546875,0.1941980272531509,0.8119659423828125,0.1590591371059417,0.8116981387138367,0.1539117246866226,0.816068172454834,0.8215433955192566,0.2733058929443359,0.0847770944237709,0.8520529866218567,0.2369133830070495,0.7673235535621643
1640,1640,train,17412,0.2316619753837585,0.7312595844268799,0.5354257225990295,0.5399439334869385,0.4845842123031616,0.508615255355835,0.4188876748085022,0.5882053971290588,0.4329188466072082,0.6319094896316528,0.064174048602581,0.863680362701416,0.1210081353783607,0.8269412517547607,0.0848571136593818,0.8442580699920654,0.11115463078022,0.8248335719108582,0.8694334626197815,0.234265387058258,0.0606741644442081,0.8695084452629089,0.2269399613142013,0.7256945371627808
1641,1641,test,17456,0.6562689542770386,0.3840827643871307,0.6360470056533813,0.3965871632099151,0.912986934185028,0.1423865109682083,0.7078895568847656,0.3013920485973358,0.7682282328605652,0.3149167597293854,0.1334196627140045,0.7472724318504333,0.280257374048233,0.6565747857093811,0.3183712065219879,0.627128541469574,0.3326230049133301,0.6225079894065857,0.9134581685066224,0.1479772627353668,0.1340996026992797,0.7443499565124512,0.4901991784572601,0.5074480772018433
1642,1642,train,18052,0.2771515250205993,0.6602539420127869,0.4812126159667969,0.5606619715690613,0.7678462266921997,0.3078470826148987,0.3288213610649109,0.6056171655654907,0.4424686431884765,0.5737082958221436,0.1375290006399154,0.7449277639389038,0.2689067423343658,0.6433403491973877,0.2096944451332092,0.661456823348999,0.2260565310716629,0.6824895143508911,0.753117561340332,0.3386685848236084,0.1407584547996521,0.741472065448761,0.3260580897331238,0.5719704627990723
1643,1643,train,17119,0.0447813831269741,0.8985005617141724,0.2201428115367889,0.7218495607376099,0.0594384893774986,0.8915809392929077,0.0703859850764274,0.8509871959686279,0.0762775242328643,0.8623021245002747,0.0314672924578189,0.9141572713851928,0.0461900867521762,0.9059205651283264,0.0373590290546417,0.91376930475235,0.0366545468568801,0.914630115032196,0.0976627394556999,0.8471143841743469,0.032619658857584,0.9153173565864564,0.0519727766513824,0.8992951512336731
1644,1644,train,17520,0.2574084103107452,0.7718498706817627,0.5854037404060364,0.4934664666652679,0.8298288583755493,0.3085434138774872,0.4573483169078827,0.5924224257469177,0.530582845211029,0.6047545075416565,0.0723179206252098,0.8933053612709045,0.1406901478767395,0.8628741502761841,0.1006240174174308,0.8731868267059326,0.1248740032315254,0.8636239171028137,0.8431968688964844,0.2704051733016968,0.069148875772953,0.894721269607544,0.2256376594305038,0.7844225168228149
1645,1645,test,18439,0.0796112343668937,0.8696720004081726,0.2611936926841736,0.7338715195655823,0.1514557301998138,0.8051496744155884,0.1336026489734649,0.8176636099815369,0.1226378679275512,0.8471121788024902,0.0562966093420982,0.9037795662879944,0.0883614420890808,0.8890926837921143,0.0653814896941185,0.8952863812446594,0.0668784454464912,0.8943048119544983,0.2798159420490265,0.7047593593597412,0.0563029572367668,0.9067185521125792,0.1022749319672584,0.8709800839424133
1646,1646,train,17422,0.0640984624624252,0.9167963862419128,0.1222974061965942,0.8554669618606567,0.0794065967202186,0.8978328108787537,0.082402691245079,0.8848533630371094,0.086507149040699,0.9113404154777528,0.0374906174838542,0.9314470291137696,0.0738997757434845,0.9219107627868652,0.0567357204854488,0.9242860674858092,0.0516316182911396,0.9260736107826232,0.1106941848993301,0.8800665736198425,0.0402990877628326,0.9288148283958436,0.0703626200556755,0.9201980233192444
1647,1647,train,17186,0.3063285946846008,0.7434092164039612,0.5414881706237793,0.539991021156311,0.6363780498504639,0.4805512726306915,0.397159069776535,0.6543134450912476,0.4599271118640899,0.6775017380714417,0.1181668490171432,0.8474976420402527,0.244222953915596,0.7915713787078857,0.186536356806755,0.8074381351470947,0.207860454916954,0.807845413684845,0.7140215039253235,0.4425779283046722,0.1227796748280525,0.8469107747077942,0.3029763400554657,0.7454226016998291
1648,1648,test,18487,0.1206591427326202,0.7834541201591492,0.3007369339466095,0.6497089266777039,0.3687404096126556,0.5965723395347595,0.1475155353546142,0.7541584968566895,0.1804326474666595,0.7458826303482056,0.0787268504500389,0.839803159236908,0.1332027465105056,0.7883828282356262,0.0948887690901756,0.8065090775489807,0.105513609945774,0.80451899766922,0.4402193129062652,0.5156867504119873,0.0795634537935257,0.834905743598938,0.1570806354284286,0.7575646042823792
1649,1649,train,18494,0.1351270675659179,0.8166194558143616,0.2519533932209015,0.7043963670730591,0.1853373050689697,0.772015392780304,0.182600662112236,0.7506764531135559,0.221002995967865,0.7763082981109619,0.0726032480597496,0.8676141500473022,0.1319718211889267,0.8365562558174133,0.099116064608097,0.8535179495811462,0.1003860831260681,0.8510586023330688,0.379842460155487,0.6086153984069824,0.0745725557208061,0.8663533329963684,0.135900929570198,0.830800473690033
1650,1650,train,17580,0.3145047128200531,0.7141664624214172,0.662636399269104,0.3952625095844269,0.8032191395759583,0.302799254655838,0.6304488182067871,0.4197095036506653,0.6973779797554016,0.4187245666980743,0.0830691158771514,0.8734627366065979,0.1595660746097564,0.833561360836029,0.1200279295444488,0.8494124412536621,0.1467438042163849,0.8386709094047546,0.8834213614463806,0.1882724016904831,0.0795335993170738,0.8836575746536255,0.2601567208766937,0.7388744354248047
1651,1651,train,17065,0.2120958715677261,0.7799820899963379,0.4934386014938354,0.5689682960510254,0.6469845771789551,0.4524405002593994,0.3360814452171325,0.6646248698234558,0.384491354227066,0.6864970922470093,0.0693137720227241,0.8800990581512451,0.1404535770416259,0.8410300016403198,0.1140121594071388,0.856143593788147,0.1171076968312263,0.8578699827194214,0.7856835126876831,0.3072202503681183,0.0704068019986152,0.8845880031585693,0.1992225497961044,0.7929384708404541
1652,1652,train,17677,0.0756162628531456,0.8564750552177429,0.3102321922779083,0.6570119857788086,0.2657521367073059,0.6873865723609924,0.1614441275596618,0.7655888795852661,0.1294553279876709,0.8218393325805664,0.0508692637085914,0.8997597694396973,0.0898349657654762,0.8810234069824219,0.0658362731337547,0.8871055245399475,0.0658615380525589,0.8847760558128357,0.5122553706169128,0.4661519229412079,0.0529690794646739,0.8974125981330872,0.0999155938625335,0.8598735332489014
1653,1653,test,18706,0.28682342171669,0.7580528855323792,0.6210587620735168,0.4382049441337585,0.8301047086715698,0.2581683695316314,0.5008330345153809,0.5415315628051758,0.5015401840209961,0.6203985214233398,0.0747357904911041,0.8714199066162109,0.1620694100856781,0.8421533703804016,0.1387455612421035,0.844064474105835,0.1641101688146591,0.8410063982009888,0.9001810550689697,0.1800223439931869,0.075235866010189,0.8685588240623474,0.2723113894462585,0.7738200426101685
1654,1654,train,17307,0.11148002743721,0.8170174956321716,0.2924644649028778,0.674060046672821,0.2295525521039962,0.7188016772270203,0.1602495610713958,0.7593156099319458,0.2000925838947296,0.7571009397506714,0.0645539611577987,0.8697643280029297,0.1091730445623397,0.8521544337272644,0.0843284651637077,0.8568688631057739,0.0837121680378913,0.8532600998878479,0.3883678019046783,0.5950941443443298,0.0644180104136467,0.8639549016952515,0.1096233651041984,0.840084969997406
1655,1655,train,18048,0.0754729509353637,0.8698174953460693,0.3030961751937866,0.6847504377365112,0.0889610573649406,0.8469257354736328,0.1217996403574943,0.8003721833229065,0.1219062805175781,0.8312274813652039,0.04179447889328,0.9004358649253845,0.0587057657539844,0.8880404829978943,0.0484742932021617,0.8939383029937744,0.0523653551936149,0.8920916318893433,0.3749266862869262,0.6059686541557312,0.0426039434969425,0.8974735140800476,0.0706495866179466,0.8826172351837158
1656,1656,train,18258,0.1710396856069564,0.8052850961685181,0.3960234224796295,0.6112639307975769,0.6704632043838501,0.3718588054180145,0.1944469511508941,0.7186211943626404,0.2155208140611648,0.7598238587379456,0.0516330413520336,0.8895617127418518,0.1066765710711479,0.84055095911026,0.0923439636826515,0.8653212785720825,0.0911084488034248,0.8712644577026367,0.8123112320899963,0.2829660475254059,0.0547618195414543,0.8765935897827148,0.1487857699394226,0.8175427317619324
1657,1657,train,17203,0.0795414224267005,0.9108722805976868,0.2808556258678436,0.7475284934043884,0.1119725853204727,0.8914188742637634,0.1187934502959251,0.8585779666900635,0.1187660992145538,0.8900672793388367,0.0540990382432937,0.9262292981147766,0.0818726792931556,0.9171967506408693,0.0680558979511261,0.9225847125053406,0.0676847472786903,0.9249322414398192,0.1841042041778564,0.8366879820823669,0.0570643432438373,0.9254014492034912,0.0931906923651695,0.910041093826294
1658,1658,train,17645,0.0537958331406116,0.9131547212600708,0.2548761665821075,0.7487040162086487,0.1107838526368141,0.8732565641403198,0.0934093371033668,0.8691084980964661,0.0973850339651107,0.8990039825439453,0.0421693809330463,0.930568516254425,0.0643892809748649,0.9219663739204408,0.0463112518191337,0.9337021708488464,0.0496066212654113,0.9276256561279296,0.2086303830146789,0.7676421403884888,0.0420817993581295,0.932801365852356,0.0716045796871185,0.9165441393852234
1659,1659,train,17272,0.8170398473739624,0.2963777780532837,0.6690855622291565,0.3903364539146423,0.929954469203949,0.1487424969673156,0.7866358757019043,0.2987934947013855,0.8550737500190735,0.266370415687561,0.1771242767572403,0.6972787976264954,0.4590382277965545,0.5573127269744873,0.4734191298484802,0.5336785316467285,0.5610092878341675,0.4794679880142212,0.9192975759506226,0.1571327894926071,0.1573894619941711,0.7402790188789368,0.7684776186943054,0.3155922889709472
1660,1660,train,17893,0.1066301688551902,0.8796636462211609,0.1893002688884735,0.8072375655174255,0.288309246301651,0.722569465637207,0.1398346722126007,0.8277024030685425,0.1691948920488357,0.8469509482383728,0.0622043199837207,0.8996207118034363,0.1031504273414611,0.8785232901573181,0.0807184502482414,0.8898640871047974,0.0823198035359382,0.89620041847229,0.3319955766201019,0.6537708044052124,0.0627827569842338,0.8975322842597961,0.1031906306743621,0.8686404228210449
1661,1661,train,18132,0.0679300650954246,0.8919997215270996,0.3142912089824676,0.6718586683273315,0.0633491799235344,0.882968544960022,0.1072236597537994,0.8133386969566345,0.1253427416086197,0.8422206044197083,0.0464359074831008,0.9143113493919371,0.0686729922890663,0.8977290987968445,0.0524595975875854,0.907407820224762,0.0538408830761909,0.9079517722129822,0.1999025642871856,0.7386283278465271,0.0486417300999164,0.9104811549186708,0.0829391479492187,0.8883491158485413
1662,1662,train,17221,0.1332026571035385,0.7465749979019165,0.3078876435756683,0.6229631900787354,0.1156849712133407,0.7941832542419434,0.1968235820531845,0.7120002508163452,0.2559074163436889,0.6660735011100769,0.0932876095175743,0.7897903323173523,0.1132823154330253,0.7732725739479065,0.0949053168296814,0.7803106307983398,0.095907837152481,0.7750118970870972,0.2492422014474868,0.6683791279792786,0.1000346317887306,0.7787958383560181,0.1009581238031387,0.7643629312515259
1663,1663,train,18492,0.3236140310764313,0.6436322927474976,0.4999026358127594,0.5408449769020081,0.7292393445968628,0.3206780552864074,0.391261339187622,0.5978039503097534,0.4666733741760254,0.5658727884292603,0.1265247911214828,0.7900615930557251,0.2729586660861969,0.7018662095069885,0.2196888476610183,0.7110810875892639,0.2311964035034179,0.7214709520339966,0.7450168132781982,0.3332635164260864,0.1302157491445541,0.7869465351104736,0.3648881614208221,0.6153891682624817
1664,1664,train,17091,0.0355297848582267,0.929179549217224,0.1785469949245453,0.7747452259063721,0.0463225841522216,0.9331634044647216,0.0545593649148941,0.902580738067627,0.0570451132953166,0.9089787006378174,0.0298790708184242,0.9332314133644104,0.0383101999759674,0.931650698184967,0.0310858432203531,0.9347213506698608,0.0314279831945896,0.935979425907135,0.0701062902808189,0.9041509628295898,0.0305138155817985,0.934974491596222,0.0386202335357666,0.929699718952179
1665,1665,train,17013,0.9417245984077454,0.1230821385979652,0.6736371517181396,0.3611325025558471,0.9456062316894532,0.1098191440105438,0.836328387260437,0.2117921411991119,0.9327147603034972,0.1404387503862381,0.7396291494369507,0.2825648486614227,0.9080095291137696,0.144742801785469,0.9169312715530396,0.1324358135461807,0.9260733723640442,0.1410572826862335,0.926636517047882,0.1350487768650055,0.76542067527771,0.2681798636913299,0.9383288025856018,0.1190486550331115
1666,1666,test,17104,0.401284784078598,0.6247654557228088,0.5994200706481934,0.4486002624034881,0.889335036277771,0.2056458443403244,0.518112301826477,0.5279387831687927,0.6681075692176819,0.468508243560791,0.0925017595291137,0.8133716583251953,0.2246706932783126,0.7371423840522766,0.1651043444871902,0.7624912261962891,0.1908805519342422,0.7453745603561401,0.879365086555481,0.2106083482503891,0.089429460465908,0.8235805630683899,0.3265139162540436,0.6445056200027466
1667,1667,train,17380,0.272409439086914,0.7299515008926392,0.6150311827659607,0.4220576286315918,0.4138040840625763,0.5396812558174133,0.4871059954166412,0.5050739645957947,0.5168811082839966,0.5528947710990906,0.089082732796669,0.8578223586082458,0.1585222035646438,0.8128853440284729,0.1345758438110351,0.8215714693069458,0.1541830599308014,0.819616436958313,0.8738240003585815,0.1916929930448532,0.0858026668429374,0.8544608354568481,0.2619881927967071,0.7383769154548645
1668,1668,train,17961,0.1324055939912796,0.8003988265991211,0.4427953958511352,0.5683308243751526,0.3025982081890106,0.6531510353088379,0.2229867428541183,0.688599169254303,0.2300505191087722,0.7445218563079834,0.0516161136329174,0.8807307481765747,0.09989944845438,0.8578975200653076,0.0768253356218338,0.8627103567123413,0.0782472565770149,0.859310507774353,0.5365084409713745,0.4845971763134002,0.0561372749507427,0.8729604482650757,0.121760293841362,0.8281156420707703
1669,1669,train,18122,0.0640607550740242,0.901097536087036,0.2378328144550323,0.7568820118904114,0.0836373195052146,0.8886510133743286,0.0967020690441131,0.8647751808166504,0.0954893007874488,0.8851115703582764,0.0419516377151012,0.9269947409629822,0.0595671199262142,0.9203282594680786,0.0461092628538608,0.9225988984107972,0.0483626164495945,0.9210313558578492,0.2141195982694625,0.7702440619468689,0.0414168909192085,0.9254821538925172,0.0643726214766502,0.9098600149154664
1670,1670,train,18626,0.1092311739921569,0.7983914613723755,0.3045068681240082,0.6467782855033875,0.1488036215305328,0.7909957766532898,0.1588724851608276,0.7298402190208435,0.1769719123840332,0.7665138244628906,0.0704180225729942,0.8565689921379089,0.123511403799057,0.8262578845024109,0.0927839428186416,0.8400244116783142,0.0920967161655426,0.8369776010513306,0.3042593598365783,0.5969722867012024,0.0698409602046012,0.8529194593429565,0.1218010485172271,0.8106252551078796
1671,1671,train,17239,0.0679580271244049,0.849078357219696,0.2718624770641327,0.6930907964706421,0.0793332532048225,0.8519752621650696,0.1094148010015487,0.8017570972442627,0.1285323202610016,0.8074350953102112,0.0467877089977264,0.8719915747642517,0.0678707882761955,0.8601019382476807,0.0520506687462329,0.8673546314239502,0.0532208383083343,0.8709046840667725,0.159343808889389,0.7677019238471985,0.047394536435604,0.872205376625061,0.069076769053936,0.8571068048477173
1672,1672,test,18125,0.4381104111671448,0.5922923684120178,0.6129043698310852,0.4297389686107635,0.8676129579544067,0.2442320585250854,0.5748776793479919,0.4660773277282715,0.667813777923584,0.4567592442035675,0.1315752863883972,0.8149687647819519,0.2377882450819015,0.7462016940116882,0.222150519490242,0.7404596209526062,0.245775818824768,0.7349000573158264,0.8878015875816345,0.1780309528112411,0.1309165507555008,0.8054735064506531,0.365809291601181,0.6117792129516602
1673,1673,train,17044,0.0885533168911933,0.8821215629577637,0.2152251303195953,0.7400765419006348,0.0984248369932174,0.8835323452949524,0.1218286156654357,0.8248706459999084,0.1197053492069244,0.8633150458335876,0.0584889575839042,0.9112588763237,0.0961765944957733,0.9000763297080994,0.0751325860619545,0.9071218967437744,0.0718026012182235,0.9068776965141296,0.2170756757259369,0.7404709458351135,0.0623163618147373,0.9115036129951476,0.1011739298701286,0.8966046571731567
1674,1674,train,17806,0.7226048111915588,0.3407605290412903,0.6526990532875061,0.3895816802978515,0.9205968379974364,0.1444944888353347,0.7177774906158447,0.325849324464798,0.8005000352859497,0.2935204207897186,0.227908194065094,0.6485958099365234,0.4824610352516174,0.4960896372795105,0.5082417130470276,0.4772821068763733,0.5623416304588318,0.4695815145969391,0.9073864221572876,0.1646370589733123,0.2145522981882095,0.6784528493881226,0.7284646034240723,0.3303759694099426
1675,1675,test,18530,0.0728448927402496,0.8744385838508606,0.2686792314052582,0.7005183100700378,0.1185887977480888,0.8460706472396851,0.1202164515852928,0.8187708854675293,0.1363354474306106,0.8235354423522949,0.050986710935831,0.9003608226776123,0.07102882117033,0.8903851509094238,0.0545708835124969,0.8957058787345886,0.0599504187703132,0.8929761648178101,0.2002500593662262,0.758405864238739,0.0494132861495018,0.8961650729179382,0.0786081627011299,0.876545786857605
1676,1676,train,18009,0.1284643560647964,0.7588923573493958,0.3784464299678802,0.5831696391105652,0.281321108341217,0.6716341972351074,0.1616347283124923,0.7435578107833862,0.2088638991117477,0.7092065811157227,0.0753384158015251,0.8193329572677612,0.1086401715874672,0.785179615020752,0.081569880247116,0.8065288066864014,0.0914719328284263,0.7986541390419006,0.3551125526428222,0.6016758680343628,0.0734986960887909,0.8156529664993286,0.1227409020066261,0.7653793096542358
1677,1677,train,17782,0.1246550381183624,0.8382901549339294,0.3944077789783478,0.621605634689331,0.5894394516944885,0.4787877202033996,0.2362545728683471,0.7079194784164429,0.2100899517536163,0.7930724620819092,0.0541653223335742,0.8947678804397583,0.0942730531096458,0.8748782277107239,0.0701375976204872,0.8803663849830627,0.0846791714429855,0.8767978549003601,0.8181309103965759,0.2388195693492889,0.05543152987957,0.8927367329597473,0.1206771284341812,0.8425463438034058
1678,1678,train,18379,0.0689728781580925,0.909875214099884,0.1510409712791443,0.8186850547790527,0.1146194636821746,0.8939973711967468,0.0926403477787971,0.8723006248474121,0.0937809273600578,0.8960887789726257,0.0470669008791446,0.917107105255127,0.0812418162822723,0.9042104482650756,0.0595142915844917,0.918376922607422,0.0569451712071895,0.9188076257705688,0.1491791754961013,0.8661395311355591,0.0492002926766872,0.9183082580566406,0.074085421860218,0.907490372657776
1679,1679,train,18633,0.6461731195449829,0.4599106907844543,0.6764973998069763,0.3808809816837311,0.9125288724899292,0.1574651598930359,0.7411158084869385,0.335162341594696,0.8234938979148865,0.3007360994815826,0.1645142436027526,0.7666267156600952,0.3226837813854217,0.6476552486419678,0.3316871523857116,0.6546423435211182,0.3639543652534485,0.6458554267883301,0.9072462916374208,0.1667344868183136,0.1594131737947464,0.7712035775184631,0.581244945526123,0.4672142267227173
1680,1680,train,17842,0.5879588723182678,0.5358847975730896,0.6334147453308105,0.4480195939540863,0.8864254951477051,0.2037115097045898,0.6598374247550964,0.4305945038795471,0.7690955400466919,0.387133777141571,0.167948380112648,0.7760686874389648,0.3524312376976013,0.6676501035690308,0.3241805136203766,0.666150689125061,0.3860419690608978,0.671960711479187,0.90190327167511,0.1901180446147918,0.1746590882539749,0.7719812393188477,0.5760068893432617,0.521598756313324
1681,1681,train,18224,0.5357944369316101,0.5728596448898315,0.6360088586807251,0.4257910251617431,0.8932539820671082,0.1974373459815979,0.6389412879943848,0.4510163962841034,0.6609681248664856,0.506841778755188,0.1059747338294982,0.8238735795021057,0.2155403941869735,0.7578940391540527,0.21602463722229,0.7640572190284729,0.2424502223730087,0.7548602819442749,0.9106431603431702,0.1665481477975845,0.103586196899414,0.8215526342391968,0.4246109127998352,0.6217190623283386
1682,1682,train,18051,0.0834597572684288,0.8674299716949463,0.2561108767986297,0.7095350623130798,0.111271783709526,0.8236710429191589,0.1234388947486877,0.8069869875907898,0.1221781745553016,0.845426619052887,0.0467430464923381,0.8989713191986084,0.0770112201571464,0.8855059146881104,0.0566021688282489,0.8962802886962891,0.064993180334568,0.8953685164451599,0.2086211442947387,0.730830729007721,0.0476141273975372,0.8995944857597351,0.0891415476799011,0.8769277334213257
1683,1683,train,18366,0.2610812485218048,0.7730115056037903,0.342231810092926,0.7123016119003296,0.5570218563079834,0.480800986289978,0.3343402147293091,0.7368295192718506,0.3621779680252075,0.7319461703300476,0.1269052922725677,0.8353680968284607,0.2193655222654342,0.7794834971427917,0.1939638406038284,0.7973833680152893,0.1887737363576889,0.815173864364624,0.6050189137458801,0.5018978714942932,0.1288813799619674,0.8354334235191345,0.2587221562862396,0.7708663940429688
1684,1684,train,18430,0.8645221590995789,0.2318114191293716,0.6666389107704163,0.3767916858196258,0.937990128993988,0.1179532930254936,0.797126829624176,0.2487998604774475,0.8812099695205688,0.2222011536359787,0.3381001055240631,0.6334528923034668,0.6563950777053833,0.4501620531082153,0.6943827867507935,0.4102095365524292,0.753185510635376,0.3738227188587188,0.9219808578491212,0.1465744078159332,0.3114034831523895,0.6642500758171082,0.8404977321624756,0.2677762806415558
1685,1685,train,18158,0.4040333330631256,0.613460898399353,0.5917932391166687,0.4453939795494079,0.781335175037384,0.2472942918539047,0.5369951725006104,0.4532054364681244,0.5450593829154968,0.5040048956871033,0.0746263191103935,0.8423519134521484,0.180375725030899,0.783062219619751,0.1784196346998214,0.7663273215293884,0.1981627792119979,0.7635881304740906,0.8890878558158875,0.1783908754587173,0.0718857124447822,0.8418811559677124,0.3488391935825348,0.6554198265075684
1686,1686,train,17319,0.1003064438700676,0.7934056520462036,0.2042576670646667,0.7108824849128723,0.159498929977417,0.7437247037887573,0.1523230075836181,0.752596378326416,0.165605828166008,0.7589809894561768,0.0641273036599159,0.836484432220459,0.1029010191559791,0.8144037127494812,0.0780255272984504,0.8155267834663391,0.0736508220434188,0.8184261918067932,0.2735663950443268,0.6570482850074768,0.0653468817472457,0.8265504837036133,0.1024553626775741,0.8042361736297607
1687,1687,train,18670,0.0377381257712841,0.9207867980003356,0.1294078975915908,0.8360650539398193,0.0564506314694881,0.9164476990699768,0.0599665865302085,0.8912157416343689,0.0593080185353755,0.9070308804512024,0.0348402634263038,0.9250935912132264,0.0491965487599372,0.9155654907226562,0.0357279665768146,0.9211919903755188,0.0369016788899898,0.9219362735748292,0.093424454331398,0.8741092681884766,0.0357346199452877,0.9220699667930604,0.0494562052190303,0.9114584922790528
1688,1688,train,17833,0.0522876344621181,0.8969423174858093,0.184860810637474,0.7705832719802856,0.0786517933011055,0.9060087203979492,0.0842703804373741,0.8454948663711548,0.089896023273468,0.8708921074867249,0.0435908995568752,0.9164428114891052,0.0603579394519329,0.9030042886734008,0.0457604266703128,0.9148285388946532,0.047088336199522,0.916214406490326,0.131203293800354,0.8208064436912537,0.0437676683068275,0.9159765243530272,0.0674591660499572,0.90289968252182
1689,1689,train,17212,0.1310502588748932,0.7222582697868347,0.2820779085159302,0.6387144327163696,0.2648366689682007,0.659405529499054,0.172212615609169,0.6976079344749451,0.1825376898050308,0.7034462690353394,0.1123876497149467,0.76755690574646,0.1672442108392715,0.716019868850708,0.1316076815128326,0.7306888699531555,0.1322012841701507,0.7372106313705444,0.3248149156570434,0.5661652088165283,0.1128338724374771,0.7568169832229614,0.1759140193462371,0.6998167037963867
1690,1690,train,18378,0.214592769742012,0.7257677316665649,0.5542842149734497,0.4828400909900665,0.6870259046554565,0.3853769898414612,0.3359563052654266,0.6031607985496521,0.3918488621711731,0.6001711487770081,0.094206303358078,0.83182293176651,0.1814786046743393,0.7888736724853516,0.1355004012584686,0.796721339225769,0.1472837775945663,0.794630765914917,0.7360173463821411,0.3626230955123901,0.0888412296772003,0.8429766297340393,0.2422376424074173,0.7201958298683167
1691,1691,train,18601,0.081925630569458,0.8524957299232483,0.1885723322629928,0.7578543424606323,0.09436696767807,0.8458327651023865,0.1050376147031784,0.82054603099823,0.1175521537661552,0.8352929353713989,0.059964433312416,0.8846250176429749,0.0967801734805107,0.8605449795722961,0.0689608603715896,0.8697350025177002,0.071405254304409,0.8709427714347839,0.1558692306280136,0.7840193510055542,0.0600537396967411,0.8743471503257751,0.0959901437163353,0.8581768870353699
1692,1692,train,18144,0.2582102417945862,0.6795990467071533,0.458597868680954,0.5239357948303223,0.800547182559967,0.2480531483888626,0.3660383224487304,0.5890252590179443,0.444271445274353,0.596736490726471,0.0729299113154411,0.8333534002304077,0.1554091572761535,0.7819430232048035,0.1092065349221229,0.8096103668212891,0.1373373419046402,0.7844362258911133,0.8651071190834045,0.1987311691045761,0.0719906389713287,0.8449959754943848,0.2354270815849304,0.6931345462799072
1693,1693,train,17401,0.3272553086280823,0.7046187520027161,0.5543163418769836,0.4892688393592834,0.7759250998497009,0.3158420324325561,0.4417079389095306,0.580998420715332,0.4972509741783142,0.5997870564460754,0.1220504567027092,0.8439623117446899,0.2265224903821945,0.7939607501029968,0.1864831298589706,0.8054153919219971,0.1905701905488968,0.8058287501335144,0.8822045922279358,0.1880645006895065,0.1223226115107536,0.8349101543426514,0.285935491323471,0.7505733370780945
1694,1694,train,18534,0.0810330286622047,0.8449852466583252,0.2057071179151535,0.7618455290794373,0.2217686176300048,0.7548187971115112,0.1028192713856697,0.8228334784507751,0.1119800731539726,0.8411613702774048,0.0580724626779556,0.876171350479126,0.0871524289250373,0.841904878616333,0.0620769783854484,0.8546095490455627,0.0752748250961303,0.8628662824630737,0.2537400424480438,0.6944628953933716,0.0558481067419052,0.8678744435310364,0.0960238128900528,0.8349184989929199
1695,1695,train,17137,0.1561614573001861,0.7994807958602905,0.3367451131343841,0.6867075562477112,0.1523681581020355,0.7588438987731934,0.2115016281604766,0.7392469644546509,0.2344145774841308,0.7541611194610596,0.0678255409002304,0.8486787676811218,0.118265151977539,0.805472195148468,0.1042831018567085,0.8235018253326416,0.1055302694439888,0.829421877861023,0.5902561545372009,0.4658809602260589,0.0726535692811012,0.8448194861412048,0.1473574638366699,0.7734991312026978
1696,1696,train,17969,0.0542091429233551,0.9225909113883972,0.1167605966329574,0.8487252593040466,0.0984149202704429,0.8849247694015503,0.0687594711780548,0.8945395350456238,0.0676403641700744,0.9105741381645204,0.0415286719799041,0.923759698867798,0.0581224858760833,0.9194173812866212,0.0461723059415817,0.9199395775794984,0.0460049696266651,0.9236887693405152,0.1520193070173263,0.8360890746116638,0.0425802320241928,0.9230960607528688,0.0608233101665973,0.920116364955902
1697,1697,test,17540,0.1038500294089317,0.8637017011642456,0.192585289478302,0.7528526782989502,0.15782031416893,0.7999951243400574,0.1330198794603347,0.8065059781074524,0.1541912704706192,0.8334950804710388,0.0494952797889709,0.9013068675994872,0.0910474807024002,0.8874124884605408,0.075856439769268,0.8971932530403137,0.0756561681628227,0.8966576457023621,0.3808751106262207,0.6142641305923462,0.0521638579666614,0.9090381860733032,0.1011396348476409,0.8724306225776672
1698,1698,train,18262,0.1011671647429466,0.8882572054862976,0.2249885648488998,0.7866630554199219,0.1557823419570922,0.842111349105835,0.1331997364759445,0.8298870921134949,0.1737056672573089,0.8460055589675903,0.0601782836019992,0.9151750802993774,0.1182845532894134,0.8915756344795227,0.0965321362018585,0.9032325744628906,0.0848277881741523,0.906033217906952,0.2784415781497955,0.756221354007721,0.0569075047969818,0.9155016541481018,0.1222341656684875,0.8816200494766235
1699,1699,test,18248,0.1331537663936615,0.8439109325408936,0.5354975461959839,0.5462951064109802,0.7356840372085571,0.3644894063472748,0.2720128893852234,0.7179350256919861,0.3253391981124878,0.7153584957122803,0.0563488416373729,0.9023457765579224,0.0995655208826065,0.8840318322181702,0.0694132447242736,0.8992053270339966,0.0822720527648925,0.8901923298835754,0.8167336583137512,0.2682506740093231,0.057679496705532,0.9104192852973938,0.1328930854797363,0.8433950543403625
1700,1700,train,17668,0.9097447395324708,0.1488268226385116,0.6736821532249451,0.3790203928947449,0.9431118965148926,0.1119399964809417,0.8290486931800842,0.2130447924137115,0.9083186388015748,0.1595321595668792,0.6308056712150574,0.3078049719333648,0.8663289546966553,0.165203183889389,0.8826969265937805,0.139698639512062,0.899561882019043,0.1468921303749084,0.9230155348777772,0.1365382373332977,0.6468082666397095,0.3126137256622314,0.9162023067474364,0.1248354688286781
1701,1701,train,17892,0.1014263182878494,0.839992344379425,0.4878755211830139,0.5691913962364197,0.5208675265312195,0.5616872310638428,0.1727571040391922,0.7535680532455444,0.2072165757417678,0.7605041265487671,0.0598399117588996,0.883240818977356,0.1008049696683883,0.8548771142959595,0.0710419714450836,0.8738408088684082,0.0774441733956337,0.8706849217414856,0.5606993436813354,0.5141262412071228,0.0587749741971492,0.888670027256012,0.1269673854112625,0.8317466378211975
1702,1702,train,18247,0.0595661476254463,0.8841588497161865,0.2065551131963729,0.7346363663673401,0.1487228721380233,0.7878637909889221,0.1002206206321716,0.8180615901947021,0.1032224968075752,0.8653624653816223,0.033652376383543,0.9111173152923584,0.052219171077013,0.9030511975288392,0.0400880388915538,0.9082736372947692,0.0427925176918506,0.9115038514137268,0.3844004869461059,0.5887346267700195,0.0367549695074558,0.9051888585090636,0.0585493892431259,0.8944665789604187
1703,1703,train,18087,0.1378750056028366,0.7860870957374573,0.2626118063926697,0.6779639720916748,0.5292506814002991,0.4893861413002014,0.1709262281656265,0.7214117050170898,0.230728879570961,0.7451217174530029,0.0839067175984382,0.8466005325317383,0.129740759730339,0.805755078792572,0.1108627840876579,0.8095776438713074,0.1165037602186203,0.8144078254699707,0.5164475440979004,0.4617277681827545,0.082995094358921,0.8360415101051331,0.1613799333572387,0.7674084901809692
1704,1704,train,17753,0.3334774672985077,0.6906588673591614,0.4719631969928741,0.5581162571907043,0.4329444468021393,0.596191942691803,0.3660101294517517,0.6225597858428955,0.4325215220451355,0.6346475481987,0.145072266459465,0.8269500136375427,0.2508984506130218,0.7726987600326538,0.2470683753490448,0.7807453274726868,0.2342915087938308,0.7901330590248108,0.6305241584777832,0.4349097013473511,0.1482532173395156,0.8289980292320251,0.3029240667819977,0.7341617345809937
1705,1705,test,17617,0.0851992219686508,0.8758121728897095,0.4462924301624298,0.5973474979400635,0.1899154335260391,0.7890241146087646,0.1621647626161575,0.7850368618965149,0.1403687745332718,0.834754228591919,0.0517724305391311,0.9059208631515504,0.0864146128296852,0.8905051350593567,0.0651580393314361,0.8972181081771851,0.0694955810904502,0.8981398940086365,0.4231721758842468,0.6342374086380005,0.0538742616772651,0.9004268646240234,0.0965180397033691,0.8777790665626526
1706,1706,train,17947,0.1474031656980514,0.7755305767059326,0.4789493978023529,0.5437936186790466,0.3496506214141845,0.6211602091789246,0.2723113894462585,0.6596775650978088,0.3116786181926727,0.6734328269958496,0.0673699826002121,0.8402550220489502,0.1214589178562164,0.815829336643219,0.0829741209745407,0.8233019709587097,0.0946611538529396,0.8189526200294495,0.6547943949699402,0.4216089844703674,0.0660242512822151,0.8329817652702332,0.1495033800601959,0.7805964350700378
1707,1707,train,17735,0.1190741583704948,0.7830312848091125,0.5862541198730469,0.4648644924163818,0.0816096290946006,0.8300337791442871,0.1844741404056549,0.7175358533859253,0.3039267659187317,0.6540160179138184,0.0583570264279842,0.8624985814094543,0.1035151034593582,0.8348662257194519,0.0697619318962097,0.8441406488418579,0.0790938436985015,0.8406031727790833,0.3142383992671966,0.6368703842163086,0.0566573962569236,0.8635424971580505,0.1322805881500244,0.7858827710151672
1708,1708,train,17551,0.0670078545808792,0.8925517201423645,0.2602497935295105,0.7256160378456116,0.0753500387072563,0.8960180878639221,0.1003434136509895,0.8465343117713928,0.1073113828897476,0.866979718208313,0.0359007529914379,0.9272959232330322,0.0615214258432388,0.9150612354278564,0.0441630072891712,0.9185399413108826,0.0485906265676021,0.9173539876937866,0.1855366080999374,0.7466305494308472,0.0367879495024681,0.9242252707481384,0.0686825066804885,0.8998197317123413
1709,1709,test,17406,0.9069454669952391,0.1755006164312362,0.666672945022583,0.3678432404994964,0.9440051317214966,0.1119794845581054,0.8297417759895325,0.2236969321966171,0.9076165556907654,0.1847580969333648,0.529109537601471,0.4663982987403869,0.847217321395874,0.2504809200763702,0.8609301447868347,0.2233442664146423,0.8790711760520935,0.2190154045820236,0.9250853061676024,0.1361927092075348,0.5195209980010986,0.4912148118019104,0.904680073261261,0.1815194189548492
1710,1710,train,18374,0.4383580088615417,0.4911986589431762,0.5281431674957275,0.4294140040874481,0.7484382390975952,0.2313033640384674,0.4461057484149933,0.4429304897785187,0.5127786993980408,0.4493704736232757,0.1353630125522613,0.659231424331665,0.2644084990024566,0.579511284828186,0.2334926426410675,0.5826067328453064,0.2594525218009949,0.5850903987884521,0.8280729055404663,0.217457965016365,0.1432095617055893,0.6551569104194641,0.3375881612300873,0.5183688402175903
1711,1711,train,18442,0.1631546467542648,0.7525066137313843,0.4947198927402496,0.5317185521125793,0.7174826860427856,0.3634052276611328,0.244878813624382,0.6419811844825745,0.3224587440490722,0.6217607259750366,0.0700321868062019,0.8433430194854736,0.1277084350585937,0.7908554673194885,0.0945595279335975,0.8090864419937134,0.1074537336826324,0.8083649277687073,0.7280680537223816,0.3366327881813049,0.0764891877770423,0.8431355953216553,0.1620021611452102,0.7264122366905212
1712,1712,train,17946,0.1133734434843063,0.8275519013404846,0.2582032978534698,0.7013825178146362,0.1339734494686126,0.7770523428916931,0.1540477126836776,0.7553470730781555,0.1763893812894821,0.7974948883056641,0.0521469451487064,0.8875887393951416,0.0901988670229911,0.8548802137374878,0.0770347118377685,0.8631063103675842,0.0774500295519828,0.8714136481285095,0.2228901535272598,0.7027204036712646,0.0547184571623802,0.8817222118377686,0.1200780272483825,0.8289187550544739
1713,1713,train,17034,0.8051685094833374,0.3083962202072143,0.6558530926704407,0.3845149874687195,0.9325217008590698,0.1299906373023986,0.7736969590187073,0.2730903327465057,0.8531125783920288,0.2535896897315979,0.261342704296112,0.6745567321777344,0.666829526424408,0.4505099952220917,0.678230345249176,0.4261572360992431,0.6866787075996399,0.4451386332511902,0.9186038970947266,0.1536215543746948,0.2651245594024658,0.6951541304588318,0.7831530570983887,0.3390572965145111
1714,1714,train,17495,0.0502660125494003,0.919016182422638,0.1642359644174575,0.7977601289749146,0.0877645537257194,0.8958648443222046,0.0776145309209823,0.8712121248245239,0.0693973675370216,0.9004144072532654,0.0423112548887729,0.9255189895629884,0.0639386624097824,0.9166264533996582,0.0462942384183406,0.9244565963745116,0.0454263091087341,0.9272930026054382,0.1067557409405708,0.8664488792419434,0.0429032333195209,0.9268178343772888,0.062997318804264,0.912484645843506
1715,1715,train,17144,0.0788486152887344,0.8453890681266785,0.1843691319227218,0.7397000789642334,0.1112955808639526,0.813372790813446,0.1131994500756263,0.7931244969367981,0.1213690191507339,0.8119195103645325,0.0565228872001171,0.8702275156974792,0.0779182612895965,0.8584380149841309,0.0626578703522682,0.8594059944152832,0.0645085349678993,0.8625061511993408,0.1784335970878601,0.7344819903373718,0.0553482361137867,0.8625941276550293,0.0842412784695625,0.8498755097389221
1716,1716,test,18388,0.808420717716217,0.2956656813621521,0.6528135538101196,0.3980346918106079,0.9353431463241576,0.1364315301179886,0.760676383972168,0.3145371973514557,0.8476744294166565,0.2833555340766907,0.2321752309799194,0.6486682295799255,0.510141909122467,0.4953929185867309,0.5308021306991577,0.4739494323730469,0.5608043670654297,0.4707047939300537,0.9156830310821532,0.1628856211900711,0.2100718021392822,0.6772153973579407,0.7298418879508972,0.3304347991943359
1717,1717,train,17878,0.1353265047073364,0.8623781800270081,0.4298917353153229,0.6378033757209778,0.628587007522583,0.4668486416339874,0.1948735862970352,0.7796615362167358,0.2359916418790817,0.8158999681472778,0.0479195155203342,0.9083728790283204,0.0890375152230262,0.8978097438812256,0.0671101063489914,0.9012006521224976,0.0791707560420036,0.899534285068512,0.7990800142288208,0.3274539709091186,0.049065314233303,0.9083150029182434,0.1267688423395156,0.8693093061447144
1718,1718,train,17432,0.0750489309430122,0.874308705329895,0.3464765846729278,0.6686420440673828,0.1456754356622696,0.8429468274116516,0.1092559024691581,0.8414828777313232,0.1365253925323486,0.8370030522346497,0.0424983613193035,0.8916267156600952,0.0723832696676254,0.8729085922241211,0.0519689098000526,0.8861047029495239,0.0541295744478702,0.8894564509391785,0.1700782626867294,0.8133854269981384,0.0433679558336734,0.8913015723228455,0.0795289352536201,0.8712681531906128
1719,1719,train,18460,0.447621613740921,0.5348778963088989,0.5460628271102905,0.4804283678531647,0.8628213405609131,0.1950554251670837,0.4616837501525879,0.5004988312721252,0.5340622067451477,0.5034141540527344,0.160073697566986,0.734464704990387,0.3716849982738495,0.5795425772666931,0.3206326961517334,0.5788196325302124,0.313007116317749,0.6187227964401245,0.8561393022537231,0.2135407775640487,0.149633377790451,0.7327814102172852,0.4090541005134582,0.5229170918464661
1720,1720,train,18037,0.0516268089413642,0.8941931128501892,0.1161343902349472,0.82772296667099,0.1001529619097709,0.8198423981666565,0.0589934773743152,0.866599440574646,0.066403791308403,0.8855350613594055,0.0454099029302597,0.8978101015090942,0.0658996850252151,0.8785223960876465,0.0475596785545349,0.8912492394447327,0.0511570312082767,0.8914880156517029,0.1463297307491302,0.7997094988822937,0.0433911457657814,0.895719051361084,0.0690285041928291,0.8743742108345032
1721,1721,train,18428,0.1181364804506301,0.8721380233764648,0.1711974143981933,0.8223598003387451,0.2024959325790405,0.8143064379692078,0.1473836302757263,0.8433932065963745,0.1506173014640808,0.8624407649040222,0.0647654309868812,0.9048203825950624,0.1061125844717025,0.8808431029319763,0.0892602503299713,0.8911160230636597,0.0887749940156936,0.8945274353027344,0.2489378154277801,0.7771050930023193,0.0682054236531257,0.9017586708068848,0.1235189661383628,0.870843768119812
1722,1722,test,16991,0.8770555257797241,0.205846682190895,0.6634918451309204,0.3807566463947296,0.9305201768875122,0.1259554922580719,0.813412070274353,0.2342718541622162,0.9002310037612915,0.1877518445253372,0.2414606660604477,0.6170536279678345,0.5481878519058228,0.4582387804985046,0.6072163581848145,0.4023392796516418,0.7266499996185303,0.3595966398715973,0.9242537021636964,0.1408197581768036,0.2113398164510727,0.6491496562957764,0.8347729444503784,0.2466066926717758
1723,1723,test,17463,0.1050106287002563,0.8722955584526062,0.3757833838462829,0.6647663712501526,0.1598246395587921,0.8351626992225647,0.1651843637228012,0.7898098826408386,0.161069244146347,0.838959276676178,0.0646653175354003,0.9047886729240416,0.0930678471922874,0.8831363916397095,0.0782129913568496,0.8956661820411682,0.0803680419921875,0.8960776925086975,0.4955205619335174,0.5162444710731506,0.0712573528289794,0.9004615545272827,0.1038988307118415,0.8681074976921082
1724,1724,test,17909,0.3830097019672394,0.6591233015060425,0.5617584586143494,0.485858142375946,0.7799128293991089,0.2857309281826019,0.4487948715686798,0.5584789514541626,0.5545744895935059,0.5701125264167786,0.0925773456692695,0.8370023965835571,0.1924455761909485,0.7914232015609741,0.1900341659784317,0.7881908416748047,0.1998951733112335,0.797042965888977,0.8673820495605469,0.223698690533638,0.09256412088871,0.840947687625885,0.3230615556240082,0.7135787606239319
1725,1725,train,17199,0.0536778233945369,0.9298625588417052,0.0994040891528129,0.8897238969802856,0.0553789138793945,0.9054688215255736,0.0598995573818683,0.9141861796379088,0.0633297637104988,0.9275722503662108,0.0403806157410144,0.9328743815422058,0.055261418223381,0.9261959791183472,0.0457339435815811,0.9305689334869384,0.0447746291756629,0.932744026184082,0.091470330953598,0.8870993852615356,0.0422659404575824,0.9312474131584167,0.0612085685133934,0.9274874329566956
1726,1726,train,17524,0.1737220138311386,0.7524563670158386,0.4845150709152221,0.5019022226333618,0.5101465582847595,0.4907017946243286,0.262144923210144,0.6617282032966614,0.2943681180477142,0.679880678653717,0.0642616227269172,0.8535879254341125,0.1234302595257759,0.8196895718574524,0.0967808365821838,0.8352659940719604,0.1018226444721221,0.8289588689804077,0.7914747595787048,0.2779058814048767,0.0616923160851001,0.8558101058006287,0.1530590504407882,0.7901324033737183
1727,1727,train,18102,0.8969453573226929,0.1690699160099029,0.677682638168335,0.3682748079299927,0.937508761882782,0.1152876019477844,0.7721648216247559,0.2389268726110458,0.9006640911102295,0.1834519356489181,0.4487604796886444,0.5041128396987915,0.7756001949310303,0.2844870686531067,0.7820505499839783,0.2610124051570892,0.8326579928398132,0.2404295951128006,0.9215932488441468,0.1463751792907714,0.433784544467926,0.5278780460357666,0.8856871724128723,0.1716583520174026
1728,1728,train,17584,0.2589728236198425,0.711539626121521,0.6138922572135925,0.4170680940151214,0.882796049118042,0.2016351521015167,0.5434250235557556,0.4523716866970062,0.5637972354888916,0.5006593465805054,0.082275778055191,0.8416048288345337,0.1407618373632431,0.7824506759643555,0.125558853149414,0.8007476925849915,0.1420337110757827,0.7982281446456909,0.8900834918022156,0.1812065690755844,0.0781668573617935,0.84416264295578,0.2381440848112106,0.7130692601203918
1729,1729,train,18746,0.5035671591758728,0.6037988662719727,0.6305742263793945,0.4278964698314667,0.9003331065177917,0.1716500073671341,0.6158704161643982,0.4588236808776855,0.6907669901847839,0.4730101525783539,0.1186242401599884,0.822279155254364,0.2610467970371246,0.75160813331604,0.2515192925930023,0.7377481460571289,0.2616117596626282,0.7590646147727966,0.8879594802856445,0.1872673779726028,0.1121224015951156,0.8241442441940308,0.4000520408153534,0.6571588516235352
1730,1730,train,17787,0.7398764491081238,0.3792272210121155,0.6230389475822449,0.425696313381195,0.9213257431983948,0.163137748837471,0.7239310145378113,0.3482285737991333,0.7869828939437866,0.34849414229393,0.1967956274747848,0.7183032035827637,0.4500687420368194,0.5667406320571899,0.4349567890167236,0.5703237056732178,0.4880650341510772,0.5657694935798645,0.9122278094291688,0.1664222627878189,0.1884078681468963,0.7317753434181213,0.6165669560432434,0.4308909773826599
1731,1731,train,18685,0.0925162434577941,0.8068792819976807,0.2617061734199524,0.6786751747131348,0.1019511073827743,0.8266415596008301,0.1422359049320221,0.7565258145332336,0.1539971977472305,0.7642359137535095,0.0652219951152801,0.8458182215690613,0.0982087701559066,0.8140475153923035,0.0710986033082008,0.8367038369178772,0.0759120881557464,0.8299200534820557,0.2185322344303131,0.7053323984146118,0.0641896426677703,0.8403658866882324,0.0985575541853904,0.8105431795120239
1732,1732,train,18653,0.120586022734642,0.8179875612258911,0.3116188943386078,0.6328219175338745,0.268865704536438,0.6754853129386902,0.1686674803495407,0.7482261061668396,0.1794946640729904,0.7831841111183167,0.0638531222939491,0.8466954231262207,0.1115802675485611,0.8238903284072876,0.0815212577581405,0.8366051316261292,0.0887569263577461,0.8415085077285767,0.4003916978836059,0.5483935475349426,0.064576968550682,0.847882866859436,0.1132300347089767,0.8101114630699158
1733,1733,train,18497,0.0624596215784549,0.9189882278442384,0.1376414000988006,0.8418949842453003,0.1798642873764038,0.8120301365852356,0.0921247005462646,0.8775339722633362,0.0903971418738365,0.904610812664032,0.0440258234739303,0.9311277270317078,0.0686135739088058,0.9238176345825196,0.0524605810642242,0.9278126955032348,0.0544133521616458,0.929512858390808,0.2881122827529907,0.7324963808059692,0.0435606874525547,0.9314394593238832,0.0781941935420036,0.9163567423820496
1734,1734,train,18634,0.0784197151660919,0.9066755771636964,0.169238269329071,0.811457633972168,0.1982811540365219,0.7947638034820557,0.1129560992121696,0.8600121736526489,0.1185596883296966,0.8851025104522705,0.0592262968420982,0.922703981399536,0.0974579527974128,0.9120466113090516,0.0729822218418121,0.916295289993286,0.0699755474925041,0.9201699495315552,0.235725849866867,0.7762159109115601,0.0579754821956157,0.9235015511512756,0.0939350724220275,0.9082387089729308
1735,1735,train,17168,0.7432416081428528,0.2851071953773498,0.6219139695167542,0.4095632135868072,0.9138032793998718,0.1392806768417358,0.6881980895996094,0.3080913722515106,0.7926140427589417,0.2642634212970733,0.2253333181142807,0.5984225273132324,0.5394755005836487,0.4120353460311889,0.5072585344314575,0.3720915019512176,0.5635215044021606,0.3825884759426117,0.90500408411026,0.1552425175905227,0.2051759362220764,0.6042792201042175,0.7284770011901855,0.2553775310516357
1736,1736,train,17460,0.6064749956130981,0.447954922914505,0.6331238746643066,0.4149201214313507,0.908803403377533,0.1748464852571487,0.6361401677131653,0.3987607955932617,0.7399247288703918,0.37360280752182,0.1573126465082168,0.7191720604896545,0.3828203380107879,0.618980884552002,0.3323489129543304,0.6141968369483948,0.395432710647583,0.5681447386741638,0.8959676027297974,0.1927839070558548,0.1545911878347396,0.7289053797721863,0.5905348062515259,0.4389793276786804
1737,1737,train,17047,0.0842684730887413,0.8884989023208618,0.1603786796331405,0.8193134665489197,0.1035682186484336,0.8730799555778503,0.1149926856160163,0.8465304374694824,0.1085042804479599,0.8698522448539734,0.0591939873993396,0.8921374678611755,0.0821236968040466,0.8808667063713074,0.0694464296102523,0.8877072334289551,0.068970501422882,0.8948725461959839,0.1515082418918609,0.8316258788108826,0.0628276616334915,0.890396237373352,0.0855162963271141,0.8874464631080627
1738,1738,train,17852,0.3177592754364013,0.5501976609230042,0.516185998916626,0.4587723314762115,0.8181791305541992,0.2153983563184738,0.4261739253997803,0.4740521609783172,0.5028730034828186,0.4606826901435852,0.1009154766798019,0.7688260674476624,0.1967909187078476,0.6905542016029358,0.1678557693958282,0.6921479105949402,0.1733611822128296,0.6873813271522522,0.8197723031044006,0.224860742688179,0.0991884693503379,0.7800010442733765,0.2827026546001434,0.5713186860084534
1739,1739,train,17798,0.044234499335289,0.9312076568603516,0.1866637468338012,0.7885779142379761,0.0565076880156993,0.9253818988800048,0.0637499094009399,0.9009711146354676,0.0669208467006683,0.9116575717926024,0.0317972004413604,0.9367477297782898,0.0461539961397647,0.9339966773986816,0.0382108837366104,0.9388427734375,0.0386792421340942,0.9393567442893982,0.0832435116171836,0.8966904282569885,0.0342531092464923,0.9369521141052246,0.0533747225999832,0.9311974048614502
1740,1740,train,17451,0.1208796650171279,0.7767540812492371,0.3540222346782684,0.6146739721298218,0.1167909502983093,0.8308154940605164,0.1833562105894088,0.7297109365463257,0.2397398948669433,0.7108835577964783,0.0836605206131935,0.8451786041259766,0.1195335760712623,0.8160226941108704,0.0953458100557327,0.8363149762153625,0.0951952934265136,0.8307580947875977,0.2277176976203918,0.7238631248474121,0.0814017280936241,0.837788999080658,0.1251870095729828,0.8041492700576782
1741,1741,train,17575,0.0390386767685413,0.927341639995575,0.1409645676612854,0.8249248266220093,0.0526739507913589,0.9272918105125428,0.0567901022732257,0.8902869820594788,0.0600375235080719,0.9124273657798768,0.0348226800560951,0.9315750598907472,0.046280812472105,0.9203505516052246,0.0372082069516181,0.9260395765304564,0.0372630283236503,0.9292379021644592,0.0823810249567031,0.8801066279411316,0.0349306017160415,0.928817629814148,0.0517972931265831,0.9154400825500488
1742,1742,test,17299,0.506305456161499,0.4745825827121734,0.5654411315917969,0.4835841059684753,0.6923555135726929,0.3316780924797058,0.4816126525402069,0.4433680772781372,0.5182318091392517,0.4877954721450805,0.1104762107133865,0.7609573602676392,0.2769586443901062,0.6550094485282898,0.2604624927043915,0.6317818760871887,0.2682565152645111,0.6467475891113281,0.8176601529121399,0.2210762202739715,0.1156658679246902,0.7682832479476929,0.4068279564380646,0.5368796586990356
1743,1743,train,17429,0.1906097680330276,0.8159211874008179,0.5509909987449646,0.5244457125663757,0.764801561832428,0.3877765238285064,0.3348149061203003,0.6851556897163391,0.3450733125209808,0.7347348928451538,0.0764658376574516,0.8903782367706299,0.1326043456792831,0.866978108882904,0.1066100448369979,0.8759440779685974,0.1126217320561409,0.8705567121505737,0.8448348641395569,0.2522449791431427,0.0739057660102844,0.8983870148658752,0.1800509691238403,0.8404140472412109
1744,1744,test,17613,0.9270309805870056,0.1711498200893402,0.6775668859481812,0.36789271235466,0.9388849139213562,0.1254562884569168,0.8464587926864624,0.2135389596223831,0.922289252281189,0.1721037179231643,0.651223361492157,0.34752157330513,0.8880816698074341,0.1956031918525695,0.8907507061958313,0.1789912730455398,0.9092196822166444,0.1819366365671157,0.9269471764564514,0.1355819702148437,0.6744433045387268,0.3493233621120453,0.9231061339378356,0.1575362831354141
1745,1745,train,17182,0.0633050426840782,0.8782363533973694,0.253965675830841,0.7115551829338074,0.1127145737409591,0.8264997005462646,0.0859114006161689,0.8311349749565125,0.0922278314828872,0.8502479791641235,0.0375063978135585,0.9106040000915528,0.0609084367752075,0.8981757164001465,0.0469225496053695,0.9013603925704956,0.0516317896544933,0.9001603722572327,0.2749097347259521,0.6850004196166992,0.0383069403469562,0.9093636870384216,0.072327934205532,0.8820379972457886
1746,1746,train,17113,0.1078925654292106,0.7895292043685913,0.2404585480690002,0.6595197916030884,0.1266502887010574,0.7487586140632629,0.1304264962673187,0.7529788613319397,0.1572300642728805,0.7560017704963684,0.0549263954162597,0.8709763884544373,0.099896103143692,0.8234818577766418,0.0771642550826072,0.8444972038269043,0.0808053910732269,0.8428047895431519,0.2555844485759735,0.6376051902770996,0.0601127743721008,0.8690619468688965,0.1179521158337593,0.7818266153335571
1747,1747,test,17926,0.3522064983844757,0.700468122959137,0.5281992554664612,0.5157883167266846,0.3178808391094208,0.6950917840003967,0.3871563971042633,0.6375060677528381,0.4574221968650818,0.6410593390464783,0.0976957231760025,0.8477261662483215,0.2134090811014175,0.7998369932174683,0.1970885992050171,0.8016240000724792,0.1963294446468353,0.8004764318466187,0.8494479060173035,0.2354533672332763,0.0964618921279907,0.8532403707504272,0.2997324168682098,0.7117476463317871
1748,1748,train,18748,0.8892678022384644,0.2066216021776199,0.669092059135437,0.3782494366168976,0.9391361474990844,0.1240854933857917,0.8278825879096985,0.2452504783868789,0.9003511071205139,0.2103453874588012,0.3895084857940674,0.5797964930534363,0.6616517305374146,0.4372861087322235,0.6980758905410767,0.3949571251869201,0.7789650559425354,0.3504576385021209,0.922831654548645,0.1411321014165878,0.3427121043205261,0.6316429972648621,0.8600801229476929,0.2368348538875579
1749,1749,test,17911,0.0750562474131584,0.8590421676635742,0.2193188220262527,0.7200846672058105,0.1096757650375366,0.8440559506416321,0.1126748919486999,0.8076233863830566,0.1113367527723312,0.8284557461738586,0.0509355627000331,0.8831160664558411,0.07241952419281,0.8705379962921143,0.0611483603715896,0.880632758140564,0.0605481266975402,0.8808400630950928,0.1351750046014785,0.8093504309654236,0.05322802439332,0.883989691734314,0.0812856703996658,0.8623471856117249
1750,1750,train,17083,0.2919351756572723,0.7376837134361267,0.5448386073112488,0.5201629996299744,0.6971119046211243,0.4095849990844726,0.3823221921920776,0.6378255486488342,0.4596651792526245,0.6271047592163086,0.0777804628014564,0.8702441453933716,0.1473946124315261,0.8311205506324768,0.1358853727579116,0.8309298157691956,0.1395939886569976,0.8297531008720398,0.7928237318992615,0.3183639347553253,0.0783305987715721,0.8649296164512634,0.2551632821559906,0.750908374786377
1751,1751,train,16999,0.1331487149000167,0.8629204630851746,0.3392543494701385,0.6956844925880432,0.162644550204277,0.7953410148620605,0.1839747875928878,0.7752001881599426,0.2103787511587143,0.825671911239624,0.0501928105950355,0.91361266374588,0.0853994935750961,0.8963575959205627,0.0680136010050773,0.9021034836769104,0.0766843631863594,0.9010027647018432,0.4890389442443847,0.5359827280044556,0.0533777587115764,0.9105504155158995,0.1104403287172317,0.8735510110855103
1752,1752,train,18554,0.1200884133577346,0.8521060347557068,0.3071061074733734,0.7002967000007629,0.29752978682518,0.7162553071975708,0.1926960945129394,0.7919221520423889,0.1958409398794174,0.8092987537384033,0.0831220671534538,0.8873633742332458,0.1368392258882522,0.8680260181427002,0.0998310819268226,0.8774970173835754,0.0982021391391754,0.8747677206993103,0.3918684720993042,0.6329433917999268,0.0818783193826675,0.8897638320922852,0.1409317106008529,0.8445904850959778
1753,1753,train,17014,0.1214381977915763,0.8473263382911682,0.4240434765815735,0.6352755427360535,0.1668858379125595,0.8113553524017334,0.1979818046092987,0.7863641381263733,0.2024986296892166,0.8167373538017273,0.0562328025698661,0.9026960134506226,0.0991885736584663,0.8744028210639954,0.0746689662337303,0.8863740563392639,0.0847343504428863,0.8858807682991028,0.6389781832695007,0.4463369250297546,0.0559823401272296,0.9028253555297852,0.13275246322155,0.8446393013000488
1754,1754,train,17588,0.5167118310928345,0.5697383880615234,0.5901836156845093,0.459578275680542,0.873480498790741,0.22199347615242,0.5757856965065002,0.4761199057102203,0.6758188605308533,0.4850561022758484,0.1143167167901992,0.8005840182304382,0.2562915682792663,0.7282218337059021,0.2445679455995559,0.7334116697311401,0.2749506533145904,0.7375910878181458,0.8792473673820496,0.2073395997285843,0.121942400932312,0.7966662645339966,0.3617568016052246,0.659796953201294
1755,1755,test,18014,0.0809353590011596,0.8964056372642517,0.1612705141305923,0.7993845343589783,0.1797011792659759,0.8185661435127258,0.1124285385012626,0.8407606482505798,0.110108882188797,0.8722477555274963,0.0590186305344104,0.902775764465332,0.0850780606269836,0.8980357050895691,0.0712188854813575,0.9016872048377992,0.0653863251209259,0.9092098474502563,0.198886901140213,0.778680682182312,0.0589333698153495,0.9044870138168336,0.0839400142431259,0.8974949717521667
1756,1756,test,18533,0.0946073457598686,0.847459614276886,0.196570873260498,0.7167336344718933,0.1796161085367202,0.742159366607666,0.1128181889653205,0.7959160208702087,0.1399991661310196,0.8198171257972717,0.0582379214465618,0.8623436093330383,0.0984029024839401,0.8453852534294128,0.0770106762647628,0.8452063798904419,0.0821274742484092,0.845360279083252,0.2763819992542267,0.6653439402580261,0.0611898973584175,0.8590478897094727,0.1074410006403923,0.8340803384780884
1757,1757,train,18240,0.1600226312875747,0.8087767362594604,0.5334402918815613,0.540328323841095,0.4934716820716858,0.5471529960632324,0.338283896446228,0.6610232591629028,0.3763985633850097,0.6753784418106079,0.0678599029779434,0.891231119632721,0.1133456230163574,0.863138735294342,0.0891171544790268,0.8748084306716919,0.0986856967210769,0.8696733117103577,0.8079426288604736,0.2932300567626953,0.0680204480886459,0.8945127129554749,0.1630544513463974,0.8229576349258423
1758,1758,train,17642,0.1171901151537895,0.838575541973114,0.5068227648735046,0.5139294862747192,0.1690273433923721,0.8223578333854675,0.1793898195028305,0.7359045743942261,0.2579564750194549,0.6956357359886169,0.0609894357621669,0.8876933455467224,0.0862678736448288,0.878061056137085,0.0683794319629669,0.885739803314209,0.0725885406136512,0.8823574185371399,0.3483102023601532,0.6352288126945496,0.0632776916027069,0.8872250318527222,0.1038135588169097,0.8523394465446472
1759,1759,train,18414,0.2996695041656494,0.7387506365776062,0.4520409107208252,0.5983606576919556,0.7424296140670776,0.3441230952739715,0.3931516706943512,0.6550809144973755,0.3854167461395263,0.6851956844329834,0.1363335847854614,0.8082936406135559,0.2648475170135498,0.7495625615119934,0.2695486545562744,0.7401179671287537,0.2478033751249313,0.7625018358230591,0.6754313111305237,0.4490951001644134,0.1528185606002807,0.8040529489517212,0.3359088897705078,0.7151223421096802
1760,1760,test,17602,0.1218243315815925,0.7819721698760986,0.4371650516986847,0.5597835183143616,0.1046371310949325,0.8213371634483337,0.1958337575197219,0.6988236308097839,0.2684346735477447,0.6756997108459473,0.064784787595272,0.8557299971580505,0.116021029651165,0.8249735832214355,0.0814228355884552,0.8397063612937927,0.0851882249116897,0.8335293531417847,0.2742855846881866,0.6383476257324219,0.0644053965806961,0.8459374308586121,0.1268121153116226,0.7937097549438477
1761,1761,train,17268,0.7950818538665771,0.3157288432121277,0.6415534019470215,0.4105282723903656,0.9245592355728148,0.1398486942052841,0.7129672169685364,0.331820011138916,0.797059178352356,0.3323011994361877,0.2858520448207855,0.6620756983757019,0.5583685636520386,0.5352776050567627,0.5099568963050842,0.5271729826927185,0.6131322383880615,0.4632784128189087,0.9082233905792236,0.1638516038656234,0.2563347220420837,0.6880393624305725,0.6980826258659363,0.3957891166210174
1762,1762,train,17085,0.4136162102222442,0.5867869853973389,0.5408792495727539,0.4882926642894745,0.8201436400413513,0.2514880001544952,0.4785819351673126,0.4905233085155487,0.5437845587730408,0.5226494073867798,0.1370104551315307,0.7778496742248535,0.2725563049316406,0.7154308557510376,0.2499181926250457,0.708234965801239,0.2634576857089996,0.7078497409820557,0.8765650391578674,0.19842429459095,0.1420972794294357,0.7775295972824097,0.3575327098369598,0.6308267712593079
1763,1763,train,18625,0.085947573184967,0.8652900457382202,0.3752022683620453,0.6223167181015015,0.0839721783995628,0.8879039883613586,0.1403698474168777,0.8044919967651367,0.1820839345455169,0.7873324751853943,0.0473688207566738,0.9094367027282716,0.0655363872647285,0.9019820690155028,0.053476195782423,0.9050788879394532,0.0539285577833652,0.9045506119728088,0.1983181089162826,0.7652198672294617,0.0469965152442455,0.9090315699577332,0.0711485370993614,0.8952409029006958
1764,1764,train,18038,0.0918677896261215,0.8879818916320801,0.3374377489089966,0.6848840117454529,0.1239938139915466,0.8587067127227783,0.1612851917743683,0.8046178817749023,0.1488222479820251,0.8478233814239502,0.0523651540279388,0.9103431105613708,0.08433298766613,0.8939452767372131,0.0630450099706649,0.9060073494911194,0.068619392812252,0.9098904728889464,0.4978272318840027,0.5383495092391968,0.0527399331331253,0.9097827076911926,0.0935885459184646,0.888254702091217
1765,1765,train,17609,0.714344322681427,0.3297199010848999,0.6726645231246948,0.3735776841640472,0.9185380935668944,0.1422691643238067,0.7353770732879639,0.2927723824977875,0.8209555745124817,0.2489889711141586,0.2207433879375457,0.6579909324645996,0.4623583257198334,0.5188937783241272,0.4461548626422882,0.5034270286560059,0.506531834602356,0.4797783493995666,0.9116312265396118,0.1574598997831344,0.2084378898143768,0.6761616468429565,0.6809946298599243,0.3417170345783233
1766,1766,train,17260,0.9141663312911988,0.1950581520795822,0.674209713935852,0.3682810664176941,0.9422340393066406,0.1200216263532638,0.8331465125083923,0.2342847883701324,0.9037087559700012,0.2046706229448318,0.6370104551315308,0.4511366784572601,0.8640525937080383,0.2651874125003814,0.8686226010322571,0.2514505088329315,0.8920904994010925,0.24411341547966,0.9263549447059632,0.1360953897237777,0.6390520334243774,0.4609485864639282,0.9127144813537598,0.1890754699707031
1767,1767,train,17611,0.1300608813762664,0.8457098603248596,0.501517653465271,0.6012672781944275,0.5658448934555054,0.5541329979896545,0.234525978565216,0.7807029485702515,0.2694392502307892,0.7958124279975891,0.0649299696087837,0.8943839073181152,0.110151007771492,0.8743235468864441,0.0829810798168182,0.8789743781089783,0.0911572352051734,0.880305290222168,0.7302865982055664,0.396950900554657,0.0625105872750282,0.8971261978149414,0.1294618397951126,0.8525863289833069
1768,1768,train,17563,0.1300971806049347,0.810645341873169,0.2621496915817261,0.6655071973800659,0.312558501958847,0.6071502566337585,0.1948166489601135,0.7151855826377869,0.1833726912736892,0.7715145349502563,0.0614461004734039,0.8749658465385437,0.1120646446943283,0.8560050129890442,0.0913239941000938,0.8534057140350342,0.0883075967431068,0.8570756316184998,0.4540717601776123,0.5523771643638611,0.063848465681076,0.8691866993904114,0.1192581802606582,0.8357114791870117
1769,1769,train,17898,0.0444608703255653,0.8731940984725952,0.13604436814785,0.7829257845878601,0.0502188876271247,0.8650827407836914,0.0657415017485618,0.8476447463035583,0.0689995661377906,0.8590108156204224,0.0364047326147556,0.8824104070663452,0.0523259490728378,0.8744974732398987,0.0416302196681499,0.8745990991592407,0.041495356708765,0.8780875205993652,0.0874917134642601,0.8157609701156616,0.0381128750741481,0.8755589723587036,0.0522589795291423,0.8770360946655273
1770,1770,train,17996,0.0584297329187393,0.8706010580062866,0.2901625335216522,0.7037414908409119,0.1329060196876526,0.7522017359733582,0.1057668030261993,0.8165211081504822,0.0941749587655067,0.8394745588302612,0.0404741317033767,0.8873658776283264,0.0584405958652496,0.8711351156234741,0.0478149838745594,0.8748948574066162,0.0512664578855037,0.880458414554596,0.2350196540355682,0.6863478422164917,0.0448227860033512,0.8800438642501831,0.0648463815450668,0.8623707294464111
1771,1771,train,18519,0.1986311823129654,0.7336477637290955,0.4826917946338653,0.5341458916664124,0.2785428762435913,0.6960380673408508,0.2308951616287231,0.6937190294265747,0.3092303872108459,0.6589699983596802,0.1196527704596519,0.7856814861297607,0.1884116977453231,0.744712769985199,0.1466264873743057,0.7591245770454407,0.1574787050485611,0.7599416375160217,0.5190443992614746,0.4901979267597198,0.1161319687962532,0.7831364274024963,0.229025736451149,0.7045663595199585
1772,1772,train,17740,0.1857667714357376,0.8273269534111023,0.4968490898609161,0.5994608402252197,0.6572358012199402,0.5356495976448059,0.2665972411632538,0.7602132558822632,0.296496719121933,0.7662001252174377,0.0957067981362342,0.8767313957214355,0.187561497092247,0.8334847688674927,0.1359748244285583,0.8536657691001892,0.1493444144725799,0.8524640798568726,0.6241918802261353,0.520209014415741,0.0919664055109024,0.8820103406906128,0.2223388403654098,0.8132098913192749
1773,1773,train,17973,0.615986704826355,0.4686841368675232,0.6511449813842773,0.4051156640052795,0.9033005237579346,0.1748624294996261,0.645746648311615,0.4317966103553772,0.7127987742424011,0.415091872215271,0.1813462525606155,0.7080312371253967,0.3956667780876159,0.590728759765625,0.3761398196220398,0.6005375385284424,0.4043243527412414,0.5920915007591248,0.9134570956230164,0.1595423966646194,0.1895334869623184,0.7038838863372803,0.5154092311859131,0.4891466200351715
1774,1774,test,17594,0.1418819725513458,0.826938271522522,0.4147367477416992,0.6322133541107178,0.429116427898407,0.6525846123695374,0.2095499038696289,0.7770770192146301,0.2560071349143982,0.7656823396682739,0.0881655514240264,0.880181074142456,0.1407255381345749,0.8477477431297302,0.1025279089808464,0.8681487441062927,0.1075000911951065,0.8661414980888367,0.3859394490718841,0.6604653596878052,0.0845546871423721,0.8832144141197205,0.1497915685176849,0.8332387804985046
1775,1775,train,17648,0.0764039829373359,0.8279137015342712,0.3214662075042724,0.6218053102493286,0.1102831363677978,0.831218421459198,0.1170699894428253,0.7585439085960388,0.1577219814062118,0.7352165579795837,0.0566978640854358,0.8715896010398865,0.0819256827235221,0.8381026387214661,0.060498934239149,0.8622177839279175,0.0596657209098339,0.8618413805961609,0.2686119973659515,0.6081628799438477,0.0541109852492809,0.8727058172225952,0.084635280072689,0.8199977278709412
1776,1776,train,18004,0.7212743163108826,0.4722996056079864,0.6542612910270691,0.4191616475582123,0.91669899225235,0.1585851013660431,0.7371493577957153,0.3510811924934387,0.8135932683944702,0.362469345331192,0.1844938695430755,0.792191207408905,0.3930245339870453,0.6950778365135193,0.469464510679245,0.6436150074005127,0.4569404721260071,0.6798697710037231,0.9185401201248168,0.1581681221723556,0.1837106645107269,0.7961044311523438,0.6256766319274902,0.5392275452613831
1777,1777,train,17610,0.3128105998039245,0.6663174629211426,0.5703741312026978,0.4790692031383514,0.5184374451637268,0.5082280039787292,0.3914883732795715,0.578681468963623,0.5064846873283386,0.5386719703674316,0.1198058724403381,0.8036227226257324,0.2182557731866836,0.7289903163909912,0.1925874948501587,0.7513839602470398,0.1985120922327041,0.7603233456611633,0.6714310646057129,0.3848268389701843,0.1129339560866355,0.8146514892578125,0.307563453912735,0.6601858735084534
1778,1778,test,17333,0.8688501119613647,0.2404953837394714,0.654201865196228,0.3837451636791229,0.927199363708496,0.1376314759254455,0.7695291042327881,0.2716356515884399,0.8742363452911377,0.2370219826698303,0.518933117389679,0.500537097454071,0.79364013671875,0.324983686208725,0.7781163454055786,0.3235522210597992,0.8366393446922302,0.2792623937129974,0.911708116531372,0.1534744501113891,0.5067301988601685,0.5205510854721069,0.8608759045600891,0.2347648441791534
1779,1779,train,17734,0.1297197490930557,0.8106374144554138,0.4797829687595367,0.5522130131721497,0.4923388957977295,0.5806307196617126,0.2092079520225525,0.7221987843513489,0.2702147662639618,0.7001588344573975,0.06409802287817,0.8817059993743896,0.0998860672116279,0.8576968312263489,0.0743070691823959,0.8726447224617004,0.0830816105008125,0.8615339398384094,0.5619425177574158,0.4951550662517547,0.0625571608543396,0.8793891072273254,0.1226282492280006,0.8181386590003967
1780,1780,test,17717,0.0856354311108589,0.8827213644981384,0.1538176536560058,0.7963441610336304,0.1200322732329368,0.8427754640579224,0.1236164718866348,0.8352075815200806,0.1272164136171341,0.8605627417564392,0.056651659309864,0.8844673037528992,0.0830273255705833,0.8777074217796326,0.0707123354077339,0.8813045024871826,0.0734573751688003,0.8895488977432251,0.2829001545906067,0.7039986252784729,0.0582687109708786,0.8837873339653015,0.1071399599313736,0.8689318299293518
1781,1781,train,18571,0.3406002521514892,0.6667590737342834,0.6004862785339355,0.483553022146225,0.8634822964668274,0.2328754514455795,0.5180866122245789,0.5170930027961731,0.5792974829673767,0.5087438821792603,0.0966050401329994,0.8358016014099121,0.2112974524497985,0.7558642029762268,0.1532302498817443,0.788866400718689,0.1763718426227569,0.769830584526062,0.8437496423721313,0.2516857087612152,0.0932903364300727,0.8459012508392334,0.3250036239624023,0.6360977292060852
1782,1782,train,17311,0.3554719090461731,0.7464513182640076,0.4777756333351135,0.5850426554679871,0.8362702131271362,0.2622401416301727,0.4513195157051086,0.6029518246650696,0.4904789626598358,0.6752241253852844,0.056558072566986,0.8996374011039734,0.119600161910057,0.8695647120475769,0.0978553146123886,0.8750505447387695,0.1372700184583664,0.8725839257240295,0.898008406162262,0.1828977614641189,0.0625771284103393,0.897295355796814,0.2534781098365783,0.8068374991416931
1783,1783,train,17807,0.0635385438799858,0.921016812324524,0.1299043446779251,0.8400264382362366,0.0881813466548919,0.8802106976509094,0.0888171270489692,0.8773793578147888,0.0896715596318245,0.911795973777771,0.0406972542405128,0.92885422706604,0.0627680420875549,0.9212390780448914,0.0480346791446208,0.9254586696624756,0.0525324717164039,0.9290327429771424,0.2508785724639892,0.7733389735221863,0.0431317947804927,0.9281100034713744,0.0708839297294616,0.9181365966796876
1784,1784,train,17224,0.0957758799195289,0.8677096962928772,0.2201716154813766,0.7599447965621948,0.2345261424779892,0.7674692869186401,0.139706864953041,0.8180203437805176,0.1439555138349533,0.8443115949630737,0.0804099515080452,0.8853470087051392,0.1174641847610473,0.8620806932449341,0.0963417738676071,0.8780607581138611,0.0917431563138961,0.8827981948852539,0.2765296101570129,0.7018276453018188,0.0800817236304283,0.8815568089485168,0.1141883060336113,0.8730042576789856
1785,1785,test,17057,0.4654864072799682,0.5003929138183594,0.5609090328216553,0.4417310059070587,0.8567971587181091,0.2094846814870834,0.5720377564430237,0.3885170221328735,0.5708925724029541,0.4653719663619995,0.1116743609309196,0.7938475608825684,0.1954371184110641,0.7018759846687317,0.1748338341712951,0.7371619939804077,0.2133776992559433,0.7272897362709045,0.9082786440849304,0.1579201221466064,0.10685945302248,0.809347927570343,0.3203848004341125,0.6594715118408203
1786,1786,train,18682,0.1176865920424461,0.8250967860221863,0.3802383542060852,0.6209030747413635,0.2866536676883697,0.7474497556686401,0.1921937465667724,0.7469903826713562,0.1903320848941803,0.7773227691650391,0.0764510035514831,0.8585687279701233,0.1170125901699066,0.8388458490371704,0.0912037566304206,0.852916955947876,0.0923988372087478,0.8507602214813232,0.3266771137714386,0.6794930696487427,0.0753302052617073,0.8594334125518799,0.1221892982721328,0.8320827484130859
1787,1787,train,18579,0.9326690435409546,0.1436290144920349,0.6701872944831848,0.3654676377773285,0.9391030073165894,0.1177953332662582,0.8415430784225464,0.2105666100978851,0.927487850189209,0.1524094194173813,0.6571858525276184,0.3590693473815918,0.8950517773628235,0.182561457157135,0.9010285139083862,0.1641613394021988,0.913256585597992,0.1746658533811569,0.9264066219329834,0.1318675279617309,0.7058225870132446,0.3428398370742798,0.9269558191299438,0.1419455558061599
1788,1788,train,18743,0.1035021841526031,0.7729819416999817,0.558250367641449,0.4460950195789337,0.4692430794239044,0.4746068716049194,0.2461563646793365,0.633911669254303,0.2194949686527252,0.6750823259353638,0.0573580972850322,0.8449194431304932,0.1078159436583519,0.8119545578956604,0.0753054320812225,0.8231465816497803,0.0789218097925186,0.821031928062439,0.8360897302627563,0.2064525932073593,0.0603954419493675,0.8401566743850708,0.1232668384909629,0.7766638994216919
1789,1789,train,18729,0.0961034148931503,0.8166999220848083,0.3709370195865631,0.6094812154769897,0.173766478896141,0.7658537030220032,0.152778074145317,0.7911723852157593,0.1779981404542923,0.775851845741272,0.0618105232715606,0.8661124110221863,0.1046677529811859,0.8411664366722107,0.069253534078598,0.8555114269256592,0.0777424275875091,0.8521670699119568,0.4311344921588897,0.5426356792449951,0.0589653179049491,0.8643838167190552,0.1046536788344383,0.8299337029457092
1790,1790,test,17824,0.373541384935379,0.6597193479537964,0.6216690540313721,0.4482688307762146,0.8492445349693298,0.2851263284683227,0.4871107339859009,0.5485613346099854,0.5846831202507019,0.5339922308921814,0.1275977790355682,0.8078237175941467,0.2247947752475738,0.7450995445251465,0.2053549736738205,0.7540515065193176,0.2255082726478576,0.7557811141014099,0.8730390667915344,0.2350249737501144,0.1223370879888534,0.8174149990081787,0.3581209480762481,0.6453236937522888
1791,1791,train,18498,0.0737911835312843,0.8669168949127197,0.1697362214326858,0.8094422817230225,0.1228678077459335,0.828494131565094,0.1024839282035827,0.8287501931190491,0.0954892635345459,0.8490939140319824,0.0507602021098136,0.8743404746055603,0.0702917054295539,0.8536964058876038,0.0613757595419883,0.8738282322883606,0.0608512237668037,0.8739293217658997,0.1688044518232345,0.7714688181877136,0.0529727898538112,0.8719028830528259,0.0735883042216301,0.8636729121208191
1792,1792,test,18723,0.0559208095073699,0.9061191082000732,0.280591607093811,0.7211441993713379,0.0826797783374786,0.888388991355896,0.1026629731059074,0.847544252872467,0.0933280289173126,0.8818408250808716,0.0408695898950099,0.9263917803764344,0.0631695240736007,0.9193804860115052,0.046886708587408,0.9215383529663086,0.0478034988045692,0.9230665564537048,0.1842321157455444,0.7879407405853271,0.0438495278358459,0.9261611104011536,0.0673708617687225,0.913482129573822
1793,1793,train,18396,0.145330935716629,0.8101620078086853,0.4999976754188537,0.5790635347366333,0.28146493434906,0.7139056324958801,0.2608095705509186,0.7199971675872803,0.2629013359546661,0.7539664506912231,0.0640682950615882,0.8817326426506042,0.1102700158953666,0.8570285439491272,0.086625687777996,0.8709943890571594,0.0930606052279472,0.8706983923912048,0.4841302335262298,0.5653207302093506,0.0653827562928199,0.8816240429878235,0.1280769109725952,0.8385753631591797
1794,1794,train,18719,0.2108072638511657,0.6907813549041748,0.4897966384887695,0.4950193762779236,0.3018586635589599,0.6420706510543823,0.2712227702140808,0.6208630800247192,0.3329504430294037,0.5876182913780212,0.0986211821436882,0.7910110950469971,0.1364781409502029,0.7673868536949158,0.1059701293706893,0.7793794870376587,0.1276405751705169,0.7640877962112427,0.4289280772209167,0.5171239376068115,0.09991405159235,0.7817663550376892,0.1531416922807693,0.7388285398483276
1795,1795,train,18466,0.1522039324045181,0.7134296894073486,0.4147589802742004,0.5719544291496277,0.2551499903202057,0.6637397408485413,0.2582935094833374,0.6394349932670593,0.2509782910346985,0.6594074964523315,0.0603435523808002,0.8447806239128113,0.1044114530086517,0.8178689479827881,0.0774646699428558,0.8237228393554688,0.0874715745449066,0.8095451593399048,0.5858579874038696,0.425055593252182,0.0592981278896331,0.8446016311645508,0.1220139414072036,0.7649242877960205
1796,1796,train,17235,0.0829312652349472,0.8663142919540405,0.2669030725955963,0.7248886227607727,0.2260386943817138,0.7324693202972412,0.1205290779471397,0.833916187286377,0.1184650138020515,0.8597186803817749,0.0413721948862075,0.8849484920501709,0.0762692913413047,0.8684459924697876,0.0587934292852878,0.8849076628684998,0.0618199110031127,0.8824653625488281,0.4019623696804046,0.6071345210075378,0.0430472195148468,0.8867208361625671,0.0849136561155319,0.8641072511672974
1797,1797,test,18611,0.1091424897313118,0.8409684896469116,0.2662398219108581,0.7367842197418213,0.1968782395124435,0.7500216960906982,0.1784644871950149,0.7883856892585754,0.163621038198471,0.8064936995506287,0.0825875923037529,0.8645596504211426,0.1148060634732246,0.837160050868988,0.0971370562911033,0.8503515124320984,0.0922310054302215,0.8549147248268127,0.3185701370239258,0.6565204858779907,0.0856561735272407,0.8552764058113098,0.1197626888751983,0.8300480246543884
1798,1798,train,17689,0.1533014923334121,0.8198356032371521,0.5207571983337402,0.5498433709144592,0.1942649185657501,0.7624368071556091,0.2749971747398376,0.7168036103248596,0.3039389252662658,0.7389571666717529,0.0614744611084461,0.8926679491996765,0.1092642471194267,0.8652762174606323,0.0939441472291946,0.8693265318870544,0.0957888811826706,0.8723805546760559,0.6754151582717896,0.4060322344303131,0.063406303524971,0.882864236831665,0.1401820033788681,0.8390750288963318
