,CH,W,CO,UW,NN,DT,RB,JJ,IN,GF,SMOG,RIX,DC,WT,S,LW,CW,NBW,DW,index,split
0,204,34,0,28,12,5,0,2,3,6.886274509803923,8.841846274778883,3.6666666666666665,9.30716274509804,28,3,11,3,18,11,0,train
1,380,73,0,55,17,10,0,6,9,11.925114155251142,10.504223727775692,4.666666666666667,9.602063470319635,53,3,14,5,40,14,1,train
2,349,64,0,47,17,9,0,5,8,11.033333333333333,10.504223727775692,5.666666666666667,10.615883333333333,45,3,17,5,34,17,2,test
3,473,92,4,65,21,8,2,6,15,9.038241758241758,8.238735603445708,3.2,11.479879340659341,64,5,16,4,65,17,3,test
4,377,70,0,48,14,13,2,3,9,7.885714285714286,8.238735603445708,2.8,9.0679,49,5,14,4,38,11,4,test
5,434,78,3,56,19,9,4,8,4,5.712820512820514,5.46131890053228,3.5,11.366556410256411,54,6,21,1,55,22,5,train
6,240,46,1,37,10,6,1,4,7,10.93913043478261,8.841846274778883,4.5,9.926213043478262,40,2,9,2,26,11,6,train
7,397,77,0,55,18,12,3,6,9,10.786147186147188,6.42735559955562,4.666666666666667,10.651384848484849,53,3,14,1,39,15,7,train
8,162,31,1,26,8,5,0,2,5,5.423655913978495,7.793537801064561,2.3333333333333335,11.280001075268817,26,3,7,2,24,8,8,train
9,364,66,2,45,12,9,4,3,8,9.406060606060606,6.42735559955562,4.666666666666667,10.469518181818183,44,3,14,1,37,17,9,train
10,506,86,1,63,20,11,4,6,7,13.251162790697675,12.161744961471694,6.0,10.761853488372093,63,4,24,10,51,26,10,train
11,180,33,0,26,8,4,1,2,1,5.516666666666667,6.42735559955562,2.6666666666666665,10.580254166666666,25,3,8,1,21,8,11,train
12,476,87,1,61,15,9,4,7,9,9.718620689655172,9.3871,4.8,10.488850344827586,63,5,24,6,54,20,12,train
13,542,106,0,77,19,13,3,9,15,12.404761904761905,9.516144504307135,3.5,9.149166666666668,77,4,14,5,59,14,13,train
14,365,63,1,47,13,12,1,6,9,9.484444444444444,10.355215969177355,2.8,9.524793333333335,49,5,14,8,34,17,14,train
15,243,46,1,36,10,4,2,3,5,20.13913043478261,11.20814326018867,7.0,12.44005652173913,38,1,7,2,27,11,15,train
16,376,66,2,44,18,12,3,3,9,10.618181818181819,9.725611199111238,5.0,10.230275757575757,44,3,15,4,37,18,16,train
17,130,27,0,23,7,1,1,2,4,10.8,3.1291,6.0,11.993477777777779,24,1,6,0,16,5,17,test
18,473,87,1,62,20,8,3,9,12,9.258850574712644,8.841846274778883,3.2,10.307356091954023,62,5,16,5,51,17,18,train
19,376,71,3,53,19,9,5,4,8,7.370140845070423,8.238735603445708,3.4,11.235045352112676,51,5,17,4,45,16,19,train
20,193,36,0,31,12,5,1,0,4,7.022222222222223,7.793537801064561,2.6666666666666665,9.933644444444447,30,3,8,2,25,8,20,train
21,317,56,0,44,13,5,1,4,6,12.466666666666669,12.457975602129121,4.666666666666667,9.355759523809525,44,3,14,8,27,14,21,train
22,313,57,1,47,14,7,1,5,6,12.101754385964913,8.841846274778883,5.5,11.144485964912281,49,2,11,2,40,8,22,train
23,295,50,0,38,13,8,2,4,5,14.8,13.023866798666859,6.5,9.929300000000001,39,2,13,6,26,14,23,test
24,525,97,2,71,21,16,7,9,13,9.353264604810997,9.2995712137729,3.0,9.81022233676976,69,6,18,7,57,19,24,train
25,295,52,2,42,16,8,0,4,7,15.015384615384617,13.023866798666859,6.0,11.606484615384616,42,2,12,6,34,14,25,test
26,378,66,3,54,13,8,5,6,11,11.658333333333333,11.20814326018867,5.0,9.629008333333333,54,3,15,6,37,16,26,train
27,315,61,1,50,10,7,3,9,5,7.411475409836067,8.07648339933343,1.75,9.052244262295083,49,4,7,3,35,8,27,train
28,349,61,2,49,13,8,2,3,8,10.034426229508197,10.686352973137792,4.5,9.828801639344263,49,4,18,7,36,14,28,train
29,476,85,2,56,23,10,0,12,7,13.215686274509805,11.20814326018867,6.666666666666667,11.17206862745098,54,3,20,6,49,21,29,train
30,286,59,0,42,16,5,1,8,7,5.9,5.985473137389441,2.25,10.52352372881356,43,4,9,1,37,5,30,train
31,297,57,0,43,10,7,2,7,6,9.003508771929825,7.793537801064561,2.0,8.180128070175439,42,3,6,2,24,8,31,train
32,466,89,2,59,20,10,1,12,8,13.21498127340824,9.725611199111238,4.333333333333333,11.849764419475656,61,3,13,4,56,14,32,train
33,103,17,0,16,7,1,0,2,2,2.266666666666667,3.1291,1.3333333333333333,14.134625490196077,17,3,4,0,16,6,33,train
34,389,71,7,58,17,9,1,5,6,8.11361502347418,9.2995712137729,2.6666666666666665,10.895264319248827,56,6,16,7,52,17,34,train
35,631,105,5,82,25,13,5,10,11,11.571428571428573,11.855464076750408,4.666666666666667,10.21897619047619,81,6,28,14,64,27,35,train
36,324,53,1,43,13,9,2,7,8,10.840251572327047,11.855464076750408,6.333333333333333,10.471257232704403,45,3,19,7,31,14,36,train
37,606,108,5,71,22,19,4,14,12,11.973333333333336,11.602472056035307,6.2,9.971193333333336,67,5,31,11,64,23,37,train
38,244,43,0,32,12,8,3,2,4,6.663565891472868,6.42735559955562,3.6666666666666665,10.589991472868217,30,3,11,1,24,12,38,test
39,307,57,0,47,10,7,3,7,6,7.805263157894737,8.07648339933343,2.75,10.160668421052634,45,4,11,3,35,12,39,train
40,223,42,2,34,12,5,0,1,4,9.352380952380953,7.168621630094336,4.0,10.317385714285715,36,2,8,1,27,7,40,test
41,257,47,0,33,13,7,1,3,7,7.968794326241135,7.793537801064561,4.333333333333333,10.79675815602837,31,3,13,2,28,11,41,train
42,231,42,0,36,8,4,2,2,4,6.552380952380952,6.42735559955562,2.6666666666666665,9.218280952380953,35,3,8,1,25,11,42,train
43,300,54,0,39,16,8,2,5,3,9.422222222222222,8.841846274778883,3.6666666666666665,10.085040740740741,39,3,11,3,30,11,43,train
44,432,72,1,51,18,8,1,9,12,12.377777777777778,10.504223727775692,8.0,11.406066666666666,51,3,24,5,44,20,44,train
45,269,49,2,37,11,7,2,5,4,11.43265306122449,8.841846274778883,5.0,10.00761836734694,40,2,10,2,25,10,45,train
46,330,59,4,47,17,9,1,6,6,15.867796610169492,13.023866798666859,7.0,13.128513559322036,48,2,14,6,39,19,46,train
47,366,68,2,48,15,6,1,5,7,5.44,3.1291,3.2,11.045030588235294,46,5,16,0,43,13,47,train
48,179,33,1,26,8,8,2,2,5,9.024242424242425,8.841846274778883,3.5,9.718233333333334,27,2,7,2,19,7,48,test
49,411,78,1,59,16,12,1,9,8,12.451282051282051,10.504223727775692,5.666666666666667,10.391869230769231,59,3,17,5,39,11,49,train
50,205,40,0,30,7,9,2,3,5,10.0,8.841846274778883,4.0,8.576,29,2,8,2,18,6,50,test
51,392,74,1,53,15,7,6,5,12,7.541621621621622,7.554174236665414,2.4,8.851525945945946,52,5,12,3,34,13,51,train
52,210,36,0,24,8,6,0,3,2,9.422222222222222,11.20814326018867,4.5,8.915411111111112,24,2,9,4,14,9,52,train
53,340,60,2,38,15,7,2,3,8,6.753898305084746,8.238735603445708,2.8,11.180085084745762,36,5,14,4,40,11,53,test
54,256,46,0,39,9,7,3,5,1,10.069565217391306,10.125756701596842,5.0,11.29925652173913,40,2,11,3,26,8,54,test
55,341,62,7,49,10,9,4,5,8,8.911827956989248,6.42735559955562,3.3333333333333335,10.26446989247312,49,3,10,1,49,11,55,train
56,458,83,2,57,19,11,2,3,10,10.832520325203252,10.864195022040775,3.0,9.12839105691057,54,6,18,11,44,16,56,train
57,219,43,2,36,6,3,4,3,2,8.6,7.168621630094336,4.0,8.374993023255815,34,2,8,1,22,4,57,train
58,292,57,0,39,18,5,5,5,7,5.963508771929825,6.742157984588678,2.8,12.789483859649124,39,5,14,2,42,15,58,train
59,364,62,0,43,18,9,0,6,7,11.492473118279571,11.855464076750408,5.666666666666667,9.75511505376344,44,3,16,7,33,16,59,train
60,423,80,1,50,20,13,3,5,6,6.0,7.6454224807358475,1.75,7.487875000000001,47,8,14,5,33,12,60,train
61,334,59,0,48,15,11,1,7,3,9.900564971751415,8.841846274778883,3.6666666666666665,11.570271751412431,46,3,11,3,35,13,61,train
62,314,55,1,45,14,6,0,6,5,14.636363636363638,12.161744961471694,6.0,10.455227272727274,47,2,12,5,28,12,62,test
63,427,79,4,56,19,10,4,9,8,9.418987341772151,8.07648339933343,3.75,11.211922784810127,54,4,15,3,51,20,63,train
64,180,34,2,26,5,5,0,3,4,7.976470588235294,7.168621630094336,2.5,9.123817647058823,27,2,5,1,17,3,64,train
65,317,59,1,44,8,7,2,8,7,8.611864406779661,9.516144504307135,2.5,8.11487966101695,45,4,10,5,32,12,65,train
66,174,33,0,30,7,6,1,3,3,7.8121212121212125,7.168621630094336,3.0,10.675203030303031,30,2,6,1,21,8,66,train
67,561,100,0,71,27,16,3,13,8,9.600000000000001,8.841846274778883,4.4,10.4708,72,5,22,5,56,26,67,train
68,295,56,1,43,14,14,2,4,6,12.62857142857143,10.125756701596842,4.0,10.38262142857143,42,2,8,3,27,10,68,train
69,287,58,1,44,9,6,2,4,7,7.733333333333333,3.1291,1.6666666666666667,9.223536781609194,46,3,5,0,31,10,69,train
70,531,93,2,63,25,14,3,6,11,12.310752688172045,11.698219412168324,5.75,10.562388172043011,63,4,23,9,49,22,70,train
71,371,67,0,47,19,10,0,3,8,9.685074626865672,10.125756701596842,4.5,10.594762686567165,49,4,18,6,43,17,71,train
72,323,60,2,52,10,8,2,3,8,8.666666666666668,6.42735559955562,3.3333333333333335,9.102333333333334,52,3,10,1,32,10,72,train
73,337,59,3,53,13,8,0,10,7,14.358620689655172,13.81666964889586,6.0,9.975244827586206,57,2,12,7,37,10,73,train
74,224,41,0,36,11,7,1,6,5,6.442276422764228,6.42735559955562,2.3333333333333335,10.09119593495935,37,3,7,1,26,10,74,test
75,140,23,0,23,4,2,1,3,3,8.078260869565218,8.841846274778883,3.5,9.699073913043478,23,2,7,2,12,7,75,test
76,208,40,1,28,11,7,0,1,7,8.0,3.1291,3.5,10.155000000000001,31,2,7,0,25,6,76,test
77,332,60,5,41,19,11,2,5,6,10.0,8.841846274778883,4.333333333333333,10.418166666666668,42,3,14,3,38,12,77,test
78,329,58,0,46,12,8,3,5,7,11.1816091954023,10.504223727775692,4.0,8.95129540229885,45,3,12,5,26,12,78,train
79,318,60,2,47,16,10,1,9,6,7.333333333333333,7.168621630094336,2.5,9.380666666666666,46,4,10,2,34,11,79,test
80,423,75,4,57,20,13,1,4,10,13.65045045045045,12.457975602129121,6.0,11.474696396396396,59,3,18,8,49,19,80,train
81,494,93,1,57,27,13,5,4,13,6.604608294930876,7.957251820313856,2.5714285714285716,10.747299385560677,56,7,18,5,61,12,81,train
82,601,107,4,79,24,10,8,9,12,10.802990654205608,9.3871,5.0,10.30560355140187,75,5,25,6,61,24,82,train
83,416,73,4,61,18,9,4,6,12,14.116894977168949,13.023866798666859,4.666666666666667,10.46726894977169,64,3,14,9,40,16,83,test
84,391,78,0,55,14,12,1,6,6,13.109909909909911,12.457975602129121,5.666666666666667,10.621182882882884,56,3,17,8,45,13,84,test
85,297,53,0,44,13,8,1,4,4,10.08553459119497,10.504223727775692,3.6666666666666665,9.577483647798744,44,3,11,5,25,13,85,test
86,346,64,0,47,14,6,2,3,12,9.158333333333333,8.841846274778883,4.666666666666667,9.382289583333334,46,3,15,3,30,13,86,train
87,70,13,0,13,3,1,0,1,1,2.6,3.1291,1.5,11.246592307692307,14,2,3,0,10,4,87,train
88,236,38,3,30,13,2,1,5,6,14.968421052631578,13.81666964889586,5.5,11.642847368421053,32,2,11,7,27,12,88,train
89,418,74,0,54,18,10,3,6,9,10.643243243243244,10.686352973137792,4.5,9.88855945945946,53,4,18,7,36,18,89,test
90,439,73,3,57,18,11,2,5,8,9.648888888888889,9.888512548439397,4.4,9.614073333333334,56,5,22,7,41,21,90,train
91,366,67,0,50,14,10,2,5,10,16.38507462686567,12.161744961471694,7.5,9.77586119402985,49,2,15,5,34,13,91,train
92,432,81,1,52,19,14,1,4,10,14.25679012345679,11.855464076750408,5.0,9.849156790123457,54,3,15,7,39,18,92,train
93,192,37,0,30,8,4,2,6,4,8.481081081081081,7.168621630094336,3.0,10.101937837837838,30,2,6,1,21,6,93,train
94,473,88,3,62,16,11,3,8,13,10.221818181818183,10.355215969177355,3.2,8.815823636363636,62,5,15,8,43,13,94,test
95,186,34,1,30,6,2,0,6,2,6.800000000000001,7.168621630094336,3.5,9.588229411764706,31,2,7,1,18,3,95,test
96,266,56,1,41,12,6,2,4,5,8.180952380952382,6.42735559955562,2.3333333333333335,10.765580952380953,43,3,7,1,32,8,96,train
97,342,66,4,46,14,13,2,6,13,10.618181818181819,8.841846274778883,3.0,9.512548484848484,45,3,9,3,39,10,97,train
98,501,89,6,60,22,17,0,7,9,9.816629213483147,9.888512548439397,4.6,8.777357528089887,56,5,24,7,43,18,98,train
99,292,55,0,44,15,10,1,5,6,9.515151515151514,8.841846274778883,4.0,8.85219696969697,45,3,12,3,33,9,99,train
100,268,46,0,36,12,8,4,3,5,7.872463768115942,7.793537801064561,4.0,10.23246811594203,36,3,12,2,30,9,100,test
101,374,64,2,51,22,7,0,5,8,7.620000000000001,8.841846274778883,3.0,10.192630000000001,52,5,16,5,46,17,101,train
102,376,65,0,55,17,8,2,10,6,9.576923076923078,10.125756701596842,3.5,11.244346153846156,56,4,15,6,44,16,102,test
103,338,61,0,51,12,8,1,5,4,8.067213114754098,8.07648339933343,2.25,8.534539344262296,48,4,9,3,28,13,103,train
104,345,62,2,40,19,5,1,10,8,6.895483870967742,7.554174236665414,2.2,10.618475483870968,42,5,11,3,44,12,104,train
105,3,1,0,1,0,0,0,0,0,0.4,3.1291,0.0,19.476100000000002,1,1,0,0,1,0,105,train
106,308,60,0,47,19,6,2,4,9,13.333333333333336,8.841846274778883,3.5,11.4405,48,2,7,2,34,12,106,test
107,592,109,4,70,23,16,6,6,9,9.164351245085191,9.236282656511921,3.4285714285714284,9.76875111402359,67,7,24,8,69,20,107,train
108,381,68,4,55,16,9,4,7,4,13.184313725490197,11.855464076750408,4.333333333333333,11.26253137254902,56,3,13,7,45,19,108,test
109,141,28,0,24,6,5,0,3,3,7.028571428571429,7.168621630094336,3.0,10.534114285714285,25,2,6,1,19,4,109,test
110,284,50,0,40,14,9,0,5,9,13.200000000000001,11.20814326018867,6.5,9.929300000000001,40,2,13,4,25,12,110,train
111,162,30,3,25,5,4,1,6,0,6.0,3.1291,3.5,11.749166666666667,27,2,7,0,24,6,111,train
112,196,39,0,31,5,4,4,5,4,6.225641025641026,6.42735559955562,1.0,8.330017948717948,30,3,3,1,17,5,112,train
113,323,62,2,45,13,9,1,3,4,10.666666666666668,10.504223727775692,4.666666666666667,10.418166666666668,47,3,14,5,39,9,113,train
114,529,92,7,69,23,13,3,8,12,12.176923076923078,10.686352973137792,5.25,10.837976923076923,70,4,22,6,62,19,114,train
115,327,58,0,45,13,6,0,5,7,8.558620689655172,8.841846274778883,3.0,10.072768965517241,45,4,12,4,35,13,115,test
116,532,92,0,64,26,13,3,7,12,8.078260869565218,9.188382445141503,2.75,10.900486956521739,64,8,22,9,62,21,116,train
117,309,54,0,38,18,10,0,5,8,10.903703703703705,10.504223727775692,4.666666666666667,9.792633333333335,35,3,14,5,28,13,117,train
118,200,39,0,31,7,4,0,7,4,5.2,3.1291,1.6666666666666667,8.734889743589743,29,3,5,0,20,5,118,train
119,279,52,1,43,15,7,1,3,5,8.471794871794872,7.793537801064561,3.6666666666666665,12.087579487179488,45,3,9,2,39,11,119,train
120,311,57,0,45,13,9,3,6,8,10.40701754385965,9.725611199111238,4.333333333333333,9.288198245614035,45,3,13,4,28,13,120,train
121,286,53,0,39,11,7,0,6,5,9.241025641025642,8.841846274778883,3.3333333333333335,8.443733333333334,37,3,10,3,21,7,121,train
122,161,26,0,24,8,2,0,5,2,9.815384615384616,10.125756701596842,4.5,12.783607692307694,25,2,9,3,20,10,122,train
123,336,64,0,47,15,9,0,5,7,14.675,10.125756701596842,6.5,10.40479375,49,2,13,3,36,13,123,test
124,183,36,1,28,9,4,0,4,4,9.422222222222222,8.841846274778883,3.0,8.915411111111112,31,2,6,2,17,6,124,train
125,485,89,3,63,20,11,5,8,10,12.046067415730338,10.686352973137792,4.25,10.594819101123596,64,4,17,7,55,20,125,train
126,200,36,0,31,10,7,0,5,5,7.022222222222223,7.793537801064561,2.6666666666666665,9.495033333333335,31,3,8,2,24,9,126,train
127,299,59,0,41,17,10,1,4,7,8.544632768361582,7.793537801064561,2.3333333333333335,10.232136158192091,42,3,7,2,31,10,127,train
128,411,74,0,55,16,10,1,7,11,13.109909909909911,11.20814326018867,5.333333333333333,10.194426126126126,52,3,16,6,41,19,128,train
129,437,86,3,59,21,10,3,10,9,8.275348837209302,8.238735603445708,2.6,9.63055023255814,60,5,13,4,48,12,129,train
130,174,33,0,29,5,5,1,2,5,5.612121212121213,8.841846274778883,2.3333333333333335,8.966948484848485,28,3,7,3,21,6,130,test
131,190,34,1,31,9,5,1,1,4,9.15294117647059,8.841846274778883,3.5,10.981464705882354,33,2,7,2,20,10,131,train
132,253,47,0,38,9,6,1,4,8,7.117730496453901,6.42735559955562,3.0,8.781013475177305,37,3,9,1,23,10,132,test
133,338,60,1,48,16,11,3,4,6,10.0,8.841846274778883,4.333333333333333,11.207666666666666,48,3,13,3,36,15,133,train
134,505,88,0,60,23,16,5,6,8,11.130909090909093,10.793553405168563,4.6,9.892414545454546,59,5,23,9,56,20,134,train
135,382,67,1,52,14,5,5,8,4,10.136119402985075,10.793553405168563,2.6,9.014572835820896,51,5,13,9,32,14,135,train
136,3,1,0,1,0,0,0,0,0,0.4,3.1291,0.0,19.476100000000002,1,1,0,0,1,0,136,train
137,308,61,4,50,15,6,4,8,5,7.411475409836067,7.168621630094336,1.75,9.569949180327868,54,4,7,2,50,10,137,train
138,306,55,1,44,12,10,0,5,5,8.787878787878787,7.793537801064561,4.333333333333333,9.42637878787879,45,3,13,2,31,11,138,train
139,348,65,1,46,17,12,1,3,10,8.961538461538462,9.516144504307135,3.0,9.543884615384616,45,4,12,5,36,12,139,train
140,225,41,0,32,10,9,1,2,6,9.175609756097561,8.841846274778883,4.5,11.200373170731707,34,2,9,2,25,7,140,train
141,86,16,0,14,3,3,0,1,1,3.2,3.1291,2.0,8.967675,16,2,3,0,10,1,141,test
142,41,7,0,7,2,1,0,0,1,8.514285714285714,8.841846274778883,2.0,10.750842857142857,7,1,2,1,3,3,142,train
143,146,28,0,24,6,4,0,2,3,5.6000000000000005,3.1291,2.5,7.714471428571429,25,2,5,0,12,2,143,test
144,436,82,1,55,18,12,2,8,10,11.126829268292683,10.125756701596842,4.25,9.659885365853658,59,4,18,6,45,17,144,train
145,408,77,1,53,15,7,6,4,10,8.73896103896104,7.168621630094336,4.25,10.538183116883117,57,4,17,2,52,13,145,train
146,191,37,0,34,6,1,4,4,3,10.643243243243244,10.125756701596842,4.5,10.101937837837838,35,2,9,3,23,7,146,test
147,215,37,0,34,9,6,0,7,3,10.643243243243244,10.125756701596842,4.5,11.38220810810811,32,2,9,3,22,12,147,train
148,394,72,1,53,19,10,0,6,9,9.422222222222222,9.516144504307135,4.25,11.766383333333334,50,4,17,5,45,18,148,train
149,172,32,0,24,7,4,1,1,5,4.266666666666667,3.1291,2.0,9.099941666666666,24,3,6,0,14,5,149,train
150,374,67,1,49,10,7,4,5,4,10.127363184079602,7.793537801064561,4.0,9.45766616915423,51,3,12,2,33,14,150,train
151,317,61,1,49,10,8,1,5,9,6.666666666666668,7.168621630094336,3.0,9.380666666666666,49,4,13,2,30,11,151,train
152,307,54,2,41,13,11,2,6,4,9.422222222222222,8.841846274778883,4.0,10.085040740740741,40,3,12,3,28,13,152,train
153,270,46,1,37,9,6,2,4,7,11.808695652173913,10.125756701596842,5.0,9.239691304347826,39,2,10,3,26,8,153,train
154,235,45,0,35,10,4,2,1,8,13.444444444444446,12.161744961471694,5.0,10.717611111111111,36,2,10,5,24,13,154,test
155,546,96,2,69,25,16,1,7,12,14.600000000000001,13.023866798666859,5.75,10.912629166666667,68,4,23,12,57,26,155,train
156,353,66,1,50,18,13,0,4,6,7.8121212121212125,8.841846274778883,2.5,8.043536363636363,47,4,10,4,30,7,156,train
157,190,42,0,34,9,5,0,4,3,6.552380952380952,6.42735559955562,2.3333333333333335,10.722090476190477,33,3,7,1,21,6,157,train
158,168,35,1,30,6,4,3,3,5,14.0,3.1291,4.0,10.335071428571428,31,1,4,0,21,5,158,train
159,410,77,2,53,19,10,1,4,9,16.95844155844156,10.125756701596842,8.5,12.108177922077923,53,2,17,3,48,21,159,test
160,374,70,4,52,14,13,1,3,7,8.142857142857144,7.168621630094336,3.5,10.594928571428571,51,4,13,2,44,12,160,train
161,304,55,0,39,10,7,2,7,7,7.681818181818182,8.07648339933343,3.25,9.773227272727274,36,4,13,3,35,12,161,test
162,266,50,1,37,13,8,2,6,7,10.8,7.168621630094336,4.0,11.1925,40,2,7,1,27,11,162,train
163,394,76,3,54,18,11,2,6,9,11.712280701754386,10.504223727775692,5.666666666666667,11.125928070175439,54,3,17,5,43,21,163,test
164,365,68,1,53,15,7,4,4,9,11.32139303482587,9.725611199111238,6.0,10.871696019900497,53,3,18,4,40,17,164,train
165,320,56,0,47,16,7,1,5,8,8.895238095238097,8.841846274778883,5.0,11.047545238095239,48,3,15,3,35,15,165,train
166,227,41,0,32,8,5,1,5,4,5.466666666666667,6.42735559955562,3.0,10.861439837398374,31,3,9,1,29,7,166,test
167,237,43,2,33,9,6,3,7,0,15.111627906976745,14.554592549557764,6.5,12.047086046511629,28,2,13,8,28,12,167,test
168,268,50,1,39,12,5,0,2,6,8.266666666666667,8.841846274778883,4.0,9.515966666666667,41,3,12,3,24,11,168,test
169,363,66,2,46,16,7,1,4,5,10.618181818181819,8.841846274778883,4.0,10.469518181818183,47,3,12,3,37,13,169,train
170,278,49,0,38,7,5,0,5,9,8.165986394557823,8.841846274778883,3.6666666666666665,8.313572108843537,38,3,11,3,20,10,170,train
171,196,37,0,28,7,7,1,6,4,8.481081081081081,8.841846274778883,4.0,8.821667567567568,30,2,8,2,18,6,171,train
172,347,65,3,53,13,4,2,4,9,6.995000000000001,8.238735603445708,2.6,11.672942500000001,52,5,13,4,45,11,172,train
173,359,70,0,49,11,9,3,5,10,15.142857142857142,8.841846274778883,5.5,9.432785714285714,50,2,10,2,26,9,173,train
174,191,35,2,30,12,4,1,3,4,8.142857142857144,7.168621630094336,3.0,11.271642857142858,31,2,6,1,23,10,174,test
175,245,46,0,31,13,9,1,2,4,10.93913043478261,10.125756701596842,4.5,9.239691304347826,32,2,9,3,20,9,175,train
176,224,41,1,34,9,5,0,4,5,10.151219512195123,8.841846274778883,4.5,11.58549512195122,35,2,9,2,25,11,176,train
177,444,86,5,64,17,9,3,5,13,5.2302325581395355,5.985473137389441,2.375,10.595862790697673,65,8,18,2,60,19,177,train
178,185,32,0,28,6,1,1,0,1,10.15,11.20814326018867,3.5,10.35135,30,2,7,4,20,5,178,test
179,369,73,0,50,19,11,0,6,7,10.281278538812785,6.42735559955562,3.3333333333333335,10.683570319634704,49,3,10,1,43,10,179,train
180,349,61,0,51,12,9,5,5,7,8.001092896174864,8.841846274778883,2.5,10.35322568306011,48,6,15,6,35,16,180,train
181,64,13,0,13,4,3,0,1,2,2.6,7.168621630094336,1.0,8.817361538461538,13,2,2,1,7,2,181,train
182,370,69,1,44,21,7,1,3,11,8.059420289855073,7.168621630094336,4.25,12.272679710144928,42,4,16,2,45,13,182,train
183,327,56,2,43,14,7,1,6,7,7.742857142857144,8.07648339933343,3.5,11.380007142857144,44,4,14,3,40,14,183,train
184,707,129,1,85,23,18,7,7,12,10.751785714285715,10.608840637214634,4.0,8.36761205357143,84,7,28,12,68,22,184,train
185,230,43,0,35,9,5,1,2,5,6.663565891472868,6.42735559955562,3.3333333333333335,10.222782170542636,36,3,10,1,25,9,185,train
186,397,70,2,52,14,9,4,10,11,12.19047619047619,11.855464076750408,5.666666666666667,10.207547619047618,53,3,17,7,38,17,186,train
187,505,90,3,69,22,10,6,7,11,10.777777777777779,10.125756701596842,4.75,10.717611111111111,66,4,19,6,56,19,187,train
188,193,39,0,33,10,5,0,2,4,8.65263157894737,7.168621630094336,1.5,7.487584210526316,33,2,3,1,20,5,188,train
189,617,111,3,71,24,20,4,12,12,16.601801801801802,10.504223727775692,6.666666666666667,10.592781081081082,70,3,20,5,58,30,189,test
190,368,61,4,44,12,8,5,5,10,9.47016393442623,10.355215969177355,3.4,9.936374098360655,47,5,17,8,48,15,190,train
191,378,69,0,53,14,8,1,5,9,12.59607843137255,11.855464076750408,4.0,9.404884313725491,54,3,12,7,33,12,191,train
192,447,78,0,59,19,11,1,10,9,7.534065934065935,8.841846274778883,2.7142857142857144,11.476878021978022,59,7,19,7,50,20,192,train
193,375,63,0,50,18,9,1,5,6,12.20952380952381,12.457975602129121,5.0,10.442703174603174,51,3,15,8,35,15,193,test
194,277,52,0,40,9,5,1,3,4,12.707692307692309,10.125756701596842,5.5,10.999176923076924,41,2,11,3,32,10,194,train
195,463,86,4,64,15,10,3,4,5,15.098039215686274,12.457975602129121,5.666666666666667,10.429009803921568,61,3,17,8,48,18,195,train
196,313,54,2,41,14,6,0,3,7,14.503703703703705,12.161744961471694,7.5,11.116255555555554,42,2,15,5,30,16,196,train
197,301,55,1,45,12,9,3,5,7,8.787878787878787,9.725611199111238,4.0,9.42637878787879,45,3,12,4,32,10,197,train
198,299,54,0,34,13,7,2,3,2,7.2,3.1291,4.0,8.623003703703704,32,3,12,0,30,11,198,train
199,511,93,3,62,20,12,2,10,8,12.740860215053765,11.20814326018867,5.0,10.562388172043011,60,4,20,8,50,23,199,train
200,273,50,2,40,15,6,0,4,4,12.4,11.20814326018867,6.0,11.1925,40,2,12,4,28,10,200,train
201,346,67,0,52,11,4,2,5,9,8.933333333333334,3.1291,3.6666666666666665,9.221994527363183,50,3,11,0,42,3,201,train
202,302,53,0,35,16,8,0,3,4,14.373584905660378,13.023866798666859,6.5,10.909390566037736,35,2,13,6,25,16,202,train
203,547,99,3,69,24,13,1,13,12,10.640404040404041,10.504223727775692,3.5,9.718233333333334,66,6,21,10,59,24,203,train
204,427,74,0,47,16,9,3,6,6,9.021621621621623,8.841846274778883,5.25,10.315316216216218,45,4,21,4,38,21,204,train
205,406,72,1,56,12,3,4,5,10,10.480281690140846,10.125756701596842,3.75,9.187181690140847,58,4,16,6,40,17,205,test
206,306,56,1,46,12,8,3,5,8,8.180952380952382,7.793537801064561,3.0,8.509866666666667,42,3,9,2,30,5,206,test
207,213,40,0,33,10,7,1,2,4,9.0,8.841846274778883,4.5,10.155000000000001,32,2,9,2,26,9,207,train
208,346,66,0,48,17,13,1,6,8,15.01818181818182,10.125756701596842,6.0,9.340421212121212,47,2,12,3,32,11,208,train
209,424,79,0,62,23,7,2,8,10,7.838987341772152,7.554174236665414,3.4,11.415749620253166,61,5,16,3,48,17,209,train
210,326,55,4,39,12,9,0,4,7,19.656603773584905,17.122413403193683,8.5,10.313541509433962,38,2,17,12,32,18,210,test
211,222,42,2,33,10,5,1,3,4,10.304761904761905,8.841846274778883,4.0,10.693338095238095,35,2,8,2,27,7,211,train
212,282,54,4,41,10,7,1,5,6,12.281481481481482,8.841846274778883,5.5,9.946625925925925,43,2,11,2,35,10,212,train
213,360,66,0,53,15,11,2,8,8,10.618181818181819,9.725611199111238,4.333333333333333,8.794821212121212,52,3,13,4,28,11,213,train
214,301,59,0,51,12,6,2,3,10,8.544632768361582,6.42735559955562,2.6666666666666665,9.696881920903955,50,3,8,1,28,12,214,train
215,489,94,3,65,27,16,1,6,14,11.10212765957447,9.516144504307135,4.5,10.009440425531915,65,4,18,5,47,20,215,train
216,697,127,1,86,31,13,6,4,21,9.461867266591677,9.236282656511921,3.7142857142857144,9.509614060742408,81,7,26,8,73,23,216,train
217,264,49,1,37,14,8,0,4,6,8.982312925170069,9.725611199111238,3.0,10.891531292517007,42,3,9,4,33,12,217,train
218,279,55,0,44,10,7,1,4,8,11.0,3.1291,4.5,10.455227272727274,45,2,9,0,26,11,218,train
219,182,36,0,32,6,3,2,5,2,9.422222222222222,8.841846274778883,2.5,9.354022222222223,34,2,5,2,20,5,219,train
220,278,50,1,37,12,6,2,1,5,8.266666666666667,7.793537801064561,4.0,8.884366666666667,39,3,12,2,23,8,220,train
221,365,69,2,51,16,12,1,8,7,8.059420289855073,7.168621630094336,3.5,8.840071014492754,45,4,14,2,38,10,221,train
222,282,57,0,47,6,6,3,4,9,5.194285714285715,5.683917801722854,1.6,9.831305714285715,47,5,8,1,36,6,222,train
223,2,1,0,1,0,0,0,0,0,0.4,3.1291,0.0,0.0496,1,1,0,0,1,0,223,train
224,278,52,2,46,11,7,5,6,4,5.969230769230769,7.168621630094336,2.25,7.925146153846153,49,4,9,2,32,8,224,train
225,278,51,0,36,9,5,1,1,7,7.584313725490197,7.793537801064561,3.6666666666666665,8.19499411764706,40,3,11,2,26,7,225,test
226,214,44,0,30,12,7,0,1,8,5.866666666666667,3.1291,2.6666666666666665,10.105784848484848,29,3,8,0,24,5,226,train
227,129,26,0,24,2,2,1,2,6,10.4,3.1291,2.0,7.962638461538462,25,1,2,0,16,2,227,train
228,298,58,1,44,13,10,1,4,7,13.668965517241379,11.20814326018867,5.0,9.158520689655173,48,2,10,4,30,10,228,train
229,443,84,2,55,23,12,4,3,11,7.504761904761906,8.344100000000001,3.3333333333333335,11.84994761904762,55,6,20,5,55,13,229,train
230,499,91,1,65,20,13,2,6,11,10.356923076923078,9.888512548439397,3.6,9.050648571428573,66,5,18,7,47,18,230,train
231,165,32,2,29,8,5,2,4,4,7.65,7.168621630094336,1.5,9.364474999999999,31,2,4,1,19,5,231,train
232,420,70,1,53,18,11,3,9,8,15.04761904761905,13.5591,6.333333333333333,11.786547619047619,53,3,19,10,41,22,232,train
233,363,64,0,55,17,9,1,4,9,12.283333333333333,11.20814326018867,6.333333333333333,10.615883333333333,54,3,19,6,38,18,233,train
234,349,62,0,48,11,10,3,7,5,9.444808743169398,7.793537801064561,4.333333333333333,9.304377595628416,49,3,13,2,37,10,234,train
235,442,83,4,59,19,11,4,10,11,19.009638554216867,13.023866798666859,8.5,11.21188795180723,63,2,17,6,45,15,235,train
236,392,68,2,47,18,11,2,8,8,10.329411764705883,10.686352973137792,4.75,10.981464705882354,46,4,19,7,46,17,236,test
237,349,63,0,52,14,9,2,5,5,10.100546448087432,8.841846274778883,5.0,11.89290218579235,54,3,15,3,43,17,237,test
238,246,44,2,36,9,6,3,3,5,7.127272727272729,8.07648339933343,2.0,9.20619090909091,37,4,8,3,24,9,238,train
239,322,72,3,48,13,4,0,7,11,5.355555555555556,5.46131890053228,1.3333333333333333,9.495033333333335,47,6,8,1,41,4,239,train
240,457,86,3,56,27,11,3,6,13,13.327131782945736,11.855464076750408,4.666666666666667,11.11732015503876,55,3,14,7,57,10,240,train
241,305,52,0,34,17,8,0,3,7,10.584615384615384,11.20814326018867,3.0,10.961684615384616,34,4,13,8,30,11,241,train
242,197,38,0,31,8,6,1,3,6,7.171929824561403,7.793537801064561,2.6666666666666665,10.0821350877193,32,3,8,2,23,9,242,train
243,433,87,1,59,21,13,1,6,12,12.979310344827589,9.725611199111238,4.333333333333333,9.975244827586206,58,3,13,4,45,10,243,test
244,156,28,0,24,9,6,0,2,2,8.457142857142857,8.841846274778883,4.0,11.66197142857143,25,2,8,2,18,8,244,train
245,382,67,1,55,13,10,3,7,5,7.748059701492538,8.841846274778883,3.0,9.957259402985075,54,5,15,5,35,15,245,train
246,427,81,1,58,16,14,3,7,11,9.087654320987655,7.168621630094336,2.75,9.709295061728396,55,4,11,2,38,14,246,train
247,277,50,0,43,12,5,2,4,5,8.266666666666667,8.841846274778883,4.0,11.726566666666667,42,3,12,3,29,14,247,train
248,154,35,0,30,7,6,1,3,5,7.0,3.1291,2.0,9.015928571428573,29,2,4,0,15,4,248,test
249,366,71,0,49,16,10,4,3,11,11.15680751173709,9.725611199111238,4.333333333333333,9.25825399061033,49,3,13,4,31,13,249,train
250,211,39,1,31,7,7,3,3,3,8.825641025641026,7.168621630094336,2.5,8.65241794871795,32,2,5,1,20,7,250,train
251,409,83,1,53,18,8,1,6,6,9.263855421686747,7.168621630094336,4.0,12.46557951807229,52,4,16,2,58,15,251,train
252,560,96,5,70,19,16,6,11,9,8.402380952380952,9.957137785484202,3.142857142857143,8.264228571428571,68,7,22,10,55,19,252,train
253,406,74,0,52,21,11,1,5,8,17.502702702702702,13.81666964889586,9.0,11.232916216216216,52,2,18,7,35,19,253,train
254,128,27,0,24,4,5,0,4,3,5.4,7.168621630094336,1.0,8.98461851851852,25,2,2,1,17,3,254,train
255,446,80,0,63,20,7,2,4,8,7.9,7.554174236665414,4.2,9.9566,61,5,21,3,43,17,255,train
256,97,21,2,17,4,0,2,0,3,8.4,3.1291,2.0,11.445242857142857,19,1,2,0,19,2,256,train
257,286,51,0,39,12,9,4,5,5,14.121568627450982,13.023866798666859,5.0,8.926201960784315,38,2,10,6,21,11,257,train
258,167,32,0,28,11,5,1,2,1,6.4,3.1291,2.5,12.3251,27,2,5,0,23,9,258,train
259,320,61,2,48,16,8,3,3,2,8.0,8.07648339933343,3.0,10.6965,47,4,12,3,35,8,259,train
260,174,30,2,25,7,7,1,2,3,5.333333333333334,6.42735559955562,1.6666666666666667,9.922166666666667,28,3,5,1,23,6,260,test
261,255,51,2,38,10,7,1,5,6,8.368627450980393,7.793537801064561,2.3333333333333335,8.81420980392157,39,3,7,2,28,8,261,test
262,319,55,3,37,14,7,2,4,7,5.854545454545455,6.742157984588678,3.2,10.4981,38,5,16,2,36,14,262,train
263,152,29,0,28,7,2,1,3,3,7.179310344827586,7.168621630094336,2.5,9.800527586206897,28,2,5,1,19,7,263,train
264,897,154,10,95,42,19,5,14,16,12.635064935064936,11.93303328291395,5.375,11.25591038961039,91,8,43,19,95,43,264,train
265,150,26,0,24,9,5,1,1,3,6.738461538461539,8.841846274778883,4.0,11.568992307692309,26,2,7,2,18,8,265,train
266,333,62,2,46,13,11,1,3,8,14.335483870967742,10.125756701596842,5.0,10.267648387096774,48,2,9,3,31,12,266,train
267,317,58,0,45,17,11,2,4,9,7.179310344827586,7.168621630094336,3.25,10.617251724137931,40,4,13,2,40,14,267,train
268,341,60,0,45,19,6,0,5,6,14.666666666666666,11.20814326018867,6.5,11.177333333333333,44,2,13,4,31,16,268,train
269,315,58,0,45,14,9,2,4,5,12.979310344827589,8.841846274778883,5.5,11.608693103448276,46,2,11,2,35,14,269,train
270,278,52,0,41,10,5,3,4,2,6.738461538461539,7.168621630094336,2.25,11.265338461538462,40,4,9,2,34,14,270,train
271,308,53,0,41,13,8,1,4,8,13.618867924528303,11.20814326018867,7.5,10.611466037735848,40,2,15,4,26,15,271,train
272,529,92,4,63,22,11,2,8,8,14.417391304347825,13.023866798666859,6.0,11.47088695652174,64,4,25,12,60,26,272,test
273,172,35,0,29,6,5,1,3,3,7.0,3.1291,3.0,9.46707142857143,28,2,6,0,22,2,273,train
274,348,65,1,50,20,6,1,3,9,8.961538461538462,8.841846274778883,3.25,12.701884615384614,51,4,13,4,47,16,274,test
275,276,51,1,43,13,7,3,0,7,8.368627450980393,7.793537801064561,3.6666666666666665,10.362249019607845,44,3,11,2,30,11,275,train
276,530,98,1,66,22,12,10,6,14,13.06530612244898,11.20814326018867,5.75,10.490985714285715,67,4,22,8,56,25,276,train
277,391,69,2,52,16,9,4,9,7,16.69855072463768,12.161744961471694,8.0,11.526395652173914,50,2,16,5,43,15,277,train
278,224,39,0,35,8,3,0,6,4,8.825641025641026,7.168621630094336,4.5,9.462161538461539,39,2,9,1,26,7,278,train
279,255,47,0,30,12,9,1,4,4,11.10212765957447,8.841846274778883,3.5,9.84146170212766,31,2,7,2,22,10,279,train
280,396,73,0,61,18,9,2,9,11,9.491780821917809,8.841846274778883,3.25,10.814439726027398,57,4,13,4,46,17,280,train
281,395,76,0,52,13,10,1,12,9,11.712280701754386,9.725611199111238,5.666666666666667,9.04829649122807,50,3,17,4,28,14,281,test
282,317,54,3,39,15,7,1,2,8,13.022222222222224,10.125756701596842,6.5,11.116255555555554,46,2,13,3,36,13,282,train
283,363,67,0,49,14,9,4,8,5,9.088059701492538,8.841846274778883,2.75,9.652076119402984,50,4,11,4,35,14,283,test
284,141,26,0,22,3,3,3,2,2,5.005128205128205,6.42735559955562,1.3333333333333333,10.746751282051282,21,3,4,1,17,5,284,test
285,178,44,0,30,6,2,1,2,9,10.618181818181819,8.841846274778883,1.0,10.110654545454546,31,2,2,2,22,2,285,train
286,158,31,0,28,6,3,2,3,5,7.490322580645162,7.168621630094336,2.0,9.498848387096775,29,2,4,1,17,6,286,train
287,469,79,4,54,22,16,4,4,10,10.370632911392406,10.793553405168563,3.8,10.216509113924051,55,5,19,9,52,19,287,train
288,452,84,3,67,15,10,8,7,8,8.906827309236949,9.725611199111238,3.3333333333333335,12.122512851405624,66,6,20,8,63,19,288,train
289,324,60,0,48,17,8,2,3,9,13.333333333333336,8.841846274778883,6.0,10.651,47,2,12,2,30,15,289,train
290,364,69,3,53,16,9,3,12,3,7.4797101449275365,5.985473137389441,2.25,11.128476811594203,51,4,9,1,49,9,290,train
291,113,22,0,18,5,5,2,3,0,10.618181818181819,11.20814326018867,2.0,6.880881818181818,19,1,2,2,10,3,291,train
292,361,68,0,51,20,7,1,2,13,12.007843137254902,10.504223727775692,4.666666666666667,10.565913725490196,48,3,14,5,35,14,292,train
293,507,92,5,54,16,18,3,9,7,21.44347826086957,14.554592549557764,8.5,10.03723043478261,55,2,17,8,43,17,293,train
294,425,76,0,57,19,10,0,5,9,8.185263157894736,8.238735603445708,2.8,9.376735789473685,60,5,14,3,44,12,294,train
295,282,52,3,42,14,8,2,6,6,10.01025641025641,9.725611199111238,4.0,11.176617948717949,42,3,12,4,40,14,295,train
296,357,64,1,55,15,10,3,5,6,7.65,8.841846274778883,3.25,10.844787499999999,56,4,13,4,39,16,296,train
297,29,5,0,5,3,0,0,0,1,10.0,8.841846274778883,2.0,13.3585,6,1,2,1,4,2,297,train
298,199,39,0,33,8,6,1,2,4,8.825641025641026,7.168621630094336,2.0,9.057289743589743,34,2,4,1,20,6,298,train
299,164,31,1,26,6,5,3,5,1,4.390322580645162,5.985473137389441,1.5,10.133158064516131,28,4,6,1,23,5,299,test
300,169,34,0,27,8,5,0,4,8,4.533333333333334,3.1291,2.0,8.378339215686275,27,3,6,0,16,6,300,train
301,236,40,0,34,11,5,1,2,5,12.0,13.023866798666859,5.0,9.3655,34,2,10,6,16,9,301,train
302,374,67,0,51,16,9,4,3,7,11.32139303482587,10.504223727775692,5.0,9.693337810945273,52,3,15,5,43,16,302,train
303,212,39,0,29,9,5,2,5,1,10.876923076923077,10.125756701596842,4.0,10.676776923076924,30,2,8,3,23,9,303,train
304,278,48,0,39,11,8,2,4,5,8.9,8.841846274778883,3.6666666666666665,10.35135,41,3,11,3,31,12,304,test
305,755,150,0,97,29,14,5,14,19,9.80849420849421,7.957251820313856,3.2857142857142856,10.019645173745173,99,7,23,5,89,30,305,train
306,192,32,1,26,8,7,1,3,5,11.4,11.20814326018867,5.0,11.338225000000001,26,2,10,4,17,13,306,train
307,400,76,0,60,12,9,0,6,11,11.712280701754386,8.841846274778883,4.333333333333333,10.294875438596492,60,3,13,3,42,12,307,train
308,288,51,0,39,13,9,0,6,4,13.337254901960785,11.20814326018867,7.5,10.783849019607844,39,2,15,4,28,16,308,test
309,514,88,5,63,20,13,2,7,9,10.866666666666667,11.538034831475386,3.5,10.285216666666667,62,6,21,13,58,27,309,train
310,263,50,0,38,11,8,4,5,3,5.800000000000001,5.985473137389441,2.25,10.2567,37,4,9,1,29,13,310,test
311,297,54,0,40,16,10,3,2,7,13.022222222222224,10.125756701596842,5.5,10.531440740740742,41,2,10,3,29,13,311,test
312,260,46,1,39,10,7,0,2,4,10.93913043478261,8.841846274778883,6.0,10.955995652173913,43,2,12,2,24,11,312,train
313,430,80,3,58,15,8,5,4,10,13.064978902953587,10.504223727775692,6.333333333333333,10.139342194092826,59,3,19,5,46,16,313,train
314,245,47,1,37,11,4,0,4,3,10.251063829787235,7.168621630094336,4.0,12.529121276595745,38,2,8,1,29,11,314,train
315,251,47,0,40,11,6,2,5,5,7.117730496453901,6.42735559955562,2.6666666666666665,9.116970921985814,42,3,6,1,27,4,315,train
316,445,84,0,52,23,11,2,10,10,7.672380952380952,6.742157984588678,3.0,11.800851428571429,49,5,15,2,56,17,316,train
317,550,95,5,71,25,10,1,3,10,10.122807017543861,10.125756701596842,3.8333333333333335,12.06751754385965,71,6,22,9,71,28,317,train
318,360,61,1,47,17,12,1,4,7,17.445901639344264,15.247664890283005,7.5,11.10290655737705,49,2,15,9,35,18,318,test
319,353,61,1,50,14,5,2,5,7,8.722950819672132,8.841846274778883,4.25,10.346506557377051,49,4,15,4,32,13,319,train
320,403,77,1,56,21,8,1,3,10,11.825108225108226,8.841846274778883,5.333333333333333,11.061514718614719,57,3,16,3,39,15,320,train
321,192,31,3,28,10,3,0,4,2,10.070967741935485,11.20814326018867,5.0,11.026912903225806,28,2,10,4,19,10,321,train
322,14,2,0,2,1,1,0,0,0,20.8,8.841846274778883,1.0,11.630700000000001,2,1,1,1,1,1,322,test
323,367,63,0,47,18,8,2,5,8,15.13968253968254,11.20814326018867,8.0,11.966042857142856,48,2,16,4,37,16,323,train
324,361,60,0,50,14,9,3,9,7,11.333333333333336,10.504223727775692,5.333333333333333,11.207666666666666,53,3,16,5,38,17,324,train
325,187,37,1,28,5,7,1,6,5,7.4,3.1291,2.5,7.541397297297298,29,2,5,0,19,2,325,train
326,220,41,1,31,10,8,1,4,5,10.151219512195123,8.841846274778883,3.5,10.045007317073171,31,2,7,2,22,8,326,train
327,257,46,1,38,13,6,3,4,8,7.0028985507246375,6.42735559955562,3.3333333333333335,10.918989855072464,39,3,10,1,32,12,327,train
328,183,33,0,29,11,4,1,5,1,7.8121212121212125,7.168621630094336,5.0,12.589142424242425,24,2,10,1,22,9,328,train
329,340,61,1,46,15,11,3,5,7,10.100546448087432,8.841846274778883,4.333333333333333,9.304377595628416,45,3,13,3,35,15,329,train
330,156,28,0,25,6,4,1,5,2,6.590476190476192,7.793537801064561,1.6666666666666667,9.174790476190477,25,3,5,2,16,6,330,train
331,277,50,2,44,10,3,3,1,7,9.866666666666667,10.504223727775692,3.3333333333333335,10.147566666666666,45,3,10,5,35,13,331,train
332,342,64,2,50,12,8,6,2,6,10.408333333333333,9.725611199111238,3.0,9.135570833333333,50,3,9,4,36,10,332,train
333,406,72,1,56,19,11,6,4,13,9.977777777777778,9.516144504307135,5.0,10.45055,56,4,20,5,40,19,333,train
334,493,90,1,56,21,11,4,8,15,8.6984126984127,9.606745405546679,2.7142857142857144,9.011214285714285,56,7,19,9,55,17,334,test
335,14,2,0,2,1,1,0,0,0,20.8,8.841846274778883,1.0,11.630700000000001,2,1,1,1,1,1,335,train
336,374,66,1,53,14,9,2,5,6,16.23030303030303,12.161744961471694,8.0,10.775875757575758,54,2,16,5,36,15,336,train
337,134,22,1,21,4,2,3,2,4,10.618181818181819,8.841846274778883,5.0,10.469518181818183,24,1,5,1,15,7,337,train
338,288,52,0,42,16,8,0,2,5,5.969230769230769,7.168621630094336,2.5,9.443415384615385,43,4,9,2,30,8,338,test
339,463,89,0,60,25,7,0,9,12,14.113857677902622,10.504223727775692,4.666666666666667,10.785270037453184,58,3,14,5,52,20,339,train
340,620,108,6,62,25,15,5,14,13,10.162962962962965,10.125756701596842,4.666666666666667,10.231244444444446,63,6,28,9,67,26,340,train
341,509,90,2,59,23,12,0,10,8,9.422222222222222,9.3871,4.0,10.318966666666668,59,5,21,6,52,18,341,train
342,298,54,2,40,12,7,1,4,7,13.022222222222224,10.125756701596842,5.5,9.654218518518519,39,2,11,3,30,7,342,train
343,437,77,4,60,19,11,0,5,13,16.95844155844156,11.20814326018867,9.5,11.698048051948051,59,2,19,4,50,22,343,train
344,192,38,0,32,8,4,1,2,5,9.562162162162162,10.125756701596842,4.0,8.39491081081081,34,2,8,3,24,5,344,train
345,395,68,3,45,16,6,4,3,10,8.564705882352943,8.07648339933343,3.75,10.052641176470589,48,4,15,3,41,16,345,train
346,342,60,0,44,18,9,0,3,8,9.333333333333334,10.686352973137792,4.0,8.854333333333333,42,4,16,7,28,12,346,test
347,345,64,1,49,14,9,1,6,7,11.658333333333333,10.504223727775692,5.0,10.369164583333333,48,3,15,5,35,13,347,train
348,376,64,1,48,18,10,3,6,7,9.783333333333333,7.793537801064561,5.666666666666667,11.849477083333333,51,3,17,2,50,16,348,train
349,506,93,0,62,22,10,3,6,8,6.370430107526882,7.168621630094336,2.0,10.664927956989247,60,8,16,4,57,13,349,train
350,308,56,0,42,16,9,0,3,4,8.180952380952382,8.841846274778883,4.0,9.63772380952381,42,3,12,3,24,12,350,train
351,264,48,0,39,12,6,2,7,5,12.933333333333335,11.20814326018867,3.5,10.090233333333334,42,2,7,4,23,10,351,train
352,372,71,0,48,16,7,6,5,9,7.370140845070423,7.554174236665414,1.6,10.12307352112676,47,5,8,3,36,14,352,test
353,489,91,0,64,21,15,4,6,9,10.858241758241759,9.516144504307135,4.0,10.490943956043957,62,4,16,5,45,16,353,train
354,481,90,4,60,20,11,6,4,11,10.755555555555556,11.602472056035307,3.8,8.389077777777779,59,5,19,11,50,14,354,train
355,340,55,2,40,16,9,1,8,9,11.696969696969697,11.20814326018867,5.666666666666667,11.72310606060606,42,3,19,6,45,18,355,test
356,598,115,2,80,31,15,0,10,16,9.753623188405797,10.125756701596842,3.5,10.216644927536233,77,6,21,9,62,21,356,train
357,282,52,1,41,10,7,3,4,6,12.707692307692309,10.125756701596842,6.0,9.784561538461539,43,2,12,3,23,10,357,test
358,176,30,0,26,10,4,0,4,3,7.333333333333333,7.168621630094336,5.0,13.328166666666666,28,2,9,1,21,7,358,train
359,287,49,0,38,16,9,1,4,8,7.348979591836735,8.07648339933343,2.5,9.400018367346938,36,4,10,3,30,11,359,train
360,482,85,1,62,19,9,4,9,11,10.094117647058823,10.355215969177355,5.0,12.09605294117647,59,5,25,8,56,24,360,train
361,391,74,0,43,21,13,1,10,9,7.0010810810810815,6.742157984588678,1.8,9.49166108108108,38,5,9,2,44,13,361,test
362,225,38,0,31,8,7,2,3,3,10.757894736842106,10.125756701596842,5.0,12.4739,31,2,10,3,24,12,362,test
363,521,92,4,73,23,11,4,6,12,8.307246376811595,8.841846274778883,3.5,10.747359420289856,72,6,21,6,57,18,363,train
364,427,85,0,64,13,10,5,4,11,11.803921568627452,8.841846274778883,3.6666666666666665,8.757127450980391,63,3,11,3,41,9,364,train
365,173,33,0,28,6,5,0,5,4,7.8121212121212125,7.168621630094336,2.0,10.196718181818182,29,2,4,1,16,6,365,train
366,311,54,1,42,11,5,4,5,8,9.422222222222222,9.725611199111238,3.6666666666666665,9.792633333333335,45,3,11,4,32,10,366,train
367,313,60,3,47,10,6,3,5,7,14.666666666666666,11.20814326018867,4.5,9.335166666666668,49,2,10,4,33,9,367,train
368,147,30,1,30,4,0,2,1,4,3.8666666666666667,3.1291,1.6666666666666667,11.194242528735632,32,3,5,0,24,4,368,train
369,241,47,0,37,12,4,2,5,6,7.968794326241135,7.793537801064561,2.3333333333333335,9.452928368794327,36,3,7,2,23,7,369,train
370,591,118,5,82,24,13,3,8,19,9.2225988700565,8.841846274778883,3.5,11.168831073446327,78,6,21,6,74,15,370,train
371,204,41,0,36,7,3,0,3,5,7.417886178861789,7.793537801064561,2.3333333333333335,9.320952032520324,35,3,7,2,22,7,371,test
372,239,52,0,44,5,5,4,4,7,10.4,7.168621630094336,1.0,5.837061538461539,42,2,2,1,18,1,372,train
373,301,61,4,46,8,5,0,4,9,13.511475409836066,8.841846274778883,3.5,12.138316393442622,46,2,7,2,51,11,373,train
374,290,49,1,43,10,6,0,2,2,9.79795918367347,10.125756701596842,3.0,10.044508163265306,44,4,12,6,32,9,374,train
375,437,90,4,51,23,7,3,7,11,6.0,3.1291,2.1666666666666665,11.573722222222223,49,6,13,0,68,5,375,train
376,174,36,0,33,8,3,3,1,5,7.2,3.1291,2.5,9.354022222222223,35,2,5,0,23,3,376,train
377,285,53,4,44,13,8,1,4,7,10.08553459119497,10.504223727775692,3.3333333333333335,10.76918176100629,43,3,10,5,34,15,377,train
378,219,42,0,37,10,5,2,2,5,7.504761904761906,9.725611199111238,3.3333333333333335,8.46637619047619,36,3,10,4,24,6,378,train
379,480,86,2,64,22,12,2,6,11,10.460465116279071,9.516144504307135,5.0,10.578248837209303,65,4,20,5,53,21,379,test
380,262,46,1,37,8,7,0,6,5,7.0028985507246375,6.42735559955562,4.0,9.545946376811594,40,3,12,1,31,10,380,train
381,358,67,7,54,15,8,2,6,7,13.4,7.168621630094336,6.0,10.482876119402984,52,2,12,1,41,10,381,train
382,326,62,6,50,14,9,0,2,11,15.625806451612902,12.161744961471694,6.0,11.03168064516129,51,2,12,5,36,11,382,test
383,106,20,0,19,4,2,0,1,1,10.0,11.20814326018867,5.0,7.7865,20,1,5,2,7,4,383,test
384,322,56,0,43,14,12,1,4,7,12.62857142857143,8.841846274778883,5.5,10.100657142857143,44,2,11,2,25,14,384,train
385,367,66,1,48,18,10,1,3,10,17.442424242424245,13.81666964889586,7.5,10.775875757575758,49,2,15,7,38,14,385,train
386,259,47,1,35,13,9,0,3,4,11.10212765957447,8.841846274778883,5.0,11.521248936170213,37,2,10,2,25,13,386,train
387,352,66,0,54,18,9,1,8,10,11.224242424242426,9.725611199111238,3.6666666666666665,10.948003030303031,54,3,11,4,47,14,387,train
388,260,44,0,38,10,6,0,5,4,11.52727272727273,11.20814326018867,5.5,9.751790909090909,39,2,11,4,21,11,388,test
389,370,61,0,45,15,9,2,3,11,10.756284153005465,10.504223727775692,5.666666666666667,10.080934972677596,42,3,17,5,32,16,389,train
390,391,70,0,54,17,7,5,7,6,14.476190476190476,13.023866798666859,5.333333333333333,10.884261904761905,52,3,17,9,43,17,390,train
391,140,27,0,25,7,3,1,1,3,5.081481481481482,6.42735559955562,1.6666666666666667,9.931048148148149,24,3,5,1,17,6,391,train
392,242,45,2,38,6,7,0,4,7,9.88888888888889,7.168621630094336,4.5,9.314055555555555,35,2,8,1,24,6,392,train
393,449,81,0,60,14,12,3,9,11,8.949135802469135,8.841846274778883,4.0,10.483106419753087,62,5,20,5,51,20,393,train
394,207,43,2,32,13,4,0,3,8,6.552380952380952,6.42735559955562,2.0,12.977804761904762,33,3,6,1,34,10,394,train
395,348,61,3,53,14,9,3,6,7,14.1672131147541,11.20814326018867,8.0,10.844054098360656,52,2,16,4,38,12,395,train
396,428,76,0,51,18,12,2,6,10,13.291228070175439,11.20814326018867,6.666666666666667,10.502638596491229,50,3,20,6,39,19,396,test
397,351,67,1,52,15,12,0,3,9,15.01818181818182,11.20814326018867,6.0,10.536633333333334,55,2,12,4,34,11,397,train
398,576,110,7,74,24,14,4,11,15,13.46880733944954,11.698219412168324,5.5,11.50690733944954,74,4,22,9,74,25,398,train
399,316,58,2,44,12,6,1,7,9,7.86896551724138,8.07648339933343,2.25,10.072768965517241,43,4,9,3,31,13,399,train
400,283,53,2,48,13,6,6,4,6,11.548717948717949,11.20814326018867,4.333333333333333,11.176617948717949,44,3,13,6,35,12,400,train
401,432,84,1,54,21,7,2,7,14,7.504761904761906,7.793537801064561,2.5,12.225900000000001,54,6,15,4,65,12,401,train
402,220,40,1,36,10,5,3,2,3,8.0,8.841846274778883,3.5,9.3655,39,2,7,2,23,7,402,test
403,150,31,3,26,11,4,1,3,1,7.333333333333333,7.168621630094336,1.5,12.275500000000001,28,2,3,1,26,3,403,train
404,422,69,1,45,16,13,5,4,8,9.798550724637682,9.516144504307135,5.25,9.526592753623188,45,4,21,5,40,18,404,train
405,7,1,0,1,1,0,0,0,0,0.4,3.1291,1.0,19.476100000000002,1,1,1,0,1,1,405,train
406,342,59,0,41,14,11,1,7,8,9.967796610169493,10.686352973137792,4.0,9.988269491525426,39,4,14,7,31,14,406,train
407,432,81,0,55,17,9,5,4,9,7.869135802469136,8.344100000000001,2.8333333333333335,10.739062962962963,54,6,17,5,52,16,407,train
408,301,52,0,41,15,9,1,4,5,10.01025641025641,10.504223727775692,4.333333333333333,10.26565641025641,42,3,13,5,26,14,408,test
409,564,102,2,68,24,21,0,10,14,10.905098039215687,9.888512548439397,5.2,10.06647725490196,65,5,26,7,55,24,409,train
410,414,75,2,59,21,8,2,4,11,13.733333333333334,11.855464076750408,5.666666666666667,10.5609,59,3,17,7,42,16,410,train
411,342,66,4,53,15,7,2,4,6,9.024242424242425,8.841846274778883,3.0,10.196718181818182,57,4,12,4,41,9,411,train
412,186,35,0,28,2,3,0,6,2,4.666666666666667,3.1291,2.3333333333333335,9.177738095238094,28,3,7,0,18,5,412,train
413,287,50,0,42,10,5,2,3,7,8.200000000000001,8.841846274778883,3.25,11.5199,44,4,13,4,35,12,413,train
414,399,80,6,63,17,8,2,5,6,5.571428571428572,6.18269132825596,1.7142857142857142,12.690482142857144,59,7,12,2,68,12,414,train
415,336,64,0,44,13,11,1,3,8,10.408333333333333,9.725611199111238,4.0,8.888852083333333,43,3,12,4,26,9,415,train
416,321,58,0,47,13,7,4,6,7,12.979310344827589,10.125756701596842,6.5,10.791968965517242,45,2,13,3,30,12,416,train
417,363,62,2,43,17,8,1,4,10,15.625806451612902,12.161744961471694,9.0,12.305067741935485,44,2,19,5,40,18,417,train
418,307,56,1,42,12,11,4,5,7,11.914285714285715,7.168621630094336,7.0,9.818692857142857,41,2,12,1,29,12,418,train
419,287,54,0,42,12,10,0,6,10,9.422222222222222,8.841846274778883,3.0,9.792633333333335,40,3,8,3,30,11,419,train
420,217,39,0,36,9,7,0,5,3,11.902564102564103,11.20814326018867,4.0,9.867033333333335,35,2,8,4,23,8,420,train
421,371,69,4,50,11,9,3,6,6,9.218840579710145,8.841846274778883,4.0,10.441955072463767,52,4,15,4,49,15,421,train
422,419,72,6,56,18,11,1,8,8,10.533333333333335,10.125756701596842,3.0,10.45055,53,4,12,6,51,15,422,test
423,227,44,0,34,8,2,2,3,5,7.684848484848485,8.841846274778883,2.6666666666666665,8.311466666666668,34,3,8,3,24,5,423,train
424,251,46,0,37,10,5,1,3,3,7.166666666666668,8.07648339933343,2.0,8.405166666666666,40,4,8,3,25,7,424,train
425,833,156,5,89,32,22,8,22,18,11.478388278388278,10.290406445055957,4.428571428571429,9.195461172161172,84,7,31,10,86,27,425,train
426,224,44,1,35,8,6,2,4,8,6.775757575757575,7.793537801064561,2.6666666666666665,10.823512121212122,34,3,9,2,31,8,426,test
427,216,39,0,31,7,3,2,4,3,9.851282051282052,11.20814326018867,4.5,9.057289743589743,31,2,9,4,16,8,427,train
428,291,54,3,44,10,10,4,3,8,8.681481481481482,7.793537801064561,3.0,8.623003703703704,46,3,9,2,30,7,428,train
429,265,49,0,38,11,6,0,6,4,8.165986394557823,9.725611199111238,3.0,7.991327210884354,37,3,9,4,17,9,429,test
430,337,58,2,44,14,6,2,3,5,6.625287356321839,7.793537801064561,2.6666666666666665,12.010966666666667,44,6,16,4,40,16,430,train
431,371,67,3,52,12,8,4,6,12,10.127363184079602,10.504223727775692,5.666666666666667,8.750651243781094,51,3,16,5,31,11,431,train
432,422,77,1,53,16,16,2,9,9,11.825108225108226,8.841846274778883,4.666666666666667,9.626060173160173,54,3,14,3,35,17,432,train
433,354,67,2,56,22,7,4,5,9,10.127363184079602,8.841846274778883,4.0,12.285725870646766,56,3,12,3,47,12,433,test
434,398,73,0,57,14,10,3,7,10,16.243835616438357,10.125756701596842,8.0,10.63813287671233,59,2,15,3,39,15,434,train
435,330,58,1,46,14,10,1,6,7,6.708965517241379,7.554174236665414,3.0,10.201170344827586,46,5,15,3,36,15,435,train
436,372,67,1,47,13,7,5,8,6,11.918407960199005,11.20814326018867,6.0,9.929009452736318,48,3,18,5,33,15,436,test
437,296,55,1,43,13,5,1,6,7,11.727272727272727,8.841846274778883,4.5,10.455227272727274,46,2,9,2,36,10,437,train
438,272,53,0,47,7,4,4,6,7,13.618867924528303,11.20814326018867,5.5,10.313541509433962,47,2,11,4,30,10,438,train
439,305,55,4,39,15,8,1,5,6,8.787878787878787,7.793537801064561,4.0,10.861833333333333,41,3,12,2,36,11,439,train
440,343,64,1,46,15,12,1,4,8,11.033333333333333,9.725611199111238,3.6666666666666665,9.135570833333333,47,3,11,4,29,13,440,train
441,182,35,1,29,5,1,0,3,5,5.80952380952381,8.841846274778883,2.0,13.238023809523812,32,3,6,3,29,5,441,test
442,261,49,0,38,8,8,1,5,5,12.248979591836736,12.161744961471694,4.5,8.074148979591836,36,2,10,5,17,6,442,train
443,331,59,1,44,15,6,3,4,8,14.51186440677966,11.20814326018867,7.0,11.522750847457628,46,2,14,4,31,12,443,train
444,159,31,0,28,7,4,0,3,3,6.2,3.1291,2.5,10.00820322580645,29,2,5,0,17,5,444,train
445,161,30,0,26,4,4,2,3,3,7.333333333333333,7.168621630094336,2.0,9.1175,26,2,4,1,13,4,445,train
446,179,28,0,22,5,2,3,2,3,9.885714285714286,10.125756701596842,4.5,11.66197142857143,22,2,9,3,17,9,446,train
447,341,61,2,48,14,9,2,7,5,14.1672131147541,11.20814326018867,7.0,10.067496721311475,48,2,14,4,36,14,447,test
448,40,8,0,8,1,2,0,0,1,3.2,3.1291,0.0,6.00705,9,1,0,0,3,0,448,train
449,316,57,2,42,15,8,0,7,9,13.505263157894738,10.125756701596842,7.0,11.69852105263158,42,2,14,3,31,17,449,train
450,390,69,3,53,14,8,3,10,9,9.779710144927536,7.793537801064561,5.0,10.727155072463768,57,3,15,2,44,17,450,test
451,339,66,1,48,13,7,2,4,8,11.033333333333333,9.725611199111238,4.666666666666667,10.122445833333334,49,3,14,4,33,14,451,train
452,206,39,0,34,7,6,1,3,6,9.302564102564103,9.725611199111238,2.6666666666666665,10.759248717948719,33,3,8,4,24,10,452,train
453,98,18,0,15,4,3,0,2,2,5.822222222222223,7.168621630094336,2.0,10.223455555555555,16,2,4,1,10,2,453,train
454,352,67,1,53,16,7,2,7,7,11.32139303482587,10.504223727775692,4.0,10.164681094527364,53,3,12,5,34,14,454,train
455,439,80,2,58,17,10,6,7,10,11.5,10.686352973137792,4.0,9.957625,56,4,16,7,42,18,455,test
456,486,89,1,63,21,13,2,8,12,14.915151515151516,11.855464076750408,7.0,11.550978787878787,61,3,21,7,51,20,456,train
457,452,87,1,67,14,6,2,5,14,10.079310344827586,8.07648339933343,3.0,9.615644827586207,66,4,12,3,43,15,457,train
458,313,55,0,40,14,11,1,1,8,10.969696969696969,11.20814326018867,5.0,10.287651515151516,40,3,15,6,30,15,458,train
459,288,54,1,43,9,9,1,5,6,12.281481481481482,10.125756701596842,4.0,7.6073666666666675,44,2,8,3,21,6,459,train
460,468,88,4,61,24,12,1,3,13,7.494545454545456,5.683917801722854,3.2,10.610141818181818,60,5,16,1,59,16,460,train
461,484,88,5,67,25,8,2,5,9,7.639080459770115,7.793537801064561,2.3333333333333335,9.800527586206897,67,6,14,4,60,17,461,train
462,383,62,0,49,18,8,4,6,7,8.185806451612903,10.355215969177355,4.0,10.36379806451613,47,5,20,8,38,15,462,train
463,436,83,0,53,14,15,3,10,10,13.476305220883535,11.20814326018867,4.666666666666667,8.623344979919679,53,3,14,6,33,13,463,train
464,314,57,2,44,13,7,2,3,7,8.301754385964912,7.793537801064561,3.6666666666666665,9.011180701754386,47,3,11,2,32,11,464,test
465,448,81,1,62,16,7,9,8,6,9.93679012345679,10.793553405168563,4.2,9.898291604938272,61,5,21,9,42,15,465,train
466,266,49,0,43,11,6,2,2,5,12.933333333333335,11.20814326018867,6.0,9.103358333333333,47,2,12,4,27,8,466,train
467,271,48,1,36,16,11,1,2,5,10.566666666666666,10.504223727775692,4.0,9.693433333333335,37,3,12,5,31,12,467,train
468,260,49,2,39,11,6,1,3,4,3.9200000000000004,3.1291,2.0,8.956253469387756,41,5,10,0,29,6,468,train
469,187,34,1,27,7,7,0,4,3,3.4000000000000004,3.1291,2.0,10.559864705882354,29,4,8,0,28,6,469,train
470,489,91,1,64,23,10,4,9,10,13.333333333333336,8.841846274778883,7.0,11.089611111111111,62,3,21,3,55,15,470,train
471,519,94,2,68,21,15,2,9,13,10.073191489361703,9.3871,3.8,9.440362978723403,70,5,19,5,56,18,471,train
472,347,60,3,43,14,10,2,3,9,6.800000000000001,7.554174236665414,2.8,9.495033333333335,43,5,13,3,35,12,472,train
473,166,31,0,30,6,4,3,3,1,7.490322580645162,7.168621630094336,3.0,10.51755806451613,30,2,6,1,20,6,473,train
474,203,37,1,24,13,6,1,3,5,8.481081081081081,7.168621630094336,4.5,11.808964864864866,25,2,9,1,24,8,474,train
475,617,110,5,82,23,14,7,10,12,8.467532467532468,8.418075326091056,3.857142857142857,10.157746753246755,76,7,27,6,73,26,475,train
476,502,94,3,76,22,12,4,7,9,8.394326241134753,8.344100000000001,3.1666666666666665,10.628779432624114,73,6,19,5,62,19,476,test
477,374,65,0,44,15,8,4,6,8,17.044444444444448,13.81666964889586,8.5,11.715407936507937,44,2,17,7,37,20,477,train
478,258,46,0,40,9,6,3,5,6,5.469565217391305,7.168621630094336,2.5,9.699073913043478,41,4,10,2,27,11,478,train
479,457,83,2,62,21,10,2,6,10,14.922088353413656,13.023866798666859,5.666666666666667,11.857441365461847,67,3,17,9,55,20,479,train
480,404,70,1,54,22,9,3,6,4,18.0,13.81666964889586,8.5,12.139642857142857,58,2,16,6,46,19,480,train
481,262,46,2,38,9,10,0,3,5,10.93913043478261,10.125756701596842,6.5,11.29925652173913,39,2,13,3,30,13,481,train
482,398,67,2,50,19,8,1,7,9,12.51542288557214,11.855464076750408,6.666666666666667,10.871696019900497,49,3,20,7,38,17,482,train
483,180,35,0,27,8,5,3,1,8,8.142857142857144,7.168621630094336,3.5,7.6625000000000005,26,2,7,1,16,5,483,train
484,387,69,0,46,20,15,1,5,10,10.93913043478261,10.504223727775692,5.666666666666667,9.81179275362319,45,3,17,5,36,15,484,train
485,242,50,0,38,11,6,2,2,9,6.6000000000000005,7.168621630094336,2.0,9.6251,40,4,8,2,36,7,485,train
486,170,32,1,31,6,2,2,5,1,8.9,10.125756701596842,3.5,12.3251,32,2,7,3,23,7,486,train
487,354,62,0,42,15,11,2,3,8,16.916129032258066,14.554592549557764,7.5,10.267648387096774,43,2,15,8,32,13,487,train
488,319,54,1,43,12,6,4,5,5,12.281481481481482,8.841846274778883,6.5,11.408662962962964,45,2,13,2,35,18,488,train
489,356,71,1,52,16,6,3,2,12,10.030046948356809,7.793537801064561,4.666666666666667,9.480648356807512,53,3,14,2,34,9,489,test
490,490,82,2,54,22,13,3,5,10,12.102439024390245,11.698219412168324,5.75,10.815251219512195,52,4,23,9,48,26,490,train
491,238,46,1,34,11,5,0,4,4,11.808695652173913,10.125756701596842,5.0,10.612734782608696,36,2,10,3,28,9,491,train
492,483,86,0,59,17,11,4,14,10,7.741176470588235,6.742157984588678,3.2,10.7957,59,5,16,2,53,18,492,train
493,181,35,2,30,5,4,0,2,4,5.80952380952381,6.42735559955562,2.3333333333333335,11.884595238095239,31,3,7,1,31,4,493,test
494,341,63,0,46,16,8,1,3,5,13.869841269841272,10.125756701596842,6.0,9.960963492063492,43,2,12,3,31,8,494,train
495,145,29,0,26,6,3,1,2,3,5.800000000000001,3.1291,1.5,9.256044827586207,25,2,3,0,14,4,495,train
496,484,96,1,59,18,14,0,6,11,9.763333333333334,8.841846274778883,2.6,8.700799166666666,59,5,13,5,39,13,496,train
497,237,45,1,33,10,8,1,7,4,9.88888888888889,7.168621630094336,2.0,7.559611111111111,32,2,4,1,16,5,497,test
498,309,56,0,42,12,9,2,8,6,7.028571428571429,7.168621630094336,2.25,8.842328571428572,41,4,8,2,27,8,498,train
499,310,55,1,43,14,6,1,4,8,14.636363636363638,12.161744961471694,7.0,11.316500000000001,42,2,14,5,31,15,499,train
500,301,56,3,41,12,6,4,8,3,12.62857142857143,10.125756701596842,4.5,10.38262142857143,41,2,9,3,32,8,500,train
501,80,14,0,13,2,1,1,1,4,11.314285714285715,11.20814326018867,3.0,9.970185714285716,14,1,3,2,7,2,501,train
502,461,80,4,57,14,16,3,9,13,10.9,11.20814326018867,3.8,8.969725,58,5,18,10,47,16,502,train
503,191,36,0,31,7,4,1,5,3,8.311111111111112,7.168621630094336,4.0,10.669855555555555,30,2,8,1,19,10,503,test
504,522,95,2,72,17,13,5,10,17,9.280701754385964,9.2995712137729,3.5,10.571622807017544,69,6,21,7,58,23,504,test
505,233,45,3,40,10,4,4,2,3,6.277777777777779,7.168621630094336,1.5,9.808722222222222,41,4,6,2,34,6,505,train
506,313,58,1,42,16,9,2,7,9,10.491954022988507,9.725611199111238,2.6666666666666665,9.768019540229886,43,3,8,4,31,11,506,train
507,408,75,1,56,18,6,6,7,7,7.0010810810810815,8.238735603445708,3.2,12.692336756756758,55,5,16,4,61,14,507,train
508,271,48,0,40,9,7,1,5,3,8.966666666666667,9.516144504307135,2.25,9.823991666666668,37,4,9,5,27,13,508,train
509,286,49,0,41,11,8,1,7,7,14.69795918367347,13.023866798666859,6.5,10.00761836734694,43,2,12,5,27,13,509,train
510,439,80,3,57,19,11,5,4,2,10.5,10.125756701596842,4.0,9.76025,56,4,16,6,43,12,510,train
511,376,70,0,46,8,10,3,7,10,5.238095238095238,5.46131890053228,2.5,8.27545238095238,44,6,15,1,40,11,511,train
512,410,71,4,57,15,5,3,10,7,11.043661971830986,10.686352973137792,4.75,10.29915352112676,55,4,19,7,50,19,512,train
513,301,57,3,35,14,3,4,6,4,5.7,3.1291,3.5,13.20786140350877,36,4,14,0,46,14,513,train
514,213,39,0,34,8,5,1,6,4,9.851282051282052,8.841846274778883,5.0,10.271905128205129,32,2,10,2,24,10,514,train
515,410,77,1,43,21,10,0,15,12,7.718441558441559,7.554174236665414,2.4,10.552288051948052,40,5,12,3,47,13,515,train
516,166,29,0,27,6,3,3,2,2,7.179310344827586,8.841846274778883,2.5,9.800527586206897,28,2,5,2,22,6,516,train
517,302,51,1,40,13,8,2,4,6,10.721568627450981,10.504223727775692,4.333333333333333,10.052641176470589,41,3,13,5,25,15,517,train
518,185,37,0,32,9,5,1,4,6,10.643243243243244,10.125756701596842,2.5,11.808964864864866,33,2,5,3,24,8,518,train
519,464,83,4,63,21,9,3,7,9,9.745783132530121,8.07648339933343,6.0,12.46557951807229,62,4,24,3,61,17,519,train
520,497,98,0,72,19,15,0,6,14,9.47265306122449,8.841846274778883,3.2,7.669986530612245,70,5,16,5,40,12,520,test
521,434,78,0,63,17,11,0,6,12,12.451282051282051,9.725611199111238,5.333333333333333,10.391869230769231,63,3,16,4,47,12,521,train
522,288,50,0,43,11,9,1,4,7,9.066666666666668,8.841846274778883,4.666666666666667,9.200166666666666,42,3,14,3,34,11,522,train
523,344,59,3,45,19,9,1,5,4,7.25593220338983,7.168621630094336,4.75,11.594032203389832,45,4,17,2,48,18,523,train
524,432,79,0,44,22,13,2,7,11,11.545991561181435,8.841846274778883,5.666666666666667,10.139342194092826,42,3,17,3,41,18,524,train
525,406,72,4,49,17,10,1,4,8,8.133333333333335,8.841846274778883,2.8333333333333335,10.15295,51,6,17,6,59,14,525,train
526,227,44,2,38,9,5,0,4,5,6.218181818181819,7.168621630094336,2.25,11.000509090909091,37,4,9,2,29,8,526,train
527,551,102,5,67,25,11,4,5,12,9.728627450980392,8.841846274778883,4.8,11.304908627450981,66,5,23,5,62,17,527,train
528,344,57,0,46,12,10,4,3,11,11.810526315789474,11.20814326018867,5.0,10.119250877192982,47,3,13,6,31,12,528,train
529,238,46,1,36,6,2,1,6,6,7.0028985507246375,7.793537801064561,3.0,9.202685507246377,39,3,9,2,23,8,529,train
530,455,78,0,54,15,8,6,11,10,13.989743589743592,11.855464076750408,7.666666666666667,10.999176923076924,55,3,23,6,45,20,530,train
531,83,13,0,11,2,2,0,2,1,8.276923076923078,11.20814326018867,3.0,7.925146153846153,12,1,3,2,6,3,531,train
532,128,22,0,20,4,1,0,3,3,10.618181818181819,11.20814326018867,5.0,10.469518181818183,21,1,5,2,11,6,532,train
533,327,55,0,46,11,9,5,7,6,8.40909090909091,8.841846274778883,2.75,9.486136363636364,43,4,11,4,31,15,533,train
534,529,97,0,57,22,11,1,8,16,14.170446735395192,10.504223727775692,6.666666666666667,10.286521993127149,57,3,20,5,39,18,534,train
535,250,51,1,42,12,8,0,4,6,10.984313725490196,7.168621630094336,3.5,8.61659411764706,41,2,7,1,20,5,535,train
536,297,61,0,42,16,8,1,4,8,4.88,3.1291,1.8,11.489488852459017,37,5,9,0,42,10,536,train
537,400,70,1,48,17,10,2,7,10,8.142857142857144,7.168621630094336,4.25,10.143785714285716,46,4,17,2,38,15,537,train
538,518,96,2,56,22,13,7,9,11,13.508771929824562,9.725611199111238,7.666666666666667,10.85832456140351,52,3,23,4,50,19,538,train
539,391,72,0,56,18,11,2,5,7,10.533333333333335,10.125756701596842,3.75,10.45055,54,4,15,6,36,17,539,train
540,313,54,3,41,15,8,3,4,5,11.644444444444446,11.20814326018867,5.0,10.669855555555555,42,3,15,6,33,15,540,train
541,525,87,4,65,18,12,7,9,6,12.017471264367817,11.979248473330827,4.6,9.58137908045977,63,5,23,12,45,22,541,train
542,230,43,1,37,9,6,2,4,4,8.6,7.168621630094336,5.0,10.21103953488372,37,2,9,1,22,9,542,train
543,355,61,2,47,15,11,1,4,6,10.034426229508197,10.125756701596842,4.0,10.605359016393443,47,4,16,6,37,16,543,test
544,60,11,0,9,4,3,0,0,1,4.4,3.1291,3.0,8.488463636363637,9,1,3,0,6,1,544,train
545,638,115,3,64,29,10,6,9,18,13.23913043478261,10.125756701596842,6.0,11.515804347826087,64,4,24,6,76,25,545,train
546,338,62,2,49,10,9,1,7,6,6.2,5.985473137389441,3.5,10.00820322580645,47,4,14,1,36,13,546,train
547,341,58,0,46,11,10,2,6,7,11.871264367816092,11.20814326018867,5.666666666666667,10.584743678160919,47,3,18,6,33,16,547,train
548,366,66,1,54,14,8,0,6,9,11.830303030303032,11.20814326018867,4.666666666666667,10.948003030303031,54,3,14,6,34,17,548,test
549,247,49,0,43,8,3,2,3,3,3.9200000000000004,3.1291,1.2,9.27849836734694,41,5,6,0,30,6,549,test
550,334,61,1,51,12,6,1,4,4,7.411475409836067,8.07648339933343,2.25,8.534539344262296,53,4,9,3,33,8,550,train
551,371,66,1,53,17,13,3,2,11,9.630303030303033,9.516144504307135,3.25,9.239748484848485,52,4,13,5,37,15,551,test
552,269,48,0,41,9,7,3,6,5,6.466666666666668,7.168621630094336,2.25,11.139825000000002,39,4,10,2,30,11,552,train
553,453,88,0,56,25,9,2,3,18,7.2303030303030305,7.168621630094336,3.0,10.823512121212122,54,6,18,3,57,19,553,train
554,375,65,2,49,19,9,0,3,12,12.974358974358976,12.457975602129121,5.333333333333333,10.055474358974358,49,3,16,8,35,16,554,train
555,427,76,1,59,20,14,1,7,6,9.178947368421053,8.841846274778883,4.5,9.357452631578948,59,4,19,4,47,16,555,train
556,233,41,1,35,11,7,1,6,2,10.34471544715447,10.504223727775692,3.6666666666666665,10.476317886178862,37,3,11,5,22,13,556,train
557,400,69,0,47,20,12,1,6,11,14.417391304347825,13.023866798666859,6.333333333333333,11.18483623188406,45,3,19,9,41,19,557,test
558,559,105,3,73,25,13,4,7,17,8.523809523809524,7.793537801064561,3.1666666666666665,10.068595238095238,73,6,21,4,59,21,558,test
559,264,51,2,42,9,3,7,3,7,6.800000000000001,8.841846274778883,2.6666666666666665,8.504601960784314,44,3,8,3,35,7,559,train
560,270,46,2,38,13,8,1,3,3,9.611594202898551,9.725611199111238,3.6666666666666665,10.575728985507247,39,3,11,4,28,13,560,test
561,458,82,4,53,18,13,1,6,12,9.974634146341465,9.888512548439397,3.8,9.263964390243903,48,5,19,7,45,21,561,train
562,496,88,1,58,20,16,2,6,11,10.67636363636364,10.355215969177355,4.6,9.892414545454546,56,5,23,8,51,22,562,train
563,296,58,1,42,12,9,3,9,9,12.979310344827589,11.20814326018867,4.0,9.158520689655173,43,2,8,4,29,10,563,train
564,338,63,0,51,18,8,2,6,6,10.304761904761905,8.841846274778883,2.6666666666666665,9.440163492063492,49,3,8,3,33,9,564,train
565,400,79,6,59,16,9,5,6,12,14.583966244725739,13.023866798666859,4.333333333333333,8.540354852320675,59,3,13,9,42,13,565,train
566,149,24,0,19,9,4,1,4,1,8.200000000000001,9.725611199111238,2.3333333333333335,10.612466666666666,19,3,7,4,15,7,566,train
567,363,68,0,49,18,6,6,3,13,5.612121212121213,7.168621630094336,2.5,10.40240303030303,46,6,15,3,50,14,567,train
568,247,42,0,34,11,8,1,2,6,8.457142857142857,9.725611199111238,3.6666666666666665,8.842328571428572,35,3,11,4,25,10,568,train
569,293,55,0,46,14,9,3,6,5,6.954545454545455,7.168621630094336,2.75,10.634500000000001,49,4,10,2,39,10,569,train
570,384,67,3,47,14,8,5,7,7,10.724378109452736,8.841846274778883,5.333333333333333,10.400352736318407,50,3,16,3,39,16,570,train
571,445,77,6,67,18,10,4,8,9,10.297402597402598,10.686352973137792,4.25,9.307793506493507,65,4,17,7,48,18,571,train
572,280,52,0,42,11,8,1,4,5,11.548717948717949,11.20814326018867,3.3333333333333335,10.569310256410256,42,3,10,6,31,9,572,train
573,133,24,0,24,5,2,0,1,3,12.933333333333335,11.20814326018867,5.0,8.7744,26,1,5,2,13,6,573,train
574,274,51,4,41,14,8,2,4,6,9.15294117647059,8.841846274778883,4.0,10.981464705882354,43,3,12,3,40,14,574,train
575,301,56,3,48,13,7,1,6,4,7.028571428571429,8.07648339933343,2.25,9.124292857142859,50,4,9,3,33,10,575,train
576,130,21,0,20,7,3,3,1,1,8.009523809523811,8.841846274778883,3.0,12.428252380952381,20,2,6,2,13,7,576,train
577,373,72,1,55,17,13,0,7,12,9.353521126760564,8.841846274778883,3.25,9.631970422535211,55,4,13,4,39,16,577,train
578,917,171,4,111,40,17,9,11,23,8.064171122994653,8.575989854853784,3.3636363636363638,9.883104278074866,102,11,37,10,101,33,578,test
579,419,78,0,55,16,12,0,3,11,18.164102564102564,12.161744961471694,6.5,9.417182051282051,54,2,13,5,31,13,579,train
580,336,63,1,47,17,10,0,5,5,8.911827956989248,7.793537801064561,3.6666666666666665,10.009792473118278,48,3,11,2,33,10,580,train
581,470,81,1,58,20,16,0,10,7,6.387654320987655,8.344100000000001,3.6666666666666665,10.349186419753087,55,6,22,5,50,17,581,test
582,194,34,0,29,7,5,2,4,4,6.886274509803923,7.793537801064561,2.6666666666666665,8.842750980392157,28,3,8,2,18,4,582,train
583,227,42,2,32,14,6,2,1,3,12.20952380952381,11.20814326018867,4.0,14.076909523809524,34,2,10,4,32,5,583,test
584,195,33,1,27,8,4,1,4,4,9.248484848484848,9.725611199111238,3.3333333333333335,10.40240303030303,27,3,10,4,21,9,584,test
585,373,71,1,53,18,9,0,6,10,15.890140845070423,10.125756701596842,6.0,10.957159154929577,54,2,12,3,33,13,585,train
586,263,48,0,39,10,5,2,4,4,7.233333333333333,6.42735559955562,3.6666666666666665,10.022391666666667,38,3,11,1,27,6,586,train
587,238,48,1,37,8,5,2,3,7,9.600000000000001,3.1291,3.0,9.103358333333333,40,2,6,0,21,9,587,train
588,407,71,1,52,18,8,5,5,8,12.283568075117373,10.504223727775692,5.666666666666667,10.81501455399061,52,3,17,5,42,19,588,train
589,351,67,2,47,19,8,4,6,9,10.127363184079602,7.793537801064561,4.333333333333333,9.929009452736318,49,3,13,2,41,11,589,train
590,537,97,7,61,18,14,3,11,12,13.92982456140351,10.504223727775692,7.666666666666667,10.69211403508772,59,3,23,5,55,18,590,train
591,203,41,0,38,6,5,3,3,5,5.0756097560975615,5.985473137389441,1.5,8.766363414634146,38,4,6,1,23,6,591,test
592,276,55,0,42,10,4,1,6,9,8.06060606060606,7.793537801064561,2.3333333333333335,9.713469696969696,42,3,7,2,33,5,592,train
593,340,66,0,55,10,6,2,7,8,10.618181818181819,8.841846274778883,4.333333333333333,11.904972727272728,52,3,13,3,43,12,593,train
594,298,60,0,45,9,8,3,2,9,12.666666666666668,7.168621630094336,4.0,9.072,44,2,8,1,23,9,594,train
595,470,88,2,54,23,17,0,7,12,11.981818181818182,11.20814326018867,5.5,10.290086363636362,55,4,22,8,43,23,595,test
596,303,57,3,40,14,7,2,5,6,9.003508771929825,7.793537801064561,3.0,9.288198245614035,41,3,9,2,34,9,596,train
597,295,55,3,44,14,9,1,5,8,14.636363636363638,12.161744961471694,5.0,10.168136363636364,47,2,10,5,33,11,597,train
598,386,73,1,55,15,5,5,10,5,8.57972602739726,9.3871,2.6,8.686687397260274,51,5,13,6,35,14,598,train
599,256,50,0,40,13,7,1,4,4,8.266666666666667,7.793537801064561,3.6666666666666665,10.147566666666666,42,3,11,2,29,12,599,train
600,159,26,0,22,7,5,0,1,3,13.476923076923079,11.20814326018867,7.0,10.391869230769231,24,1,7,1,14,7,600,test
601,376,74,0,50,20,12,0,7,10,7.940540540540541,5.985473137389441,2.75,9.675181081081082,48,4,11,1,37,13,601,train
602,201,37,0,30,8,5,0,5,4,7.4,3.1291,4.0,9.248424324324326,32,2,8,0,20,5,602,train
603,487,97,0,51,17,15,0,13,12,6.879037800687286,6.42735559955562,2.1666666666666665,10.461356357388317,51,6,13,2,61,7,603,train
604,172,32,0,25,4,3,3,3,3,4.266666666666667,6.42735559955562,2.0,9.593379166666667,25,3,6,1,19,6,604,train
605,193,32,0,26,8,4,0,3,5,10.15,12.161744961471694,4.5,10.35135,26,2,9,5,15,9,605,train
606,466,86,2,62,18,10,3,5,13,10.460465116279071,9.516144504307135,4.5,9.109411627906976,62,4,18,5,44,16,606,train
607,549,94,2,69,22,16,4,7,12,15.512056737588651,13.023866798666859,8.333333333333334,11.573824822695036,72,3,25,9,52,28,607,test
608,284,59,0,47,10,7,2,8,6,7.866666666666667,6.42735559955562,2.3333333333333335,8.358746327683615,47,3,7,1,30,7,608,train
609,256,46,1,34,10,9,3,4,2,7.0028985507246375,7.793537801064561,4.0,10.23246811594203,35,3,12,2,27,6,609,train
610,176,35,1,27,7,7,1,5,2,6.800000000000001,3.1291,2.5,8.19499411764706,28,2,5,0,19,3,610,test
611,158,30,0,26,7,5,1,2,5,8.666666666666668,8.841846274778883,1.5,7.5385,26,2,3,2,13,5,611,train
612,249,46,0,31,10,9,2,4,3,6.133333333333334,3.1291,2.6666666666666665,8.516163768115941,31,3,8,0,23,7,612,train
613,319,61,0,45,13,7,0,5,7,13.511475409836066,8.841846274778883,5.5,10.326349180327869,46,2,11,2,26,11,613,test
614,247,48,2,34,12,3,6,3,8,10.433333333333334,7.168621630094336,5.0,11.406066666666666,35,2,10,1,34,11,614,train
615,164,29,0,25,7,5,0,4,4,8.558620689655172,8.841846274778883,3.5,11.433975862068966,25,2,7,2,17,9,615,train
616,22,5,0,5,0,0,0,0,0,2.0,3.1291,0.0,13.3585,6,1,0,0,5,0,616,test
617,274,52,2,40,9,5,4,8,8,9.241025641025642,8.841846274778883,3.3333333333333335,10.26565641025641,43,3,10,3,29,11,617,test
618,525,96,4,62,16,14,3,14,8,10.18,9.888512548439397,4.4,9.358715833333335,59,5,22,7,52,20,618,train
619,351,65,0,45,20,12,0,2,9,11.12820512820513,10.504223727775692,4.666666666666667,11.270089743589743,45,3,14,5,39,18,619,test
620,338,60,0,49,14,8,1,5,7,10.666666666666668,11.20814326018867,4.333333333333333,8.312833333333334,49,3,13,6,28,11,620,train
621,143,27,1,24,10,2,1,3,1,6.881481481481481,7.168621630094336,2.5,10.154248148148149,25,2,6,1,16,5,621,train
622,387,72,0,53,17,12,2,6,11,17.016901408450703,12.161744961471694,8.0,11.84673661971831,54,2,16,5,40,19,622,train
623,236,42,0,34,8,6,0,4,5,8.457142857142857,8.841846274778883,3.0,9.594233333333335,35,3,9,3,18,10,623,train
624,516,94,0,69,21,13,2,13,10,12.37872340425532,11.20814326018867,5.75,10.345397872340426,65,4,23,8,49,24,624,train
625,219,42,0,37,11,7,1,3,4,9.352380952380953,7.168621630094336,2.5,10.693338095238095,36,2,5,1,28,8,625,test
626,192,35,1,26,10,8,0,3,0,7.976470588235294,7.168621630094336,5.5,10.052641176470589,26,2,11,1,20,9,626,train
627,201,36,1,31,7,7,2,4,2,6.9333333333333345,8.841846274778883,2.0,9.346233333333334,32,4,8,4,19,8,627,train
628,133,29,0,26,7,0,3,5,3,5.800000000000001,3.1291,1.5,11.433975862068966,28,2,3,0,18,4,628,train
629,417,77,1,55,17,7,2,6,9,7.730735930735931,8.344100000000001,2.8333333333333335,9.399656709956709,53,6,17,5,45,16,629,test
630,308,54,3,43,12,8,1,4,6,7.282962962962964,8.841846274778883,3.4,10.605142962962963,44,5,17,5,33,14,630,train
631,557,103,1,75,25,15,3,8,15,17.129411764705885,13.023866798666859,7.0,10.431429411764706,76,3,21,9,59,21,631,train
632,283,56,2,50,11,5,2,3,4,8.180952380952382,6.42735559955562,1.3333333333333333,9.919688095238097,52,3,4,1,36,4,632,train
633,158,31,0,27,6,4,0,3,1,6.2,3.1291,2.5,10.51755806451613,25,2,5,0,19,3,633,train
634,332,61,0,46,12,6,6,7,5,8.656830601092896,9.2995712137729,2.0,9.835520765027322,45,6,12,7,33,15,634,test
635,351,71,1,58,15,10,1,3,7,11.72018779342723,9.725611199111238,3.6666666666666665,9.925437089201878,62,3,10,3,40,10,635,train
636,232,41,0,34,10,4,1,6,4,7.417886178861789,7.793537801064561,3.0,10.476317886178862,29,3,9,2,25,9,636,train
637,316,60,1,40,9,9,1,5,7,8.666666666666668,7.793537801064561,3.0,8.049666666666667,40,3,9,2,21,8,637,test
638,332,60,0,45,14,11,4,5,4,12.0,11.855464076750408,4.0,9.102333333333334,42,3,12,7,28,14,638,train
639,555,96,6,63,25,9,1,5,6,7.56904761904762,8.418075326091056,4.0,13.198603571428572,60,7,27,6,78,22,639,train
640,361,62,1,48,20,6,3,4,8,10.84731182795699,9.725611199111238,3.6666666666666665,11.283179569892473,49,3,11,4,39,14,640,train
641,291,53,2,42,14,7,2,5,5,11.354716981132077,8.841846274778883,6.5,10.909390566037736,45,2,13,2,32,14,641,train
642,382,72,3,42,26,8,2,4,9,7.755555555555556,7.168621630094336,3.5,12.862911111111112,41,4,14,2,56,18,642,test
643,416,74,0,52,16,9,7,5,8,12.264864864864865,12.161744961471694,5.0,9.461802702702702,52,4,20,10,37,19,643,train
644,292,54,3,32,13,7,1,5,11,7.940740740740741,6.42735559955562,4.666666666666667,12.131892592592592,33,3,14,1,37,16,644,train
645,513,91,1,71,19,14,8,7,11,11.236043956043957,11.20814326018867,4.4,9.91823098901099,71,5,22,10,53,21,645,train
646,388,70,2,51,13,9,3,6,6,13.333333333333332,12.457975602129121,5.333333333333333,9.530833333333334,51,3,16,8,36,17,646,train
647,173,30,0,26,10,3,0,3,4,8.666666666666668,8.841846274778883,3.5,11.749166666666667,27,2,7,2,18,9,647,train
648,469,82,1,56,21,11,2,7,11,13.860162601626016,11.855464076750408,7.333333333333333,10.769062601626016,58,3,22,7,51,20,648,train
649,356,67,2,61,14,4,2,1,6,8.345074626865673,9.3871,2.8,10.899945970149254,61,5,14,6,42,14,649,train
650,499,98,3,70,23,11,2,9,12,8.248163265306124,5.683917801722854,3.2,10.570190612244897,67,5,16,1,58,19,650,train
651,139,25,0,21,4,2,0,5,4,3.333333333333334,6.42735559955562,1.3333333333333333,10.997433333333333,24,3,4,1,24,4,651,train
652,320,60,0,43,12,9,1,2,7,8.109830508474577,9.3871,2.4,8.236186779661018,42,5,12,6,31,8,652,train
653,428,76,2,59,21,8,6,6,6,8.711578947368421,8.841846274778883,3.2,10.831077894736843,59,5,15,5,57,17,653,train
654,394,73,2,54,21,7,2,6,8,11.822222222222223,9.725611199111238,6.0,11.406066666666666,55,3,18,4,44,19,654,train
655,260,48,1,39,11,10,1,7,5,7.233333333333333,7.793537801064561,3.3333333333333335,9.364474999999999,39,3,10,2,27,10,655,train
656,260,50,2,44,12,6,4,1,5,7.466666666666668,6.42735559955562,4.0,11.410766666666667,44,3,12,1,34,13,656,test
657,408,68,0,50,17,8,0,7,8,11.419607843137257,10.504223727775692,6.333333333333333,10.565913725490196,49,3,19,5,35,20,657,train
658,201,40,2,32,10,6,2,3,5,10.0,8.841846274778883,3.0,11.33925,31,2,6,2,27,6,658,train
659,208,44,0,39,5,6,1,6,7,8.8,3.1291,2.0,8.316336363636363,38,2,4,0,20,5,659,train
660,166,30,1,28,10,5,1,2,3,9.937931034482759,10.125756701596842,3.5,12.522941379310346,29,2,7,3,21,10,660,train
661,426,82,5,62,16,10,8,3,8,11.908943089430894,7.793537801064561,4.0,9.998818699186991,66,3,12,2,57,11,661,test
662,287,56,0,42,10,3,2,5,8,13.342857142857142,11.20814326018867,3.5,10.94655,43,2,7,4,33,8,662,train
663,284,51,4,44,14,5,3,5,3,6.432941176470589,8.841846274778883,2.6,10.953792549019608,43,5,13,5,41,11,663,test
664,208,34,1,30,10,4,1,2,1,11.505882352941178,11.20814326018867,4.5,10.981464705882354,33,2,9,4,24,10,664,train
665,389,74,1,54,19,7,2,4,13,10.102702702702704,10.125756701596842,3.25,10.528694594594596,54,4,13,6,46,12,665,test
666,272,49,3,41,12,7,1,5,2,11.43265306122449,8.841846274778883,6.0,10.974353061224491,39,2,12,2,34,13,666,train
667,114,22,0,21,5,4,0,3,1,4.751515151515152,6.42735559955562,1.3333333333333333,10.459778787878788,21,3,4,1,15,4,667,train
668,255,50,1,38,10,6,2,3,8,7.233333333333333,6.42735559955562,2.6666666666666665,10.022391666666667,40,3,7,1,34,7,668,train
669,437,82,0,59,24,5,2,3,10,9.175609756097561,7.168621630094336,4.5,11.392934146341464,63,4,18,2,59,17,669,train
670,303,53,0,44,9,7,3,9,2,10.08553459119497,10.504223727775692,5.0,9.87540817610063,44,3,15,5,26,12,670,train
671,164,35,0,29,7,5,1,4,4,7.0,3.1291,2.5,9.015928571428573,29,2,5,0,16,6,671,train
672,206,36,1,35,8,5,1,4,2,9.244444444444445,9.725611199111238,2.3333333333333335,11.249477777777777,37,3,7,4,26,10,672,train
673,340,59,0,46,19,10,0,5,5,7.933898305084746,8.841846274778883,3.5,9.988269491525426,44,4,14,4,32,15,673,train
674,339,57,1,45,13,8,2,4,6,11.108771929824563,10.504223727775692,5.0,10.119250877192982,48,3,15,5,35,13,674,test
675,356,63,2,45,12,11,1,5,6,9.669841269841271,8.841846274778883,4.666666666666667,9.189528571428571,46,3,14,3,33,9,675,train
676,404,73,0,56,15,8,4,6,13,7.606392694063927,8.344100000000001,2.8333333333333335,9.214898173515982,55,6,17,5,38,16,676,test
677,306,54,0,44,13,3,3,3,5,12.385185185185186,11.855464076750408,4.0,10.669855555555555,42,3,10,7,34,11,677,train
678,204,42,0,33,12,5,2,1,6,17.752380952380953,8.841846274778883,4.0,11.358985714285716,35,1,4,1,26,8,678,train
679,289,49,0,40,14,7,1,5,4,13.881632653061224,13.023866798666859,6.0,11.296597959183675,40,2,12,6,28,14,679,train
680,492,82,2,59,18,13,4,6,10,5.5634146341463415,6.6274283507984215,2.5,9.536607317073171,60,8,20,3,59,17,680,train
681,180,33,1,28,7,4,1,1,5,8.9,10.125756701596842,4.5,9.364474999999999,27,2,9,3,17,9,681,train
682,446,85,3,58,18,12,5,6,14,13.686274509803923,10.504223727775692,3.6666666666666665,9.685950980392157,57,3,11,5,43,14,682,train
683,125,24,1,19,11,2,0,1,4,9.600000000000001,3.1291,6.0,14.69565,20,1,6,0,19,7,683,train
684,322,61,3,46,11,7,2,6,7,9.444808743169398,9.725611199111238,3.6666666666666665,9.563230054644809,47,3,11,4,31,9,684,test
685,315,63,0,50,13,11,1,7,9,12.600000000000001,3.1291,6.0,9.710328571428573,50,2,12,0,33,10,685,train
686,323,58,6,45,11,9,3,3,7,9.937931034482759,10.125756701596842,3.25,8.98380344827586,48,4,13,6,33,14,686,train
687,447,80,2,56,22,9,0,4,12,12.666666666666668,9.725611199111238,5.666666666666667,11.867291666666668,57,3,17,4,58,22,687,test
688,305,57,0,40,14,10,1,4,6,8.301754385964912,6.42735559955562,3.0,9.842233333333334,39,3,9,1,30,9,688,train
689,592,114,4,83,19,13,8,8,13,7.103508771929825,7.6454224807358475,2.5,10.022159649122807,77,8,20,5,76,23,689,train
690,300,56,0,41,14,7,1,5,9,5.6000000000000005,3.1291,2.75,9.970185714285716,39,4,11,0,33,9,690,test
691,405,72,1,45,18,11,2,8,6,12.933333333333335,11.20814326018867,6.0,10.528844444444445,43,3,18,6,40,19,691,train
692,265,50,0,40,13,7,2,5,6,8.266666666666667,7.793537801064561,3.6666666666666665,9.200166666666666,38,3,11,2,23,10,692,train
693,225,46,0,34,10,5,4,2,5,7.0028985507246375,6.42735559955562,1.3333333333333333,5.770076811594203,34,3,3,1,23,3,693,train
694,235,43,2,39,11,5,2,4,3,11.390697674418604,10.125756701596842,4.5,10.945458139534884,40,2,9,3,27,11,694,train
695,282,53,0,39,13,8,1,4,8,9.066666666666668,9.725611199111238,4.0,10.463366666666667,38,3,12,4,35,7,695,train
696,456,84,2,67,26,10,3,5,9,9.100952380952382,8.841846274778883,4.0,11.048946666666666,66,5,20,5,58,17,696,train
697,301,54,1,49,11,3,0,4,7,8.681481481481482,8.841846274778883,4.0,10.085040740740741,52,3,11,3,33,12,697,train
698,473,86,0,53,26,11,1,7,8,8.74046511627907,8.841846274778883,4.0,10.548573488372092,55,5,20,5,50,23,698,train
699,66,12,0,12,4,1,0,2,1,8.133333333333335,8.841846274778883,2.0,13.442533333333335,14,1,2,1,11,3,699,train
700,362,55,2,43,14,9,2,3,5,16.78787878787879,15.470042427545799,7.0,12.871469696969697,44,3,21,14,40,19,700,test
701,495,93,3,65,21,15,2,11,12,10.020645161290325,9.3871,3.4,9.822393333333334,65,5,17,6,51,19,701,train
702,228,42,1,33,10,4,1,5,1,6.552380952380952,7.793537801064561,3.6666666666666665,10.722090476190477,34,3,11,2,26,9,702,train
703,265,49,0,39,7,4,1,6,6,11.43265306122449,8.841846274778883,5.5,10.652108163265307,39,2,11,2,25,11,703,train
704,379,70,2,54,15,6,2,7,9,9.904761904761905,6.42735559955562,4.0,10.658690476190477,55,3,12,1,42,12,704,test
705,316,56,3,44,11,9,3,7,6,10.323809523809524,9.725611199111238,3.6666666666666665,11.047545238095239,46,3,11,4,35,15,705,test
706,346,59,0,40,18,12,1,1,6,10.578531073446328,9.725611199111238,5.0,11.035017514124295,43,3,15,4,36,15,706,train
707,309,56,1,40,14,8,1,4,6,11.038095238095238,11.20814326018867,5.0,8.227902380952381,40,3,15,6,27,10,707,train
708,346,61,1,42,17,5,4,10,1,9.378688524590164,11.20814326018867,3.75,10.605359016393443,42,4,15,8,37,12,708,test
709,221,38,2,25,10,10,0,3,5,9.705263157894738,10.125756701596842,5.5,9.565215789473683,25,2,11,3,23,10,709,train
710,257,49,2,36,7,3,3,6,7,9.8,3.1291,5.0,10.974353061224491,37,2,10,0,34,8,710,train
711,358,63,3,46,12,10,3,10,3,12.844444444444447,11.855464076750408,4.666666666666667,10.943973015873016,44,3,14,7,40,19,711,train
712,405,71,1,57,18,13,4,4,10,9.623661971830986,10.355215969177355,3.2,9.678284788732395,56,5,16,8,40,18,712,train
713,413,73,0,53,19,11,1,4,9,8.031780821917808,8.841846274778883,3.6,9.1192901369863,50,5,18,5,33,17,713,train
714,504,102,1,68,20,7,5,5,11,14.466666666666667,11.20814326018867,6.333333333333333,10.158075,67,3,19,6,63,15,714,train
715,42,9,1,9,3,2,0,0,1,3.6,3.1291,2.0,11.100677777777777,11,1,2,0,6,0,715,train
716,257,47,0,39,11,4,1,3,4,11.10212765957447,8.841846274778883,5.0,9.505504255319149,39,2,10,2,24,10,716,train
717,502,97,1,60,20,14,0,14,13,8.940893470790378,9.2995712137729,3.6666666666666665,11.275273883161512,57,6,22,7,59,21,717,test
718,325,62,2,47,18,8,1,5,8,6.250322580645161,7.554174236665414,2.4,9.345088387096775,50,5,12,3,35,11,718,train
719,227,44,1,34,9,6,1,6,5,7.684848484848485,7.793537801064561,2.6666666666666665,9.388057575757575,37,3,8,2,27,9,719,train
720,227,40,1,32,10,2,0,5,2,10.876923076923077,11.20814326018867,4.5,10.676776923076924,30,2,9,4,22,8,720,train
721,285,54,0,43,13,5,1,5,5,6.809433962264151,8.07648339933343,3.0,12.63558679245283,38,4,11,3,36,11,721,train
722,123,24,0,20,5,4,1,0,4,11.266666666666667,8.841846274778883,3.0,8.116483333333333,21,1,3,1,11,4,722,train
723,368,64,4,50,14,3,3,5,5,15.3,12.161744961471694,9.5,12.871981250000001,52,2,18,5,51,18,723,train
724,238,44,0,35,15,9,0,4,4,12.436363636363637,11.20814326018867,4.0,11.546109090909091,38,2,8,4,27,11,724,train
725,443,82,6,58,13,9,5,4,13,14.347967479674796,12.457975602129121,5.333333333333333,8.650891869918699,62,3,16,8,44,13,725,test
726,218,40,1,31,8,7,1,2,5,8.0,3.1291,3.0,8.18125,32,2,6,0,19,4,726,test
727,220,40,0,26,13,7,3,1,6,9.0,7.168621630094336,3.5,8.576,27,2,7,1,21,3,727,train
728,290,50,2,35,15,7,0,6,6,9.866666666666667,11.855464076750408,5.333333333333333,10.779166666666667,37,3,16,7,28,14,728,train
729,353,64,3,49,13,9,2,4,8,9.783333333333333,7.793537801064561,4.333333333333333,10.369164583333333,52,3,13,2,43,14,729,train
730,181,33,0,30,7,4,0,3,3,7.8121212121212125,8.841846274778883,3.5,9.239748484848485,29,2,7,2,16,5,730,train
731,271,48,0,37,12,9,1,6,4,4.800000000000001,3.1291,3.0,10.15295,36,4,12,0,31,11,731,test
732,400,77,1,52,18,11,2,3,10,10.659649122807018,7.793537801064561,5.0,9.671585964912282,51,3,15,2,39,14,732,test
733,575,103,1,66,20,16,6,8,12,11.346796116504855,10.355215969177355,4.6,9.717192038834952,65,5,23,8,53,22,733,test
734,279,50,1,39,11,3,1,4,7,9.866666666666667,10.504223727775692,3.0,9.831766666666667,41,3,9,5,27,10,734,train
735,209,39,0,33,9,3,1,4,4,4.925641025641026,5.985473137389441,2.0,11.002920512820513,32,4,8,1,25,6,735,test
736,478,85,1,65,25,8,6,8,11,8.211764705882354,8.238735603445708,4.0,10.052641176470589,65,5,20,4,50,22,736,test
737,390,76,2,53,21,9,4,2,10,11.185964912280703,8.841846274778883,4.333333333333333,10.294875438596492,53,3,12,3,43,17,737,train
738,217,43,1,36,10,5,2,5,3,8.4,3.1291,3.0,11.445242857142857,35,2,7,0,26,8,738,train
739,367,65,3,50,13,9,5,8,6,8.346153846153845,8.07648339933343,4.25,10.758500000000002,50,4,17,3,46,15,739,train
740,484,96,1,68,21,9,4,5,15,7.68,5.683917801722854,3.2,9.0297575,69,5,16,1,43,16,740,train
741,348,65,1,45,20,7,1,5,6,11.12820512820513,9.725611199111238,4.333333333333333,11.51301282051282,45,3,13,4,43,13,741,train
742,240,42,2,37,10,6,2,4,3,11.257142857142858,10.125756701596842,4.0,9.565480952380952,38,2,8,3,20,8,742,train
743,249,44,0,34,11,9,1,3,5,7.684848484848485,8.841846274778883,2.3333333333333335,9.746921212121212,35,3,7,3,25,9,743,train
744,347,63,1,46,12,5,5,11,6,9.669841269841271,9.725611199111238,4.0,9.189528571428571,46,3,12,4,29,15,744,train
745,247,43,0,34,15,3,0,2,2,6.663565891472868,6.42735559955562,3.3333333333333335,14.629293798449613,36,3,11,1,48,6,745,train
746,252,41,0,34,8,8,0,6,6,8.39349593495935,9.725611199111238,4.0,9.706073983739838,34,3,12,4,23,13,746,train
747,216,39,2,30,9,9,2,6,2,5.2,3.1291,2.6666666666666665,11.164120512820514,31,3,8,0,26,8,747,train
748,264,47,2,33,15,8,0,4,3,11.953191489361704,10.125756701596842,6.0,12.193163829787235,33,2,12,3,32,12,748,train
749,420,72,3,55,19,7,4,7,12,14.044444444444446,12.457975602129121,5.666666666666667,10.967455555555555,56,3,17,8,43,19,749,test
750,462,98,0,56,15,6,5,2,13,8.656326530612246,6.742157984588678,4.0,12.020292653061224,54,5,20,2,56,11,750,train
751,440,80,0,56,14,10,1,3,14,6.571428571428573,7.447530270364452,2.4285714285714284,11.703607142857143,58,7,16,4,59,21,751,train
752,433,78,1,54,21,17,1,7,8,6.24,5.683917801722854,3.6,8.863849743589743,54,5,17,1,39,19,752,train
753,191,33,0,32,10,1,0,5,4,8.036363636363637,8.841846274778883,3.0,10.40240303030303,34,3,10,3,21,7,753,train
754,245,44,1,38,9,5,3,4,6,12.436363636363637,11.20814326018867,5.0,9.034063636363637,40,2,10,4,25,8,754,train
755,279,52,0,45,13,9,1,2,6,8.471794871794872,7.793537801064561,3.3333333333333335,10.26565641025641,42,3,10,2,29,13,755,train
756,271,51,0,45,10,6,2,2,7,10.984313725490196,10.125756701596842,5.0,9.545417647058823,47,2,10,3,24,7,756,test
757,294,55,1,44,15,6,0,2,5,8.787878787878787,8.841846274778883,4.0,12.871469696969697,46,3,12,3,36,15,757,train
758,487,88,0,59,20,12,2,13,12,11.981818181818182,11.698219412168324,5.25,9.213495454545455,57,4,21,9,48,16,758,train
759,258,47,4,35,13,3,3,8,5,10.251063829787235,8.841846274778883,6.0,12.865078723404256,37,2,12,2,44,8,759,train
760,421,82,4,59,13,8,3,7,12,8.023414634146341,7.554174236665414,2.0,7.723476585365853,59,5,10,3,41,8,760,train
761,407,75,1,55,17,13,1,7,14,10.166666666666668,9.516144504307135,4.75,11.5141,56,4,19,4,48,22,761,test
762,458,86,3,64,15,9,4,6,16,18.595348837209304,10.125756701596842,9.0,10.543020930232558,65,2,18,3,44,14,762,train
763,313,59,2,47,14,7,2,3,4,8.544632768361582,7.793537801064561,3.3333333333333335,11.302644632768361,48,3,10,2,42,13,763,train
764,355,61,0,41,14,12,1,5,4,10.034426229508197,11.20814326018867,4.0,8.275686885245902,40,4,16,8,28,12,764,train
765,553,103,3,75,20,10,6,8,15,12.241747572815534,9.516144504307135,5.75,10.585835922330096,76,4,23,5,63,19,765,train
766,305,52,2,41,13,7,2,5,7,9.241025641025642,8.841846274778883,3.0,9.658348717948718,42,3,9,3,31,11,766,train
767,207,41,0,32,9,4,1,2,3,11.126829268292683,10.125756701596842,4.0,7.3491536585365855,31,2,8,3,16,5,767,train
768,437,87,0,48,15,4,5,13,10,9.61954022988506,7.168621630094336,5.25,10.34162183908046,46,4,21,2,50,15,768,train
769,295,56,1,39,17,5,0,3,6,14.771428571428572,12.161744961471694,7.0,12.35637142857143,41,2,14,5,38,13,769,train
770,368,64,0,47,16,13,0,7,8,6.370000000000001,6.742157984588678,3.4,10.6860675,45,5,18,2,39,17,770,train
771,101,18,0,17,4,2,1,1,0,13.866666666666669,13.023866798666859,5.0,8.915411111111112,18,1,5,3,7,4,771,train
772,192,31,0,22,5,4,1,3,2,10.070967741935485,11.20814326018867,5.0,10.00820322580645,22,2,10,4,16,7,772,train
773,226,36,0,32,9,6,2,3,5,7.022222222222223,7.793537801064561,3.3333333333333335,10.372255555555554,34,3,10,2,23,11,773,train
774,448,79,1,61,21,10,4,7,8,8.30464135021097,8.841846274778883,3.3333333333333335,10.485642616033756,58,6,20,6,50,19,774,train
775,332,63,0,50,12,8,5,5,3,7.56984126984127,8.07648339933343,2.5,9.931668253968255,48,4,10,3,32,11,775,train
776,321,64,0,47,11,7,2,7,7,9.158333333333333,6.42735559955562,2.6666666666666665,9.629008333333333,48,3,8,1,30,7,776,test
777,188,34,0,28,5,5,3,2,4,9.15294117647059,10.125756701596842,3.5,8.19499411764706,28,2,7,3,15,5,777,train
778,474,82,3,66,15,11,5,7,9,16.29918699186992,14.06817628641468,5.666666666666667,10.57650162601626,68,3,16,11,51,19,778,train
779,385,68,1,53,16,9,4,7,4,9.15294117647059,9.516144504307135,4.5,10.517052941176471,50,4,18,5,43,17,779,train
780,252,46,0,32,11,8,3,5,4,10.93913043478261,8.841846274778883,4.5,9.926213043478262,32,2,9,2,22,9,780,train
781,178,35,1,28,8,6,0,4,3,16.28571428571429,11.20814326018867,7.0,10.335071428571428,29,1,7,2,15,6,781,train
782,504,93,2,57,23,15,1,6,11,11.450537634408603,10.686352973137792,5.25,9.883248387096774,56,4,21,7,39,20,782,test
783,256,43,2,37,13,5,0,3,6,11.390697674418604,10.125756701596842,6.0,13.148713953488373,39,2,12,3,32,10,783,train
784,430,83,10,68,14,8,3,6,9,8.511219512195122,8.238735603445708,2.6,10.226769268292683,65,5,13,4,56,16,784,train
785,267,47,1,36,9,7,4,2,5,7.968794326241135,7.793537801064561,2.6666666666666665,9.788885815602836,33,3,8,2,23,12,785,train
786,164,34,1,28,5,5,0,3,5,13.600000000000001,3.1291,4.0,8.573782352941176,29,1,4,0,12,3,786,train
787,423,74,0,49,18,9,4,8,11,8.082162162162163,8.238735603445708,3.6,10.345174594594596,49,5,18,4,45,12,787,train
788,186,34,0,29,11,4,0,2,3,16.83636363636364,13.023866798666859,6.0,13.886027272727274,31,1,6,3,27,7,788,train
789,432,75,0,57,18,10,4,8,5,9.633333333333333,9.516144504307135,3.75,10.461433333333334,55,4,15,5,43,17,789,train
790,341,61,1,43,12,6,4,7,10,15.478688524590163,13.023866798666859,7.5,9.808644262295083,43,2,15,6,27,13,790,train
791,359,63,0,53,14,7,3,8,6,10.716129032258065,11.698219412168324,3.5,10.772235483870968,51,4,14,9,36,16,791,train
792,47,9,0,9,1,1,0,0,2,8.044444444444444,8.841846274778883,1.0,7.591788888888889,10,1,1,1,4,1,792,train
793,499,91,0,61,21,14,3,6,10,8.598681318681319,8.841846274778883,2.8,9.224165054945056,59,5,14,5,48,20,793,train
794,395,69,3,50,21,5,4,6,10,12.098550724637683,10.504223727775692,6.666666666666667,12.557879710144928,52,3,20,5,54,18,794,test
795,205,34,0,29,10,4,0,5,5,9.15294117647059,11.20814326018867,4.0,10.981464705882354,28,2,8,4,16,9,795,train
796,383,72,0,48,17,12,2,5,10,11.266666666666667,8.841846274778883,2.6666666666666665,8.555094444444444,50,3,8,3,38,11,796,train
797,129,22,0,22,4,4,1,2,3,10.618181818181819,11.20814326018867,6.0,11.187245454545454,22,1,6,2,11,7,797,train
798,204,40,0,34,11,4,0,2,5,10.0,8.841846274778883,3.5,10.54975,35,2,7,2,24,8,798,test
799,244,49,3,39,10,4,0,6,6,10.616326530612247,8.841846274778883,4.5,10.652108163265307,39,2,9,2,28,6,799,train
800,323,60,0,50,13,4,5,3,5,10.0,10.504223727775692,4.0,8.839166666666667,50,3,12,5,30,12,800,train
801,181,30,0,29,9,6,1,3,3,7.333333333333333,8.841846274778883,4.5,9.643833333333333,29,2,9,2,18,7,801,train
802,473,84,2,61,19,10,2,6,13,20.133333333333336,13.81666964889586,10.0,10.795057142857143,61,2,20,7,43,21,802,train
803,235,42,0,33,10,7,0,6,5,10.304761904761905,8.841846274778883,5.5,10.317385714285715,33,2,11,2,22,11,803,train
804,92,17,1,14,5,5,0,1,2,6.800000000000001,3.1291,2.0,7.266170588235294,15,1,2,0,9,2,804,train
805,234,47,0,39,10,4,1,2,2,9.4,7.168621630094336,2.0,8.161674468085106,39,2,4,1,23,4,805,train
806,399,74,1,65,13,5,4,6,7,11.266666666666667,9.725611199111238,5.666666666666667,10.74815,70,3,17,4,56,12,806,train
807,242,51,0,35,8,6,2,5,5,10.200000000000001,10.125756701596842,3.0,6.449339215686274,35,2,6,3,18,3,807,train
808,288,55,0,39,16,5,0,4,7,9.515151515151514,8.841846274778883,4.0,11.72310606060606,37,3,13,3,31,10,808,train
809,167,32,0,24,7,7,1,2,1,8.9,8.841846274778883,2.5,8.377600000000001,25,2,5,2,15,5,809,train
810,279,52,1,41,13,8,2,7,7,13.476923076923079,11.20814326018867,5.0,11.30283076923077,42,2,10,4,30,13,810,train
811,276,48,2,40,15,6,0,4,6,12.100000000000001,10.125756701596842,5.5,11.406066666666666,39,2,11,3,33,13,811,train
812,281,44,1,37,11,10,1,5,4,9.503030303030304,10.504223727775692,5.0,10.105784848484848,39,3,14,5,27,13,812,train
813,515,88,3,62,19,10,3,7,4,7.127272727272729,8.07648339933343,3.0,11.718236363636365,59,8,24,6,72,28,813,test
814,413,77,2,53,17,12,2,8,9,9.777922077922078,8.841846274778883,4.25,10.128053246753247,53,4,17,4,46,17,814,train
815,300,53,0,38,14,11,1,2,4,10.08553459119497,10.504223727775692,4.0,9.577483647798744,40,3,12,5,27,10,815,train
816,522,98,0,57,30,13,1,10,11,7.349659863945579,6.42735559955562,2.6666666666666665,10.891531292517007,56,6,16,2,57,17,816,test
817,442,85,0,59,13,13,2,9,10,9.352380952380953,8.07648339933343,3.75,9.753457142857144,56,4,15,3,47,12,817,test
818,348,59,0,47,16,10,1,5,8,17.223728813559323,14.554592549557764,8.5,11.790377966101694,45,2,16,8,30,18,818,train
819,339,59,3,46,19,6,1,3,7,6.753898305084746,7.554174236665414,3.0,12.250593559322036,47,5,16,2,46,17,819,train
820,309,57,0,42,12,7,2,6,3,9.003508771929825,8.841846274778883,4.666666666666667,10.673285964912282,39,3,14,3,31,15,820,train
821,117,21,0,15,1,3,1,0,2,2.8000000000000003,6.42735559955562,1.0,7.74322380952381,17,3,4,1,12,2,821,train
822,343,68,0,51,15,9,5,5,10,7.2047058823529415,7.554174236665414,2.0,9.187383529411765,49,5,10,3,44,9,822,train
823,270,55,2,43,15,5,0,5,4,9.515151515151514,8.841846274778883,2.3333333333333335,12.01019696969697,42,3,7,3,31,7,823,train
824,369,61,1,50,17,10,0,5,11,11.412021857923499,11.20814326018867,5.666666666666667,11.89290218579235,52,3,16,6,41,20,824,train
825,379,69,0,52,14,12,3,5,11,16.69855072463768,12.161744961471694,7.5,9.924511594202897,51,2,15,5,32,15,825,train
826,263,50,0,37,15,7,2,5,6,6.6000000000000005,7.168621630094336,2.0,8.3619,38,4,8,2,27,8,826,train
827,487,86,6,64,14,10,6,5,12,10.030564784053157,10.290406445055957,2.5714285714285716,9.93761561461794,58,7,18,11,52,24,827,train
828,337,62,1,49,13,8,3,3,5,11.492473118279571,11.20814326018867,5.0,10.773824731182795,52,3,15,6,40,14,828,train
829,496,94,3,65,21,11,2,8,8,13.384397163120568,9.725611199111238,6.0,9.726058865248227,61,3,18,4,44,19,829,test
830,228,46,2,40,7,4,1,6,6,9.200000000000001,3.1291,2.5,10.269473913043479,40,2,5,0,29,6,830,train
831,276,47,0,34,9,3,0,7,4,5.4621276595744686,6.742157984588678,3.0,15.525293191489363,35,5,15,2,46,14,831,train
832,524,98,1,65,24,15,5,9,12,17.148299319727894,13.5591,7.333333333333333,11.379419727891158,67,3,22,10,58,23,832,train
833,375,63,5,48,15,9,5,4,8,10.11936507936508,10.355215969177355,3.8,11.279237777777777,51,5,19,8,47,18,833,train
834,346,58,4,46,12,6,1,6,3,7.398620689655172,9.3871,3.4,10.201170344827586,46,5,17,6,35,17,834,test
835,434,84,0,58,25,10,1,7,11,7.028571428571429,7.168621630094336,2.3333333333333335,11.28601904761905,56,6,14,3,56,16,835,train
836,562,107,4,82,23,13,7,7,16,10.36679245283019,8.841846274778883,4.6,10.944435094339623,82,5,23,5,68,22,836,train
837,392,66,1,51,16,9,3,7,8,8.31030303030303,8.841846274778883,3.8,10.272280606060606,51,5,19,5,38,19,837,train
838,245,44,1,32,9,7,1,5,3,6.775757575757575,6.42735559955562,3.0,10.823512121212122,35,3,9,1,31,9,838,train
839,230,43,0,41,9,5,3,6,4,7.593798449612404,7.793537801064561,1.6666666666666667,8.753944961240311,40,3,5,2,22,9,839,train
840,163,30,0,25,5,6,3,3,4,10.0,10.125756701596842,3.0,7.012166666666667,24,2,6,3,13,4,840,train
841,386,69,1,51,15,10,4,7,7,13.257971014492753,11.855464076750408,5.0,10.727155072463768,51,3,15,7,39,21,841,train
842,111,23,0,21,8,4,0,0,3,4.6000000000000005,3.1291,1.0,9.012552173913043,22,2,2,0,13,3,842,train
843,199,39,0,34,6,3,2,5,6,6.225641025641026,6.42735559955562,1.3333333333333333,8.330017948717948,34,3,4,1,20,4,843,test
844,319,56,2,44,9,7,3,5,6,9.885714285714286,10.125756701596842,3.75,10.534114285714285,43,4,15,6,33,13,844,test
845,332,60,4,49,13,6,1,4,6,7.466666666666668,8.238735603445708,2.2,10.5477,51,5,10,4,38,15,845,train
846,579,104,2,68,22,15,6,12,15,13.092307692307694,10.686352973137792,6.0,10.695523076923077,64,4,24,7,61,28,846,test
847,294,57,4,48,15,6,2,1,7,7.103508771929825,8.07648339933343,2.5,10.714703508771931,50,4,10,3,43,9,847,train
848,242,42,2,31,13,7,0,5,3,9.40952380952381,11.20814326018867,3.3333333333333335,8.842328571428572,30,3,10,6,23,9,848,train
849,213,38,1,33,12,7,0,5,3,8.22456140350877,8.841846274778883,3.6666666666666665,10.913187719298246,35,3,11,3,34,9,849,train
850,259,48,1,35,15,9,0,3,5,9.733333333333334,10.504223727775692,3.6666666666666665,9.693433333333335,36,3,11,5,25,10,850,train
851,456,80,0,54,18,10,2,6,7,13.0,12.161744961471694,4.25,9.168125,52,4,17,10,36,18,851,train
852,363,67,0,50,15,10,2,8,9,9.685074626865672,10.125756701596842,4.5,9.416404477611941,50,4,18,6,31,14,852,test
853,44,7,1,7,2,1,0,1,0,14.228571428571428,11.20814326018867,2.0,8.495128571428573,9,1,2,2,5,2,853,test
854,213,37,0,34,11,5,0,2,5,12.805405405405407,12.161744961471694,4.5,11.38220810810811,34,2,9,5,21,12,854,train
855,435,83,1,49,23,4,2,1,17,9.531566265060242,9.3871,3.6,13.59142626506024,49,5,18,6,66,19,855,train
856,376,73,2,53,17,11,4,4,9,15.695890410958905,11.20814326018867,6.5,9.124023287671232,52,2,13,4,35,10,856,train
857,534,92,2,55,20,13,3,10,11,15.310144927536232,12.457975602129121,7.333333333333333,9.619957971014493,55,3,19,8,49,19,857,test
858,212,42,0,35,8,4,1,2,6,9.352380952380953,7.168621630094336,2.5,9.565480952380952,37,2,6,1,28,7,858,train
859,252,48,1,40,13,8,1,2,6,6.466666666666668,8.07648339933343,2.25,10.481908333333333,43,4,8,3,30,8,859,train
860,242,42,0,31,6,5,2,3,2,5.152380952380953,7.168621630094336,1.75,7.164919047619048,31,4,7,2,20,5,860,train
861,387,66,1,47,15,13,0,6,8,10.236363636363638,11.20814326018867,4.0,9.718233333333334,50,4,16,8,39,16,861,train
862,409,70,1,50,20,11,2,5,9,12.19047619047619,11.855464076750408,6.0,9.756404761904761,50,3,18,6,35,17,862,train
863,119,22,0,18,7,3,0,3,1,10.618181818181819,8.841846274778883,6.0,12.6227,18,1,6,1,12,5,863,train
864,318,64,2,50,13,11,1,5,7,13.425,7.168621630094336,5.0,9.91135625,54,2,11,1,33,11,864,train
865,487,84,4,57,21,10,6,12,4,9.100952380952382,9.3871,4.4,11.236922857142858,52,5,22,6,59,22,865,test
866,109,20,0,19,4,1,1,2,1,8.0,8.841846274778883,1.5,8.08,20,2,3,2,12,3,866,test
867,133,26,0,22,4,3,0,3,3,13.476923076923079,11.20814326018867,4.0,9.177253846153846,21,1,4,2,9,7,867,train
868,372,67,2,53,14,8,3,4,10,9.685074626865672,9.516144504307135,4.0,9.416404477611941,52,4,16,5,38,13,868,train
869,131,27,0,24,7,2,1,3,4,5.4,3.1291,2.0,11.323877777777778,23,2,4,0,19,6,869,train
870,367,69,1,55,13,5,1,5,8,7.259130434782609,8.238735603445708,3.0,11.872719130434783,56,5,15,4,53,14,870,train
871,34,7,0,6,3,2,0,0,2,2.8000000000000003,3.1291,1.0,6.239414285714286,7,1,1,0,4,1,871,train
872,307,57,0,42,16,8,1,3,7,7.805263157894737,8.841846274778883,3.0,12.099791228070176,41,4,12,4,36,12,872,train
873,191,34,1,28,6,4,2,0,4,9.15294117647059,8.841846274778883,3.0,9.123817647058823,30,2,6,2,15,8,873,train
874,289,54,0,43,15,8,0,5,8,8.681481481481482,7.793537801064561,3.6666666666666665,9.792633333333335,42,3,11,2,27,10,874,train
875,234,43,0,29,5,5,4,3,6,5.2302325581395355,7.168621630094336,2.0,7.1073744186046515,28,4,8,2,18,5,875,test
876,246,46,1,38,12,9,3,4,4,8.666666666666668,8.841846274778883,3.0,10.345611111111111,39,3,9,3,28,11,876,train
877,336,60,1,47,11,5,3,6,6,10.0,10.125756701596842,2.5,9.643833333333333,47,4,10,6,32,13,877,train
878,106,19,0,18,4,3,0,2,2,11.810526315789474,11.20814326018867,4.0,9.565215789473683,18,1,4,2,9,5,878,train
879,191,36,0,30,7,3,1,5,4,4.800000000000001,6.42735559955562,2.3333333333333335,9.933644444444447,30,3,7,1,21,7,879,test
880,290,53,1,42,11,9,3,3,7,6.809433962264151,7.168621630094336,3.5,9.656341509433963,42,4,14,2,32,8,880,train
881,423,77,2,52,18,13,2,8,7,8.21948051948052,5.985473137389441,3.5,10.538183116883117,56,4,14,1,44,15,881,train
882,286,53,0,47,15,9,0,2,6,12.864150943396226,11.20814326018867,5.5,10.909390566037736,48,2,12,4,33,12,882,train
883,426,79,3,52,21,10,3,6,9,12.558649789029538,9.725611199111238,5.333333333333333,10.139342194092826,52,3,16,4,46,18,883,train
884,101,20,2,18,4,0,1,4,1,4.0,3.1291,1.5,11.238,20,2,3,0,14,3,884,train
885,357,60,3,42,16,8,1,5,8,11.333333333333336,11.20814326018867,5.0,11.207666666666666,43,3,15,6,34,20,885,test
886,372,67,0,48,22,10,0,5,6,11.918407960199005,11.20814326018867,6.0,11.107367661691542,45,3,17,6,39,15,886,train
887,507,97,1,66,23,12,4,5,15,12.58659793814433,11.20814326018867,4.0,10.373939175257732,67,4,16,8,48,22,887,train
888,179,33,0,30,9,4,2,2,5,9.024242424242425,8.841846274778883,2.5,9.718233333333334,31,2,5,2,19,8,888,train
889,141,22,0,19,6,5,1,1,1,16.072727272727274,14.554592549557764,8.0,11.904972727272728,19,1,8,4,13,9,889,train
890,422,79,5,63,15,5,6,7,12,9.925316455696203,8.841846274778883,3.25,10.212555696202532,62,4,13,4,49,18,890,train
891,409,72,2,50,20,12,1,7,7,10.533333333333335,11.20814326018867,4.0,9.573327777777777,49,4,16,8,35,18,891,train
892,476,79,2,62,23,13,1,7,7,11.444303797468354,11.698219412168324,5.5,11.611669620253164,63,4,22,9,55,24,892,train
893,361,69,0,48,17,3,2,6,6,5.759420289855073,7.168621630094336,2.5,12.216320289855073,44,6,15,3,50,13,893,test
894,305,54,4,39,16,10,0,6,7,13.762962962962963,11.20814326018867,6.0,10.823848148148148,45,2,11,4,33,12,894,train
895,444,80,1,61,18,13,2,8,11,8.9,10.355215969177355,3.8,8.377600000000001,60,5,19,8,37,15,895,train
896,368,64,0,50,16,12,1,5,9,12.908333333333331,12.457975602129121,5.666666666666667,10.122445833333334,50,3,17,8,32,16,896,train
897,417,74,1,53,19,13,2,6,7,8.717117117117118,9.725611199111238,3.1666666666666665,10.00944954954955,55,6,19,8,43,18,897,train
898,259,46,0,38,12,12,0,3,6,8.742028985507247,10.504223727775692,3.3333333333333335,9.545946376811594,35,3,10,5,24,12,898,train
899,437,81,3,56,19,13,4,6,7,10.07530864197531,8.841846274778883,4.25,10.489048148148148,52,4,17,4,48,14,899,train
900,347,64,2,51,17,6,3,1,10,9.525,9.516144504307135,3.75,9.61119375,53,4,15,5,40,13,900,test
901,455,81,0,57,15,17,3,8,8,9.087654320987655,8.841846274778883,4.75,8.734603703703703,57,4,19,4,36,17,901,train
902,264,48,1,40,13,8,1,3,3,11.10212765957447,8.841846274778883,4.0,11.185291489361703,40,2,8,2,29,12,902,train
903,398,70,3,56,13,11,6,5,8,9.857142857142858,9.516144504307135,4.25,9.2415,53,4,17,5,46,16,903,train
904,563,101,1,67,23,18,3,7,10,12.436435643564359,12.340626583579944,4.6,9.953865544554457,64,5,23,13,51,24,904,train
905,158,28,0,26,5,2,0,1,4,4.228571428571429,5.985473137389441,2.0,9.059057142857142,27,4,8,1,20,4,905,train
906,251,45,2,32,12,10,2,5,5,6.888888888888889,7.793537801064561,3.0,9.292944444444444,32,3,9,2,32,8,906,train
907,210,40,0,33,5,4,0,5,1,11.0,11.20814326018867,2.5,7.7865,35,2,6,4,15,7,907,train
908,168,31,0,27,6,2,0,6,2,5.423655913978495,6.42735559955562,2.3333333333333335,9.751936559139786,28,3,7,1,18,7,908,train
909,263,53,0,44,10,5,1,3,5,12.109433962264152,10.125756701596842,4.5,8.823918867924528,41,2,9,3,24,8,909,train
910,593,101,0,77,21,12,6,7,12,10.514285714285714,10.914260884657427,4.0,9.555771428571429,76,7,28,13,54,24,910,train
911,245,43,1,36,13,6,2,2,4,7.504761904761906,7.793537801064561,3.3333333333333335,11.098042857142858,39,3,10,2,31,12,911,train
912,631,114,1,78,23,13,8,8,10,10.056140350877193,9.725611199111238,4.333333333333333,9.703724561403508,77,6,26,8,59,24,912,test
913,196,37,0,32,7,5,0,3,2,9.562162162162162,8.841846274778883,3.5,9.675181081081082,31,2,8,2,17,5,913,train
914,310,50,1,42,16,10,0,2,8,10.666666666666668,11.20814326018867,5.333333333333333,9.831766666666667,42,3,16,6,31,14,914,train
915,208,36,1,28,7,5,0,1,4,8.133333333333335,9.725611199111238,3.0,9.495033333333335,31,3,8,4,19,8,915,train
916,291,54,2,44,16,7,1,2,6,12.281481481481482,8.841846274778883,4.0,12.578292592592591,47,2,8,2,40,13,916,train
917,257,47,0,41,12,7,0,4,6,13.65531914893617,12.161744961471694,4.5,11.185291489361703,41,2,9,5,25,10,917,train
918,405,69,3,54,15,11,2,6,6,9.218840579710145,8.841846274778883,4.5,10.670795652173913,51,4,18,4,49,20,918,train
919,90,15,1,14,4,2,2,2,2,5.666666666666668,8.841846274778883,1.5,10.3245,16,2,3,2,10,4,919,train
920,370,67,0,46,14,8,4,8,7,15.191044776119405,11.20814326018867,5.5,8.597502985074627,48,2,11,4,28,11,920,train
921,752,138,2,84,39,18,3,13,17,9.508695652173913,10.686352973137792,4.5,9.412172463768115,81,8,36,14,85,26,921,train
922,553,96,2,67,20,16,5,9,13,8.402380952380952,9.236282656511921,3.0,9.251103571428573,64,7,21,8,55,22,922,test
923,135,23,0,21,6,4,2,1,2,12.678260869565218,11.20814326018867,7.0,11.642517391304349,22,1,6,2,13,7,923,train
924,255,48,0,38,11,8,0,4,6,11.266666666666667,8.841846274778883,6.0,10.74815,36,2,12,2,30,11,924,test
925,347,68,2,49,17,12,0,8,8,7.976470588235294,7.168621630094336,3.0,9.820435294117647,48,4,12,2,43,13,925,train
926,351,68,0,45,15,12,4,4,5,14.188235294117646,7.168621630094336,4.5,9.967017647058825,46,2,9,1,28,8,926,train
927,303,53,0,47,13,9,0,4,8,11.59496855345912,11.20814326018867,5.333333333333333,11.66295534591195,44,3,16,6,33,17,927,train
928,293,52,0,39,15,8,1,7,7,7.5076923076923086,8.07648339933343,3.0,10.961684615384616,40,4,12,3,30,14,928,train
929,339,65,1,47,15,7,3,5,7,8.346153846153845,8.841846274778883,3.5,9.786807692307693,49,4,14,4,36,10,929,train
930,423,74,2,54,18,7,3,7,7,12.56936936936937,10.504223727775692,5.666666666666667,10.194426126126126,54,3,17,5,41,17,930,train
931,284,52,0,41,10,10,2,3,6,10.01025641025641,9.725611199111238,4.0,11.176617948717949,40,3,12,4,32,15,931,train
932,270,49,1,33,12,8,3,2,5,8.982312925170069,8.841846274778883,3.0,8.635817006802721,34,3,9,2,25,10,932,train
933,233,41,0,28,9,7,2,4,4,9.36910569105691,10.504223727775692,4.0,9.320952032520324,28,3,12,5,20,11,933,train
934,398,71,0,56,13,8,2,7,8,7.933521126760564,8.841846274778883,3.2,9.011101690140846,52,5,16,5,38,12,934,train
935,186,33,1,30,10,5,0,1,3,7.8121212121212125,7.168621630094336,4.0,12.589142424242425,30,2,8,1,25,12,935,test
936,273,53,0,46,10,5,4,5,6,9.330817610062894,9.725611199111238,3.6666666666666665,10.471257232704403,44,3,11,4,29,11,936,train
937,406,76,3,58,14,8,3,9,10,8.185263157894736,8.238735603445708,2.6,9.792262105263159,58,5,13,4,50,15,937,train
938,318,60,0,40,15,11,1,7,6,11.333333333333336,11.20814326018867,3.6666666666666665,9.102333333333334,40,3,11,6,30,10,938,train
939,260,48,0,37,12,9,2,4,4,8.9,8.841846274778883,3.6666666666666665,9.693433333333335,35,3,11,3,24,10,939,train
940,381,76,1,54,17,11,3,3,7,10.659649122807018,6.42735559955562,2.6666666666666665,9.256059649122808,54,3,8,1,41,11,940,train
941,413,80,2,55,23,8,1,6,14,9.0,8.07648339933343,3.75,11.931375000000001,56,4,15,3,53,16,941,train
942,284,51,0,40,11,6,3,3,8,8.237254901960785,8.841846274778883,3.25,10.4610568627451,41,4,11,3,31,12,942,train
943,566,96,1,57,19,18,2,9,10,16.133333333333336,13.023866798666859,8.0,10.158075,55,3,24,9,46,23,943,train
944,384,72,0,53,15,11,3,3,12,8.866666666666667,8.07648339933343,3.5,8.696105555555556,48,4,14,3,32,12,944,train
945,307,58,1,44,16,10,1,3,5,10.323809523809524,9.725611199111238,3.3333333333333335,8.509866666666667,43,3,10,4,29,10,945,test
946,155,29,0,25,8,5,0,4,3,8.558620689655172,8.841846274778883,2.5,10.889493103448277,24,2,6,2,16,7,946,train
947,455,82,0,56,18,13,6,5,10,14.835772357723577,12.457975602129121,6.0,10.383940650406505,54,3,18,8,41,21,947,train
948,287,54,2,45,13,5,1,1,7,8.681481481481482,7.793537801064561,3.0,10.669855555555555,48,3,9,2,33,8,948,train
949,379,67,3,47,16,10,3,7,8,13.112437810945273,11.855464076750408,5.333333333333333,9.693337810945273,46,3,15,7,38,14,949,train
950,434,79,4,61,22,15,1,5,14,8.851645569620255,8.841846274778883,2.6,9.816762278481013,59,5,13,5,46,18,950,train
951,268,50,0,42,13,8,1,4,7,8.266666666666667,7.793537801064561,3.6666666666666665,10.463366666666667,42,3,11,2,28,13,951,train
952,420,78,0,60,19,9,1,4,11,12.964102564102564,11.20814326018867,6.666666666666667,10.189433333333334,57,3,20,6,40,18,952,test
953,277,46,0,36,10,8,5,3,6,13.547826086956523,12.161744961471694,6.0,10.612734782608696,34,2,12,5,27,13,953,train
954,193,34,1,29,7,3,3,6,3,15.952941176470588,11.20814326018867,6.0,11.360252941176471,30,1,6,2,20,9,954,train
955,214,38,0,31,7,4,1,6,4,6.957894736842106,8.07648339933343,1.75,9.925068421052632,31,4,7,3,20,11,955,train
956,378,74,2,48,18,9,6,8,9,7.4,3.1291,3.5,12.235721621621622,48,4,14,0,59,12,956,train
957,517,93,0,65,20,16,1,10,11,12.310752688172045,10.686352973137792,5.0,9.204108602150537,62,4,20,7,40,21,957,train
958,68,14,0,12,2,2,1,0,2,8.457142857142857,8.841846274778883,1.0,7.714471428571429,13,1,1,1,7,2,958,train
959,341,63,1,53,14,7,2,5,7,6.934920634920636,8.07648339933343,3.25,10.182303174603174,51,4,13,3,36,13,959,train
960,156,27,0,22,7,3,1,3,3,8.276923076923078,8.841846274778883,4.0,10.354376923076924,23,2,8,2,17,7,960,train
961,381,72,1,46,17,12,1,10,6,11.266666666666667,8.841846274778883,5.666666666666667,11.406066666666666,52,3,17,3,45,20,961,test
962,344,64,1,51,15,5,4,6,6,15.925,12.161744961471694,5.5,10.6515125,53,2,11,5,33,12,962,train
963,367,68,1,55,19,9,2,4,9,9.15294117647059,9.516144504307135,3.5,9.356023529411765,60,4,12,5,39,13,963,train
964,426,77,1,55,24,9,3,10,3,5.592982456140351,6.42735559955562,2.5,11.328714035087721,51,6,15,2,55,12,964,train
965,358,63,0,44,15,6,0,5,11,15.774603174603175,12.161744961471694,6.5,11.464773015873018,43,2,13,5,34,15,965,train
966,396,67,6,56,21,13,3,4,8,10.282089552238807,11.698219412168324,3.75,10.123419402985075,54,4,16,9,46,16,966,train
967,238,39,3,29,13,4,2,3,4,8.276923076923078,9.725611199111238,3.6666666666666665,10.354376923076924,31,3,11,4,29,11,967,train
968,412,77,2,60,15,9,5,9,4,9.796363636363637,10.355215969177355,2.8,8.911768571428572,60,5,14,8,48,14,968,test
969,199,34,0,29,6,4,3,2,2,5.7098039215686285,6.42735559955562,3.3333333333333335,10.700398039215688,29,3,10,1,24,8,969,test
970,206,40,0,31,10,5,2,4,4,8.0,7.168621630094336,3.5,10.54975,30,2,7,1,21,8,970,train
971,583,101,2,66,19,15,6,7,9,13.268316831683169,11.698219412168324,7.5,9.735335643564357,65,4,30,9,48,22,971,train
972,475,93,0,64,21,11,8,3,11,10.020645161290325,9.3871,3.0,8.294328817204303,60,5,15,6,48,14,972,train
973,140,28,0,24,4,3,0,2,4,5.6000000000000005,7.168621630094336,2.5,7.714471428571429,25,2,5,1,14,3,973,train
974,497,90,1,63,22,12,1,7,11,11.666666666666668,10.125756701596842,5.5,10.015833333333333,63,4,22,6,51,18,974,test
975,306,54,0,44,13,7,4,6,4,12.281481481481482,10.125756701596842,6.0,12.870700000000001,47,2,12,3,37,16,975,test
976,219,37,0,32,10,4,0,4,6,8.176576576576577,8.841846274778883,4.0,13.210125225225227,32,3,12,3,32,12,976,test
977,275,52,0,42,11,7,2,3,5,10.01025641025641,9.725611199111238,3.3333333333333335,9.051041025641025,42,3,10,4,22,10,977,train
978,349,65,0,47,11,8,2,9,6,10.807692307692308,10.686352973137792,3.5,10.515576923076924,48,4,13,7,36,15,978,test
979,361,64,1,51,17,10,4,4,6,8.275,8.07648339933343,2.75,9.364474999999999,52,4,11,3,42,12,979,train
980,217,40,0,34,12,5,0,2,6,9.333333333333334,9.725611199111238,3.3333333333333335,12.192833333333335,38,3,10,4,31,11,980,train
981,598,108,4,76,31,7,3,6,8,9.422222222222222,8.841846274778883,4.0,12.278096296296297,74,6,24,6,83,22,981,train
982,240,45,0,35,8,8,3,5,4,5.388888888888889,5.985473137389441,2.0,9.106944444444444,36,4,6,1,24,7,982,train
983,369,69,0,47,14,10,1,5,11,14.959420289855073,8.841846274778883,5.5,9.237989855072463,46,2,11,2,30,14,983,train
984,300,50,0,43,12,8,1,6,2,10.666666666666668,10.504223727775692,5.0,11.094966666666666,44,3,15,5,34,13,984,train
985,36,6,0,6,1,0,2,0,0,2.4000000000000004,3.1291,1.0,11.8291,6,1,1,0,6,2,985,train
986,250,47,0,41,9,6,2,3,7,11.953191489361704,10.125756701596842,6.0,9.84146170212766,42,2,12,3,24,9,986,train
987,164,30,1,24,9,4,1,3,1,8.666666666666668,8.841846274778883,3.5,11.222833333333334,24,2,7,2,21,7,987,train
988,279,48,2,36,11,5,4,8,3,11.266666666666667,8.841846274778883,6.0,11.735025,40,2,12,2,38,10,988,test
989,269,51,0,40,12,9,2,5,6,7.584313725490197,6.42735559955562,3.0,9.123817647058823,38,3,9,1,22,10,989,train
990,404,69,2,54,19,10,1,8,8,7.259130434782609,8.238735603445708,3.8,11.186197391304347,52,5,19,4,49,19,990,test
991,545,101,0,65,22,13,3,14,11,8.713531353135314,9.725611199111238,4.0,9.786878877887789,63,6,24,8,49,23,991,train
992,400,71,0,50,18,11,2,9,6,10.480281690140846,10.125756701596842,4.25,10.076759154929578,49,4,17,6,37,17,992,train
993,408,77,1,57,14,10,1,3,10,8.757402597402598,8.841846274778883,2.6,9.732028311688312,58,5,13,5,40,15,993,test
994,351,69,2,51,15,10,4,4,6,11.419607843137257,9.725611199111238,3.3333333333333335,9.869296078431372,51,3,10,4,39,14,994,train
995,314,66,0,53,15,8,1,3,10,9.406060606060606,6.42735559955562,2.3333333333333335,10.708760606060606,54,3,7,1,42,10,995,train
996,248,50,1,44,11,5,2,6,5,9.8,3.1291,4.5,11.618842857142857,44,2,7,0,36,6,996,train
997,235,43,1,28,10,8,1,7,4,7.593798449612404,7.793537801064561,3.3333333333333335,9.121154263565892,28,3,10,2,22,9,997,train
998,197,38,0,34,7,5,0,0,6,8.65263157894737,8.841846274778883,4.5,10.396268421052632,34,2,9,2,23,9,998,train
999,250,44,1,34,8,5,4,3,4,8.593939393939394,8.841846274778883,3.3333333333333335,11.90010303030303,35,3,10,3,31,10,999,train
1000,333,63,0,51,17,9,2,5,7,10.304761904761905,8.841846274778883,3.6666666666666665,9.690798412698413,51,3,11,3,31,10,1000,test
1001,433,78,6,58,16,8,4,8,11,12.964102564102564,10.504223727775692,4.666666666666667,9.379689743589744,59,3,14,5,46,14,1001,train
1002,278,44,1,40,11,7,0,6,6,13.345454545454544,13.023866798666859,6.0,10.828381818181818,41,2,12,6,31,13,1002,train
1003,420,82,1,53,15,4,4,9,9,10.151219512195123,9.516144504307135,4.0,8.504519512195122,53,4,16,5,37,16,1003,train
1004,454,83,0,53,26,10,2,6,7,9.263855421686747,7.168621630094336,4.75,12.085097590361446,54,4,19,2,53,18,1004,test
1005,210,41,0,32,7,5,0,4,6,7.417886178861789,7.793537801064561,2.3333333333333335,9.320952032520324,31,3,7,2,21,9,1005,train
1006,334,62,1,46,14,7,1,6,8,6.845161290322581,5.985473137389441,2.75,10.00820322580645,41,4,11,1,35,11,1006,train
1007,383,64,1,48,15,9,3,7,6,8.9,9.516144504307135,4.25,10.844787499999999,50,4,17,5,49,14,1007,train
1008,91,17,0,15,4,3,1,1,1,9.15294117647059,8.841846274778883,3.0,8.19499411764706,16,1,3,1,7,3,1008,test
1009,292,56,0,45,16,8,0,4,6,12.62857142857143,8.841846274778883,6.0,11.228514285714287,42,2,12,2,31,14,1009,test
1010,413,81,1,58,18,9,1,5,16,17.68148148148148,10.125756701596842,4.5,10.713695061728394,61,2,9,3,43,12,1010,train
1011,413,78,0,54,15,10,6,8,7,11.938461538461539,11.20814326018867,5.666666666666667,9.379689743589744,51,3,17,6,42,12,1011,train
1012,427,77,1,55,11,8,6,10,8,9.276883116883118,9.3871,3.0,8.706703636363637,57,5,15,6,39,12,1012,train
1013,357,66,1,46,13,10,3,6,6,10.012121212121214,8.841846274778883,5.333333333333333,8.555578787878787,44,3,16,3,32,11,1013,train
1014,360,60,4,46,14,8,2,2,5,8.666666666666668,8.841846274778883,4.0,10.170166666666667,48,4,16,4,40,15,1014,train
1015,17,5,0,5,0,0,0,0,2,2.0,3.1291,0.0,0.248,5,1,0,0,0,0,1015,test
1016,131,23,4,21,3,1,2,0,2,12.678260869565218,13.023866798666859,5.0,6.8368652173913045,22,1,5,3,13,3,1016,train
1017,325,58,0,45,13,8,1,9,6,9.11264367816092,7.793537801064561,4.333333333333333,10.584743678160919,46,3,13,2,27,15,1017,train
1018,184,31,0,29,9,6,2,4,3,4.390322580645162,7.168621630094336,2.25,10.133158064516131,28,4,9,2,23,9,1018,test
1019,166,31,1,26,4,2,1,1,2,6.2,7.168621630094336,2.5,8.48013870967742,27,2,5,1,14,4,1019,test
1020,458,83,5,58,18,12,2,7,13,13.476305220883535,11.20814326018867,6.333333333333333,11.476959437751004,61,3,19,6,47,18,1020,train
1021,496,87,0,59,29,11,3,8,8,7.639080459770115,8.344100000000001,3.6666666666666665,12.522941379310346,56,6,23,5,56,22,1021,train
1022,420,80,1,57,16,11,4,7,10,10.0,9.516144504307135,3.75,9.168125,58,4,15,5,45,15,1022,train
1023,266,49,1,44,9,7,6,3,5,7.348979591836735,8.841846274778883,2.5,9.077773469387754,42,4,10,4,30,9,1023,train
1024,256,46,1,38,10,7,2,2,8,8.742028985507247,8.841846274778883,2.6666666666666665,9.545946376811594,37,3,8,3,24,10,1024,train
1025,374,65,0,50,15,11,7,3,4,16.69230769230769,13.81666964889586,8.0,9.864038461538462,55,2,16,7,39,17,1025,train
1026,371,62,7,54,14,8,6,6,8,8.004301075268819,9.2995712137729,3.0,10.515968817204302,55,6,18,7,50,22,1026,train
1027,151,29,0,19,6,6,0,4,2,5.800000000000001,3.1291,3.5,11.433975862068966,18,2,7,0,17,6,1027,train
1028,267,50,0,37,9,5,1,4,6,8.266666666666667,7.793537801064561,3.0,7.936966666666667,36,3,9,2,20,7,1028,test
1029,262,49,0,40,9,8,3,5,4,12.248979591836736,10.125756701596842,5.0,9.363128571428572,41,2,10,3,27,10,1029,train
1030,460,79,4,58,19,12,6,6,8,20.356962025316456,15.903189008614273,8.5,10.392662025316456,57,2,17,10,42,20,1030,test
1031,422,74,3,49,17,11,2,9,8,12.56936936936937,10.504223727775692,5.333333333333333,9.767669369369369,48,3,16,5,38,18,1031,train
1032,443,84,1,57,16,7,3,10,10,6.640000000000001,3.1291,3.0,9.406125060240964,55,5,15,0,46,14,1032,test
1033,276,48,1,36,9,6,5,5,3,11.4,11.20814326018867,3.3333333333333335,9.693433333333335,38,3,10,6,26,13,1033,train
1034,366,60,0,46,12,9,4,6,6,12.0,11.698219412168324,5.0,9.907,45,4,20,9,34,18,1034,train
1035,474,93,2,66,27,14,2,4,13,10.020645161290325,10.355215969177355,3.4,10.33174817204301,65,5,17,8,53,16,1035,train
1036,522,102,8,78,19,10,4,11,13,15.560784313725492,10.504223727775692,4.333333333333333,9.967017647058825,75,3,14,5,54,15,1036,train
1037,392,69,4,47,16,7,0,9,10,6.679420289855073,6.742157984588678,2.4,11.415037971014492,47,5,13,2,57,12,1037,train
1038,292,54,1,42,13,7,4,6,5,7.622222222222224,8.07648339933343,2.75,10.739062962962963,43,4,11,3,30,11,1038,test
1039,23,4,0,4,2,0,0,0,1,11.600000000000001,8.841846274778883,1.0,11.7299,4,1,1,1,2,2,1039,train
1040,183,36,0,32,9,5,1,2,8,7.2,3.1291,2.5,10.669855555555555,32,2,5,0,19,9,1040,train
1041,313,59,0,42,15,7,2,4,7,12.477966101694916,7.168621630094336,5.0,11.790377966101694,40,2,10,1,29,13,1041,train
1042,216,39,0,31,8,7,0,4,4,7.251282051282051,7.793537801064561,3.3333333333333335,9.949505128205129,32,3,11,2,23,7,1042,train
1043,312,59,1,48,17,9,3,3,6,7.86896551724138,8.07648339933343,3.0,10.345010344827585,51,4,12,3,36,14,1043,test
1044,305,56,3,43,16,8,2,3,4,11.038095238095238,10.504223727775692,4.0,11.329509523809524,43,3,12,5,36,13,1044,test
1045,543,90,4,57,15,15,6,8,5,13.444444444444446,12.602617957971052,5.25,10.717611111111111,58,4,22,11,48,23,1045,train
1046,356,59,2,44,14,10,4,5,5,11.256497175141243,10.504223727775692,5.333333333333333,9.429254802259887,45,3,16,5,33,16,1046,train
1047,263,51,1,42,12,4,1,2,7,7.584313725490197,6.42735559955562,2.0,10.981464705882354,43,3,7,1,33,8,1047,test
1048,402,75,1,56,18,11,4,5,9,11.600000000000001,8.841846274778883,6.0,11.613566666666667,58,3,17,3,45,17,1048,test
1049,336,59,0,50,14,6,5,6,6,8.611864406779661,9.516144504307135,4.25,10.255896610169492,49,4,17,5,33,16,1049,test
1050,330,60,3,48,13,10,1,6,7,14.666666666666666,11.20814326018867,7.0,11.4405,50,2,14,4,41,14,1050,train
1051,418,79,1,61,20,9,1,7,12,9.851282051282052,8.841846274778883,4.25,10.676776923076924,62,4,17,4,46,15,1051,train
1052,300,53,0,36,16,7,0,3,9,10.08553459119497,11.20814326018867,4.333333333333333,10.471257232704403,37,3,13,6,32,14,1052,train
1053,227,41,1,32,8,7,2,2,5,10.151219512195123,11.20814326018867,4.0,8.11939756097561,35,2,7,4,20,5,1053,train
1054,550,105,1,66,30,13,3,9,13,8.087179487179487,7.168621630094336,3.3333333333333335,9.658348717948718,62,6,20,3,52,22,1054,test
1055,471,91,0,60,20,13,4,10,10,7.385347985347986,7.168621630094336,2.5,9.247228205128206,57,6,15,3,57,16,1055,train
1056,379,70,0,49,10,8,4,6,10,10.476190476190476,7.793537801064561,3.3333333333333335,8.62854761904762,50,3,9,2,37,9,1056,train
1057,713,124,4,85,33,16,5,12,15,12.247004608294931,12.031772070788634,4.571428571428571,11.264080184331798,76,7,32,17,82,29,1057,train
1058,270,50,1,39,16,4,2,3,6,11.43265306122449,8.841846274778883,5.5,10.652108163265307,41,2,11,2,28,8,1058,test
1059,453,80,6,57,18,10,1,9,9,10.0,8.841846274778883,5.0,10.747125,55,4,20,4,55,22,1059,train
1060,81,14,0,12,4,0,2,1,1,5.6000000000000005,3.1291,4.0,13.353757142857145,16,1,4,0,16,2,1060,test
1061,532,95,3,60,25,11,2,9,10,8.37593984962406,8.841846274778883,3.5714285714285716,12.121537593984963,56,7,25,7,71,21,1061,train
1062,275,49,2,39,10,7,3,4,8,11.43265306122449,10.125756701596842,5.5,10.329863265306123,41,2,8,3,25,6,1062,train
1063,362,70,0,47,14,8,0,9,5,11.047619047619047,9.725611199111238,4.666666666666667,9.305261904761906,45,3,13,4,35,12,1063,test
1064,374,70,2,55,18,10,1,9,7,8.142857142857144,7.168621630094336,3.25,10.594928571428571,53,4,13,2,41,12,1064,train
1065,468,88,5,71,21,13,3,7,11,10.163636363636364,8.841846274778883,4.0,11.187245454545454,70,4,16,4,61,19,1065,train
1066,315,59,0,47,10,9,2,5,7,13.155932203389831,10.125756701596842,4.5,8.043598305084746,48,2,9,3,22,7,1066,train
1067,207,38,1,31,8,5,0,3,3,8.65263157894737,8.841846274778883,3.5,9.980742105263158,33,2,7,2,24,9,1067,train
1068,360,64,0,46,13,10,3,7,6,8.245000000000001,8.841846274778883,2.4,9.94591125,45,5,12,5,38,14,1068,test
1069,312,56,1,41,15,11,1,2,2,10.323809523809524,10.504223727775692,3.3333333333333335,8.791830952380952,41,3,10,5,26,11,1069,train
1070,366,68,0,49,16,9,4,4,7,9.654901960784315,7.793537801064561,4.666666666666667,8.940472549019608,50,3,14,2,39,13,1070,train
1071,284,53,1,40,14,7,1,6,5,6.054716981132076,5.985473137389441,2.5,10.84803962264151,41,4,10,1,32,11,1071,test
1072,184,30,3,28,12,4,0,3,2,8.666666666666668,10.125756701596842,3.0,11.749166666666667,31,2,6,3,22,8,1072,train
1073,247,47,0,37,13,5,2,4,4,11.10212765957447,8.841846274778883,4.0,10.849334042553192,39,2,8,2,33,11,1073,train
1074,287,51,1,36,13,10,2,4,5,15.690196078431374,13.81666964889586,8.0,11.712672549019608,36,2,16,7,28,15,1074,train
1075,336,59,2,41,14,6,1,5,6,9.900564971751415,9.725611199111238,4.666666666666667,9.964509039548023,42,3,14,4,29,15,1075,test
1076,109,23,0,20,4,1,1,3,3,6.339130434782609,7.168621630094336,1.5,11.07211739130435,20,2,3,1,17,2,1076,train
1077,401,74,1,57,21,13,1,6,9,11.183783783783785,10.686352973137792,4.25,9.88855945945946,57,4,17,7,37,13,1077,test
1078,241,47,1,41,11,4,2,3,5,6.402127659574468,7.168621630094336,1.75,10.266534042553193,43,4,7,2,34,7,1078,train
1079,214,38,3,29,9,4,3,3,3,11.810526315789474,12.161744961471694,4.0,9.980742105263158,32,2,8,5,27,8,1079,train
1080,366,62,0,46,14,9,3,7,8,10.20215053763441,8.841846274778883,5.333333333333333,11.028502150537633,44,3,16,3,33,16,1080,test
1081,417,74,4,55,21,9,1,7,12,12.02882882882883,10.504223727775692,7.0,10.621182882882884,54,3,20,5,46,17,1081,train
1082,436,78,2,55,19,12,1,5,8,10.876923076923077,10.125756701596842,3.5,10.879212820512821,56,4,14,6,50,19,1082,train
1083,395,77,1,57,12,10,4,9,7,8.73896103896104,7.168621630094336,2.75,8.897663636363635,56,4,11,2,41,16,1083,train
1084,185,34,1,31,12,4,1,2,5,7.976470588235294,7.168621630094336,3.5,10.052641176470589,31,2,7,1,20,7,1084,train
1085,366,69,1,58,10,5,3,7,7,11.518840579710146,11.20814326018867,5.333333333333333,9.582952173913045,60,3,16,6,36,13,1085,test
1086,460,83,3,56,21,13,4,7,9,13.95823293172691,11.855464076750408,6.333333333333333,11.096477510040161,56,3,19,7,45,21,1086,test
1087,389,63,0,41,20,7,0,4,5,9.484444444444444,9.888512548439397,3.8,11.028602857142857,42,5,17,6,37,17,1087,train
1088,292,50,1,40,14,9,3,4,8,14.0,12.161744961471694,6.5,12.1399,41,2,13,5,30,17,1088,train
1089,244,46,0,31,13,6,2,3,1,11.808695652173913,10.125756701596842,5.0,9.926213043478262,33,2,10,3,24,8,1089,train
1090,460,82,5,64,21,14,2,10,11,11.126829268292683,11.20814326018867,5.0,10.62269024390244,63,4,20,8,56,20,1090,test
1091,4,1,0,1,0,0,0,0,0,0.4,3.1291,0.0,0.0496,2,1,0,0,2,0,1091,train
1092,172,34,2,27,11,5,0,3,3,6.800000000000001,3.1291,2.0,11.910288235294118,31,2,4,0,27,4,1092,train
1093,496,88,2,62,21,14,3,10,6,11.981818181818182,11.20814326018867,5.75,9.751790909090909,65,4,22,7,51,19,1093,train
1094,273,55,0,40,13,8,1,5,7,8.576100628930819,7.793537801064561,3.3333333333333335,11.067106289308178,41,3,10,2,32,14,1094,test
1095,301,55,0,41,15,11,1,6,8,7.681818181818182,8.841846274778883,2.75,9.773227272727274,40,4,11,4,32,10,1095,train
1096,258,49,0,35,13,8,0,3,7,13.06530612244898,11.20814326018867,4.5,10.00761836734694,34,2,10,4,23,8,1096,train
1097,288,52,2,46,13,8,3,3,7,10.01025641025641,9.725611199111238,3.0,10.26565641025641,49,3,9,4,35,12,1097,train
1098,478,86,5,54,24,15,1,4,9,11.855813953488372,10.686352973137792,4.5,10.394644186046511,55,4,18,7,51,19,1098,train
1099,336,63,1,49,16,12,4,4,10,8.83968253968254,8.841846274778883,2.5,9.179763492063493,50,4,10,4,34,11,1099,train
1100,436,74,1,58,18,9,2,8,9,17.502702702702702,13.81666964889586,9.5,10.80615945945946,59,2,19,7,40,18,1100,train
1101,275,50,0,41,14,9,0,3,3,5.800000000000001,8.07648339933343,2.75,10.2567,45,4,11,3,32,11,1101,train
1102,266,48,1,37,10,7,1,6,4,8.9,9.725611199111238,4.333333333333333,10.680308333333333,38,3,13,4,28,12,1102,train
1103,509,89,2,66,28,6,1,8,13,17.25992509363296,14.554592549557764,6.666666666666667,12.914258801498129,65,3,20,12,65,29,1103,train
1104,504,87,2,65,25,11,3,7,7,9.718620689655172,9.3871,4.8,11.21482735632184,67,5,24,6,61,25,1104,train
1105,369,66,0,51,18,10,2,3,8,10.012121212121214,8.841846274778883,4.0,11.426487878787878,54,3,12,3,43,14,1105,train
1106,448,88,0,55,20,14,1,10,9,5.866666666666667,5.46131890053228,1.8333333333333333,9.208625757575758,50,6,11,1,51,13,1106,test
1107,249,46,0,38,12,4,1,3,4,11.808695652173913,10.125756701596842,4.5,10.955995652173913,39,2,9,3,23,11,1107,train
1108,486,89,2,68,20,9,3,5,13,14.113857677902622,10.504223727775692,7.333333333333333,11.494932958801499,66,3,21,5,52,19,1108,train
1109,213,40,0,33,6,3,0,1,4,5.0,5.985473137389441,1.5,10.448500000000001,36,4,6,1,28,6,1109,train
1110,154,30,0,27,7,5,2,3,3,6.0,3.1291,2.0,8.064833333333333,28,2,4,0,14,4,1110,train
1111,380,70,3,52,15,10,3,5,7,9.857142857142858,9.516144504307135,3.5,9.015928571428573,51,4,14,5,37,14,1111,train
1112,337,59,3,48,14,10,1,3,6,15.189830508474579,12.161744961471694,7.0,12.058005084745764,51,2,13,4,41,17,1112,test
1113,657,110,11,84,24,13,4,12,12,8.018807339449541,8.841846274778883,3.875,10.54138256880734,80,8,27,8,82,26,1113,test
1114,94,17,0,15,4,3,0,3,1,9.15294117647059,8.841846274778883,5.0,9.123817647058823,15,1,5,1,8,5,1114,train
1115,132,23,0,22,6,3,2,3,1,8.078260869565218,8.841846274778883,3.0,10.385595652173913,22,2,6,2,12,5,1115,train
1116,138,25,2,20,7,4,1,1,3,8.200000000000001,8.841846274778883,2.5,7.4145,22,2,5,2,15,2,1116,train
1117,226,41,0,38,11,7,1,3,5,6.051219512195122,7.168621630094336,1.75,9.921729268292683,37,4,7,2,25,9,1117,train
1118,214,38,0,33,9,4,0,8,3,10.757894736842106,10.125756701596842,4.0,9.980742105263158,34,2,8,3,20,8,1118,train
1119,201,36,0,29,9,7,0,5,3,5.911111111111111,6.42735559955562,2.6666666666666665,10.810866666666666,29,3,8,1,22,9,1119,train
1120,539,101,1,67,22,16,2,4,7,9.505610561056105,9.725611199111238,3.8333333333333335,9.474205610561055,65,6,23,8,47,22,1120,train
1121,156,30,0,26,6,3,2,4,4,8.666666666666668,8.841846274778883,2.5,9.1175,27,2,5,2,14,6,1121,test
1122,197,33,0,27,9,7,0,1,3,12.660606060606062,13.023866798666859,5.0,11.632172727272728,27,2,10,6,24,12,1122,train
1123,438,80,2,60,18,8,9,6,8,18.331645569620253,12.161744961471694,9.0,10.592535443037974,60,2,18,5,42,19,1123,test
1124,288,51,1,44,15,6,0,6,6,9.15294117647059,8.841846274778883,3.6666666666666665,11.291072549019608,46,3,11,3,41,14,1124,train
1125,337,66,1,51,15,12,0,6,6,10.618181818181819,9.725611199111238,2.6666666666666665,9.034063636363637,54,3,8,4,32,10,1125,train
1126,251,42,2,37,9,6,2,4,4,11.257142857142858,10.125756701596842,6.0,11.445242857142857,39,2,12,3,25,15,1126,test
1127,186,35,0,32,7,4,0,4,3,5.80952380952381,6.42735559955562,3.0,11.884595238095239,31,3,8,1,27,6,1127,train
1128,262,48,2,39,8,6,1,4,6,5.633333333333334,7.168621630094336,2.5,10.15295,39,4,10,2,30,9,1128,train
1129,269,49,1,40,14,6,1,4,4,12.248979591836736,10.125756701596842,5.5,11.618842857142857,42,2,11,3,33,11,1129,train
1130,246,46,0,42,7,3,2,5,7,10.93913043478261,8.841846274778883,4.5,9.582952173913045,41,2,8,2,23,6,1130,train
1131,539,98,2,72,22,10,4,5,15,11.024489795918369,8.07648339933343,5.25,9.846495918367347,73,4,21,3,61,20,1131,train
1132,453,85,1,50,24,5,4,6,12,8.211764705882354,7.554174236665414,3.6,11.538758823529411,49,5,18,3,57,18,1132,train
1133,341,65,3,50,16,6,2,6,6,15.461538461538462,11.20814326018867,6.0,11.807423076923078,48,2,12,4,38,15,1133,test
1134,159,32,0,29,5,4,2,4,5,5.516666666666667,8.841846274778883,1.3333333333333333,8.113066666666667,27,3,4,3,19,3,1134,test
1135,425,77,0,53,14,14,6,6,7,10.297402597402598,9.516144504307135,5.0,9.102728571428571,53,4,20,5,37,19,1135,train
1136,293,53,0,44,12,8,1,4,7,6.504150943396226,7.554174236665414,2.6,10.418675094339623,41,5,13,3,31,12,1136,train
1137,574,96,5,74,24,10,2,9,12,10.596666666666668,10.793553405168563,4.8,10.0166325,74,5,24,9,59,21,1137,train
1138,267,48,2,39,10,9,1,5,6,11.266666666666667,10.125756701596842,4.5,9.761275,41,2,9,3,30,9,1138,train
1139,214,37,0,29,6,5,3,5,2,7.095495495495496,8.841846274778883,3.6666666666666665,8.942557657657659,30,3,11,3,21,7,1139,train
1140,460,77,1,60,17,7,5,9,7,11.336363636363638,11.698219412168324,5.5,9.92298831168831,62,4,22,9,43,18,1140,train
1141,159,28,1,24,8,4,2,2,0,8.457142857142857,8.841846274778883,4.5,12.225900000000001,25,2,8,2,18,7,1141,test
1142,498,87,2,64,17,13,3,12,8,13.439080459770118,11.20814326018867,7.333333333333333,9.61225632183908,63,3,22,6,40,18,1142,train
1143,414,78,1,60,14,9,2,5,12,11.425641025641028,7.793537801064561,5.0,9.379689743589744,63,3,16,2,36,14,1143,test
1144,304,58,0,37,9,4,4,3,8,25.26896551724138,13.023866798666859,15.0,13.319334482758622,35,1,15,3,36,8,1144,train
1145,294,53,1,39,13,8,1,8,3,9.330817610062894,8.841846274778883,4.666666666666667,10.471257232704403,40,3,14,3,31,13,1145,train
1146,371,65,0,47,18,10,1,5,7,10.512820512820515,8.841846274778883,6.0,10.541320512820512,47,3,18,3,36,18,1146,test
1147,296,55,0,42,15,8,1,5,3,13.90909090909091,12.161744961471694,6.0,10.168136363636364,42,2,12,5,30,10,1147,train
1148,402,85,0,55,17,8,4,5,8,12.745098039215685,8.841846274778883,3.0,10.429009803921568,52,3,9,3,40,10,1148,train
1149,202,35,1,30,9,6,1,3,1,8.095238095238095,8.841846274778883,3.0,10.982309523809523,28,3,9,3,26,10,1149,train
1150,367,69,1,47,17,14,1,3,7,11.518840579710146,10.504223727775692,5.0,8.667589855072464,46,3,15,5,27,12,1150,train
1151,172,37,0,28,7,4,1,1,6,7.4,7.168621630094336,0.5,6.687883783783784,29,2,1,1,13,0,1151,train
1152,206,38,0,35,8,4,3,6,5,5.066666666666666,6.42735559955562,2.3333333333333335,9.25108245614035,33,3,7,1,25,7,1152,train
1153,366,66,1,45,15,12,1,1,11,13.64848484848485,13.023866798666859,5.666666666666667,8.555578787878787,46,3,17,9,34,14,1153,train
1154,273,45,0,32,15,9,0,3,3,23.333333333333336,19.287186520377343,15.0,11.482722222222222,31,1,15,8,22,15,1154,test
1155,210,41,0,33,8,5,0,4,5,6.442276422764228,6.42735559955562,2.3333333333333335,9.320952032520324,35,3,6,1,23,7,1155,train
1156,281,54,1,41,15,8,1,4,7,7.940740740740741,6.42735559955562,3.3333333333333335,10.377448148148149,40,3,10,1,31,11,1156,train
1157,270,54,0,28,15,7,0,6,4,10.8,3.1291,6.0,14.04032962962963,25,2,12,0,35,12,1157,train
1158,327,58,1,38,12,8,1,4,7,13.668965517241379,10.125756701596842,6.5,9.430762068965517,40,2,13,3,31,10,1158,train
1159,322,64,0,48,10,6,3,10,5,8.533333333333333,7.793537801064561,2.3333333333333335,8.148695833333333,50,3,7,2,28,5,1159,train
1160,468,83,1,66,19,10,7,6,10,11.191566265060242,10.125756701596842,5.0,9.992446987951807,68,4,20,6,46,16,1160,train
1161,325,57,1,49,15,12,0,5,5,25.60701754385965,15.903189008614273,14.0,12.281068421052632,51,1,14,5,31,13,1161,test
1162,329,55,0,41,13,10,1,5,9,13.90909090909091,11.20814326018867,8.5,10.168136363636364,41,2,16,4,26,14,1162,test
1163,221,39,2,32,10,6,1,4,4,8.825641025641026,7.168621630094336,4.5,12.701135897435899,32,2,10,1,25,11,1163,train
1164,499,87,3,61,23,10,4,9,13,9.718620689655172,9.3871,4.0,10.670344597701149,64,5,19,6,68,16,1164,train
1165,199,34,0,26,9,6,0,2,3,17.129411764705885,13.023866798666859,10.0,11.824664705882354,27,1,10,3,16,9,1165,train
1166,388,67,0,53,16,8,2,4,10,13.112437810945273,11.855464076750408,5.333333333333333,10.636024378109454,56,3,16,7,37,17,1166,train
1167,232,40,3,34,11,6,1,2,6,9.0,8.841846274778883,4.5,11.33925,36,2,9,2,30,10,1167,train
1168,302,59,2,45,12,6,1,8,5,10.578531073446328,10.504223727775692,3.3333333333333335,10.499763276836159,44,3,10,5,32,12,1168,train
1169,512,99,0,56,23,15,4,9,15,13.536363636363639,12.602617957971052,4.0,8.851473737373738,55,4,16,11,42,16,1169,train
1170,5,1,0,1,0,0,0,0,0,0.4,3.1291,0.0,19.476100000000002,1,1,0,0,1,0,1170,train
1171,310,60,0,44,16,6,0,3,7,7.333333333333333,8.07648339933343,3.0,11.222833333333334,46,4,12,3,38,13,1171,train
1172,444,76,6,53,19,12,3,10,7,7.132631578947368,7.554174236665414,3.4,10.831077894736843,46,5,17,3,49,18,1172,test
1173,398,72,3,58,11,3,5,3,10,8.866666666666667,8.841846274778883,3.25,10.011938888888888,58,4,13,4,53,14,1173,test
1174,335,64,1,46,18,9,1,8,6,6.934920634920636,5.985473137389441,2.75,11.435477777777777,44,4,12,1,39,10,1174,train
1175,121,21,2,21,5,1,2,4,1,14.114285714285714,13.023866798666859,6.0,14.452861904761905,23,1,6,3,22,7,1175,train
1176,296,57,0,46,8,7,3,4,7,7.103508771929825,8.07648339933343,1.75,7.66751052631579,47,4,7,3,31,7,1176,train
1177,375,67,2,48,15,11,2,4,8,15.191044776119405,11.20814326018867,6.5,10.247204477611941,47,2,13,4,36,15,1177,train
1178,299,56,0,41,16,11,0,6,6,8.787878787878787,8.841846274778883,4.333333333333333,9.42637878787879,43,3,13,3,28,11,1178,test
1179,369,66,0,48,17,10,0,2,9,12.436363636363637,11.20814326018867,5.333333333333333,10.469518181818183,51,3,14,6,33,15,1179,train
1180,463,84,2,58,24,14,2,3,11,12.20952380952381,11.698219412168324,5.25,11.445242857142857,62,4,21,9,53,21,1180,train
1181,312,57,2,47,9,4,3,3,7,9.609523809523811,8.841846274778883,4.333333333333333,9.919688095238097,50,3,13,3,30,11,1181,train
1182,271,47,2,39,14,7,1,3,6,11.953191489361704,10.125756701596842,5.0,10.849334042553192,40,2,10,3,27,13,1182,train
1183,293,54,0,42,7,3,3,5,8,7.940740740740741,6.42735559955562,3.3333333333333335,8.915411111111112,41,3,10,1,31,9,1183,train
1184,344,66,1,51,13,5,5,6,7,7.206060606060607,8.841846274778883,2.25,8.761263636363637,53,4,9,4,32,9,1184,train
1185,348,63,2,52,12,4,4,5,7,6.30984126984127,6.742157984588678,2.6,10.777967936507938,52,5,13,2,45,16,1185,train
1186,653,115,2,77,33,20,4,10,16,13.026086956521738,11.979248473330827,5.0,10.955995652173913,74,5,25,12,60,35,1186,train
1187,176,34,0,28,8,6,0,4,2,8.062745098039215,8.841846274778883,2.0,9.771574509803923,27,3,6,3,20,8,1187,test
1188,231,47,0,37,8,4,1,6,9,5.551063829787235,5.985473137389441,1.0,7.914831914893617,37,4,4,1,20,5,1188,test
1189,26,7,0,7,4,1,0,0,0,2.8000000000000003,3.1291,1.0,13.006557142857146,7,1,1,0,5,1,1189,train
1190,388,68,0,49,13,11,1,5,6,7.47450980392157,8.344100000000001,2.1666666666666665,9.53936862745098,46,6,13,5,34,14,1190,test
1191,130,26,1,22,7,1,3,2,3,6.738461538461539,7.168621630094336,2.0,12.783607692307694,24,2,4,1,23,5,1191,train
1192,381,72,0,52,11,11,2,6,11,9.977777777777778,9.516144504307135,4.0,9.354022222222223,51,4,16,5,46,13,1192,train
1193,149,30,0,24,6,3,0,3,5,12.0,3.1291,2.0,8.2825,25,1,2,0,11,2,1193,train
1194,477,84,2,59,25,15,2,6,11,12.20952380952381,11.698219412168324,6.25,10.693338095238095,60,4,25,9,51,23,1194,test
1195,329,57,1,45,16,9,0,6,7,14.057142857142859,12.161744961471694,8.5,11.228514285714287,46,2,17,5,30,18,1195,test
1196,196,39,3,36,7,4,1,2,3,7.800000000000001,3.1291,2.5,8.247546153846153,36,2,5,0,22,2,1196,train
1197,306,52,0,43,10,5,2,8,9,9.241025641025642,10.504223727775692,4.333333333333333,10.569310256410256,42,3,13,5,28,15,1197,train
1198,241,45,1,36,16,6,0,4,9,11.666666666666668,11.20814326018867,4.0,11.41938888888889,39,2,8,4,28,9,1198,train
1199,366,69,0,50,22,14,1,6,5,7.4797101449275365,8.07648339933343,2.25,9.755433333333334,51,4,10,4,46,8,1199,train
1200,175,31,0,29,6,4,0,3,3,4.133333333333334,6.42735559955562,3.0,10.770646236559141,30,3,9,1,19,7,1200,train
1201,334,56,0,43,15,7,1,9,4,12.466666666666669,11.855464076750408,5.333333333333333,11.893438095238096,42,3,16,7,34,18,1201,train
1202,202,37,1,29,10,6,3,1,4,16.962162162162162,11.20814326018867,7.0,9.739267567567568,30,1,7,2,19,8,1202,test
1203,316,62,2,48,14,8,6,6,6,13.690322580645162,10.125756701596842,4.5,9.24893870967742,48,2,9,3,29,8,1203,train
1204,248,47,0,34,11,9,2,5,7,10.93913043478261,10.125756701596842,5.5,10.955995652173913,33,2,11,3,26,14,1204,train
1205,386,72,2,45,19,12,0,6,8,11.266666666666667,9.725611199111238,5.0,9.870927777777778,45,3,15,4,44,12,1205,train
1206,365,64,0,49,14,7,3,7,5,10.775,10.686352973137792,4.0,10.10463125,48,4,18,7,36,11,1206,train
1207,123,22,0,20,3,0,0,3,3,6.218181818181819,7.168621630094336,2.0,8.488463636363637,20,2,3,1,10,4,1207,train
1208,500,96,5,65,24,16,6,11,9,8.513333333333334,7.554174236665414,3.4,10.181111666666666,58,5,17,3,58,18,1208,train
1209,411,76,1,50,25,15,0,3,11,8.133333333333333,8.841846274778883,3.4,10.0649,49,5,17,5,43,20,1209,train
1210,263,45,0,37,14,8,0,4,4,20.666666666666668,13.023866798666859,13.0,13.237166666666667,38,1,13,3,28,15,1210,train
1211,197,37,1,31,11,7,0,4,3,7.095495495495496,7.793537801064561,2.6666666666666665,9.796071171171171,30,3,8,2,22,8,1211,train
1212,183,35,1,31,11,4,1,3,3,5.80952380952381,6.42735559955562,2.6666666666666665,11.884595238095239,31,3,8,1,26,6,1212,train
1213,266,49,0,44,10,3,1,6,4,21.232653061224493,13.023866798666859,8.0,10.900573469387755,44,1,8,3,20,8,1213,train
1214,273,50,0,42,8,6,1,4,7,14.0,13.023866798666859,6.0,8.3503,42,2,12,6,20,9,1214,train
1215,165,34,1,30,10,6,1,4,2,6.800000000000001,3.1291,2.0,9.588229411764706,30,2,4,0,20,5,1215,train
1216,163,29,1,27,7,1,2,3,1,7.037931034482759,8.841846274778883,2.0,12.707824137931034,29,4,8,4,25,6,1216,train
1217,377,68,1,47,16,10,0,3,11,12.59607843137255,11.855464076750408,4.666666666666667,9.869296078431372,52,3,14,7,41,14,1217,test
1218,395,75,1,51,14,9,2,8,11,12.3,11.698219412168324,3.75,9.198233333333334,50,4,15,9,38,15,1218,train
1219,199,36,1,26,8,6,1,0,3,7.022222222222223,7.793537801064561,2.6666666666666665,10.810866666666666,27,3,9,2,22,8,1219,train
1220,362,65,2,48,15,13,1,11,7,12.974358974358976,12.457975602129121,5.333333333333333,10.298397435897435,45,3,16,8,33,16,1220,test
1221,416,74,3,52,16,12,4,5,12,11.488288288288288,10.504223727775692,6.333333333333333,8.914155855855856,53,3,19,5,36,15,1221,test
1222,400,69,0,47,8,5,2,3,12,7.259130434782609,8.238735603445708,3.2,8.211269855072464,46,5,16,3,33,12,1222,train
1223,357,64,6,44,17,14,1,4,6,7.65,8.07648339933343,4.5,9.857912500000001,44,4,18,3,41,17,1223,train
1224,363,66,4,56,18,7,1,6,11,11.830303030303032,10.504223727775692,4.666666666666667,12.144215151515152,55,3,14,5,49,16,1224,train
1225,385,72,1,50,18,12,4,3,12,10.533333333333335,10.125756701596842,4.0,9.573327777777777,45,4,16,6,45,12,1225,train
1226,419,81,1,47,23,6,1,3,7,7.4,7.554174236665414,2.6,12.127725,49,5,14,3,56,21,1226,test
1227,73,15,0,15,3,1,0,3,0,2.8000000000000003,3.1291,1.0,8.495128571428573,15,2,2,0,7,2,1227,train
1228,277,50,0,41,11,7,0,5,7,11.600000000000001,10.125756701596842,5.0,9.2977,41,2,10,3,22,8,1228,train
1229,624,110,2,64,24,16,2,14,21,15.757575757575758,8.841846274778883,9.0,10.479257575757575,61,3,27,3,59,25,1229,train
1230,375,69,3,47,19,10,0,4,11,15.53913043478261,10.125756701596842,7.0,11.984076811594202,47,2,14,3,43,17,1230,train
1231,347,67,1,48,13,11,2,5,7,10.724378109452736,8.841846274778883,3.6666666666666665,8.279307960199006,47,3,11,3,30,11,1231,train
1232,410,75,1,54,17,7,2,8,5,12.133333333333333,10.504223727775692,5.333333333333333,10.139833333333335,53,3,16,5,40,19,1232,train
1233,439,84,1,62,21,12,5,10,7,10.780952380952382,9.516144504307135,3.75,8.81357619047619,63,4,15,5,41,17,1233,train
1234,384,72,0,48,17,10,2,7,8,14.044444444444446,12.457975602129121,4.0,9.651622222222223,47,3,12,8,31,16,1234,train
1235,213,40,0,32,8,3,1,3,2,19.0,13.023866798666859,8.0,9.568,33,1,8,3,19,8,1235,train
1236,536,99,3,66,25,13,3,9,12,11.112121212121213,8.841846274778883,5.0,11.722382828282829,68,4,20,4,70,24,1236,train
1237,394,71,0,52,15,12,0,6,10,9.916901408450705,10.125756701596842,4.0,8.964787323943662,52,4,15,6,30,13,1237,train
1238,163,30,0,26,5,3,2,1,3,4.0,3.1291,2.0,8.8695,26,3,5,0,17,5,1238,train
1239,206,36,0,30,11,3,0,2,6,9.422222222222222,8.841846274778883,4.5,12.4243,33,2,9,2,27,7,1239,train
1240,678,117,5,77,32,20,3,7,13,16.486324786324786,14.191785591663535,8.25,10.350633333333334,76,4,33,14,60,33,1240,test
1241,267,45,0,37,8,4,2,6,6,7.155555555555556,9.3871,2.0,8.293566666666667,39,5,10,6,24,5,1241,train
1242,449,84,4,67,18,12,4,8,10,10.780952380952382,10.125756701596842,4.5,9.941433333333334,66,4,18,6,50,20,1242,train
1243,387,72,2,59,12,7,5,7,9,11.047619047619047,9.725611199111238,4.666666666666667,8.62854761904762,55,3,14,4,34,12,1243,test
1244,240,44,2,38,12,6,0,6,1,8.593939393939394,8.841846274778883,3.3333333333333335,11.182375757575757,38,3,10,3,29,9,1244,train
1245,280,59,0,46,10,9,0,4,10,12.477966101694916,7.168621630094336,4.0,9.381733898305084,45,2,8,1,28,8,1245,train
1246,343,65,1,50,14,10,2,4,7,9.897435897435898,8.841846274778883,4.333333333333333,10.541320512820512,50,3,13,3,35,14,1246,train
1247,368,63,0,49,12,7,2,5,6,7.56984126984127,7.168621630094336,4.75,9.931668253968255,46,4,19,2,37,11,1247,train
1248,459,80,1,60,23,9,0,5,13,12.166666666666668,9.725611199111238,7.0,10.683041666666668,59,3,19,4,46,19,1248,train
1249,390,73,0,64,14,6,7,4,9,8.943835616438356,8.841846274778883,3.75,9.084028767123288,64,4,15,4,42,14,1249,train
1250,273,54,1,42,12,6,1,3,3,13.022222222222224,10.125756701596842,5.0,9.946625925925925,42,2,10,3,24,9,1250,test
1251,350,66,1,50,18,6,0,6,8,10.012121212121214,7.793537801064561,4.333333333333333,12.861942424242425,52,3,12,2,47,9,1251,train
1252,434,77,2,50,16,11,4,6,8,10.297402597402598,9.516144504307135,4.75,8.897663636363635,50,4,19,5,41,16,1252,train
1253,175,33,0,28,7,4,1,3,5,6.6000000000000005,3.1291,3.0,9.718233333333334,31,2,6,0,22,5,1253,train
1254,258,43,1,37,10,4,0,6,4,13.251162790697675,12.161744961471694,6.5,10.578248837209303,41,2,13,5,29,12,1254,train
1255,467,83,2,57,16,8,3,10,5,14.440160642570284,11.855464076750408,6.666666666666667,11.286718473895583,58,3,20,7,54,18,1255,train
1256,281,51,0,39,10,7,2,2,8,11.768627450980393,8.841846274778883,6.0,10.474241176470588,41,2,13,2,27,12,1256,train
1257,338,59,4,48,16,7,4,3,6,13.155932203389831,8.841846274778883,6.5,10.719869491525424,50,2,13,2,38,11,1257,test
1258,261,51,0,40,11,8,0,5,4,10.984313725490196,7.168621630094336,3.5,8.926201960784315,41,2,7,1,22,8,1258,train
1259,409,75,4,57,18,7,3,7,12,9.200000000000001,9.3871,3.4,10.0649,56,5,17,6,51,16,1259,train
1260,553,103,4,74,20,13,5,10,14,9.016699029126213,7.554174236665414,3.4,9.257289126213593,70,5,17,3,47,17,1260,test
1261,321,59,1,43,15,6,1,5,10,9.2225988700565,7.793537801064561,5.0,9.696881920903955,45,3,14,2,30,12,1261,train
1262,191,35,0,27,8,5,0,5,4,6.9523809523809526,7.793537801064561,1.6666666666666667,9.177738095238094,28,3,5,2,20,8,1262,train
1263,294,48,1,40,11,7,1,5,3,8.966666666666667,9.516144504307135,3.5,10.481908333333333,39,4,14,5,32,15,1263,train
1264,173,33,1,30,6,6,4,3,4,9.024242424242425,10.125756701596842,2.0,10.196718181818182,30,2,4,3,18,6,1264,train
1265,760,137,2,88,34,22,7,14,19,9.185766423357665,9.516144504307135,3.125,9.441885401459855,89,8,24,10,76,31,1265,train
1266,384,65,6,50,15,6,4,5,9,14.783333333333331,14.554592549557764,6.0,9.875727083333334,48,3,18,12,41,15,1266,train
1267,321,59,0,49,13,7,1,6,7,6.753898305084746,7.554174236665414,2.8,10.10957661016949,50,5,14,3,34,13,1267,test
1268,162,29,0,26,5,4,0,4,2,7.179310344827586,7.168621630094336,4.0,11.433975862068966,25,2,8,1,19,8,1268,train
1269,291,53,0,44,11,7,3,5,6,8.576100628930819,7.793537801064561,3.0,9.279559119496856,46,3,9,2,29,9,1269,train
1270,442,86,7,63,15,9,4,4,8,8.058914728682172,8.344100000000001,2.1666666666666665,11.875224031007754,62,6,13,5,63,18,1270,test
1271,275,53,0,36,10,10,1,7,6,7.8213836477987435,7.793537801064561,3.6666666666666665,8.683710062893082,37,3,11,2,23,6,1271,train
1272,330,59,0,46,13,8,2,4,10,12.001694915254237,11.698219412168324,3.25,10.791150847457628,49,4,14,9,44,16,1272,train
1273,326,62,0,41,15,9,1,5,10,7.540645161290323,8.238735603445708,3.2,11.637185161290322,40,5,16,4,42,10,1273,test
1274,362,65,0,44,18,13,1,6,5,5.815384615384616,5.683917801722854,2.8,9.86853076923077,40,5,14,1,36,18,1274,test
1275,539,109,0,76,29,12,5,6,13,12.000917431192661,8.841846274778883,3.0,11.362044954128441,75,4,12,4,62,19,1275,test
1276,491,89,1,62,23,15,2,9,9,12.046067415730338,10.686352973137792,5.25,8.998077528089887,61,4,21,7,44,21,1276,train
1277,338,60,0,39,18,10,3,5,9,8.0,8.841846274778883,2.1666666666666665,10.974833333333335,39,6,13,6,44,14,1277,test
