,CH,W,CO,UW,NN,DT,RB,JJ,IN,GF,SMOG,RIX,DC,WT,S,LW,CW,NBW,DW,index,split
0,832,146,2,95,35,23,5,7,17,10.324505327245053,10.74609503303851,3.5555555555555554,8.442697564687975,89,9,31,16,86,29,0,test
1,687,110,10,85,21,11,4,10,16,11.74025974025974,12.28987398476788,3.5714285714285716,9.296474025974026,86,7,24,18,81,29,1,train
2,897,160,5,102,32,19,6,14,20,10.06818181818182,10.832165505486643,3.0,7.9107045454545455,95,11,31,20,93,28,2,train
3,390,70,0,56,18,10,3,3,9,20.28571428571429,16.52667757954773,7.5,9.883928571428573,52,2,15,11,41,17,3,train
4,844,135,1,75,35,22,3,6,12,13.564814814814817,13.227904075235838,4.25,9.619870370370371,74,8,34,25,96,35,4,train
5,646,106,2,77,29,15,6,9,17,18.90188679245283,17.410965686947208,8.0,10.462503773584906,78,4,31,24,69,33,5,train
6,1002,185,1,119,35,24,13,11,30,9.13979933110368,9.661875296680812,2.1538461538461537,7.7711394648829435,117,13,28,16,103,33,6,train
7,509,90,2,63,21,13,3,7,14,12.533333333333335,13.023866798666859,4.0,8.213633333333334,62,5,20,15,44,17,7,train
8,1064,174,7,109,43,30,7,13,26,13.931663455362878,13.383793397009324,4.555555555555555,9.427321066152858,103,9,40,28,118,45,8,test
9,1194,198,8,132,41,21,10,15,30,14.079357021996618,13.81666964889586,3.75,9.901121996615906,127,12,45,42,138,55,9,train
10,958,169,7,102,44,26,10,9,25,19.63047619047619,17.58133193835471,7.2,9.62651238095238,102,5,35,31,98,36,10,test
11,1010,176,2,98,44,31,5,13,29,14.254545454545458,13.624085052395262,4.875,8.944347727272728,95,8,38,27,108,40,11,train
12,446,79,0,58,19,11,4,3,6,9.357974683544304,9.888512548439397,3.8,8.21777493670886,55,5,19,7,43,17,12,train
13,1189,197,10,129,50,26,14,17,23,14.237789058093625,13.023866798666859,5.777777777777778,9.93208736604625,124,9,52,27,127,52,13,train
14,833,143,2,103,30,16,10,14,22,12.184965034965035,12.161744961471694,3.75,9.160722377622378,99,8,31,19,93,34,14,train
15,1153,199,8,134,47,31,14,9,27,11.859479214253085,11.911945987284739,4.0,8.421799040657834,129,11,44,26,127,38,15,train
16,1439,237,11,141,47,38,10,19,28,13.681472957422324,12.563389971838223,5.181818181818182,9.168994207901804,131,11,56,27,166,50,16,train
17,383,67,0,55,16,11,3,4,11,10.879104477611941,11.20814326018867,3.75,9.416404477611941,54,4,15,8,46,16,17,train
18,693,117,7,89,25,12,4,6,18,12.928205128205128,12.161744961471694,4.0,9.732076068376069,87,6,24,15,87,30,18,train
19,797,142,5,81,36,20,5,4,27,15.867042253521127,13.348371206891418,6.4,9.048238591549296,74,5,32,16,72,30,19,test
20,825,144,3,93,30,22,5,8,20,13.06666666666667,12.838901577100671,3.4444444444444446,8.816211111111112,89,9,31,26,84,32,20,train
21,411,67,1,51,16,13,4,5,12,12.51542288557214,11.20814326018867,6.0,9.45766616915423,51,3,18,6,38,16,21,train
22,861,154,4,90,41,21,13,5,23,9.961327561327563,9.725611199111238,3.7777777777777777,8.27891240981241,88,9,34,12,82,27,22,train
23,1187,202,8,137,45,26,8,16,33,13.088028802880288,12.719339214003902,5.0,9.62827695769577,133,11,54,31,130,58,23,train
24,100,16,0,15,7,2,1,0,4,8.9,8.841846274778883,3.0,11.338225000000001,15,1,3,1,9,7,24,train
25,1122,189,5,133,46,27,13,16,27,10.691005291005292,11.35114627814755,3.0714285714285716,8.901073544973546,131,14,43,29,130,44,25,train
26,664,117,3,85,25,17,4,5,13,9.268803418803419,9.516144504307135,2.75,8.275660683760684,82,8,22,10,69,21,26,train
27,886,145,4,101,36,20,6,8,18,13.318965517241379,12.602617957971052,5.25,9.653637931034483,99,8,41,22,92,40,27,train
28,1708,297,16,187,63,36,12,23,40,12.364444444444445,11.855464076750408,4.133333333333334,8.765448686868687,178,15,62,35,188,60,28,test
29,1121,195,6,122,43,24,10,14,30,13.17948717948718,12.457975602129121,4.666666666666667,8.43598717948718,111,9,42,24,113,41,29,test
30,544,91,3,67,22,12,5,8,14,13.495604395604397,12.602617957971052,6.5,9.970394505494506,67,4,25,10,57,19,30,test
31,490,80,3,60,20,13,2,7,10,13.5,13.427899808715576,5.25,9.76025,57,4,21,13,51,19,31,train
32,1152,183,7,92,54,23,2,8,27,12.438797814207652,12.009924989830619,4.333333333333333,10.51907486338798,83,12,52,27,137,53,32,train
33,878,145,7,107,28,14,17,13,25,13.802955665024633,13.25671669890799,5.428571428571429,9.782066502463055,99,7,38,22,103,40,33,train
34,1099,191,7,117,46,27,9,12,33,12.24732984293194,12.340626583579944,4.4,8.717367853403141,111,10,44,26,117,45,34,train
35,1226,212,7,142,44,23,14,13,35,12.915723270440253,12.745084868956482,4.166666666666667,8.907153459119497,133,12,50,34,125,54,35,test
36,492,85,4,53,18,17,6,6,6,9.623529411764707,9.3871,3.2,8.009229411764705,45,5,16,6,49,14,36,test
37,1229,203,4,133,39,22,15,15,29,13.440197044334974,13.023866798666859,5.8,9.46594157635468,127,10,58,30,123,56,37,train
38,876,150,5,103,47,21,4,6,25,12.833333333333336,12.38480682065935,4.25,8.882433333333333,100,8,35,21,90,35,38,train
39,946,170,5,117,35,21,9,6,18,7.8190045248868785,9.057496981413337,1.9230769230769231,8.743468325791856,107,13,25,14,106,35,39,train
40,926,155,3,95,46,23,5,6,19,19.88709677419355,15.579741850924794,9.25,9.225854838709678,98,4,33,18,98,27,40,test
41,1164,195,11,138,42,23,10,16,34,12.834498834498834,12.563389971838223,4.636363636363637,9.131311188811189,128,11,51,30,140,49,41,train
42,1090,186,8,122,38,22,5,16,24,10.905683563748081,11.629938488055164,3.0714285714285716,9.389019815668203,118,14,42,31,121,48,42,test
43,335,60,1,50,15,4,5,3,10,12.0,11.855464076750408,3.6666666666666665,8.839166666666667,52,3,11,7,39,11,43,train
44,1026,166,7,111,45,26,6,8,19,17.617349397590363,14.265292616868656,8.4,9.373400722891567,107,5,40,19,120,32,44,train
45,469,85,1,64,14,11,1,6,12,8.019607843137255,8.344100000000001,2.6666666666666665,8.983284313725491,61,6,16,5,48,16,45,train
46,838,158,2,95,32,16,6,7,17,11.950632911392406,11.698219412168324,3.5,7.714137974683545,91,8,27,18,81,24,46,train
47,388,66,0,48,12,12,2,4,8,10.842424242424244,11.20814326018867,3.5,9.239748484848485,45,4,14,8,38,15,47,train
48,566,108,1,75,21,9,5,8,14,10.121481481481482,8.841846274778883,2.2,7.339526666666667,74,5,11,4,60,9,48,train
49,1518,257,11,146,59,37,8,19,35,13.35516312481293,12.635684438814376,4.615384615384615,8.794952678838671,134,13,59,35,156,52,49,test
50,974,164,8,102,29,21,14,12,25,16.29918699186992,14.314028922438442,7.0,9.421135772357722,99,6,42,23,99,39,50,train
51,599,106,2,76,25,17,6,6,17,10.840251572327047,10.864195022040775,3.6666666666666665,7.789936477987422,76,6,22,11,64,19,51,train
52,480,81,0,58,23,13,4,5,13,14.519753086419753,13.81666964889586,5.25,9.709295061728396,56,4,21,14,52,24,52,train
53,1516,250,10,144,63,33,8,21,35,11.686847389558233,11.578365685549247,3.9375,9.354665060240963,126,16,61,35,180,67,53,train
54,622,109,3,80,21,10,4,5,17,13.13822629969419,12.745084868956482,4.166666666666667,9.173162996941898,77,6,25,17,63,25,54,train
55,1628,284,8,165,65,45,18,15,36,11.466197183098593,11.81641974633143,3.75,8.519998591549296,151,16,61,37,184,60,55,train
56,502,97,0,66,19,14,6,11,10,11.471340206185568,11.20814326018867,3.0,7.5288430927835055,67,5,15,10,52,18,56,train
57,1181,203,11,138,40,23,10,15,39,15.273152709359607,13.81666964889586,5.875,9.484311822660098,133,8,47,28,125,51,57,train
58,532,90,2,66,17,12,7,5,12,8.944444444444445,9.516144504307135,2.25,8.054277777777777,61,8,18,10,52,16,58,train
59,423,74,0,51,20,14,2,3,9,12.805405405405407,12.602617957971052,4.25,9.461802702702702,47,4,17,11,41,18,59,test
60,761,129,1,96,28,16,6,12,22,12.24496124031008,12.261556223090622,3.888888888888889,9.488363565891472,90,9,35,23,69,36,60,train
61,825,147,2,96,38,26,3,10,15,11.975850340136056,11.698219412168324,3.875,9.166743537414966,96,8,31,18,84,35,61,train
62,1050,189,4,109,35,32,12,11,31,17.044444444444448,15.021129683784007,5.666666666666667,8.95842380952381,104,6,34,26,96,34,62,test
63,1187,210,6,119,53,30,8,9,37,14.095238095238097,12.838901577100671,5.0,9.0045,110,9,45,25,133,45,63,train
64,287,54,2,42,9,8,1,2,12,23.822222222222223,13.023866798666859,9.0,8.946566666666667,41,1,9,3,26,7,64,test
65,1256,221,10,144,50,29,15,16,34,13.4662278897573,13.172668634160413,4.2727272727272725,8.77699099136158,133,11,48,34,136,49,65,test
66,538,98,0,69,20,9,7,3,17,11.02312925170068,10.864195022040775,2.6666666666666665,8.796939455782312,65,6,16,11,50,18,66,test
67,733,127,3,86,29,17,10,4,19,14.254488188976376,12.340626583579944,5.4,8.750591968503937,82,5,27,13,67,26,67,train
68,609,106,0,73,26,14,2,4,11,11.498867924528302,11.20814326018867,4.0,8.412076603773585,72,5,20,10,56,18,68,train
69,782,133,3,86,33,20,4,8,21,13.678696741854637,12.745084868956482,5.0,9.484838847117794,83,6,30,16,88,27,69,test
70,1051,189,1,97,41,34,12,12,20,10.047330447330449,10.23097548852734,3.272727272727273,7.746972150072151,95,11,35,17,99,36,70,train
71,527,86,2,70,23,13,7,8,7,12.356146179401996,12.540900571622839,3.142857142857143,9.019592358803987,72,7,22,19,57,24,71,train
72,713,129,2,84,29,21,8,13,13,11.390697674418604,10.504223727775692,4.166666666666667,9.109411627906976,79,6,25,10,74,26,72,train
73,971,167,6,108,36,23,12,14,28,15.535628742514971,14.731742533061166,5.25,9.115792215568863,106,8,42,33,96,45,73,train
74,1056,179,5,128,41,24,7,16,30,16.038627294493217,14.554592549557764,6.0,9.75651883479649,127,7,42,28,110,48,74,train
75,1232,208,9,141,45,29,9,17,35,13.308203991130823,13.023866798666859,4.818181818181818,9.952570953436808,133,11,52,33,143,58,75,test
76,1258,213,2,114,58,37,8,17,33,14.153802816901411,13.023866798666859,5.2,9.363261690140845,110,10,52,30,131,52,76,train
77,871,150,1,105,37,21,7,12,23,12.833333333333336,12.161744961471694,4.125,9.829833333333333,101,8,33,20,95,40,77,train
78,132,21,1,17,8,5,0,1,3,17.923809523809524,15.903189008614273,7.0,9.941433333333334,18,1,7,5,14,6,78,train
79,997,176,5,107,43,21,7,13,21,10.945454545454545,11.389717465364857,2.909090909090909,7.929020454545455,97,11,33,23,94,31,79,train
80,1178,198,9,125,41,27,7,14,35,15.062626262626262,13.901157680251561,6.0,9.91128585858586,123,9,54,32,128,56,80,test
81,1049,186,4,116,45,26,11,14,30,12.095698924731183,11.45678717892309,4.625,9.289001075268818,111,8,37,17,113,40,81,train
82,292,49,3,39,9,7,8,7,4,11.43061224489796,12.161744961471694,3.0,8.433283673469386,41,4,11,9,33,9,82,train
83,1239,212,16,132,48,33,9,12,31,13.951698113207549,13.023866798666859,4.3,9.97618037735849,120,10,43,30,150,61,83,train
84,1271,231,1,133,52,29,7,13,37,10.582683982683983,10.451354775682146,2.857142857142857,8.419488744588746,127,14,40,23,121,45,84,train
85,970,165,11,110,38,25,4,7,29,11.679132791327914,11.429527900616531,3.7777777777777777,9.835749051490515,107,9,33,18,120,37,85,test
86,1563,237,13,144,70,30,9,16,36,16.906160337552745,15.774802946060372,8.2,11.141344894514766,137,10,82,50,179,80,86,test
87,871,153,2,102,40,23,2,12,24,14.644444444444446,13.5591,5.666666666666667,9.648620261437909,104,6,34,20,87,35,87,train
88,831,150,6,95,29,22,8,13,26,11.771428571428572,11.491704259439757,4.857142857142857,8.067890476190476,86,7,33,15,76,28,88,train
89,1176,193,8,120,48,32,8,11,33,15.00264824409902,14.06817628641468,5.888888888888889,9.936206620610248,117,9,53,32,132,51,89,train
90,941,162,4,90,45,21,4,7,27,14.19541446208113,13.023866798666859,5.714285714285714,9.365435097001763,84,7,40,20,103,36,90,train
91,642,109,5,76,28,17,2,7,21,11.67033639143731,11.20814326018867,4.0,9.028300611620796,74,6,24,11,75,22,91,train
92,933,159,2,105,41,27,6,7,25,12.478301886792453,12.161744961471694,4.25,8.693935220125788,104,8,34,20,99,34,92,train
93,951,177,4,111,31,22,10,17,30,13.833898305084745,10.864195022040775,4.666666666666667,8.935688700564972,109,6,28,11,87,28,93,test
94,972,164,4,98,35,26,9,14,22,15.093766937669375,14.867677710551934,4.666666666666667,9.06550514905149,91,9,42,38,91,41,94,train
95,752,136,4,95,33,23,8,4,18,11.889075630252101,11.765960540728905,3.5714285714285716,8.547657142857144,87,7,25,16,79,22,95,train
96,469,84,2,61,18,10,1,6,13,10.053333333333335,9.888512548439397,2.4,8.22930380952381,60,5,10,7,47,10,96,test
97,498,87,3,66,22,13,4,10,13,16.19770114942529,14.06817628641468,5.666666666666667,9.067773563218392,67,3,17,11,50,17,97,train
98,506,88,1,64,17,14,3,4,16,13.8,13.023866798666859,5.75,9.931222727272727,66,4,22,12,53,24,98,train
99,1073,179,13,122,40,26,9,14,25,12.871756672873992,13.023866798666859,4.777777777777778,9.298240285536934,115,9,43,28,110,41,99,train
100,1277,214,6,121,44,23,11,16,26,11.721762349799732,11.765960540728905,3.4285714285714284,9.854764886515355,114,14,48,32,149,60,100,train
101,1132,186,9,126,44,21,11,15,27,14.073118279569895,13.901157680251561,5.444444444444445,9.585330107526882,122,9,49,32,122,49,101,train
102,826,141,0,93,35,22,2,8,21,14.790070921985816,13.81666964889586,5.833333333333333,9.617490070921987,90,6,35,21,81,38,102,test
103,1052,183,10,110,39,26,9,11,26,12.942076502732242,12.261556223090622,4.0,9.304377595628416,105,9,36,23,129,45,103,test
104,692,114,3,79,27,18,2,4,14,11.382456140350877,11.429527900616531,3.6666666666666665,9.389591228070175,78,9,33,19,71,31,104,test
105,721,118,6,85,31,16,9,8,17,16.219661016949154,14.554592549557764,6.4,10.293415932203391,82,5,32,20,78,31,105,train
106,476,87,9,62,20,12,2,8,10,9.718620689655172,9.888512548439397,2.6,7.947930804597702,58,5,13,7,47,12,106,test
107,569,103,1,75,20,7,4,8,19,11.138511326860844,11.538034831475386,3.6666666666666665,8.013888996763754,74,6,20,13,49,16,107,train
108,828,153,2,87,39,24,1,8,25,10.525816993464053,10.125756701596842,3.375,8.506799346405229,83,8,27,12,75,29,108,train
109,952,174,8,106,37,21,7,10,28,12.812364243943192,12.28987398476788,4.857142857142857,8.91108111946533,100,7,34,18,105,35,109,train
110,1098,184,13,124,42,20,8,13,20,10.878929765886287,11.362043627235082,3.4615384615384617,9.315813377926421,115,13,45,27,131,43,110,train
111,1170,212,10,116,42,29,12,11,35,13.57316561844864,13.023866798666859,4.444444444444445,8.379949895178196,110,9,40,27,120,40,111,train
112,724,116,8,90,35,19,7,5,14,12.905747126436783,13.5591,6.166666666666667,10.176381609195403,89,6,37,20,80,35,112,train
113,885,160,3,100,37,26,4,9,26,11.0,10.686352973137792,3.875,8.279937499999999,96,8,31,14,83,29,113,train
114,937,164,1,91,41,27,4,11,22,17.266341463414633,14.265292616868656,7.0,9.307160487804879,87,5,35,19,86,38,114,train
115,838,141,3,94,26,18,7,8,20,16.386382978723404,14.265292616868656,7.4,9.290680992907802,90,5,37,20,90,35,115,train
116,310,53,1,41,8,5,4,3,6,10.840251572327047,10.504223727775692,4.0,7.789936477987422,41,3,12,5,25,10,116,train
117,957,161,3,105,45,25,10,11,22,13.175155279503105,12.031772070788634,6.142857142857143,9.288728571428573,103,7,43,17,103,40,117,train
118,1020,175,1,116,44,20,7,15,24,11.8,11.602472056035307,3.7,8.9257,111,10,37,21,95,44,118,train
119,761,134,2,78,35,23,2,4,19,12.813930348258706,12.161744961471694,4.666666666666667,8.750651243781094,79,6,27,15,77,26,119,train
120,767,134,1,88,37,16,9,7,20,13.70945273631841,13.023866798666859,4.5,8.98632288557214,86,6,27,18,82,29,120,train
121,652,108,0,59,25,20,2,5,10,13.496296296296297,13.023866798666859,4.833333333333333,8.4768,58,6,29,17,64,23,121,train
122,845,140,4,99,34,15,8,7,21,10.457142857142857,11.003577315987393,3.5,8.842328571428572,96,10,36,18,94,34,122,train
123,244,41,1,38,6,3,4,3,7,8.978048780487805,9.516144504307135,2.25,7.996119512195122,38,4,9,5,23,9,123,train
124,886,150,4,100,37,19,8,9,25,14.971428571428573,13.925175675911131,5.428571428571429,9.962690476190478,98,7,38,26,104,44,124,test
125,1028,178,6,109,44,27,5,11,20,9.618794688457612,10.23097548852734,3.8181818181818183,8.253556384065373,103,11,41,17,108,32,125,test
126,1313,227,8,129,48,28,15,16,34,15.423612334801764,14.410869940926823,5.6,9.075107224669605,123,10,56,39,149,55,126,train
127,958,174,3,107,35,26,9,11,23,9.718620689655172,10.125756701596842,3.6,8.129425057471265,104,10,35,15,96,30,127,train
128,494,87,2,55,17,11,3,11,12,15.73793103448276,13.023866798666859,5.333333333333333,8.886279310344827,53,3,16,9,45,18,128,train
129,675,111,5,80,22,17,5,10,19,11.748262548262549,13.023866798666859,4.285714285714286,8.406077348777348,76,7,30,20,76,24,129,train
130,950,166,3,107,35,26,6,14,18,10.013493975903614,10.793553405168563,3.7,8.74028168674699,104,10,36,18,97,33,130,test
131,1062,189,1,104,49,27,5,11,33,12.639365079365078,12.516099999999998,4.2,9.085368571428571,101,10,42,27,104,43,131,train
132,956,164,3,106,37,19,11,7,26,12.898644986449865,12.650343791298138,4.333333333333333,8.5841027100271,100,9,39,25,93,37,132,train
133,690,119,0,63,29,18,4,11,21,10.319747899159665,10.411451182825502,3.625,8.487661344537816,58,8,28,13,56,25,133,train
134,633,113,7,79,20,16,8,9,15,13.28778761061947,12.68835289967788,4.6,8.530291858407079,75,5,23,14,71,20,134,train
135,1083,190,3,115,47,29,5,9,30,11.600000000000001,11.602472056035307,4.5,8.318636842105263,108,10,45,22,108,37,135,train
136,680,116,0,78,26,20,4,7,17,12.835467980295569,12.540900571622839,4.142857142857143,9.767149753694582,71,7,29,19,67,35,136,train
137,1405,243,2,143,69,33,7,18,34,13.774635241301908,12.872792785125622,5.454545454545454,9.540686457164234,140,11,60,32,145,60,137,train
138,1011,178,3,113,43,25,7,13,32,12.513258426966292,12.340626583579944,4.1,9.132188988764046,108,10,41,26,105,41,138,train
139,1252,224,1,146,51,32,12,12,29,10.680952380952384,10.864195022040775,3.25,8.016429166666667,135,12,38,22,128,36,139,train
140,776,136,5,96,32,18,11,8,22,13.772549019607846,13.023866798666859,4.833333333333333,8.592163725490197,94,6,29,18,82,27,140,train
141,955,163,6,92,36,26,8,14,22,19.174969325153377,16.887214914478655,9.2,9.322048957055214,89,5,46,29,84,36,141,train
142,1014,174,5,111,37,22,8,12,25,10.167816091954023,10.686352973137792,3.0833333333333335,8.89305632183908,103,12,37,21,119,41,142,train
143,724,117,6,84,28,11,5,8,20,14.295726495726496,13.295006501635747,5.833333333333333,10.406862393162392,78,6,35,19,80,34,143,train
144,838,134,11,97,33,20,1,9,21,11.774626865671642,11.93303328291395,5.25,9.769911940298508,88,8,42,19,89,39,144,train
145,949,162,8,90,34,19,12,13,27,14.519753086419753,14.005844860021309,5.375,9.124480246913581,85,8,44,29,97,40,145,train
146,967,168,4,105,49,29,6,9,27,15.552380952380952,14.138980108339055,5.571428571428571,10.090233333333334,98,7,39,26,107,47,146,train
147,994,164,1,116,38,19,7,13,24,14.01273291925466,13.427899808715576,4.625,10.715321118012422,112,8,37,27,122,50,147,test
148,631,110,2,83,21,16,6,9,19,12.424242424242424,12.745084868956482,3.6666666666666665,8.708651515151516,82,6,22,17,67,21,148,train
149,915,154,7,101,32,19,10,13,22,12.2989898989899,11.855464076750408,4.111111111111111,9.201704617604618,98,9,37,21,105,39,149,train
150,254,48,0,32,12,12,3,1,6,8.133333333333335,8.841846274778883,1.5,6.534408333333333,32,4,6,4,28,5,150,test
151,981,166,4,114,40,21,15,10,26,10.373713033954,10.436869588844216,3.3636363636363638,8.76055125958379,107,11,38,18,104,42,151,test
152,832,140,2,98,31,19,6,10,21,11.936507936507937,12.457975602129121,3.7777777777777777,9.25784126984127,92,9,34,24,83,33,152,train
153,1409,244,10,142,49,35,8,16,30,12.643219076005963,11.911945987284739,4.636363636363637,8.943070640834575,133,11,51,26,146,47,153,test
154,763,127,3,70,28,19,3,13,15,15.080839895013122,14.06817628641468,5.5,9.65959501312336,68,6,33,22,72,32,154,train
155,1289,214,11,142,47,29,12,19,29,11.993146417445482,12.009924989830619,4.833333333333333,9.169491277258567,130,12,58,29,137,54,155,train
156,327,57,3,44,11,5,2,6,9,18.417543859649125,17.122413403193683,7.5,11.144485964912281,47,2,14,12,33,15,156,train
157,750,129,3,82,28,20,9,7,14,8.570852713178295,9.3871,3.2,8.560448527131783,80,10,30,12,82,30,157,train
158,390,69,0,53,20,10,6,4,5,10.378260869565217,10.125756701596842,3.5,8.840071014492754,54,4,14,6,43,14,158,train
159,1115,189,3,124,40,26,7,12,27,10.744444444444445,10.864195022040775,3.25,9.764578306878306,121,12,40,23,129,46,159,train
160,290,54,0,41,15,10,1,2,7,9.422222222222222,9.725611199111238,3.3333333333333335,7.160966666666667,40,3,9,4,26,7,160,train
161,892,151,1,99,37,20,9,9,27,14.702317880794704,14.005844860021309,4.5,9.382898675496689,97,8,35,28,93,37,161,train
162,1100,184,4,110,50,32,7,6,22,12.960386473429953,12.261556223090622,4.888888888888889,8.94130531400966,104,9,44,22,119,42,162,test
163,776,132,3,98,31,21,5,9,17,9.806060606060607,10.980518767755715,3.7777777777777777,8.789951515151515,91,9,34,17,78,35,163,train
164,541,90,2,61,22,11,5,8,15,12.666666666666668,12.161744961471694,4.0,9.468388888888889,62,6,24,15,59,25,164,train
165,508,85,2,63,24,12,6,7,11,11.313725490196077,11.20814326018867,3.0,8.611754901960785,61,6,18,12,53,22,165,train
166,737,125,2,90,25,17,9,8,14,10.76,11.003577315987393,3.2,8.42506,88,10,30,19,81,28,166,test
167,939,160,6,98,36,23,9,13,19,13.25,13.427899808715576,5.25,9.3655,91,8,42,26,96,40,167,train
168,793,135,2,86,31,18,6,3,21,15.814814814814817,14.790194502661404,6.333333333333333,9.547981481481482,82,6,38,25,79,34,168,train
169,74,12,0,11,3,3,0,0,1,11.466666666666669,11.20814326018867,3.0,9.495033333333335,11,1,3,2,8,4,169,train
170,332,58,1,46,14,6,1,3,6,12.696551724137933,12.161744961471694,3.25,10.345010344827585,46,4,13,10,36,16,170,train
171,634,103,2,84,26,14,7,12,14,12.099306518723996,12.540900571622839,3.7142857142857144,9.11865866851595,82,7,25,19,68,28,171,train
172,1242,212,15,123,64,31,9,15,42,13.196981132075473,12.340626583579944,5.2,8.858963396226414,115,10,52,26,142,52,172,train
173,1238,205,6,130,55,27,10,13,30,10.344947735191639,10.7630783206399,3.7857142857142856,8.907224738675957,123,14,53,25,146,48,173,train
174,837,137,6,97,32,18,8,14,16,11.928304947283051,12.457975602129121,4.111111111111111,9.116996674776967,91,9,38,24,87,39,174,test
175,769,138,5,83,30,22,5,11,21,10.204554865424432,9.606745405546679,4.428571428571429,7.9325169772256725,81,7,29,9,66,22,175,train
176,1100,187,13,112,46,32,11,10,28,13.658704693998812,12.838901577100671,5.666666666666667,9.226756922162805,107,9,51,25,119,47,176,test
177,1120,197,4,120,41,26,13,17,25,12.753096446700509,12.340626583579944,4.0,8.46092964467005,115,10,40,25,110,41,177,train
178,1023,178,5,104,47,28,3,9,34,12.405493133583022,11.645159339076184,3.888888888888889,9.052871036204744,96,9,36,19,101,43,178,train
179,903,152,3,89,45,27,5,6,22,10.52727272727273,10.832165505486643,3.727272727272727,9.100434449760765,82,11,41,20,102,35,179,train
180,915,160,4,96,34,29,7,6,17,13.110871518418689,12.031772070788634,5.428571428571429,8.636147439353099,94,7,38,17,95,34,180,train
181,410,74,2,57,17,8,4,6,10,10.244324324324324,10.355215969177355,2.6,8.638147567567568,56,5,13,8,43,14,181,train
182,1021,169,10,100,49,25,8,4,19,14.627557058326289,13.707050652182112,5.714285714285714,9.505583347421808,95,7,39,24,119,37,182,train
183,1152,195,5,116,49,32,7,11,22,12.928205128205128,12.68835289967788,4.4,8.814366666666668,110,10,44,28,118,44,183,train
184,466,78,1,55,16,8,3,6,12,15.49230769230769,15.579741850924794,5.0,9.867033333333335,56,4,20,19,44,19,184,train
185,1255,208,3,143,52,29,12,16,32,13.27948717948718,13.023866798666859,4.166666666666667,8.975127564102564,142,12,49,36,131,53,185,train
186,1262,201,8,127,56,35,10,6,29,13.466169154228858,12.885471636013051,4.666666666666667,10.123419402985075,125,12,55,34,139,57,186,train
187,531,86,5,65,25,11,6,5,10,14.786976744186047,14.554592549557764,4.4,9.63055023255814,61,5,22,20,55,24,187,test
188,415,80,1,57,16,13,5,8,10,11.0,10.125756701596842,2.75,6.60225,54,4,11,6,35,8,188,test
189,894,170,0,110,40,21,10,15,22,10.329411764705883,10.355215969177355,2.3,7.730582352941177,103,10,23,16,84,26,189,train
190,845,133,1,92,32,22,6,10,23,15.371804511278198,14.37465228746014,5.125,9.922303007518797,85,8,41,31,86,40,190,train
191,1112,184,8,112,46,28,9,11,28,16.221256038647343,14.867677710551934,5.555555555555555,9.799457487922705,108,9,50,37,120,45,191,train
192,1122,199,7,117,47,33,6,13,34,12.060469011725294,11.855464076750408,3.8333333333333335,8.823103685092129,105,12,46,28,116,47,192,train
193,691,123,3,86,33,17,6,6,14,12.231823461091755,11.765960540728905,4.0,8.35926236933798,82,7,27,16,73,28,193,train
194,444,83,1,60,14,7,5,7,13,7.603855421686749,7.554174236665414,2.8,8.074438313253012,59,5,13,3,42,14,194,train
195,1573,269,14,172,60,31,20,13,41,11.185966542750931,11.45678717892309,3.25,9.10761189591078,156,16,51,34,175,60,195,train
196,771,137,8,90,28,16,9,10,21,15.631532846715329,13.968273953766033,5.6,8.568459708029197,88,5,27,18,74,25,196,train
197,1096,179,5,122,41,19,7,10,32,11.425292026409346,11.911945987284739,4.363636363636363,9.20709095987811,114,11,48,26,116,44,197,test
198,329,59,2,48,10,6,7,3,4,9.967796610169493,10.686352973137792,2.25,7.311998305084746,49,4,9,7,32,10,198,train
199,730,123,6,82,33,16,3,6,21,23.22926829268293,18.599290044081553,11.0,10.419937398373984,80,3,33,22,73,31,199,train
200,1218,213,0,125,46,31,8,13,28,13.973708920187796,12.457975602129121,4.888888888888889,8.516939436619719,121,9,45,24,108,41,200,train
201,793,143,4,96,32,13,9,11,22,8.276923076923078,9.573946990214175,2.272727272727273,7.4834678321678325,92,11,25,14,82,17,201,train
202,1184,194,5,123,45,29,8,14,27,15.801237113402061,14.975302809339372,5.4,9.645028659793814,116,10,53,43,135,50,202,train
203,1063,196,13,124,43,23,14,18,26,11.12820512820513,10.25414643259724,3.2222222222222223,8.274038461538462,113,9,29,14,112,32,203,train
204,1312,225,6,134,62,27,7,15,34,13.722222222222223,13.023866798666859,4.833333333333333,9.26841111111111,123,12,58,36,140,57,204,test
205,825,141,1,93,33,23,8,12,17,11.656737588652483,11.645159339076184,4.111111111111111,9.452928368794327,85,9,37,20,89,37,205,train
206,835,144,3,98,39,19,6,7,27,14.600000000000001,13.5591,5.166666666666667,10.528844444444445,97,6,31,20,107,47,206,test
207,1036,175,1,119,51,23,11,13,20,9.374789915966387,9.916854025145753,2.411764705882353,9.019431092436974,114,17,40,23,112,39,207,train
208,1369,231,7,129,55,32,7,12,32,12.548484848484849,12.009924989830619,4.583333333333333,9.034373593073592,123,12,54,29,144,55,208,test
209,539,95,2,67,18,17,4,7,9,9.280701754385964,9.725611199111238,3.0,9.075728070175439,66,6,18,8,52,20,209,test
210,1427,239,0,131,48,32,10,13,36,13.322315202231522,12.885471636013051,4.666666666666667,9.249052859135286,129,12,56,35,144,59,210,test
211,941,160,3,116,36,19,10,13,21,8.923076923076923,10.560738912317856,2.3846153846153846,8.589211538461537,109,13,31,22,106,30,211,train
212,957,161,8,115,43,22,11,10,20,11.56883116883117,11.567385478589937,3.4545454545454546,9.756563015245625,107,11,37,24,110,42,212,train
213,967,158,5,97,39,24,5,8,24,12.339393939393942,12.24349002098031,3.727272727272727,9.29959766899767,97,11,41,26,107,40,213,train
214,846,153,2,92,32,27,11,11,21,9.937254901960785,9.994966539143718,3.0,7.57577843137255,88,9,25,11,81,21,214,train
215,543,94,2,67,27,17,2,7,11,11.775319148936171,11.20814326018867,3.8,9.27238425531915,64,5,19,9,63,18,215,test
216,1106,185,3,130,38,27,10,15,18,12.97897897897898,13.205437297517054,4.888888888888889,9.265028528528529,128,9,43,27,118,41,216,train
217,1377,219,11,147,63,32,7,19,31,12.779452054794522,12.311054993355175,5.5,10.165535616438355,140,12,66,31,169,66,217,train
218,196,38,1,32,9,8,1,1,7,18.357894736842105,14.554592549557764,5.0,9.261036842105263,33,1,5,4,21,4,218,train
219,999,169,7,107,41,23,6,15,33,14.627557058326289,13.25671669890799,6.285714285714286,8.664695773457312,102,7,43,22,104,34,219,train
220,790,139,4,92,40,18,4,11,24,12.547173689619733,12.031772070788634,4.857142857142857,9.165299177800616,85,7,34,17,82,31,220,train
221,804,136,1,87,37,25,5,6,19,10.456209150326798,10.980518767755715,4.0,8.681819934640522,84,9,36,17,84,32,221,test
222,815,133,5,102,31,20,5,8,19,15.466666666666669,15.470042427545799,5.833333333333333,9.991033333333334,101,6,35,28,86,38,222,train
223,1022,185,6,118,40,28,9,11,27,11.50810810810811,11.003577315987393,3.4,8.736316216216217,116,10,34,18,103,36,223,train
224,1145,191,13,130,42,26,13,18,21,13.085026178010473,13.023866798666859,4.7,9.54406942408377,124,10,46,29,126,50,224,train
225,1273,215,8,140,55,29,11,15,38,10.082079343365253,10.590485417798838,3.235294117647059,9.551608071135432,129,17,54,29,151,58,225,train
226,495,82,2,56,11,10,1,2,9,11.808130081300813,11.855464076750408,3.3333333333333335,9.320952032520324,60,6,19,13,51,19,226,train
227,698,123,6,89,23,15,7,11,18,10.052439024390246,10.411451182825502,3.625,8.507067479674797,87,8,27,13,73,27,227,train
228,1323,225,6,110,50,36,6,11,35,14.317142857142859,13.81666964889586,5.3,9.258968571428571,106,10,53,35,146,46,228,train
229,295,47,0,37,14,4,1,1,8,13.926241134751775,13.023866798666859,4.333333333333333,9.788885815602836,35,3,13,9,29,12,229,train
230,785,134,2,101,31,21,7,10,22,11.030182421227199,11.429527900616531,3.4444444444444446,9.206257545605308,98,9,31,19,86,33,230,train
231,1044,171,4,113,51,25,7,12,30,11.284444444444446,12.68835289967788,4.3,9.101619064327487,110,10,43,28,112,40,231,train
232,390,66,1,50,12,9,5,4,8,10.734545454545454,11.20814326018867,2.8,8.358341212121212,50,5,14,10,42,15,232,train
233,725,130,5,87,26,22,2,8,21,10.505494505494507,10.290406445055957,3.5714285714285716,8.930258241758242,83,7,25,11,78,31,233,train
234,903,151,1,99,40,20,7,16,23,13.45721854304636,13.023866798666859,4.0,9.091089139072848,94,10,40,30,99,42,234,train
235,2256,395,9,185,96,63,16,27,66,18.02742616033755,14.90622815163357,7.666666666666667,9.50648312236287,166,12,92,51,227,92,235,train
236,1032,176,5,111,44,25,7,10,29,12.494545454545456,12.161744961471694,4.1,9.35411909090909,105,10,41,25,111,43,236,test
237,1396,237,5,146,53,34,10,11,36,12.3555988315482,12.091993763477543,4.615384615384615,9.071210288867253,140,13,60,31,144,56,237,train
238,958,169,1,105,41,23,10,16,27,13.183727810650888,12.602617957971052,5.0,8.888737869822485,105,8,40,21,99,35,238,test
239,421,73,1,56,20,8,3,8,9,10.771506849315069,11.20814326018867,3.2,9.335591506849315,56,5,16,10,45,18,239,train
240,818,134,2,92,35,21,3,8,18,12.52417910447761,12.340626583579944,3.8,9.72158776119403,88,10,39,25,84,39,240,test
241,1582,270,4,155,62,41,14,20,44,12.751322751322753,12.540900571622839,4.5,9.037664021164021,143,14,63,38,179,71,241,train
242,641,109,0,66,38,20,2,3,13,19.67094801223242,15.903189008614273,8.0,10.074229663608563,67,3,24,14,68,22,242,train
243,1142,190,2,114,58,28,6,12,28,15.375925925925927,14.005844860021309,6.875,10.155178306878307,112,8,55,29,115,53,243,train
244,1305,221,9,135,49,27,9,16,40,16.66085972850679,14.731742533061166,6.875,9.365025791855203,133,8,55,33,136,48,244,train
245,632,117,6,88,22,14,10,13,16,8.352709359605912,9.236282656511921,2.2857142857142856,7.316977339901477,88,7,14,8,65,15,245,train
246,483,90,0,68,22,9,2,4,12,12.533333333333335,12.340626583579944,3.2,8.564522222222223,66,5,16,13,49,15,246,train
247,759,121,3,82,28,19,2,5,18,17.6534435261708,15.903189008614273,5.5,10.248088980716254,78,6,33,30,74,37,247,train
248,1448,240,11,149,53,33,12,16,38,18.5,16.218646115125612,7.875,9.598333333333333,138,8,63,42,163,58,248,train
249,744,130,4,87,33,19,7,8,23,11.423076923076923,11.45678717892309,3.5,8.815115384615385,82,8,28,17,92,27,249,test
250,855,157,2,103,34,20,8,7,18,11.519199272065514,10.290406445055957,3.2857142857142856,8.470167333939944,98,7,23,11,79,24,250,test
251,277,47,0,37,16,6,2,1,8,11.373049645390072,11.20814326018867,3.6666666666666665,9.116970921985814,37,3,11,6,31,12,251,train
252,1367,228,13,139,54,29,16,18,26,14.606698564593302,14.02287970970757,5.090909090909091,10.274177990430623,134,11,56,40,152,60,252,test
253,646,111,1,74,25,19,3,3,15,14.285405405405406,13.023866798666859,4.8,8.293926306306306,74,5,24,14,67,22,253,train
254,1381,241,8,147,62,37,10,16,45,13.457427385892117,11.979248473330827,5.5,8.959536348547719,138,10,55,25,130,47,254,test
255,1202,202,4,128,47,28,12,11,37,15.446534653465347,14.37465228746014,6.75,9.81350396039604,122,8,54,32,124,50,255,train
256,567,102,0,65,20,14,7,3,17,14.121568627450982,13.023866798666859,5.5,8.926201960784315,65,4,22,11,49,21,256,train
257,1232,213,5,128,52,28,7,9,33,14.912676056338029,13.383793397009324,5.666666666666667,9.851305633802816,123,9,52,29,124,54,257,train
258,881,145,10,97,32,18,12,11,24,10.765517241379312,11.602472056035307,3.8,8.711562068965517,95,10,38,21,102,33,258,train
259,1992,314,17,175,80,48,15,21,46,14.98375796178344,14.283593685282177,5.8125,10.694581528662422,164,16,92,61,232,102,259,test
260,1003,173,1,121,41,30,7,11,22,11.5442774566474,12.161744961471694,4.3,9.423250520231214,112,10,43,25,105,42,260,test
261,1243,217,10,133,57,33,9,14,41,11.393213238374528,11.389717465364857,4.636363636363637,8.689811436950148,128,11,50,23,122,43,261,train
262,559,100,2,71,25,18,2,5,19,14.8,13.023866798666859,5.75,9.139800000000001,70,4,23,12,51,20,262,train
263,888,150,2,94,44,26,7,10,17,11.466666666666669,11.855464076750408,4.444444444444445,8.884366666666667,92,9,40,21,89,40,263,train
264,353,59,0,44,19,8,0,1,6,13.290395480225989,12.457975602129121,5.333333333333333,8.626373446327683,46,3,16,8,29,14,264,test
265,884,151,5,95,44,23,5,6,22,10.154819720382635,10.25414643259724,3.888888888888889,8.233181089036055,91,9,34,13,101,27,265,train
266,639,107,4,63,30,17,2,2,16,27.381308411214953,19.287186520377343,14.5,11.012342990654206,57,2,29,16,61,28,266,train
267,470,83,0,62,20,10,3,4,13,8.085783132530121,8.841846274778883,2.4,9.02564313253012,61,5,12,5,47,17,267,test
268,987,167,4,110,35,25,9,8,23,13.37994011976048,13.227904075235838,4.625,8.926690419161677,110,8,36,25,96,35,268,train
269,1345,215,8,149,51,26,14,21,22,10.607973421926912,10.7630783206399,4.785714285714286,10.567330564784054,144,14,67,26,140,65,269,train
270,850,143,2,84,38,27,3,6,19,13.024125874125875,12.38480682065935,4.375,8.608624475524476,83,8,34,20,86,31,270,train
271,860,145,3,96,38,27,4,8,22,13.251231527093598,12.28987398476788,4.857142857142857,9.019790640394088,96,7,33,17,97,34,271,train
272,1332,226,13,133,50,36,10,11,34,13.679509870660315,13.023866798666859,4.538461538461538,8.900414091218515,121,13,57,39,142,57,272,train
273,686,117,5,73,29,22,2,5,15,15.513846153846155,13.968273953766033,5.4,8.710900683760684,72,5,27,18,72,27,273,train
274,535,88,1,56,23,14,2,1,9,14.254545454545458,13.427899808715576,5.5,8.854631818181819,56,4,22,13,53,17,274,train
275,1040,184,1,114,44,28,10,11,32,13.012173913043478,12.516099999999998,4.1,9.011531304347827,114,10,39,26,99,39,275,train
276,665,114,0,88,27,14,2,10,15,9.978947368421053,10.74609503303851,2.6666666666666665,9.25108245614035,83,9,24,16,69,26,276,test
277,787,137,3,86,36,24,3,10,16,11.52153284671533,11.45678717892309,4.25,8.750352554744525,83,8,34,17,78,32,277,train
278,531,90,5,64,21,14,7,6,15,11.333333333333336,11.538034831475386,3.8333333333333335,8.942055555555555,64,6,22,13,61,22,278,test
279,729,133,7,82,30,19,5,3,20,23.1468671679198,17.5058628484301,8.666666666666666,10.228140100250627,76,3,26,19,77,27,279,train
280,796,138,7,89,30,22,7,15,16,11.35072463768116,11.855464076750408,3.4444444444444446,8.859424637681158,83,9,31,21,88,34,280,train
281,1160,199,12,123,56,31,12,14,37,16.5975592246949,14.138980108339055,7.285714285714286,9.56932096195262,118,7,52,26,125,49,281,train
282,433,73,1,51,20,10,2,3,9,9.127671232876713,9.3871,3.6,9.1192901369863,48,5,18,6,48,14,282,train
283,429,81,0,51,14,15,2,0,11,8.85679012345679,9.2995712137729,2.1666666666666665,7.035235802469136,45,6,13,7,35,12,283,train
284,1102,184,7,119,39,29,8,12,29,14.26473429951691,14.06817628641468,4.888888888888889,10.228533574879227,114,9,44,33,131,53,284,train
285,1045,174,7,112,36,21,8,13,22,12.3042842215256,12.40481918309499,4.0,8.867691013584118,105,11,43,29,110,43,285,train
286,786,137,5,85,33,18,4,10,15,13.66798748696559,13.484332010920856,4.0,8.295418039624609,81,7,28,23,84,26,286,train
287,786,132,3,99,37,17,6,10,17,10.10909090909091,10.25414643259724,3.3333333333333335,8.670330303030303,99,9,28,13,91,28,287,train
288,667,118,2,79,24,16,9,7,18,14.185762711864408,13.348371206891418,5.4,9.22290745762712,77,5,27,16,65,26,288,train
289,284,49,1,43,7,4,2,5,9,15.433333333333335,14.554592549557764,5.0,10.419191666666666,44,2,11,8,28,12,289,train
290,1238,209,15,141,53,33,6,13,23,12.193301435406699,12.563389971838223,4.0,9.338565071770336,132,11,43,30,138,47,290,train
291,848,152,4,103,32,18,8,18,25,14.212030075187972,13.484332010920856,4.142857142857143,8.972673308270677,100,7,29,23,91,32,291,train
292,997,176,6,104,39,24,8,8,18,12.494545454545456,12.340626583579944,3.8,8.905539545454545,98,10,38,26,103,42,292,train
293,1139,192,7,120,44,30,9,6,24,12.815151515151516,12.719339214003902,3.909090909090909,8.860943371212121,118,11,43,30,119,44,293,train
294,881,148,6,116,35,17,5,16,26,12.253453453453453,12.650343791298138,4.444444444444445,9.679914714714716,112,9,40,25,105,39,294,train
295,369,67,0,54,18,9,1,4,10,9.024242424242425,8.841846274778883,3.25,9.239748484848485,59,4,11,4,43,12,295,train
296,979,168,4,114,44,27,10,11,24,11.72,11.602472056035307,3.7,9.921089523809524,108,10,37,22,114,46,296,train
297,544,90,4,73,19,12,4,8,13,13.866666666666669,13.023866798666859,4.8,10.143522222222224,74,5,24,15,59,27,297,train
298,497,92,5,67,21,16,4,4,11,8.664347826086956,8.841846274778883,3.6,7.810118260869565,64,5,18,5,49,12,298,train
299,910,161,3,110,45,26,3,13,20,11.03136645962733,10.686352973137792,3.625,8.361532298136645,104,8,26,14,94,33,299,train
300,870,148,2,97,39,20,9,14,22,13.075675675675678,12.815532586354998,3.875,9.141735135135136,95,8,31,23,92,34,300,train
301,1059,185,3,122,47,26,5,11,30,9.842342342342343,10.31748142421505,3.4166666666666665,7.985923423423423,114,12,41,19,115,36,301,train
302,488,89,1,66,22,15,6,7,9,10.266067415730339,10.355215969177355,2.8,8.067694606741572,69,5,13,7,54,14,302,test
303,395,67,0,52,15,8,3,7,11,12.670149253731346,12.161744961471694,4.0,10.123419402985075,51,4,16,10,43,18,303,test
304,353,58,0,46,15,9,3,6,11,12.00689655172414,11.698219412168324,4.5,10.072768965517241,45,4,18,9,41,18,304,train
305,975,174,3,102,44,34,10,8,22,12.837931034482759,12.38480682065935,4.25,8.526679310344829,99,8,34,21,103,31,305,train
306,758,136,1,92,23,13,12,12,20,11.505882352941178,11.20814326018867,3.125,8.65940588235294,88,8,25,16,73,31,306,train
307,725,126,1,83,29,18,4,10,22,13.796825396825398,13.5591,4.666666666666667,9.816115873015873,82,6,27,20,74,32,307,test
308,177,33,0,27,9,3,2,1,6,6.824242424242425,7.793537801064561,0.6666666666666666,10.88088787878788,29,3,2,2,24,2,308,train
309,1067,188,9,127,38,25,10,14,23,11.562553191489364,11.003577315987393,3.3,8.432490638297873,119,10,33,18,108,37,309,train
310,521,85,0,55,20,13,2,3,8,14.147058823529413,13.81666964889586,6.75,8.96308823529412,54,4,27,14,51,19,310,train
311,1060,183,4,127,45,22,10,13,33,14.395901639344263,13.81666964889586,5.5,10.034433333333334,122,8,44,28,112,47,311,train
312,647,120,2,77,19,14,12,10,8,6.666666666666668,6.937597516519254,1.7777777777777777,7.850583333333333,71,9,15,4,60,14,312,test
313,143,23,0,21,5,3,1,2,2,17.895652173913046,15.903189008614273,6.0,10.955995652173913,21,1,6,5,13,6,313,train
314,359,65,0,49,19,11,2,4,8,14.205128205128204,13.5591,4.666666666666667,10.541320512820512,48,3,14,10,38,17,314,train
315,1047,186,4,125,45,22,12,11,24,13.816129032258065,12.815532586354998,5.25,9.119216129032258,122,8,41,23,108,39,315,test
316,1054,180,3,113,45,29,5,9,27,10.98989898989899,11.022393298168332,3.5454545454545454,8.746525252525252,105,11,39,21,105,34,316,train
317,1102,191,2,116,42,25,8,12,35,13.738481675392672,13.023866798666859,5.625,8.871537696335078,110,8,45,24,105,38,317,test
318,669,122,4,90,22,10,5,9,21,10.034426229508197,10.125756701596842,2.375,8.79339180327869,88,8,19,12,66,28,318,train
319,937,157,7,93,39,26,8,7,23,12.328096249115356,12.261556223090622,4.111111111111111,9.22868711960368,87,9,37,23,110,40,319,train
320,997,180,3,107,46,30,3,10,26,9.094017094017095,9.661875296680812,2.5384615384615383,8.62165811965812,104,13,33,17,99,34,320,train
321,513,89,4,64,21,13,3,3,17,14.293258426966293,13.023866798666859,5.5,8.998077528089887,63,4,22,12,57,20,321,train
322,829,142,3,90,29,18,8,10,19,11.360819462227914,11.20814326018867,3.1818181818181817,8.502283866837388,88,11,34,22,87,30,322,train
323,591,104,1,70,23,15,5,8,13,10.173626373626375,10.608840637214634,3.0,8.169087362637363,67,7,21,12,58,19,323,train
324,885,152,3,96,33,25,9,8,21,12.266666666666667,12.261556223090622,3.7777777777777777,8.7791,89,9,34,23,97,37,324,train
325,200,39,1,31,8,6,0,0,8,7.800000000000001,3.1291,2.5,7.437802564102564,31,2,5,0,20,2,325,test
326,1100,193,1,128,37,28,9,14,25,13.315854922279796,13.187427743715652,4.2,9.011707461139896,120,10,42,31,103,44,326,train
327,966,170,4,102,45,26,10,7,24,27.84313725490196,18.946978176291534,13.333333333333334,10.812637254901961,103,3,40,22,101,39,327,test
328,1195,196,3,126,45,27,10,18,26,13.063945578231293,12.885471636013051,4.5,10.40816394557823,119,12,54,35,137,61,328,train
329,1212,212,7,134,33,25,16,17,25,14.562264150943395,13.023866798666859,6.25,9.27080566037736,129,8,49,24,121,52,329,test
330,1058,173,7,116,43,22,6,9,25,11.08184971098266,11.792908689023552,4.7,9.970880578034683,115,10,47,22,114,47,330,test
331,790,140,3,93,28,19,7,12,22,12.0,11.20814326018867,4.0,8.350428571428573,88,7,28,14,80,27,331,train
332,973,170,3,99,45,29,3,7,22,15.568627450980394,13.023866798666859,6.166666666666667,9.314421568627452,99,6,37,17,101,36,332,train
333,1088,190,1,105,39,26,6,12,25,11.10931174089069,11.51311941424646,3.230769230769231,8.43358097165992,96,13,42,28,106,43,333,test
334,681,120,1,82,28,17,6,6,17,10.333333333333336,11.698219412168324,3.25,8.459583333333333,76,8,26,18,67,30,334,train
335,1167,200,2,122,42,24,7,12,34,14.200000000000001,13.81666964889586,4.9,9.44445,117,10,49,35,129,51,335,train
336,1314,210,4,146,55,33,8,19,29,12.937728937728938,12.896187039172386,4.615384615384615,9.325111721611723,139,13,59,38,139,58,336,train
337,664,119,0,80,24,18,3,7,17,14.898151260504202,13.662883650711645,4.8,8.797652268907562,76,5,24,17,53,26,337,train
338,1312,232,8,135,56,30,12,8,38,15.220689655172414,12.602617957971052,5.625,8.614037931034483,124,8,44,21,139,35,338,train
339,1192,196,11,121,42,30,7,20,23,14.017233560090705,13.023866798666859,6.222222222222222,9.79203492063492,107,9,54,27,127,55,339,train
340,331,56,0,44,17,10,1,3,8,10.194285714285716,10.355215969177355,3.0,9.831305714285715,44,5,15,8,42,15,340,train
341,839,154,1,96,34,21,7,14,20,9.961327561327563,9.994966539143718,3.2222222222222223,8.894107215007216,96,9,28,13,81,36,341,train
342,1285,224,14,148,57,36,12,15,35,11.573809523809524,11.37473899888905,4.0,9.285268452380953,138,12,49,24,149,56,342,train
343,759,124,2,90,30,13,6,12,16,13.750537634408602,13.023866798666859,5.0,9.373098924731183,92,6,29,17,85,31,343,train
344,900,151,7,103,32,16,6,10,29,13.907615894039736,14.005844860021309,5.125,9.173759602649007,99,8,41,29,100,39,344,train
345,1900,301,17,176,66,32,17,26,43,12.981360377688407,12.936686537176744,4.052631578947368,9.668115597132367,167,19,80,56,197,87,345,train
346,348,60,0,53,10,8,4,4,8,14.0,13.5591,4.333333333333333,8.049666666666667,53,3,13,10,27,12,346,train
347,247,45,3,31,12,11,2,3,6,23.333333333333336,17.122413403193683,7.0,10.079166666666667,34,1,7,6,24,9,347,train
348,505,90,2,66,19,11,7,5,14,12.088888888888889,11.602472056035307,3.8,8.915411111111112,67,5,19,11,53,19,348,train
349,1068,182,6,97,42,34,5,8,25,13.690883977900553,12.602617957971052,5.75,9.469528729281768,98,8,45,22,127,42,349,test
350,925,160,4,98,45,26,4,10,20,14.66666666666667,13.023866798666859,6.0,9.005354166666667,97,6,35,18,90,31,350,train
351,919,152,1,96,35,23,6,9,23,11.343157894736843,11.602472056035307,4.2,8.753446315789475,91,10,42,22,92,37,351,train
352,548,93,0,72,17,6,3,9,13,16.18172043010753,14.554592549557764,5.0,10.732173118279569,70,4,20,16,56,29,352,train
353,61,8,2,8,2,1,0,0,0,8.200000000000001,8.841846274778883,2.0,11.9283,11,1,3,2,9,3,353,test
354,1321,243,3,136,53,38,11,12,35,11.886008230452674,11.37473899888905,3.8333333333333335,8.669624279835391,123,12,46,25,118,48,354,train
355,693,118,7,79,26,22,4,5,15,13.846779661016951,13.023866798666859,5.0,9.62434813559322,79,5,25,15,75,30,355,train
356,1318,227,2,141,56,31,13,12,33,11.38990172822772,11.661520659325951,4.0,9.023957946458827,133,13,52,29,138,50,356,test
357,1140,195,6,121,52,27,5,10,22,10.102564102564102,10.560738912317856,3.5384615384615383,8.996038461538461,113,13,45,22,130,44,357,test
358,1065,179,5,116,40,21,8,15,27,12.523128491620112,12.340626583579944,4.7,9.90528972067039,112,10,43,26,114,50,358,train
359,667,120,4,81,27,16,11,9,15,14.266666666666666,13.348371206891418,4.8,8.37965,82,5,24,16,67,24,359,train
360,585,107,1,69,23,13,6,8,12,13.488473520249222,12.745084868956482,3.6666666666666665,8.948136137071652,67,6,21,17,55,25,360,train
361,1079,185,8,118,47,27,11,9,28,14.655405405405407,13.624085052395262,5.25,9.648527027027027,114,8,42,27,112,42,361,train
362,1078,187,7,121,38,22,10,7,26,15.81940412528648,14.138980108339055,5.714285714285714,9.4367692131398,114,7,40,25,114,43,362,train
363,663,121,1,80,26,14,2,14,15,10.220070838252656,11.20814326018867,3.4285714285714284,8.14775572609209,77,7,24,14,66,19,363,train
364,1117,187,10,119,38,23,10,11,31,15.553208556149734,14.37465228746014,5.875,9.77777165775401,115,8,47,30,125,47,364,train
365,1041,179,3,124,44,24,13,15,25,12.319146775012698,12.563389971838223,3.909090909090909,9.559940121889284,122,11,43,30,122,44,365,train
366,1029,183,5,88,41,34,4,3,29,14.610148321623733,12.540900571622839,5.857142857142857,9.506245823575332,86,7,40,19,101,44,366,test
367,945,158,4,99,32,27,10,13,24,18.38143459915612,16.92669308720184,7.0,10.339215611814346,100,6,42,35,95,46,367,train
368,983,162,3,109,45,28,9,7,22,12.879012345679014,12.261556223090622,4.111111111111111,9.792633333333335,101,9,37,22,113,42,368,train
369,201,33,2,28,11,4,1,1,3,18.04848484848485,14.554592549557764,7.0,9.579663636363637,30,1,7,4,21,8,369,train
370,1121,178,8,127,42,21,11,13,26,13.40768361581921,13.187427743715652,4.7,10.134589491525425,128,10,47,32,138,54,370,train
371,398,69,0,49,18,12,3,4,4,9.577971014492755,9.888512548439397,2.6,7.524748115942029,47,5,12,7,37,12,371,train
372,699,120,9,88,27,15,11,9,14,12.0,11.855464076750408,3.5,8.18125,84,6,20,14,75,22,372,train
373,1050,189,5,117,41,28,10,12,29,9.835690235690237,9.80015041476705,3.272727272727273,7.914062097162097,113,11,34,15,111,31,373,train
374,1044,179,7,118,48,27,8,12,23,13.866201117318438,13.023866798666859,5.25,9.156914525139666,110,8,42,24,109,39,374,train
375,944,157,3,107,43,27,5,10,21,12.328096249115356,12.261556223090622,4.444444444444445,9.53040686482661,102,9,40,22,101,42,375,train
376,518,91,1,70,21,15,2,6,15,12.220512820512822,12.161744961471694,3.1666666666666665,9.420744688644689,67,6,19,15,54,23,376,train
377,985,169,3,117,41,20,13,15,28,16.000394477317553,14.554592549557764,6.333333333333333,9.144572583826431,112,6,38,24,98,38,377,train
378,1173,200,10,126,45,23,12,11,32,12.88888888888889,12.060818386365153,5.222222222222222,9.159922222222223,117,9,47,22,128,42,378,train
379,1155,201,6,112,47,34,5,9,32,14.627114427860699,13.227904075235838,5.25,9.4390184079602,102,8,42,25,122,44,379,train
380,1157,193,7,134,43,22,8,20,25,12.029188255613127,12.311054993355175,3.8333333333333335,9.097601208981,128,12,46,31,123,43,380,test
381,946,160,6,111,39,22,5,12,27,12.361111111111112,12.060818386365153,3.888888888888889,9.353965277777778,103,9,34,22,111,39,381,train
382,794,137,1,74,37,26,6,6,23,11.229562043795621,11.20814326018867,4.0,8.86560802919708,69,8,32,16,81,35,382,train
383,1027,190,1,104,35,25,2,12,31,9.846153846153847,10.035473477838034,2.8461538461538463,7.768738866396761,95,13,36,19,93,35,383,train
384,630,104,1,80,30,14,3,10,13,12.317948717948719,12.161744961471694,4.5,9.354694871794871,79,6,27,15,71,26,384,train
385,705,127,0,73,26,21,4,5,19,11.036670416197977,10.914260884657427,4.142857142857143,8.266306974128234,70,7,29,13,60,29,385,train
386,1339,222,10,135,49,23,10,14,39,14.825945945945946,14.265292616868656,5.9,10.214331711711711,127,10,59,38,149,62,386,train
387,1116,189,4,110,44,27,10,12,25,14.529365079365078,13.624085052395262,6.5,9.570363492063493,101,8,52,27,111,51,387,train
388,723,120,4,78,30,14,7,8,19,15.933333333333335,14.554592549557764,5.6,9.432316666666667,76,5,28,20,72,29,388,train
389,844,154,1,100,37,24,6,8,24,11.77950937950938,11.645159339076184,3.5555555555555554,8.483977344877346,92,9,32,20,86,35,389,test
390,832,142,0,83,37,23,3,7,18,14.818779342723005,13.81666964889586,5.833333333333333,9.147056807511737,82,6,34,20,72,29,390,train
391,661,117,1,82,32,20,8,4,20,9.07887667887668,9.236282656511921,3.0,8.379289255189256,78,7,21,8,62,20,391,test
392,994,171,7,117,38,20,7,20,29,13.2140350877193,12.838901577100671,4.555555555555555,9.749894152046785,116,9,41,26,104,47,392,test
393,1134,198,4,115,46,23,4,15,27,12.048484848484849,11.911945987284739,4.0,8.915411111111112,106,11,44,26,122,42,393,train
394,554,99,1,72,22,11,5,4,16,8.889466089466088,9.236282656511921,3.4285714285714284,8.165864502164503,71,7,23,8,55,16,394,train
395,1489,257,5,140,70,41,9,14,41,16.247124945957633,14.39478758073233,6.777777777777778,9.537952831820146,131,9,60,34,159,62,395,test
396,612,103,2,69,31,20,3,4,11,11.915210355987057,11.855464076750408,3.8333333333333335,8.473791909385113,64,6,23,13,66,19,396,train
397,1006,171,3,117,38,24,10,11,27,13.2140350877193,13.205437297517054,5.555555555555555,9.288198245614035,117,9,48,29,101,46,397,train
398,926,154,5,117,37,19,8,8,28,12.55873015873016,13.023866798666859,4.222222222222222,9.304237085137085,110,9,38,27,102,40,398,train
399,770,139,1,105,31,16,6,9,12,7.498550724637681,8.841846274778883,2.0833333333333335,8.898131884057971,100,12,25,12,82,24,399,train
400,1334,229,3,131,50,36,9,14,37,14.091464867010718,13.606401829973382,5.2727272727272725,9.357815442635967,128,11,58,37,132,59,400,train
401,1211,202,11,138,53,28,8,20,31,12.471144278606966,12.602617957971052,4.0,9.49496169154229,131,12,49,33,144,56,401,train
402,1097,187,10,123,43,24,13,13,25,12.613689839572192,11.979248473330827,3.7,8.701506631016043,117,10,36,24,127,40,402,train
403,1474,258,5,151,61,39,11,10,37,12.172515856236785,11.022393298168332,4.0,9.022752431289641,140,11,43,20,150,53,403,train
404,1120,189,11,124,44,32,12,16,25,13.697566137566136,13.662883650711645,4.7,9.419548465608464,113,10,47,34,127,48,404,train
405,701,122,4,85,27,21,4,10,21,15.333770491803278,14.554592549557764,5.8,9.376658032786885,82,5,29,20,75,29,405,train
406,645,116,4,86,26,14,6,8,18,14.107586206896551,12.68835289967788,5.2,9.27920275862069,82,5,26,14,66,27,406,train
407,1869,312,12,198,70,40,18,21,46,12.189743589743589,12.261556223090622,4.111111111111111,9.354694871794871,183,18,74,46,204,80,407,train
408,1260,219,10,153,42,25,14,10,37,11.068659194686592,10.63711953065702,4.0,8.877917849730178,156,11,44,19,144,47,408,train
409,1355,228,10,146,52,28,12,13,35,16.09824561403509,14.39478758073233,6.222222222222222,9.602331578947368,143,9,56,34,141,58,409,train
410,1156,208,6,120,44,31,12,16,35,13.127692307692309,12.516099999999998,4.7,8.843420384615385,114,10,47,27,115,48,410,train
411,842,147,8,107,35,19,10,7,19,8.537777777777778,8.841846274778883,2.9,8.627198333333332,107,10,29,10,106,34,411,train
412,1172,202,4,126,42,23,10,14,30,13.088028802880288,12.563389971838223,3.5454545454545454,8.924762106210622,123,11,38,30,116,46,412,test
413,764,132,2,93,26,14,9,8,18,11.785281385281387,11.491704259439757,4.0,8.638935497835497,91,7,28,15,68,29,413,test
414,855,148,5,100,38,22,6,7,27,15.001801801801804,13.5591,6.166666666666667,8.914155855855856,98,6,36,20,83,31,414,train
415,1078,184,5,126,41,25,8,15,32,14.417391304347825,13.427899808715576,5.125,9.411321739130436,124,8,41,26,112,47,415,train
416,488,87,2,59,20,13,2,3,11,21.99770114942529,15.903189008614273,8.5,9.78697356321839,60,2,17,10,45,19,416,train
417,957,159,1,108,40,22,12,9,23,12.601257861635222,12.838901577100671,5.333333333333333,9.180250943396228,108,9,48,26,97,41,417,train
418,730,139,3,96,30,17,6,9,20,9.957245632065778,9.236282656511921,2.5714285714285716,8.483716443987667,95,7,18,8,83,24,418,test
419,1057,186,2,110,40,25,6,13,28,13.386021505376346,12.38480682065935,4.625,9.204108602150537,108,8,37,21,108,39,419,train
420,1027,173,3,107,41,23,8,13,20,13.238021836865768,12.650343791298138,4.888888888888889,9.33604938985228,102,9,44,25,104,45,420,train
421,859,146,5,96,34,28,5,6,20,11.146423135464232,11.429527900616531,4.111111111111111,8.442697564687975,92,9,37,19,90,31,421,train
422,1143,202,4,125,36,28,10,15,30,13.334213421342135,12.650343791298138,4.666666666666667,8.57999196919692,124,9,41,25,121,44,422,train
423,840,135,6,83,41,19,7,7,18,12.972222222222223,12.602617957971052,4.0,10.204685185185186,79,8,32,22,104,38,423,train
424,1536,261,7,157,62,39,13,18,40,13.692307692307692,13.149919865122353,4.384615384615385,10.033538461538463,156,13,56,40,176,63,424,train
425,299,52,0,42,14,6,1,5,7,7.236923076923077,8.238735603445708,1.8,9.618109230769232,41,5,9,4,31,13,425,test
426,1025,179,6,112,41,19,9,11,24,11.97790192427064,11.429527900616531,4.222222222222222,9.033603414028555,107,9,39,19,104,38,426,train
427,1079,188,13,131,44,24,9,19,27,10.666150870406192,10.832165505486643,3.5454545454545454,8.683677176015474,131,11,39,20,115,39,427,train
428,1167,208,7,119,42,36,9,10,31,12.935384615384615,12.340626583579944,4.6,8.995247307692306,109,10,46,26,119,45,428,train
429,757,129,10,97,32,20,7,7,19,12.03139534883721,12.38480682065935,3.875,9.21002093023256,92,8,31,21,86,30,429,train
430,480,83,2,64,17,10,7,8,13,12.423132530120483,12.340626583579944,3.6,9.02564313253012,62,5,18,13,50,20,430,train
431,599,102,4,75,18,12,9,13,14,13.258039215686274,13.023866798666859,4.8,10.06647725490196,74,5,24,15,63,27,431,train
432,812,144,6,101,37,27,4,10,22,11.644444444444446,11.93303328291395,3.875,8.586452777777778,101,8,31,19,97,30,432,train
433,1051,168,10,108,48,24,9,10,23,11.585281385281386,11.911945987284739,4.363636363636363,10.033312987012987,103,11,48,25,132,48,433,train
434,823,146,5,95,31,26,3,6,23,10.039726027397261,9.827888789773866,3.0,8.435124657534246,93,8,24,11,84,27,434,train
435,1334,225,6,141,51,28,8,15,34,12.833333333333336,12.885471636013051,4.75,9.26841111111111,133,12,57,34,138,52,435,train
436,904,153,4,102,42,22,6,3,23,15.017366946778711,13.925175675911131,5.714285714285714,10.293555462184875,99,7,40,25,106,42,436,train
437,1071,185,10,123,41,28,5,20,25,9.8004158004158,10.389873798559362,3.076923076923077,9.378075883575884,114,13,38,21,118,42,437,train
438,1287,225,4,128,67,41,6,12,37,13.444444444444446,12.340626583579944,5.5,9.384233333333334,124,10,55,27,134,53,438,train
439,1287,215,6,117,52,33,7,15,22,12.003875968992249,12.161744961471694,4.333333333333333,9.592655038759691,114,12,52,30,141,54,439,train
440,882,150,4,106,29,20,6,14,25,12.566666666666666,12.815532586354998,4.625,9.724566666666666,102,8,37,23,94,42,440,train
441,976,176,5,120,36,22,11,8,24,12.663636363636364,12.161744961471694,4.25,8.495768181818182,110,8,34,20,93,38,441,test
442,570,101,0,78,28,9,3,5,21,45.152475247524755,24.50423929779172,21.0,13.648872277227722,77,1,23,14,52,20,442,test
443,762,134,7,87,29,17,9,9,18,10.580597014925374,10.411451182825502,3.375,8.47371791044776,83,8,28,13,77,30,443,train
444,878,161,6,93,32,18,11,9,25,13.515838509316772,12.602617957971052,3.375,7.871159627329193,88,8,27,22,80,31,444,train
445,489,89,0,64,18,14,2,8,14,15.462172284644197,12.457975602129121,4.666666666666667,9.720775655430712,63,3,14,8,50,21,445,train
446,975,168,13,115,35,22,7,13,21,9.680519480519482,10.63711953065702,3.8181818181818183,10.033312987012987,112,11,42,19,124,44,446,train
447,706,128,4,87,28,17,8,12,23,14.470833333333331,13.81666964889586,4.333333333333333,7.901977083333334,85,6,26,21,69,26,447,train
448,851,148,3,99,38,23,9,5,20,11.183783783783785,10.9516,3.375,8.60828918918919,95,8,28,15,90,32,448,train
449,369,65,2,44,17,12,1,2,12,17.30769230769231,13.81666964889586,5.5,10.106961538461539,46,2,11,6,44,12,449,test
450,849,154,4,99,42,24,9,12,24,12.696103896103896,12.540900571622839,4.857142857142857,8.418868831168831,96,7,33,19,95,27,450,train
451,816,138,13,103,32,19,5,5,21,14.127536231884058,13.023866798666859,4.833333333333333,9.582952173913045,103,6,30,17,95,36,451,train
452,1397,233,10,144,47,28,15,22,20,12.050243204577969,12.340626583579944,4.0,9.286266638054364,142,15,59,39,152,58,452,train
453,642,103,4,82,25,9,8,11,13,13.080258899676375,13.023866798666859,4.666666666666667,10.006801618122978,80,6,28,18,66,33,453,train
454,851,145,1,89,35,23,5,6,21,11.939655172413794,11.45678717892309,4.375,8.455775862068965,85,8,33,17,90,33,454,train
455,797,146,3,94,36,23,4,8,25,13.54833659491194,13.484332010920856,4.285714285714286,8.348137573385518,89,7,30,23,80,30,455,train
456,914,157,9,113,36,17,10,13,21,12.690764331210191,12.161744961471694,4.125,9.336842675159236,109,8,33,20,105,40,456,train
457,982,164,2,91,43,26,3,8,15,11.681951219512195,11.602472056035307,3.7,8.975122926829268,90,10,37,21,104,36,457,train
458,617,103,0,76,22,13,5,10,12,14.065242718446605,13.968273953766033,5.2,9.563891067961166,73,5,26,18,63,26,458,train
459,836,138,1,96,34,18,8,14,15,12.117391304347827,12.38480682065935,4.125,9.18333188405797,95,8,33,21,83,33,459,test
460,659,112,3,74,25,19,2,7,17,11.757142857142858,12.031772070788634,3.857142857142857,9.082510714285714,73,7,26,16,75,24,460,train
461,1054,182,8,122,50,29,8,13,32,10.794005994005994,11.20814326018867,3.3636363636363638,9.315616083916083,114,11,37,21,131,40,461,train
462,967,159,3,101,36,22,6,11,22,12.64930817610063,12.68835289967788,4.6,8.993316100628931,97,10,46,28,101,41,462,train
463,546,93,4,67,19,11,3,2,13,12.171182795698925,11.602472056035307,5.0,9.313038494623656,65,5,25,11,56,20,463,train
464,1209,206,3,128,48,27,9,15,32,12.151103265666373,12.40481918309499,4.363636363636363,8.934450397175642,123,11,48,29,126,51,464,train
465,920,145,6,100,44,23,5,16,12,13.251231527093598,12.28987398476788,5.571428571428571,9.564273399014779,102,7,39,17,111,35,465,test
466,487,82,0,60,17,12,5,4,10,11.614634146341466,11.698219412168324,5.5,8.697080487804879,57,4,20,9,45,16,466,train
467,1195,210,8,143,40,28,22,13,32,12.20952380952381,11.792908689023552,3.8,8.963957142857144,140,10,38,23,141,43,467,test
468,801,118,0,73,30,18,4,5,21,15.20271186440678,13.968273953766033,6.2,8.821466779661018,69,5,32,18,68,26,468,test
469,1299,228,6,137,47,36,12,15,31,14.694736842105264,13.383793397009324,5.777777777777778,8.563515789473684,127,9,52,29,120,49,469,train
470,771,143,2,92,30,18,2,7,22,10.40919080919081,9.606745405546679,3.4285714285714284,8.183183716283716,87,7,24,9,74,23,470,train
471,833,144,7,110,30,20,8,13,16,12.477777777777778,12.815532586354998,4.375,9.134716666666668,106,8,35,23,88,34,471,train
472,972,176,6,106,38,26,6,10,32,13.504040404040405,13.383793397009324,4.444444444444445,9.09225101010101,98,9,40,29,99,46,472,train
473,703,125,1,83,29,18,4,7,22,10.982857142857142,10.608840637214634,3.2857142857142856,8.564454285714286,85,7,21,11,66,24,473,train
474,869,156,5,99,38,26,10,6,17,9.753846153846155,10.25414643259724,2.888888888888889,8.03886153846154,93,9,26,14,83,31,474,train
475,356,62,0,44,16,12,2,2,12,8.830967741935485,9.888512548439397,2.6,9.345088387096775,41,5,13,7,37,17,475,train
476,1317,228,5,130,47,34,8,11,37,14.207719298245616,13.348371206891418,4.6,8.71488,125,10,46,32,126,46,476,test
477,645,108,0,76,21,15,5,5,14,13.825185185185186,13.968273953766033,5.8,9.532582222222224,74,5,29,18,65,27,477,train
478,1057,176,7,129,48,22,8,15,28,12.140404040404043,11.855464076750408,4.666666666666667,9.720262373737373,124,9,41,22,122,48,478,train
479,279,50,0,42,7,5,3,5,6,13.200000000000001,11.20814326018867,3.5,8.9819,42,2,6,3,29,7,479,test
480,922,163,7,108,34,20,8,10,31,13.240666082383875,12.785403640627713,4.285714285714286,8.569446888694127,101,7,29,20,91,29,480,train
481,814,136,3,102,30,15,9,9,23,13.653781512605043,13.484332010920856,5.0,9.592583613445377,100,7,35,23,80,36,481,train
482,1181,197,10,119,51,31,8,13,26,11.427595754499308,11.389717465364857,4.2727272727272725,9.013318827872634,107,11,47,23,141,47,482,test
483,166,29,0,24,8,5,0,1,5,11.317241379310346,11.20814326018867,4.0,8.711562068965517,25,2,8,4,19,7,483,train
484,450,76,1,55,19,10,2,4,10,9.27719298245614,9.725611199111238,2.3333333333333335,9.043319298245613,54,6,14,8,43,13,484,train
485,1242,210,6,135,46,28,13,18,35,14.114285714285714,13.348371206891418,5.2,9.339909523809524,128,10,52,32,134,58,485,test
486,550,99,1,74,25,12,1,4,17,12.76848484848485,11.979248473330827,3.6,10.041408282828282,71,5,18,12,57,20,486,train
487,1218,205,13,103,50,34,8,11,29,16.670588235294115,15.078166124597352,7.0,10.629045098039217,92,8,56,35,133,60,487,test
488,670,116,2,86,31,14,6,8,19,11.800985221674878,12.031772070788634,3.857142857142857,8.950425615763546,83,7,27,17,70,29,488,train
489,976,170,2,122,39,23,11,11,31,13.205882352941178,12.815532586354998,4.75,9.706147058823529,122,8,37,23,111,45,489,train
490,1086,177,10,107,51,23,7,11,25,14.725706214689266,13.624085052395262,6.25,10.354069491525424,100,8,50,27,121,54,490,train
491,969,176,8,116,35,24,7,11,23,8.821212121212122,9.725611199111238,3.1666666666666665,8.311466666666668,105,12,38,16,93,34,491,train
492,976,159,3,106,41,22,6,8,19,11.840880503144655,11.855464076750408,3.3333333333333335,9.06049245283019,96,12,40,28,101,39,492,train
493,787,138,1,91,31,18,3,12,25,13.103105590062112,12.785403640627713,4.142857142857143,9.076719875776398,88,7,29,20,71,32,493,train
494,842,141,0,92,36,21,4,11,20,13.447213779128674,13.023866798666859,4.714285714285714,9.674947416413374,90,7,33,21,82,35,494,test
495,890,158,1,99,37,24,9,10,20,12.710126582278482,12.602617957971052,4.625,8.813441772151897,97,8,37,22,86,36,495,train
496,803,141,6,84,34,19,6,8,14,13.730901722391085,13.023866798666859,4.857142857142857,9.115018338399189,80,7,34,21,79,35,496,train
497,1357,232,5,126,61,44,10,12,34,14.966283524904213,13.023866798666859,6.333333333333333,9.951543295019157,118,9,56,27,132,61,497,train
498,915,161,2,116,37,18,7,10,26,10.166708074534164,10.577609850970193,3.2,9.142637639751552,113,10,32,17,98,37,498,train
499,298,50,0,40,15,5,3,4,10,12.266666666666667,12.457975602129121,4.333333333333333,9.515966666666667,41,3,13,8,33,15,499,train
500,1560,258,14,156,56,33,14,21,45,14.344537815126053,13.596283718651353,4.642857142857143,9.865183473389356,147,14,65,47,173,65,500,train
501,484,83,3,64,22,11,1,3,13,15.885943775100401,13.5591,6.333333333333333,9.955031726907631,60,3,19,10,51,23,501,test
502,1077,177,5,113,34,27,12,15,21,13.35762711864407,13.023866798666859,4.0,9.899060451977402,108,12,48,36,110,53,502,train
503,945,169,5,115,38,21,11,6,24,11.298093359631821,10.74609503303851,3.3333333333333335,7.744564168310323,110,9,29,16,97,28,503,train
504,1218,208,7,123,56,28,8,13,34,11.13167701863354,11.35114627814755,4.0,9.785765148378193,119,14,55,28,145,54,504,train
505,649,116,2,54,32,20,0,3,19,15.486896551724138,13.968273953766033,5.4,9.143082068965516,48,5,27,18,67,29,505,test
506,1184,198,4,129,43,28,7,12,32,14.384646464646465,13.662883650711645,5.3,9.16418606060606,119,10,53,34,112,50,506,train
507,412,74,3,49,17,10,4,2,9,10.102702702702704,9.516144504307135,3.25,7.328018918918919,46,4,13,5,43,9,507,train
508,1205,208,15,121,45,34,7,10,33,11.794405594405596,11.741389052700956,4.181818181818182,8.06641013986014,110,11,44,25,130,39,508,train
509,872,145,2,81,37,21,3,6,20,15.25,14.731742533061166,5.0,9.653637931034483,77,8,39,33,96,39,509,train
510,1497,248,12,152,58,36,13,18,39,14.824633431085045,14.02287970970757,6.181818181818182,9.78463357771261,144,11,68,40,154,66,510,train
511,1029,187,8,129,40,25,12,14,33,11.330267379679144,11.602472056035307,3.2,8.78594513368984,123,10,32,22,119,39,511,train
512,984,172,6,105,33,25,10,9,24,11.1328165374677,10.980518767755715,4.0,7.613887855297158,99,9,35,17,88,28,512,train
513,858,154,6,98,33,21,6,4,28,16.2161038961039,13.348371206891418,6.8,8.855348831168833,92,5,34,16,87,28,513,train
514,191,37,0,27,9,7,1,1,6,7.4,3.1291,2.5,8.39491081081081,27,2,5,0,20,2,514,train
515,720,133,2,78,28,17,5,4,21,10.559774436090226,10.686352973137792,2.875,7.666588721804511,74,8,23,14,64,21,515,train
516,861,143,1,94,41,21,5,8,16,11.345804195804197,11.20814326018867,5.0,9.71282027972028,95,8,40,16,84,38,516,train
517,1471,254,20,150,53,29,19,19,39,13.642156268927923,13.149919865122353,4.153846153846154,9.205843912780134,139,13,54,40,177,63,517,test
518,120,20,0,17,3,3,0,1,2,16.0,14.554592549557764,6.0,9.3655,18,1,6,4,9,6,518,train
519,422,75,0,48,21,17,3,1,12,11.066666666666668,8.841846274778883,5.333333333333333,7.4029,47,3,15,3,36,8,519,train
520,1414,241,18,153,55,33,15,14,39,13.344536652835409,12.885471636013051,4.583333333333333,9.677571092669432,149,12,54,35,157,57,520,train
521,1182,208,10,129,48,26,15,17,35,15.398290598290599,14.39478758073233,4.777777777777778,9.489445726495727,118,9,43,35,125,51,521,test
522,1027,176,6,119,39,29,8,15,29,12.822222222222223,13.023866798666859,4.333333333333333,9.27168282828283,115,9,39,27,110,46,522,train
523,985,179,5,98,46,30,9,9,34,13.195810055865923,12.161744961471694,4.0,8.804065363128492,90,8,32,20,93,38,523,train
524,803,141,7,89,27,18,4,10,19,12.596149949341438,12.031772070788634,4.142857142857143,9.003032522796353,83,7,29,17,76,34,524,train
525,932,158,2,98,40,28,4,10,16,13.585533453887885,12.540900571622839,5.428571428571429,8.953384629294757,95,7,37,18,89,35,525,train
526,963,177,3,102,37,27,13,9,22,11.561864406779662,10.686352973137792,3.875,8.748306779661018,94,8,31,14,90,30,526,train
527,677,119,3,93,29,12,6,14,17,12.639215686274511,12.161744961471694,3.3333333333333335,8.468216526610643,92,6,20,15,77,22,527,train
528,721,132,0,85,19,13,17,15,11,10.876190476190477,10.608840637214634,3.0,7.921208225108225,80,7,21,12,66,27,528,train
529,671,114,2,77,24,20,5,14,16,11.314035087719299,11.45678717892309,3.25,9.606633333333335,75,8,25,16,71,30,529,train
530,1452,233,5,129,58,42,8,11,30,13.180295566502464,12.905362322585251,4.785714285714286,9.699089408866996,116,14,67,41,150,65,530,train
531,982,164,0,97,38,20,6,8,29,12.410840108401084,12.650343791298138,4.444444444444445,8.969224661246612,93,9,39,25,96,34,531,train
532,1218,202,9,123,52,28,8,13,23,13.286048604860486,12.872792785125622,4.181818181818182,9.15926705670567,114,11,47,32,127,46,532,test
533,1289,215,8,133,46,31,13,21,27,12.748062015503876,13.160352788161607,4.5,9.298887596899224,120,12,54,37,130,49,533,train
534,400,67,4,52,19,9,5,4,8,13.112437810945273,11.855464076750408,5.0,8.98632288557214,52,3,16,7,41,16,534,train
535,993,162,7,107,33,16,12,12,21,13.372839506172841,13.023866798666859,5.222222222222222,9.110349382716048,100,9,47,27,107,39,535,train
536,169,33,0,22,6,6,0,1,4,6.824242424242425,7.793537801064561,1.6666666666666667,8.009978787878788,22,3,5,2,13,5,536,test
537,1293,232,7,128,58,33,7,10,31,13.24551724137931,12.161744961471694,4.8,9.27920275862069,119,10,45,23,137,40,537,train
538,724,134,1,91,30,20,7,8,20,11.177611940298508,11.45678717892309,3.125,8.120210447761194,90,8,25,17,71,28,538,test
539,328,56,0,47,10,7,3,4,4,6.622857142857143,7.554174236665414,1.8,7.857555714285715,47,5,9,3,35,10,539,train
540,1299,227,3,131,59,41,10,20,44,15.022809593734705,14.232682905230785,5.888888888888889,9.756685217816937,123,9,53,34,125,61,540,train
541,528,93,1,61,21,18,3,6,10,10.501075268817203,11.538034831475386,3.8333333333333335,7.631213978494624,57,6,23,13,47,15,541,train
542,952,166,9,99,46,24,5,5,37,13.842168674698796,13.81666964889586,4.5,9.13636265060241,93,8,36,28,95,35,542,train
543,724,115,6,87,27,12,3,7,15,12.188405797101451,11.855464076750408,5.833333333333333,10.491253623188406,83,6,35,14,84,30,543,train
544,907,160,6,110,38,18,10,13,24,11.361111111111112,11.645159339076184,4.222222222222222,9.057902777777777,106,9,37,20,99,40,544,train
545,749,131,5,91,32,18,2,5,23,8.5987786259542,9.3871,2.8,8.504962290076335,86,10,28,12,83,30,545,test
546,1406,233,4,131,58,39,10,22,26,13.86450973918785,13.274406872562384,4.384615384615385,9.743639121822383,128,13,57,41,141,59,546,train
547,703,121,4,86,28,15,5,9,19,11.872963400236129,11.491704259439757,4.142857142857143,9.061226800472255,82,7,29,15,71,31,547,test
548,660,124,0,76,20,21,1,12,15,12.460215053763442,11.855464076750408,4.166666666666667,8.354389247311829,70,6,25,14,65,22,548,test
549,865,148,0,92,39,25,3,5,23,13.109909909909911,11.20814326018867,5.666666666666667,8.700777477477477,92,6,33,12,83,28,549,train
550,1156,190,11,134,43,26,12,15,30,14.549707602339181,13.731508374201276,5.444444444444445,9.91924269005848,129,9,49,31,132,53,550,train
551,701,116,9,80,34,19,6,11,15,11.800985221674878,11.765960540728905,4.142857142857143,9.767149753694582,80,7,28,17,80,32,551,train
552,1034,164,8,113,44,28,9,7,24,13.036807095343683,13.023866798666859,4.636363636363637,9.671417738359203,110,11,51,33,118,45,552,train
553,1195,198,10,125,54,31,7,11,35,14.456565656565658,13.5591,6.444444444444445,9.991033333333334,122,9,57,30,130,54,553,train
554,411,77,0,56,15,9,3,3,11,12.344588744588746,10.504223727775692,3.6666666666666665,7.780475757575758,52,3,11,5,35,11,554,train
555,484,83,3,60,18,12,6,9,12,10.35261044176707,11.20814326018867,3.1666666666666665,8.507934538152611,60,6,19,12,47,18,555,train
556,1083,187,12,115,47,31,6,9,31,13.872608437314321,13.205437297517054,4.666666666666667,9.90226494355318,112,9,42,28,116,51,556,test
557,868,154,7,99,39,22,6,8,16,9.236363636363638,10.018931242160765,3.090909090909091,8.432198701298702,93,11,34,16,96,32,557,train
558,526,99,0,69,23,13,3,5,14,7.632323232323234,8.841846274778883,1.8888888888888888,8.169473737373739,68,9,16,9,56,17,558,train
559,1017,177,5,110,43,28,9,9,19,9.013785310734463,9.725611199111238,2.6,8.503813898305085,96,15,38,20,119,39,559,test
560,1094,184,4,100,54,29,5,7,32,14.699516908212559,13.731508374201276,6.0,9.370381400966183,93,9,55,31,106,48,560,train
561,1101,193,6,99,52,35,10,8,31,16.597236614853195,13.295006501635747,6.833333333333333,9.24082677029361,93,6,41,19,102,38,561,train
562,1447,238,13,157,58,38,11,18,33,12.733221288515407,12.68835289967788,4.333333333333333,9.797394229691877,148,15,65,42,151,70,562,test
563,515,84,1,66,23,12,6,6,12,11.95809523809524,11.602472056035307,4.2,9.545137142857143,70,5,19,11,61,20,563,train
564,732,128,4,80,42,27,5,5,19,11.064285714285715,10.914260884657427,3.857142857142857,9.10776830357143,75,7,27,13,83,29,564,train
565,1336,240,7,155,43,25,21,19,22,9.05115760111576,9.725611199111238,2.6666666666666665,8.390810069735007,145,15,40,20,156,44,565,train
566,1053,179,3,102,50,28,10,11,30,15.591699920191543,13.925175675911131,6.285714285714286,9.932943415802075,97,7,44,25,110,44,566,test
567,1634,258,17,158,69,43,7,22,36,11.186867305061561,11.557038098267885,4.411764705882353,10.448206429548563,148,17,74,37,188,77,567,train
568,607,105,5,75,22,15,8,7,15,14.114285714285714,13.662883650711645,5.8,8.888766666666667,71,5,29,17,65,24,568,train
569,1050,175,12,117,39,22,10,13,24,12.577777777777778,13.023866798666859,4.222222222222222,8.390544444444444,110,9,37,27,111,35,569,train
570,806,128,8,96,31,17,8,6,17,16.490000000000002,14.836745963215662,7.0,10.58079125,94,5,35,21,90,40,570,train
571,500,93,5,70,18,11,4,5,14,14.031182795698925,12.602617957971052,4.25,9.543678494623656,67,4,17,11,58,19,571,train
572,888,163,0,98,36,19,7,10,25,10.60398773006135,9.516144504307135,4.0,7.940719631901841,95,8,32,10,77,25,572,train
573,693,113,4,78,32,16,5,9,18,13.905014749262538,13.5591,5.333333333333333,9.60107581120944,75,6,32,20,80,31,573,train
574,1117,193,7,127,36,18,14,16,33,10.12699010833726,10.63711953065702,3.4545454545454546,9.006495478097033,116,11,37,19,120,40,574,train
575,112,20,0,16,4,3,2,0,3,10.0,8.841846274778883,3.0,8.576,16,1,3,1,9,3,575,train
576,993,171,7,111,35,20,3,14,27,13.676470588235293,13.227904075235838,4.75,9.148852941176472,107,8,38,25,108,38,576,train
577,229,43,1,33,9,7,2,2,7,10.460465116279071,8.841846274778883,5.5,7.640574418604651,34,2,10,2,21,7,577,train
578,611,112,2,81,26,14,4,5,17,11.042857142857144,11.491704259439757,2.857142857142857,7.9546535714285715,74,7,20,15,56,16,578,test
579,581,99,5,73,24,15,3,8,17,9.394444444444444,11.20814326018867,2.625,9.035148484848484,73,8,21,16,57,22,579,train
580,1256,213,10,137,52,28,9,14,30,10.374835680751174,10.793553405168563,3.1333333333333333,9.307627511737088,131,15,48,26,161,48,580,train
581,1338,239,0,145,42,34,10,15,36,11.180035863717874,11.629938488055164,3.5,8.711527375971308,136,14,48,31,136,50,581,train
582,1053,179,4,107,51,25,0,7,23,14.536592178770952,13.427899808715576,5.5,10.65652346368715,103,8,44,25,101,49,582,train
583,726,122,0,77,34,22,1,7,18,13.707103825136613,12.745084868956482,5.5,9.174951366120219,76,6,33,17,67,29,583,train
584,371,69,0,59,10,5,4,8,7,7.498550724637681,8.344100000000001,1.8333333333333333,7.868349275362319,58,6,11,5,33,13,584,test
585,914,153,4,101,34,23,9,12,20,15.278804855275446,14.138980108339055,5.428571428571429,9.77754239028945,96,7,38,26,101,44,585,train
586,848,141,6,90,37,25,7,8,25,14.790070921985816,13.81666964889586,5.666666666666667,9.505504255319149,92,6,33,21,89,32,586,train
587,867,148,10,102,32,20,11,14,20,14.403088803088805,14.348710955821954,5.142857142857143,8.632685714285714,105,7,36,27,92,34,587,train
588,1097,187,11,121,44,27,14,11,30,14.300415923945337,13.901157680251561,4.666666666666667,9.142318419489008,114,9,42,32,125,47,588,test
589,719,126,3,88,29,22,13,13,15,10.109523809523811,10.411451182825502,3.25,8.30254126984127,85,8,26,13,73,25,589,train
590,335,59,0,42,12,8,5,5,7,10.578531073446328,9.725611199111238,4.0,8.358746327683615,42,3,12,4,30,11,590,train
591,805,136,3,95,38,15,6,8,18,14.242016806722688,13.707050652182112,4.142857142857143,10.521407142857143,92,7,29,24,107,37,591,train
592,921,163,1,89,34,21,7,14,19,13.976862401402279,12.540900571622839,4.571428571428571,9.925643207712533,87,7,32,19,100,38,592,train
593,1261,223,3,149,47,34,13,15,41,13.404304932735426,13.023866798666859,5.0,8.495360269058295,143,10,50,30,125,44,593,train
594,1090,190,5,133,40,28,8,13,33,11.810526315789474,11.792908689023552,4.2,8.651057894736843,130,10,40,23,120,42,594,train
595,1257,218,9,127,58,30,4,6,39,10.37741707833451,10.560738912317856,3.769230769230769,8.741694213126323,116,13,48,21,139,45,595,train
596,1125,201,6,120,47,33,12,15,31,14.22910447761194,13.023866798666859,5.375,8.574889054726368,112,8,43,24,109,39,596,train
597,1739,286,9,169,67,41,16,16,42,14.114685314685316,13.518907172268552,5.769230769230769,9.64137132867133,160,13,74,43,193,70,597,train
598,1221,202,6,137,44,29,14,11,31,13.73025302530253,12.838901577100671,5.888888888888889,9.361675137513751,132,9,53,26,136,51,598,train
599,1161,196,7,121,47,30,10,12,34,14.221315192743766,13.731508374201276,5.0,9.550351247165533,120,9,45,31,136,46,599,train
600,1112,189,1,111,44,31,4,8,31,14.31772486772487,13.227904075235838,5.75,9.152638624338625,103,8,46,25,109,44,600,test
601,373,63,5,58,11,5,4,6,13,15.384126984126983,14.554592549557764,5.0,9.941433333333334,60,3,15,12,43,17,601,train
602,679,115,1,86,27,21,7,4,15,11.315217391304348,11.698219412168324,3.625,8.743239130434784,82,8,29,18,72,26,602,train
603,1427,251,8,161,52,34,12,14,34,14.502151394422311,13.348371206891418,5.0,8.593053625498008,149,10,51,32,155,51,603,train
604,358,64,0,48,15,9,4,3,7,7.620000000000001,8.238735603445708,2.4,8.95903625,48,5,11,4,39,13,604,train
605,156,30,1,27,9,5,0,1,4,12.979310344827589,8.841846274778883,4.0,8.341796551724137,29,1,4,1,18,3,605,train
606,222,37,0,32,6,3,1,4,2,21.28648648648649,18.243605946275583,8.0,9.739267567567568,31,1,8,7,15,7,606,train
607,732,130,2,80,29,18,5,7,19,11.743589743589745,11.538034831475386,4.833333333333333,8.233551282051282,76,6,27,13,74,24,607,train
608,844,147,4,101,30,18,11,13,23,13.063945578231293,13.023866798666859,4.222222222222222,9.495136734693876,98,9,37,26,92,38,608,train
609,973,156,8,106,29,20,16,11,22,13.600000000000001,13.383793397009324,4.888888888888889,9.253476923076922,103,9,44,29,100,40,609,train
610,510,84,3,66,25,15,3,5,13,11.314285714285715,11.20814326018867,3.8333333333333335,9.594233333333335,69,6,22,12,54,22,610,train
611,785,140,6,91,22,21,4,10,19,8.307692307692308,9.057496981413337,1.7692307692307692,8.343725274725275,88,13,24,14,74,28,611,train
612,684,116,4,66,28,18,2,2,16,14.285057471264366,13.5591,4.333333333333333,9.359657471264368,63,6,26,19,72,24,612,train
613,1337,235,3,120,47,36,17,16,33,12.939716312056738,12.457975602129121,4.083333333333333,8.90808865248227,110,12,49,32,139,53,613,train
614,612,104,6,76,28,8,5,6,19,14.630769230769232,13.023866798666859,6.0,10.088215384615385,76,4,24,12,67,24,614,train
615,941,162,6,113,37,23,11,15,21,12.385185185185186,12.261556223090622,4.222222222222222,8.915411111111112,104,9,37,23,98,34,615,test
616,711,123,4,86,28,17,6,7,15,10.668123861566485,10.980518767755715,2.888888888888889,8.450494899817851,83,9,26,17,75,26,616,train
617,1258,213,5,134,65,27,7,16,28,13.402629107981221,12.516099999999998,4.9,9.65978751173709,127,10,49,27,139,53,617,train
618,1602,267,17,155,67,41,20,19,31,11.975236836307557,12.000913495891488,3.9411764705882355,9.383152214144085,142,17,68,40,190,70,618,test
619,814,144,7,97,44,20,5,5,26,11.839682539682542,11.20814326018867,4.285714285714286,9.810523412698412,94,7,29,14,90,29,619,train
620,1289,229,5,137,57,34,12,16,36,11.412966073228084,11.20814326018867,3.6923076923076925,9.198956701377226,128,13,49,26,141,55,620,train
621,886,147,8,102,31,25,8,13,16,9.525850340136055,10.31748142421505,3.0833333333333335,8.2184537414966,94,12,35,19,87,31,621,test
622,638,106,3,68,25,16,5,8,13,14.236477987421384,13.5591,5.166666666666667,9.87540817610063,68,6,31,20,66,30,622,test
623,1191,198,18,123,52,23,9,17,34,13.172525252525254,12.68835289967788,4.6,9.403428484848485,115,10,46,28,142,45,623,train
624,901,149,7,91,28,15,5,6,27,16.64474272930649,15.021129683784007,6.333333333333333,9.742998434004475,87,6,38,26,97,38,624,train
625,1347,239,6,134,61,37,10,16,44,13.911464435146442,12.340626583579944,5.1,9.31449230125523,126,10,50,26,139,51,625,train
626,720,129,0,88,22,15,13,10,16,8.880930232558141,10.125756701596842,2.7,8.070836124031008,84,10,26,15,69,26,626,train
627,1620,270,4,165,73,39,8,19,45,14.825396825396826,14.03260196037952,5.071428571428571,10.031849206349207,149,14,70,51,157,77,627,test
628,589,102,1,78,25,12,5,6,18,12.103081232492997,12.031772070788634,3.4285714285714284,9.312968347338936,76,7,24,17,62,27,628,train
629,523,92,1,72,21,16,1,8,12,9.60496894409938,10.290406445055957,2.5714285714285716,9.265668322981366,72,7,19,11,55,22,629,train
630,333,59,4,50,13,7,3,2,8,13.290395480225989,12.457975602129121,3.3333333333333335,9.696881920903955,49,3,10,8,40,13,630,train
631,810,137,0,90,34,18,6,4,20,11.63633414436334,11.429527900616531,3.4444444444444446,9.347507623682077,83,9,31,19,79,34,631,train
632,758,133,0,88,28,18,5,8,14,12.412030075187971,12.28987398476788,4.0,8.377997744360902,87,7,28,18,74,26,632,train
633,874,146,3,90,33,22,4,10,18,13.6013698630137,13.227904075235838,4.5,9.3003301369863,86,8,36,24,90,36,633,train
634,537,96,3,73,21,14,4,5,14,11.846666666666668,11.602472056035307,4.2,7.713924166666667,70,5,21,11,54,17,634,train
635,1126,207,5,114,37,33,9,18,31,11.8,11.407655852321103,4.1,8.7339,109,10,41,21,114,42,635,train
636,1185,191,6,136,41,23,11,23,32,15.812865497076025,14.554592549557764,6.333333333333333,10.25166374269006,130,9,57,36,140,55,636,train
637,1351,228,14,129,59,36,6,7,35,11.732607215793056,11.51311941424646,4.0,9.11001586113002,120,13,51,28,162,54,637,train
638,826,151,2,99,34,21,4,6,18,11.788410596026491,11.45678717892309,3.75,8.860050993377483,92,8,30,17,80,36,638,test
639,887,159,6,102,34,24,2,9,19,14.87672955974843,13.023866798666859,5.166666666666667,9.221151572327045,97,6,31,17,92,28,639,train
640,1286,210,7,118,59,38,5,5,33,16.404761904761905,14.37465228746014,7.5,9.976261904761905,112,8,60,31,126,54,640,train
641,1130,191,5,110,41,27,9,7,24,12.390480723465018,12.719339214003902,4.2727272727272725,9.044595002379818,106,11,47,31,126,47,641,train
642,885,147,6,102,34,22,7,14,17,13.842176870748299,13.25671669890799,5.428571428571429,9.296943537414965,102,7,38,22,105,40,642,train
643,1094,181,5,113,44,24,4,18,40,15.679834254143646,14.37465228746014,6.5,10.341904419889504,109,8,52,31,116,59,643,train
644,1157,193,4,129,52,33,6,14,31,11.327062574730968,11.807384569943707,4.0,9.608931406935035,124,13,52,30,122,51,644,test
645,1410,235,9,132,57,42,8,14,37,15.35744680851064,14.117786864225405,6.3,10.043036170212766,118,10,63,37,148,61,645,train
646,997,177,6,118,42,24,10,12,28,13.369774011299436,12.38480682065935,4.75,9.105142937853108,116,8,38,21,103,39,646,test
647,573,98,4,71,22,16,7,3,10,11.921632653061225,11.979248473330827,4.6,8.15335387755102,68,5,22,11,61,15,647,train
648,1507,249,12,144,66,37,13,16,30,13.119277108433735,12.602617957971052,5.5,9.738792369477911,136,12,66,33,161,71,648,train
649,694,126,4,77,26,19,5,8,19,11.892063492063492,10.864195022040775,4.166666666666667,8.061671428571428,77,6,25,11,73,21,649,train
650,676,111,3,78,29,15,5,2,19,12.805405405405407,12.745084868956482,4.666666666666667,8.821667567567568,75,6,28,17,73,25,650,train
651,373,65,3,52,15,8,2,1,16,16.69230769230769,13.023866798666859,8.0,9.135269230769232,52,2,16,6,37,14,651,test
652,993,172,5,107,38,26,7,10,26,11.830490956072353,11.855464076750408,3.6666666666666665,8.899120413436693,105,9,33,20,120,38,652,train
653,867,151,6,107,34,15,6,11,17,8.953907284768212,9.120678840339163,2.9,9.091089139072848,101,10,28,11,86,36,653,train
654,325,55,0,46,12,7,3,4,9,10.590909090909092,11.20814326018867,2.75,10.060318181818182,47,4,11,8,37,15,654,train
655,883,159,2,94,29,19,5,9,22,11.220440251572327,10.686352973137792,3.5,8.793243396226416,92,8,28,14,83,36,655,train
656,1038,170,4,117,41,20,6,14,26,13.00534759358289,12.563389971838223,4.2727272727272725,10.06886898395722,110,11,47,30,108,49,656,train
657,960,177,8,95,39,27,10,7,30,17.489090909090912,13.348371206891418,7.4,9.329920000000001,93,5,37,16,99,36,657,train
658,895,149,7,98,38,18,7,14,26,13.608503401360545,13.023866798666859,4.75,10.348308163265306,95,8,38,24,114,48,658,train
659,1537,260,13,163,72,40,11,16,38,11.26923076923077,11.81641974633143,3.5625,9.361692307692309,152,16,57,36,181,62,659,train
660,422,71,1,55,23,9,4,3,8,12.170422535211268,12.602617957971052,4.0,9.187181690140847,58,4,16,11,48,16,660,train
661,887,155,9,103,35,22,8,11,27,12.653225806451614,11.93303328291395,4.0,9.385435483870967,98,8,32,19,106,38,661,train
662,381,66,1,54,12,7,2,6,6,14.860606060606063,14.06817628641468,5.333333333333333,9.034063636363637,53,3,16,11,35,15,662,train
663,954,166,5,98,42,27,2,8,26,14.545955249569708,13.25671669890799,6.142857142857143,9.949234595524956,90,7,43,22,104,43,663,train
664,579,98,2,73,29,15,0,6,15,11.513469387755103,10.793553405168563,4.4,9.120088571428571,71,5,22,8,60,22,664,test
665,646,106,1,62,22,13,5,5,9,11.717520215633423,12.031772070788634,3.7142857142857144,8.55852911051213,58,7,26,17,65,24,665,train
666,693,116,5,80,26,16,3,4,16,16.427586206896553,14.191785591663535,8.0,9.56688275862069,76,4,31,15,67,29,666,train
667,1051,178,5,119,42,21,14,13,21,11.865985699693566,11.911945987284739,4.0,9.318050766087843,116,11,43,26,111,41,667,train
668,874,147,1,104,27,14,6,17,18,9.14530612244898,11.20814326018867,3.4,8.447388707482993,99,10,34,20,86,32,668,train
669,479,83,1,55,21,12,3,5,8,13.60120481927711,12.602617957971052,4.25,8.470519277108433,50,4,17,11,47,15,669,train
670,847,150,0,86,42,28,3,6,21,11.766666666666666,11.45678717892309,3.875,8.9877,80,8,31,16,84,34,670,train
671,1113,183,5,119,41,21,10,11,16,9.033005464480874,10.203070172399654,3.2,8.383259344262296,113,15,46,23,123,36,671,train
672,807,134,1,101,31,13,4,10,19,11.925704809286898,12.261556223090622,3.5555555555555554,8.852750082918739,96,9,31,23,90,29,672,train
673,742,132,1,83,33,21,4,8,19,13.64848484848485,12.457975602129121,4.666666666666667,9.87141212121212,79,6,28,16,78,33,673,train
674,975,163,6,89,40,32,1,11,25,12.654969325153374,12.516099999999998,4.7,10.35412110429448,81,10,47,27,105,49,674,test
675,939,169,1,109,35,22,14,11,21,9.240394477317555,10.355215969177355,2.066666666666667,6.904853293885601,105,15,30,25,92,27,675,train
676,1270,222,9,138,43,25,12,16,38,13.297952497952501,13.319297830178854,4.636363636363637,8.762833497133498,130,11,51,35,136,49,676,train
677,1003,173,9,106,40,26,8,8,19,14.972419488026425,13.484332010920856,6.0,9.243369033856318,101,7,43,24,106,40,677,train
678,1252,227,4,134,49,31,11,12,35,9.614285714285714,9.957137785484202,3.0,8.377600000000001,128,14,42,20,149,48,678,train
679,1879,321,7,170,74,37,17,20,53,15.809034267912773,13.81666964889586,6.0,10.472583489096573,164,12,72,42,201,92,679,train
680,1105,196,9,124,45,28,12,9,30,10.206802721088437,10.504223727775692,3.0,8.313572108843537,119,12,35,20,125,36,680,test
681,1361,232,5,138,58,36,13,10,27,14.621455938697318,13.205437297517054,5.666666666666667,8.658396743295018,133,9,50,28,141,42,681,train
682,704,114,2,81,23,16,5,8,18,13.18095238095238,12.540900571622839,4.857142857142857,9.846113533834586,79,7,34,19,72,34,682,train
683,718,119,8,84,33,17,9,10,15,13.858823529411765,13.484332010920856,4.714285714285714,9.65457394957983,84,7,33,23,82,34,683,train
684,1209,212,8,125,39,30,7,12,31,15.883018867924529,14.191785591663535,6.0,9.34528679245283,120,8,47,30,121,45,684,train
685,1218,205,5,120,52,32,15,13,26,12.101626016260163,12.009924989830619,3.9166666666666665,8.720174796747967,110,12,47,29,150,45,685,train
686,638,118,0,80,25,17,4,7,16,8.950847457627118,9.827888789773866,2.375,7.847252542372882,77,8,19,11,60,18,686,train
687,561,99,2,66,28,17,3,4,16,15.152525252525255,13.81666964889586,6.5,9.808443434343435,65,4,25,14,57,26,687,train
688,861,154,1,94,30,19,7,17,19,17.514805194805195,15.112257680678326,6.4,8.855348831168833,96,5,31,22,78,32,688,train
689,1069,196,6,120,34,24,8,12,24,10.80074211502783,10.63711953065702,2.727272727272727,8.064975695732839,108,11,29,19,109,35,689,train
690,717,126,1,83,30,22,5,4,15,13.254603174603176,11.602472056035307,5.2,8.64594380952381,83,5,26,11,68,22,690,train
691,1142,196,5,126,45,25,11,17,27,12.025231910946196,12.40481918309499,3.727272727272727,8.951149165120594,124,11,42,29,131,47,691,train
692,1438,246,2,141,59,41,10,16,39,13.064065040650405,12.913307274991674,4.2,8.622094471544717,133,15,63,44,144,57,692,test
693,919,161,2,105,35,21,8,13,24,12.869841269841272,12.261556223090622,3.5555555555555554,9.035217460317462,103,9,32,23,95,34,693,test
694,1191,198,13,128,40,27,11,12,26,11.644444444444446,11.911945987284739,4.090909090909091,9.074906060606061,127,11,45,26,147,42,694,train
695,577,96,2,70,25,16,5,9,10,11.735714285714288,12.540900571622839,3.2857142857142856,8.92214523809524,70,7,23,19,55,23,695,test
696,677,113,3,76,28,15,4,8,13,10.33195673549656,10.74609503303851,3.111111111111111,9.988370599803343,74,9,27,16,73,33,696,train
697,1074,180,4,121,42,23,7,11,28,15.222222222222223,13.81666964889586,6.0,9.577222222222222,109,8,48,28,107,47,697,test
698,891,156,7,112,35,20,7,4,16,12.211981566820278,11.20814326018867,4.428571428571429,8.809624423963134,106,7,31,13,95,31,698,test
699,1038,185,3,115,42,26,10,13,34,13.141891891891891,11.93303328291395,4.625,8.795013513513513,110,8,37,19,102,39,699,train
700,1229,213,3,119,48,29,12,13,30,12.27586854460094,12.161744961471694,4.6,8.473684225352113,110,10,45,25,125,37,700,train
701,463,79,0,60,19,11,2,5,11,13.975949367088607,13.023866798666859,5.0,9.413062025316457,57,4,20,12,46,20,701,train
702,861,146,2,98,36,17,10,15,23,12.242313546423135,12.060818386365153,3.888888888888889,9.416053729071537,96,9,35,22,96,39,702,train
703,713,127,2,81,28,15,13,7,16,18.054330708661418,15.247664890283005,7.25,9.189882677165354,80,4,29,17,65,28,703,train
704,725,125,2,74,31,19,4,4,17,11.942857142857143,11.765960540728905,3.5714285714285716,8.438134285714286,72,7,25,16,85,25,704,train
705,1207,213,7,125,50,30,6,12,26,10.2924882629108,10.31748142421505,3.6666666666666665,8.223472769953052,120,12,43,19,117,40,705,train
706,452,80,0,45,23,17,2,7,14,14.0,13.023866798666859,4.5,9.957625,44,4,18,12,46,22,706,test
707,1050,190,3,123,45,31,7,14,33,18.568421052631578,14.265292616868656,8.2,9.925878947368421,117,5,41,19,115,39,707,test
708,748,130,3,94,28,16,4,6,25,14.70769230769231,13.348371206891418,5.0,9.177253846153846,89,5,26,15,70,28,708,train
709,135,24,0,20,6,5,0,3,3,6.466666666666668,7.168621630094336,1.5,9.495033333333335,20,2,3,1,14,5,709,train
710,795,133,4,90,33,18,5,10,21,12.364285714285714,12.38480682065935,3.625,9.09125037593985,89,8,30,20,91,28,710,train
711,1060,183,3,104,44,22,4,9,29,15.707377049180327,14.731742533061166,5.125,9.344160109289618,97,8,41,33,96,46,711,train
712,1042,174,2,101,42,25,2,10,22,13.757471264367817,13.227904075235838,4.625,9.70639195402299,102,8,36,24,108,40,712,train
713,741,131,4,89,27,23,4,12,16,12.702798982188297,11.855464076750408,4.666666666666667,9.058669974554707,85,6,28,14,73,30,713,train
714,625,113,3,82,27,15,10,7,18,9.614285714285714,10.608840637214634,2.857142857142857,7.813671428571428,83,7,18,12,69,20,714,test
715,315,58,0,42,7,4,4,0,10,11.871264367816092,11.855464076750408,3.6666666666666665,7.590088505747127,41,3,11,7,25,9,715,train
716,688,130,1,81,25,17,6,6,19,10.512820512820515,8.841846274778883,3.5,7.261858974358974,78,6,21,6,60,19,716,test
717,874,146,6,99,38,18,11,12,26,17.40456621004566,15.688483145680365,6.333333333333333,9.818364840182648,98,6,38,29,93,40,717,train
718,1097,193,2,127,43,30,9,15,29,10.748751766368347,10.832165505486643,3.3636363636363638,9.170122421102214,123,11,36,21,111,46,718,train
719,997,178,1,84,48,31,1,8,30,10.292951991828398,10.23097548852734,3.3636363636363638,7.898724923391216,81,11,34,16,96,32,719,test
720,639,101,4,76,25,14,5,7,12,12.504101838755304,13.023866798666859,4.285714285714286,10.292949222065065,75,7,30,21,70,33,720,test
721,665,119,2,78,26,19,8,7,15,11.84201680672269,11.765960540728905,4.142857142857143,8.991128571428572,73,7,29,16,64,30,721,train
722,1123,184,4,118,40,23,7,16,27,15.286956521739132,14.191785591663535,5.75,10.183658695652174,113,8,47,30,116,53,722,train
723,1295,227,4,104,63,41,6,9,29,14.839823008849558,12.38480682065935,6.75,9.369469911504424,96,8,53,22,125,46,723,train
724,756,132,2,86,35,23,4,12,19,16.533333333333335,13.81666964889586,6.75,10.417012121212121,87,4,27,14,83,31,724,train
725,624,108,1,83,23,15,7,10,14,11.644444444444446,11.855464076750408,3.6666666666666665,9.207818518518518,76,6,22,14,65,27,725,train
726,1240,205,4,132,48,29,9,18,26,11.905923344947736,11.899873341045819,4.071428571428571,9.523419860627177,121,14,57,33,136,54,726,train
727,1264,222,8,121,52,35,6,8,31,14.703603603603604,12.38480682065935,6.0,9.42271981981982,116,8,49,20,123,49,727,test
728,844,150,3,104,30,18,7,13,23,11.733333333333334,11.855464076750408,3.3333333333333335,9.726500000000001,98,9,29,21,89,40,728,train
729,803,140,3,102,29,17,7,13,22,11.079365079365079,11.645159339076184,3.3333333333333335,9.145055555555555,101,9,30,19,84,30,729,test
730,1033,173,0,109,39,24,7,10,26,14.430346820809248,13.624085052395262,5.625,9.455227167630058,102,8,45,27,101,44,730,test
731,713,122,3,93,24,12,4,6,20,16.72809917355372,14.90622815163357,6.0,9.312767768595041,91,4,26,17,67,25,731,test
732,1084,179,4,105,38,24,5,11,28,13.989075108628183,13.731508374201276,5.555555555555555,9.562877157045314,100,9,50,31,109,51,732,train
733,1334,231,4,131,56,27,10,10,34,11.584126984126986,11.491704259439757,3.642857142857143,9.767153968253968,125,14,52,30,178,52,733,train
734,832,149,3,110,30,13,11,13,18,11.454436987322893,11.429527900616531,3.0,9.120474347501865,108,9,27,19,92,33,734,train
735,1349,222,9,136,49,35,9,16,26,12.041958041958043,12.091993763477543,4.153846153846154,9.499975524475524,126,13,53,32,147,62,735,train
736,1639,278,12,159,66,44,12,17,48,16.299856115107914,14.696529576185021,7.2,9.388869208633093,152,10,72,41,161,67,736,train
737,970,177,7,110,29,25,12,8,26,10.645762711864407,10.686352973137792,2.25,8.382506779661018,98,12,27,21,105,31,737,train
738,993,172,5,112,40,22,6,10,21,10.60093023255814,11.003577315987393,3.5,7.978108372093024,106,10,35,19,103,30,738,train
739,591,108,0,72,18,8,6,6,16,10.245502645502647,10.608840637214634,2.4285714285714284,7.764442328042328,67,7,17,12,54,16,739,train
740,780,138,5,96,36,23,8,10,18,11.94368530020704,11.765960540728905,4.571428571428571,9.076719875776398,91,7,32,16,93,34,740,train
741,295,54,2,44,10,7,4,2,6,10.903703703703705,11.20814326018867,3.0,8.03818888888889,45,3,9,6,28,9,741,test
742,689,111,4,81,26,13,13,10,12,11.676126126126128,11.93303328291395,4.0,9.445781081081082,80,8,32,19,75,31,742,train
743,824,149,1,100,33,20,6,13,25,10.518852959121416,10.63711953065702,2.727272727272727,9.183119646125686,96,11,30,19,72,35,743,train
744,1216,204,4,120,50,29,9,12,26,12.290196078431373,12.009924989830619,3.75,9.66563137254902,109,12,46,30,126,56,744,train
745,660,114,7,81,23,16,11,7,19,14.383157894736843,13.023866798666859,5.2,9.61518701754386,77,5,26,15,73,31,745,test
746,810,131,5,91,34,20,6,12,19,13.582417582417584,13.023866798666859,5.428571428571429,10.75218131868132,89,7,38,21,87,40,746,train
747,925,159,3,101,42,31,4,10,20,11.59496855345912,11.855464076750408,4.444444444444445,9.279559119496856,97,9,40,21,93,38,747,train
748,1148,188,4,129,50,26,7,14,31,17.55136778115502,15.719379583869454,7.857142857142857,10.175954711246202,125,7,55,34,124,52,748,test
749,446,84,0,54,17,16,6,4,14,13.161904761904763,12.161744961471694,3.25,8.061671428571428,55,4,13,10,38,14,749,test
750,1160,194,12,138,42,20,13,16,32,11.796813495782569,11.911945987284739,4.0,8.906418275538893,133,11,44,26,142,43,750,train
751,1325,225,2,128,56,39,8,15,30,13.9,13.160352788161607,4.75,9.408766666666667,121,12,57,37,131,62,751,test
752,990,170,7,113,38,24,13,16,28,15.831932773109244,14.348710955821954,5.571428571428571,9.949600840336135,109,7,38,27,103,49,752,train
753,115,18,2,18,9,2,0,3,1,11.644444444444446,14.554592549557764,5.0,9.792633333333335,20,1,5,4,13,4,753,train
754,416,75,1,54,17,10,3,3,9,12.933333333333332,12.340626583579944,3.4,8.591166666666666,49,5,17,13,43,16,754,test
755,866,147,5,101,31,23,5,10,22,11.975850340136056,11.93303328291395,4.625,8.629668707482994,99,8,37,19,89,32,755,train
756,820,136,1,89,41,19,3,5,16,11.211764705882354,10.9516,3.75,9.239920588235295,85,8,30,15,96,30,756,train
757,693,122,5,80,28,18,4,8,20,12.329508196721314,11.93303328291395,3.5,9.569949180327868,73,8,27,20,79,33,757,train
758,874,147,1,105,28,17,9,8,20,10.614285714285714,11.038039088145766,2.75,9.400018367346938,102,12,33,23,93,40,758,train
759,1076,187,9,123,41,24,9,19,24,13.658704693998812,12.838901577100671,4.666666666666667,9.817826440879381,114,9,43,26,118,51,759,test
760,1155,195,5,122,48,30,12,25,25,15.641025641025642,14.867677710551934,5.777777777777778,9.89352564102564,125,9,52,38,129,52,760,train
761,1537,268,9,148,63,39,12,14,34,13.924559023066486,12.563389971838223,5.2727272727272725,9.440533378561737,134,11,57,30,159,58,761,train
762,1008,180,2,116,45,24,10,11,28,10.222222222222223,11.038039088145766,2.9166666666666665,8.415722222222222,110,12,35,23,92,32,762,train
763,601,106,1,74,21,13,6,8,13,9.073584905660377,9.827888789773866,2.875,8.166718867924528,74,8,22,11,56,21,763,train
764,576,99,0,66,18,17,1,3,11,14.74848484848485,13.427899808715576,6.75,8.691978787878789,61,4,24,13,51,19,764,test
765,1190,193,8,115,57,28,7,12,24,14.17363270005757,13.205437297517054,5.888888888888889,9.11807190558434,109,9,51,28,137,46,765,train
766,790,133,4,93,29,15,10,11,23,10.13203007518797,10.577609850970193,3.1,8.807608571428572,93,10,30,17,91,34,766,train
767,1279,210,12,145,46,23,12,12,35,15.04761904761905,14.554592549557764,5.888888888888889,10.282738095238095,138,9,52,36,155,54,767,test
768,927,155,4,106,29,16,7,13,21,12.346041055718477,12.563389971838223,3.6363636363636362,9.32708651026393,99,11,40,30,101,43,768,train
769,755,129,3,77,32,23,2,7,19,15.281240310077521,13.662883650711645,6.2,9.689900930232557,76,5,31,17,71,32,769,train
770,914,152,5,102,39,25,7,9,15,14.212030075187972,13.25671669890799,5.428571428571429,9.803725939849624,98,7,38,22,105,42,770,train
771,470,82,0,59,22,14,3,2,11,8.999024390243902,8.841846274778883,3.8,8.686281463414634,55,5,19,5,47,18,771,train
772,832,151,19,107,26,18,7,11,20,10.199006622516556,9.516144504307135,3.5,8.964620529801325,95,8,28,10,102,32,772,test
773,696,124,4,86,30,21,4,8,11,8.004301075268819,9.725611199111238,2.0,6.950484946236559,81,12,23,15,71,17,773,test
774,986,172,4,111,34,25,7,11,19,13.018604651162793,12.161744961471694,4.0,7.824179069767442,102,8,32,20,99,31,774,test
775,683,129,6,78,32,17,4,6,17,14.971162790697674,13.023866798666859,4.4,8.588273023255814,73,5,22,15,69,23,775,test
776,1128,188,7,123,41,22,9,14,29,14.313002364066193,13.5591,5.111111111111111,9.459982505910165,118,9,46,30,121,49,776,train
777,772,128,0,94,31,19,3,10,20,12.939285714285715,12.540900571622839,4.428571428571429,9.477846428571429,95,7,31,19,83,34,777,test
778,1053,173,6,115,43,20,8,13,24,14.661560693641619,13.624085052395262,4.875,10.915573988439306,114,8,39,27,119,42,778,train
779,1375,233,7,146,59,40,9,16,33,11.97609772202047,11.95083700844419,3.8461538461538463,9.60810264113569,142,13,51,30,157,60,779,test
780,561,100,6,65,22,17,8,7,16,12.4,11.979248473330827,4.4,7.4707,59,5,22,12,49,17,780,train
781,484,84,1,68,15,10,4,5,15,13.63809523809524,14.191785591663535,5.5,9.001552380952381,67,4,22,15,45,20,781,train
782,258,48,2,40,10,6,4,7,5,21.700000000000003,15.903189008614273,11.0,9.306883333333333,41,1,11,5,23,8,782,train
783,1001,169,3,109,43,27,4,9,21,10.1691231845078,10.63711953065702,3.727272727272727,8.696406186121571,106,11,39,19,100,37,783,train
784,684,125,6,84,22,16,6,8,18,10.090000000000002,10.411451182825502,3.125,8.8327,80,8,25,13,76,28,784,train
785,922,153,4,107,39,22,3,10,30,14.75592903828198,14.138980108339055,5.0,9.983947619047619,105,7,35,26,105,39,785,test
786,1060,178,4,124,45,28,13,14,24,12.720224719101125,11.93303328291395,5.75,9.619032584269663,125,8,46,19,112,40,786,train
787,257,47,0,32,13,9,1,5,3,12.804255319148936,11.20814326018867,4.0,8.497631914893617,32,2,8,4,26,8,787,train
788,736,120,7,94,25,12,9,9,20,15.0,14.314028922438442,5.333333333333333,10.023416666666666,93,6,31,23,87,34,788,train
789,2014,339,13,202,79,41,20,19,49,13.168211001214644,12.926379034027164,5.294117647058823,9.097086777719937,186,17,89,50,230,76,789,train
790,404,75,0,58,12,10,5,3,13,8.133333333333333,8.238735603445708,2.0,7.749033333333333,57,5,8,4,36,11,790,train
791,836,145,5,86,34,23,2,9,15,9.403030303030304,11.20814326018867,2.909090909090909,8.562267424242425,88,11,32,22,101,26,791,train
792,1008,179,2,107,36,24,9,12,27,19.012737430167597,15.112257680678326,7.0,9.293520782122904,104,5,35,22,91,37,792,test
793,769,141,2,83,28,21,8,10,16,9.382591876208897,9.80015041476705,1.9090909090909092,6.9599413926499025,78,11,21,15,70,21,793,train
794,652,110,5,71,29,13,5,5,17,14.254545454545458,13.348371206891418,5.4,9.034063636363637,70,5,27,16,61,28,794,train
795,478,94,0,66,21,11,6,4,10,13.384397163120568,7.793537801064561,3.3333333333333335,7.710314184397163,65,3,9,2,38,13,795,train
796,962,164,8,121,40,23,11,12,28,14.737282229965155,14.138980108339055,5.857142857142857,9.805142508710802,115,7,41,26,109,45,796,train
797,573,105,1,84,26,17,7,8,15,9.666666666666668,10.864195022040775,2.5,7.6625000000000005,82,6,15,11,54,12,797,train
798,915,166,3,108,39,20,7,10,24,8.68696604600219,9.80015041476705,2.909090909090909,9.236153669222343,99,11,31,15,107,29,798,train
799,214,40,0,32,7,4,1,4,6,11.0,11.20814326018867,4.5,8.18125,35,2,8,4,17,6,799,train
800,698,125,4,90,22,15,6,8,20,12.173333333333332,11.855464076750408,4.166666666666667,8.585753333333333,92,6,25,14,73,23,800,train
801,694,122,4,90,30,17,8,9,19,12.723497267759562,12.457975602129121,4.166666666666667,8.527820218579235,90,6,25,16,69,24,801,train
802,854,144,4,89,35,24,2,9,17,12.950793650793651,12.031772070788634,4.857142857142857,8.93330119047619,83,7,34,17,87,32,802,train
803,395,65,1,51,15,9,3,4,10,14.5,13.81666964889586,4.25,9.058038461538462,51,4,17,14,43,17,803,train
804,841,144,3,88,33,20,8,9,20,12.117460317460319,11.765960540728905,4.714285714285714,8.713995634920636,85,7,33,16,83,28,804,test
805,1545,271,8,163,58,31,13,19,43,20.061360042171852,15.719379583869454,7.857142857142857,10.159717501317871,151,7,53,34,163,54,805,train
806,1060,168,15,121,43,23,12,12,28,12.53766233766234,12.24349002098031,4.363636363636363,9.845336796536797,112,11,48,28,132,53,806,train
807,808,138,3,95,30,21,6,9,18,11.640579710144928,11.855464076750408,3.4444444444444446,8.97384492753623,91,9,31,21,82,32,807,train
808,1046,175,6,104,47,28,4,11,32,14.406349206349205,13.901157680251561,5.333333333333333,9.473287301587302,100,9,48,31,112,43,808,train
809,1223,211,4,123,47,28,8,13,34,13.748056872037916,13.187427743715652,4.6,8.34993203791469,117,10,46,31,126,45,809,train
810,645,109,0,83,25,11,5,9,17,12.771253822629971,12.745084868956482,4.5,8.448851070336392,79,6,27,17,64,25,810,train
811,1101,184,4,127,41,23,8,14,30,12.942076502732242,13.383793397009324,5.111111111111111,9.131809289617486,120,9,45,29,115,45,811,train
812,1111,188,13,109,40,28,7,11,32,16.913069908814588,15.719379583869454,6.571428571428571,9.672018541033435,104,7,46,34,124,45,812,train
813,770,132,3,89,32,13,10,11,7,10.412121212121214,10.504223727775692,2.7777777777777777,9.388057575757575,93,9,24,15,95,27,813,train
814,691,115,7,81,30,15,7,4,16,8.93719806763285,10.25414643259724,2.4444444444444446,8.252103864734298,82,9,22,14,74,24,814,train
815,1035,169,6,108,41,24,5,10,24,14.817065868263473,13.624085052395262,5.625,9.777648502994012,104,8,45,27,115,46,815,train
816,957,167,4,109,37,21,11,16,19,10.623625476320086,12.24349002098031,3.0,8.644308600979858,109,11,33,28,113,31,816,train
817,1263,210,2,142,56,34,8,15,31,11.154761904761905,11.080906280650957,2.75,9.40045238095238,136,16,44,31,149,51,817,test
818,465,85,2,57,23,12,2,2,11,12.264705882352942,11.20814326018867,3.75,8.220029411764706,57,4,15,8,40,16,818,train
819,2066,355,5,172,80,39,18,28,65,14.19906103286385,13.023866798666859,5.6,9.169296244131456,157,15,80,44,212,84,819,train
820,743,140,3,85,27,26,7,5,21,8.714285714285714,8.841846274778883,2.5,6.872999999999999,84,8,17,8,72,14,820,train
821,1238,215,3,127,50,27,16,19,27,12.003875968992249,12.457975602129121,3.8333333333333335,8.637910852713178,121,12,46,32,130,52,821,train
822,1042,172,8,125,37,20,6,10,28,14.479734219269103,13.25671669890799,5.857142857142857,9.261754485049835,114,7,41,22,118,40,822,train
823,925,150,3,91,47,27,2,6,19,14.171428571428573,13.25671669890799,5.857142857142857,10.067957142857143,86,7,41,21,102,43,823,train
824,763,134,2,97,36,14,4,8,21,12.433262260127933,12.28987398476788,3.857142857142857,9.181582729211087,92,7,27,18,90,25,824,train
825,687,125,0,92,37,18,4,9,21,10.342857142857143,10.914260884657427,2.857142857142857,8.817094285714285,88,7,20,13,71,27,825,test
826,723,124,2,83,24,13,5,6,12,10.123252032520327,10.793553405168563,2.4,7.584303577235772,81,10,24,18,68,24,826,train
827,884,146,10,105,45,20,3,11,22,9.423814541622761,10.21488967967688,2.769230769230769,8.952176290832455,101,13,36,19,111,32,827,train
828,493,80,1,51,21,10,4,5,9,14.4,13.348371206891418,4.2,9.364474999999999,50,5,21,16,52,21,828,train
829,783,134,2,90,38,19,4,7,17,11.324644945697578,11.20814326018867,3.7777777777777777,8.999628153717627,84,9,34,18,83,33,829,train
830,1149,203,5,136,46,26,8,15,29,9.989996210685867,11.362043627235082,2.6923076923076925,8.455752140962485,126,13,35,27,129,36,830,train
831,1190,197,7,134,51,25,8,15,28,14.643880428652004,13.901157680251561,5.222222222222222,9.61147822899041,129,9,47,31,151,45,831,train
832,699,120,5,86,31,12,11,9,20,15.0,14.06817628641468,5.166666666666667,9.76025,87,6,29,22,74,33,832,train
833,981,167,3,111,45,27,5,7,23,16.64231536926148,14.790194502661404,6.666666666666667,9.650027345309383,103,6,40,25,100,42,833,train
834,987,174,0,110,31,20,14,11,29,10.005433646812959,10.436869588844216,3.272727272727273,8.595449634273773,106,11,35,18,89,32,834,train
835,1427,236,11,157,57,27,12,18,34,14.47163120567376,13.6886701853816,4.833333333333333,10.050343971631206,150,12,58,41,176,60,835,train
836,641,111,4,83,21,13,5,10,14,10.33873873873874,10.74609503303851,2.4444444444444446,8.800305405405407,82,9,22,16,72,25,836,train
837,184,38,1,27,6,7,1,4,5,19.410526315789475,14.554592549557764,5.0,8.014457894736843,27,1,5,4,19,4,837,train
838,538,93,2,59,21,16,6,3,14,12.171182795698925,11.602472056035307,3.8,7.445404086021505,57,5,18,11,52,15,838,test
839,440,77,1,54,18,8,3,3,14,12.894805194805196,12.602617957971052,4.75,9.92298831168831,54,4,19,11,40,20,839,train
840,798,130,7,96,27,18,5,14,14,12.961538461538462,13.227904075235838,3.75,10.272653846153846,101,8,30,25,89,36,840,train
841,987,166,2,106,36,23,6,15,14,10.408897126969416,10.891193690592665,2.923076923076923,9.691721316033364,100,13,38,24,107,46,841,test
842,945,160,11,107,39,25,8,15,24,12.5,12.38480682065935,5.25,9.2668125,97,8,41,21,103,39,842,train
843,980,164,8,113,34,21,8,12,25,13.565853658536586,13.023866798666859,5.25,9.371043902439025,113,8,40,24,113,42,843,train
844,1036,175,7,111,40,24,8,10,23,22.757142857142856,17.693802365651003,10.25,10.2277,109,4,40,26,102,39,844,train
845,662,115,2,74,25,15,1,3,16,10.745341614906833,10.914260884657427,3.5714285714285716,8.707791925465838,69,7,23,13,72,22,845,train
846,1213,204,3,123,38,18,17,14,24,13.496613190730839,13.463846863241148,4.909090909090909,9.045668270944741,113,11,52,36,138,47,846,train
847,1135,192,5,110,45,24,9,13,30,14.575000000000001,13.901157680251561,5.222222222222222,9.54676875,109,9,47,32,128,50,847,train
848,1056,199,6,127,38,23,10,10,24,11.859519821328867,10.980518767755715,2.6666666666666665,7.510346789503071,122,9,23,17,100,30,848,test
849,1039,178,8,121,38,19,13,21,25,13.529088639201,13.023866798666859,4.777777777777778,9.141578901373283,115,9,43,27,107,43,849,train
850,806,141,3,90,38,23,4,11,17,13.37163120567376,12.161744961471694,4.5,9.617490070921987,83,6,27,15,82,35,850,test
851,925,163,0,99,41,27,5,9,19,9.114314928425358,9.928628108626363,3.1666666666666665,8.47569345603272,93,12,38,17,90,35,851,train
852,903,153,8,107,31,18,7,10,26,13.710177404295052,13.484332010920856,5.428571428571429,10.087150233426705,106,7,38,23,101,40,852,test
853,674,118,1,84,21,10,8,10,14,9.990207156308852,10.504223727775692,2.7777777777777777,8.568845009416195,82,9,25,15,60,26,853,test
854,1260,220,5,125,57,30,5,11,36,12.0,11.389717465364857,4.363636363636363,8.719545454545454,116,11,47,23,131,43,854,train
855,725,123,4,87,25,14,6,10,17,12.328861788617886,12.38480682065935,3.375,8.763815447154471,85,8,27,21,71,29,855,train
856,780,135,4,92,32,22,1,6,19,11.862433862433862,11.765960540728905,4.571428571428571,9.037664021164021,89,7,32,16,78,32,856,test
857,1039,167,5,103,42,19,5,10,29,16.733233532934133,15.742502247213078,5.625,9.683097604790419,92,8,45,39,110,48,857,train
858,1506,254,5,155,64,38,10,16,41,11.704330708661416,11.698219412168324,4.0,8.899805511811024,146,16,64,36,149,59,858,train
859,809,130,4,103,35,18,2,5,19,14.512820512820515,13.295006501635747,5.666666666666667,10.419858974358974,101,6,35,20,85,35,859,train
860,706,130,2,81,26,18,7,10,14,8.557500000000001,9.120678840339163,1.9,7.602083125,73,10,19,11,78,23,860,train
861,268,48,0,38,11,6,1,3,4,6.34,8.238735603445708,1.4,7.073285,37,5,6,4,23,7,861,train
862,1345,218,7,130,55,37,8,24,25,13.872171253822632,13.295006501635747,5.083333333333333,9.318025382262997,124,12,62,38,140,57,862,train
863,939,169,4,113,34,21,3,6,29,15.527021696252469,13.81666964889586,5.666666666666667,9.424868441814596,105,6,34,21,98,35,863,train
864,756,132,3,83,28,17,10,13,14,11.037575757575759,11.003577315987393,2.7,8.71720484848485,81,10,25,19,78,29,864,train
865,303,53,0,43,14,10,0,2,9,10.840251572327047,10.504223727775692,4.333333333333333,8.981634591194968,44,3,13,5,28,12,865,train
866,863,141,3,99,33,26,4,7,21,16.95375886524823,14.836745963215662,7.4,9.738624255319149,99,5,36,21,97,36,866,test
867,833,144,7,83,34,23,7,5,22,13.766666666666666,12.745084868956482,5.5,8.445441666666667,78,6,34,17,89,28,867,train
868,956,171,6,117,32,19,7,9,27,14.215873015873015,12.540900571622839,5.285714285714286,9.09575948203843,113,7,36,19,91,35,868,train
869,476,77,1,57,23,12,0,3,10,12.393766233766236,11.979248473330827,4.2,9.116833506493506,57,5,21,11,46,18,869,train
870,607,101,6,80,28,13,3,11,12,12.277887788778878,11.855464076750408,4.5,9.630542244224422,76,6,27,14,69,28,870,test
871,880,162,1,91,37,26,4,9,23,11.803703703703704,11.45678717892309,4.125,8.247258024691359,86,8,33,17,83,34,871,train
872,1271,208,10,146,47,27,17,17,36,15.398290598290599,14.554592549557764,6.333333333333333,9.869013034188034,139,9,56,35,147,58,872,train
873,1046,177,3,112,43,20,4,11,27,12.955706214689267,12.68835289967788,4.2,9.242499096045197,106,10,41,28,117,47,873,train
874,1053,188,7,108,36,27,7,8,29,11.729980657640233,12.079253325248377,3.4545454545454546,8.263730367504836,101,11,36,27,106,39,874,train
875,1103,177,4,114,34,25,7,15,17,15.629661016949155,15.078166124597352,6.75,9.729606214689266,109,8,54,35,105,46,875,test
876,995,178,1,114,37,23,7,13,22,10.832459425717854,10.25414643259724,3.6666666666666665,8.609331710362047,109,9,32,14,100,39,876,test
877,1642,271,12,169,62,39,8,15,47,15.6110030191211,14.291902434058311,6.2727272727272725,9.927578027507549,159,11,69,42,175,68,877,train
878,1153,204,8,112,47,30,14,11,27,13.968627450980392,12.650343791298138,4.777777777777778,9.404884313725491,104,9,43,25,131,51,878,train
879,322,57,0,41,12,10,3,1,7,9.910526315789475,10.125756701596842,3.75,9.052598245614035,40,4,15,6,31,10,879,train
880,513,88,2,64,18,12,5,5,14,10.412121212121214,10.864195022040775,3.5,8.849762121212121,62,6,21,11,57,20,880,test
881,783,134,3,81,40,21,4,8,23,13.328784648187634,13.023866798666859,4.714285714285714,9.417254371002134,81,7,33,20,81,32,881,train
882,1019,182,2,106,36,26,10,15,28,11.561172161172161,12.009924989830619,3.5,8.206129304029304,97,12,42,29,88,38,882,train
883,980,176,4,109,52,31,3,11,30,10.67636363636364,10.793553405168563,3.2,8.367244090909091,104,10,32,18,99,31,883,train
884,1230,207,14,142,46,26,10,12,37,16.659489302967565,14.554592549557764,7.142857142857143,9.832614837819186,137,7,49,27,144,50,884,train
885,985,170,5,118,41,29,11,15,19,13.949579831932773,12.28987398476788,5.285714285714286,9.578071428571429,112,7,37,18,94,43,885,train
886,351,63,0,48,17,11,2,8,10,10.109523809523811,10.686352973137792,3.25,8.17722380952381,50,4,13,7,38,15,886,train
887,561,96,2,70,19,13,2,6,15,10.485714285714288,11.20814326018867,3.4285714285714284,8.428707738095238,69,7,25,14,51,21,887,train
888,525,93,0,62,24,15,4,4,13,7.660752688172043,8.472884824447931,2.25,7.948368817204301,59,8,18,7,57,15,888,train
889,947,151,6,102,35,18,9,7,20,12.274025018395882,12.457975602129121,5.333333333333333,9.278876453274467,96,9,48,24,94,43,889,train
890,1345,230,11,144,57,28,9,15,36,11.788819875776397,11.629938488055164,3.7142857142857144,8.845096273291926,134,14,52,31,145,52,890,train
891,950,158,4,98,36,22,7,13,22,11.630318471337581,11.979248473330827,3.2,9.544455668789809,96,10,32,24,109,43,891,train
892,1239,207,12,134,45,27,8,16,33,15.760628019323674,14.191785591663535,6.5,9.801832367149759,128,8,52,30,132,53,892,train
893,485,90,1,65,27,10,2,7,18,13.444444444444446,12.602617957971052,4.25,10.191277777777778,66,4,17,11,50,17,893,train
894,948,162,6,113,37,18,5,17,30,13.038271604938272,12.815532586354998,4.375,8.832072839506173,109,8,35,23,108,33,894,test
895,1468,252,9,150,60,42,13,14,34,12.357020757020758,11.95083700844419,4.076923076923077,9.046746764346764,141,13,51,30,170,53,895,train
896,863,144,7,99,32,19,8,11,20,14.895238095238097,14.138980108339055,5.714285714285714,9.810523412698412,98,7,41,26,95,40,896,train
897,1173,199,4,113,60,31,5,10,32,13.38713567839196,13.023866798666859,4.8,9.701730954773868,104,10,47,30,130,45,897,test
898,944,161,4,109,45,23,8,10,26,11.56883116883117,11.741389052700956,3.6363636363636362,9.168115810276682,98,11,40,25,108,42,898,train
899,1888,321,17,189,70,41,13,23,44,15.310591900311529,13.6886701853816,6.0,9.83311308411215,168,12,72,41,222,79,899,test
900,1071,182,7,108,42,30,8,9,16,9.156043956043957,10.125756701596842,3.0714285714285716,8.27217912087912,107,14,41,21,116,38,900,train
901,428,78,0,55,18,13,2,2,9,8.78974358974359,9.2995712137729,2.3333333333333335,7.115402564102564,52,6,14,7,37,13,901,train
902,752,135,6,86,35,22,4,4,24,15.837037037037039,13.968273953766033,5.8,9.30332962962963,83,5,29,18,78,31,902,test
903,1421,236,7,138,57,32,13,17,28,12.685267275097784,12.766815935922704,5.0,9.019685006518905,127,13,65,37,148,59,903,train
904,1077,192,4,125,48,27,14,15,25,12.888333333333334,12.857556352371635,4.3,8.947517916666667,119,10,43,29,119,46,904,train
905,993,173,0,98,41,28,5,9,29,11.619524727039177,10.980518767755715,4.0,7.966974245343609,91,9,36,17,95,30,905,train
906,1150,200,5,140,44,23,9,19,29,10.466666666666669,11.038039088145766,3.6666666666666665,8.963316666666667,136,12,44,23,124,42,906,train
907,895,155,5,98,33,28,11,5,24,12.653225806451614,12.161744961471694,4.625,8.570467741935484,95,8,37,20,95,33,907,train
908,1078,164,8,113,52,19,6,10,23,13.078048780487805,12.38480682065935,6.625,11.296653658536584,111,8,53,21,127,52,908,train
909,1128,190,10,123,45,27,11,12,19,14.43609022556391,13.484332010920856,6.142857142857143,10.052206766917294,117,7,43,23,124,49,909,test
910,1519,255,11,155,60,34,10,19,40,15.860962566844922,14.683698258229963,5.636363636363637,9.987729946524063,141,11,62,45,168,70,910,train
911,1054,182,4,103,37,24,7,16,29,11.453346653346655,11.389717465364857,3.909090909090909,9.055341358641359,93,11,43,23,104,44,911,test
912,877,153,0,90,40,20,4,11,19,17.991633986928104,15.381575749822971,7.4,9.798377647058825,90,5,37,23,78,34,912,train
913,1018,175,7,131,38,22,13,9,32,11.32747252747253,11.20814326018867,3.230769230769231,8.81562087912088,125,13,42,26,112,42,913,train
914,1022,170,5,113,43,27,13,15,24,11.976470588235294,12.340626583579944,4.5,9.49534705882353,108,10,45,26,110,43,914,train
915,1336,227,7,130,48,24,18,13,30,17.517400881057267,15.247664890283005,7.25,9.913062995594714,117,8,58,36,153,61,915,train
916,1003,169,4,116,41,22,8,8,24,11.115868746637979,11.022393298168332,3.8181818181818183,8.696406186121571,109,11,39,21,101,38,916,train
917,1037,184,4,117,42,24,7,14,35,12.142608695652175,12.161744961471694,4.6,9.011531304347827,108,10,45,25,109,45,917,train
918,760,131,3,90,34,17,5,3,19,13.59258451472192,13.484332010920856,4.571428571428571,9.98877437295529,87,7,31,23,79,34,918,train
919,1040,177,9,122,38,23,10,13,27,12.838418079096044,13.205437297517054,5.0,9.518463841807911,118,9,43,28,117,41,919,train
920,574,103,4,73,25,18,3,8,17,12.123495145631068,11.602472056035307,4.0,9.257289126213593,73,5,20,11,58,25,920,train
921,746,136,1,95,28,20,7,7,24,13.52705882352941,11.602472056035307,4.6,9.165325882352942,91,5,23,11,74,23,921,test
922,393,68,0,47,13,11,1,2,7,8.591596638655464,9.606745405546679,2.4285714285714284,8.994652100840337,44,7,17,9,34,18,922,train
923,419,70,1,52,21,12,1,2,10,14.428571428571429,13.81666964889586,4.75,10.594928571428571,52,4,19,14,42,21,923,test
924,815,131,4,99,42,12,6,11,13,10.085470085470087,10.504223727775692,3.6666666666666665,11.1547905982906,93,9,34,15,93,45,924,train
925,454,77,0,56,23,8,3,4,14,13.414285714285715,12.602617957971052,4.75,9.92298831168831,56,4,19,11,48,20,925,test
926,1232,200,10,128,54,30,14,10,25,13.26666666666667,12.885471636013051,4.333333333333333,9.358066666666668,120,12,50,33,134,54,926,train
927,568,98,0,70,23,16,5,5,12,9.681632653061225,10.608840637214634,3.0,8.842328571428572,69,7,21,12,59,21,927,test
928,1001,169,7,107,43,26,12,7,28,16.521048182586647,14.955608360458719,6.0,9.785879205409977,102,7,42,30,102,49,928,train
929,901,151,4,106,34,18,7,13,25,14.72128666035951,14.554592549557764,5.285714285714286,9.412071996215705,106,7,37,28,93,37,929,train
930,577,103,0,68,29,16,6,4,18,11.915210355987057,11.855464076750408,3.0,8.780393851132686,69,6,18,13,57,23,930,train
931,1177,201,6,129,40,23,9,24,29,14.0,13.662883650711645,4.8,9.44445,124,10,48,34,128,52,931,train
932,859,151,5,98,41,28,6,7,21,13.377814569536424,12.602617957971052,4.125,8.860050993377483,89,8,33,22,94,33,932,train
933,890,143,2,96,40,19,6,16,19,13.024125874125875,12.815532586354998,5.0,9.381561538461538,92,8,40,22,90,40,933,test
934,770,131,3,87,29,18,9,11,22,12.981897491821156,12.28987398476788,4.428571428571429,9.98877437295529,85,7,30,17,89,36,934,train
935,478,80,1,56,21,11,3,0,8,13.0,12.602617957971052,4.75,8.576,55,4,19,10,48,14,935,train
936,737,124,10,93,33,17,7,7,24,14.113548387096774,13.348371206891418,4.8,9.705450967741935,90,5,23,16,91,30,936,train
937,526,97,1,58,23,18,3,5,16,11.883711340206185,11.20814326018867,4.4,7.691626597938145,56,5,21,10,56,17,937,train
938,642,106,2,74,26,13,7,10,12,9.239412997903564,9.725611199111238,2.6666666666666665,8.987470230607967,67,9,24,12,71,23,938,train
939,1348,230,11,134,57,33,7,18,33,15.847826086956523,14.37465228746014,6.75,9.456239130434783,124,8,54,31,135,54,939,train
940,1256,217,6,125,42,28,13,19,33,10.623963133640553,11.062562989136584,3.2857142857142856,8.625668663594471,120,14,45,27,139,46,940,train
941,516,92,1,69,13,6,2,6,15,11.273043478260869,11.602472056035307,3.4,8.839900869565216,69,5,17,11,50,21,941,train
942,1118,191,9,112,40,26,11,13,32,12.87560209424084,12.857556352371635,4.9,8.634697696335078,106,10,49,29,109,38,942,train
943,1237,219,7,137,42,32,16,17,32,14.422100456621004,13.81666964889586,4.8,8.904566484018265,132,10,48,35,116,49,943,train
944,1014,173,4,113,43,22,8,7,25,12.58063583815029,11.93303328291395,6.0,8.90759710982659,107,8,48,19,90,42,944,train
945,829,140,5,98,32,19,8,12,17,10.964268585131896,11.038039088145766,2.8333333333333335,8.982112470023981,95,12,31,24,101,35,945,train
946,342,61,0,49,19,9,2,2,8,8.158688524590165,8.841846274778883,1.8,8.64211180327869,48,5,9,5,36,8,946,train
947,456,77,0,52,16,11,2,2,14,14.972727272727276,14.191785591663535,5.0,9.307793506493507,49,4,20,15,45,20,947,train
948,809,129,11,99,37,14,7,14,21,16.66201550387597,15.247664890283005,6.666666666666667,10.700651937984496,93,6,40,27,95,43,948,train
949,796,135,2,97,28,18,9,9,13,10.444444444444445,10.74609503303851,3.3333333333333335,8.942055555555555,93,9,30,16,85,33,949,train
950,964,172,14,108,30,19,11,6,25,15.420155038759692,13.023866798666859,5.5,9.373075968992248,100,6,33,18,118,36,950,train
951,1004,163,6,106,39,25,4,11,18,11.397530864197533,11.20814326018867,5.0,9.110349382716048,109,9,43,17,119,38,951,train
952,1348,229,6,131,68,40,7,13,33,12.873508005822416,12.457975602129121,4.75,9.409670887918487,118,12,57,32,138,61,952,train
953,1212,204,7,128,45,23,12,10,32,11.927985739750447,12.079253325248377,4.909090909090909,9.277874153297683,119,11,54,27,127,51,953,train
954,1015,175,4,107,42,24,6,14,26,12.714285714285715,12.161744961471694,3.7,9.647528571428571,103,10,36,26,109,43,954,train
955,639,108,1,79,23,9,7,8,14,16.725925925925928,14.90622815163357,6.5,9.508014814814814,79,4,26,17,62,27,955,train
956,783,132,1,86,28,17,7,6,17,12.997402597402598,12.540900571622839,5.142857142857143,8.638935497835497,83,7,36,19,72,30,956,test
957,693,124,2,84,27,14,7,5,15,9.748387096774195,10.125756701596842,2.875,8.3528,79,8,23,12,71,20,957,train
958,1046,187,3,122,41,33,11,11,27,12.161378490790256,12.650343791298138,4.0,8.635687403446227,113,9,37,25,110,39,958,train
959,777,136,2,93,28,16,8,5,23,11.8,11.698219412168324,3.5,8.65940588235294,90,8,28,18,84,26,959,train
960,586,104,1,71,27,13,9,8,14,10.627692307692309,9.888512548439397,3.8,7.249237692307692,69,5,19,7,52,15,960,train
961,1156,197,15,123,42,31,12,15,26,12.956142131979696,13.187427743715652,4.6,9.342604771573605,116,10,46,31,125,49,961,test
962,897,149,5,106,37,19,9,12,21,10.490655653071762,11.20814326018867,2.6923076923076925,9.503650025813114,101,13,35,26,102,40,962,train
963,493,84,2,62,23,14,1,4,18,13.63809523809524,13.023866798666859,4.75,10.317385714285715,62,4,19,11,57,21,963,train
964,1220,203,9,124,52,30,9,12,27,13.612139303482587,13.023866798666859,5.2,8.954106766169154,115,10,50,31,130,44,964,train
965,828,136,4,84,33,23,6,4,22,14.360784313725492,13.5591,6.833333333333333,9.52098725490196,83,6,41,20,84,34,965,train
966,761,123,9,85,34,18,5,7,24,13.728455284552846,13.023866798666859,6.166666666666667,9.916633333333333,83,6,36,18,91,36,966,train
967,196,36,0,29,8,6,2,3,3,16.622222222222224,13.023866798666859,8.0,9.3696,30,1,8,3,16,7,967,train
968,920,172,3,89,36,24,8,9,26,13.316943521594688,12.031772070788634,3.857142857142857,7.976521926910299,88,7,27,16,80,24,968,train
969,1103,199,12,133,40,25,9,11,27,13.166080402010051,12.161744961471694,4.125,9.07567688442211,123,8,33,20,109,37,969,test
970,1076,194,6,111,49,33,12,10,31,10.85278350515464,10.577609850970193,4.2,8.179977113402062,102,10,42,17,111,37,970,train
971,850,147,4,89,45,27,5,4,23,15.297414965986395,12.68835289967788,6.6,9.283923673469388,87,5,33,14,92,30,971,train
972,375,68,1,54,14,11,3,5,9,18.894117647058824,15.903189008614273,7.0,9.502605882352942,54,2,14,10,37,16,972,train
973,833,141,5,106,39,16,6,14,19,10.295908346972178,10.727762888450027,2.076923076923077,8.765887670485544,100,13,27,23,102,33,973,test
974,689,119,5,93,28,18,6,8,18,10.319747899159665,11.20814326018867,3.5,8.885728571428572,89,8,27,16,79,29,974,train
975,781,138,5,94,32,20,7,9,21,11.94368530020704,11.765960540728905,4.142857142857143,8.504618426501036,90,7,29,16,74,27,975,test
976,684,113,2,89,28,16,7,13,14,11.313716814159292,11.20814326018867,3.5,9.507276991150441,85,8,28,16,81,31,976,train
977,734,130,0,90,26,18,5,5,14,8.038461538461538,8.472884824447931,3.375,8.693653846153847,86,8,25,7,73,24,977,train
978,480,85,0,64,21,9,2,5,13,10.372549019607844,10.864195022040775,3.0,8.983284313725491,63,6,19,11,47,22,978,train
979,734,122,4,90,30,16,8,9,20,12.329508196721314,12.815532586354998,4.0,9.311096721311475,87,8,32,23,85,34,979,train
980,887,151,2,84,45,21,5,13,16,14.191485335856198,13.25671669890799,5.285714285714286,9.098363386944182,79,7,37,22,92,39,980,test
981,1102,187,13,129,45,24,14,13,25,12.589185977421273,11.645159339076184,4.333333333333333,9.395633927510397,121,9,36,19,117,48,981,train
982,1116,191,6,111,52,35,6,12,26,13.50387434554974,13.187427743715652,4.6,9.213388795811518,108,10,46,31,119,45,982,train
983,502,89,2,66,12,10,8,6,11,10.266067415730339,11.20814326018867,3.6,8.422526067415731,65,5,18,10,42,18,983,train
984,1284,223,2,140,61,34,6,16,36,11.525215591583304,11.51311941424646,3.923076923076923,9.231411486719558,134,13,51,27,135,50,984,test
985,946,170,0,101,33,21,12,14,24,13.676470588235293,13.427899808715576,4.375,8.312911764705882,99,8,35,25,85,31,985,train
986,1057,188,9,130,41,25,13,13,23,10.521985815602838,10.686352973137792,2.5,8.61303475177305,125,12,30,21,115,36,986,train
987,210,38,1,22,14,11,2,0,5,18.357894736842105,13.023866798666859,8.0,9.261036842105263,23,1,8,3,21,7,987,train
988,1227,232,6,139,42,27,7,16,45,13.069731800766284,10.980518767755715,4.222222222222222,8.386155363984674,135,9,37,17,116,44,988,train
989,770,133,3,94,26,13,7,11,24,17.209774436090225,14.191785591663535,8.0,9.440963157894737,91,4,32,15,72,28,989,train
990,826,145,1,93,30,15,6,5,18,13.318965517241379,13.227904075235838,3.875,9.000258620689655,85,8,31,25,83,35,990,test
991,783,128,4,96,32,16,12,13,10,9.314285714285715,10.608840637214634,2.357142857142857,9.220915873015873,91,14,32,24,101,36,991,train
992,1139,199,9,137,43,29,10,12,25,9.596464646464646,9.978442167317969,2.5,9.11489595959596,126,16,39,23,129,46,992,train
993,531,89,0,68,24,13,3,4,7,8.49090909090909,9.188382445141503,2.25,7.950168181818182,68,8,17,9,63,14,993,train
994,765,131,4,85,35,19,3,5,19,11.435496183206107,11.20814326018867,3.75,9.14953969465649,80,8,30,16,84,31,994,train
995,853,148,4,107,35,22,8,10,19,10.372972972972974,10.125756701596842,4.125,8.60828918918919,103,8,32,12,94,31,995,test
996,978,158,6,111,46,21,8,6,25,14.091862567811937,13.25671669890799,6.714285714285714,10.352498553345388,106,7,47,22,113,45,996,train
997,875,150,6,99,41,25,6,5,24,12.033333333333335,11.93303328291395,5.125,9.3035,98,8,41,18,95,38,997,train
998,601,105,5,72,19,16,7,4,13,11.571428571428573,11.538034831475386,3.3333333333333335,8.113642857142857,70,6,19,13,60,19,998,train
999,1045,174,2,115,49,24,8,11,26,13.480459770114942,13.023866798666859,5.0,9.858766666666668,112,9,45,27,114,47,999,test
1000,1300,221,5,136,54,33,14,13,30,10.296186166774403,11.35114627814755,3.357142857142857,8.134765546218489,132,14,48,29,140,40,1000,train
1001,536,103,1,67,16,16,6,11,14,9.585113268608415,10.125756701596842,2.5,7.5539860841423945,65,6,15,9,51,15,1001,train
1002,841,145,7,103,25,21,8,8,21,13.802955665024633,13.25671669890799,5.0,9.99985960591133,100,7,34,21,93,38,1002,train
1003,1121,189,4,123,49,27,11,10,22,9.201215805471126,10.290406445055957,2.642857142857143,8.502025227963525,120,14,36,21,126,44,1003,train
1004,796,134,3,96,34,20,7,9,18,9.837611940298508,10.355215969177355,3.4,9.72158776119403,91,10,33,16,89,41,1004,train
1005,1223,200,4,128,47,27,5,15,31,13.664646464646466,13.172668634160413,4.909090909090909,9.633138383838386,118,11,54,34,131,56,1005,train
1006,727,125,6,88,27,13,7,14,16,10.355555555555556,10.74609503303851,2.888888888888889,8.620268888888889,84,9,24,16,78,28,1006,train
1007,471,88,1,54,15,11,4,6,14,9.312727272727273,9.3871,3.0,7.200937272727273,54,5,14,6,39,11,1007,train
1008,761,131,6,94,28,17,8,10,15,9.791687871077185,10.980518767755715,3.2222222222222223,8.69769219677693,91,9,29,17,76,27,1008,train
1009,852,141,3,105,30,19,5,14,21,13.583262411347517,13.023866798666859,3.9,9.71117914893617,101,10,39,30,95,42,1009,train
1010,684,119,7,83,27,16,3,10,22,13.647619047619049,12.745084868956482,4.833333333333333,9.264350980392157,78,6,29,17,72,33,1010,train
1011,431,71,4,59,16,11,3,6,12,11.043661971830986,12.161744961471694,5.0,9.409576056338029,57,4,20,10,44,16,1011,train
1012,1359,256,8,147,60,36,16,16,45,12.649644268774704,11.20814326018867,3.9,8.698455098814229,140,10,39,21,141,41,1012,train
1013,990,170,2,101,36,24,10,9,28,14.143790849673202,13.383793397009324,4.333333333333333,9.403271241830065,97,9,38,29,102,42,1013,train
1014,967,174,8,110,37,32,16,12,22,10.721839080459771,11.20814326018867,2.888888888888889,7.862329885057472,101,9,26,17,100,26,1014,test
1015,172,31,0,21,7,7,0,0,5,8.004301075268819,8.841846274778883,2.0,8.73322688172043,20,3,6,3,18,8,1015,train
1016,1068,181,4,113,43,19,7,9,25,15.867719021310183,14.348710955821954,6.142857142857143,9.97879329123915,109,7,43,27,114,47,1016,train
1017,1405,242,2,128,57,40,7,16,38,12.203541912632822,11.765960540728905,3.7142857142857144,8.669739197166471,121,14,52,31,148,48,1017,train
1018,222,37,0,33,13,5,1,5,8,10.33873873873874,10.504223727775692,4.0,10.222827927927929,34,3,11,5,26,13,1018,train
1019,926,155,3,105,38,20,9,10,23,13.943548387096776,13.624085052395262,5.25,9.691048387096775,99,8,42,27,102,41,1019,train
1020,1288,213,7,150,45,30,9,23,33,13.109389671361505,12.745084868956482,3.8333333333333335,9.854364788732394,145,12,46,34,147,56,1020,train
1021,699,122,5,78,23,15,7,5,15,15.346448087431694,14.554592549557764,5.0,8.786672677595629,75,6,30,23,66,29,1021,train
1022,1131,201,1,130,45,27,10,13,37,15.224129353233833,14.005844860021309,5.0,8.96767512437811,124,8,40,29,118,43,1022,train
1023,1042,174,3,94,47,25,2,6,24,12.33103448275862,11.855464076750408,4.555555555555555,9.768019540229886,88,9,41,20,122,45,1023,train
1024,894,157,2,103,36,21,6,11,24,9.592101910828026,10.355215969177355,3.1,8.840442929936305,99,10,30,17,86,32,1024,train
1025,1055,179,4,106,36,25,9,9,27,11.97790192427064,11.20814326018867,3.888888888888889,9.298240285536934,100,9,35,18,107,36,1025,test
1026,813,141,9,106,36,14,9,11,21,12.596149949341438,12.540900571622839,4.142857142857143,8.779060891590678,107,7,29,19,90,28,1026,train
1027,173,33,0,28,3,2,1,2,6,15.624242424242425,11.20814326018867,6.0,9.579663636363637,28,1,6,2,16,6,1027,test
1028,960,157,9,102,36,23,4,8,21,16.07176220806794,14.06817628641468,6.333333333333333,9.761882590233546,92,6,37,22,107,40,1028,train
1029,1137,197,4,122,46,33,17,15,25,11.833687125057686,11.567385478589937,3.909090909090909,8.772861975080758,114,11,43,24,111,46,1029,train
1030,739,130,9,93,27,21,13,11,21,12.351648351648354,12.28987398476788,3.7142857142857144,8.930258241758242,90,7,26,18,78,25,1030,train
1031,1043,179,4,121,32,21,13,14,27,13.989075108628183,13.901157680251561,5.0,8.768966542520175,113,9,45,32,104,42,1031,train
1032,212,40,0,31,12,8,0,2,5,18.0,11.20814326018867,9.0,9.96275,31,1,9,2,21,9,1032,train
1033,832,146,6,91,33,28,7,7,16,13.842922374429225,12.745084868956482,5.666666666666667,9.38576210045662,86,6,33,16,84,31,1033,train
1034,996,168,3,108,48,26,5,14,20,11.514285714285714,11.429527900616531,4.666666666666667,9.355759523809525,100,9,42,19,110,38,1034,train
1035,545,95,3,72,24,12,5,7,11,10.902255639097746,11.20814326018867,2.4285714285714284,9.29595864661654,72,7,17,14,63,25,1035,train
1036,736,132,7,96,30,14,5,5,19,11.17922077922078,11.20814326018867,3.2857142857142856,9.835147619047621,94,7,23,14,76,30,1036,test
1037,936,160,2,98,41,28,6,11,24,10.861111111111112,11.20814326018867,4.222222222222222,8.959215277777778,93,9,38,18,109,38,1037,train
1038,1043,178,8,114,35,20,15,12,26,14.068539325842696,13.81666964889586,5.25,8.643246067415731,113,8,42,28,111,40,1038,train
1039,859,151,1,108,38,18,7,6,23,11.788410596026491,11.45678717892309,4.0,8.964620529801325,106,8,32,17,91,35,1039,train
1040,711,118,4,87,23,19,5,10,14,10.471670702179177,11.20814326018867,4.0,8.620834624697336,86,7,29,14,61,26,1040,train
1041,1072,164,11,108,35,28,5,13,23,16.24878048780488,14.731742533061166,6.375,10.430129268292683,106,8,52,34,134,54,1041,train
1042,1183,193,5,121,45,35,4,14,25,11.534316460741332,11.661520659325951,4.076923076923077,10.017998764447988,114,13,54,29,129,55,1042,test
1043,788,133,2,100,28,17,7,12,21,9.820885547201337,10.74609503303851,3.4444444444444446,9.355793567251462,94,9,31,16,82,33,1043,train
1044,778,138,2,90,30,14,5,14,21,8.63913043478261,8.472884824447931,3.375,8.611230434782609,84,8,25,7,72,26,1044,train
1045,972,170,1,114,29,22,9,9,22,12.53781512605042,11.491704259439757,5.0,8.649247899159665,113,7,32,15,87,30,1045,test
1046,485,85,0,56,11,12,3,5,12,11.035294117647059,10.793553405168563,3.2,8.752288235294118,51,5,16,9,44,20,1046,test
1047,961,164,3,111,29,21,14,13,23,14.297560975609755,13.427899808715576,4.375,8.793360975609756,105,8,35,26,105,37,1047,test
1048,505,87,1,65,19,14,5,6,10,13.297701149425288,12.602617957971052,4.75,8.889667816091954,64,4,19,11,52,20,1048,train
1049,298,54,1,42,8,7,1,3,9,10.162962962962965,9.725611199111238,2.3333333333333335,8.330596296296296,43,3,7,4,28,8,1049,train
1050,1424,238,9,141,58,33,14,12,41,12.533160956690368,12.091993763477543,5.0,9.586746412411118,130,13,65,32,155,63,1050,train
1051,903,166,4,113,40,25,4,13,24,15.448674698795182,11.20814326018867,6.2,9.183159759036146,114,5,31,9,89,28,1051,train
1052,784,127,2,87,27,17,7,9,22,11.943657042869642,12.261556223090622,3.6666666666666665,9.806962292213473,85,9,33,23,83,34,1052,train
1053,436,76,1,60,21,12,3,3,8,8.750877192982456,9.2995712137729,2.0,7.796740350877193,60,6,12,7,44,13,1053,train
1054,1034,186,4,111,38,30,4,4,35,11.249249249249251,10.74609503303851,3.888888888888889,8.496866366366365,102,9,35,16,104,29,1054,train
1055,522,88,3,65,22,12,4,5,14,15.618181818181819,14.90622815163357,5.5,9.931222727272727,63,4,22,17,52,26,1055,test
1056,935,156,5,111,32,20,7,18,23,13.441025641025641,12.602617957971052,4.75,9.563379487179487,107,8,38,22,111,43,1056,train
1057,1445,247,10,133,56,34,12,13,40,12.458299595141701,12.230961643895458,4.076923076923077,9.756997165991903,118,13,53,33,171,66,1057,train
1058,511,94,3,71,20,13,0,6,15,8.819858156028369,9.2995712137729,3.1666666666666665,9.452928368794327,72,6,18,8,55,23,1058,test
1059,346,65,2,47,11,10,3,5,8,8.346153846153845,8.07648339933343,2.25,7.357576923076923,46,4,8,3,35,7,1059,train
1060,1051,187,5,115,36,23,10,14,30,19.66588235294118,15.381575749822971,7.8,9.375711122994652,114,5,40,24,96,40,1060,train
1061,1355,241,7,140,56,32,9,12,37,12.083138438325163,11.567385478589937,4.363636363636363,8.785348585439458,133,11,48,24,134,43,1061,train
1062,1227,206,18,131,47,19,9,9,38,16.125242718446604,14.37465228746014,6.625,9.819331067961166,123,8,53,31,131,49,1062,test
1063,887,153,4,103,44,26,7,4,20,10.198692810457516,10.504223727775692,3.888888888888889,8.40139934640523,105,9,34,14,96,29,1063,train
1064,659,114,4,94,25,14,8,11,18,10.612280701754386,10.9516,3.0,8.221545614035088,93,8,24,15,71,22,1064,train
1065,828,136,7,90,30,10,7,14,22,19.11529411764706,17.353723509956247,7.0,10.79076705882353,89,5,34,31,95,40,1065,test
1066,946,172,9,108,38,21,7,9,25,8.34756871035941,8.575989854853784,2.4545454545454546,7.992354334038055,95,11,27,10,109,28,1066,test
1067,1002,171,8,112,46,26,6,7,30,14.683709273182956,13.484332010920856,5.571428571428571,9.280437844611528,108,7,39,22,109,35,1067,train
1068,540,93,1,55,18,14,1,1,14,15.751612903225805,14.554592549557764,5.0,9.03432365591398,55,4,21,16,47,22,1068,train
1069,920,160,6,100,38,18,3,8,24,12.0,11.45678717892309,3.875,9.3655,92,8,31,17,103,35,1069,train
1070,694,120,2,87,23,15,9,9,19,12.333333333333336,11.855464076750408,4.0,8.707583333333332,81,6,23,14,82,20,1070,test
1071,965,176,4,114,41,25,4,9,29,12.557142857142857,10.914260884657427,4.428571428571429,8.741369805194806,108,7,32,13,91,34,1071,train
1072,876,148,0,95,38,23,5,10,23,12.253453453453453,12.457975602129121,4.333333333333333,9.14646876876877,90,9,39,24,84,39,1072,train
1073,1284,222,10,140,44,30,11,15,27,11.904504504504505,12.161744961471694,4.75,8.679415315315316,129,12,56,30,126,52,1073,train
1074,896,148,3,105,39,21,7,10,26,12.253453453453453,12.060818386365153,4.333333333333333,9.893293093093094,104,9,39,22,113,41,1074,train
1075,1081,183,2,127,38,25,10,16,29,13.597814207650273,13.205437297517054,4.888888888888889,9.045525136612023,124,9,44,28,119,41,1075,train
1076,526,91,1,64,25,19,0,3,11,13.495604395604397,12.161744961471694,4.5,10.14391098901099,62,4,18,10,57,23,1076,train
1077,1122,183,4,121,43,21,15,11,26,13.658797814207652,13.506818969022046,5.2,9.893797486338798,121,10,52,33,129,51,1077,train
1078,1068,188,8,126,43,21,9,15,25,11.759810874704492,11.645159339076184,4.0,9.124025059101655,116,9,36,20,106,40,1078,train
1079,518,100,4,63,19,17,4,7,13,10.8,10.793553405168563,3.0,7.1549,62,5,15,9,43,14,1079,train
1080,549,95,0,63,22,15,4,6,11,13.710526315789474,12.161744961471694,5.75,8.969763157894736,60,4,22,10,53,24,1080,test
1081,1054,176,1,98,31,26,10,9,18,10.036363636363639,10.63711953065702,3.909090909090909,8.198168181818183,95,11,41,19,98,34,1081,train
1082,1058,189,6,132,43,27,3,17,23,10.109523809523811,10.504223727775692,3.4166666666666665,8.845583597883598,124,12,40,20,115,39,1082,train
1083,910,159,9,105,31,22,8,9,25,11.139874213836478,11.407655852321103,2.9,8.596083396226415,100,10,28,20,102,30,1083,train
1084,756,139,4,91,20,16,11,10,24,12.259403905447073,11.765960540728905,3.857142857142857,8.029327954779035,89,7,27,16,70,24,1084,train
1085,1098,193,5,119,33,25,5,6,31,10.828808290155441,10.793553405168563,3.5,9.420774818652848,117,10,33,18,122,37,1085,train
1086,1144,189,11,127,42,26,11,13,21,15.375925925925927,14.554592549557764,6.0,9.653908465608467,125,8,48,32,125,49,1086,train
1087,929,151,5,102,31,18,6,14,23,16.310690633869445,15.532846611407376,5.857142857142857,10.144058751182593,97,7,41,33,97,45,1087,train
1088,1023,168,5,111,37,21,14,13,18,10.883516483516486,11.20814326018867,3.076923076923077,10.010758424908426,111,13,37,24,112,49,1088,test
1089,787,135,6,91,29,20,6,10,19,12.083333333333336,11.93303328291395,4.125,9.035055555555555,87,8,32,19,85,30,1089,train
1090,1033,175,2,119,32,24,10,18,27,12.992207792207793,12.563389971838223,3.6363636363636362,9.658848051948052,111,11,40,30,127,49,1090,train
1091,646,111,1,82,23,14,4,6,16,9.853669724770644,10.411451182825502,3.0,8.803033944954128,78,8,24,13,70,25,1091,train
1092,668,116,0,77,26,15,8,9,20,10.836781609195402,10.504223727775692,4.666666666666667,8.679054022988506,75,6,28,10,64,22,1092,train
1093,463,79,0,55,23,11,3,6,13,12.395949367088608,12.68835289967788,4.4,9.616888860759495,55,5,22,14,45,22,1093,train
1094,797,145,1,87,45,16,6,11,26,13.528735632183908,13.023866798666859,5.833333333333333,8.42875287356322,84,6,35,18,80,29,1094,test
1095,594,102,3,76,20,10,5,10,17,13.729411764705885,12.161744961471694,6.0,8.461790196078432,76,4,24,10,55,21,1095,train
1096,1271,213,8,132,51,28,10,10,33,12.170422535211268,11.855464076750408,3.8333333333333335,10.076759154929578,124,12,46,28,155,59,1096,test
1097,594,103,1,69,23,15,7,5,15,9.380859916782248,9.606745405546679,3.4285714285714284,7.585648959778086,63,7,24,9,57,18,1097,train
1098,836,143,3,96,37,24,3,13,17,11.110800310800313,11.855464076750408,3.4444444444444446,8.951791686091685,99,9,29,21,91,34,1098,train
1099,1325,222,13,138,50,29,12,15,32,12.805405405405407,12.602617957971052,4.75,9.035045945945946,128,12,58,33,131,53,1099,train
1100,907,150,6,111,29,13,14,13,21,9.798881431767338,10.686352973137792,2.75,9.339078076062641,108,12,33,21,102,37,1100,train
1101,733,119,1,73,30,13,6,10,21,15.328291316526611,14.06817628641468,5.333333333333333,10.591241736694679,72,6,30,20,73,29,1101,train
1102,816,136,4,97,33,18,8,9,26,11.32235294117647,11.792908689023552,3.5,9.187383529411765,96,10,34,23,91,36,1102,train
1103,129,25,0,19,2,3,1,0,5,5.0,3.1291,1.5,8.677700000000002,19,2,4,0,10,6,1103,train
1104,591,109,0,76,27,19,4,9,15,26.570642201834865,18.243605946275583,8.5,10.106122018348625,73,2,17,14,58,23,1104,train
1105,1147,198,5,126,49,24,12,21,32,12.256565656565657,12.009924989830619,3.5,9.718233333333334,123,12,42,29,135,49,1105,train
1106,474,80,3,66,15,13,2,5,12,8.571428571428573,9.606745405546679,3.142857142857143,10.519357142857142,62,7,22,10,58,22,1106,test
1107,303,52,0,35,11,8,2,2,7,11.353846153846156,11.20814326018867,3.5,10.050723076923077,35,4,14,8,27,16,1107,test
1108,793,143,4,97,37,21,8,9,22,10.786363636363639,10.411451182825502,3.125,8.277365734265734,97,8,25,13,88,25,1108,train
1109,605,102,4,73,22,13,4,6,18,14.905882352941177,13.023866798666859,6.0,9.700221568627452,72,4,24,12,64,25,1109,train
1110,445,75,0,58,17,13,1,5,9,11.333333333333336,11.602472056035307,4.4,9.4333,56,5,22,11,42,23,1110,train
1111,980,161,10,118,32,16,10,13,22,14.01273291925466,13.624085052395262,5.625,9.832650310559007,115,8,43,27,107,47,1111,train
1112,1122,197,10,129,42,30,9,14,27,13.50482233502538,12.38480682065935,5.25,9.186123350253808,121,8,42,20,118,41,1112,train
1113,576,112,2,69,23,18,3,4,18,16.004761904761907,8.841846274778883,4.0,7.461983333333333,70,3,13,3,47,8,1113,test
1114,773,132,11,92,24,13,6,12,15,15.466666666666669,14.314028922438442,5.333333333333333,10.110654545454546,90,6,32,23,85,35,1114,train
1115,1297,225,7,139,48,28,10,14,32,11.545299145299147,11.661520659325951,3.076923076923077,8.705628205128207,130,13,40,29,153,49,1115,train
1116,538,98,1,69,22,15,5,6,15,11.02312925170068,11.20814326018867,3.3333333333333335,8.635817006802721,67,6,20,12,58,23,1116,train
1117,580,108,0,59,25,22,2,2,18,13.762962962962963,11.698219412168324,4.25,8.484588888888888,55,4,17,9,54,19,1117,train
1118,973,168,11,99,42,25,7,10,20,11.076190476190476,11.038039088145766,2.9166666666666665,8.560364285714286,91,12,35,23,106,39,1118,train
1119,1304,234,2,139,52,35,11,14,35,11.302564102564103,11.362043627235082,3.3846153846153846,8.443060683760685,127,13,44,27,131,46,1119,train
1120,810,151,0,81,37,16,5,6,20,10.199006622516556,9.827888789773866,3.125,7.605216556291391,74,8,24,11,84,25,1120,train
1121,678,122,5,79,21,17,7,10,18,11.739890710382515,10.864195022040775,3.5,8.010115300546449,76,6,21,11,62,23,1121,train
1122,851,136,8,104,30,15,7,15,14,12.8212271973466,12.457975602129121,3.5555555555555554,10.384615754560532,106,9,32,24,110,41,1122,train
1123,921,162,5,107,38,21,9,14,22,10.585185185185185,11.20814326018867,2.8333333333333335,7.912458024691358,101,12,34,24,96,31,1123,train
1124,1153,190,0,116,47,28,10,11,19,11.952950752950754,11.95083700844419,4.153846153846154,9.788030972730972,112,13,54,31,120,55,1124,train
1125,306,53,0,41,12,7,2,5,7,8.768301886792452,10.355215969177355,2.6,8.929052452830188,42,5,13,8,26,13,1125,train
1126,1147,197,7,126,46,25,11,14,26,11.471340206185568,12.161744961471694,4.0,8.58693587628866,121,10,40,25,130,39,1126,train
1127,913,154,4,107,32,17,9,12,22,11.08732026143791,11.602472056035307,3.7,8.5234845751634,100,10,37,22,97,37,1127,train
1128,482,85,2,66,14,10,6,3,15,9.431372549019608,10.504223727775692,2.5,8.797519607843137,67,6,15,10,54,16,1128,train
1129,965,169,10,109,34,22,7,11,22,15.100929839391378,13.925175675911131,5.285714285714286,9.692447252747254,101,7,37,25,98,42,1129,train
1130,674,121,1,71,14,22,3,6,12,10.881227863046044,10.914260884657427,3.857142857142857,7.756268122786305,64,7,27,13,59,23,1130,train
1131,907,150,10,111,30,22,10,15,22,13.366666666666667,13.427899808715576,5.0,9.829833333333333,108,8,40,26,104,39,1131,train
1132,891,158,12,99,34,24,5,7,33,13.33236889692586,12.540900571622839,4.0,8.953384629294757,98,7,28,19,103,28,1132,train
1133,695,123,2,82,17,15,10,10,13,11.353252032520325,12.161744961471694,3.125,8.378693495934959,77,8,25,20,64,24,1133,test
1134,920,163,8,108,38,25,9,14,27,13.48606485539001,12.785403640627713,5.428571428571429,9.925643207712533,104,7,37,20,104,43,1134,test
1135,654,116,3,78,25,18,9,8,18,13.073103448275862,11.979248473330827,4.6,9.143082068965516,76,5,23,12,71,25,1135,train
1136,448,75,2,55,22,13,3,3,11,11.766666666666666,11.20814326018867,4.25,9.829833333333333,54,4,17,8,49,19,1136,train
1137,650,125,3,88,29,15,8,6,20,12.173333333333332,11.538034831475386,3.1666666666666665,8.459433333333333,84,6,19,13,71,19,1137,train
1138,950,175,9,122,34,21,12,11,27,10.807142857142857,10.411451182825502,3.75,8.511099999999999,117,8,29,13,110,30,1138,train
1139,685,117,3,87,36,18,4,7,20,13.611965811965812,13.023866798666859,4.666666666666667,9.057289743589743,85,6,29,18,76,27,1139,train
1140,1282,217,5,140,60,28,7,13,30,10.255299539170508,10.451354775682146,3.9285714285714284,8.407373732718895,128,14,54,23,135,43,1140,train
1141,630,109,2,72,30,14,1,4,14,13.123669724770643,11.979248473330827,5.6,8.484202018348624,71,5,28,11,61,21,1141,train
1142,1412,236,10,137,56,32,5,10,33,14.683513097072419,14.02287970970757,5.2727272727272725,9.116492912172573,128,11,57,40,130,58,1142,train
1143,634,112,2,80,22,13,5,5,13,8.814285714285715,9.516144504307135,3.0,8.278400000000001,75,8,24,10,65,20,1143,train
1144,965,172,2,108,37,24,5,7,28,15.1515455304929,14.138980108339055,5.714285714285714,8.91108111946533,103,7,39,26,96,36,1144,train
1145,756,125,6,79,26,10,9,8,15,16.400000000000002,15.112257680678326,6.2,9.802980000000002,76,5,29,22,82,34,1145,test
1146,526,88,0,68,18,11,4,7,9,13.403636363636364,13.023866798666859,5.4,9.35411909090909,63,5,27,15,48,24,1146,train
1147,1320,222,9,128,55,28,10,13,38,12.561250514191691,12.079253325248377,4.818181818181818,9.705814520773345,121,11,53,27,142,51,1147,train
1148,278,51,0,27,8,6,5,5,1,9.805882352941177,10.125756701596842,2.25,6.436154901960784,26,4,9,6,22,7,1148,test
1149,182,35,0,28,6,5,2,4,2,5.80952380952381,7.793537801064561,1.6666666666666667,7.373166666666667,27,3,5,2,17,5,1149,train
1150,1097,186,0,112,58,27,4,13,30,13.858064516129033,13.5591,5.333333333333333,9.160867741935483,102,9,48,30,109,45,1150,train
1151,1039,177,1,121,35,24,8,16,29,12.503728813559322,12.340626583579944,4.1,9.331708135593221,112,10,41,26,110,40,1151,train
1152,632,103,1,63,29,17,3,8,14,10.40302049622438,10.980518767755715,2.888888888888889,8.496571628910463,57,9,25,17,63,20,1152,train
1153,532,84,4,57,19,13,2,4,12,39.7904761904762,23.72669961743115,24.0,12.314328571428572,60,1,23,13,55,20,1153,train
1154,953,157,9,106,37,20,5,10,26,12.582873319179052,12.261556223090622,4.666666666666667,9.731553361641897,100,9,42,23,112,45,1154,test
1155,960,162,8,112,38,20,5,12,28,14.442328042328043,13.25671669890799,5.857142857142857,9.560373368606703,102,7,41,22,106,40,1155,train
1156,793,137,13,99,26,13,10,8,20,12.928953771289537,12.457975602129121,4.333333333333333,7.880931143552312,93,6,26,16,73,22,1156,train
1157,704,118,1,85,34,18,2,4,18,13.290395480225989,12.745084868956482,5.0,9.563068361581921,85,6,30,16,80,31,1157,test
1158,832,142,1,109,27,19,10,11,22,12.73380281690141,12.602617957971052,4.375,9.075984507042254,104,8,33,22,94,34,1158,train
1159,1017,167,3,109,41,26,6,9,24,10.168401658222018,10.560738912317856,3.230769230769231,9.473968631966835,101,13,43,21,98,43,1159,train
1160,1264,212,15,134,58,34,13,14,34,14.893920335429772,13.5591,5.777777777777778,9.199242348008386,128,9,51,30,147,52,1160,train
1161,1064,178,8,105,47,23,4,5,29,14.742696629213484,13.624085052395262,5.625,8.90936966292135,101,8,45,26,110,40,1161,train
1162,867,148,7,113,32,16,10,12,24,11.442642642642642,11.429527900616531,3.5555555555555554,8.719712012012012,107,9,30,19,97,32,1162,train
1163,716,124,1,80,36,19,3,10,20,13.750537634408602,13.295006501635747,4.0,8.227050537634408,81,6,24,19,67,23,1163,train
1164,1556,264,17,162,65,40,12,14,45,15.054545454545456,13.747043046817236,5.454545454545454,9.970612121212122,151,11,60,37,183,72,1164,test
1165,769,142,7,95,28,24,11,6,17,10.198591549295775,10.686352973137792,3.125,8.297604225352114,95,8,26,14,84,27,1165,train
1166,391,67,2,55,16,8,4,6,12,14.860606060606063,15.021129683784007,5.0,9.512548484848484,55,3,15,13,40,18,1166,test
1167,264,49,2,38,11,10,2,2,8,10.614965986394559,10.504223727775692,2.0,8.958061904761905,37,3,6,5,25,10,1167,train
1168,812,134,6,98,28,17,8,15,15,13.716749585406303,13.5591,3.7777777777777777,9.441929187396351,95,9,34,30,92,39,1168,train
1169,957,157,3,114,35,13,13,12,25,17.345647558386414,15.688483145680365,6.333333333333333,10.264748832271763,117,6,38,29,112,41,1169,test
1170,1189,200,14,122,48,26,11,16,27,18.428571428571427,16.439396014739867,7.0,10.185392857142858,109,7,47,38,136,49,1170,test
1171,334,60,0,48,10,4,3,5,7,7.466666666666668,8.238735603445708,2.0,7.652866666666667,52,5,10,4,39,8,1171,train
1172,1847,315,15,194,70,42,21,24,40,14.771672771672772,13.875232112747142,6.0,9.500155677655679,188,13,77,46,191,75,1172,train
1173,917,165,1,105,34,26,8,13,27,15.56747967479675,13.81666964889586,5.5,8.939733333333333,103,6,33,21,86,34,1173,train
1174,1048,179,6,115,42,26,17,12,22,12.648292985723154,12.457975602129121,4.222222222222222,9.21002799503414,113,9,38,24,126,41,1174,train
1175,629,117,2,74,28,17,2,11,17,26.47692307692308,15.247664890283005,7.0,10.451860683760684,74,2,15,9,63,13,1175,test
1176,608,105,5,85,22,10,4,7,14,11.19047619047619,10.864195022040775,3.5,8.414404761904763,81,6,21,11,63,20,1176,train
1177,491,87,0,62,22,13,5,2,11,9.0183908045977,9.2995712137729,2.8333333333333335,7.985585057471265,58,6,17,7,52,18,1177,train
1178,819,139,5,92,28,18,6,6,19,9.876546762589928,10.577609850970193,3.4,9.55140762589928,86,10,33,17,92,35,1178,train
1179,760,134,4,95,35,21,7,11,19,12.71278195488722,12.031772070788634,4.285714285714286,8.61544135338346,94,7,30,16,80,31,1179,train
1180,651,112,3,86,23,11,7,9,17,11.038095238095238,10.864195022040775,3.6666666666666665,8.368884523809523,87,6,22,10,66,20,1180,train
1181,825,142,5,98,35,20,12,15,18,9.409702660406886,10.74609503303851,3.5555555555555554,8.978162284820032,91,9,32,16,96,33,1181,train
1182,674,122,9,90,20,15,12,11,14,10.362295081967213,10.9516,2.0,7.369703278688525,85,8,16,15,70,19,1182,train
1183,1119,193,4,125,44,28,7,14,28,14.416839378238343,13.624085052395262,5.0,9.414654404145079,110,8,40,27,129,45,1183,train
1184,527,91,2,68,26,14,2,4,13,10.796483516483518,11.20814326018867,4.4,8.183066153846154,67,5,22,10,53,17,1184,train
1185,1106,181,5,107,46,26,5,16,30,15.558256599140577,15.021129683784007,5.888888888888889,9.606552547575198,103,9,53,39,106,49,1185,train
1186,905,159,2,87,35,31,4,2,20,17.248301886792454,14.554592549557764,7.2,9.186107044025157,79,5,36,20,82,37,1186,train
1187,965,170,1,110,38,27,7,13,27,10.417112299465241,10.63711953065702,3.3636363636363638,8.861398395721924,100,11,37,19,106,36,1187,train
1188,778,139,3,97,30,15,9,8,19,10.115467625899282,10.411451182825502,3.5,8.814990647482015,93,8,29,14,83,25,1188,test
1189,716,123,2,84,28,15,10,7,17,11.028048780487806,10.9516,3.625,9.148937398373985,78,8,27,15,83,27,1189,train
1190,1537,256,9,153,41,24,19,21,35,15.095833333333331,14.672994598444667,5.583333333333333,9.382289583333334,144,12,67,49,156,64,1190,train
1191,429,70,0,58,21,5,3,3,12,11.571428571428573,11.698219412168324,4.25,9.46707142857143,57,4,16,9,44,18,1191,test
1192,1250,214,10,124,52,24,10,9,31,14.370924195223262,12.838901577100671,5.222222222222222,8.947840394600208,118,9,44,25,145,44,1192,train
1193,1043,172,5,111,45,18,6,15,25,15.086304909560724,14.39478758073233,5.333333333333333,10.092550645994832,107,9,48,35,110,54,1193,train
1194,1468,251,9,135,58,39,9,17,39,13.46012871590561,13.149919865122353,4.6923076923076925,9.75264759423843,122,13,60,40,169,69,1194,train
1195,851,138,2,89,30,21,6,6,18,12.8,13.205437297517054,4.666666666666667,9.088265217391303,83,9,42,28,87,40,1195,train
1196,1352,235,3,137,61,36,14,12,35,15.324468085106384,13.227904075235838,5.875,8.923414893617021,130,8,46,24,125,42,1196,train
1197,1138,186,5,130,44,19,11,15,31,16.865130568356374,15.532846611407376,6.857142857142857,10.302668663594469,126,7,48,33,126,53,1197,train
1198,990,158,5,100,39,17,6,12,25,13.155443037974685,12.68835289967788,4.7,10.016635696202531,91,10,46,28,121,45,1198,train
1199,937,153,3,98,42,24,4,11,21,13.663071895424839,13.023866798666859,5.0,9.435622875816993,98,8,40,23,107,38,1199,train
1200,652,112,3,81,29,16,6,7,15,10.957142857142857,11.45678717892309,3.25,8.983310714285714,79,8,25,17,72,23,1200,train
1201,779,129,2,80,27,21,6,8,20,14.201937984496125,14.005844860021309,4.625,9.087617829457365,78,8,37,29,78,33,1201,train
1202,543,97,0,66,24,13,4,4,14,13.823711340206186,12.602617957971052,4.5,8.257753608247423,64,4,18,11,50,15,1202,train
1203,957,166,7,95,38,32,8,9,20,10.495421686746988,10.355215969177355,3.9,8.074438313253012,90,10,38,16,101,36,1203,train
1204,606,108,0,79,23,17,5,5,11,8.764021164021164,9.957137785484202,3.142857142857143,8.787868253968256,77,7,22,10,56,21,1204,train
1205,645,110,0,82,22,16,6,7,18,19.030303030303028,15.021129683784007,8.666666666666666,10.192166666666665,78,3,26,13,70,31,1205,train
1206,1256,211,5,132,43,27,10,9,28,15.254555028962612,13.731508374201276,5.888888888888889,9.289391837809374,123,9,53,31,123,52,1206,test
1207,1031,182,5,108,40,30,5,7,25,12.616483516483518,12.38480682065935,4.125,8.061713186813186,100,8,33,21,100,33,1207,train
1208,969,169,5,123,40,22,11,13,23,11.589241527703066,12.079253325248377,3.6363636363636362,9.070133996772459,118,11,39,27,97,40,1208,train
1209,833,149,4,106,38,16,9,17,23,9.44993288590604,10.355215969177355,2.5,7.978627248322148,103,10,25,16,84,25,1209,train
1210,820,136,5,98,28,17,6,9,21,12.976470588235294,12.602617957971052,4.25,9.936538235294119,94,8,34,22,95,40,1210,train
1211,1353,236,16,147,58,34,13,22,36,12.507364975450082,12.230961643895458,4.3076923076923075,8.967753682487725,136,13,56,33,160,57,1211,train
1212,772,130,3,82,29,18,3,3,15,13.282051282051283,12.161744961471694,5.5,9.326705128205127,82,6,33,15,80,31,1212,train
1213,956,161,9,113,41,25,7,20,22,12.361111111111112,12.261556223090622,4.444444444444445,9.353965277777778,116,9,40,23,117,35,1213,train
1214,1263,207,6,134,35,22,7,11,26,10.998655713218822,11.20814326018867,4.153846153846154,8.94484787154593,124,13,54,26,149,48,1214,train
1215,691,124,7,90,27,19,9,13,18,8.830967741935485,10.355215969177355,2.5,8.453717419354838,87,10,24,16,78,25,1215,train
1216,911,150,4,106,32,24,8,16,21,12.933333333333332,12.857556352371635,4.3,9.959633333333333,108,10,43,29,105,44,1216,train
1217,315,56,3,44,12,9,3,4,7,16.2,15.247664890283005,6.5,9.818692857142857,45,2,13,9,32,13,1217,test
1218,911,150,5,115,35,15,9,13,23,11.600000000000001,12.340626583579944,3.9,9.643833333333333,112,10,39,26,97,42,1218,train
1219,1012,175,12,116,34,19,11,18,29,16.46666666666667,14.790194502661404,7.0,8.962995238095239,113,6,42,25,107,40,1219,train
1220,812,151,3,98,26,15,13,11,20,17.219205298013247,11.20814326018867,6.0,8.959694701986756,102,4,24,8,81,25,1220,train
1221,622,109,2,82,24,15,6,10,17,8.752752293577982,9.827888789773866,3.125,8.94789633027523,75,8,25,11,70,22,1221,train
1222,1600,275,11,170,63,38,11,24,42,13.636363636363638,12.563389971838223,5.636363636363637,8.895772727272728,163,11,61,30,161,53,1222,train
1223,1265,214,7,125,46,29,10,22,34,14.744755970924196,13.731508374201276,6.444444444444445,9.685690861889928,119,9,58,31,126,57,1223,train
1224,1003,187,1,95,50,36,3,5,28,12.558556149732622,11.20814326018867,4.625,8.511194117647058,91,8,37,16,89,34,1224,test
1225,19,3,1,3,1,1,0,0,0,1.2000000000000002,3.1291,1.0,14.311966666666669,4,1,1,0,3,1,1225,train
1226,660,111,0,83,22,12,12,8,10,12.46898326898327,13.25671669890799,4.0,8.975086357786358,77,7,28,22,58,27,1226,train
1227,1154,210,5,124,50,33,6,13,33,10.61904761904762,10.504223727775692,3.3333333333333335,8.26402380952381,121,12,40,19,123,37,1227,train
1228,872,149,1,92,32,22,6,7,23,12.004218600191756,10.914260884657427,4.571428571428571,9.673009683604986,92,7,33,14,82,34,1228,train
1229,542,102,1,61,19,18,4,4,15,9.15294117647059,9.725611199111238,2.8333333333333335,7.730582352941177,58,6,17,8,52,16,1229,test
1230,531,92,1,64,18,14,8,7,6,11.273043478260869,11.602472056035307,4.0,8.839900869565216,63,5,20,11,51,17,1230,train
1231,1050,162,8,118,46,19,12,12,28,14.381234567901235,13.968273953766033,5.1,10.580575555555555,114,10,51,36,118,53,1231,train
1232,837,147,4,89,34,22,3,8,16,13.06530612244898,11.538034831475386,5.666666666666667,8.8260537414966,86,6,34,13,80,30,1232,train
1233,557,102,3,73,22,14,6,10,16,12.945098039215686,11.20814326018867,4.75,9.08100588235294,73,4,19,8,57,22,1233,train
1234,937,161,5,100,39,27,4,7,25,11.817278373800114,11.741389052700956,3.8181818181818183,9.266190344438172,91,11,43,25,102,42,1234,train
1235,1255,201,10,144,49,27,8,16,36,18.052878464818765,15.903189008614273,8.285714285714286,10.952519616204691,142,7,58,35,148,63,1235,train
1236,880,145,7,93,36,21,7,12,22,11.955555555555556,11.855464076750408,4.333333333333333,9.364474999999999,89,9,39,20,98,37,1236,train
1237,972,168,3,103,34,22,10,10,20,17.963809523809527,15.112257680678326,7.4,9.344548095238096,96,5,37,22,100,34,1237,train
1238,574,105,0,66,15,11,1,7,9,8.666666666666668,8.841846274778883,2.857142857142857,7.5385,62,7,20,7,46,18,1238,train
1239,1408,238,4,155,58,26,13,14,45,11.388683473389356,11.20814326018867,3.8,9.797394229691877,146,15,55,29,156,66,1239,test
1240,1227,211,6,124,40,23,12,18,33,12.207792207792208,12.563389971838223,4.0,8.869266233766233,115,11,44,30,132,48,1240,train
1241,1120,190,10,120,45,32,10,11,32,16.54135338345865,15.532846611407376,7.0,9.719785714285713,113,7,48,33,120,47,1241,train
1242,753,130,4,95,33,17,11,13,12,8.333333333333334,9.725611199111238,2.25,8.789371794871794,91,12,26,16,89,30,1242,train
1243,509,86,0,65,18,10,6,6,11,13.251162790697675,12.161744961471694,5.25,10.394644186046511,65,4,22,10,59,24,1243,train
1244,1301,230,7,137,43,28,11,14,34,12.188405797101451,12.009924989830619,3.9166666666666665,8.637644927536233,125,12,47,29,141,52,1244,train
1245,964,180,7,103,43,27,5,12,26,12.952380952380953,10.914260884657427,3.5714285714285716,8.42081746031746,97,7,25,13,94,23,1245,train
1246,555,92,0,77,24,13,8,7,14,11.785507246376813,12.161744961471694,4.333333333333333,10.23246811594203,73,6,26,15,62,28,1246,train
1247,1265,226,3,124,44,33,10,16,35,12.263580667120491,11.95083700844419,3.8461538461538463,8.760679577944181,117,13,49,31,125,50,1247,train
1248,1148,192,10,127,41,29,11,17,27,15.016666666666666,13.81666964889586,6.25,9.596795833333333,124,8,49,28,130,46,1248,test
1249,2026,339,18,209,87,49,16,32,46,13.036547120012422,13.023866798666859,4.578947368421052,9.458754556745848,190,19,85,56,219,86,1249,train
1250,1157,204,12,144,43,27,14,15,28,11.731907308377899,11.567385478589937,3.272727272727273,9.510080035650624,139,11,35,23,132,44,1250,train
1251,669,104,0,83,25,13,10,9,14,13.704615384615387,13.968273953766033,5.4,9.374814615384615,84,5,27,18,62,27,1251,test
1252,767,135,3,85,37,22,7,8,17,10.444444444444445,10.74609503303851,3.0,8.474203703703704,85,9,25,16,89,23,1252,train
1253,777,140,4,83,32,29,2,6,23,18.28571428571429,14.554592549557764,7.75,9.207214285714286,81,4,31,16,73,28,1253,train
1254,913,158,1,94,38,29,4,10,22,14.229113924050635,14.005844860021309,5.125,9.413062025316457,84,8,41,29,85,41,1254,test
1255,1183,204,6,133,40,24,12,15,33,14.164705882352942,13.901157680251561,5.888888888888889,9.327482352941177,125,9,53,32,119,53,1255,test
1256,710,123,7,93,26,13,12,13,14,10.34471544715447,11.429527900616531,2.4444444444444446,8.293960162601627,88,9,22,19,78,27,1256,train
1257,466,80,2,59,18,14,4,5,11,13.5,12.602617957971052,4.5,8.773375000000001,61,4,18,11,50,18,1257,train
1258,705,130,3,80,29,24,4,7,20,12.666666666666668,12.457975602129121,4.166666666666667,8.597935897435898,78,6,25,15,64,23,1258,train
1259,1068,178,10,114,47,24,10,9,27,13.079650436953807,13.023866798666859,5.0,10.117365418227216,108,9,45,27,124,46,1259,train
1260,1578,283,8,164,64,41,15,16,40,12.18465421504291,12.031772070788634,4.0,8.600577334679455,159,14,56,34,165,53,1260,train
1261,918,151,7,101,45,26,5,5,17,11.338013245033114,11.792908689023552,4.4,9.823075894039736,95,10,44,22,108,44,1261,train
1262,901,154,0,101,39,22,5,14,22,12.134025974025974,11.979248473330827,3.4,9.01430103896104,93,10,34,24,92,37,1262,train
1263,818,143,2,91,39,25,3,3,17,13.206393606393608,13.023866798666859,5.142857142857143,8.8457011988012,87,7,37,21,76,32,1263,train
1264,1075,185,6,121,58,26,3,11,26,10.61916461916462,11.022393298168332,3.727272727272727,9.079654791154791,117,11,41,21,128,42,1264,test
1265,824,125,7,87,33,19,5,11,19,17.36,15.381575749822971,8.4,10.18194,88,5,40,23,91,35,1265,test
1266,1380,256,5,130,48,34,9,17,35,11.49659090909091,10.436869588844216,3.8181818181818183,7.319694460227273,117,11,40,18,121,30,1266,train
1267,1069,185,6,125,44,26,7,7,27,11.7002457002457,11.567385478589937,3.8181818181818183,9.506411547911547,121,11,41,24,120,40,1267,train
1268,695,116,5,84,24,13,8,9,16,12.351724137931036,13.023866798666859,3.375,8.3032,83,8,27,24,78,27,1268,train
1269,1087,182,6,117,34,24,5,13,23,12.264713064713064,12.060818386365153,4.888888888888889,9.758258485958486,111,9,43,22,124,45,1269,train
1270,1200,213,8,136,51,30,13,18,28,14.16150234741784,13.205437297517054,4.777777777777778,9.109991079812207,129,9,43,28,129,44,1270,train
1271,944,173,11,109,43,27,8,12,22,10.38820809248555,10.355215969177355,3.3,8.327990404624277,102,10,31,16,103,32,1271,train
1272,586,104,0,68,26,19,1,6,11,13.32,12.68835289967788,4.2,8.615680000000001,65,5,21,14,53,17,1272,train
1273,568,95,3,76,22,15,8,12,11,10.964912280701755,11.20814326018867,3.6666666666666665,9.075728070175439,74,6,22,12,57,23,1273,test
1274,709,117,1,83,27,20,4,10,17,10.636324786324787,11.20814326018867,3.75,9.355318803418804,78,8,30,16,76,30,1274,train
1275,562,105,1,72,15,10,2,4,15,16.666666666666668,11.855464076750408,4.666666666666667,8.5305,68,3,14,7,52,17,1275,train
1276,1061,174,4,114,51,34,5,14,24,14.661560693641619,14.191785591663535,5.875,10.185400578034683,105,8,47,29,123,48,1276,train
1277,559,99,2,66,25,15,2,1,15,9.697546897546898,10.290406445055957,2.857142857142857,8.165864502164503,62,7,20,11,51,20,1277,train
1278,726,129,3,77,29,19,6,5,19,11.712513842746402,11.765960540728905,4.285714285714286,8.100247065337763,73,7,30,16,68,23,1278,test
1279,1339,217,4,141,42,23,8,18,33,13.420863007959781,13.023866798666859,5.454545454545454,9.708521114369502,136,11,57,32,138,58,1279,train
1280,784,137,5,96,34,18,7,10,21,9.884509326845095,11.20814326018867,3.5555555555555554,9.001741200324412,97,9,32,18,86,31,1280,train
1281,833,136,2,93,31,24,5,8,25,13.103267973856209,12.838901577100671,3.888888888888889,9.030128758169935,91,9,36,26,84,36,1281,train
1282,749,131,2,78,29,25,7,3,14,15.365496183206108,13.662883650711645,5.0,9.154722290076336,76,5,25,16,73,29,1282,test
1283,1117,190,7,110,44,26,10,12,34,16.330827067669173,14.554592549557764,6.571428571428571,9.553575187969924,104,7,46,28,115,47,1283,test
1284,1193,200,8,117,53,30,9,14,30,13.8,13.187427743715652,4.8,9.5234,108,10,48,31,141,50,1284,train
1285,1298,213,10,118,55,29,7,12,27,13.942637644046096,13.319297830178854,5.090909090909091,8.970692232180964,109,11,56,36,140,53,1285,train
1286,1081,187,3,104,40,23,7,8,19,12.36149732620321,12.24349002098031,3.1818181818181817,8.110555614973261,97,11,35,27,106,35,1286,train
1287,757,133,0,77,35,21,3,9,23,12.111278195488723,11.491704259439757,4.142857142857143,8.734163157894738,73,7,29,15,76,26,1287,train
1288,1015,173,3,122,35,26,13,12,22,12.23791907514451,12.161744961471694,3.6,9.058163815028902,117,10,36,25,109,40,1288,test
1289,377,71,1,53,19,14,0,3,15,32.34366197183099,20.267338824336647,13.0,10.716409859154929,54,1,13,9,28,12,1289,train
1290,898,154,10,99,31,19,8,12,11,16.995324675324678,14.554592549557764,7.2,10.08573844155844,92,5,36,20,93,35,1290,train
1291,1305,230,5,139,56,35,15,18,34,11.378624914908102,11.95083700844419,3.6923076923076925,8.830546834581348,132,13,47,31,149,54,1291,train
1292,796,142,0,97,34,19,10,8,24,9.341971830985916,9.888512548439397,2.5,8.56631295774648,91,10,25,14,90,30,1292,train
1293,917,154,3,107,42,26,7,13,17,12.2989898989899,12.261556223090622,4.555555555555555,9.611834487734487,101,9,41,23,94,44,1293,train
1294,1259,213,11,129,53,34,7,17,25,12.839248826291081,12.340626583579944,4.6,8.844341502347419,122,10,47,26,136,45,1294,train
1295,716,135,0,90,28,21,4,10,17,9.712962962962964,9.516144504307135,2.25,7.6315,87,8,18,10,67,25,1295,test
1296,1099,187,6,120,47,29,11,13,23,11.73357100415924,11.645159339076184,5.0,9.648949435531788,117,9,45,19,129,44,1296,train
1297,1256,201,11,128,47,29,11,14,28,17.81119402985075,16.373557378465907,7.375,11.010162686567163,124,8,59,43,145,61,1297,test
1298,356,66,1,51,16,12,2,2,11,16.83636363636364,13.81666964889586,5.5,9.101178787878787,50,2,11,7,39,9,1298,train
1299,765,133,2,76,31,19,6,5,16,14.580952380952382,13.295006501635747,5.833333333333333,9.72228245614035,74,6,35,19,76,36,1299,train
1300,1251,219,9,143,40,24,10,16,35,14.503703703703705,12.602617957971052,5.375,9.069403703703703,134,8,43,22,140,39,1300,train
1301,590,100,3,68,21,12,6,5,15,16.0,14.191785591663535,5.25,9.6135,67,4,21,15,58,25,1301,train
1302,1368,225,3,123,58,30,7,14,33,13.515151515151516,12.719339214003902,5.0,9.212601010101011,122,11,55,30,139,50,1302,test
1303,1173,199,1,130,42,33,11,11,26,13.990150753768845,13.81666964889586,5.7,9.939771155778894,124,10,55,35,113,53,1303,train
1304,1020,186,0,94,50,39,5,10,31,14.929646697388634,13.25671669890799,5.428571428571429,8.944389093701997,90,7,38,22,88,37,1304,test
1305,1229,213,9,122,44,30,10,12,26,12.252496798975672,11.741389052700956,4.0,8.60003495518566,115,11,44,25,127,43,1305,train
1306,832,140,2,85,35,25,5,6,16,14.285714285714286,13.707050652182112,5.142857142857143,9.027142857142858,84,7,36,23,87,32,1306,train
1307,760,132,2,75,34,25,5,7,21,15.711515151515153,13.662883650711645,7.0,8.414955151515151,70,5,35,17,70,26,1307,train
1308,680,113,1,74,27,12,4,8,18,13.905014749262538,13.81666964889586,5.166666666666667,9.181872271386432,71,6,31,21,69,27,1308,test
1309,722,127,0,84,32,15,6,4,20,15.21968503937008,11.20814326018867,6.25,9.935866929133859,81,4,25,8,66,29,1309,test
1310,526,91,4,60,25,13,2,4,14,16.089377289377293,13.023866798666859,7.0,9.305428937728937,62,3,20,8,61,17,1310,train
1311,946,174,3,96,40,22,7,6,26,21.07816091954023,14.90622815163357,8.5,8.970249425287356,91,4,34,16,78,28,1311,train
1312,1016,180,5,113,46,30,8,6,24,10.88888888888889,10.504223727775692,4.222222222222222,9.190055555555556,107,9,36,15,117,40,1312,train
1313,817,142,0,89,38,23,7,6,21,14.537089201877937,13.5591,6.0,9.035859624413145,87,6,36,20,81,32,1313,train
1314,1006,173,0,107,44,25,7,9,21,9.99033105622701,10.832165505486643,3.727272727272727,8.432526484498162,101,11,41,20,96,33,1314,train
1315,633,111,1,75,27,13,5,4,21,11.387902187902188,11.765960540728905,3.5714285714285716,8.263825096525096,71,7,25,16,59,22,1315,test
1316,639,108,4,77,26,16,1,5,17,9.474074074074073,10.125756701596842,3.125,9.42322962962963,76,8,23,11,80,22,1316,train
1317,470,86,1,64,24,15,1,6,11,9.205581395348837,8.841846274778883,2.8,7.794503720930233,64,5,14,5,41,15,1317,train
1318,896,151,4,106,42,21,13,11,26,13.131882686849577,12.540900571622839,5.285714285714286,9.516641532639547,106,7,37,19,97,36,1318,train
1319,710,131,3,90,28,20,4,9,18,9.576923076923078,10.686352973137792,3.125,7.843423076923077,85,8,25,14,70,21,1319,train
1320,809,139,4,103,29,16,8,10,27,14.734292565947243,13.81666964889586,5.0,9.21585443645084,100,6,31,22,81,33,1320,train
1321,1014,172,4,106,45,20,7,12,29,14.87906976744186,14.005844860021309,5.5,9.384818604651162,101,8,43,29,106,40,1321,train
1322,1193,207,11,129,48,34,11,11,33,12.937900746596398,12.563389971838223,3.727272727272727,8.841572639437857,121,11,41,30,131,49,1322,train
1323,652,113,0,76,33,15,3,6,17,12.474841972187106,12.28987398476788,3.857142857142857,9.747097218710493,73,7,27,18,65,28,1323,train
1324,1016,188,1,124,35,16,11,13,33,9.670921985815603,10.125756701596842,2.5833333333333335,7.52117304964539,119,12,31,18,97,26,1324,train
1325,1280,211,8,132,52,30,12,15,30,14.127203791469197,13.348371206891418,5.6,9.77178037914692,127,10,56,32,135,60,1325,test
1326,1049,175,8,110,41,26,6,13,22,12.306493506493508,12.079253325248377,3.3636363636363638,10.561133766233766,102,11,37,27,121,54,1326,train
1327,1299,222,11,142,45,32,10,13,34,10.974913374913376,11.051253699011982,4.076923076923077,8.893335204435205,128,13,52,25,131,49,1327,train
1328,775,132,2,91,30,24,5,10,17,11.037575757575759,11.602472056035307,3.4,9.674174545454546,90,10,34,22,80,37,1328,train
1329,951,160,8,108,33,23,10,13,23,17.416666666666668,15.688483145680365,6.833333333333333,10.090916666666667,106,6,41,29,106,42,1329,train
1330,1803,298,9,184,68,43,15,23,45,13.614956855225314,13.023866798666859,5.571428571428571,9.408076797698946,171,14,78,42,206,77,1330,train
1331,1025,183,2,108,37,26,15,15,19,11.463288623944363,11.567385478589937,3.5454545454545454,8.344450521609538,101,11,39,24,103,36,1331,train
1332,352,63,0,38,13,11,2,3,4,13.47936507936508,12.457975602129121,4.0,8.68825873015873,37,3,12,8,29,12,1332,train
1333,765,138,2,77,26,21,3,2,23,21.58840579710145,14.554592549557764,9.0,9.922810144927537,77,3,27,12,73,30,1333,train
1334,803,129,0,88,36,27,2,6,17,11.41124031007752,11.45678717892309,4.375,8.842811627906977,85,8,35,17,83,30,1334,test
1335,894,155,4,107,36,24,12,16,21,11.877419354838711,11.792908689023552,3.4,9.193235483870968,104,10,34,23,98,44,1335,train
1336,1312,228,4,137,50,42,11,13,37,11.243423536815607,11.491704259439757,4.0,9.03165368156073,126,14,56,30,139,56,1336,train
1337,1319,226,9,134,48,31,9,16,33,11.189743589743589,11.20814326018867,3.769230769230769,8.495094871794873,121,13,49,26,134,48,1337,train
1338,1535,269,3,159,65,34,10,21,46,12.684138785625775,12.009924989830619,4.583333333333333,8.73989083023544,149,12,55,29,150,54,1338,train
1339,740,125,9,90,22,13,10,12,17,16.080000000000002,15.112257680678326,6.0,8.91874,88,5,29,22,75,28,1339,train
1340,1130,185,3,122,32,22,14,14,28,13.237837837837839,12.68835289967788,4.6,9.589829729729729,122,10,41,29,118,48,1340,train
1341,1082,186,11,113,42,26,6,8,28,16.219969278033798,14.348710955821954,6.714285714285714,9.793313824884793,104,7,47,27,112,49,1341,train
1342,701,115,3,91,27,14,7,12,14,9.469565217391304,10.577609850970193,3.0,9.424465217391305,89,10,28,17,77,30,1342,train
1343,715,118,2,76,30,14,6,4,19,12.001694915254237,11.93303328291395,3.625,8.650133898305086,68,8,29,18,79,24,1343,test
1344,1200,197,5,119,37,32,11,13,26,13.051961236732811,12.563389971838223,4.545454545454546,9.173623396400554,112,11,50,30,115,48,1344,train
1345,1098,180,8,128,40,23,12,14,23,12.767676767676768,12.563389971838223,4.2727272727272725,9.272858585858586,122,11,47,30,123,50,1345,train
1346,1685,278,8,160,74,41,14,17,41,13.856474820143886,13.526455162492045,4.625,9.666969064748201,146,16,74,53,190,71,1346,train
1347,683,118,1,83,31,13,5,11,21,15.20271186440678,14.554592549557764,5.4,10.159602372881356,81,5,27,20,71,32,1347,train
1348,279,47,3,38,6,3,6,1,6,12.804255319148936,11.20814326018867,6.0,8.497631914893617,41,2,12,4,28,9,1348,test
1349,1435,251,7,143,58,37,11,15,34,12.102857142857145,12.161744961471694,4.214285714285714,9.322374285714286,129,14,58,35,142,55,1349,train
1350,819,137,7,100,31,16,7,9,19,12.220275750202758,13.023866798666859,4.0,8.886485725871857,97,9,36,27,87,36,1350,train
1351,875,145,0,83,34,24,2,8,18,11.939655172413794,11.45678717892309,4.625,8.891362068965517,79,8,37,17,87,31,1351,test
1352,663,109,1,85,25,13,7,8,13,12.467103538663173,12.28987398476788,4.285714285714286,9.479026343381388,86,7,29,17,70,32,1352,train
1353,889,153,1,90,41,25,8,6,24,12.87875816993464,12.602617957971052,4.5,8.816407189542485,88,8,37,22,83,33,1353,train
1354,1121,195,1,109,42,34,6,11,39,14.410256410256412,13.731508374201276,5.777777777777778,8.921833333333334,97,9,52,31,113,48,1354,test
1355,1006,171,12,118,34,31,7,13,23,13.68187134502924,13.205437297517054,4.777777777777778,9.103519883040935,106,9,42,28,105,45,1355,train
1356,974,172,8,104,37,28,2,14,20,11.62325581395349,11.20814326018867,4.5,9.384818604651162,99,8,34,16,116,31,1356,train
1357,1310,227,13,133,58,39,10,14,39,13.661497797356828,12.857556352371635,4.8,9.005547753303965,125,10,48,27,149,43,1357,train
1358,1009,174,7,116,42,27,4,10,27,11.15485893416928,11.567385478589937,3.5454545454545454,9.321426645768025,105,11,39,24,106,42,1358,train
1359,1068,173,8,123,36,18,8,11,27,12.99611140304782,13.172668634160413,4.454545454545454,9.619058276405674,118,11,49,34,119,48,1359,test
1360,165,32,1,27,1,2,3,2,4,4.266666666666667,3.1291,0.6666666666666666,8.606504166666667,28,3,3,0,16,4,1360,train
1361,632,118,2,78,23,14,8,7,15,12.490847457627119,11.602472056035307,4.4,7.88477186440678,81,5,21,11,58,19,1361,train
1362,1125,192,9,120,40,34,10,8,25,10.358333333333334,11.37473899888905,3.5833333333333335,8.788797916666667,109,12,43,25,130,44,1362,train
1363,1304,220,5,129,50,32,14,16,32,14.0,13.747043046817236,5.2727272727272725,9.437272727272727,125,11,59,38,128,57,1363,train
1364,1262,218,8,134,38,29,12,19,29,12.03730886850153,12.311054993355175,3.5833333333333335,8.811007033639143,133,12,43,31,139,47,1364,train
1365,411,71,0,57,17,11,7,6,7,11.877183098591551,12.68835289967788,3.2,9.455890422535212,57,5,16,14,43,21,1365,train
1366,366,67,0,49,20,10,0,6,8,11.330149253731344,11.20814326018867,2.8,8.071886268656716,48,5,13,10,32,13,1366,train
1367,1615,270,19,172,60,36,12,24,39,15.37037037037037,14.672994598444667,5.166666666666667,9.723425925925927,163,12,61,49,185,75,1367,train
1368,737,116,1,82,31,21,7,7,17,13.041379310344826,13.427899808715576,4.25,10.48113103448276,80,8,34,26,78,37,1368,test
1369,1214,202,5,120,54,28,16,10,31,12.871947194719471,12.602617957971052,4.166666666666667,9.317868976897689,109,12,50,33,144,53,1369,train
1370,626,113,2,81,18,7,6,7,19,7.351858407079646,8.548686976883017,2.1,7.690342831858407,76,10,21,9,60,16,1370,train
1371,900,163,0,91,39,23,4,9,25,11.661622358554874,11.855464076750408,3.3333333333333335,8.022173074301296,83,9,29,21,88,26,1371,train
1372,474,93,2,62,9,7,8,9,11,6.604608294930876,7.447530270364452,1.7142857142857142,5.823535944700461,60,7,12,4,36,8,1372,train
1373,1279,224,11,138,59,38,8,10,36,13.424285714285714,12.340626583579944,4.4,9.117986428571427,125,10,44,25,141,51,1373,train
1374,986,181,3,99,46,26,4,16,25,15.333333333333336,12.161744961471694,5.333333333333333,8.721111111111112,96,6,31,15,93,32,1374,train
1375,1378,234,12,147,56,36,11,16,27,12.147771541762959,12.091993763477543,3.6153846153846154,9.337029679762297,134,13,47,32,173,54,1375,train
1376,877,152,0,95,42,19,7,3,20,11.755555555555556,11.855464076750408,4.0,8.837215204678362,89,9,36,21,88,38,1376,train
1377,1239,207,5,134,48,27,9,18,33,12.5312077294686,12.516099999999998,5.3,10.307954299516908,126,10,53,27,133,59,1377,train
1378,482,83,3,53,19,16,1,3,9,14.053658536585367,13.023866798666859,5.0,9.467324390243903,53,4,20,12,49,22,1378,train
1379,454,76,1,45,12,9,4,3,9,11.869473684210526,11.979248473330827,3.6,8.753446315789475,46,5,18,12,47,17,1379,train
1380,875,157,6,105,40,18,7,12,22,10.652547770700638,10.686352973137792,3.0,8.029390445859873,104,8,23,13,91,23,1380,train
1381,951,168,3,95,37,23,7,14,22,22.038095238095238,17.693802365651003,9.5,9.949164285714286,93,4,38,26,89,37,1381,train
1382,409,71,0,48,19,15,2,3,12,13.973708920187796,12.457975602129121,6.0,9.925437089201878,47,3,18,8,42,18,1382,train
1383,394,66,3,48,20,12,2,2,6,19.260606060606065,16.52667757954773,8.5,10.058148484848484,50,2,17,11,41,16,1383,train
1384,950,165,9,111,39,25,6,11,27,15.004329004329007,14.138980108339055,5.285714285714286,9.303400432900432,109,7,37,25,101,38,1384,test
1385,1064,185,9,128,35,21,12,14,30,12.805405405405407,12.68835289967788,4.0,9.248424324324326,124,10,40,28,116,43,1385,train
1386,890,161,1,106,34,19,5,11,27,13.91666666666667,12.161744961471694,4.833333333333333,9.893541666666668,102,6,29,15,89,35,1386,train
1387,375,67,2,47,13,8,2,2,10,18.176119402985076,14.554592549557764,6.5,9.30451791044776,47,2,12,8,35,13,1387,train
1388,970,165,7,121,30,17,16,13,23,11.933333333333335,12.161744961471694,3.4,8.856960606060607,114,10,34,25,119,41,1388,train
1389,2088,360,21,196,83,52,20,30,52,12.88028474156608,12.360288348925252,4.166666666666667,9.243989569792634,182,18,74,48,236,81,1389,train
1390,856,145,3,105,35,19,6,5,19,12.950793650793651,12.28987398476788,4.571428571428571,9.810523412698412,104,7,32,18,95,38,1390,train
1391,1246,216,3,130,48,33,14,13,39,22.28,17.58133193835471,8.8,10.238432962962964,122,5,44,32,142,48,1391,train
1392,351,63,0,54,13,9,4,3,8,14.74920634920635,13.5591,4.666666666666667,9.941433333333334,53,3,14,10,39,19,1392,train
1393,1383,241,7,132,48,35,8,13,25,10.371191464137523,10.608840637214634,3.357142857142857,8.88007960877297,126,14,47,24,157,45,1393,train
1394,1147,195,6,132,41,25,13,14,29,13.32701030927835,12.857556352371635,4.6,10.051987422680412,129,10,46,29,124,54,1394,train
1395,461,76,0,64,15,9,4,6,12,10.856140350877192,11.855464076750408,3.3333333333333335,8.420029824561404,64,6,20,14,48,18,1395,train
1396,459,84,1,66,16,11,4,5,12,10.304761904761905,9.516144504307135,3.5,7.497742857142857,65,4,12,5,45,9,1396,train
1397,634,103,3,74,23,15,5,1,12,14.45359223300971,13.968273953766033,5.4,8.797386213592233,74,5,27,17,68,22,1397,train
1398,350,63,0,44,19,11,1,1,10,12.20952380952381,11.855464076750408,5.0,8.68825873015873,44,3,15,7,32,14,1398,train
1399,1228,222,10,131,53,31,9,12,31,12.303423423423425,11.407655852321103,3.8,8.22280018018018,122,10,38,21,126,37,1399,train
1400,895,152,5,110,40,15,7,14,17,12.39578947368421,12.68835289967788,3.8,9.480617368421052,103,10,38,28,98,39,1400,train
1401,884,152,5,102,41,26,4,13,22,15.001503759398497,14.138980108339055,5.142857142857143,10.427015413533834,96,7,36,26,93,45,1401,train
1402,1062,186,1,121,49,30,14,11,32,12.567741935483873,12.457975602129121,5.0,9.245760215053764,120,9,45,24,104,45,1402,train
1403,792,140,3,95,34,21,8,8,22,8.171428571428573,8.841846274778883,3.0,8.278400000000001,88,10,30,10,87,29,1403,test
1404,1240,204,6,127,55,32,9,13,24,12.355354449472097,12.502718667466524,4.153846153846154,10.065181598793362,122,13,54,35,143,56,1404,train
1405,1153,195,6,101,47,31,8,18,29,13.543589743589743,12.857556352371635,4.6,9.948007692307693,95,10,45,29,117,52,1405,train
1406,1126,193,6,115,52,30,12,13,24,13.137363270005757,12.261556223090622,5.111111111111111,8.95444496257916,113,9,44,22,120,46,1406,train
1407,985,168,2,108,44,26,8,12,24,10.838095238095239,11.038039088145766,3.0833333333333335,9.124292857142859,104,12,37,22,112,43,1407,train
1408,707,128,1,87,34,21,5,7,13,11.064285714285715,10.914260884657427,3.2857142857142856,8.490971428571429,84,7,23,13,64,24,1408,test
1409,1019,173,11,110,41,23,14,13,24,15.355202312138728,14.731742533061166,5.375,9.546498843930637,103,8,43,33,113,45,1409,train
1410,996,165,8,115,30,22,11,13,25,14.12121212121212,13.383793397009324,4.666666666666667,10.191954545454546,110,9,42,29,109,50,1410,train
1411,310,62,1,43,11,10,3,5,8,10.20215053763441,9.725611199111238,3.0,6.698986021505377,42,3,9,4,24,6,1411,test
1412,1265,216,8,125,40,27,14,19,27,13.311111111111112,13.023866798666859,4.25,8.696105555555556,126,12,50,36,136,52,1412,train
1413,548,90,1,65,22,16,4,2,11,14.311111111111112,13.662883650711645,4.2,9.96807777777778,65,5,21,17,53,24,1413,train
1414,1193,200,8,128,43,28,9,14,33,17.428571428571427,15.343465313023842,6.857142857142857,9.632742857142858,123,7,48,32,122,51,1414,train
1415,1186,205,3,117,44,32,19,13,32,10.540069686411151,11.062562989136584,3.2857142857142856,8.368054006968642,113,14,45,27,134,45,1415,test
1416,632,106,0,73,33,17,3,4,13,9.830727762803235,9.957137785484202,3.7142857142857144,8.260604582210242,71,7,25,10,72,19,1416,test
1417,376,70,1,53,11,10,7,7,11,11.0,10.686352973137792,2.0,7.888071428571428,54,4,8,7,37,9,1417,train
1418,993,173,5,119,41,26,7,10,29,11.5442774566474,11.792908689023552,3.8,8.966892138728324,115,10,40,22,102,43,1418,train
1419,1143,181,8,128,39,22,12,14,17,14.353867403314917,13.427899808715576,6.75,10.167429281767957,128,8,53,26,136,56,1419,train
1420,954,167,1,110,31,27,8,4,28,14.333276304533792,13.484332010920856,5.0,8.601850213857999,104,7,35,23,87,37,1420,train
1421,265,50,0,35,12,8,2,3,9,14.0,13.023866798666859,5.5,7.4029,36,2,11,6,28,7,1421,test
1422,105,19,0,17,6,4,0,1,2,11.810526315789474,11.20814326018867,3.0,7.90311052631579,18,1,3,2,11,4,1422,test
1423,610,106,0,80,20,9,6,6,19,14.517735849056605,13.662883650711645,4.8,9.156887924528302,77,5,24,17,62,27,1423,test
1424,1039,170,6,121,40,25,9,12,25,12.20378698224852,12.340626583579944,4.4,9.333201538461537,121,10,44,26,116,42,1424,test
1425,1284,224,7,138,50,32,10,15,33,15.664285714285715,13.427899808715576,5.875,8.90230892857143,130,8,47,26,123,47,1425,train
1426,826,145,4,93,35,20,5,6,23,15.73793103448276,13.348371206891418,5.8,8.668486206896551,90,5,29,16,79,27,1426,test
1427,949,162,9,102,31,19,10,11,27,16.725925925925928,15.021129683784007,7.0,9.946625925925925,98,6,42,26,95,41,1427,train
1428,1253,205,10,124,54,31,12,15,29,16.39721254355401,13.925175675911131,8.0,9.402437282229965,127,7,55,24,141,49,1428,train
1429,1250,222,3,127,47,32,10,15,28,11.135790335790338,10.832165505486643,4.363636363636363,8.976211875511876,120,11,48,20,122,49,1429,train
1430,735,128,1,84,28,21,10,7,19,10.126785714285715,9.957137785484202,3.7142857142857144,8.36761205357143,82,7,26,10,65,20,1430,train
1431,636,100,4,73,30,19,5,5,18,12.666666666666668,13.023866798666859,5.333333333333333,10.147566666666666,70,6,32,18,69,31,1431,train
1432,788,137,6,93,34,21,4,10,18,12.345012165450122,10.864195022040775,4.333333333333333,8.918230413625304,90,6,24,11,86,31,1432,train
1433,322,62,1,41,16,12,2,3,10,8.780645161290323,9.516144504307135,2.25,7.206751612903226,41,4,10,5,30,8,1433,train
1434,1377,236,10,141,57,31,10,16,31,12.346284224250326,12.091993763477543,3.923076923076923,8.618244328552802,134,13,52,32,133,51,1434,test
1435,978,168,1,101,46,26,7,8,28,9.91861471861472,10.436869588844216,3.727272727272727,8.247539177489177,99,11,41,18,90,35,1435,train
1436,1398,231,8,133,58,32,8,9,32,12.528246753246755,12.048122262838007,3.5625,9.205803463203463,123,16,57,38,141,60,1436,train
1437,262,50,0,37,9,5,4,2,8,14.0,12.161744961471694,3.5,8.034500000000001,37,2,7,5,24,8,1437,test
1438,33,6,0,6,1,1,0,2,0,2.4000000000000004,3.1291,2.0,6.565766666666667,7,1,2,0,3,1,1438,train
1439,657,112,3,90,28,12,4,10,16,10.685714285714287,11.491704259439757,3.2857142857142856,8.941528571428572,92,7,23,15,73,27,1439,test
1440,589,105,1,71,24,16,7,4,15,18.571428571428573,15.021129683784007,8.666666666666666,9.432785714285714,70,3,26,13,53,22,1440,train
1441,768,136,4,85,21,13,7,14,21,11.632679738562093,11.645159339076184,3.0,8.681819934640522,82,9,27,20,76,32,1441,test
1442,439,73,0,57,18,8,5,2,10,11.319452054794521,11.20814326018867,4.0,9.984495616438355,60,5,18,9,47,20,1442,train
1443,1083,176,8,107,40,27,16,9,23,14.640404040404043,13.901157680251561,5.777777777777778,9.989410101010101,99,9,52,32,113,52,1443,train
1444,973,172,3,104,46,23,11,8,26,21.618604651162794,15.903189008614273,8.75,9.441393023255813,98,4,35,20,96,28,1444,test
1445,1180,200,6,133,49,30,11,16,26,12.672727272727274,12.563389971838223,4.181818181818182,8.959518181818183,126,11,46,30,130,50,1445,train
1446,1462,253,5,130,72,47,6,15,30,12.527698388567954,11.95083700844419,4.538461538461538,9.59467768318638,121,13,58,30,155,58,1446,train
1447,1147,201,4,129,48,29,8,20,26,12.617114427860699,12.161744961471694,4.3,8.954106766169154,122,10,43,24,115,43,1447,test
1448,294,51,0,39,11,8,2,3,7,10.354509803921568,10.355215969177355,2.4,10.024969019607845,39,5,12,8,30,15,1448,train
1449,1287,214,13,144,49,30,11,14,29,11.619314641744548,12.009924989830619,4.416666666666667,9.6122015576324,135,12,53,29,142,51,1449,test
1450,1094,181,5,111,47,34,8,12,25,12.769663485685584,12.872792785125622,4.2727272727272725,10.035849874434959,103,11,47,32,119,53,1450,train
1451,760,134,4,82,22,16,4,8,21,10.64221748400853,10.608840637214634,4.0,7.885388699360341,76,7,29,12,69,27,1451,train
1452,922,160,3,101,44,24,7,11,25,15.142857142857146,13.707050652182112,5.571428571428571,9.901964285714286,101,7,39,23,99,42,1452,train
1453,1036,177,6,112,40,30,5,17,20,10.504160246533127,10.63711953065702,3.909090909090909,9.16268818695429,108,11,43,17,107,38,1453,train
1454,439,76,3,55,16,12,2,4,12,10.816842105263158,11.20814326018867,3.6,8.96120947368421,53,5,18,10,38,17,1454,train
1455,1009,172,7,116,39,24,10,12,26,11.313806706114399,12.009924989830619,3.0,8.53947120315582,109,12,36,29,123,35,1455,train
1456,1686,287,6,171,61,40,15,21,34,12.092063492063494,11.958738252310603,3.7222222222222223,9.433929810298103,157,18,67,43,183,71,1456,train
1457,1393,236,11,154,54,27,15,15,31,12.828116710875333,12.230961643895458,4.3076923076923075,9.490074403183023,144,13,56,33,170,63,1457,test
1458,741,125,2,80,31,20,2,6,17,11.370000000000001,11.698219412168324,3.5,8.95902,76,8,28,18,79,27,1458,test
1459,1044,177,3,111,34,21,10,11,28,13.290395480225989,13.205437297517054,5.0,8.983209604519775,107,9,45,28,102,39,1459,train
1460,925,149,10,103,45,27,3,12,14,11.722893363161822,11.645159339076184,4.222222222222222,9.332420656226697,101,9,38,20,106,38,1460,test
1461,1021,166,1,111,34,17,10,13,26,13.401874163319945,13.205437297517054,4.888888888888889,8.926886613119144,111,9,44,28,109,43,1461,train
1462,1290,225,12,145,41,30,13,18,30,12.804040404040405,12.872792785125622,4.2727272727272725,8.791534343434343,136,11,46,32,139,49,1462,test
1463,893,164,5,111,37,26,6,13,20,9.486829268292682,9.642632912329528,2.9,7.91603756097561,109,10,28,13,101,26,1463,train
1464,995,170,12,109,38,21,11,9,31,14.184873949579833,13.023866798666859,5.428571428571429,9.206542016806722,102,7,37,21,112,37,1464,train
1465,389,75,0,54,18,12,5,8,6,8.566666666666668,8.841846274778883,2.25,6.882366666666667,54,4,9,4,37,7,1465,train
1466,1013,171,3,101,46,34,7,6,22,11.284444444444446,11.407655852321103,4.4,8.362905614035089,97,10,43,20,107,32,1466,test
1467,644,117,3,72,25,18,5,3,20,17.17008547008547,14.90622815163357,5.5,8.731146153846154,70,4,22,17,59,22,1467,train
1468,910,168,3,93,41,32,6,10,23,11.038095238095238,10.74609503303851,3.5555555555555554,7.8519499999999995,85,9,29,16,87,28,1468,test
1469,1093,187,7,124,45,27,5,16,29,11.505882352941178,11.567385478589937,3.6363636363636362,8.532748128342247,119,11,40,23,116,40,1469,train
1470,982,161,5,105,38,22,10,10,22,12.651180124223604,12.340626583579944,4.6,9.436861242236025,101,10,46,26,100,43,1470,train
1471,1248,213,9,123,49,29,9,19,37,15.157042253521126,13.427899808715576,5.75,8.737804225352113,111,8,46,26,131,47,1471,train
1472,1458,243,8,140,57,38,17,17,35,14.59768050879162,13.319297830178854,6.2727272727272725,9.865583576505799,130,11,69,35,163,68,1472,train
1473,647,113,3,77,34,18,2,7,20,11.412895069532238,11.765960540728905,3.7142857142857144,9.188159165613149,74,7,25,16,73,25,1473,train
1474,998,169,7,112,37,24,14,14,20,12.440473372781065,12.340626583579944,4.3,9.42663349112426,111,10,42,26,106,45,1474,test
1475,681,123,0,79,26,20,6,9,19,10.605807200929153,10.290406445055957,3.7142857142857144,8.102514401858304,73,7,26,11,63,21,1475,train
1476,938,166,3,108,40,22,9,10,23,13.119277108433735,12.38480682065935,4.25,8.946121686746988,102,8,34,21,94,36,1476,train
1477,762,133,5,79,29,20,4,6,25,13.28724100327154,12.785403640627713,4.714285714285714,8.783430861504907,76,7,33,20,80,31,1477,train
1478,1025,177,3,112,40,22,7,11,23,10.956137647663072,11.741389052700956,3.5454545454545454,8.270597791474064,107,11,39,24,100,34,1478,test
1479,916,161,2,87,36,26,6,9,21,12.89962732919255,12.340626583579944,3.8,9.240712173913044,85,10,38,26,84,43,1479,train
1480,855,154,2,91,37,29,4,2,29,12.436363636363637,11.491704259439757,4.285714285714286,8.316336363636363,84,7,30,15,84,29,1480,train
1481,1071,179,3,114,41,28,6,8,23,12.09568308786186,12.079253325248377,4.0,8.94245408836973,108,11,44,26,114,45,1481,train
1482,715,130,8,70,26,18,7,4,18,11.120879120879122,10.608840637214634,3.0,8.565873626373627,69,7,20,12,85,26,1482,test
1483,1275,213,9,129,47,26,10,17,39,16.096009389671362,15.078166124597352,7.25,9.553250234741784,122,8,57,35,133,47,1483,train
1484,849,144,0,101,32,22,9,6,20,9.733333333333334,10.25414643259724,3.888888888888889,8.487252777777776,93,9,35,14,82,33,1484,test
1485,1071,185,2,108,44,26,10,18,26,12.004504504504505,11.698219412168324,4.083333333333333,9.01013963963964,102,12,49,27,108,51,1485,test
1486,1136,179,9,130,41,27,15,15,18,12.726163723916535,12.161744961471694,3.7857142857142856,9.412184751203853,126,14,52,34,128,51,1486,train
1487,1036,179,6,113,38,26,7,11,29,14.027454110135677,12.785403640627713,5.142857142857143,8.786183639265763,107,7,36,20,97,32,1487,test
1488,1379,226,4,136,51,30,9,17,31,10.096408120770434,10.590485417798838,3.176470588235294,8.976994429984384,127,17,55,29,147,52,1488,train
1489,581,100,0,74,27,15,2,6,12,6.436363636363637,8.575989854853784,2.272727272727273,8.666509090909091,70,11,25,10,55,23,1489,train
1490,1133,194,5,114,39,30,9,15,30,15.060824742268043,14.005844860021309,5.75,9.153062886597938,110,8,46,29,107,47,1490,train
1491,1551,256,10,153,71,32,10,18,35,13.814423076923077,13.149919865122353,4.769230769230769,9.979371274038462,143,13,62,40,166,71,1491,train
1492,963,176,4,104,47,24,5,4,28,11.458585858585861,10.74609503303851,3.888888888888889,8.374523737373739,98,9,34,16,98,30,1492,test
1493,699,128,5,84,23,15,11,11,20,9.525,10.125756701596842,2.125,7.8841625,83,8,17,12,71,21,1493,train
1494,270,44,0,36,13,7,1,1,6,9.854545454545455,10.686352973137792,3.5,9.565054545454547,36,4,14,7,29,13,1494,test
1495,682,124,0,92,27,18,8,10,19,12.247004608294931,12.540900571622839,3.5714285714285716,8.717305990783409,87,7,25,19,72,27,1495,train
1496,1178,192,10,133,45,32,10,16,30,18.88809523809524,17.451712890111914,8.0,10.58924880952381,128,7,56,44,134,59,1496,test
1497,786,140,1,94,24,21,5,11,18,10.742857142857144,11.003577315987393,2.5,8.616757142857143,91,10,25,19,84,30,1497,train
1498,1278,219,11,148,45,26,16,19,23,11.442009132420091,11.429527900616531,3.3333333333333335,9.286998630136987,134,18,60,38,137,60,1498,train
1499,1032,173,3,114,35,23,10,16,30,13.700449582530508,13.023866798666859,5.222222222222222,9.609864418754015,111,9,47,27,97,46,1499,test
1500,585,102,0,66,19,11,7,6,13,11.318767507002802,11.491704259439757,3.142857142857143,7.919733053221289,61,7,23,15,51,22,1500,train
1501,511,96,2,69,23,15,6,3,17,14.600000000000001,13.427899808715576,3.75,8.938879166666666,69,4,15,13,53,15,1501,train
1502,490,86,1,54,24,14,3,3,10,9.919379844961242,10.125756701596842,2.8333333333333335,8.753944961240311,53,6,17,9,57,19,1502,train
1503,1451,255,18,152,58,35,12,18,39,11.207282913165267,11.062562989136584,3.7142857142857144,8.812516806722689,134,14,49,27,163,58,1503,train
1504,1199,212,5,116,51,34,4,6,35,15.316981132075473,13.624085052395262,6.0,9.27080566037736,103,8,48,27,126,46,1504,train
1505,1052,180,10,121,43,29,9,10,25,12.444444444444445,11.645159339076184,4.222222222222222,8.839166666666667,113,9,38,20,102,36,1505,test
1506,1467,250,9,140,68,39,9,16,33,13.613333333333333,13.023866798666859,4.833333333333333,9.406833333333333,135,12,57,36,158,60,1506,train
1507,182,37,0,26,3,2,2,2,3,8.481081081081081,7.168621630094336,3.0,7.114640540540541,25,2,6,1,13,5,1507,test
1508,1348,227,6,138,60,40,11,13,29,12.32437591776799,12.311054993355175,4.916666666666667,9.722167547723936,135,12,59,31,149,56,1508,train
1509,783,137,0,92,30,18,5,11,20,9.275620437956205,10.577609850970193,3.2,8.465217080291971,86,10,32,17,75,28,1509,train
1510,882,149,8,106,34,22,3,12,21,14.688782358581017,13.707050652182112,5.142857142857143,9.778982837967403,100,7,36,24,97,41,1510,test
1511,196,32,0,28,8,4,1,6,2,10.516666666666666,10.504223727775692,3.6666666666666665,9.593379166666667,28,3,11,5,20,10,1511,train
1512,1142,191,5,105,55,32,9,6,19,13.085026178010473,12.68835289967788,4.6,8.800038010471205,100,10,46,27,135,38,1512,train
1513,650,117,0,74,16,12,8,8,16,11.472039072039074,11.20814326018867,3.142857142857143,8.244331990231991,71,7,22,14,61,23,1513,train
1514,1101,185,2,112,37,26,9,7,27,13.62762762762763,12.838901577100671,5.555555555555555,9.521082582582583,112,9,47,26,126,46,1514,train
1515,1132,198,6,132,40,18,13,17,34,12.638383838383838,12.060818386365153,4.555555555555555,8.874568686868686,129,9,41,22,112,40,1515,train
1516,981,179,1,104,29,22,13,14,26,10.86058348851645,10.74609503303851,3.5555555555555554,7.6222067659838615,99,9,32,16,93,30,1516,train
1517,1499,240,9,149,60,39,11,22,27,14.66666666666667,14.06817628641468,5.666666666666667,9.694458333333333,143,12,68,44,153,64,1517,test
1518,848,147,10,100,35,17,8,6,20,11.159183673469387,11.429527900616531,3.4444444444444446,9.172891836734694,97,9,31,18,98,31,1518,test
1519,1200,211,8,140,41,27,18,18,35,13.179336492890997,13.81666964889586,4.9,8.49960028436019,136,10,49,35,126,42,1519,train
1520,1529,255,10,137,64,49,14,16,42,14.460784313725492,13.943154165760404,5.75,9.210774509803922,130,12,69,43,156,64,1520,train
1521,497,91,2,66,29,14,3,3,16,11.675604395604395,11.602472056035307,3.4,9.224165054945056,65,5,17,11,54,18,1521,train
1522,814,136,4,98,29,14,9,14,21,13.266541353383458,13.023866798666859,4.0,9.447415789473684,95,8,31,23,99,34,1522,test
1523,1129,192,1,101,52,36,6,5,26,12.700000000000001,12.650343791298138,5.444444444444445,9.217810416666666,97,9,48,25,120,40,1523,train
1524,1060,191,6,119,37,22,13,7,25,11.409633507853405,11.602472056035307,3.9,8.138676753926703,111,10,39,22,102,36,1524,train
1525,1124,192,8,122,42,24,5,11,22,11.981818181818182,11.911945987284739,4.0,9.107662121212122,113,11,44,26,120,48,1525,test
1526,1456,240,8,135,57,42,5,10,34,14.06060606060606,13.023866798666859,5.454545454545454,9.258306818181818,127,11,58,32,165,59,1526,train
1527,786,127,2,92,36,22,6,8,15,12.334251968503938,13.023866798666859,4.375,9.894451181102362,91,8,34,24,97,37,1527,train
1528,1157,203,7,126,46,28,8,19,30,12.06088669950739,11.792908689023552,4.3,9.46594157635468,118,10,43,23,122,47,1528,test
1529,293,55,0,40,9,5,2,4,8,12.454545454545455,10.125756701596842,5.5,9.019772727272727,41,2,11,3,26,8,1529,train
1530,1745,310,9,161,60,45,9,19,44,16.304985337243405,14.683698258229963,6.454545454545454,9.567576246334312,150,11,71,45,172,73,1530,train
1531,1072,179,9,117,49,31,9,10,24,15.368236233040705,13.925175675911131,6.285714285714286,9.491881963288108,109,7,44,25,122,43,1531,train
1532,929,162,2,96,37,22,7,13,24,12.899753086419754,12.68835289967788,3.7,9.02106938271605,92,10,37,28,96,40,1532,train
1533,682,116,2,83,31,17,7,9,14,16.082758620689656,14.191785591663535,7.0,9.294641379310345,79,4,28,15,71,27,1533,train
1534,453,86,1,62,18,14,6,8,11,9.205581395348837,9.3871,2.8,6.6928758139534885,57,5,14,6,40,10,1534,train
1535,1117,202,0,110,46,28,7,17,26,12.542134213421342,11.855464076750408,4.111111111111111,9.518011771177118,102,9,36,21,102,39,1535,train
1536,1145,195,12,113,64,28,11,4,25,14.0,13.205437297517054,5.666666666666667,9.326705128205127,104,9,51,28,135,47,1536,train
1537,1505,257,11,158,56,34,19,17,43,14.169779507133592,13.6886701853816,4.75,9.675381452658886,153,12,57,41,155,64,1537,train
1538,779,130,7,93,33,16,4,9,14,10.123076923076923,11.20814326018867,3.0,8.653915384615384,92,10,30,20,92,28,1538,train
1539,1060,179,1,113,49,27,8,8,21,14.983519553072625,14.005844860021309,5.375,9.509763687150837,110,8,43,29,123,42,1539,test
1540,1464,246,4,133,48,38,6,12,41,13.823503325942353,12.872792785125622,5.7272727272727275,9.43138677014043,127,11,63,31,148,60,1540,train
1541,980,167,9,107,40,27,7,8,29,11.090909090909092,11.567385478589937,3.3636363636363638,9.548136363636363,100,11,37,24,118,40,1541,train
1542,930,165,5,107,36,24,10,5,22,9.151515151515152,10.018931242160765,3.1818181818181817,8.591166666666666,102,11,35,16,96,34,1542,train
1543,589,103,0,73,29,18,6,6,15,14.571844660194177,13.427899808715576,5.5,9.512729126213593,70,4,22,13,61,22,1543,train
1544,1255,213,13,132,56,31,9,18,31,11.607042253521128,11.538034831475386,4.083333333333333,9.113050234741785,126,12,49,26,148,50,1544,train
1545,620,108,3,76,28,17,7,14,15,12.755555555555556,12.745084868956482,4.0,9.500225925925927,76,6,23,17,67,27,1545,test
1546,929,167,4,112,33,20,11,12,18,12.87831325301205,12.161744961471694,3.625,8.565639759036145,106,8,28,19,83,33,1546,train
1547,881,154,3,110,30,15,12,13,19,11.77950937950938,11.429527900616531,3.888888888888889,9.201704617604618,103,9,35,19,86,32,1547,train
1548,798,141,11,95,32,23,5,6,19,10.737943262411349,10.686352973137792,3.75,8.43020354609929,92,8,30,14,91,25,1548,train
1549,1352,223,7,133,54,39,8,12,30,13.711360239162929,13.427899808715576,4.75,9.443928400597908,121,12,57,39,146,56,1549,train
1550,1115,192,6,103,47,34,9,14,34,13.325000000000001,12.650343791298138,5.111111111111111,8.724372916666667,97,9,46,25,114,41,1550,test
1551,626,111,0,71,24,19,2,8,15,13.165765765765768,12.745084868956482,4.166666666666667,8.821667567567568,68,6,25,17,61,26,1551,train
1552,894,151,3,92,39,27,5,9,23,11.744223693892568,11.855464076750408,4.222222222222222,9.38344598969831,93,9,38,20,93,36,1552,train
1553,824,139,0,86,33,16,6,7,20,14.719784172661873,13.81666964889586,4.625,10.746141726618704,79,8,37,28,92,41,1553,train
1554,549,99,2,78,19,11,6,7,11,8.852525252525252,9.80015041476705,1.3636363636363635,6.315829292929293,76,11,15,14,56,14,1554,test
1555,929,162,2,100,34,21,6,15,27,13.285185185185185,12.38480682065935,4.375,9.027011111111111,101,8,35,20,94,37,1555,test
1556,869,161,3,100,28,25,4,14,24,10.037577639751554,9.188382445141503,3.125,7.675010559006211,94,8,24,9,73,23,1556,train
1557,242,41,4,37,9,5,7,3,5,11.320325203252033,11.20814326018867,2.6666666666666665,10.476317886178862,39,3,8,6,27,15,1557,train
1558,686,126,1,74,24,17,8,7,21,9.474603174603175,10.411451182825502,2.5,7.801271428571428,73,8,20,13,65,22,1558,train
1559,950,159,1,107,44,24,9,4,22,10.07987421383648,10.864195022040775,3.4166666666666665,8.663259748427674,106,12,42,22,111,37,1559,test
1560,1429,255,10,154,47,35,17,19,41,14.118253400143164,13.319297830178854,4.363636363636363,8.884722476735863,140,11,48,35,142,51,1560,train
1561,1485,248,16,121,54,34,12,14,42,15.147214076246335,14.02287970970757,5.909090909090909,9.84830293255132,110,11,65,40,168,71,1561,train
1562,937,158,8,107,33,21,10,10,24,12.395949367088608,12.161744961471694,3.5,8.917331898734178,104,10,35,25,107,44,1562,train
1563,709,121,2,79,29,21,7,7,14,14.678236914600554,14.314028922438442,5.166666666666667,10.11759311294766,78,6,31,23,72,35,1563,train
1564,1018,182,7,121,37,25,13,15,22,12.264713064713064,11.645159339076184,4.111111111111111,8.803917826617827,117,9,35,20,100,37,1564,train
1565,487,84,6,56,26,16,1,7,14,15.06666666666667,14.191785591663535,5.0,9.565480952380952,52,4,20,15,52,21,1565,train
1566,1569,268,6,159,68,42,14,14,40,12.221293532338308,11.855464076750408,4.066666666666666,9.707462786069652,143,15,60,35,169,76,1566,test
1567,1274,217,5,128,50,28,10,18,36,13.656958525345622,12.857556352371635,4.8,9.515308479262673,123,10,48,29,137,56,1567,train
1568,974,167,9,107,30,23,11,14,25,15.296107784431138,14.37465228746014,5.125,9.777648502994012,101,8,41,31,101,50,1568,test
1569,1083,173,7,116,37,26,9,14,23,12.240655105973026,12.311054993355175,3.75,9.736595568400771,113,12,45,31,141,50,1569,train
1570,1507,248,19,153,52,35,18,19,39,14.718279569892474,14.191785591663535,5.5,10.009792473118278,142,12,64,45,172,72,1570,train
1571,560,93,10,77,23,10,3,10,10,10.47557603686636,10.914260884657427,2.7142857142857144,8.709880030721965,72,7,19,13,61,18,1571,test
1572,723,134,1,84,36,19,5,8,17,10.045202558635395,9.236282656511921,2.857142857142857,8.356731982942431,80,7,20,8,74,20,1572,train
1573,1113,193,9,135,51,32,13,18,24,11.773484848484848,12.079253325248377,3.4545454545454546,8.531985037878787,131,11,38,27,131,38,1573,test
1574,877,143,6,94,37,19,8,7,22,13.34856254856255,13.023866798666859,4.333333333333333,9.83514832944833,92,9,39,26,115,37,1574,train
1575,708,118,5,86,29,14,10,9,15,13.861501210653755,14.138980108339055,4.714285714285714,9.156088861985472,83,7,33,25,79,32,1575,test
1576,911,152,7,117,40,18,5,11,26,13.652631578947371,12.815532586354998,5.0,10.292386842105262,113,8,40,23,103,47,1576,train
1577,902,150,8,97,41,28,7,7,21,10.787878787878789,11.022393298168332,3.3636363636363638,8.839330303030303,85,11,37,21,107,37,1577,train
1578,961,168,3,103,37,19,8,15,24,13.885714285714286,12.540900571622839,4.857142857142857,8.210471428571427,100,7,34,19,99,31,1578,test
1579,534,85,1,66,24,10,5,9,9,12.447058823529412,11.979248473330827,4.0,10.7957,65,5,20,12,60,28,1579,train
1580,1176,200,11,119,38,29,11,13,29,13.472727272727276,13.463846863241148,4.454545454545454,9.038468181818182,106,11,49,36,130,47,1580,train
1581,710,125,3,81,32,20,1,4,14,15.12,13.662883650711645,5.0,8.91874,78,5,25,16,73,26,1581,test
1582,789,135,5,90,30,15,7,11,21,17.614814814814817,15.903189008614273,6.4,10.12207037037037,87,5,32,25,84,36,1582,train
1583,1612,264,7,158,57,38,11,22,46,17.52969696969697,15.903189008614273,7.5,10.269083939393939,151,10,75,50,178,77,1583,test
1584,800,136,2,89,40,21,5,6,19,9.86797385620915,10.25414643259724,3.6666666666666665,8.10130522875817,86,9,33,14,86,28,1584,train
1585,1784,302,6,169,79,38,23,19,50,16.279831426851295,15.062637766997835,6.181818181818182,9.337881216134859,163,11,69,48,186,68,1585,train
1586,1204,200,10,140,49,26,15,16,29,13.488888888888889,13.383793397009324,6.0,9.238872222222223,133,9,54,28,135,47,1586,train
1587,321,54,2,44,10,5,7,3,5,16.725925925925928,15.247664890283005,5.5,9.361811111111113,47,2,11,9,34,14,1587,test
1588,896,154,2,88,37,19,8,9,19,12.03924963924964,12.060818386365153,4.111111111111111,9.201704617604618,83,9,37,22,90,35,1588,train
1589,1095,189,11,132,40,21,13,13,34,11.105531505531507,11.389717465364857,4.2727272727272725,8.916601779701779,123,11,47,23,125,47,1589,train
1590,963,166,3,109,43,25,8,8,21,11.07550200803213,11.538034831475386,3.5833333333333335,9.078657429718877,104,12,42,26,107,42,1590,train
1591,489,91,1,68,14,10,4,3,14,8.704029304029303,8.841846274778883,2.5,7.338546886446887,65,6,15,6,51,12,1591,train
1592,278,48,0,34,9,8,0,1,8,12.233333333333334,12.457975602129121,4.0,8.048641666666667,36,3,12,8,24,9,1592,train
1593,555,98,0,70,25,17,6,8,15,12.655782312925169,12.161744961471694,4.0,9.119184353741495,66,6,24,15,60,26,1593,train
1594,1181,199,6,113,53,35,9,9,33,13.990150753768845,13.348371206891418,5.2,9.384344020100503,107,10,52,32,123,53,1594,train
1595,1116,190,7,121,51,28,7,12,36,12.654970760233919,12.650343791298138,5.333333333333333,8.755769005847954,115,9,48,25,125,39,1595,train
1596,1226,208,7,136,46,34,15,15,32,12.125641025641025,12.009924989830619,3.9166666666666665,8.595560256410256,129,12,45,29,138,48,1596,train
1597,655,114,4,82,27,17,5,8,14,11.426566416040101,12.031772070788634,3.5714285714285716,8.184008270676692,77,7,25,17,67,24,1597,train
1598,788,126,2,93,36,18,6,12,20,13.866666666666669,13.484332010920856,5.0,10.043268253968254,98,7,34,22,90,34,1598,test
1599,463,80,0,64,16,10,3,9,12,12.4,11.979248473330827,4.2,9.56185,60,5,21,12,47,22,1599,train
1600,328,62,0,49,15,7,3,2,8,8.722950819672132,8.841846274778883,2.25,8.016834426229508,48,4,9,4,30,13,1600,test
1601,658,114,2,89,16,8,2,9,20,10.612280701754386,10.9516,2.5,9.19110701754386,88,8,20,15,70,29,1601,train
1602,928,165,2,111,35,17,5,11,24,11.15909090909091,10.411451182825502,3.5,8.678772727272726,106,8,28,13,123,31,1602,test
1603,597,93,5,73,24,14,4,4,13,16.18172043010753,14.90622815163357,6.0,10.562388172043011,75,4,25,17,68,26,1603,train
1604,1115,184,7,133,37,23,17,13,32,14.85217391304348,13.427899808715576,6.75,9.754582608695653,132,8,54,26,125,52,1604,test
1605,1023,173,2,106,30,19,6,9,15,12.071255911718339,12.079253325248377,3.8181818181818183,8.797613189700474,100,11,42,27,102,41,1605,test
1606,1170,199,12,126,46,27,8,10,26,15.879620323841431,14.554592549557764,5.555555555555555,10.128789000558347,115,9,50,36,135,58,1606,test
1607,771,132,4,101,32,18,8,10,20,10.412121212121214,10.980518767755715,3.4444444444444446,8.909572727272728,97,9,31,17,91,35,1607,train
1608,735,124,1,86,32,20,6,7,17,12.569585253456223,12.28987398476788,4.142857142857143,8.84464470046083,84,7,29,18,80,30,1608,train
1609,1208,212,9,128,45,31,10,13,29,12.048713550600343,11.741389052700956,4.181818181818182,8.465446140651801,120,11,45,25,122,44,1609,train
1610,400,68,1,43,14,8,0,0,9,13.858823529411765,13.023866798666859,3.75,8.4272,40,4,16,12,34,16,1610,test
1611,1035,178,4,113,40,24,13,8,26,11.776029962546817,11.538034831475386,3.25,9.073750187265917,107,12,40,24,113,41,1611,train
1612,854,149,4,106,36,18,7,10,26,15.762607861936722,14.955608360458719,5.0,9.143143911792905,100,7,35,30,93,37,1612,train
1613,461,75,1,44,26,15,1,5,5,12.4,11.979248473330827,4.0,9.012233333333334,44,5,20,12,45,17,1613,train
1614,372,67,0,47,15,8,3,6,9,9.539104477611941,10.355215969177355,2.0,8.307557910447763,49,5,10,8,32,14,1614,train
1615,1348,224,6,155,50,32,9,16,37,12.070879120879122,11.661520659325951,4.230769230769231,10.482887225274725,140,13,55,29,159,69,1615,train
1616,847,144,4,98,34,22,8,7,16,11.922222222222224,12.161744961471694,4.75,9.025063888888889,93,8,38,20,90,35,1616,train
1617,926,153,5,112,36,13,4,9,24,13.904761904761905,13.023866798666859,6.0,9.646890476190476,107,7,42,21,101,39,1617,train
1618,996,182,2,96,32,31,4,3,24,10.134665334665335,10.018931242160765,3.272727272727273,8.621550149850151,85,11,35,16,101,43,1618,train
1619,837,150,9,101,29,24,8,11,18,11.233333333333334,11.20814326018867,3.75,7.829766666666667,92,8,30,16,85,27,1619,train
1620,1228,208,11,134,47,32,12,18,30,13.909790209790211,13.606401829973382,4.2727272727272725,9.281025524475524,127,11,47,37,130,47,1620,train
1621,785,139,0,94,29,16,4,8,23,11.108324768756425,10.608840637214634,4.571428571428571,8.256522199383351,88,7,32,12,72,26,1621,train
1622,746,132,3,96,21,14,7,10,27,10.876190476190477,10.914260884657427,4.0,8.997799134199134,90,7,28,13,82,33,1622,test
1623,1163,205,10,125,36,24,14,14,29,12.33259423503326,12.079253325248377,3.6363636363636362,8.720180709534368,117,11,39,27,114,43,1623,train
1624,505,83,2,60,20,13,3,5,9,15.528915662650604,14.554592549557764,6.25,9.611965060240964,61,4,25,16,50,25,1624,train
1625,712,123,2,83,30,19,6,10,18,12.752845528455286,12.161744961471694,4.333333333333333,9.403137398373984,80,6,26,15,71,30,1625,train
1626,1015,179,7,125,41,23,11,13,29,10.645762711864407,11.20814326018867,3.1666666666666665,8.650133898305086,121,12,38,24,120,37,1626,train
1627,687,124,1,82,31,19,4,8,24,10.070967741935485,10.125756701596842,2.875,8.48013870967742,77,8,23,12,68,26,1627,train
1628,904,162,3,102,41,24,11,10,21,14.25679012345679,12.161744961471694,4.833333333333333,8.582058024691358,96,6,29,14,105,30,1628,train
1629,644,107,1,73,22,14,6,6,9,11.331308411214955,11.20814326018867,3.25,9.16971308411215,68,8,26,16,67,29,1629,train
1630,852,140,3,94,33,21,5,9,19,11.365079365079366,11.20814326018867,4.333333333333333,9.370626984126984,88,9,37,18,88,35,1630,train
1631,1520,250,12,154,64,34,13,12,38,14.253333333333334,13.81666964889586,5.5,9.027873333333334,142,12,66,42,162,56,1631,test
1632,754,133,1,79,30,21,5,8,20,11.46203007518797,11.698219412168324,3.625,8.49764135338346,76,8,29,18,70,28,1632,test
1633,1999,351,19,188,75,49,16,25,42,11.107826378414615,10.328600350310264,4.117647058823529,8.979226596279538,174,17,69,26,222,62,1633,train
1634,1113,194,4,121,38,21,15,13,29,11.948612212529738,12.367839424501923,3.6153846153846154,8.446272244250595,117,13,47,34,112,46,1634,test
1635,799,144,2,89,32,23,4,9,27,11.561904761904763,10.914260884657427,4.285714285714286,8.49469007936508,83,7,31,14,69,24,1635,train
1636,980,166,11,112,38,23,11,13,23,13.642838018741635,13.901157680251561,5.0,9.117127576974564,108,9,45,32,112,42,1636,train
1637,477,88,4,68,18,11,5,3,10,7.94909090909091,6.742157984588678,2.4,9.35411909090909,65,5,12,2,61,17,1637,train
1638,969,167,4,110,41,23,8,10,24,12.691683300066536,12.838901577100671,4.111111111111111,8.71709507651364,106,9,37,25,111,35,1638,train
1639,1138,189,11,133,46,26,13,16,22,10.532804232804233,11.20814326018867,3.8333333333333335,9.513943386243387,119,12,43,24,123,44,1639,train
1640,866,147,0,106,31,15,8,10,21,11.3221768707483,11.407655852321103,3.5,8.769633605442177,100,10,36,21,96,36,1640,train
1641,1080,177,7,120,43,21,10,8,26,12.729717514124296,12.516099999999998,5.1,9.777753333333333,114,10,51,27,127,53,1641,train
1642,840,148,6,89,32,22,4,9,26,11.994594594594595,11.698219412168324,4.0,8.928356756756756,82,8,31,19,85,34,1642,test
1643,1118,187,9,116,41,23,10,7,27,13.897112299465242,13.023866798666859,4.7,9.714768663101603,103,10,47,30,122,50,1643,train
1644,900,153,6,104,38,24,8,11,22,11.610196078431372,11.602472056035307,3.4,9.349105490196079,101,10,33,22,104,39,1644,train
1645,560,102,2,75,22,12,6,4,18,10.329411764705883,10.864195022040775,3.5,7.57577843137255,70,6,20,11,57,19,1645,train
1646,1136,188,6,129,44,21,10,11,30,13.26468085106383,13.187427743715652,4.7,9.60834170212766,123,10,47,31,122,45,1646,test
1647,1322,224,9,130,49,29,11,15,38,14.955555555555556,13.383793397009324,6.555555555555555,9.734872817460317,125,9,58,29,147,58,1647,train
1648,779,129,4,86,39,18,4,6,21,10.694573643410855,10.74609503303851,3.6666666666666665,10.100379069767442,78,9,33,16,94,38,1648,train
1649,1077,186,3,107,46,30,6,12,23,10.239205955334988,10.891193690592665,3.3076923076923075,8.590785194375517,99,13,42,24,122,37,1649,test
1650,659,110,0,81,26,15,10,6,13,12.06060606060606,12.161744961471694,4.5,9.569924242424243,79,6,27,15,70,27,1650,train
1651,883,151,3,103,36,21,7,14,22,13.377814569536424,13.427899808715576,4.5,9.696607284768213,99,8,35,26,92,43,1651,train
1652,969,160,4,95,32,22,9,10,24,12.611111111111112,12.457975602129121,4.444444444444445,8.959215277777778,95,9,40,23,106,35,1652,train
1653,1009,146,2,95,25,20,10,10,17,10.771506849315069,11.792908689023552,3.3,8.254084657534246,91,10,33,23,82,28,1653,train
1654,1182,208,9,117,43,35,11,12,29,16.693406593406593,14.554592549557764,7.0,9.892876648351649,109,7,49,28,128,52,1654,test
1655,929,163,4,102,27,23,5,13,23,13.948500881834216,13.023866798666859,4.714285714285714,9.852780776014109,103,7,33,21,98,41,1655,train
1656,1102,191,4,126,53,29,10,14,32,11.20020942408377,11.20814326018867,3.6,8.882708167539267,121,10,36,20,120,37,1656,train
1657,1072,189,6,113,45,29,4,12,29,13.062645502645502,12.340626583579944,3.6,9.168913544973545,103,10,36,26,120,44,1657,train
1658,1129,208,8,111,44,32,9,10,35,10.44825174825175,10.436869588844216,2.8181818181818183,8.370063986013987,103,11,31,18,104,33,1658,train
1659,468,81,0,58,23,13,2,4,15,9.350617283950617,10.125756701596842,3.3333333333333335,9.569433333333334,57,6,20,9,45,22,1659,train
1660,1663,291,7,177,79,42,7,19,40,12.300540009818361,11.629938488055164,4.428571428571429,9.171148404516446,168,14,63,31,174,62,1660,train
1661,1193,204,6,132,52,28,6,21,32,14.63058823529412,13.81666964889586,4.5,9.524663529411765,119,10,45,35,140,50,1661,train
1662,167,30,0,28,5,3,2,0,4,11.333333333333336,11.20814326018867,2.5,8.591166666666666,28,2,5,4,17,7,1662,train
1663,1474,241,4,136,49,37,13,15,29,12.362892708950803,12.161744961471694,4.285714285714286,9.20767296976882,127,14,60,35,155,65,1663,train
1664,953,169,3,105,38,24,10,12,23,11.352555137170523,11.389717465364857,3.272727272727273,8.322678375470684,97,11,36,23,98,34,1664,train
1665,686,111,5,87,27,14,8,9,14,11.676126126126128,12.161744961471694,3.375,9.730285585585587,83,8,27,19,76,31,1665,train
1666,629,106,6,81,15,11,4,14,10,9.450943396226416,9.827888789773866,1.875,10.252190566037736,77,8,15,11,76,28,1666,train
1667,1315,223,13,119,54,34,12,8,33,14.028373420301671,13.319297830178854,4.818181818181818,9.456915165103954,103,11,53,34,142,57,1667,test
1668,797,132,5,85,25,15,7,9,23,14.557575757575757,13.5591,5.833333333333333,9.751790909090909,82,6,35,20,87,34,1668,train
1669,1872,324,16,191,78,40,21,28,48,15.613985278654049,13.81666964889586,5.083333333333333,9.579164143007361,180,12,62,42,216,70,1669,train
1670,790,137,3,96,29,19,5,7,24,17.091386861313868,15.112257680678326,6.2,10.297291824817519,93,5,31,22,81,36,1670,train
1671,139,25,3,21,6,3,2,3,0,6.6000000000000005,8.841846274778883,2.0,6.1513,21,2,4,2,13,3,1671,train
1672,1341,233,8,152,49,35,11,12,26,11.020200286123034,11.341690212594319,3.466666666666667,9.015193676680973,140,15,52,31,140,52,1672,train
1673,972,169,4,108,39,20,4,14,22,13.680811496196112,12.540900571622839,5.285714285714286,9.692447252747254,109,7,38,19,102,36,1673,test
1674,1149,203,5,134,44,29,7,16,32,14.22910447761194,13.227904075235838,5.75,9.753247263681592,126,8,46,25,123,48,1674,train
1675,1528,260,9,142,54,39,13,14,47,20.241758241758244,16.26309291913925,8.571428571428571,10.58017032967033,136,7,61,37,160,67,1675,train
1676,931,164,1,115,31,23,9,12,23,13.029965156794425,12.031772070788634,5.142857142857143,9.323740069686412,114,7,36,17,90,30,1676,test
1677,802,130,3,89,44,24,5,9,18,12.96703296703297,13.25671669890799,5.0,10.75218131868132,83,7,35,22,88,40,1677,train
1678,265,40,0,32,13,6,1,0,3,11.333333333333336,11.20814326018867,4.333333333333333,10.219083333333334,31,3,13,6,27,13,1678,train
1679,849,149,3,105,32,21,6,11,30,11.476845637583892,11.20814326018867,4.0,8.375333557046979,99,8,32,16,86,33,1679,train
1680,739,134,1,87,34,20,5,10,17,9.35033921302578,10.018931242160765,2.272727272727273,8.129300271370422,85,11,25,16,74,27,1680,train
1681,979,175,1,111,46,31,5,9,28,11.035714285714286,9.827888789773866,3.5,9.7743,103,8,28,11,110,33,1681,train
1682,738,128,1,94,31,17,11,6,17,9.75138888888889,10.504223727775692,3.0,8.782859722222224,95,9,25,15,76,27,1682,train
1683,1284,225,4,127,52,37,9,16,34,16.68904548366432,13.925175675911131,6.142857142857143,9.889887828315182,125,7,42,25,134,46,1683,train
1684,860,150,4,112,37,17,13,9,27,12.833333333333336,12.38480682065935,4.375,9.619299999999999,108,8,35,21,95,35,1684,train
1685,685,124,6,89,28,16,6,8,22,13.092032520325205,11.20814326018867,4.4,9.478123414634148,89,5,20,10,73,24,1685,train
1686,732,123,3,90,30,16,8,9,17,10.65158906134516,10.832165505486643,3.0,9.326077531411677,84,11,30,20,88,32,1686,train
1687,831,148,1,103,41,20,3,12,27,11.937414965986395,11.20814326018867,4.571428571428571,9.082113605442178,97,7,31,14,82,31,1687,train
1688,496,86,2,59,13,9,2,7,11,8.989147286821705,9.2995712137729,2.6666666666666665,9.671968217054264,57,6,16,7,46,23,1688,train
1689,1222,208,4,126,51,29,8,14,29,13.140559440559441,12.563389971838223,4.545454545454546,9.281025524475524,122,11,50,30,119,56,1689,train
1690,892,151,3,91,35,18,4,10,22,16.424282560706402,14.790194502661404,5.833333333333333,10.11324348785872,90,6,35,25,97,44,1690,train
1691,459,87,0,62,15,9,4,6,11,6.648850574712644,8.07648339933343,2.125,6.535325287356322,58,8,17,6,42,10,1691,train
1692,1713,295,11,184,66,39,23,18,42,9.967796610169493,10.899274998029323,3.55,9.238913559322034,171,20,69,37,189,66,1692,train
1693,540,85,6,68,15,7,9,5,10,8.954248366013074,9.444778638647367,2.111111111111111,8.934826797385622,69,9,19,11,64,21,1693,train
1694,360,67,4,50,17,10,3,1,8,11.918407960199005,11.20814326018867,3.0,8.279307960199006,49,3,8,5,37,12,1694,train
1695,1002,186,4,100,43,25,9,13,18,7.219594594594596,8.278499904357787,1.5625,8.477567567567569,91,16,25,13,107,32,1695,train
1696,843,151,1,97,38,24,7,8,24,12.602081362346263,11.765960540728905,3.7142857142857144,9.516641532639547,92,7,26,16,85,38,1696,train
1697,857,147,1,99,31,21,11,7,21,10.887414965986395,10.9516,3.75,8.30742380952381,92,8,30,15,82,28,1697,train
1698,1237,213,4,123,50,28,6,14,30,11.812062116287468,11.807384569943707,3.5384615384615383,9.193590068616828,114,13,46,30,126,53,1698,test
1699,932,150,9,110,39,18,8,13,28,12.833333333333336,12.815532586354998,5.125,10.461433333333334,108,8,41,23,110,46,1699,train
1700,911,159,8,105,39,28,5,13,21,12.098113207547172,12.261556223090622,4.111111111111111,9.279559119496856,97,9,37,23,106,40,1700,test
1701,164,28,0,26,4,3,4,2,3,9.885714285714286,11.20814326018867,3.0,7.714471428571429,26,2,6,4,18,4,1701,train
1702,586,99,2,69,27,13,4,9,16,11.44848484848485,12.161744961471694,4.166666666666667,9.239748484848485,69,6,25,15,63,24,1702,train
1703,698,124,2,88,32,21,5,4,16,8.414336917562725,9.150863307647796,3.111111111111111,8.140039068100359,83,9,28,10,70,24,1703,train
1704,706,129,1,81,29,23,7,2,16,11.70077519379845,10.864195022040775,3.6666666666666665,7.885380620155039,77,6,21,11,71,17,1704,train
1705,1023,163,9,111,44,23,12,13,21,12.798438371444508,12.872792785125622,4.636363636363637,9.505653597322922,109,11,52,32,125,46,1705,train
1706,989,174,5,112,40,20,9,15,25,12.790804597701149,12.261556223090622,3.888888888888889,8.860548275862069,107,9,35,23,109,37,1706,test
1707,992,175,5,106,34,27,6,10,27,14.235714285714288,13.227904075235838,4.875,8.60132857142857,104,8,38,25,93,37,1707,train
1708,1396,240,11,134,60,31,9,22,46,13.166666666666666,12.457975602129121,5.0,9.299708333333333,120,12,60,32,151,63,1708,train
1709,569,95,1,65,26,18,5,4,7,8.37593984962406,9.957137785484202,3.142857142857143,8.132484962406014,61,7,20,10,62,15,1709,train
1710,599,105,1,67,28,17,4,3,12,10.428571428571429,10.504223727775692,3.1666666666666665,8.113642857142857,66,6,19,10,65,20,1710,test
1711,1003,175,3,107,32,19,7,9,27,12.34920634920635,11.855464076750408,3.6666666666666665,7.758944444444444,98,9,34,21,88,30,1711,train
1712,1192,204,7,120,40,21,14,14,27,11.731907308377899,11.567385478589937,4.636363636363637,8.890864349376114,114,11,51,24,122,49,1712,train
1713,848,160,0,97,27,16,3,6,26,34.567295597484275,16.52667757954773,14.0,10.658253459119496,94,2,29,11,66,24,1713,train
1714,237,44,0,38,8,5,2,3,5,7.684848484848485,7.793537801064561,2.6666666666666665,8.311466666666668,38,3,8,2,24,11,1714,train
1715,1204,207,5,119,50,28,8,11,32,13.324374176548089,12.563389971838223,4.363636363636363,9.375533992094862,116,11,48,29,127,47,1715,train
1716,1395,238,5,138,59,40,8,15,33,13.3682570593963,13.149919865122353,4.0,8.804712398571894,130,13,51,39,152,50,1716,train
1717,442,75,4,63,16,9,7,6,6,17.46666666666667,16.32212239822248,5.333333333333333,9.2977,60,3,16,16,46,19,1717,test
1718,1072,181,13,121,47,30,5,8,29,14.574861878453039,14.191785591663535,5.375,9.556766298342541,115,8,43,30,116,46,1718,train
1719,1058,186,2,119,43,25,10,12,36,13.643010752688173,13.023866798666859,5.0,9.160867741935483,114,9,45,27,117,47,1719,train
1720,957,159,5,104,33,17,8,12,23,14.74245283018868,14.005844860021309,5.25,9.786325157232707,100,8,41,29,98,44,1720,train
1721,820,134,8,98,35,20,6,12,15,22.045771144278607,16.32212239822248,12.666666666666666,10.918906965174129,97,3,38,15,84,37,1721,train
1722,1456,257,1,146,48,33,13,17,26,11.678236057068743,11.473099999999999,3.6666666666666665,8.602772477302207,138,15,55,32,130,58,1722,train
1723,1429,242,8,145,62,37,12,19,37,12.694765840220388,12.457975602129121,4.5,9.0083782369146,136,12,55,32,150,56,1723,test
1724,685,128,0,74,19,20,10,7,16,8.501388888888888,9.444778638647367,2.2222222222222223,7.179187847222222,69,9,20,11,56,21,1724,test
1725,910,162,1,93,29,26,1,7,24,8.60695847362514,8.841846274778883,2.909090909090909,7.9733307519640855,87,11,31,11,92,26,1725,test
1726,1226,192,10,106,47,27,9,11,30,12.471666666666668,12.161744961471694,4.0,9.194236666666669,105,10,40,25,121,45,1726,train
1727,650,108,3,78,25,17,6,8,16,13.866666666666669,13.81666964889586,4.666666666666667,9.061614814814815,77,6,28,21,67,27,1727,train
1728,518,87,5,71,21,11,8,7,10,14.217241379310344,13.023866798666859,4.75,8.889667816091954,70,4,20,11,55,21,1728,train
1729,957,161,6,118,36,19,10,14,19,11.905838509316773,11.602472056035307,3.5,9.044563105590061,111,10,36,22,105,37,1729,train
1730,500,89,1,56,23,16,0,2,16,22.29438202247191,15.903189008614273,9.5,9.92426179775281,52,2,19,10,54,18,1730,train
1731,1241,211,6,122,60,31,9,15,30,14.496261190100052,14.06817628641468,6.111111111111111,9.738396577145867,117,9,55,32,141,51,1731,train
1732,824,146,7,106,21,15,8,8,19,11.683561643835617,12.161744961471694,4.0,8.110672602739726,99,8,32,20,85,28,1732,train
1733,788,135,4,92,32,20,9,8,22,12.511111111111113,12.340626583579944,3.6,8.98461851851852,88,10,36,26,85,35,1733,train
1734,556,108,1,73,23,14,8,3,13,9.380740740740741,6.742157984588678,2.0,6.6085081481481485,70,5,9,2,51,8,1734,train
1735,416,69,1,58,12,5,5,4,11,18.43768115942029,15.903189008614273,9.5,9.237989855072463,59,2,19,10,40,16,1735,train
1736,943,167,0,85,44,22,5,6,35,14.00758483033932,12.161744961471694,5.666666666666667,9.27182375249501,76,6,34,15,85,33,1736,train
1737,1766,295,8,149,63,52,10,17,40,14.530266343825668,13.707050652182112,5.0,9.605981840193705,137,14,70,47,166,71,1737,train
1738,897,157,4,104,38,23,6,14,26,10.356433121019109,10.793553405168563,3.5,8.136430191082802,100,10,35,18,98,27,1738,train
1739,1405,237,11,142,50,28,11,12,41,13.537033430704316,13.397384779245865,4.384615384615385,9.004585816293412,132,13,57,42,163,57,1739,train
1740,760,134,1,85,30,22,6,8,21,14.00358208955224,11.602472056035307,5.6,9.090033731343283,83,5,28,12,70,25,1740,train
1741,1023,168,6,103,32,20,8,7,23,14.57754491017964,14.191785591663535,5.75,9.683097604790419,99,8,46,30,113,47,1741,train
1742,1364,244,22,158,55,29,16,18,34,20.365027322404373,14.790194502661404,9.166666666666666,9.989345355191258,151,6,54,25,158,53,1742,train
1743,1693,283,8,163,70,51,15,19,45,13.73942453306411,13.25671669890799,4.928571428571429,9.214322917718324,151,14,69,44,172,68,1743,test
1744,1089,185,8,121,51,32,2,11,32,12.762762762762764,12.261556223090622,4.777777777777778,8.838271771771772,117,9,42,23,116,41,1744,train
1745,1118,191,3,111,44,29,13,11,27,14.13214659685864,13.348371206891418,4.5,8.882708167539267,109,10,45,32,114,46,1745,test
1746,1038,168,6,109,49,27,8,14,25,13.386666666666668,12.68835289967788,4.5,10.672994285714285,103,10,46,28,107,54,1746,train
1747,720,123,0,82,36,21,1,5,24,15.043252032520327,13.968273953766033,6.6,10.119993333333333,82,5,34,18,68,32,1747,train
1748,1436,246,17,149,43,31,22,14,39,14.961714708056173,13.747043046817236,5.363636363636363,9.046264818920918,137,11,58,38,157,60,1748,test
1749,850,147,1,94,26,27,5,2,15,10.342857142857142,10.74609503303851,3.2222222222222223,9.065476870748299,91,9,28,16,83,39,1749,train
1750,680,116,2,78,34,20,2,5,19,10.502068965517243,10.793553405168563,3.0,9.112204827586208,74,10,30,18,66,31,1750,test
1751,761,131,4,91,34,18,4,12,19,10.519465648854961,10.686352973137792,3.875,8.908470992366412,90,8,32,14,75,29,1751,train
1752,380,65,1,43,15,10,3,2,12,12.653846153846155,12.602617957971052,4.0,9.786807692307693,44,4,16,11,37,21,1752,train
1753,390,77,0,49,14,11,5,5,12,14.422510822510823,12.457975602129121,4.0,7.370345887445888,48,3,12,8,34,11,1753,train
1754,767,125,3,84,28,16,7,12,17,14.57,14.005844860021309,4.25,9.84326,82,8,34,29,77,37,1754,train
1755,549,95,2,61,26,17,5,5,11,13.494736842105263,12.68835289967788,3.8,9.897636842105264,64,5,17,13,56,24,1755,train
1756,626,110,4,75,24,17,5,3,21,15.363636363636363,13.81666964889586,5.75,9.306863636363637,77,4,23,14,63,24,1756,test
1757,1419,253,15,146,54,39,16,13,33,11.887747035573122,10.63711953065702,4.2727272727272725,8.27231976284585,129,11,47,19,158,45,1757,test
1758,665,118,1,91,26,17,7,7,19,9.967796610169493,10.411451182825502,3.5,8.382506779661018,89,8,26,13,65,24,1758,train
1759,1014,177,4,113,40,31,6,5,25,9.741807909604521,10.125756701596842,3.0833333333333335,8.204088700564972,105,12,37,18,100,37,1759,train
1760,943,162,9,104,49,27,4,7,24,13.038271604938272,12.161744961471694,4.375,9.027011111111111,102,8,35,19,97,35,1760,train
1761,1892,304,17,161,89,46,10,16,42,14.1756600660066,13.328392162939544,5.625,10.308143234323433,150,16,89,51,226,87,1761,test
1762,2718,454,17,241,98,68,24,18,69,15.637189891027129,14.629514614951471,6.315789473684211,9.690841942963136,217,19,117,77,288,114,1762,train
1763,557,101,0,75,20,15,4,4,12,11.24831683168317,10.793553405168563,3.2,9.953865544554457,72,5,16,9,55,27,1763,train
1764,802,136,2,84,39,23,3,8,20,14.447058823529412,13.624085052395262,4.5,10.052641176470589,80,8,36,27,84,36,1764,train
1765,715,125,1,95,29,18,6,13,16,13.773333333333333,13.295006501635747,5.166666666666667,9.343673333333333,94,6,31,19,69,32,1765,train
1766,1012,182,2,111,42,23,6,15,34,14.795604395604398,13.023866798666859,5.142857142857143,9.784561538461539,104,7,36,21,103,41,1766,train
1767,1413,234,10,147,48,28,10,14,38,14.48820512820513,13.81666964889586,6.1,9.183251111111112,135,10,61,35,144,57,1767,train
1768,1664,277,7,169,69,36,13,23,36,14.576293622141998,13.6886701853816,5.916666666666667,9.62674019253911,160,12,68,41,165,67,1768,train
1769,1027,188,5,110,34,22,8,13,27,10.69598108747045,10.504223727775692,3.4444444444444446,7.612216548463357,103,9,29,16,89,25,1769,train
1770,941,160,0,93,30,21,6,10,23,16.416666666666668,14.790194502661404,6.166666666666667,9.301416666666666,90,6,37,25,87,37,1770,train
1771,201,30,2,28,7,3,2,1,3,25.333333333333336,21.19438992294339,12.0,13.0195,29,1,12,10,23,14,1771,train
1772,1003,172,4,118,32,20,8,11,24,11.996279069767443,12.340626583579944,3.6,8.712526976744186,116,10,36,25,105,40,1772,train
1773,982,162,6,104,38,23,8,12,21,14.272839506172842,13.81666964889586,5.875,9.709295061728396,101,8,47,28,104,42,1773,train
1774,904,153,6,98,37,20,11,13,22,12.02875816993464,12.261556223090622,4.444444444444445,9.639830718954249,97,9,40,23,94,40,1774,train
1775,1059,183,12,123,38,20,12,11,26,11.244709388971685,11.741389052700956,3.5454545454545454,8.77587128663686,116,11,39,25,120,30,1775,test
1776,1454,252,5,150,70,37,12,15,39,13.766810966810969,13.023866798666859,4.818181818181818,9.03358455988456,144,11,53,32,155,54,1776,train
1777,424,76,1,58,18,14,2,4,13,10.23157894736842,11.20814326018867,2.5,9.14968947368421,56,4,11,8,36,19,1777,train
1778,1065,186,4,108,45,25,10,19,32,15.144700460829496,13.707050652182112,5.142857142857143,9.029281566820277,96,7,36,24,106,35,1778,train
1779,1099,198,5,121,54,25,10,13,30,10.836363636363638,11.022393298168332,3.3636363636363638,8.995158585858587,118,11,36,23,115,37,1779,test
1780,693,118,0,94,28,14,8,12,14,10.482711864406781,10.793553405168563,3.2,9.440508813559322,89,10,32,18,73,31,1780,train
1781,1048,176,4,111,43,30,6,10,32,12.26727272727273,12.68835289967788,4.4,9.174687272727272,108,10,44,27,111,42,1781,test
1782,570,98,0,72,25,12,6,8,16,12.538775510204083,12.031772070788634,4.142857142857143,9.486818367346938,70,7,29,17,61,29,1782,train
1783,872,152,2,99,38,19,9,14,24,14.080701754385965,13.023866798666859,5.166666666666667,9.359941228070177,94,6,31,18,87,40,1783,train
1784,767,140,1,96,30,19,7,10,21,11.365079365079366,11.645159339076184,2.888888888888889,8.24276984126984,92,9,26,20,67,28,1784,train
1785,782,134,1,99,26,15,7,13,21,9.947354138398914,10.63711953065702,2.8181818181818183,9.0719868385346,99,11,30,19,81,34,1785,train
1786,714,121,1,82,32,18,7,3,13,13.025344352617081,12.745084868956482,5.0,8.682138567493112,76,6,30,17,69,28,1786,test
1787,355,62,2,49,15,7,2,3,11,18.851612903225806,15.903189008614273,7.5,9.503616129032258,51,2,15,10,35,15,1787,train
1788,631,112,0,78,25,14,3,7,17,13.180952380952384,12.745084868956482,4.0,8.791830952380952,76,6,24,16,56,23,1788,train
1789,1101,177,8,104,40,21,7,10,33,14.872316384180792,14.232682905230785,5.555555555555555,10.142927118644067,99,9,50,33,118,55,1789,train
1790,734,121,2,83,36,16,2,9,16,12.203541912632822,11.765960540728905,4.285714285714286,9.061226800472255,85,7,28,13,84,26,1790,train
1791,657,115,2,81,26,17,6,8,18,15.673913043478263,13.427899808715576,6.75,9.456239130434783,81,4,28,13,63,27,1791,test
1792,1087,190,1,115,45,24,6,5,23,11.596491228070176,12.009924989830619,3.6666666666666665,8.244675438596492,112,12,43,29,110,38,1792,train
1793,623,105,0,72,30,15,0,5,14,16.976190476190478,15.247664890283005,6.75,9.449928571428572,71,4,27,18,58,27,1793,test
1794,457,79,1,53,16,12,4,1,11,10.876962025316457,10.793553405168563,3.4,9.616888860759495,56,5,17,9,54,20,1794,train
1795,744,124,3,89,30,18,6,8,20,13.859907834101381,13.484332010920856,3.857142857142857,9.736015668202764,88,7,27,23,82,37,1795,train
1796,352,58,3,47,12,8,1,7,10,14.629885057471265,13.5591,5.0,9.223536781609194,46,3,15,10,33,16,1796,train
1797,1294,229,6,136,35,24,17,18,35,10.023057644110276,10.451354775682146,3.0714285714285716,8.11475388471178,126,14,40,23,138,41,1797,train
1798,1164,189,6,122,45,26,9,11,22,11.743150966680378,11.661520659325951,3.6153846153846154,10.091795104895105,120,13,47,28,148,50,1798,test
1799,1377,245,2,147,59,34,12,15,43,12.990723562152136,12.24349002098031,4.181818181818182,8.865961966604823,139,11,46,28,139,50,1799,train
