,CH,W,CO,UW,NN,DT,RB,JJ,IN,GF,SMOG,RIX,DC,WT,S,LW,CW,NBW,DW,index,split
0,230,38,1,30,10,1,3,4,6,16.02105263157895,16.52667757954773,6.0,10.396268421052632,32,2,12,11,22,9,0,test
1,292,48,1,37,17,5,1,1,4,11.373049645390072,11.855464076750408,4.0,12.140587943262412,41,3,12,7,38,14,1,train
2,242,44,1,37,10,6,1,4,3,8.036363636363637,10.125756701596842,1.5,8.847327272727274,38,4,6,6,23,9,2,train
3,289,56,4,38,14,9,0,4,6,11.038095238095238,10.504223727775692,2.6666666666666665,9.355759523809525,37,3,8,5,34,11,3,train
4,320,56,0,35,16,8,2,3,6,14.609523809523811,14.06817628641468,3.6666666666666665,10.765580952380953,35,3,11,11,35,17,4,test
5,368,61,1,50,16,3,4,1,7,13.333333333333332,13.023866798666859,3.25,10.6965,49,4,13,12,45,16,5,train
6,253,40,0,34,9,1,1,2,9,15.0,15.247664890283005,6.0,11.734,34,2,12,9,29,13,6,train
7,132,20,1,20,4,0,1,3,3,12.22105263157895,11.20814326018867,4.0,12.418226315789473,22,2,8,4,17,7,7,test
8,284,49,1,42,13,1,3,5,5,12.247619047619049,12.457975602129121,2.6666666666666665,9.924796598639455,42,3,8,8,32,13,8,train
9,338,58,1,43,13,6,0,6,10,13.386206896551725,13.023866798666859,3.75,8.98380344827586,45,4,15,12,36,13,9,train
10,302,52,0,30,13,3,2,4,8,12.317948717948719,13.023866798666859,4.333333333333333,9.354694871794871,29,3,13,9,30,10,10,train
11,319,51,0,39,12,1,3,3,11,13.727450980392158,13.023866798666859,4.25,10.151449019607844,38,4,17,12,31,16,11,train
12,309,51,0,35,13,2,3,2,12,10.354509803921568,10.793553405168563,1.8,10.024969019607845,35,5,9,10,37,17,12,train
13,285,46,0,33,12,0,1,4,7,15.698550724637682,14.06817628641468,3.6666666666666665,11.262250724637681,32,3,11,11,31,17,13,train
14,316,51,1,41,11,6,3,4,6,15.427450980392159,15.021129683784007,4.333333333333333,10.362249019607845,41,3,13,13,29,17,14,train
15,308,54,2,40,21,6,1,0,4,9.844444444444445,10.686352973137792,2.25,9.277025925925926,41,4,9,7,34,14,15,test
16,313,54,2,40,13,5,3,4,8,10.585185185185185,11.698219412168324,2.75,9.277025925925926,40,4,11,9,30,14,16,train
17,151,25,0,24,9,1,0,2,1,8.200000000000001,10.125756701596842,3.5,11.8357,24,2,7,3,17,10,17,train
18,268,42,0,31,9,1,4,4,7,16.97142857142857,16.52667757954773,6.0,10.317385714285715,30,2,12,11,27,13,18,train
19,145,27,1,24,4,1,4,1,3,13.762962962962963,13.023866798666859,4.0,7.899774074074074,26,1,4,3,11,4,19,test
20,391,67,1,50,12,4,6,2,13,11.946666666666667,12.68835289967788,3.8,9.31531090909091,50,5,19,14,40,15,20,train
21,176,33,0,24,7,4,1,2,8,18.04848484848485,15.903189008614273,6.0,9.101178787878787,25,1,6,5,15,8,21,train
22,463,80,3,62,18,10,4,4,10,13.0,13.023866798666859,4.25,9.957625,62,4,16,12,55,15,22,train
23,264,48,2,36,14,4,2,3,7,12.933333333333335,12.161744961471694,3.5,9.432316666666667,38,2,7,5,28,8,23,train
24,213,35,2,31,7,2,7,0,4,12.714285714285715,14.554592549557764,4.5,9.015928571428573,33,2,9,8,25,8,24,train
25,251,46,0,38,12,2,3,3,7,8.078260869565218,9.516144504307135,2.0,7.639508695652174,38,4,8,5,22,9,25,test
26,232,41,0,34,6,2,2,3,9,12.102439024390245,13.023866798666859,4.5,7.734275609756097,34,2,9,6,19,5,26,train
27,357,60,1,47,16,3,6,6,12,10.133333333333335,10.793553405168563,2.6,9.231866666666667,46,5,13,9,44,14,27,test
28,265,43,2,39,11,5,2,1,3,15.111627906976745,15.903189008614273,5.5,10.578248837209303,37,2,11,10,34,11,28,test
29,284,47,1,33,11,1,1,5,7,12.224113475177305,13.023866798666859,4.333333333333333,10.460800709219859,35,3,13,9,27,15,29,train
30,219,35,0,29,7,0,4,2,7,20.857142857142858,18.243605946275583,7.0,11.237357142857142,31,1,7,7,28,9,30,train
31,242,40,0,29,11,1,2,4,5,14.0,14.554592549557764,5.0,10.54975,31,2,10,7,26,11,31,train
32,188,35,0,32,6,5,2,4,5,9.214285714285714,9.516144504307135,1.25,9.033071428571429,31,4,5,5,20,9,32,test
33,514,90,4,67,21,11,9,7,16,9.957575757575757,11.538034831475386,2.8333333333333335,9.567489393939393,64,6,17,13,64,19,33,train
34,279,52,3,36,13,7,1,2,6,13.476923076923079,12.161744961471694,3.5,9.177253846153846,37,2,7,5,28,13,34,test
35,372,62,4,48,15,7,3,3,10,10.121290322580647,10.793553405168563,3.2,9.854443225806452,48,5,16,9,47,15,35,train
36,231,39,1,29,12,1,3,1,5,13.953846153846156,13.81666964889586,3.5,9.057289743589743,30,2,7,7,22,9,36,test
37,268,44,0,37,11,2,6,3,6,11.672727272727274,11.698219412168324,2.75,9.923918181818184,38,4,11,9,30,12,37,train
38,218,35,1,29,7,1,2,2,7,10.380952380952381,11.855464076750408,4.0,8.72659523809524,29,3,12,7,23,9,38,train
39,340,52,0,44,16,3,2,3,8,17.702564102564104,15.470042427545799,6.0,11.783925641025641,48,3,19,14,35,23,39,train
40,221,37,0,27,11,2,1,3,5,13.886486486486488,13.81666964889586,4.0,8.821667567567568,28,2,8,7,23,9,40,train
41,176,29,0,25,7,1,2,2,7,17.117241379310343,15.903189008614273,8.0,9.975244827586206,27,1,8,5,19,5,41,train
42,422,66,4,55,19,5,6,2,7,11.044155844155846,10.914260884657427,2.5714285714285716,11.520672294372295,56,7,18,13,56,22,42,train
43,295,51,2,34,11,0,1,4,11,25.10588235294118,19.287186520377343,10.0,11.119825490196078,37,1,10,8,31,12,43,train
44,261,42,0,35,12,4,1,3,6,12.266666666666667,11.855464076750408,4.0,11.473995238095238,35,3,12,7,31,12,44,train
45,324,55,2,41,12,3,7,4,11,10.245925925925926,11.602472056035307,2.2,9.435513333333335,39,5,11,11,36,14,45,train
46,258,39,1,32,11,1,1,5,4,14.97948717948718,15.247664890283005,8.5,11.081648717948719,33,2,17,9,25,14,46,train
47,317,50,3,45,10,2,6,2,6,15.466666666666669,14.554592549557764,4.0,11.410766666666667,46,3,12,12,43,15,47,train
48,284,48,0,38,12,2,4,2,7,12.220289855072465,12.457975602129121,3.3333333333333335,10.23246811594203,37,3,10,8,34,11,48,test
49,188,32,0,25,9,1,1,3,6,17.8,15.903189008614273,8.0,10.6515125,24,1,8,5,17,8,49,test
50,57,10,0,10,3,1,1,1,1,8.0,8.841846274778883,1.0,10.448500000000001,11,1,1,1,6,3,50,train
51,358,61,2,45,18,9,1,4,5,15.346448087431694,15.021129683784007,3.0,10.080934972677596,45,3,9,13,31,19,51,train
52,269,47,2,37,11,0,5,3,7,10.65744680851064,11.20814326018867,2.25,9.93057659574468,39,4,9,8,30,11,52,test
53,193,34,0,25,10,6,3,1,3,16.211764705882356,14.554592549557764,3.5,10.517052941176471,24,2,7,8,22,11,53,train
54,319,51,0,34,15,4,4,5,6,11.374509803921569,12.161744961471694,3.5,9.532233333333334,33,4,14,10,33,15,54,train
55,241,42,1,35,10,6,2,4,5,13.219047619047622,13.023866798666859,3.0,10.722090476190477,35,3,9,9,25,15,55,test
56,206,37,0,30,9,2,2,3,9,12.805405405405407,13.023866798666859,3.5,9.248424324324326,31,2,7,6,19,8,56,train
57,290,49,1,36,14,1,6,4,6,13.063945578231293,13.023866798666859,3.3333333333333335,10.24704149659864,35,3,10,9,31,16,57,test
58,242,39,2,34,9,3,2,3,7,17.030769230769234,15.247664890283005,5.0,11.486520512820514,36,2,10,9,31,12,58,test
59,338,58,0,46,16,7,3,4,7,16.00919540229885,14.554592549557764,3.6666666666666665,10.312502298850575,46,3,11,12,39,19,59,test
60,339,55,0,40,11,2,3,6,8,14.606060606060607,14.554592549557764,4.666666666666667,10.000560606060606,40,3,14,12,33,16,60,train
61,267,50,3,41,15,7,1,2,9,8.16530612244898,9.516144504307135,1.75,9.077773469387754,38,4,7,5,31,11,61,test
62,367,62,4,47,13,4,3,2,7,13.915789473684212,13.5591,5.333333333333333,11.22732105263158,46,3,16,11,53,16,62,test
63,373,70,2,50,18,8,2,6,9,12.678260869565218,11.855464076750408,2.3333333333333335,10.040633333333334,53,3,7,7,46,14,63,test
64,209,36,2,30,11,2,1,0,2,11.466666666666669,11.20814326018867,2.0,9.495033333333335,29,3,6,6,23,10,64,test
65,423,72,2,56,16,6,5,5,14,19.955555555555556,16.52667757954773,8.5,11.124044444444445,56,2,17,11,47,21,65,train
66,201,36,0,27,7,6,1,4,6,10.533333333333335,13.023866798666859,3.5,8.03818888888889,28,2,6,6,17,7,66,train
67,258,41,0,34,10,3,4,2,6,14.053658536585367,14.554592549557764,5.5,10.815251219512195,35,2,11,8,30,8,67,train
68,336,55,1,40,20,5,1,3,9,10.945454545454545,11.602472056035307,3.0,10.785190909090911,39,5,15,11,33,15,68,train
69,184,30,0,25,4,1,2,4,3,14.0,13.023866798666859,3.5,9.1175,25,2,7,6,18,9,69,test
70,476,77,1,53,20,4,3,5,12,13.432727272727275,13.023866798666859,3.6,9.937093246753246,52,5,18,15,51,22,70,test
71,358,64,0,44,15,4,2,5,11,12.65,13.427899808715576,3.75,9.857912500000001,42,4,15,13,39,16,71,test
72,399,66,3,52,11,7,4,3,10,13.200000000000001,12.68835289967788,3.2,10.111453846153847,53,5,16,14,43,20,72,train
73,265,46,2,37,12,3,2,3,7,17.026086956521738,15.247664890283005,5.0,10.955995652173913,37,2,10,9,29,16,73,train
74,258,44,0,37,12,1,1,5,9,14.254545454545458,13.81666964889586,5.0,10.110654545454546,37,2,10,7,27,11,74,train
75,246,41,0,32,8,3,3,6,5,23.22926829268293,19.287186520377343,11.0,11.061807317073171,32,1,11,8,22,10,75,train
76,256,42,0,27,8,1,0,4,3,7.504761904761906,9.725611199111238,3.0,9.970185714285716,30,3,6,7,36,12,76,train
77,144,21,3,18,5,1,3,0,1,17.923809523809524,15.903189008614273,5.0,12.949052380952383,21,1,5,5,23,7,77,train
78,315,53,5,44,16,9,5,4,3,7.620168067226891,8.841846274778883,1.5714285714285714,8.641989075630253,42,7,11,7,44,12,78,train
79,353,59,1,44,15,4,4,2,8,7.4318644067796615,9.3871,2.0,9.03906813559322,46,5,10,6,49,10,79,train
80,169,27,2,23,6,1,5,1,2,12.807407407407409,13.023866798666859,3.0,10.154248148148149,25,2,6,6,21,7,80,test
81,149,24,0,19,4,0,0,3,5,16.26666666666667,15.903189008614273,7.0,10.090233333333334,21,1,7,5,15,6,81,train
82,368,61,4,40,16,8,3,5,9,13.31311475409836,13.023866798666859,3.75,10.346506557377051,39,4,15,12,43,20,82,train
83,352,58,1,41,17,3,3,3,6,11.536551724137931,11.979248473330827,2.2,9.92892896551724,40,5,11,12,34,16,83,train
84,176,25,1,23,8,1,1,2,5,22.8,20.267338824336647,10.0,12.4557,26,1,10,9,21,11,84,train
85,293,47,1,34,15,3,3,5,7,13.295652173913044,12.602617957971052,3.25,11.07211739130435,35,4,13,11,35,16,85,train
86,404,74,3,51,21,7,3,3,10,20.205405405405408,17.122413403193683,7.0,9.952645945945946,51,2,14,12,40,16,86,train
87,403,67,2,48,14,4,8,3,5,10.136119402985075,11.20814326018867,2.4,8.307557910447763,48,5,12,10,36,13,87,train
88,276,47,1,36,12,3,2,3,8,13.926241134751775,13.5591,4.0,9.788885815602836,36,3,12,10,28,12,88,train
89,380,64,2,50,15,5,1,8,13,12.65,12.602617957971052,3.5,9.11775625,49,4,14,11,40,15,89,train
90,459,83,2,58,15,10,8,4,15,13.60120481927711,13.427899808715576,4.25,8.280278313253012,55,4,17,13,44,17,90,train
91,198,34,1,29,8,4,0,3,6,12.68235294117647,13.023866798666859,4.5,8.65940588235294,31,2,9,6,20,8,91,train
92,357,58,0,41,14,2,2,8,10,12.560919540229884,13.5591,5.666666666666667,10.04026091954023,41,3,17,10,35,16,92,test
93,284,47,3,38,10,4,5,1,4,24.48695652173913,20.267338824336647,9.0,12.096795652173913,40,1,9,10,38,13,93,test
94,94,17,0,15,3,3,0,1,1,8.105882352941178,8.841846274778883,1.0,11.488688235294118,15,2,2,2,12,4,94,train
95,277,44,3,28,9,2,2,1,11,17.89090909090909,15.903189008614273,5.5,11.904972727272728,28,2,12,10,33,16,95,train
96,250,44,0,36,11,5,1,4,9,12.436363636363637,13.023866798666859,4.0,8.316336363636363,36,2,7,6,25,7,96,test
97,245,40,0,31,14,0,2,4,5,15.0,14.554592549557764,5.0,11.734,32,2,10,8,27,10,97,train
98,272,44,1,38,9,2,5,2,7,13.175193798449612,12.457975602129121,3.3333333333333335,10.9572007751938,38,3,10,8,34,13,98,train
99,391,61,3,45,13,2,2,8,12,11.437377049180327,12.340626583579944,3.6,8.64211180327869,45,5,18,13,38,14,99,test
100,273,48,0,39,12,3,1,4,12,12.233333333333334,12.457975602129121,4.0,9.364474999999999,38,3,12,8,29,11,100,train
101,294,50,0,40,8,2,3,2,8,16.26666666666667,15.903189008614273,6.5,8.7744,40,2,13,10,30,11,101,train
102,262,43,0,34,14,2,1,4,8,12.32093023255814,13.023866798666859,6.5,10.21103953488372,34,2,13,6,25,8,102,train
103,256,40,0,31,11,2,2,3,5,17.0,15.903189008614273,8.0,10.944500000000001,33,2,16,10,27,14,103,test
104,336,61,0,49,20,3,1,1,9,8.088275862068967,9.3871,2.2,11.834618620689655,50,5,11,6,47,12,104,train
105,195,33,0,29,8,0,1,2,5,6.824242424242425,9.725611199111238,1.6666666666666667,9.445433333333334,31,3,5,5,21,8,105,train
106,67,11,0,11,3,1,0,1,2,11.672727272727274,11.20814326018867,3.0,11.359372727272728,12,1,3,2,8,4,106,train
107,337,53,3,43,11,2,6,3,6,14.625641025641025,14.06817628641468,4.666666666666667,10.872964102564103,42,3,14,11,42,14,107,test
108,271,42,1,30,10,1,4,1,5,16.00487804878049,16.52667757954773,6.0,11.58549512195122,31,2,12,11,36,13,108,train
109,372,63,1,43,12,3,7,5,13,17.044444444444448,15.247664890283005,8.5,9.459693650793652,44,2,17,9,36,14,109,train
110,233,38,0,29,8,3,1,3,6,12.863157894736842,13.023866798666859,5.0,9.980742105263158,30,2,10,6,24,8,110,train
111,253,44,0,36,10,3,2,4,8,16.072727272727274,15.903189008614273,5.5,9.392927272727274,36,2,11,10,23,11,111,train
112,352,66,1,48,14,7,7,4,5,7.4303030303030315,8.841846274778883,1.1666666666666667,8.72770606060606,48,6,7,6,44,10,112,test
113,189,35,0,27,6,4,2,2,4,9.285714285714286,11.20814326018867,2.5,7.211357142857143,25,2,5,4,17,6,113,train
114,292,47,3,38,16,4,0,2,6,10.65744680851064,11.20814326018867,3.25,10.938448936170213,36,4,13,8,33,19,114,train
115,244,40,0,34,9,2,2,1,8,15.0,13.81666964889586,5.5,9.76025,35,2,11,7,27,10,115,train
116,198,34,0,28,8,2,3,1,2,10.329411764705883,12.161744961471694,2.5,9.123817647058823,29,2,5,5,20,6,116,test
117,455,76,2,52,19,1,8,4,12,14.442105263157897,14.554592549557764,4.5,9.565215789473683,52,4,18,16,46,20,117,train
118,432,66,5,45,18,2,4,7,13,15.084848484848486,14.554592549557764,5.25,10.675203030303031,44,4,21,16,50,21,118,train
119,258,44,0,34,11,2,2,4,7,9.854545454545455,11.20814326018867,2.0,9.20619090909091,33,4,8,8,26,10,119,test
120,287,54,2,38,11,7,0,3,6,15.985185185185186,14.554592549557764,3.0,9.361811111111113,38,2,6,8,26,12,120,train
121,240,39,0,26,11,1,2,2,7,8.248205128205129,9.3871,2.2,9.286713333333335,25,5,11,6,26,10,121,train
122,146,25,0,22,8,1,0,2,5,14.600000000000001,13.023866798666859,2.5,11.2041,22,2,5,6,16,10,122,train
123,280,50,2,37,11,3,2,8,6,13.200000000000001,13.023866798666859,4.5,8.034500000000001,38,2,9,6,23,8,123,test
124,241,39,2,35,11,2,1,1,4,19.702564102564104,15.903189008614273,9.0,11.643976923076924,39,1,9,5,31,9,124,test
125,296,49,1,38,10,2,2,3,8,16.33061224489796,15.903189008614273,7.5,9.040883673469388,40,2,15,10,28,11,125,train
126,184,34,0,29,10,2,0,3,6,17.129411764705885,15.903189008614273,6.0,8.573782352941176,30,1,6,5,16,6,126,test
127,370,61,4,50,18,7,4,2,9,13.379234972677597,13.5591,4.333333333333333,10.339787431693988,52,3,12,10,49,18,127,train
128,120,18,0,18,7,0,1,0,2,16.08888888888889,14.554592549557764,4.0,13.301522222222223,20,1,4,4,18,7,128,train
129,385,66,3,51,15,6,0,5,12,14.254545454545458,15.021129683784007,5.666666666666667,10.230275757575757,55,3,17,13,44,15,129,train
130,332,59,1,44,12,5,3,6,13,13.290395480225989,13.023866798666859,4.666666666666667,9.964509039548023,46,3,14,9,34,17,130,train
131,204,38,0,31,8,3,0,3,9,12.863157894736842,12.161744961471694,3.5,9.14968947368421,28,2,7,5,17,9,131,train
132,250,43,1,33,10,3,2,3,5,10.38449612403101,11.20814326018867,3.3333333333333335,9.121154263565892,34,3,10,6,26,9,132,train
133,196,35,1,27,5,1,3,3,7,9.285714285714286,10.125756701596842,4.0,7.6625000000000005,27,2,8,3,22,2,133,train
134,248,44,0,35,12,4,4,1,8,14.254545454545458,13.023866798666859,4.0,9.392927272727274,35,2,8,6,23,11,134,train
135,413,71,1,51,16,4,4,1,15,12.170422535211268,13.023866798666859,4.0,8.297604225352114,51,4,16,12,41,12,135,train
136,311,55,6,39,12,4,2,3,9,16.553846153846155,15.903189008614273,6.0,10.391869230769231,40,2,12,10,41,14,136,test
137,216,36,0,30,11,4,1,2,4,9.155555555555557,9.516144504307135,2.25,10.662066666666666,30,4,9,5,24,12,137,train
138,173,30,0,25,7,3,1,4,7,17.333333333333336,17.122413403193683,9.0,9.8615,26,1,9,6,17,8,138,train
139,255,46,0,36,8,4,2,7,5,13.547826086956523,13.81666964889586,5.0,8.209908695652175,37,2,10,7,22,8,139,test
140,295,51,0,39,9,6,1,5,10,9.600000000000001,10.355215969177355,2.2,8.553700000000001,38,5,11,8,27,13,140,train
141,208,38,0,27,8,3,2,3,9,14.968421052631578,13.81666964889586,4.5,9.565215789473683,28,2,9,7,20,11,141,train
142,136,26,0,19,8,1,1,1,3,8.276923076923078,8.841846274778883,1.5,10.354376923076924,20,2,3,2,14,5,142,train
143,346,54,3,46,17,2,3,2,3,9.505185185185187,10.793553405168563,2.6,10.897550370370372,48,5,13,9,48,16,143,train
144,322,53,0,41,14,6,5,0,8,13.104402515723272,13.5591,5.0,9.279559119496856,42,3,15,10,29,13,144,train
145,306,51,0,35,10,5,2,1,6,11.374509803921569,11.698219412168324,3.0,10.770664705882353,31,4,12,9,31,14,145,test
146,276,48,3,36,8,1,6,4,9,14.600000000000001,14.554592549557764,5.0,9.103358333333333,36,2,10,8,29,10,146,train
147,478,76,3,56,21,3,8,3,11,14.968421052631578,14.191785591663535,4.5,11.435084210526316,59,4,18,15,58,18,147,train
148,267,46,0,34,14,0,2,3,8,12.220289855072465,12.457975602129121,3.0,10.23246811594203,34,3,9,8,29,12,148,train
149,221,36,2,29,13,5,0,3,3,11.466666666666669,11.855464076750408,3.3333333333333335,9.933644444444447,30,3,10,7,28,9,149,train
150,326,53,2,42,12,4,3,3,7,13.856410256410255,13.023866798666859,5.333333333333333,9.658348717948718,41,3,16,9,31,17,150,train
151,128,21,2,17,7,0,0,1,2,12.20952380952381,11.20814326018867,4.0,11.445242857142857,20,1,3,2,15,5,151,train
152,276,46,0,38,12,3,3,4,7,8.078260869565218,10.125756701596842,2.5,9.699073913043478,39,4,10,6,30,8,152,train
153,158,26,0,20,4,2,2,1,5,18.092307692307692,15.903189008614273,6.0,11.606484615384616,21,1,6,5,19,8,153,train
154,437,82,0,61,26,9,3,8,8,8.002439024390245,9.188382445141503,1.5,9.15148536585366,57,8,12,9,46,22,154,train
155,261,42,3,35,9,3,5,2,8,10.866666666666667,11.20814326018867,2.75,9.044680952380952,34,4,11,8,29,10,155,test
156,263,39,1,29,12,0,5,3,5,13.405128205128205,13.5591,4.333333333333333,10.759248717948719,29,3,13,10,30,11,156,train
157,257,43,0,36,9,4,4,1,4,22.781395348837208,18.243605946275583,8.0,10.91023023255814,38,1,7,7,26,8,157,train
158,248,48,0,40,11,1,1,3,10,12.100000000000001,12.161744961471694,3.0,8.445441666666667,41,2,6,5,24,6,158,train
159,200,36,1,30,10,5,1,1,7,18.844444444444445,15.903189008614273,7.0,10.685433333333334,34,1,7,5,23,8,159,train
160,343,55,2,41,14,3,2,7,8,14.606060606060607,14.554592549557764,6.0,10.000560606060606,43,3,18,12,31,15,160,test
161,286,48,0,39,10,7,1,2,8,13.9,14.06817628641468,5.0,10.680308333333333,40,3,15,11,31,16,161,train
162,325,53,4,37,11,3,1,3,7,18.90188679245283,16.52667757954773,5.0,10.909390566037736,36,2,10,11,33,16,162,train
163,277,50,0,37,13,3,1,3,10,11.466666666666669,11.855464076750408,3.6666666666666665,8.252766666666666,36,3,11,7,22,9,163,train
164,187,30,0,26,7,1,2,4,5,17.333333333333336,15.903189008614273,8.0,9.8615,27,1,8,5,18,6,164,train
165,217,35,0,28,9,0,2,2,7,15.0,14.554592549557764,5.0,10.820500000000001,28,2,10,8,23,10,165,train
166,274,45,0,35,10,1,4,2,6,15.222222222222223,15.247664890283005,5.5,10.015833333333333,35,2,11,9,25,12,166,test
167,290,47,2,36,9,5,2,6,7,11.41957446808511,11.602472056035307,2.6,9.142101702127661,37,5,13,11,35,13,167,test
168,231,41,1,31,8,3,1,4,7,12.102439024390245,12.161744961471694,3.0,7.734275609756097,32,2,6,5,20,7,168,train
169,274,52,1,42,13,2,4,3,10,10.01025641025641,9.725611199111238,2.3333333333333335,8.74738717948718,42,3,7,4,28,9,169,train
170,386,63,0,45,15,2,7,4,9,12.64920634920635,13.023866798666859,4.0,9.681033333333335,42,4,16,12,39,17,170,train
171,527,88,2,56,18,6,7,6,16,15.221818181818183,14.554592549557764,4.8,9.53355090909091,57,5,24,20,50,24,171,train
172,249,41,2,29,11,6,3,0,1,8.978048780487805,11.698219412168324,2.0,9.15148536585366,31,4,8,9,29,11,172,test
173,229,40,0,26,11,1,0,4,6,11.333333333333336,11.855464076750408,3.3333333333333335,9.824333333333334,26,3,10,7,21,11,173,train
174,169,28,0,18,8,0,1,3,3,16.914285714285715,15.903189008614273,8.0,10.100657142857143,19,1,8,5,17,7,174,train
175,303,51,0,33,10,0,4,1,7,10.721568627450981,10.504223727775692,2.6666666666666665,9.123817647058823,33,3,8,6,32,11,175,train
176,387,61,2,43,19,2,1,7,5,10.624043715846994,11.538034831475386,3.0,10.35322568306011,43,6,18,13,39,19,176,train
177,124,21,1,21,7,1,1,2,4,14.114285714285714,14.554592549557764,6.0,9.941433333333334,23,1,6,4,12,6,177,test
178,357,56,2,47,15,3,7,5,9,14.609523809523811,14.06817628641468,4.0,10.483616666666666,49,3,12,11,37,16,178,train
179,244,38,2,34,9,0,2,2,3,15.911111111111111,14.06817628641468,3.6666666666666665,11.688088888888888,35,3,11,11,29,14,179,train
180,247,42,1,33,15,2,2,5,1,7.16952380952381,8.238735603445708,1.2,11.19623523809524,35,5,6,5,36,11,180,train
181,273,49,0,36,10,5,1,2,6,8.981632653061224,10.686352973137792,1.75,9.077773469387754,34,4,7,7,31,12,181,train
182,252,42,0,30,10,3,0,3,8,12.37948717948718,11.855464076750408,3.3333333333333335,11.164120512820514,30,3,10,8,32,13,182,test
183,327,56,0,41,18,3,0,2,10,13.180952380952384,13.023866798666859,4.333333333333333,11.047545238095239,43,3,12,9,39,16,183,train
184,276,46,1,36,13,4,1,6,6,13.08985507246377,14.06817628641468,4.0,9.889207246376811,38,3,12,11,27,11,184,train
185,421,68,1,59,18,9,2,5,9,14.447058823529412,13.81666964889586,4.5,10.052641176470589,62,4,18,14,42,20,185,train
186,295,51,0,40,16,4,4,3,7,12.290196078431373,11.855464076750408,2.6666666666666665,10.052641176470589,40,3,8,7,29,13,186,test
187,293,46,1,41,12,3,1,3,6,7.208695652173913,9.516144504307135,2.75,10.385595652173913,44,4,11,5,40,11,187,train
188,212,39,0,25,10,0,1,2,7,21.753846153846155,17.122413403193683,6.0,9.619617948717949,25,1,6,6,19,8,188,train
189,235,40,2,27,10,3,2,4,5,22.0,17.122413403193683,9.0,11.147,30,1,9,6,26,8,189,train
190,331,56,1,36,16,1,4,2,10,11.314285714285715,12.602617957971052,3.25,8.842328571428572,38,4,13,11,34,12,190,train
191,219,37,1,30,10,1,1,6,3,17.2,15.903189008614273,5.0,10.231244444444446,32,2,10,10,19,11,191,train
192,349,55,0,43,14,0,5,3,8,18.948148148148146,17.693802365651003,8.0,11.116255555555554,44,2,16,13,39,17,192,train
193,337,57,1,41,14,3,4,6,10,13.915789473684212,14.06817628641468,4.666666666666667,10.396268421052632,43,3,14,11,33,19,193,test
194,262,46,1,36,13,5,1,3,9,10.481159420289856,11.20814326018867,3.0,9.889207246376811,39,3,7,6,28,12,194,train
195,362,60,2,46,15,4,4,3,10,13.333333333333336,13.5591,4.333333333333333,10.155000000000001,46,3,13,10,40,19,195,train
196,308,52,1,38,12,6,5,3,8,16.553846153846155,15.903189008614273,5.5,10.088215384615385,43,2,11,9,35,12,196,train
197,184,33,0,28,9,1,2,1,5,12.660606060606062,12.161744961471694,2.5,9.239748484848485,28,2,5,5,18,8,197,train
198,221,42,0,34,10,6,0,3,5,11.333333333333336,11.20814326018867,1.3333333333333333,9.824333333333334,34,3,4,6,27,10,198,train
199,461,76,5,57,17,6,5,4,7,13.974736842105262,13.348371206891418,2.8,10.415551578947369,55,5,14,16,55,21,199,train
200,324,55,0,42,14,2,3,4,6,10.969696969696969,11.855464076750408,3.6666666666666665,10.287651515151516,45,3,11,7,32,15,200,train
201,302,52,0,37,12,3,5,2,8,12.317948717948719,13.023866798666859,4.0,8.443733333333334,36,3,12,9,28,11,201,train
202,261,46,0,35,7,1,2,4,4,8.027826086956521,9.888512548439397,1.4,7.525428695652174,35,5,7,7,25,7,202,test
203,268,41,0,28,12,0,2,3,6,12.880487804878051,12.161744961471694,3.25,10.306851219512195,28,4,13,10,28,13,203,train
204,386,66,3,57,18,5,2,4,7,13.042424242424245,12.457975602129121,4.666666666666667,9.034063636363637,55,3,14,8,43,11,204,train
205,179,32,0,29,9,4,0,1,4,20.3,17.122413403193683,6.0,11.144950000000001,30,1,6,6,17,9,205,train
206,383,70,1,48,17,6,0,4,9,13.2768115942029,13.427899808715576,3.25,9.984273913043477,48,4,13,13,41,19,206,train
207,181,31,2,25,8,4,1,2,3,12.651612903225807,13.023866798666859,3.0,8.48013870967742,29,2,5,6,21,9,207,train
208,297,51,2,35,13,5,1,3,8,10.590196078431374,11.20814326018867,2.5,10.151449019607844,34,4,10,8,36,13,208,train
209,330,54,3,34,14,2,4,5,4,12.09245283018868,13.023866798666859,3.0,9.954266037735849,34,4,12,12,42,15,209,test
210,334,55,0,46,14,3,4,5,9,10.218181818181819,10.793553405168563,2.2,9.349736363636364,47,5,10,9,37,11,210,test
211,330,58,0,44,13,4,1,6,11,12.560919540229884,13.023866798666859,4.0,9.49577816091954,43,3,12,9,28,15,211,train
212,336,56,0,37,14,8,3,3,8,17.62857142857143,16.52667757954773,7.0,10.664585714285714,36,2,14,11,27,16,212,train
213,545,88,6,61,22,4,1,9,13,13.856551724137933,14.265292616868656,4.6,11.033333103448276,57,5,23,19,69,23,213,train
214,94,16,0,14,4,2,0,1,2,13.9,13.023866798666859,4.0,10.35135,16,1,4,4,11,6,214,train
215,229,36,0,31,9,1,1,3,8,14.977777777777778,14.554592549557764,4.5,10.669855555555555,34,2,9,8,24,12,215,train
216,198,37,0,31,7,3,3,4,3,8.481081081081081,8.841846274778883,3.0,7.114640540540541,31,2,6,2,20,3,216,train
217,357,66,1,45,13,7,3,5,13,13.64848484848485,13.5591,5.0,8.794821212121212,45,3,15,10,33,11,217,train
218,305,55,1,40,13,9,2,4,5,10.590909090909092,11.698219412168324,2.0,10.634500000000001,40,4,8,8,38,13,218,train
219,321,50,1,40,14,3,3,2,5,29.6,22.918633597333717,12.0,14.0115,42,1,13,12,38,18,219,train
220,327,52,2,40,12,5,4,3,5,11.852307692307694,11.602472056035307,2.2,10.225416923076924,41,5,11,11,38,15,220,test
221,225,35,2,30,10,1,4,1,4,10.380952380952381,11.20814326018867,2.6666666666666665,11.884595238095239,31,3,8,6,30,10,221,train
222,414,67,3,58,14,3,5,6,9,13.864179104477612,13.427899808715576,4.0,10.594762686567165,57,4,16,13,51,20,222,train
223,297,51,0,38,13,9,1,5,7,11.923137254901961,11.20814326018867,2.2,10.953792549019608,38,5,11,10,34,20,223,train
224,273,51,0,38,11,6,4,0,6,8.785882352941178,9.3871,1.6,9.405753333333333,37,5,8,6,32,11,224,train
225,283,48,1,28,15,8,0,1,2,13.175193798449612,13.023866798666859,3.6666666666666665,10.589991472868217,30,3,11,9,39,13,225,train
226,141,23,0,15,4,2,1,3,2,11.762318840579711,11.20814326018867,2.3333333333333335,8.135897101449276,15,3,7,6,13,6,226,train
227,252,43,0,29,14,3,3,3,7,10.38449612403101,12.457975602129121,3.0,9.121154263565892,30,3,8,7,25,7,227,train
228,206,37,0,28,10,2,0,2,6,11.724324324324325,12.161744961471694,3.5,9.675181081081082,28,2,7,5,21,8,228,train
229,348,55,4,44,15,3,1,4,7,14.954545454545457,14.191785591663535,4.0,11.208681818181818,46,4,16,15,43,17,229,train
230,251,43,2,28,10,0,1,9,3,9.914285714285715,11.20814326018867,2.25,10.172538095238096,27,4,8,7,25,11,230,test
231,246,40,4,36,12,0,1,1,7,15.0,13.81666964889586,4.0,12.5235,38,2,8,7,38,12,231,train
232,262,43,0,31,13,3,1,3,10,13.251162790697675,15.247664890283005,5.5,9.84383023255814,30,2,11,9,24,9,232,train
233,322,53,2,41,13,6,2,4,8,12.349685534591195,13.023866798666859,5.0,9.577483647798744,42,3,14,9,36,12,233,train
234,376,64,2,47,12,5,4,5,9,13.533333333333331,14.06817628641468,5.0,9.135570833333333,51,3,15,11,43,16,234,train
235,187,34,0,25,8,1,1,2,2,11.505882352941178,12.161744961471694,2.5,8.19499411764706,27,2,5,5,17,6,235,train
236,193,33,1,27,6,1,2,3,6,11.44848484848485,12.161744961471694,3.5,9.239748484848485,25,2,7,5,21,6,236,train
237,428,79,0,54,19,10,2,4,10,15.59662447257384,14.554592549557764,4.0,9.53972194092827,54,3,12,12,41,17,237,train
238,88,14,0,12,3,1,2,0,2,17.02857142857143,14.554592549557764,3.0,12.225900000000001,13,1,3,4,10,6,238,train
239,318,55,0,40,10,1,1,7,6,9.505185185185187,10.793553405168563,2.2,8.265883703703704,39,5,11,9,32,10,239,test
240,349,59,1,43,16,3,6,2,10,11.323728813559322,12.602617957971052,3.5,9.45301525423729,44,4,14,11,40,15,240,train
241,317,51,0,37,9,2,3,6,11,12.290196078431373,13.023866798666859,5.0,8.504601960784314,39,3,14,9,33,11,241,train
242,345,56,3,39,13,2,8,2,7,12.02857142857143,12.602617957971052,3.5,9.124292857142859,39,4,14,11,39,13,242,train
243,314,49,0,43,16,4,3,1,8,17.146938775510204,15.903189008614273,6.5,11.941087755102041,43,2,13,10,37,16,243,train
244,367,56,0,40,16,2,4,3,6,12.337142857142858,12.340626583579944,3.4,10.11327,38,5,17,13,42,17,244,train
245,239,41,0,30,11,2,2,4,5,13.078048780487805,13.023866798666859,4.0,10.045007317073171,29,2,8,6,23,11,245,test
246,164,29,0,24,6,2,1,2,7,9.937931034482759,11.20814326018867,3.5,8.711562068965517,24,2,7,4,19,5,246,train
247,157,29,1,26,7,2,1,3,5,14.358620689655172,11.20814326018867,4.0,8.886279310344827,28,1,4,2,15,5,247,train
248,210,38,0,29,11,6,2,4,4,12.863157894736842,12.161744961471694,2.0,11.642847368421053,28,2,4,5,26,11,248,train
249,432,70,4,62,18,9,8,3,7,13.857142857142856,13.81666964889586,4.25,10.594928571428571,66,4,16,14,50,21,249,train
250,303,46,1,38,13,2,2,3,10,13.295652173913044,13.023866798666859,3.5,9.699073913043478,37,4,14,12,31,14,250,train
251,229,40,0,29,7,2,3,4,6,14.0,13.81666964889586,5.0,8.576,30,2,10,7,21,8,251,train
252,91,15,0,12,5,0,2,0,2,8.333333333333334,10.125756701596842,1.5,9.271833333333333,13,2,3,3,11,4,252,train
253,328,61,1,49,13,8,1,3,9,10.666666666666666,11.20814326018867,2.0,9.380666666666666,49,4,8,8,31,15,253,train
254,306,51,0,34,13,3,4,2,8,16.47450980392157,15.247664890283005,4.5,9.545417647058823,32,2,8,9,30,14,254,test
255,452,73,3,50,17,7,5,4,9,14.423287671232877,14.90622815163357,4.5,10.38183698630137,48,4,18,17,52,20,255,test
256,259,43,4,34,13,5,0,4,5,16.041860465116283,14.554592549557764,6.0,10.578248837209303,35,2,12,8,25,13,256,train
257,374,61,3,41,13,2,3,8,10,12.657377049180328,13.023866798666859,4.75,10.087654098360655,41,4,19,12,41,17,257,test
258,322,54,0,38,13,1,2,4,9,11.644444444444446,12.457975602129121,4.0,9.207818518518518,38,3,12,8,29,14,258,train
259,215,32,1,24,7,0,4,1,6,20.3,18.243605946275583,10.0,12.131825000000001,26,1,9,7,29,9,259,train
260,150,23,0,18,8,0,2,1,4,13.295652173913044,13.023866798666859,3.0,11.07211739130435,19,2,6,6,16,8,260,train
261,253,42,1,35,10,4,1,2,5,9.40952380952381,11.855464076750408,2.3333333333333335,8.46637619047619,41,3,7,7,30,7,261,test
262,473,78,3,57,21,7,2,2,11,11.636630036630038,11.491704259439757,2.4285714285714284,10.464698534798536,53,7,17,15,63,25,262,test
263,284,44,4,36,10,3,3,3,7,13.13939393939394,13.023866798666859,4.0,11.182375757575757,36,3,12,9,37,13,263,train
264,322,48,0,38,12,1,4,2,8,18.76666666666667,17.693802365651003,7.5,12.392941666666667,39,2,15,13,35,16,264,train
265,210,37,0,31,7,2,1,4,6,10.33873873873874,11.20814326018867,2.6666666666666665,8.515800900900901,32,3,8,6,21,8,265,train
266,274,44,1,33,12,1,2,5,7,13.13939393939394,13.023866798666859,4.0,10.464648484848485,35,3,11,9,31,13,266,train
267,211,35,1,30,6,2,1,1,1,12.714285714285715,13.81666964889586,4.0,9.918214285714285,32,2,8,7,23,9,267,train
268,224,35,2,29,9,3,2,2,7,12.666666666666666,12.457975602129121,3.6666666666666665,10.08002380952381,27,3,11,8,22,11,268,test
269,171,32,0,23,5,2,1,5,2,10.15,10.125756701596842,0.5,8.8710375,24,2,1,3,20,5,269,train
270,135,23,0,18,5,0,3,1,3,12.678260869565218,13.023866798666859,6.0,8.896430434782609,19,1,6,3,15,4,270,train
271,280,52,0,36,12,4,3,4,6,11.548717948717949,11.855464076750408,3.0,9.051041025641025,37,3,9,7,28,11,271,train
272,236,37,0,32,8,1,1,4,6,9.562162162162162,13.023866798666859,4.0,8.39491081081081,33,2,8,7,28,6,272,train
273,221,36,1,26,9,2,2,4,5,12.755555555555556,13.81666964889586,5.0,9.792633333333335,27,2,10,7,23,11,273,test
274,408,73,5,51,19,4,1,8,12,15.0,14.554592549557764,4.0,10.369357142857144,48,4,16,16,46,20,274,train
275,329,56,0,42,11,3,4,4,8,9.885714285714286,11.698219412168324,3.0,8.278400000000001,43,4,12,9,37,9,275,train
276,251,41,4,29,16,0,1,2,5,12.37948717948718,12.457975602129121,3.3333333333333335,10.759248717948719,27,3,10,8,31,12,276,train
277,411,66,0,52,14,0,3,7,8,12.884848484848485,12.457975602129121,3.5,10.641645454545454,47,6,21,16,40,23,277,train
278,264,41,1,30,12,4,1,2,4,11.084878048780489,11.20814326018867,2.4,10.590293170731707,30,5,12,10,31,11,278,train
279,237,39,0,32,12,2,3,1,6,10.053846153846155,10.686352973137792,2.0,10.193176923076923,33,4,8,7,26,11,279,test
280,343,56,0,44,16,9,4,2,9,13.457142857142856,14.191785591663535,3.75,9.68822142857143,43,4,15,15,34,16,280,train
281,256,48,3,39,12,3,4,1,5,22.533333333333335,15.903189008614273,6.0,10.293758333333333,42,1,6,5,28,7,281,train
282,255,44,0,36,6,3,3,4,8,14.254545454545458,14.554592549557764,4.5,9.034063636363637,37,2,9,8,24,10,282,train
283,134,24,0,23,7,2,2,1,3,6.533333333333335,9.725611199111238,1.3333333333333333,7.9808,24,3,4,4,14,5,283,train
284,167,27,0,18,11,0,1,2,2,16.725925925925928,15.903189008614273,9.0,12.578292592592591,18,1,9,5,15,9,284,train
285,218,39,0,34,10,2,2,2,6,9.302564102564103,10.504223727775692,2.3333333333333335,7.925146153846153,34,3,7,5,17,5,285,train
286,221,37,0,29,8,0,2,4,5,21.28648648648649,18.243605946275583,8.0,10.166024324324324,29,1,8,7,18,10,286,train
287,237,38,3,33,10,3,3,1,2,16.02105263157895,14.554592549557764,4.0,11.642847368421053,37,2,8,8,34,12,287,train
288,229,37,2,31,14,3,1,2,4,11.267567567567568,11.20814326018867,2.25,10.069894594594595,31,4,8,8,28,11,288,train
289,287,45,1,33,12,2,0,5,6,12.222222222222223,12.457975602129121,4.333333333333333,11.04738888888889,34,3,12,8,37,14,289,train
290,296,47,0,40,9,3,2,2,7,12.359574468085107,12.161744961471694,3.0,10.938448936170213,40,4,12,10,36,13,290,train
291,314,56,1,41,16,7,1,3,7,13.180952380952384,13.5591,3.0,9.355759523809525,44,3,9,10,32,15,291,train
292,147,26,0,20,7,4,1,2,1,18.092307692307692,15.903189008614273,6.0,10.999176923076924,22,1,6,5,14,8,292,train
293,255,43,0,34,9,2,4,3,9,9.454263565891473,10.504223727775692,3.3333333333333335,8.386735658914729,33,3,10,5,25,9,293,train
294,264,42,2,33,12,3,0,1,6,15.123809523809525,13.5591,3.6666666666666665,11.473995238095238,34,3,11,10,33,17,294,train
295,254,42,5,34,11,1,3,2,9,13.161904761904763,13.023866798666859,4.5,9.565480952380952,35,2,9,6,32,8,295,train
296,138,26,1,24,5,3,2,0,2,9.815384615384616,12.161744961471694,2.0,7.317838461538462,26,2,4,5,16,5,296,train
297,350,55,0,47,15,3,2,6,7,16.06060606060606,15.021129683784007,6.0,10.861833333333333,48,3,18,13,37,21,297,train
298,301,50,0,40,10,3,3,3,4,12.266666666666667,13.023866798666859,4.0,10.779166666666667,40,3,12,9,32,15,298,train
299,294,46,1,37,12,7,2,4,6,13.295652173913044,12.602617957971052,3.25,10.385595652173913,36,4,13,11,31,14,299,train
300,273,47,3,36,15,2,1,2,11,17.059574468085106,15.247664890283005,4.5,11.185291489361703,36,2,9,9,29,14,300,train
301,157,28,1,23,8,5,2,2,5,8.457142857142857,11.20814326018867,2.0,7.714471428571429,23,2,4,4,16,4,301,train
302,248,42,3,37,12,4,1,5,4,11.314285714285715,11.20814326018867,2.6666666666666665,9.970185714285716,39,3,8,6,30,12,302,train
303,198,33,2,25,10,0,2,1,6,12.660606060606062,12.161744961471694,3.5,10.196718181818182,26,2,8,5,24,8,303,train
304,337,57,3,46,15,8,4,4,6,15.319298245614036,14.554592549557764,4.0,9.011180701754386,48,3,12,12,34,16,304,train
305,240,38,1,32,12,1,1,2,6,12.22105263157895,11.20814326018867,2.5,10.75612105263158,31,4,10,8,27,13,305,train
306,282,44,3,36,12,3,3,3,8,10.38449612403101,12.457975602129121,4.333333333333333,10.222782170542636,37,3,13,8,35,10,306,test
307,282,48,0,37,12,1,2,2,7,13.9,13.023866798666859,2.6666666666666665,11.667183333333334,37,3,8,9,38,13,307,train
308,274,50,0,38,12,10,2,1,7,14.69795918367347,14.554592549557764,4.5,8.718638775510204,39,2,9,8,25,10,308,test
309,410,70,2,49,11,5,6,3,11,9.600000000000001,11.979248473330827,3.4,7.4889,46,5,17,12,35,12,309,train
310,291,48,6,44,13,2,5,3,5,12.3,12.602617957971052,2.5,10.810866666666666,46,4,10,11,40,17,310,train
311,241,42,0,32,9,6,2,3,8,10.304761904761905,11.20814326018867,4.0,9.189528571428571,32,2,8,4,23,7,311,train
312,267,51,1,41,8,1,3,1,12,9.15294117647059,9.725611199111238,2.3333333333333335,6.3373470588235294,41,3,7,4,23,5,312,train
313,285,49,2,37,16,3,4,4,5,9.79795918367347,10.686352973137792,2.25,10.044508163265306,39,4,8,7,30,14,313,train
314,319,56,3,33,14,5,0,2,6,16.914285714285715,14.554592549557764,4.0,10.94655,33,2,8,9,43,19,314,test
315,352,55,0,41,9,3,6,3,10,10.212121212121213,11.20814326018867,3.1666666666666665,8.971712121212121,40,6,18,12,38,13,315,train
316,333,55,0,44,11,1,5,5,10,13.15151515151515,13.5591,4.333333333333333,8.56510606060606,43,3,13,10,34,10,316,test
317,131,28,0,23,4,0,1,1,4,12.62857142857143,8.841846274778883,1.0,8.9728,25,1,1,1,12,4,317,train
318,465,69,1,57,19,3,6,3,10,15.595652173913045,14.90622815163357,5.5,11.128476811594203,56,4,22,17,58,21,318,train
319,290,49,0,40,12,6,1,6,6,13.063945578231293,13.023866798666859,4.666666666666667,10.569286394557823,41,3,14,9,27,17,319,train
320,267,46,2,37,11,4,1,3,9,9.611594202898551,11.20814326018867,4.666666666666667,9.202685507246377,35,3,14,6,28,11,320,train
321,313,52,0,34,16,1,3,3,7,11.083076923076923,11.602472056035307,2.4,9.921763076923078,32,5,12,11,31,14,321,test
322,255,46,0,39,7,4,3,3,11,9.611594202898551,10.504223727775692,2.6666666666666665,8.172902898550724,40,3,8,5,27,7,322,train
323,299,53,0,44,14,7,3,3,7,10.08553459119497,13.023866798666859,4.0,8.385785534591195,42,3,12,9,27,8,323,train
324,255,44,2,38,10,3,4,3,4,23.963636363636365,18.243605946275583,8.0,11.919581818181818,42,1,8,7,32,13,324,train
325,308,51,1,41,14,7,4,1,3,10.354509803921568,11.20814326018867,1.8,10.334576862745099,41,5,9,10,36,15,325,train
326,318,54,0,38,15,3,2,3,6,14.503703703703705,13.023866798666859,6.0,11.116255555555554,40,2,12,6,35,14,326,train
327,290,46,0,33,11,3,3,6,9,13.295652173913044,13.023866798666859,4.0,10.042334782608696,33,4,16,12,29,14,327,train
328,130,22,3,22,8,3,3,1,2,9.854545454545455,11.20814326018867,2.0,9.923918181818184,23,2,4,4,16,7,328,train
329,390,70,1,43,17,7,5,4,5,10.952380952380953,11.855464076750408,2.0,8.27545238095238,43,6,12,14,37,16,329,train
330,284,46,1,33,10,3,4,2,4,11.35072463768116,12.457975602129121,3.3333333333333335,10.23246811594203,31,3,10,8,34,12,330,train
331,270,44,0,35,9,4,3,1,8,14.048484848484847,13.5591,4.333333333333333,10.105784848484848,35,3,13,10,27,13,331,train
332,428,73,2,57,14,4,7,8,11,11.989954337899542,12.745084868956482,3.3333333333333335,9.431199543378996,56,6,20,17,41,20,332,train
333,293,46,0,33,9,0,7,3,6,11.35072463768116,13.023866798666859,4.333333333333333,10.23246811594203,33,3,13,11,33,13,333,train
334,270,42,0,33,10,5,3,3,7,17.923809523809524,16.52667757954773,5.5,11.821195238095239,35,2,11,11,27,17,334,test
335,421,69,0,56,18,5,4,4,14,9.827450980392157,10.864195022040775,3.1666666666666665,10.235986274509806,57,6,19,12,47,21,335,test
336,287,48,2,39,9,2,2,5,8,11.35072463768116,12.457975602129121,4.0,9.202685507246377,39,3,12,8,38,10,336,train
337,306,56,0,39,20,1,1,4,9,10.840251572327047,11.20814326018867,3.6666666666666665,9.87540817610063,42,3,10,6,38,9,337,train
338,276,44,0,38,12,3,3,3,8,13.13939393939394,13.023866798666859,4.0,10.823512121212122,39,3,12,9,31,14,338,train
339,259,45,0,35,14,2,1,3,5,13.444444444444446,13.023866798666859,4.5,9.314055555555555,35,2,9,6,29,9,339,train
340,525,87,3,58,20,7,3,4,9,16.05632183908046,14.90622815163357,4.5,11.249093103448278,52,4,18,17,60,24,340,train
341,361,54,3,45,14,7,3,1,4,14.051320754716981,12.340626583579944,3.0,11.61037320754717,48,5,15,13,51,19,341,train
342,332,52,2,43,15,1,6,2,5,12.158823529411766,12.602617957971052,3.75,9.532233333333334,43,4,15,11,37,15,342,train
343,521,90,9,70,17,6,9,9,15,21.555555555555557,15.903189008614273,9.5,9.377388888888888,71,2,19,10,60,15,343,test
344,331,56,2,41,12,1,4,2,11,13.180952380952384,13.023866798666859,4.666666666666667,9.355759523809525,39,3,14,9,32,13,344,train
345,231,38,4,32,11,1,4,3,1,10.329824561403509,11.855464076750408,2.3333333333333335,10.0821350877193,32,3,7,7,29,10,345,train
346,198,34,0,28,7,4,1,3,5,13.858823529411765,14.554592549557764,5.0,8.65940588235294,27,2,10,8,20,8,346,train
347,236,36,0,29,8,0,3,3,7,16.08888888888889,15.247664890283005,6.5,10.231244444444446,30,2,13,9,20,11,347,test
348,372,67,3,42,18,4,2,3,14,14.306467661691542,13.023866798666859,3.3333333333333335,9.929009452736318,41,3,10,9,39,17,348,train
349,416,71,0,50,22,7,2,2,10,11.607042253521128,12.602617957971052,4.5,10.29915352112676,48,4,18,11,43,18,349,train
350,231,43,0,34,9,5,3,0,5,8.524031007751939,8.841846274778883,1.3333333333333333,8.753944961240311,35,3,4,3,19,7,350,train
351,165,27,1,21,5,1,0,3,8,18.20740740740741,17.122413403193683,9.0,9.654218518518519,23,1,9,6,17,6,351,train
352,332,51,3,38,12,3,4,3,10,12.158823529411766,12.161744961471694,4.0,10.151449019607844,35,4,16,10,41,13,352,train
353,190,33,0,23,9,1,2,3,3,19.260606060606065,15.903189008614273,6.0,10.058148484848484,23,1,6,5,18,10,353,train
354,396,69,3,50,11,5,7,4,10,11.537681159420291,12.602617957971052,3.75,8.611230434782609,49,4,15,11,42,15,354,train
355,222,38,1,29,10,3,0,3,7,12.863157894736842,13.023866798666859,4.0,9.565215789473683,29,2,8,6,22,9,355,train
356,138,22,0,18,5,1,0,2,5,9.854545454545455,11.20814326018867,4.0,8.488463636363637,18,2,8,4,12,4,356,train
357,293,48,0,42,10,1,6,3,8,12.233333333333334,12.457975602129121,3.6666666666666665,9.364474999999999,42,3,11,8,31,13,357,test
358,204,33,0,25,12,3,1,2,6,11.672727272727274,11.855464076750408,3.0,10.40240303030303,24,3,9,7,23,9,358,train
359,356,58,5,37,19,5,1,3,8,17.424561403508772,15.470042427545799,5.333333333333333,11.22732105263158,35,3,16,14,43,18,359,train
360,353,59,1,50,18,7,3,5,6,12.746892655367233,11.855464076750408,2.6666666666666665,10.012029943502824,53,6,16,14,38,21,360,train
361,305,52,4,41,14,4,3,5,6,16.553846153846155,15.903189008614273,5.0,10.391869230769231,42,2,10,10,36,13,361,test
362,416,70,3,51,14,4,6,6,11,22.495652173913044,19.78447435784618,9.0,10.611033333333335,52,2,18,17,42,18,362,train
363,206,35,0,29,8,2,0,4,7,9.238095238095239,10.504223727775692,3.3333333333333335,10.08002380952381,29,3,10,5,20,9,363,test
364,186,27,2,20,4,0,4,5,1,12.807407407407409,13.023866798666859,6.0,11.908692592592592,23,2,12,6,22,12,364,train
365,222,40,0,35,7,5,0,2,6,19.0,14.554592549557764,7.0,9.568,38,1,6,5,22,8,365,train
366,220,36,0,24,10,5,1,4,3,11.644444444444446,12.161744961471694,3.0,11.547077777777778,25,2,6,5,24,10,366,train
367,344,59,2,46,19,1,3,8,8,13.15151515151515,13.5591,4.0,11.148924242424243,46,3,12,12,42,18,367,train
368,308,51,1,35,12,2,2,4,11,13.858823529411765,13.5591,4.0,10.052641176470589,35,3,12,10,31,15,368,train
369,296,51,0,34,7,0,3,5,10,11.505882352941178,13.023866798666859,4.333333333333333,8.504601960784314,31,3,13,9,30,10,369,train
370,364,58,1,43,15,1,2,3,10,13.386206896551725,13.023866798666859,4.25,10.889493103448277,42,4,17,12,37,21,370,test
371,229,37,0,23,8,0,3,4,9,11.724324324324325,14.554592549557764,5.5,8.39491081081081,23,2,11,8,17,7,371,train
372,269,45,0,35,12,4,1,4,6,10.711111111111112,11.602472056035307,2.4,10.749788888888888,34,5,12,11,31,18,372,train
373,366,65,1,49,11,5,8,3,9,9.507692307692308,11.20814326018867,2.2,8.410992307692307,48,5,11,10,39,15,373,train
374,364,63,0,45,18,6,3,5,10,11.37936507936508,11.698219412168324,3.25,9.681033333333335,45,4,13,9,38,18,374,train
375,476,84,2,63,20,5,6,7,14,16.84979919678715,15.470042427545799,5.0,9.955031726907631,61,3,15,14,45,21,375,train
376,173,31,0,22,6,3,2,4,5,10.070967741935485,11.20814326018867,3.0,8.48013870967742,22,2,6,4,16,6,376,train
377,215,36,0,27,4,3,5,2,7,13.866666666666669,13.81666964889586,4.0,9.354022222222223,27,2,8,7,22,8,377,train
378,396,68,1,48,18,8,4,3,13,11.32235294117647,11.602472056035307,3.2,9.187383529411765,47,5,16,11,45,17,378,train
379,166,32,0,25,7,1,0,6,3,8.780645161290323,8.841846274778883,1.5,10.00820322580645,24,2,3,2,16,8,379,train
380,327,58,1,45,17,6,4,2,8,16.427586206896553,14.554592549557764,5.5,10.791968965517242,46,2,11,8,36,14,380,train
381,221,42,2,37,7,2,3,2,8,6.104761904761905,8.841846274778883,0.75,6.4130142857142864,37,4,3,4,20,5,381,train
382,347,58,7,47,9,3,6,3,7,10.627586206896552,11.698219412168324,3.25,8.439320689655172,49,4,13,9,39,12,382,test
383,294,48,0,37,10,1,2,5,9,12.233333333333334,12.457975602129121,4.666666666666667,9.693433333333335,36,3,14,8,29,12,383,train
384,178,34,0,24,10,8,2,1,5,12.68235294117647,13.023866798666859,3.0,9.588229411764706,23,2,6,6,17,11,384,test
385,203,35,0,30,7,1,1,1,8,11.571428571428573,12.161744961471694,4.5,8.564785714285716,30,2,9,5,19,6,385,train
386,160,24,0,20,6,1,2,3,2,11.533333333333333,11.20814326018867,3.0,10.612466666666666,22,3,9,6,22,7,386,train
387,452,68,5,46,14,1,7,5,8,17.301960784313728,16.32212239822248,7.666666666666667,11.030325490196079,45,3,23,16,51,23,387,train
388,336,51,4,42,13,2,7,3,8,11.374509803921569,12.161744961471694,3.5,9.841841176470588,42,4,14,10,45,15,388,train
389,467,78,4,59,21,4,7,2,9,12.393846153846155,13.023866798666859,3.0,10.078465128205128,58,5,15,15,57,20,389,train
390,250,40,1,35,12,3,3,2,4,14.0,13.81666964889586,5.5,11.734,40,2,11,7,33,13,390,test
391,331,54,3,37,13,3,2,3,6,13.866666666666669,13.5591,4.666666666666667,8.623003703703704,38,3,14,10,33,12,391,train
392,220,35,3,29,9,3,0,3,6,11.523809523809526,12.457975602129121,3.0,9.628880952380953,31,3,9,9,28,10,392,train
393,299,49,0,40,13,2,0,4,9,16.33061224489796,15.247664890283005,6.5,10.00761836734694,41,2,13,9,26,13,393,train
394,198,32,2,25,11,2,2,2,3,11.766666666666666,11.20814326018867,2.0,10.580254166666666,27,3,6,6,24,11,394,train
395,331,55,2,39,13,2,4,2,7,13.5,13.023866798666859,3.5,10.060318181818182,39,4,14,12,33,17,395,train
396,249,43,0,35,15,7,4,0,3,10.811627906976746,11.698219412168324,2.0,10.045048837209304,34,4,8,9,27,12,396,train
397,276,51,2,41,8,6,6,8,6,13.337254901960785,13.023866798666859,5.0,9.235809803921569,42,2,10,6,29,12,397,test
398,311,52,1,41,9,3,3,6,8,15.690196078431374,15.903189008614273,9.5,10.474241176470588,43,2,19,10,31,14,398,train
399,341,54,1,42,11,1,0,6,10,14.28888888888889,13.023866798666859,4.0,10.739062962962963,44,4,16,12,36,20,399,train
400,295,49,4,41,15,2,0,6,7,8.001632653061225,9.3871,2.6,8.634008571428573,41,5,13,6,34,11,400,train
401,230,38,2,34,11,4,1,1,5,13.915789473684212,13.81666964889586,4.5,11.642847368421053,34,2,9,8,27,13,401,train
402,395,75,1,50,18,13,4,4,8,12.833333333333336,12.602617957971052,2.0,8.9877,51,4,8,11,38,18,402,train
403,196,37,1,27,9,2,1,3,5,9.562162162162162,8.841846274778883,3.0,8.39491081081081,27,2,6,2,19,4,403,train
404,381,71,0,57,19,5,4,5,13,12.170422535211268,12.602617957971052,3.25,8.742392957746478,57,4,13,11,36,11,404,train
405,348,64,1,52,14,6,4,2,8,8.870000000000001,9.888512548439397,2.0,9.6991925,53,5,10,7,37,16,405,train
406,208,30,2,24,6,2,1,3,6,22.66666666666667,20.267338824336647,12.0,11.4405,27,1,12,9,24,11,406,train
407,361,59,1,47,11,3,5,3,12,13.290395480225989,13.5591,5.0,9.696881920903955,46,3,15,10,39,14,407,train
408,340,56,3,45,16,4,0,7,6,18.342857142857145,15.903189008614273,8.0,11.510478571428571,47,2,16,10,35,21,408,test
409,260,44,1,37,10,4,1,2,9,10.412121212121214,12.457975602129121,3.6666666666666665,10.105784848484848,39,3,11,8,28,11,409,train
410,294,54,0,43,17,3,4,5,11,26.044444444444448,18.243605946275583,8.0,11.578233333333333,42,1,8,7,27,11,410,train
411,484,79,0,59,12,4,8,4,18,17.115611814345993,15.470042427545799,7.0,9.73959535864979,62,3,21,14,54,20,411,train
412,326,51,3,40,11,2,6,2,5,16.47450980392157,15.247664890283005,5.5,10.783849019607844,45,2,11,9,42,11,412,train
413,287,47,0,33,11,3,2,3,9,12.224113475177305,13.5591,4.333333333333333,8.781013475177305,32,3,13,10,25,10,413,train
414,186,31,1,26,10,6,2,3,3,13.165591397849463,12.457975602129121,3.3333333333333335,11.280001075268817,28,3,10,8,21,13,414,train
415,410,71,3,55,16,4,3,5,10,14.423943661971832,14.191785591663535,4.0,10.521547887323944,54,4,16,15,40,21,415,train
416,378,61,3,44,15,7,4,3,4,13.35762711864407,13.023866798666859,4.0,10.791150847457628,40,4,16,12,51,18,416,train
417,271,46,3,33,9,3,2,4,6,9.611594202898551,11.855464076750408,3.0,8.172902898550724,35,3,9,7,29,8,417,train
418,296,52,2,38,16,4,2,4,5,8.775384615384615,10.355215969177355,1.4,9.314455384615385,40,5,7,8,33,11,418,test
419,340,60,3,35,14,5,2,2,10,17.333333333333336,15.247664890283005,6.0,9.072,35,2,12,9,33,12,419,train
420,120,21,1,20,7,1,1,1,2,10.115789473684211,11.20814326018867,2.0,10.75612105263158,24,2,4,4,20,6,420,train
421,429,68,3,55,18,7,3,4,6,16.616470588235295,14.265292616868656,4.0,11.509442352941175,56,5,20,19,52,27,421,train
422,372,62,2,41,15,1,6,3,9,18.206451612903226,17.122413403193683,6.0,10.267648387096774,41,2,12,12,39,16,422,test
423,199,37,0,25,8,2,2,3,6,9.562162162162162,10.125756701596842,2.5,7.968154054054054,26,2,5,3,17,4,423,train
424,166,29,0,23,9,1,1,1,2,11.317241379310346,11.20814326018867,2.0,10.345010344827585,24,2,4,4,19,8,424,train
425,268,43,4,32,6,0,4,2,9,15.111627906976745,15.903189008614273,7.0,8.742202325581395,33,2,14,10,27,10,425,train
426,157,30,0,25,7,5,2,0,2,11.333333333333336,11.20814326018867,2.0,8.064833333333333,25,2,4,4,15,6,426,train
427,304,50,2,41,12,7,7,2,7,13.0,12.602617957971052,2.75,9.9409,41,4,11,11,32,15,427,train
428,122,21,2,19,7,1,0,2,3,14.114285714285714,13.023866798666859,4.0,9.941433333333334,22,1,4,3,15,4,428,train
429,398,63,4,46,21,1,3,5,9,13.94193548387097,13.427899808715576,4.5,11.026912903225806,42,4,18,13,46,23,429,train
430,290,52,1,34,13,6,3,3,8,15.784615384615385,14.554592549557764,4.5,10.695523076923077,35,2,9,8,35,12,430,train
431,234,41,0,35,11,2,2,2,10,13.078048780487805,13.023866798666859,5.0,8.504519512195122,35,2,10,6,26,7,431,train
432,172,28,0,23,4,0,2,2,6,12.742857142857144,13.023866798666859,4.0,11.098042857142858,25,2,8,6,20,8,432,train
433,250,44,1,35,8,4,6,5,6,7.127272727272729,9.516144504307135,2.25,8.847327272727274,37,4,9,5,28,12,433,train
434,282,47,1,38,11,3,2,4,3,11.373049645390072,11.855464076750408,4.333333333333333,10.460800709219859,37,3,13,7,30,16,434,train
435,294,44,4,34,16,1,4,3,7,14.4,12.602617957971052,3.25,12.794827272727273,36,4,13,11,34,18,435,train
436,164,28,0,22,6,0,2,3,6,14.171428571428573,13.023866798666859,4.0,8.842328571428572,22,2,8,6,17,8,436,train
437,415,61,5,51,16,1,7,2,11,13.404590163934428,12.68835289967788,3.6,11.230636393442623,50,5,18,14,55,22,437,train
438,202,37,1,32,11,2,2,1,5,8.176576576576577,9.725611199111238,1.3333333333333333,8.089044144144143,32,3,4,4,21,6,438,train
439,157,23,0,18,5,0,3,1,3,13.295652173913044,13.023866798666859,3.0,12.445160869565218,20,2,6,6,22,8,439,train
440,126,22,0,19,7,4,2,0,1,10.206060606060607,10.504223727775692,1.0,9.742051515151516,19,3,3,5,16,7,440,train
441,240,43,0,32,12,5,2,1,3,9.40952380952381,10.504223727775692,2.3333333333333335,9.970185714285716,32,3,7,5,30,12,441,train
442,257,41,0,37,11,5,3,2,5,12.880487804878051,11.698219412168324,2.0,10.306851219512195,40,4,9,9,29,14,442,train
443,75,14,0,14,3,1,1,1,2,11.314285714285715,11.20814326018867,3.0,8.842328571428572,14,1,3,2,8,3,443,test
444,322,56,0,39,15,6,1,4,10,12.02857142857143,12.602617957971052,3.25,8.560364285714286,39,4,13,11,31,13,444,train
445,348,62,0,42,12,8,2,2,8,10.121290322580647,10.355215969177355,2.0,9.090410967741935,43,5,10,8,38,16,445,train
446,363,61,2,48,15,4,3,4,12,14.034972677595627,14.554592549557764,5.666666666666667,9.304377595628416,50,3,17,12,36,16,446,test
447,179,31,0,23,4,0,3,5,3,12.651612903225807,13.023866798666859,4.0,8.48013870967742,24,2,8,6,15,7,447,train
448,383,65,2,48,12,6,5,3,7,12.653846153846155,13.023866798666859,3.75,9.786807692307693,49,4,15,12,38,18,448,train
449,153,22,0,20,5,0,3,1,4,17.89090909090909,17.122413403193683,6.0,13.340427272727274,21,1,6,6,19,8,449,train
450,269,46,0,34,10,2,1,5,8,14.333333333333336,13.81666964889586,6.0,11.0685,33,2,12,7,31,10,450,train
451,168,29,0,27,6,3,1,2,7,12.696551724137933,13.023866798666859,3.5,9.800527586206897,27,2,7,6,17,10,451,train
452,247,47,5,42,7,4,3,2,9,8.819858156028369,8.841846274778883,1.6666666666666667,6.765268794326241,44,3,5,3,32,3,452,train
453,185,27,0,22,6,0,1,3,4,12.807407407407409,13.81666964889586,5.0,9.569433333333334,24,2,10,7,20,7,453,train
454,340,57,2,41,17,4,4,3,9,12.015789473684212,12.161744961471694,3.0,10.437685964912282,42,4,12,10,39,18,454,test
455,287,51,1,37,13,6,4,6,10,11.374509803921569,11.698219412168324,2.75,10.4610568627451,41,4,9,9,29,13,455,train
456,174,28,0,21,7,4,2,2,3,12.742857142857144,13.023866798666859,4.0,9.406257142857143,21,2,8,6,19,8,456,train
457,487,87,3,64,16,9,5,8,10,16.657471264367818,15.021129683784007,6.666666666666667,10.338233333333335,64,3,20,13,52,24,457,test
458,213,34,0,24,9,0,0,4,5,13.945098039215688,12.457975602129121,3.3333333333333335,10.235986274509806,24,3,10,8,21,11,458,train
459,171,26,3,23,7,2,3,3,1,8.082051282051282,8.841846274778883,1.6666666666666667,11.354058974358974,26,3,5,4,25,10,459,train
460,222,38,0,28,7,3,3,3,6,19.410526315789475,17.122413403193683,10.0,9.676563157894737,30,1,10,6,23,9,460,train
461,237,41,1,33,11,1,4,2,7,13.078048780487805,13.023866798666859,3.5,8.889641463414634,34,2,7,6,26,8,461,train
462,281,48,1,37,15,2,4,3,9,12.233333333333334,12.457975602129121,3.3333333333333335,10.022391666666667,37,3,10,8,30,12,462,train
463,255,40,2,33,10,1,3,4,5,12.333333333333336,13.5591,5.0,9.824333333333334,33,3,15,10,24,9,463,train
464,249,42,0,32,7,1,4,2,9,14.114285714285714,13.81666964889586,5.0,9.565480952380952,31,2,10,7,23,9,464,test
465,243,38,0,30,8,1,1,3,8,14.540350877192985,13.023866798666859,5.0,10.913187719298246,30,3,15,9,24,15,465,test
466,425,68,4,54,17,8,1,5,5,13.858823529411765,13.427899808715576,5.0,11.445876470588235,56,4,20,13,56,21,466,train
467,295,49,1,42,9,2,3,6,9,13.880272108843537,13.5591,4.666666666666667,9.924796598639455,47,3,14,10,33,14,467,train
468,223,34,5,32,12,1,4,2,4,16.211764705882356,15.247664890283005,4.5,11.445876470588235,32,2,9,9,28,11,468,train
469,216,37,0,32,12,3,2,3,4,10.33873873873874,11.20814326018867,2.3333333333333335,9.796071171171171,33,3,7,6,21,8,469,train
470,166,31,0,25,7,4,2,3,1,11.361290322580645,11.20814326018867,2.0,9.498848387096775,26,2,4,4,16,7,470,train
471,350,56,2,40,14,3,4,5,10,14.609523809523811,14.06817628641468,5.666666666666667,9.63772380952381,37,3,17,11,35,16,471,train
472,239,45,0,32,12,4,1,4,9,14.333333333333336,13.023866798666859,4.5,10.366722222222222,32,2,9,6,23,12,472,train
473,336,57,4,44,11,6,2,3,9,18.417543859649125,17.122413403193683,8.0,10.036415789473683,44,2,16,12,32,14,473,test
474,211,39,0,35,8,2,2,1,8,12.928205128205128,12.161744961471694,4.0,9.057289743589743,36,2,8,5,24,9,474,test
475,449,78,0,55,17,6,3,7,13,16.04102564102564,15.470042427545799,5.666666666666667,10.189433333333334,53,3,17,14,45,19,475,train
476,364,62,0,45,15,3,3,4,10,14.073118279569895,14.06817628641468,4.0,10.26446989247312,50,3,12,11,44,15,476,test
477,255,46,0,34,11,2,1,3,8,13.547826086956523,13.81666964889586,4.0,9.239691304347826,33,2,8,7,24,10,477,train
478,248,40,3,34,12,1,2,4,6,17.0,15.903189008614273,4.0,10.944500000000001,34,2,8,10,24,16,478,train
479,271,46,0,34,9,4,3,3,10,15.286956521739132,15.903189008614273,5.0,9.239691304347826,32,2,10,10,25,13,479,train
480,238,42,1,33,11,4,4,3,3,12.20952380952381,13.023866798666859,3.5,9.189528571428571,34,2,7,6,24,7,480,train
481,365,59,0,46,11,7,4,2,10,10.645762711864407,11.20814326018867,2.75,9.45301525423729,44,4,11,8,42,13,481,train
482,326,53,1,42,12,1,3,3,10,12.09245283018868,12.602617957971052,3.75,10.252190566037736,42,4,15,11,33,15,482,train
483,120,24,0,18,6,1,1,1,3,14.600000000000001,13.023866798666859,1.0,9.432316666666667,18,1,1,3,10,6,483,test
484,314,50,4,42,12,0,3,2,10,17.2,15.903189008614273,6.0,11.8241,44,2,12,10,43,13,484,train
485,360,65,2,48,7,5,6,6,9,12.908333333333331,13.5591,5.666666666666667,7.901977083333334,47,3,17,10,32,13,485,train
486,223,39,0,29,10,1,1,4,9,9.302564102564103,11.855464076750408,3.0,8.734889743589743,27,3,9,7,19,7,486,train
487,230,38,0,29,13,1,3,4,3,11.724324324324325,11.20814326018867,3.5,9.675181081081082,31,2,6,5,26,11,487,train
488,270,43,2,33,10,0,3,4,5,12.672093023255815,12.161744961471694,2.25,11.88109534883721,32,4,9,10,34,15,488,train
489,296,54,0,44,13,7,4,4,8,12.385185185185186,12.457975602129121,3.3333333333333335,9.500225925925927,42,3,10,8,31,12,489,train
490,329,58,0,43,11,5,2,5,9,17.0140350877193,15.903189008614273,6.0,10.313433333333334,42,2,12,10,36,15,490,train
491,282,53,1,41,11,3,5,3,9,12.864150943396226,11.20814326018867,3.5,7.930145283018868,40,2,7,4,26,6,491,test
492,358,58,0,42,15,6,2,4,9,20.56551724137931,18.243605946275583,10.0,11.33645172413793,41,2,20,14,31,21,492,train
493,268,46,0,34,6,4,4,1,8,14.82898550724638,13.5591,3.0,9.889207246376811,31,3,9,10,27,15,493,train
494,320,49,3,39,13,1,5,2,6,13.880272108843537,13.5591,3.6666666666666665,12.180510884353742,45,3,12,10,47,15,494,train
495,281,49,0,33,12,4,0,5,12,16.33061224489796,15.247664890283005,5.0,9.040883673469388,32,2,10,9,22,11,495,test
496,369,65,1,45,15,9,4,7,8,17.30769230769231,15.247664890283005,7.5,9.621115384615386,44,2,15,9,33,11,496,train
497,290,50,2,40,11,1,0,4,12,15.600000000000001,13.81666964889586,5.5,10.2451,44,2,11,7,35,13,497,train
498,331,56,4,46,13,3,2,2,8,13.125925925925927,13.023866798666859,4.0,10.669855555555555,48,3,12,10,48,14,498,train
499,248,43,2,27,17,4,1,2,8,14.181395348837208,14.554592549557764,4.0,10.578248837209303,27,2,8,8,28,14,499,train
500,151,26,1,24,8,0,0,3,3,9.815384615384616,11.20814326018867,2.0,9.139761538461538,26,2,4,4,17,5,500,test
501,412,70,0,54,13,0,5,4,8,10.737391304347828,12.340626583579944,3.0,9.813153913043479,52,5,15,13,49,16,501,train
502,333,50,4,41,15,2,0,3,5,12.200000000000001,11.698219412168324,3.5,11.2041,41,4,14,9,37,17,502,train
503,317,53,3,46,11,4,7,6,8,17.39245283018868,15.903189008614273,6.5,9.419767924528301,48,2,13,10,33,13,503,train
504,312,57,0,45,12,4,4,3,7,11.108771929824563,13.023866798666859,4.333333333333333,8.734163157894738,46,3,12,9,34,9,504,test
505,437,74,2,57,19,6,7,4,9,12.415342465753426,12.340626583579944,3.2,9.984495616438355,56,5,16,13,48,21,505,train
506,396,73,0,49,14,6,2,7,14,11.135616438356164,12.161744961471694,3.25,7.786220547945206,48,4,12,10,35,9,506,test
507,167,29,0,21,8,0,1,2,3,9.937931034482759,11.20814326018867,3.0,8.711562068965517,22,2,6,4,19,7,507,train
508,105,19,0,15,3,1,3,3,2,9.705263157894738,11.20814326018867,6.0,7.90311052631579,15,1,6,2,6,4,508,test
509,279,43,0,37,10,2,2,3,5,15.965891472868217,14.554592549557764,4.0,10.9572007751938,36,3,12,12,31,15,509,train
510,390,68,4,56,22,8,5,6,6,11.32235294117647,12.340626583579944,2.4,10.812824705882353,55,5,12,13,52,21,510,train
511,340,56,1,46,14,1,6,3,8,16.914285714285715,15.247664890283005,7.0,9.818692857142857,46,2,14,9,34,12,511,train
512,221,36,5,32,12,3,2,3,2,12.577777777777778,12.457975602129121,2.6666666666666665,10.372255555555554,33,3,8,8,25,12,512,train
513,343,60,0,42,12,2,1,2,10,11.333333333333336,11.698219412168324,4.0,9.380666666666666,41,4,16,9,35,16,513,test
514,359,53,2,40,12,4,4,3,3,12.892307692307691,13.023866798666859,3.75,11.568992307692309,39,4,15,13,48,17,514,train
515,164,28,1,20,5,5,0,3,5,18.342857142857145,17.122413403193683,8.0,9.536728571428572,21,1,8,6,16,7,515,train
516,231,39,1,32,9,5,4,3,3,11.079487179487181,11.698219412168324,2.25,8.978561538461538,33,4,9,9,22,10,516,test
517,294,47,0,40,14,3,5,2,6,13.075177304964539,13.023866798666859,3.3333333333333335,10.79675815602837,42,3,10,9,38,12,517,train
518,324,54,2,40,12,3,4,4,13,18.20740740740741,17.122413403193683,8.5,9.946625925925925,42,2,17,12,33,13,518,test
519,417,70,1,47,15,6,3,5,12,33.714285714285715,23.72669961743115,14.0,10.717642857142858,50,1,14,13,42,14,519,train
520,141,23,0,18,7,2,1,1,2,12.678260869565218,13.023866798666859,5.0,10.955995652173913,20,1,5,4,16,6,520,test
521,332,59,0,41,12,3,4,5,10,11.934463276836158,13.023866798666859,4.666666666666667,8.894000564971751,41,3,14,9,31,13,521,train
522,300,52,0,37,17,4,3,3,7,9.544615384615385,10.355215969177355,2.2,9.314455384615385,37,5,11,8,31,12,522,train
523,306,54,0,41,16,2,5,3,10,12.385185185185186,12.457975602129121,3.0,9.207818518518518,39,3,9,8,30,11,523,train
524,311,51,1,41,12,3,4,2,8,14.121568627450982,13.81666964889586,5.0,10.474241176470588,42,2,10,7,41,11,524,test
525,207,32,3,29,6,2,3,2,2,13.9,13.023866798666859,3.5,9.857912500000001,32,2,7,6,27,8,525,train
526,447,76,2,51,13,5,4,6,14,11.908771929824562,11.855464076750408,3.0,9.458845614035088,49,6,18,14,48,22,526,train
527,165,29,1,27,3,0,4,2,2,8.558620689655172,11.20814326018867,3.0,7.078113793103448,28,2,6,4,13,4,527,test
528,314,58,0,45,12,4,2,4,9,15.048275862068966,13.023866798666859,4.0,7.797313793103449,45,2,8,6,31,8,528,train
529,364,59,3,44,15,3,3,4,12,19.935593220338987,18.243605946275583,7.5,10.452242372881356,46,2,15,14,36,17,529,test
530,204,35,1,27,5,1,1,2,6,11.571428571428573,13.023866798666859,4.5,8.113642857142857,28,2,9,6,19,5,530,test
531,452,73,3,56,24,6,1,6,11,23.367123287671234,19.78447435784618,9.5,11.503338356164383,59,2,19,17,46,24,531,train
532,224,37,2,31,9,2,2,5,6,14.967567567567569,15.247664890283005,6.0,9.675181081081082,31,2,12,9,24,10,532,train
533,724,118,9,73,24,5,7,6,16,14.985310734463278,13.81666964889586,4.166666666666667,11.168831073446327,68,6,25,21,94,32,533,test
534,289,48,1,38,10,2,2,6,9,12.3,12.602617957971052,4.0,9.823991666666668,38,4,16,11,29,15,534,test
535,333,60,1,46,15,6,0,4,12,16.0,14.554592549557764,5.0,9.335166666666668,48,2,10,8,31,13,535,test
536,215,37,0,30,11,3,3,0,4,10.33873873873874,11.20814326018867,1.3333333333333333,11.503098198198199,31,3,4,6,27,14,536,train
537,316,55,2,40,15,1,4,5,7,11.696969696969697,11.855464076750408,3.0,8.85219696969697,43,3,9,7,32,11,537,train
538,219,38,0,28,7,3,4,4,6,10.757894736842106,12.161744961471694,4.0,7.072057894736842,28,2,8,5,17,4,538,train
539,271,43,1,33,12,1,3,2,7,15.111627906976745,14.554592549557764,7.0,11.312667441860466,33,2,14,8,27,14,539,train
540,162,29,2,26,7,2,1,1,6,12.696551724137933,12.161744961471694,2.5,9.256044827586207,27,2,5,5,17,7,540,train
541,277,47,1,37,12,0,7,4,4,8.104255319148937,10.125756701596842,2.75,8.58674680851064,38,4,11,6,28,7,541,test
542,307,52,3,43,11,4,5,4,8,17.258823529411767,15.903189008614273,6.5,10.164633333333335,43,2,13,10,35,17,542,train
543,284,46,1,34,15,1,1,2,7,11.556521739130435,11.20814326018867,2.5,10.042334782608696,34,4,10,8,29,13,543,train
544,132,24,0,19,5,0,0,1,4,11.266666666666667,11.20814326018867,6.0,8.116483333333333,19,1,6,2,12,2,544,train
545,229,35,0,31,8,0,1,5,6,8.095238095238095,9.725611199111238,3.3333333333333335,10.08002380952381,33,3,10,5,33,8,545,train
546,255,37,2,32,9,4,1,5,4,18.210810810810813,16.52667757954773,7.0,12.235721621621622,33,2,14,11,27,16,546,train
547,282,51,2,39,13,7,1,1,3,10.354509803921568,10.355215969177355,1.4,10.644184705882353,38,5,7,8,36,16,547,train
548,471,76,1,60,19,5,9,4,5,9.803508771929826,11.538034831475386,3.1666666666666665,11.328714035087721,63,6,19,13,58,23,548,test
549,260,42,1,36,9,4,2,0,5,16.019047619047623,14.554592549557764,5.0,12.5731,39,2,10,8,32,15,549,train
550,271,49,0,36,16,8,2,5,7,13.06326530612245,12.161744961471694,2.25,10.044508163265306,36,4,9,10,29,17,550,test
551,240,42,0,29,9,1,2,3,5,9.40952380952381,11.855464076750408,3.6666666666666665,7.714471428571429,29,3,11,7,21,5,551,train
552,317,54,0,40,14,3,3,2,14,15.348148148148148,15.021129683784007,4.666666666666667,10.085040740740741,40,3,14,13,33,15,552,train
553,277,47,1,36,9,5,4,2,6,12.224113475177305,11.855464076750408,3.0,8.781013475177305,36,3,9,7,30,11,553,train
554,246,43,1,38,8,4,1,3,8,20.920930232558142,18.243605946275583,9.0,8.33976511627907,40,1,9,7,20,6,554,train
555,238,42,0,35,8,2,4,2,8,9.40952380952381,10.504223727775692,2.6666666666666665,8.46637619047619,36,3,8,5,22,7,555,train
556,213,32,2,29,7,0,3,3,7,10.516666666666666,12.457975602129121,3.3333333333333335,9.099941666666666,32,3,11,8,26,9,556,train
557,101,16,0,13,4,0,0,2,2,10.700000000000001,11.20814326018867,2.5,8.967675,13,2,5,4,11,4,557,train
558,244,44,1,36,10,2,4,3,2,11.321212121212122,11.855464076750408,2.3333333333333335,8.311466666666668,37,3,7,7,22,8,558,train
559,265,45,2,42,13,3,5,0,5,9.555555555555555,11.20814326018867,2.0,9.292944444444444,45,3,6,6,35,8,559,train
560,375,63,1,49,15,3,3,5,12,11.37936507936508,11.698219412168324,3.75,9.931668253968255,50,4,15,9,33,18,560,train
561,273,46,0,35,9,3,1,4,7,10.481159420289856,11.855464076750408,4.333333333333333,8.172902898550724,36,3,13,7,26,9,561,train
562,351,59,0,42,19,4,0,4,14,13.35762711864407,13.427899808715576,3.5,9.988269491525426,39,4,14,13,33,18,562,test
563,271,43,1,34,13,3,2,1,6,16.972093023255816,15.247664890283005,6.0,11.312667441860466,35,2,12,9,28,13,563,train
564,325,53,0,37,12,3,3,5,10,18.147169811320754,17.122413403193683,7.0,11.207315094339624,37,2,14,12,33,17,564,train
565,289,44,4,39,13,4,1,3,7,14.957575757575757,14.06817628641468,4.333333333333333,11.541239393939394,42,3,13,11,42,16,565,train
566,122,20,0,15,5,0,1,3,0,10.0,11.20814326018867,2.5,10.448500000000001,17,2,5,4,13,5,566,train
567,110,16,0,15,5,1,3,0,1,13.9,13.023866798666859,4.0,13.311975,17,1,4,3,15,5,567,train
568,223,42,0,30,10,6,2,4,4,11.333333333333336,11.855464076750408,2.0,9.034833333333333,31,3,6,7,26,11,568,train
569,113,17,0,15,3,2,3,0,1,16.211764705882356,14.554592549557764,4.0,12.839111764705882,16,1,4,4,15,6,569,test
570,226,38,2,29,10,0,0,3,8,11.810526315789474,13.023866798666859,6.0,9.980742105263158,30,2,12,6,27,8,570,train
571,203,38,1,32,11,1,6,3,4,7.171929824561403,8.841846274778883,1.0,7.173450877192983,35,3,3,3,24,5,571,train
572,301,51,3,44,11,4,5,3,5,12.266666666666667,13.023866798666859,4.0,9.515966666666667,46,3,12,9,36,12,572,test
573,348,59,0,45,15,2,2,3,12,11.536551724137931,11.979248473330827,2.6,10.473411724137932,42,5,13,12,37,17,573,train
574,277,50,3,37,16,9,1,2,3,10.600000000000001,11.20814326018867,2.0,10.2567,39,4,8,8,34,16,574,train
575,352,60,1,46,11,3,5,5,10,19.25762711864407,17.122413403193683,7.5,9.649361016949152,49,2,15,12,37,16,575,test
576,222,36,1,30,10,3,4,1,5,10.355555555555556,11.20814326018867,3.0,10.372255555555554,32,3,9,6,27,7,576,train
577,250,43,0,32,9,6,2,2,6,12.24496124031008,13.023866798666859,3.6666666666666665,9.488363565891472,32,3,11,9,24,13,577,train
578,243,41,0,35,8,1,4,4,9,14.053658536585367,14.554592549557764,5.5,8.889641463414634,35,2,11,8,22,8,578,train
579,188,32,2,28,9,3,4,1,3,10.15,13.023866798666859,3.5,8.377600000000001,30,2,7,6,21,5,579,train
580,277,47,3,39,12,5,3,3,2,13.075177304964539,13.023866798666859,2.6666666666666665,10.460800709219859,39,3,8,9,35,16,580,train
581,280,49,3,38,11,3,5,4,9,13.063945578231293,12.457975602129121,3.3333333333333335,9.924796598639455,38,3,10,8,26,14,581,test
582,295,49,2,40,12,5,0,4,8,15.514285714285714,15.903189008614273,7.0,10.00761836734694,42,2,14,10,27,14,582,train
583,372,63,1,43,18,3,4,3,8,10.744444444444445,12.602617957971052,3.0,10.182303174603174,43,4,12,11,45,13,583,train
584,232,39,0,23,14,0,1,2,5,10.328205128205129,10.504223727775692,3.3333333333333335,10.354376923076924,24,3,10,5,25,10,584,train
585,180,32,0,26,10,2,3,1,4,17.8,15.903189008614273,5.0,9.664637500000001,27,1,5,5,18,7,585,train
586,306,58,2,34,11,6,4,4,8,17.117241379310343,15.247664890283005,5.5,9.158520689655173,35,2,11,9,28,14,586,train
587,185,31,0,26,6,3,0,3,4,18.851612903225806,15.903189008614273,7.0,11.795712903225807,28,1,7,5,20,10,587,train
588,292,49,1,37,9,2,4,4,10,10.614285714285714,11.698219412168324,3.0,9.077773469387754,37,4,12,9,32,11,588,train
589,329,61,1,48,19,7,1,3,11,15.478688524590163,14.554592549557764,5.0,8.773234426229507,50,2,10,8,31,8,589,train
590,78,14,0,12,2,0,1,1,3,14.171428571428573,13.023866798666859,3.0,8.842328571428572,12,1,3,3,8,4,590,train
591,513,82,4,62,18,11,5,8,8,13.389268292682926,14.265292616868656,5.2,9.649086341463416,64,5,26,19,54,24,591,test
592,255,38,1,32,12,1,0,2,4,13.487719298245615,13.023866798666859,4.333333333333333,12.159766666666666,34,3,13,9,34,12,592,train
593,523,86,4,57,25,13,2,6,9,11.779844961240311,11.855464076750408,4.0,9.855572868217054,57,6,23,14,58,26,593,train
594,220,39,1,31,9,5,1,4,7,14.97948717948718,13.81666964889586,4.5,9.057289743589743,33,2,9,7,21,11,594,train
595,436,68,2,57,19,7,5,2,6,13.945098039215688,12.745084868956482,3.1666666666666665,10.700398039215688,60,6,19,17,51,22,595,train
596,289,48,1,35,6,1,4,7,9,14.600000000000001,15.903189008614273,7.0,9.103358333333333,37,2,14,11,27,11,596,train
597,345,54,0,42,15,4,4,3,9,11.727407407407409,11.979248473330827,3.0,10.020328148148149,39,5,15,12,35,15,597,train
598,162,26,0,21,9,1,2,1,2,11.4,12.161744961471694,3.0,10.572500000000002,21,2,6,5,19,7,598,train
599,253,45,0,35,11,8,1,5,4,9.833333333333336,11.698219412168324,2.5,8.756055555555555,34,4,10,9,28,9,599,train
600,299,52,0,39,13,5,1,3,10,15.784615384615385,13.81666964889586,5.5,9.480907692307692,41,2,10,7,28,12,600,train
601,179,31,2,29,6,3,3,2,3,9.294623655913979,10.504223727775692,2.6666666666666665,7.7145172043010755,29,3,8,5,18,6,601,train
602,227,44,0,32,11,4,2,3,2,20.327272727272728,14.554592549557764,3.0,9.048672727272727,33,1,3,4,20,7,602,train
603,194,33,2,30,7,2,1,2,5,13.872727272727275,13.023866798666859,3.0,10.675203030303031,31,2,6,6,23,9,603,train
604,163,25,2,24,7,3,2,1,2,11.4,13.023866798666859,3.5,11.2041,27,2,7,6,22,8,604,train
605,250,41,1,32,11,0,3,2,7,15.0,14.554592549557764,5.0,11.734,32,2,10,8,29,12,605,train
606,160,28,0,24,7,1,1,2,8,11.325925925925928,12.161744961471694,4.0,8.98461851851852,22,2,8,5,16,7,606,train
607,343,55,3,45,17,2,4,1,9,12.621538461538462,11.979248473330827,2.8,10.225416923076924,43,5,14,12,38,17,607,train
608,267,46,0,38,11,6,1,2,9,12.220289855072465,11.855464076750408,3.0,10.575728985507247,38,3,9,7,29,16,608,train
609,196,35,0,30,9,1,2,3,7,8.095238095238095,9.725611199111238,1.6666666666666667,8.27545238095238,31,3,5,4,19,5,609,train
610,304,54,1,40,19,9,1,3,5,13.125925925925927,12.457975602129121,3.3333333333333335,11.839485185185186,41,3,10,8,36,19,610,train
611,279,48,3,38,16,1,1,2,7,9.733333333333334,10.504223727775692,3.0,10.35135,39,3,9,7,35,12,611,train
612,344,54,7,38,18,7,1,4,5,14.607407407407408,14.06817628641468,5.666666666666667,11.547077777777778,37,3,17,11,49,20,612,train
613,130,22,0,20,5,0,0,2,3,14.254545454545458,14.554592549557764,4.0,8.316336363636363,22,1,4,4,13,5,613,train
614,188,31,0,25,9,2,3,1,4,13.94193548387097,13.023866798666859,2.0,12.55497741935484,23,2,4,6,20,15,614,train
615,334,60,0,43,19,8,3,4,5,12.0,11.20814326018867,1.6666666666666667,10.185333333333334,41,6,10,12,38,19,615,train
616,259,48,2,39,10,4,6,5,1,13.65531914893617,13.023866798666859,2.5,10.849334042553192,41,2,5,6,31,10,616,train
617,272,51,0,43,12,1,0,5,8,8.237254901960785,9.516144504307135,1.5,7.984194117647059,45,4,6,5,28,8,617,train
618,305,49,2,41,14,1,1,6,11,11.431292517006803,12.457975602129121,4.666666666666667,11.536021088435374,40,3,14,8,35,13,618,train
619,287,51,0,38,12,7,2,5,8,9.937254901960785,11.855464076750408,3.6666666666666665,9.743033333333335,39,3,11,7,28,12,619,train
620,166,30,0,25,11,0,1,2,4,10.666666666666668,10.504223727775692,1.0,9.922166666666667,25,3,3,5,17,8,620,train
621,252,45,0,37,6,3,2,2,5,8.944444444444445,10.686352973137792,2.25,7.703388888888889,37,4,9,7,21,9,621,train
622,294,47,3,34,9,0,0,5,9,10.521985815602838,11.855464076750408,5.0,10.124843262411346,32,3,15,7,29,14,622,test
623,385,59,7,48,15,6,3,1,8,16.680225988700567,15.021129683784007,5.333333333333333,11.570271751412431,47,3,16,13,52,21,623,train
624,328,56,4,45,9,6,6,5,6,9.885714285714286,11.20814326018867,2.5,7.432507142857142,43,4,10,8,36,11,624,train
625,259,47,1,32,10,4,2,4,9,23.906382978723407,18.243605946275583,7.0,9.999189361702129,34,1,7,7,20,11,625,train
626,192,34,1,31,8,3,4,1,3,18.30588235294118,14.554592549557764,4.0,11.360252941176471,34,1,4,4,22,7,626,train
627,182,32,1,25,8,0,1,2,6,11.4,12.161744961471694,3.5,8.377600000000001,25,2,7,5,20,6,627,train
628,276,45,1,37,14,3,2,1,8,25.111111111111114,19.287186520377343,11.0,12.535388888888889,38,1,11,8,30,12,628,train
629,368,59,4,49,16,3,6,3,4,17.901694915254236,16.52667757954773,6.0,10.719869491525424,52,2,12,11,46,15,629,train
630,279,45,0,33,13,5,1,3,10,16.11111111111111,15.247664890283005,6.5,9.664944444444444,33,2,13,9,27,12,630,train
631,343,58,2,51,13,3,2,3,9,16.72280701754386,15.021129683784007,4.666666666666667,11.22732105263158,52,3,14,13,42,18,631,test
632,159,28,0,22,7,4,1,3,3,15.485714285714288,14.554592549557764,3.0,10.664585714285714,22,1,3,4,16,6,632,train
633,301,52,0,36,15,5,2,6,8,8.006153846153847,9.888512548439397,2.0,8.09984,35,5,10,7,25,9,633,train
634,457,76,3,54,17,2,5,6,14,13.389473684210527,13.427899808715576,4.5,10.604031578947367,57,4,19,13,48,23,634,train
635,172,28,1,21,7,2,0,3,5,12.742857142857144,13.023866798666859,4.0,10.534114285714285,22,2,8,6,20,9,635,train
636,289,49,0,36,13,6,5,2,8,13.063945578231293,13.5591,3.6666666666666665,9.924796598639455,37,3,11,10,33,14,636,train
637,301,52,0,37,16,5,0,4,8,11.353846153846156,11.698219412168324,2.75,10.050723076923077,37,4,11,9,31,14,637,train
638,118,20,1,18,4,0,0,3,5,14.0,14.554592549557764,5.0,9.3655,21,1,5,4,13,5,638,train
639,113,20,0,19,5,0,3,1,2,12.0,13.023866798666859,4.0,10.155000000000001,21,1,4,3,14,4,639,train
640,356,66,0,52,15,7,2,5,10,9.522424242424242,9.888512548439397,2.2,8.119098787878787,50,5,11,7,34,14,640,train
641,425,68,4,53,19,4,6,5,16,14.360784313725492,13.5591,6.0,10.798119607843137,55,3,18,10,52,22,641,train
642,201,34,2,31,9,2,2,1,8,22.8969696969697,19.287186520377343,10.0,11.97208787878788,32,1,10,8,20,12,642,test
643,218,35,1,33,9,3,3,2,2,13.857142857142856,13.81666964889586,4.0,10.369357142857144,34,2,8,7,22,10,643,train
644,190,30,1,27,6,3,2,2,8,22.66666666666667,19.287186520377343,11.0,10.387833333333335,29,1,11,8,18,10,644,train
645,279,44,0,34,11,2,2,4,8,14.048484848484847,14.06817628641468,5.333333333333333,10.105784848484848,33,3,16,11,27,13,645,train
646,289,48,0,41,11,3,2,3,5,8.840000000000002,9.888512548439397,2.0,9.375993333333334,42,5,9,7,34,12,646,train
647,177,32,2,29,8,5,1,2,3,9.266666666666666,10.504223727775692,1.0,9.593379166666667,28,3,3,5,22,6,647,train
648,134,23,0,18,7,0,1,2,4,13.295652173913044,12.161744961471694,2.0,10.385595652173913,20,2,4,5,15,8,648,train
649,339,57,3,43,18,2,2,2,4,10.174035087719298,10.793553405168563,1.8,10.019308421052632,40,5,9,9,34,14,649,train
650,221,42,0,36,7,5,5,6,5,12.20952380952381,13.023866798666859,3.5,8.81357619047619,38,2,7,6,20,6,650,train
651,292,50,2,43,17,3,2,3,3,10.600000000000001,10.686352973137792,2.0,10.888300000000001,44,4,8,7,37,14,651,train
652,403,65,1,52,17,6,5,5,8,10.487179487179489,11.20814326018867,2.5,9.761064102564102,51,6,15,12,53,18,652,train
653,273,44,2,34,7,1,3,3,8,25.78181818181818,22.076135915942103,13.0,10.484127272727273,36,1,13,11,27,11,653,test
654,230,42,2,35,8,2,0,6,5,9.40952380952381,9.725611199111238,2.3333333333333335,9.218280952380953,37,3,7,4,27,9,654,train
655,252,41,1,34,13,4,2,0,3,6.635772357723578,9.2995712137729,1.5,10.137384552845528,37,6,9,7,36,9,655,test
656,257,44,1,40,11,2,1,4,6,13.345454545454544,12.161744961471694,4.0,9.751790909090909,43,2,8,5,26,11,656,train
657,350,59,1,44,11,3,7,0,10,12.560919540229884,12.457975602129121,3.6666666666666665,10.04026091954023,46,3,11,8,47,15,657,train
658,242,39,4,30,6,0,2,5,5,11.902564102564103,13.81666964889586,4.5,8.65241794871795,29,2,9,7,30,7,658,train
659,259,47,1,38,9,3,3,4,6,12.804255319148936,12.161744961471694,3.5,8.833589361702128,42,2,7,6,28,10,659,train
660,266,49,0,40,11,6,3,3,12,16.33061224489796,14.554592549557764,4.5,9.685373469387756,40,2,9,8,24,12,660,test
661,470,74,4,63,20,8,5,4,14,12.947027027027028,13.348371206891418,4.8,11.198688108108108,61,5,24,16,56,24,661,train
662,198,33,1,28,7,1,3,3,4,9.266666666666666,11.855464076750408,2.6666666666666665,11.073691666666667,34,3,8,7,30,7,662,train
663,251,45,1,36,9,2,2,3,7,8.055555555555555,10.686352973137792,2.25,8.054277777777777,36,4,9,7,26,8,663,train
664,366,59,0,47,15,1,3,3,8,16.00919540229885,15.021129683784007,4.666666666666667,11.401467816091955,47,3,14,13,44,19,664,train
665,309,46,4,39,12,1,3,1,8,14.0,13.023866798666859,5.0,12.450944444444445,40,3,15,9,48,17,665,train
666,396,67,2,50,17,7,5,5,11,16.097512437810945,15.470042427545799,6.0,10.164681094527364,48,3,18,14,44,20,666,train
667,186,29,1,24,6,0,3,3,7,12.696551724137933,13.023866798666859,5.0,9.256044827586207,26,2,10,6,18,7,667,train
668,318,52,3,41,11,3,5,3,8,12.123076923076923,12.602617957971052,3.5,9.747069230769231,42,4,14,11,38,12,668,test
669,329,56,2,38,13,4,5,5,9,13.180952380952384,13.5591,4.0,9.07379523809524,37,3,12,10,33,13,669,train
670,212,34,0,28,7,4,1,1,5,13.945098039215688,12.457975602129121,3.3333333333333335,9.771574509803923,29,3,10,8,25,10,670,train
671,413,67,1,53,20,6,2,6,6,9.839800995024877,10.864195022040775,2.3333333333333335,10.553500995024876,54,6,14,11,48,21,671,train
672,203,33,1,22,10,3,3,3,2,12.660606060606062,13.023866798666859,4.0,11.15368787878788,24,2,8,6,23,9,672,train
673,244,35,1,24,16,3,4,1,5,15.371428571428574,11.602472056035307,2.2,10.750842857142857,28,5,9,11,28,15,673,train
674,126,25,0,23,5,2,1,2,5,8.200000000000001,8.841846274778883,0.5,9.3093,23,2,1,2,12,7,674,test
675,182,30,1,25,11,7,0,1,3,12.666666666666668,13.023866798666859,3.0,10.6965,27,2,6,6,22,11,675,test
676,322,58,0,42,14,4,3,4,14,16.427586206896553,14.554592549557764,5.5,8.614037931034483,42,2,11,8,28,10,676,train
677,170,28,0,23,8,2,1,1,5,14.171428571428573,13.023866798666859,3.5,10.534114285714285,24,2,7,6,20,9,677,train
678,324,51,1,44,13,5,4,2,10,15.427450980392159,14.554592549557764,4.666666666666667,10.362249019607845,45,3,15,12,31,18,678,train
679,374,63,2,51,18,7,3,6,10,13.92888888888889,13.348371206891418,3.0,10.026063174603173,52,5,14,15,40,18,679,train
680,201,31,0,23,6,1,3,1,6,18.851612903225806,18.243605946275583,8.0,11.28635806451613,25,1,8,7,22,8,680,test
681,371,58,4,47,17,4,6,5,8,14.765517241379312,13.427899808715576,3.75,11.70621724137931,47,4,15,13,46,22,681,train
682,292,53,1,40,13,2,2,7,7,5.648627450980392,7.554174236665414,1.6,9.09614549019608,39,5,8,3,33,9,682,train
683,263,37,0,31,12,1,2,2,5,10.33873873873874,12.457975602129121,4.333333333333333,11.929854954954955,34,3,12,8,35,12,683,train
684,372,62,3,48,13,5,6,2,7,12.056774193548387,11.979248473330827,2.6,10.36379806451613,46,5,13,12,41,18,684,test
685,344,58,0,45,14,6,2,4,11,12.696551724137933,13.023866798666859,3.75,9.528286206896553,45,4,15,12,33,15,685,test
686,283,44,3,36,14,4,2,4,5,17.89090909090909,17.122413403193683,8.5,11.187245454545454,37,2,17,12,28,14,686,train
687,486,80,4,50,18,8,3,6,13,16.001265822784813,15.247664890283005,5.5,9.612935443037975,48,4,22,18,50,19,687,train
688,330,60,2,47,11,5,1,5,10,16.54576271186441,15.903189008614273,6.0,9.381733898305084,48,2,12,10,36,13,688,train
689,220,35,0,31,8,2,4,1,4,11.5,10.686352973137792,1.75,10.386500000000002,31,4,7,7,25,13,689,test
690,386,63,3,52,16,2,3,3,11,18.314285714285713,15.903189008614273,7.0,11.966042857142856,52,2,14,10,47,18,690,train
691,169,27,0,23,8,0,0,3,4,15.244444444444447,13.023866798666859,8.0,10.823848148148148,25,1,8,3,16,8,691,train
692,415,75,3,55,12,4,5,5,11,9.200000000000001,10.793553405168563,2.8,8.8017,54,5,14,9,49,17,692,train
693,354,56,1,43,19,2,3,1,11,13.457142857142856,13.023866798666859,4.25,10.534114285714285,41,4,17,12,34,18,693,train
694,275,48,2,36,12,7,0,1,10,17.1,15.903189008614273,6.5,10.419191666666666,37,2,13,10,28,14,694,test
695,326,60,1,47,15,7,3,4,10,9.466666666666667,9.888512548439397,1.6,8.442366666666668,46,5,8,7,30,14,695,test
696,410,63,4,53,15,3,5,5,8,15.823809523809524,14.554592549557764,4.25,11.435477777777777,54,4,17,16,54,21,696,test
697,371,60,5,47,13,3,4,5,7,17.117241379310343,16.52667757954773,8.0,10.519727586206898,47,2,16,11,47,14,697,test
698,305,52,1,40,17,3,2,2,9,12.123076923076923,12.161744961471694,2.75,10.050723076923077,41,4,11,10,34,15,698,train
699,374,61,1,48,13,4,5,2,10,15.346448087431694,15.021129683784007,5.0,10.598639890710384,48,3,15,13,42,18,699,test
700,264,49,3,41,12,7,2,3,9,16.33061224489796,15.247664890283005,4.5,9.685373469387756,43,2,9,9,30,13,700,train
701,334,58,2,48,15,3,6,3,5,10.627586206896552,11.20814326018867,2.75,9.256044827586207,52,4,11,8,35,15,701,train
702,278,41,1,31,13,2,1,3,3,14.831707317073171,13.427899808715576,2.75,12.617582926829268,36,4,11,12,34,16,702,train
703,221,38,1,29,9,1,1,4,6,11.382456140350877,11.855464076750408,2.0,9.25108245614035,30,3,6,7,24,12,703,train
704,243,39,4,32,14,2,1,5,1,12.928205128205128,13.81666964889586,4.0,11.486520512820514,33,2,8,8,33,12,704,train
705,275,48,0,35,13,2,3,5,8,11.4,11.855464076750408,3.0,9.693433333333335,34,3,9,7,28,12,705,train
706,175,30,0,26,7,5,1,3,3,10.0,13.023866798666859,3.5,8.064833333333333,27,2,7,6,16,4,706,train
707,276,45,0,35,11,3,1,4,13,14.0,14.06817628641468,4.666666666666667,9.994722222222222,36,3,14,11,28,13,707,train
708,268,48,0,36,18,5,3,2,5,11.373049645390072,11.855464076750408,2.0,11.804630496453902,40,3,6,7,40,13,708,train
709,212,35,0,32,7,1,2,3,7,10.380952380952381,11.855464076750408,3.0,9.177738095238094,34,3,9,7,22,8,709,train
710,139,22,0,17,7,0,1,3,3,9.854545454545455,11.20814326018867,3.5,9.923918181818184,17,2,7,4,14,5,710,test
711,199,35,1,26,8,1,1,3,6,11.571428571428573,13.023866798666859,3.5,9.46707142857143,27,2,7,6,20,9,711,train
712,244,44,1,31,9,1,1,3,7,13.345454545454544,13.023866798666859,4.0,8.6752,31,2,8,6,23,7,712,train
713,243,42,1,37,11,2,0,2,6,13.161904761904763,12.161744961471694,3.0,11.069290476190476,37,2,6,5,29,12,713,train
714,309,50,1,34,11,0,3,2,8,12.266666666666667,12.457975602129121,4.333333333333333,9.515966666666667,35,3,13,8,34,13,714,test
715,189,33,0,24,7,3,1,3,8,18.04848484848485,15.903189008614273,7.0,8.62269393939394,26,1,7,5,19,6,715,train
716,282,48,0,39,9,3,5,4,7,13.9,13.023866798666859,3.0,10.022391666666667,41,3,9,9,24,14,716,train
717,359,60,0,40,11,0,4,3,10,12.666666666666668,13.023866798666859,3.75,9.1175,40,4,15,13,38,16,717,train
718,514,82,5,55,25,4,2,9,12,12.413658536585366,13.023866798666859,5.0,10.226769268292683,54,5,24,15,59,21,718,train
719,110,21,0,19,6,3,2,0,2,6.609523809523811,7.793537801064561,0.6666666666666666,7.74322380952381,20,3,2,2,13,4,719,train
720,283,50,0,39,10,4,2,5,7,7.4,11.20814326018867,3.25,6.7829,39,4,13,9,26,7,720,train
721,212,37,0,31,8,2,2,4,6,13.886486486486488,13.023866798666859,3.5,9.675181081081082,32,2,7,6,19,12,721,train
722,317,53,0,43,9,3,5,4,9,11.138823529411766,11.979248473330827,2.6,8.167321960784314,45,5,13,12,37,12,722,test
723,258,43,2,40,12,4,2,1,4,12.672093023255815,11.698219412168324,2.25,10.412258139534885,41,4,9,9,31,14,723,train
724,349,57,1,48,12,5,3,4,4,17.62857142857143,15.903189008614273,6.0,11.228514285714287,47,2,12,10,40,15,724,train
725,196,38,0,28,8,4,1,4,5,19.410526315789475,15.903189008614273,5.0,9.261036842105263,30,1,5,5,18,6,725,train
726,296,49,3,36,7,2,5,2,7,14.69795918367347,13.81666964889586,5.0,9.363128571428572,41,2,9,7,37,9,726,train
727,136,24,0,21,6,0,1,2,3,14.600000000000001,13.023866798666859,6.0,12.063983333333335,21,1,6,3,14,7,727,train
728,250,38,1,35,10,3,2,4,5,22.568421052631578,20.267338824336647,13.0,12.16972105263158,39,1,13,9,28,10,728,train
729,235,41,0,33,14,3,0,6,6,11.126829268292683,11.20814326018867,5.0,9.274763414634148,34,2,10,4,20,8,729,train
730,282,43,0,35,13,1,3,1,6,13.175193798449612,13.023866798666859,4.666666666666667,11.324410077519381,36,3,14,9,35,12,730,train
731,269,49,1,40,12,6,1,3,7,11.4,11.20814326018867,2.6666666666666665,8.706558333333334,38,3,8,6,24,12,731,test
732,136,25,1,21,7,0,2,2,6,9.8,11.20814326018867,2.5,8.677700000000002,23,2,5,4,15,4,732,train
733,179,34,0,29,8,2,1,3,6,10.329411764705883,10.125756701596842,1.5,9.123817647058823,32,2,3,3,17,5,733,test
734,227,42,0,32,11,6,3,1,5,9.40952380952381,9.725611199111238,1.3333333333333333,9.218280952380953,31,3,4,4,22,10,734,train
735,407,66,1,45,20,0,4,2,8,12.660606060606062,12.602617957971052,4.25,10.435960606060606,46,4,17,11,49,18,735,train
736,332,54,1,41,12,2,8,3,9,17.39245283018868,16.52667757954773,6.5,10.015616981132077,40,2,13,11,39,12,736,train
737,203,34,0,26,9,3,1,2,6,13.858823529411765,13.81666964889586,5.0,9.123817647058823,28,2,10,7,20,7,737,train
738,348,57,2,48,12,6,4,7,9,13.915789473684212,13.023866798666859,6.0,11.22732105263158,50,3,18,10,38,22,738,train
739,216,37,1,28,12,2,3,2,5,10.33873873873874,11.20814326018867,2.3333333333333335,8.942557657657659,30,3,7,6,22,7,739,train
740,173,32,2,24,7,0,3,2,4,11.4,12.161744961471694,2.0,8.8710375,26,2,4,5,18,7,740,train
741,327,61,1,50,13,9,6,3,4,9.378688524590164,10.686352973137792,1.5,8.534539344262296,49,4,6,7,32,11,741,train
742,271,46,3,36,12,5,0,3,10,15.286956521739132,14.554592549557764,6.5,10.269473913043479,36,2,13,8,28,15,742,train
743,272,48,0,35,11,2,3,2,5,13.547826086956523,13.81666964889586,5.0,9.582952173913045,35,2,10,7,36,8,743,train
744,211,33,0,27,8,2,4,2,4,13.872727272727275,13.81666964889586,4.0,10.675203030303031,29,2,8,7,27,9,744,train
745,285,51,0,40,11,4,0,3,9,17.258823529411767,15.247664890283005,4.0,9.855025490196079,39,2,8,9,28,14,745,train
746,274,46,1,36,10,4,2,1,4,9.611594202898551,11.20814326018867,3.0,9.889207246376811,39,3,9,6,29,9,746,train
747,358,66,1,48,15,7,3,4,10,16.23030303030303,14.554592549557764,6.5,9.340421212121212,46,2,13,8,36,14,747,train
748,183,27,3,23,6,1,3,1,2,19.68888888888889,18.243605946275583,7.0,12.578292592592591,26,1,7,7,27,9,748,test
749,218,38,0,34,9,2,2,2,7,11.810526315789474,12.161744961471694,3.5,9.565215789473683,35,2,7,5,25,9,749,test
750,192,32,0,27,7,1,2,4,6,12.65,12.161744961471694,4.0,9.857912500000001,29,2,8,5,24,9,750,train
751,399,64,5,48,13,5,4,3,9,10.775,12.161744961471694,4.25,9.857912500000001,49,4,16,10,45,16,751,train
752,180,31,1,23,7,2,1,2,5,17.561290322580646,14.554592549557764,8.0,9.758293548387096,26,1,8,4,19,8,752,test
753,42,7,1,6,2,0,0,0,0,8.514285714285714,8.841846274778883,2.0,8.495128571428573,8,1,2,1,5,2,753,test
754,385,64,1,53,21,6,3,4,9,11.995000000000001,11.979248473330827,2.6,11.672942500000001,52,5,13,12,50,22,754,train
755,195,32,0,28,9,2,3,3,4,15.15,13.81666964889586,4.0,10.844787499999999,28,2,8,7,22,10,755,train
756,269,45,1,38,9,1,2,4,8,10.722222222222223,10.686352973137792,2.75,10.159611111111111,40,4,11,7,31,15,756,test
757,281,47,0,29,12,0,2,6,7,16.208510638297874,15.247664890283005,6.5,10.513376595744681,29,2,13,9,24,14,757,train
758,217,35,1,26,13,2,2,1,1,11.5,11.20814326018867,1.5,10.837642857142857,29,4,6,8,25,12,758,test
759,308,48,3,34,14,3,5,4,5,15.56666666666667,14.554592549557764,5.666666666666667,11.009266666666665,34,3,17,12,33,16,759,train
760,329,57,1,47,17,6,1,3,7,11.810526315789474,12.457975602129121,4.0,10.396268421052632,48,3,12,8,37,16,760,train
761,359,65,3,47,13,6,5,4,11,14.820512820512821,14.06817628641468,4.666666666666667,10.298397435897435,49,3,14,11,41,19,761,train
762,281,49,0,38,14,3,4,6,6,13.063945578231293,13.023866798666859,4.0,9.602551700680273,39,3,12,9,27,12,762,train
763,433,73,1,57,16,7,6,8,7,14.423943661971832,14.191785591663535,4.75,10.29915352112676,59,4,19,15,48,22,763,test
764,320,50,2,37,14,3,3,4,9,13.0,12.602617957971052,3.5,9.9409,38,4,14,11,34,14,764,train
765,257,46,1,32,11,2,2,3,6,8.742028985507247,10.504223727775692,3.0,8.516163768115941,33,3,9,5,26,6,765,train
766,187,32,0,24,10,2,0,2,6,20.3,17.122413403193683,8.0,11.144950000000001,23,1,8,6,16,10,766,train
767,329,51,3,36,15,1,2,3,7,16.211764705882356,15.021129683784007,5.0,10.362249019607845,36,3,15,13,35,16,767,train
768,289,50,1,44,13,3,1,5,9,9.833333333333336,10.686352973137792,3.5,9.808722222222222,44,4,14,7,37,14,768,test
769,164,30,0,23,7,2,0,1,4,8.666666666666668,10.125756701596842,2.5,9.1175,22,2,5,3,14,4,769,train
770,282,46,0,35,11,1,2,4,7,11.35072463768116,11.855464076750408,3.3333333333333335,10.23246811594203,35,3,10,8,36,12,770,test
771,231,41,2,33,10,7,2,3,6,14.053658536585367,14.554592549557764,5.0,8.504519512195122,34,2,10,8,20,8,771,train
772,201,34,2,29,7,4,2,3,5,12.811764705882354,11.698219412168324,2.5,9.166629411764706,29,4,10,9,22,11,772,train
773,128,21,0,18,5,1,1,2,4,11.81904761904762,11.20814326018867,2.0,9.420633333333335,19,2,4,4,14,5,773,train
774,298,51,1,40,10,6,3,2,9,14.643137254901962,14.06817628641468,4.333333333333333,9.743033333333335,42,3,13,11,30,15,774,train
775,221,36,0,27,14,1,1,3,5,13.866666666666669,13.81666964889586,5.0,11.108466666666667,26,2,10,7,25,10,775,train
776,239,41,0,33,8,2,2,1,5,13.271544715447156,12.457975602129121,2.6666666666666665,9.706073983739838,35,3,8,8,23,11,776,test
777,342,57,4,41,10,5,4,2,9,14.617543859649125,14.554592549557764,4.0,9.011180701754386,43,3,12,12,37,13,777,test
778,241,41,2,35,11,5,3,2,5,16.00487804878049,15.247664890283005,4.0,11.58549512195122,37,2,8,9,27,12,778,train
779,150,25,0,20,7,0,0,3,4,9.8,12.161744961471694,3.0,10.572500000000002,20,2,6,5,15,6,779,train
780,318,48,3,40,11,2,5,2,9,15.433333333333335,15.247664890283005,5.5,10.090233333333334,44,2,10,9,37,10,780,train
781,464,76,1,54,22,6,5,3,14,13.974736842105262,13.348371206891418,3.8,11.246604210526316,51,5,19,16,51,29,781,test
782,262,44,0,35,11,2,0,4,6,14.181395348837208,14.554592549557764,5.5,10.21103953488372,36,2,11,8,30,12,782,train
783,370,64,0,48,14,6,5,5,12,12.65,13.81666964889586,3.5,8.62431875,47,4,14,14,37,13,783,test
784,230,41,1,32,9,5,7,2,4,20.302439024390246,17.122413403193683,7.0,8.751075609756096,34,1,7,6,25,6,784,train
785,228,38,1,31,12,2,1,3,8,12.863157894736842,13.81666964889586,5.5,11.22732105263158,33,2,11,7,26,9,785,train
786,426,75,1,59,20,9,5,4,8,10.33873873873874,10.864195022040775,2.1666666666666665,10.862963063063063,58,6,12,11,52,19,786,test
787,196,36,0,29,5,2,2,3,6,17.733333333333334,14.554592549557764,5.0,8.930988888888889,31,1,5,4,21,5,787,train
788,270,46,0,37,8,7,4,2,5,8.947826086956523,10.686352973137792,2.5,8.32603043478261,36,4,10,7,30,10,788,train
789,261,47,1,37,11,3,3,5,7,12.224113475177305,11.855464076750408,3.0,10.124843262411346,38,3,9,7,25,14,789,train
790,323,56,0,45,14,6,4,2,7,11.314285714285715,11.20814326018867,2.75,9.406257142857143,43,4,11,8,38,15,790,test
791,162,28,0,21,9,1,3,0,1,9.447619047619048,9.725611199111238,1.0,9.738719047619048,21,3,3,4,19,8,791,train
792,147,25,0,22,6,0,1,3,6,18.0,17.122413403193683,6.0,10.5609,24,1,6,6,16,7,792,train
793,358,64,0,45,14,3,4,2,9,10.120000000000001,11.602472056035307,2.2,8.21888,44,5,11,11,33,12,793,train
794,293,49,1,41,12,4,1,2,11,12.246938775510205,12.161744961471694,3.5,9.722263265306122,41,4,14,10,29,14,794,train
795,317,52,1,38,9,4,2,4,11,9.815384615384616,11.698219412168324,3.5,9.443415384615385,40,4,14,9,36,16,795,train
796,198,35,1,30,10,1,3,3,6,12.660606060606062,12.161744961471694,3.0,10.675203030303031,31,2,6,5,24,11,796,train
797,341,53,3,42,12,1,4,3,6,13.856410256410255,13.5591,5.333333333333333,10.872964102564103,45,3,16,10,45,14,797,train
798,149,25,0,20,4,1,1,3,4,3.333333333333334,6.42735559955562,1.6666666666666667,6.576233333333334,20,3,5,1,17,1,798,train
799,149,22,0,18,4,0,3,1,1,17.89090909090909,15.903189008614273,5.0,12.6227,20,1,5,5,20,7,799,train
800,353,56,2,46,13,3,2,3,10,13.765714285714285,12.68835289967788,3.4,10.959162857142857,47,5,16,14,40,21,800,test
801,212,39,1,32,9,4,3,4,6,13.953846153846156,13.81666964889586,3.5,10.271905128205129,33,2,7,7,24,9,801,train
802,327,59,0,38,17,7,3,4,11,12.612429378531075,13.023866798666859,2.6666666666666665,8.894000564971751,38,3,8,9,34,13,802,train
803,451,75,1,56,14,6,7,6,12,14.423287671232877,14.191785591663535,4.25,9.73293287671233,57,4,18,15,51,20,803,train
804,167,29,1,22,10,1,1,2,4,11.317241379310346,12.161744961471694,3.5,9.256044827586207,23,2,7,5,16,6,804,train
805,363,59,1,49,17,3,4,2,7,12.696551724137933,13.427899808715576,4.0,10.345010344827585,49,4,16,13,40,17,805,train
806,186,30,1,24,11,4,1,2,4,20.0,17.122413403193683,6.0,10.914166666666667,27,1,6,7,21,12,806,train
807,147,25,0,23,5,0,0,4,3,9.8,11.20814326018867,3.5,9.9409,23,2,7,4,14,4,807,train
808,323,54,3,42,15,0,3,3,9,13.125925925925927,13.023866798666859,5.0,11.547077777777778,43,3,15,9,35,16,808,train
809,312,52,1,43,18,2,3,4,7,14.625641025641025,14.06817628641468,3.3333333333333335,11.176617948717949,43,3,10,11,36,16,809,test
810,291,49,2,42,17,5,1,3,4,11.43061224489796,11.20814326018867,2.25,11.011242857142857,45,4,9,8,36,17,810,train
811,349,57,0,38,13,3,1,7,12,18.417543859649125,17.693802365651003,9.5,10.867468421052632,40,2,19,13,31,18,811,train
812,399,61,2,48,17,6,1,6,6,15.371803278688526,13.348371206891418,3.8,11.230636393442623,49,5,19,16,41,25,812,train
813,271,46,2,36,12,5,1,2,5,13.959420289855073,13.5591,3.6666666666666665,10.918989855072464,36,3,11,10,28,15,813,train
814,339,56,1,42,13,1,7,3,5,10.194285714285716,11.979248473330827,3.2,8.985412857142858,41,5,16,12,36,12,814,train
815,400,67,0,46,16,11,4,2,5,10.282089552238807,12.602617957971052,3.75,8.94506119402985,47,4,15,11,41,13,815,train
816,233,38,0,29,13,1,2,2,7,12.863157894736842,14.554592549557764,5.5,11.642847368421053,29,2,11,8,26,14,816,train
817,197,34,1,27,12,1,2,1,7,12.68235294117647,12.161744961471694,3.0,10.517052941176471,29,2,6,5,22,9,817,test
818,289,51,1,42,14,5,4,4,6,14.121568627450982,13.81666964889586,5.5,10.164633333333335,43,2,11,7,29,11,818,train
819,333,58,0,44,13,7,0,2,9,11.871264367816092,11.20814326018867,4.0,10.584743678160919,43,3,12,6,36,14,819,test
820,469,79,7,63,19,9,5,6,16,13.469620253164557,13.023866798666859,4.0,10.41242911392405,63,4,15,12,59,23,820,train
821,324,53,1,44,11,3,3,2,11,9.828301886792453,10.686352973137792,3.5,9.358416981132075,43,4,14,7,34,13,821,train
822,555,98,4,72,27,5,6,4,17,12.737959183673471,12.68835289967788,4.0,9.281211020408163,66,5,20,14,51,21,822,test
823,177,31,1,25,6,1,1,2,6,8.780645161290323,10.125756701596842,3.5,9.498848387096775,26,2,7,3,20,5,823,train
824,337,58,0,40,16,3,2,3,7,9.937931034482759,11.20814326018867,3.25,8.98380344827586,42,4,13,8,36,13,824,train
825,340,54,3,44,13,4,2,5,7,15.348148148148148,14.554592549557764,5.333333333333333,10.377448148148149,47,3,16,12,37,20,825,train
826,343,58,2,45,10,3,2,8,10,19.186206896551724,17.693802365651003,8.0,9.703003448275862,46,2,16,13,33,14,826,train
827,75,13,1,12,5,3,0,0,1,14.430769230769233,13.023866798666859,2.0,10.354376923076924,14,1,2,3,8,5,827,train
828,242,43,4,36,11,6,5,3,5,10.38449612403101,11.20814326018867,2.3333333333333335,10.589991472868217,37,3,7,6,29,14,828,train
829,264,44,0,35,10,0,5,2,6,12.23030303030303,12.457975602129121,3.0,9.388057575757575,36,3,9,8,31,10,829,test
830,214,36,1,26,9,0,0,3,7,12.755555555555556,13.023866798666859,4.0,8.915411111111112,28,2,8,6,23,8,830,test
831,270,46,0,33,11,5,1,2,9,11.556521739130435,11.20814326018867,3.0,9.012552173913043,31,4,12,8,26,13,831,train
832,380,60,2,44,15,4,4,3,9,14.035593220338985,13.81666964889586,4.0,11.594032203389832,39,4,16,14,49,18,832,train
833,310,54,0,40,15,11,2,2,8,15.985185185185186,14.554592549557764,5.5,9.654218518518519,41,2,11,8,30,14,833,train
834,469,78,1,49,18,4,6,4,16,11.079487179487181,11.20814326018867,2.5,9.180997435897435,47,8,20,16,48,21,834,train
835,379,62,1,41,14,3,0,6,9,18.851612903225806,17.693802365651003,10.5,10.012970967741936,42,2,21,13,36,14,835,train
836,276,49,0,39,16,4,3,2,5,6.881632653061224,9.236282656511921,1.2857142857142858,8.817373469387755,37,7,9,8,30,9,836,train
837,287,47,2,35,12,5,3,4,3,11.373049645390072,12.457975602129121,3.0,9.452928368794327,40,3,10,8,34,13,837,train
838,288,47,0,37,12,0,4,4,8,12.220289855072465,12.457975602129121,4.333333333333333,9.545946376811594,37,3,13,8,33,12,838,train
839,238,38,0,30,7,1,4,3,7,14.968421052631578,15.247664890283005,6.5,9.14968947368421,30,2,13,9,21,9,839,train
840,445,80,1,58,19,6,4,2,18,12.5,12.161744961471694,3.75,9.3655,57,4,14,10,45,19,840,train
841,295,49,5,38,12,2,3,3,4,14.696598639455784,13.5591,3.0,11.213776190476189,38,3,9,10,46,13,841,train
842,247,38,1,31,6,1,3,4,4,16.02105263157895,15.247664890283005,5.5,9.980742105263158,31,2,11,9,24,11,842,train
843,341,55,2,46,10,3,5,3,12,16.06060606060606,15.021129683784007,4.333333333333333,10.574742424242425,46,3,13,13,43,17,843,train
844,287,52,3,42,12,3,3,4,9,15.784615384615385,13.81666964889586,4.0,9.177253846153846,41,2,8,7,38,12,844,train
845,214,38,1,32,11,2,2,4,5,21.51578947368421,17.122413403193683,7.0,11.338668421052633,33,1,7,6,20,11,845,train
846,332,59,1,46,17,7,2,3,12,12.679661016949154,12.602617957971052,2.5,10.52352372881356,46,4,10,11,37,18,846,test
847,154,25,0,22,7,0,3,1,4,14.600000000000001,13.023866798666859,2.5,11.2041,23,2,5,6,17,9,847,train
848,176,30,0,21,7,2,0,2,3,10.0,11.20814326018867,3.0,9.1175,24,2,6,4,18,4,848,train
849,404,66,4,49,19,8,4,4,5,13.26666666666667,13.023866798666859,3.5,10.914445454545454,46,4,14,12,52,16,849,train
850,279,52,0,40,11,4,1,4,2,12.317948717948719,11.855464076750408,2.6666666666666665,9.658348717948718,40,3,8,7,26,14,850,train
851,369,62,1,40,17,5,3,4,12,14.690710382513661,14.554592549557764,4.666666666666667,9.8220825136612,41,3,13,12,41,15,851,train
852,262,46,1,36,11,2,1,4,10,27.095652173913045,21.19438992294339,10.0,12.096795652173913,37,1,10,10,27,15,852,train
853,282,51,0,43,14,6,4,3,7,9.937254901960785,11.20814326018867,3.0,9.433425490196079,43,3,9,7,30,9,853,train
854,330,56,2,41,14,2,2,7,13,30.257142857142856,23.72669961743115,15.0,11.489457142857143,43,1,15,13,28,15,854,test
855,377,57,1,49,14,1,6,5,4,15.788070175438598,13.968273953766033,3.8,11.958431228070177,47,5,19,18,40,24,855,test
856,171,30,0,26,7,3,1,0,5,9.333333333333334,9.725611199111238,1.3333333333333333,10.448500000000001,26,3,4,4,21,6,856,train
857,445,72,2,52,17,5,7,5,12,14.987323943661972,13.81666964889586,4.75,10.076759154929578,53,4,19,14,48,21,857,test
858,239,41,2,32,9,3,2,5,5,11.320325203252033,11.20814326018867,3.0,9.320952032520324,34,3,9,6,31,10,858,test
859,367,62,2,40,19,2,2,6,6,9.294623655913979,10.125756701596842,1.5,10.515968817204302,37,6,9,9,44,18,859,train
860,319,54,3,36,14,0,4,2,10,12.066666666666668,12.161744961471694,3.0,9.277025925925926,36,4,12,10,33,13,860,train
861,414,69,2,55,13,4,4,5,11,11.537681159420291,12.161744961471694,4.25,8.840071014492754,54,4,17,10,39,16,861,test
862,143,27,0,24,7,2,1,3,6,15.244444444444447,13.023866798666859,5.0,9.654218518518519,25,1,5,3,12,5,862,train
863,343,53,0,43,13,6,3,2,3,18.90188679245283,17.693802365651003,8.0,11.505239622641511,44,2,16,13,38,17,863,train
864,201,34,0,30,9,3,0,1,6,10.415686274509804,10.504223727775692,2.0,10.235986274509806,30,3,5,5,24,8,864,train
865,313,53,1,45,15,4,0,4,10,13.859119496855346,13.5591,4.333333333333333,10.76918176100629,43,3,13,10,39,13,865,train
866,207,38,0,30,10,2,2,1,3,9.705263157894738,8.841846274778883,2.0,10.396268421052632,30,2,4,2,26,5,866,train
867,216,34,2,31,8,2,4,0,2,12.68235294117647,13.023866798666859,4.0,10.517052941176471,33,2,8,6,28,9,867,train
868,442,81,6,66,19,10,6,6,12,15.16666666666667,13.5591,5.333333333333333,9.498791666666666,65,3,16,10,47,17,868,train
869,273,46,1,31,13,2,2,2,11,11.556521739130435,11.698219412168324,3.0,9.35581304347826,29,4,12,9,28,10,869,train
870,381,63,4,44,15,2,3,2,10,20.14193548387097,17.693802365651003,7.0,12.050390322580645,43,2,14,13,47,18,870,test
871,349,67,1,53,14,9,2,6,6,11.927164179104478,11.602472056035307,2.4,8.543229552238806,48,5,12,11,30,17,871,train
872,180,32,1,26,8,4,0,2,4,11.4,11.20814326018867,3.0,9.364474999999999,27,2,6,4,19,7,872,train
873,224,38,0,26,8,1,0,4,7,11.810526315789474,13.023866798666859,5.0,8.734163157894738,26,2,10,6,19,7,873,train
874,287,48,0,37,9,3,4,4,6,16.26666666666667,15.247664890283005,5.5,11.077108333333333,40,2,11,9,32,12,874,train
875,233,37,0,29,8,1,2,5,4,15.911111111111111,14.06817628641468,4.333333333333333,11.249477777777777,28,3,13,11,25,12,875,test
876,258,40,1,33,9,2,3,4,4,14.333333333333336,13.5591,3.0,11.798083333333333,37,3,9,10,31,14,876,train
877,291,47,4,36,10,5,1,2,9,14.777304964539008,14.06817628641468,4.0,10.124843262411346,38,3,12,11,37,16,877,test
878,378,61,0,47,19,11,5,3,6,12.657377049180328,13.023866798666859,3.75,10.087654098360655,49,4,14,13,42,17,878,train
879,450,76,2,57,22,7,1,3,13,13.389473684210527,12.602617957971052,4.75,11.019557894736842,57,4,19,11,52,26,879,train
880,337,60,2,44,11,4,3,5,9,17.333333333333336,16.52667757954773,7.0,9.598333333333333,45,2,14,11,31,15,880,test
881,275,45,0,38,13,2,5,4,10,17.88888888888889,15.903189008614273,5.5,10.717611111111111,38,2,11,10,29,15,881,test
882,213,33,2,29,12,1,4,3,3,13.872727272727275,13.81666964889586,3.5,11.632172727272728,31,2,7,7,25,12,882,train
883,265,47,0,35,9,3,2,5,8,10.521985815602838,10.504223727775692,3.6666666666666665,9.452928368794327,35,3,11,5,26,8,883,train
884,410,65,0,46,16,2,10,8,5,14.430769230769233,13.023866798666859,3.8,11.083146153846155,46,5,19,15,44,24,884,test
885,305,54,0,39,12,4,5,1,11,27.525925925925925,20.267338824336647,11.0,10.70101111111111,40,1,11,9,26,13,885,test
886,248,44,0,35,13,0,3,3,4,14.0,13.81666964889586,4.5,11.33925,35,2,9,7,32,11,886,train
887,344,54,2,42,14,1,5,6,11,18.20740740740741,17.122413403193683,9.0,11.993477777777779,43,2,18,12,41,17,887,train
888,292,51,4,45,16,6,0,2,9,13.07450980392157,13.5591,3.3333333333333335,10.362249019607845,46,3,10,10,35,14,888,train
889,327,55,3,40,10,2,2,3,9,13.125925925925927,13.5591,4.333333333333333,10.085040740740741,43,3,13,10,40,14,889,train
890,342,64,2,49,12,3,8,1,10,9.525,10.125756701596842,2.0,8.8710375,51,4,9,7,38,14,890,train
891,310,53,4,43,13,5,4,3,12,17.39245283018868,15.903189008614273,6.0,10.015616981132077,43,2,12,10,35,12,891,train
892,190,29,0,22,10,2,0,0,4,14.075862068965519,13.81666964889586,5.0,9.800527586206897,24,2,10,7,19,8,892,train
893,276,46,1,36,11,3,2,2,7,10.93913043478261,11.20814326018867,5.0,10.612734782608696,40,2,9,5,35,8,893,train
894,244,43,0,29,9,1,1,5,5,8.524031007751939,10.504223727775692,3.3333333333333335,8.386735658914729,29,3,10,5,20,6,894,train
895,220,41,0,31,9,5,1,4,6,14.053658536585367,13.81666964889586,4.0,9.274763414634148,32,2,8,7,21,11,895,train
896,242,47,0,40,10,6,1,2,10,9.670921985815603,11.20814326018867,2.6666666666666665,7.773141134751773,39,3,8,6,23,6,896,train
897,183,33,1,26,7,3,1,2,5,11.672727272727274,11.20814326018867,1.6666666666666667,9.445433333333334,26,3,5,6,18,9,897,train
898,289,50,1,39,9,4,5,4,9,11.466666666666669,13.023866798666859,3.3333333333333335,8.884366666666667,41,3,10,9,32,9,898,train
899,217,38,0,31,6,1,6,3,2,8.22456140350877,10.504223727775692,2.3333333333333335,8.00450350877193,29,3,7,5,19,8,899,test
900,273,46,0,38,10,1,3,3,6,12.220289855072465,11.855464076750408,4.333333333333333,9.545946376811594,38,3,13,7,27,13,900,train
901,240,40,2,29,7,1,1,7,8,9.333333333333334,10.504223727775692,3.3333333333333335,9.034833333333333,32,3,10,5,30,10,901,train
902,103,19,0,16,2,2,0,2,0,7.6000000000000005,13.023866798666859,3.0,7.072057894736842,17,1,3,3,7,1,902,train
903,302,50,0,36,13,3,4,5,7,13.0,12.602617957971052,3.0,10.2567,37,4,12,11,31,17,903,test
904,250,39,0,32,7,3,2,2,8,14.97948717948718,13.81666964889586,5.5,11.486520512820514,31,2,11,7,31,12,904,test
905,379,66,5,50,15,3,6,1,9,13.64848484848485,13.023866798666859,3.0,9.991033333333334,52,3,9,10,46,15,905,train
906,290,44,3,38,9,1,1,2,9,15.163636363636364,15.247664890283005,7.0,10.828381818181818,41,2,12,7,36,12,906,train
907,254,43,0,36,9,3,3,4,5,9.88139534883721,10.125756701596842,3.25,9.67783953488372,36,4,13,6,25,11,907,test
908,234,44,0,31,10,0,1,4,7,13.345454545454544,12.161744961471694,2.5,9.392927272727274,31,2,5,5,20,11,908,train
909,350,58,3,44,21,3,1,4,9,13.250574712643678,13.5591,4.0,11.129226436781611,45,3,12,10,43,16,909,test
910,117,21,0,18,4,1,0,2,4,16.019047619047623,14.554592549557764,4.0,9.189528571428571,21,1,4,4,12,5,910,train
911,204,33,0,26,9,2,3,3,8,13.872727272727275,13.81666964889586,5.5,9.718233333333334,27,2,11,7,20,8,911,train
912,224,37,0,30,10,2,2,2,4,21.06666666666667,19.287186520377343,7.0,11.562655555555555,29,1,7,8,22,13,912,train
913,536,84,4,67,20,4,6,6,13,18.342857142857145,17.122413403193683,8.0,10.476609523809525,67,3,24,18,59,24,913,train
914,260,46,1,33,6,0,5,4,10,13.547826086956523,13.023866798666859,5.0,8.209908695652175,34,2,10,6,23,9,914,train
915,404,64,1,41,16,2,9,1,10,16.65833333333333,15.470042427545799,5.0,10.369164583333333,39,3,15,14,42,20,915,train
916,206,37,2,32,8,4,2,2,5,10.643243243243244,12.161744961471694,3.5,8.821667567567568,35,2,7,6,23,7,916,test
917,232,43,1,37,10,2,1,3,11,11.390697674418604,11.20814326018867,4.5,8.742202325581395,38,2,9,4,21,5,917,train
918,224,40,0,30,8,1,2,5,7,8.0,10.125756701596842,1.75,8.08,30,4,7,6,18,6,918,train
919,363,63,2,49,13,7,6,4,10,14.74920634920635,14.554592549557764,4.666666666666667,9.690798412698413,50,3,14,12,38,18,919,train
920,394,65,1,50,18,4,2,5,7,13.269230769230768,13.427899808715576,3.25,10.02973076923077,52,4,13,13,44,17,920,train
921,378,64,1,40,16,5,3,6,6,14.783333333333331,14.554592549557764,4.666666666666667,10.122445833333334,39,3,14,12,35,17,921,train
922,110,20,0,15,1,1,2,4,3,10.0,13.023866798666859,6.0,6.2075,15,1,6,3,6,2,922,train
923,374,61,1,48,12,6,3,5,8,10.781639344262295,11.602472056035307,2.8,10.195226557377051,49,5,14,11,47,14,923,train
924,295,49,0,39,14,7,2,1,6,13.880272108843537,13.5591,3.3333333333333335,9.602551700680273,40,3,7,10,27,12,924,train
925,137,22,1,18,9,0,2,0,3,9.854545454545455,11.20814326018867,2.0,9.923918181818184,21,2,4,4,19,5,925,train
926,269,47,1,36,14,4,5,2,6,13.075177304964539,12.457975602129121,2.6666666666666665,10.124843262411346,35,3,8,8,29,16,926,test
927,318,56,1,46,12,5,1,6,9,12.066666666666668,12.161744961471694,4.0,9.86184074074074,49,4,15,10,36,15,927,train
928,336,53,0,48,12,3,3,3,8,17.39245283018868,15.247664890283005,7.0,12.696937735849056,51,2,14,10,42,19,928,train
929,276,42,2,38,10,0,4,2,6,11.257142857142858,12.161744961471694,6.0,10.693338095238095,38,2,12,7,36,11,929,train
930,291,51,1,35,11,4,2,5,8,14.121568627450982,13.023866798666859,6.5,8.306986274509804,36,2,13,6,26,8,930,train
931,285,52,1,38,11,5,3,3,14,13.476923076923079,13.023866798666859,4.0,8.569946153846153,37,2,8,6,28,10,931,train
932,401,64,3,48,15,4,5,4,9,17.923809523809524,15.903189008614273,5.666666666666667,10.693338095238095,49,3,17,15,46,23,932,test
933,291,50,0,39,8,4,2,5,11,16.400000000000002,15.247664890283005,7.5,8.9819,40,2,15,9,28,11,933,test
934,467,82,7,51,26,6,6,4,12,14.053658536585367,13.427899808715576,3.75,9.467324390243903,52,4,15,13,49,20,934,train
935,260,39,1,27,12,0,4,2,7,16.005128205128205,15.903189008614273,6.0,10.676776923076924,26,2,12,10,27,12,935,train
936,295,47,0,35,15,0,0,3,9,13.926241134751775,13.5591,4.0,10.79675815602837,36,3,12,10,34,14,936,train
937,391,62,1,49,18,3,3,2,9,20.14193548387097,18.243605946275583,8.0,12.305067741935485,46,2,16,14,53,18,937,train
938,358,59,1,49,11,3,3,7,10,11.323728813559322,12.602617957971052,4.75,10.255896610169492,50,4,19,11,39,17,938,train
939,252,47,1,33,16,8,0,2,4,12.804255319148936,12.161744961471694,1.0,10.849334042553192,36,2,2,5,26,9,939,train
940,300,44,2,34,12,1,4,3,6,14.048484848484847,14.06817628641468,5.333333333333333,10.105784848484848,34,3,16,11,30,12,940,train
941,327,58,3,43,14,10,1,4,10,16.427586206896553,15.247664890283005,6.0,9.430762068965517,43,2,12,9,32,14,941,train
942,236,42,0,37,10,4,1,4,8,13.161904761904763,13.023866798666859,4.5,9.565480952380952,37,2,8,6,26,9,942,train
943,199,36,0,31,9,5,1,2,6,10.533333333333335,12.161744961471694,4.0,8.03818888888889,31,2,8,5,17,4,943,train
944,399,57,4,51,17,5,3,4,9,16.9280701754386,15.247664890283005,5.5,10.99172105263158,54,4,22,18,45,20,944,train
945,202,35,0,28,9,2,3,2,3,10.380952380952381,11.20814326018867,1.6666666666666667,9.177738095238094,28,3,5,6,22,9,945,train
946,235,38,0,28,11,0,1,4,7,12.863157894736842,12.161744961471694,6.0,9.980742105263158,28,2,12,5,22,7,946,train
947,289,48,2,41,15,5,4,1,6,9.866666666666667,10.125756701596842,1.5,10.283508333333334,38,6,9,9,37,13,947,train
948,145,23,0,17,3,0,0,4,5,13.490909090909092,13.023866798666859,4.5,10.641645454545454,17,2,9,6,16,6,948,test
949,154,27,0,25,7,0,1,1,5,8.362962962962964,10.125756701596842,2.5,10.154248148148149,24,2,5,3,14,8,949,train
950,343,60,1,49,11,5,6,3,12,14.66666666666667,14.554592549557764,4.0,9.102333333333334,50,3,12,12,37,16,950,train
951,407,66,4,52,16,9,4,1,8,14.5,13.81666964889586,3.75,10.02973076923077,49,4,15,14,49,19,951,train
952,372,61,2,48,19,10,4,1,8,10.781639344262295,11.20814326018867,2.6,10.195226557377051,49,5,13,10,43,19,952,train
953,380,71,1,52,12,6,7,4,10,13.410328638497653,12.457975602129121,4.0,8.146282159624413,51,3,12,8,34,15,953,train
954,200,33,2,32,8,2,2,1,5,12.660606060606062,12.161744961471694,3.0,10.196718181818182,34,2,6,5,24,8,954,train
955,265,42,1,36,12,0,2,3,7,11.314285714285715,12.457975602129121,3.6666666666666665,10.722090476190477,37,3,11,8,31,10,955,train
956,257,45,0,34,10,4,2,4,8,14.333333333333336,13.81666964889586,5.5,9.314055555555555,34,2,11,7,21,10,956,train
957,206,36,1,25,13,0,1,3,6,11.644444444444446,12.161744961471694,3.5,9.792633333333335,24,2,7,5,21,7,957,train
958,277,46,1,31,11,0,6,3,5,14.417391304347825,14.554592549557764,5.5,8.896430434782609,34,2,11,8,31,8,958,train
959,472,75,3,57,15,4,8,2,16,13.466666666666669,13.023866798666859,3.6,10.0649,61,5,16,15,58,20,959,train
960,173,29,0,20,8,0,1,4,6,12.696551724137933,13.023866798666859,4.5,9.800527586206897,21,2,9,6,17,8,960,train
961,159,24,2,21,7,2,0,2,5,14.8,13.81666964889586,4.5,10.15295,22,2,9,7,18,7,961,test
962,406,63,6,51,16,4,7,4,7,15.877419354838711,14.554592549557764,4.5,11.281590322580644,49,4,18,16,57,20,962,train
963,325,49,2,44,13,3,3,2,7,15.512925170068028,14.06817628641468,4.333333333333333,11.213776190476189,47,3,13,11,43,16,963,train
964,212,39,1,30,10,5,0,1,8,12.37948717948718,11.855464076750408,2.3333333333333335,9.544633333333334,32,3,7,7,21,9,964,test
965,329,56,3,47,12,2,3,3,9,12.424242424242424,12.457975602129121,3.3333333333333335,9.42637878787879,47,3,9,8,38,14,965,train
966,355,57,4,39,15,3,7,4,9,14.617543859649125,14.06817628641468,4.333333333333333,10.396268421052632,39,3,13,11,42,17,966,test
967,222,38,1,32,7,3,2,4,5,14.968421052631578,15.247664890283005,6.0,9.980742105263158,35,2,12,9,23,10,967,train
968,424,68,4,54,16,5,6,2,10,14.461194029850748,13.81666964889586,5.0,11.537449253731344,54,4,19,14,54,24,968,train
969,381,63,1,48,19,1,4,7,10,12.006451612903227,12.161744961471694,3.25,10.00820322580645,47,4,13,10,40,16,969,train
970,374,61,1,39,11,1,2,5,13,10.0,11.20814326018867,3.0,8.606333333333334,40,6,18,12,38,15,970,train
971,319,54,2,43,14,1,1,4,7,26.483018867924528,21.19438992294339,13.0,12.223790566037737,45,1,13,10,37,13,971,train
972,305,49,2,39,11,5,1,2,10,14.696598639455784,14.06817628641468,4.666666666666667,11.213776190476189,37,3,14,11,37,13,972,train
973,289,46,0,35,10,3,5,2,5,12.220289855072465,13.023866798666859,3.6666666666666665,11.262250724637681,37,3,11,9,36,13,973,train
974,230,39,1,34,11,4,1,1,5,10.328205128205129,11.20814326018867,2.3333333333333335,11.164120512820514,35,3,7,6,28,13,974,test
975,289,52,0,42,14,6,3,4,9,13.087179487179487,12.457975602129121,3.6666666666666665,9.658348717948718,42,3,11,8,28,16,975,test
976,396,68,3,53,12,4,8,8,10,18.30588235294118,15.903189008614273,6.5,9.502605882352942,53,2,13,10,40,14,976,train
977,346,60,3,48,14,5,4,3,11,14.0,13.427899808715576,3.5,9.380666666666666,46,4,14,13,35,19,977,train
978,159,27,0,19,6,3,0,2,5,12.807407407407409,13.023866798666859,3.5,8.98461851851852,19,2,7,6,17,8,978,train
979,414,73,4,56,20,6,2,5,9,12.755555555555556,12.602617957971052,3.75,10.011938888888888,55,4,15,11,46,19,979,train
980,339,59,0,42,18,5,3,1,12,14.646327683615821,14.554592549557764,4.666666666666667,11.570271751412431,40,3,14,12,37,16,980,test
981,299,51,1,35,15,3,2,2,7,13.06326530612245,12.161744961471694,2.5,10.36675306122449,33,4,10,10,35,18,981,test
982,244,40,0,33,11,1,1,3,5,12.0,11.698219412168324,2.75,10.05375,34,4,11,9,25,10,982,train
983,230,37,0,30,11,2,3,2,5,14.967567567567569,14.554592549557764,3.5,10.101937837837838,30,2,7,8,25,12,983,train
984,342,57,4,44,16,3,2,4,7,10.817543859649124,10.864195022040775,2.1666666666666665,9.371033333333333,43,6,13,11,44,15,984,train
985,331,54,6,39,18,2,1,2,4,9.505185185185187,9.888512548439397,2.0,11.774772592592592,39,5,10,8,44,15,985,train
986,243,43,3,27,5,2,0,6,4,10.460465116279071,10.125756701596842,4.5,7.27336511627907,29,2,9,3,22,6,986,train
987,382,65,0,49,16,3,3,3,12,15.435897435897438,14.554592549557764,5.0,10.784243589743589,47,3,15,12,38,17,987,train
988,352,59,0,38,12,2,3,9,9,15.324293785310736,15.470042427545799,6.666666666666667,8.894000564971751,37,3,20,14,32,13,988,train
989,452,84,2,50,19,6,2,6,16,13.386987951807232,13.023866798666859,3.0,8.8354021686747,49,5,15,15,41,19,989,test
990,196,30,3,27,9,2,3,0,1,15.333333333333332,13.81666964889586,3.5,12.275500000000001,30,2,7,7,28,11,990,train
991,240,41,1,31,9,3,0,3,10,14.053658536585367,13.81666964889586,5.0,8.889641463414634,33,2,10,7,25,8,991,train
992,284,47,0,37,12,2,2,4,9,12.224113475177305,13.023866798666859,3.6666666666666665,9.788885815602836,37,3,11,9,28,14,992,train
993,271,44,3,33,10,2,4,5,7,13.13939393939394,13.023866798666859,3.6666666666666665,10.464648484848485,34,3,11,9,30,14,993,test
994,101,18,0,18,5,3,3,1,1,5.822222222222223,8.841846274778883,1.5,8.469011111111111,19,2,3,2,10,5,994,train
995,246,44,0,36,9,3,1,3,10,13.13939393939394,13.023866798666859,3.3333333333333335,9.746921212121212,37,3,10,9,26,11,995,train
996,312,50,2,39,14,2,3,3,5,6.057142857142857,7.957251820313856,1.4285714285714286,9.359385714285715,41,7,9,8,40,15,996,train
997,434,69,4,56,16,4,3,4,13,15.595652173913045,14.554592549557764,4.75,11.357317391304349,54,4,19,16,55,23,997,train
998,335,55,3,47,15,2,3,5,7,10.590909090909092,11.698219412168324,2.25,10.060318181818182,49,4,9,9,49,15,998,train
999,387,60,2,45,16,9,6,1,6,16.0,14.554592549557764,3.75,11.222833333333334,45,4,15,16,45,20,999,train
1000,265,46,1,38,12,7,2,2,3,10.686956521739132,11.20814326018867,1.75,10.042334782608696,38,4,7,8,33,12,1000,test
1001,392,62,2,40,19,3,3,6,9,12.056774193548387,12.68835289967788,3.4,10.36379806451613,41,5,17,14,38,19,1001,train
1002,242,45,0,36,10,2,3,3,7,13.444444444444446,13.023866798666859,3.0,8.963166666666666,37,2,6,6,24,9,1002,train
1003,290,55,3,39,14,7,5,2,6,11.548717948717949,11.855464076750408,2.3333333333333335,10.872964102564103,37,3,7,7,40,18,1003,train
1004,169,31,0,25,9,2,2,3,5,10.070967741935485,11.20814326018867,3.5,8.989493548387095,25,2,7,4,17,5,1004,train
1005,295,48,0,39,13,4,1,4,9,11.4,12.457975602129121,4.666666666666667,10.022391666666667,40,3,14,8,27,14,1005,train
1006,332,55,0,48,13,1,4,3,13,10.590909090909092,11.20814326018867,2.75,9.486136363636364,45,4,11,8,38,12,1006,train
1007,217,38,0,36,10,3,2,5,3,8.303157894736842,9.3871,1.0,11.077407368421053,34,5,5,6,27,11,1007,train
1008,213,35,0,23,5,0,2,4,6,11.523809523809526,11.855464076750408,3.3333333333333335,8.27545238095238,25,3,10,6,21,7,1008,train
1009,283,49,0,39,13,9,3,1,9,9.79795918367347,10.125756701596842,2.0,10.044508163265306,39,4,8,6,31,14,1009,train
1010,295,52,0,40,12,4,3,5,6,9.815384615384616,10.125756701596842,1.5,8.2288,39,4,6,6,24,9,1010,train
1011,289,54,0,36,11,6,3,4,5,23.822222222222223,17.122413403193683,5.0,10.116196296296296,36,1,5,6,25,9,1011,train
1012,186,32,1,30,6,2,3,4,4,19.05,15.903189008614273,5.0,10.158075,33,1,5,5,18,7,1012,train
1013,327,52,0,38,15,6,1,2,5,11.138823529411766,11.20814326018867,2.4,10.024969019607845,36,5,12,10,34,15,1013,test
1014,313,49,0,36,14,1,3,7,8,10.614965986394559,12.457975602129121,5.0,9.602551700680273,37,3,15,8,34,13,1014,train
1015,319,48,4,45,11,3,5,1,6,13.9,13.5591,3.6666666666666665,11.667183333333334,43,3,11,11,45,18,1015,train
1016,308,51,0,40,13,1,4,3,9,10.590196078431374,10.686352973137792,2.75,10.770664705882353,40,4,11,7,35,18,1016,train
1017,210,38,0,28,8,2,2,2,7,11.810526315789474,12.161744961471694,4.5,7.90311052631579,28,2,9,5,18,6,1017,train
1018,331,60,0,45,13,2,2,6,13,11.333333333333336,10.504223727775692,3.3333333333333335,9.628666666666668,45,3,10,5,34,14,1018,train
1019,342,56,1,45,15,5,5,2,9,13.180952380952384,13.023866798666859,4.333333333333333,9.07379523809524,45,3,13,9,36,13,1019,train
1020,205,37,0,31,10,8,2,2,5,11.724324324324325,12.161744961471694,3.5,9.248424324324326,30,2,6,5,18,9,1020,train
1021,264,45,0,34,10,3,3,3,3,8.055555555555555,9.516144504307135,2.25,8.054277777777777,33,4,9,5,25,8,1021,train
1022,318,52,3,41,13,4,0,5,11,14.625641025641025,14.06817628641468,4.666666666666667,10.26565641025641,45,3,14,11,32,15,1022,train
1023,307,51,0,40,15,4,1,5,10,10.590196078431374,11.698219412168324,4.0,9.841841176470588,39,4,16,9,29,14,1023,train
1024,130,24,0,21,5,1,1,2,4,8.133333333333335,8.841846274778883,2.0,9.495033333333335,22,2,4,2,13,6,1024,train
1025,234,42,0,39,9,1,3,5,9,11.257142857142858,11.20814326018867,2.5,9.189528571428571,41,2,5,4,24,8,1025,train
1026,281,47,3,31,9,1,3,5,8,13.075177304964539,13.023866798666859,3.6666666666666665,9.788885815602836,33,3,11,9,29,12,1026,train
1027,201,35,0,27,8,3,3,2,5,16.142857142857146,14.554592549557764,3.0,10.369357142857144,27,2,6,8,21,11,1027,train
1028,272,46,0,34,11,2,0,6,8,14.417391304347825,13.81666964889586,6.0,10.612734782608696,34,2,12,7,26,13,1028,train
1029,317,54,3,36,14,8,0,7,6,13.866666666666669,13.5591,4.333333333333333,10.085040740740741,36,3,13,10,34,17,1029,train
1030,294,50,1,35,12,4,3,2,9,13.06666666666667,13.023866798666859,3.6666666666666665,9.831766666666667,35,3,11,10,31,16,1030,test
1031,305,56,0,41,13,2,6,3,9,11.038095238095238,11.20814326018867,2.6666666666666665,9.07379523809524,42,3,8,6,40,12,1031,train
1032,99,16,0,14,6,1,0,1,2,6.4,11.20814326018867,5.0,9.364474999999999,16,1,5,2,10,3,1032,test
1033,170,29,0,24,8,4,0,3,3,14.075862068965519,13.023866798666859,3.5,9.800527586206897,25,2,7,6,17,7,1033,train
1034,351,58,5,45,14,4,3,3,11,13.250574712643678,13.023866798666859,5.0,10.312502298850575,46,3,15,9,42,13,1034,train
1035,251,40,0,33,15,4,3,2,3,11.0,11.698219412168324,2.5,10.843250000000001,34,4,10,9,26,13,1035,train
1036,398,62,7,47,15,1,6,4,11,16.65792349726776,15.470042427545799,6.0,11.375197267759564,48,3,18,14,51,16,1036,train
1037,239,42,1,31,15,3,0,5,3,19.65714285714286,13.023866798666859,7.0,11.358985714285716,32,1,7,3,23,14,1037,test
1038,348,58,2,44,12,3,3,5,9,13.5,13.427899808715576,4.5,10.92159090909091,44,4,18,13,44,16,1038,train
1039,293,52,2,37,11,6,4,3,6,15.784615384615385,15.247664890283005,5.0,9.480907692307692,37,2,9,9,34,12,1039,train
1040,206,34,0,27,8,0,1,4,7,11.505882352941178,13.023866798666859,5.0,8.19499411764706,28,2,10,6,18,5,1040,train
1041,146,26,0,21,4,1,2,3,6,9.815384615384616,11.20814326018867,3.0,7.317838461538462,20,2,6,4,15,4,1041,test
1042,329,54,0,47,11,4,5,3,7,11.727407407407409,11.602472056035307,2.6,9.435513333333335,47,5,13,11,37,13,1042,train
1043,352,62,2,50,14,4,4,6,10,14.718279569892474,14.06817628641468,4.333333333333333,9.245760215053764,51,3,13,11,37,16,1043,train
1044,122,21,2,19,7,2,0,2,1,8.514285714285714,9.725611199111238,1.3333333333333333,9.998938095238096,20,3,4,4,13,6,1044,train
1045,240,39,4,38,9,3,3,5,5,14.430769230769233,13.5591,3.3333333333333335,9.949505128205129,39,3,10,10,27,13,1045,train
1046,304,47,1,37,14,0,5,3,7,13.926241134751775,14.06817628641468,5.333333333333333,10.460800709219859,37,3,16,11,32,15,1046,train
1047,274,53,0,40,10,5,1,4,10,12.864150943396226,11.20814326018867,3.5,8.228069811320754,39,2,7,4,25,5,1047,test
1048,143,24,1,20,8,1,2,3,2,9.8,10.125756701596842,1.5,9.495033333333335,21,2,3,3,17,7,1048,train
1049,209,33,0,28,7,0,2,1,6,12.884848484848485,12.457975602129121,2.6666666666666665,10.40240303030303,29,3,8,8,25,11,1049,train
1050,286,52,1,36,16,5,3,2,7,9.241025641025642,9.725611199111238,2.6666666666666665,8.74738717948718,38,3,7,3,37,8,1050,test
1051,259,43,3,37,8,3,3,2,5,25.572093023255817,21.19438992294339,10.0,12.011858139534883,37,1,10,10,32,12,1051,test
1052,266,43,0,36,10,4,4,1,5,13.602325581395348,12.161744961471694,2.5,11.146676744186047,36,4,10,10,36,15,1052,test
1053,211,33,2,27,7,2,2,2,5,17.50909090909091,15.247664890283005,6.0,11.632172727272728,29,2,12,9,22,14,1053,train
1054,253,43,1,31,8,0,1,4,10,14.114285714285714,13.81666964889586,5.0,8.81357619047619,32,2,10,7,24,8,1054,train
1055,300,49,1,38,13,1,4,3,6,12.247619047619049,13.023866798666859,3.3333333333333335,9.924796598639455,39,3,10,9,29,13,1055,train
1056,259,48,0,37,15,6,1,4,8,12.233333333333334,12.457975602129121,2.6666666666666665,9.035516666666666,36,3,8,8,26,11,1056,train
1057,284,49,2,38,15,3,2,0,14,12.247619047619049,13.023866798666859,3.6666666666666665,9.602551700680273,39,3,11,9,34,11,1057,train
1058,254,46,1,30,12,4,4,3,6,13.959420289855073,13.023866798666859,3.0,10.23246811594203,30,3,9,9,31,13,1058,train
1059,261,45,1,35,10,4,2,2,8,10.444444444444445,11.855464076750408,2.6666666666666665,10.345611111111111,36,3,8,7,31,11,1059,train
1060,275,50,0,43,10,4,4,4,6,10.666666666666668,11.855464076750408,2.6666666666666665,7.936966666666667,43,3,8,7,22,8,1060,test
1061,500,82,6,61,22,8,4,6,15,18.25040650406504,16.728156217252725,8.0,10.961623577235773,59,3,24,17,61,25,1061,train
1062,348,60,2,47,12,5,4,4,8,14.66666666666667,14.06817628641468,5.0,9.102333333333334,49,3,15,11,35,13,1062,train
1063,123,22,0,19,7,1,0,1,7,13.490909090909092,12.161744961471694,2.0,9.923918181818184,20,2,4,5,11,8,1063,train
1064,311,53,0,37,10,5,1,4,8,20.411320754716982,18.243605946275583,7.5,10.611466037735848,37,2,15,14,29,16,1064,train
1065,223,39,1,31,8,2,2,4,6,13.953846153846156,13.81666964889586,4.0,9.057289743589743,32,2,8,7,21,9,1065,train
1066,407,72,0,56,15,9,4,2,12,10.76,11.20814326018867,3.2,9.175462222222222,56,5,15,10,43,16,1066,train
1067,390,64,2,53,18,5,3,3,7,11.361290322580645,12.161744961471694,4.0,9.753525806451613,52,4,15,11,47,18,1067,test
1068,44,9,0,9,3,1,0,1,1,8.044444444444444,8.841846274778883,0.0,11.100677777777777,10,1,0,1,5,2,1068,train
1069,217,38,0,25,10,2,8,0,0,19.410526315789475,17.122413403193683,5.0,10.507615789473684,26,1,5,6,20,11,1069,train
1070,313,56,3,43,11,1,2,6,10,11.752380952380953,11.855464076750408,3.0,8.509866666666667,46,3,9,7,31,11,1070,train
1071,148,25,1,16,7,3,0,4,2,18.0,15.903189008614273,5.0,10.5609,18,1,5,5,14,8,1071,train
1072,257,42,2,37,10,1,2,1,8,14.114285714285714,13.023866798666859,5.0,10.317385714285715,40,2,10,7,29,11,1072,train
1073,366,69,2,57,10,5,2,5,12,29.785074626865676,17.122413403193683,12.0,11.673132835820896,60,1,13,6,40,15,1073,test
1074,151,26,0,23,6,0,3,1,3,9.815384615384616,10.125756701596842,2.0,10.354376923076924,21,2,4,3,19,7,1074,train
1075,374,66,4,51,14,7,3,6,7,11.423076923076923,11.698219412168324,3.0,9.30096153846154,52,4,12,9,41,17,1075,train
1076,335,56,0,46,12,7,5,3,3,10.194285714285716,10.793553405168563,1.8,9.831305714285715,45,5,9,9,43,14,1076,train
1077,379,65,2,48,21,4,0,5,11,14.783333333333331,13.5591,4.333333333333333,10.615883333333333,49,3,13,10,37,20,1077,train
1078,189,34,0,27,8,3,1,5,5,6.886274509803923,10.504223727775692,2.0,7.44951568627451,26,3,6,5,16,3,1078,train
1079,483,82,2,53,19,7,4,8,13,18.73821138211382,16.728156217252725,6.666666666666667,10.19137967479675,51,3,20,17,45,24,1079,train
1080,332,54,3,42,11,4,6,2,7,13.866666666666669,14.06817628641468,4.0,9.792633333333335,42,3,12,11,43,14,1080,train
1081,331,55,3,46,11,8,1,5,8,19.727272727272727,17.693802365651003,7.0,10.168136363636364,47,2,14,13,33,17,1081,train
1082,174,27,0,21,6,0,1,4,7,12.807407407407409,13.023866798666859,5.5,10.154248148148149,21,2,11,6,17,8,1082,train
1083,348,57,2,44,10,4,5,3,10,10.875789473684211,11.20814326018867,2.8,8.357203157894737,45,5,14,10,40,13,1083,test
1084,237,39,0,30,8,1,2,2,4,12.928205128205128,13.81666964889586,5.0,8.65241794871795,31,2,10,7,22,8,1084,train
1085,272,44,0,33,12,2,3,1,8,14.254545454545458,14.554592549557764,6.0,10.469518181818183,32,2,12,8,27,12,1085,test
1086,261,45,2,36,10,3,3,2,9,12.222222222222223,12.457975602129121,2.6666666666666665,9.643833333333333,36,3,8,9,27,12,1086,train
1087,279,49,1,37,12,3,2,2,8,13.063945578231293,13.023866798666859,3.0,9.924796598639455,36,3,9,9,28,14,1087,train
1088,294,51,0,37,13,6,1,4,11,11.505882352941178,12.457975602129121,3.6666666666666665,8.504601960784314,36,3,11,8,29,12,1088,train
1089,379,63,2,53,16,9,5,4,11,12.014285714285714,13.427899808715576,3.5,9.931668253968255,55,4,14,13,46,16,1089,test
1090,213,41,0,26,9,7,2,3,6,12.102439024390245,11.20814326018867,2.5,8.504519512195122,26,2,5,4,18,7,1090,train
1091,162,28,0,24,7,1,3,4,2,6.590476190476192,7.793537801064561,2.3333333333333335,9.738719047619048,25,3,7,2,19,8,1091,train
1092,196,32,1,28,7,2,4,2,6,13.9,14.554592549557764,5.0,9.857912500000001,29,2,10,8,20,9,1092,train
1093,256,44,1,31,9,7,2,5,4,16.072727272727274,15.247664890283005,5.5,10.828381818181818,31,2,11,9,28,12,1093,train
1094,241,40,0,29,7,1,2,4,8,14.0,14.554592549557764,6.0,8.970749999999999,29,2,12,8,21,9,1094,train
1095,380,68,3,46,16,7,2,6,16,14.360784313725492,13.5591,4.666666666666667,8.940472549019608,46,3,14,10,36,17,1095,train
1096,387,62,3,42,18,4,2,8,6,13.296774193548387,13.427899808715576,5.25,11.026912903225806,41,4,21,13,44,20,1096,train
1097,256,43,1,34,13,6,0,3,7,23.46666666666667,20.267338824336647,10.0,12.110890476190475,37,1,10,9,29,14,1097,train
1098,328,57,2,44,15,7,3,3,10,15.319298245614036,15.021129683784007,4.333333333333333,10.119250877192982,43,3,13,13,37,19,1098,train
1099,463,78,1,48,23,2,6,4,8,16.04102564102564,15.903189008614273,5.666666666666667,9.177253846153846,48,3,17,15,45,18,1099,test
1100,228,40,1,35,8,4,3,4,5,10.0,10.686352973137792,2.5,9.26425,36,4,10,7,26,9,1100,train
1101,270,43,2,32,11,3,1,3,5,10.811627906976746,12.161744961471694,3.25,9.67783953488372,32,4,13,10,31,12,1101,test
1102,286,50,0,37,12,3,4,4,5,25.6,19.287186520377343,13.0,11.485100000000001,39,1,13,9,30,15,1102,train
1103,280,49,0,39,13,3,4,0,7,10.614285714285714,11.698219412168324,2.75,10.044508163265306,39,4,11,9,27,12,1103,train
1104,298,47,0,38,11,3,4,5,6,18.761702127659575,17.122413403193683,7.0,11.521248936170213,40,2,14,12,34,15,1104,train
1105,266,45,2,41,11,1,1,6,10,14.0,13.5591,4.333333333333333,9.994722222222222,43,3,13,10,28,15,1105,train
1106,265,43,2,36,13,3,1,1,7,21.851162790697675,18.243605946275583,12.0,12.746276744186048,38,1,12,7,30,13,1106,train
1107,171,28,0,20,7,2,0,3,6,18.342857142857145,17.122413403193683,11.0,10.664585714285714,20,1,11,6,16,8,1107,train
1108,219,45,0,39,9,3,2,5,6,7.166666666666668,8.07648339933343,1.0,6.650722222222222,39,4,4,3,17,4,1108,train
1109,421,68,2,52,19,4,5,5,9,14.447058823529412,13.81666964889586,4.25,10.28484705882353,51,4,17,14,43,18,1109,train
1110,267,44,7,30,15,3,0,3,4,10.618181818181819,11.20814326018867,5.5,9.392927272727274,36,2,9,5,34,6,1110,train
1111,171,28,0,22,9,1,1,3,4,8.019047619047619,9.725611199111238,2.3333333333333335,9.738719047619048,22,3,7,4,20,6,1111,test
1112,175,30,1,26,10,1,2,1,6,17.333333333333336,15.903189008614273,6.0,10.914166666666667,29,1,6,5,22,8,1112,train
1113,203,37,3,33,8,5,1,4,4,12.805405405405407,13.81666964889586,3.0,8.39491081081081,35,2,6,7,21,7,1113,train
1114,151,26,0,23,5,1,1,4,7,9.815384615384616,11.20814326018867,4.0,9.747069230769231,21,2,8,4,16,6,1114,test
1115,349,61,2,46,11,2,3,8,14,17.333333333333336,15.903189008614273,7.5,10.387833333333335,44,2,15,10,34,16,1115,train
1116,156,31,0,25,10,2,1,1,3,13.690322580645162,11.20814326018867,1.0,8.230229032258064,27,1,1,2,13,3,1116,train
1117,144,21,3,18,5,1,3,0,1,17.923809523809524,15.903189008614273,5.0,12.949052380952383,21,1,5,5,23,7,1117,train
1118,178,31,1,26,10,3,1,1,2,17.561290322580646,14.554592549557764,4.0,12.814422580645163,29,1,4,4,26,6,1118,test
1119,297,53,4,38,11,3,3,3,11,11.59496855345912,11.855464076750408,3.6666666666666665,9.279559119496856,35,3,11,7,32,10,1119,train
1120,166,31,0,26,7,4,1,3,4,18.851612903225806,15.903189008614273,7.0,10.267648387096774,27,1,7,5,15,10,1120,train
1121,334,56,5,42,10,1,7,5,7,14.609523809523811,14.06817628641468,4.0,9.919688095238097,45,3,12,11,37,15,1121,train
1122,311,52,0,36,17,3,3,3,6,12.892307692307691,13.023866798666859,2.75,10.354376923076924,33,4,11,12,29,18,1122,train
1123,254,45,0,30,12,5,2,1,7,11.333333333333336,11.20814326018867,2.6666666666666665,9.292944444444444,28,3,8,6,26,10,1123,test
1124,269,45,2,31,7,1,4,2,5,12.555555555555557,13.023866798666859,4.5,8.963166666666666,33,2,9,7,27,7,1124,train
1125,75,12,0,12,4,0,0,0,3,11.466666666666669,11.20814326018867,2.0,12.1267,12,1,2,2,7,5,1125,train
1126,328,56,0,42,11,4,5,4,5,13.895238095238097,13.5591,3.3333333333333335,9.63772380952381,42,3,10,10,30,13,1126,train
1127,356,57,3,47,14,2,3,4,9,12.717543859649124,12.602617957971052,3.25,10.714703508771931,47,4,13,11,45,16,1127,train
1128,295,50,1,39,15,4,1,4,9,12.200000000000001,12.602617957971052,2.75,9.6251,39,4,11,11,30,13,1128,test
1129,251,47,0,38,9,2,2,3,12,13.65531914893617,12.161744961471694,4.5,8.833589361702128,38,2,9,5,22,8,1129,train
1130,316,56,2,38,9,6,5,2,7,13.180952380952384,12.457975602129121,2.6666666666666665,9.919688095238097,37,3,8,8,34,13,1130,train
1131,299,46,2,38,12,3,2,3,8,13.08985507246377,13.5591,5.0,9.545946376811594,44,3,15,10,36,12,1131,train
1132,301,55,1,45,13,4,2,7,12,15.363636363636363,14.554592549557764,6.0,9.593954545454546,47,2,12,8,27,12,1132,train
1133,311,55,2,45,18,4,2,2,9,11.696969696969697,12.457975602129121,4.0,9.42637878787879,47,3,12,8,34,13,1133,train
1134,302,53,1,42,15,7,0,5,8,9.073584905660377,10.686352973137792,2.25,9.954266037735849,43,4,9,7,33,11,1134,train
1135,292,43,0,36,14,3,1,2,5,12.24496124031008,13.023866798666859,4.333333333333333,10.589991472868217,38,3,13,9,29,13,1135,train
1136,374,61,4,48,22,6,6,4,6,12.09311475409836,11.602472056035307,3.2,11.230636393442623,46,5,16,11,43,23,1136,train
1137,296,54,0,46,9,3,4,3,10,13.762962962962963,11.20814326018867,4.0,9.069403703703703,48,2,8,4,33,11,1137,train
1138,381,64,0,47,13,6,3,3,10,14.525,13.427899808715576,3.75,10.10463125,46,4,15,13,41,21,1138,test
1139,346,65,3,51,12,7,2,5,11,14.205128205128204,13.5591,3.6666666666666665,7.62624358974359,51,3,11,10,30,12,1139,test
1140,377,63,1,40,14,8,0,6,10,15.384126984126983,15.021129683784007,6.333333333333333,9.941433333333334,39,3,19,13,37,21,1140,train
1141,309,49,3,36,13,2,1,3,7,13.880272108843537,13.5591,5.333333333333333,10.24704149659864,38,3,16,10,34,14,1141,train
1142,404,68,5,51,20,10,2,7,6,12.68235294117647,12.602617957971052,3.75,10.28484705882353,49,4,15,11,46,22,1142,train
1143,241,35,0,27,5,0,2,4,4,16.142857142857146,15.903189008614273,6.0,11.271642857142858,28,2,12,10,27,12,1143,train
1144,265,42,1,29,12,3,1,4,5,10.41904761904762,10.125756701596842,2.1666666666666665,10.750842857142857,31,6,13,9,35,13,1144,train
1145,409,73,3,55,17,6,4,7,9,10.771506849315069,11.602472056035307,2.4,8.254084657534246,51,5,12,11,39,13,1145,test
1146,188,32,1,27,5,1,2,2,8,21.55,19.287186520377343,8.0,9.664637500000001,29,1,8,8,19,9,1146,train
1147,311,54,3,41,10,4,1,5,11,15.3685534591195,15.021129683784007,4.666666666666667,8.981634591194968,41,3,14,13,31,13,1147,train
1148,198,37,0,29,8,3,3,1,5,9.105405405405406,9.516144504307135,1.25,8.789624324324325,29,4,5,5,24,8,1148,train
1149,224,35,3,28,9,1,1,4,1,9.238095238095239,10.504223727775692,3.3333333333333335,10.08002380952381,30,3,9,6,28,12,1149,train
1150,338,58,1,40,13,8,4,2,8,17.117241379310343,16.52667757954773,6.5,10.247486206896552,43,2,13,11,34,16,1150,test
1151,365,68,1,53,12,6,2,7,11,13.112437810945273,12.457975602129121,3.0,8.750651243781094,56,3,9,8,35,13,1151,train
1152,206,34,2,27,9,1,0,3,5,9.23921568627451,11.20814326018867,3.0,9.771574509803923,30,3,9,7,24,7,1152,train
1153,244,40,0,32,8,0,3,6,6,14.0,14.554592549557764,5.0,8.970749999999999,34,2,10,8,23,10,1153,test
1154,232,39,0,28,9,0,4,4,6,11.353846153846156,11.855464076750408,3.0,9.139761538461538,28,3,9,7,24,11,1154,train
1155,284,50,0,40,15,1,3,6,5,9.8,10.686352973137792,2.0,9.3093,40,4,8,7,26,11,1155,train
1156,340,59,2,47,14,6,2,3,9,16.54576271186441,14.554592549557764,5.5,10.452242372881356,49,2,11,8,33,17,1156,train
1157,343,59,0,42,17,5,1,7,14,19.25762711864407,17.122413403193683,8.0,10.184615254237288,42,2,16,12,35,15,1157,train
1158,126,21,0,19,8,2,0,1,4,14.114285714285714,14.554592549557764,4.0,12.19714761904762,19,1,4,4,14,5,1158,train
1159,152,28,0,23,9,1,1,1,3,8.457142857142857,8.841846274778883,2.5,9.406257142857143,24,2,5,2,15,5,1159,test
1160,274,50,2,38,10,0,3,4,11,9.866666666666667,10.504223727775692,2.6666666666666665,8.252766666666666,37,3,8,5,26,10,1160,train
1161,348,54,0,41,13,6,4,5,3,11.928205128205128,10.864195022040775,2.6666666666666665,11.354058974358974,39,6,16,11,44,20,1161,train
1162,260,46,1,40,9,7,1,3,8,10.481159420289856,11.855464076750408,3.3333333333333335,9.202685507246377,41,3,10,8,27,14,1162,train
1163,335,52,0,42,9,2,6,2,12,29.261538461538464,24.50423929779172,18.0,12.288776923076924,40,1,18,14,32,15,1163,train
1164,370,65,2,44,18,7,4,5,9,10.807692307692308,11.20814326018867,3.25,9.30096153846154,42,4,13,8,38,17,1164,train
1165,285,48,1,35,12,2,1,4,14,16.26666666666667,14.554592549557764,7.0,10.419191666666666,38,2,12,8,29,14,1165,train
1166,310,59,1,46,12,6,4,1,9,26.989830508474576,17.122413403193683,7.0,9.774425423728815,48,1,7,6,24,10,1166,train
1167,286,49,0,40,11,3,1,4,9,14.69795918367347,14.554592549557764,6.5,10.00761836734694,39,2,13,8,27,14,1167,train
1168,143,24,2,22,8,2,0,0,4,11.556521739130435,11.20814326018867,2.5,12.445160869565218,23,2,5,4,20,9,1168,train
1169,237,41,0,35,8,0,6,1,6,7.026829268292683,9.516144504307135,2.0,8.381241463414634,36,4,7,5,25,7,1169,test
1170,193,29,0,23,4,0,3,2,7,14.075862068965519,13.81666964889586,4.5,11.433975862068966,24,2,9,7,24,9,1170,train
1171,310,46,4,40,14,3,2,2,8,18.76521739130435,17.693802365651003,8.0,12.6723,40,2,16,13,39,17,1171,test
1172,237,42,0,36,9,5,1,1,7,12.266666666666667,11.855464076750408,3.3333333333333335,9.970185714285716,38,3,10,7,28,12,1172,train
1173,250,41,0,32,9,3,4,2,4,10.34471544715447,11.855464076750408,2.6666666666666665,10.476317886178862,32,3,8,7,31,10,1173,train
1174,214,39,1,33,7,5,3,3,4,11.353846153846156,11.20814326018867,1.6666666666666667,10.354376923076924,36,3,5,6,27,8,1174,train
1175,265,45,1,32,12,4,1,3,7,13.111111111111112,13.023866798666859,4.0,8.942055555555555,34,3,12,9,26,12,1175,test
1176,191,34,1,29,10,4,2,1,8,15.035294117647062,13.81666964889586,3.5,9.588229411764706,31,2,7,7,19,9,1176,train
1177,354,53,4,47,15,0,6,5,5,14.806037735849058,13.023866798666859,3.0,12.206222264150945,50,5,15,15,51,21,1177,train
1178,359,60,1,46,14,4,3,3,11,14.66666666666667,15.021129683784007,5.666666666666667,10.155000000000001,46,3,17,13,42,13,1178,train
1179,327,55,1,42,16,4,4,2,7,13.15151515151515,13.023866798666859,4.0,9.42637878787879,44,3,12,9,33,14,1179,test
1180,281,49,1,38,13,4,4,2,5,8.980952380952381,10.125756701596842,1.5,9.519729931972789,39,6,9,10,32,15,1180,test
1181,245,41,1,33,10,3,2,2,5,10.34471544715447,11.855464076750408,3.6666666666666665,11.6316837398374,35,3,11,7,29,12,1181,train
1182,244,40,0,30,9,1,5,2,7,13.333333333333336,12.457975602129121,3.0,9.429583333333333,30,3,9,8,26,11,1182,train
1183,336,57,0,45,13,5,3,4,7,9.472280701754386,10.793553405168563,2.2,8.634220701754385,44,5,11,9,38,12,1183,train
1184,314,57,0,42,12,6,2,5,8,15.485714285714288,14.554592549557764,4.5,9.818692857142857,40,2,9,8,24,13,1184,train
1185,371,56,4,49,14,3,3,5,8,14.171428571428573,13.81666964889586,4.75,11.098042857142858,56,4,18,14,48,20,1185,train
1186,368,63,1,45,14,2,1,3,10,11.38920634920635,11.979248473330827,2.8,8.522253650793651,44,5,14,12,34,13,1186,train
1187,129,22,1,18,3,0,1,3,4,17.89090909090909,15.903189008614273,5.0,10.469518181818183,20,1,5,5,16,6,1187,train
1188,314,56,3,41,18,2,5,4,6,12.466666666666669,12.457975602129121,2.6666666666666665,10.201652380952382,42,3,7,8,37,13,1188,train
1189,367,65,0,45,16,5,1,6,14,13.269230769230768,13.427899808715576,3.25,9.543884615384616,43,4,13,13,35,18,1189,train
1190,158,26,0,21,5,3,1,2,5,12.892307692307691,13.023866798666859,4.0,9.139761538461538,21,2,8,6,16,7,1190,train
1191,239,39,0,31,14,2,2,5,2,11.353846153846156,11.855464076750408,2.6666666666666665,10.759248717948719,32,3,8,7,23,12,1191,train
1192,224,44,0,34,10,8,2,2,6,21.236363636363638,14.554592549557764,7.0,9.7664,34,1,7,4,21,10,1192,train
1193,242,40,0,32,7,5,4,4,6,11.333333333333336,12.457975602129121,3.0,10.219083333333334,33,3,9,8,27,12,1193,test
1194,238,38,1,29,10,0,3,3,7,13.487719298245615,13.023866798666859,4.0,10.0821350877193,30,3,10,8,26,11,1194,train
1195,414,70,1,52,21,7,4,4,9,11.317101449275363,11.602472056035307,3.2,10.728516231884058,50,5,16,11,42,23,1195,train
1196,193,30,0,28,6,1,4,1,4,20.0,18.243605946275583,8.0,11.966833333333334,30,1,8,7,25,8,1196,test
1197,492,91,0,63,26,12,5,5,8,10.022710622710623,11.20814326018867,2.0,9.594261172161172,59,6,12,12,60,22,1197,train
1198,359,62,1,50,13,6,2,3,7,12.015789473684212,12.602617957971052,3.5,9.883650877192984,53,4,14,11,43,13,1198,train
1199,344,51,0,46,9,1,6,4,8,10.458823529411767,10.864195022040775,2.5,10.250256862745099,47,6,15,11,43,15,1199,train
1200,268,47,1,35,14,1,4,2,7,8.95531914893617,10.125756701596842,2.0,9.59461914893617,37,4,8,6,31,10,1200,test
1201,473,80,6,61,20,9,6,2,9,8.071428571428573,9.606745405546679,2.142857142857143,9.729857142857142,58,7,15,11,67,16,1201,train
1202,438,70,4,57,15,7,8,7,8,12.71594202898551,11.855464076750408,2.5,10.385595652173913,58,6,15,14,53,23,1202,train
1203,301,50,3,45,14,4,1,4,8,18.8,17.122413403193683,7.0,11.1925,45,2,14,12,33,16,1203,train
1204,360,62,4,46,20,6,0,2,12,14.690710382513661,14.554592549557764,3.6666666666666665,10.080934972677596,43,3,11,12,39,19,1204,train
1205,338,61,0,45,16,4,3,5,6,15.478688524590163,13.023866798666859,4.5,10.067496721311475,45,2,9,6,36,11,1205,train
1206,361,62,0,47,13,4,3,4,11,12.137634408602151,13.023866798666859,4.666666666666667,9.245760215053764,47,3,14,9,37,14,1206,train
1207,170,32,0,22,10,4,0,2,8,10.15,11.20814326018867,3.0,9.364474999999999,24,2,6,4,21,7,1207,train
1208,337,59,2,46,16,6,5,5,8,13.290395480225989,14.06817628641468,4.0,8.894000564971751,45,3,12,11,30,12,1208,train
1209,404,71,2,53,11,7,7,3,10,11.31380281690141,11.979248473330827,2.6,9.23349605633803,54,5,13,12,41,19,1209,test
1210,309,54,1,38,9,5,5,8,5,14.607407407407408,13.5591,4.666666666666667,10.085040740740741,41,3,14,10,31,15,1210,train
1211,121,23,0,16,6,0,1,0,2,6.339130434782609,8.841846274778883,1.0,9.699073913043478,16,2,2,2,14,4,1211,test
1212,374,69,0,46,18,9,3,4,11,8.998260869565218,10.355215969177355,2.0,8.668951014492754,43,5,10,8,40,15,1212,train
1213,350,57,0,40,13,1,4,7,10,10.612280701754386,12.602617957971052,3.5,9.052598245614035,42,4,14,11,34,13,1213,train
1214,478,78,2,62,20,5,5,3,10,18.092307692307692,15.903189008614273,6.333333333333333,12.01135641025641,63,3,19,15,57,25,1214,train
1215,273,45,2,41,15,2,3,3,5,16.041860465116283,14.554592549557764,5.0,10.945458139534884,40,2,10,8,33,13,1215,train
1216,362,62,3,48,14,5,6,3,8,10.716129032258065,11.20814326018867,2.25,10.262880645161289,48,4,9,8,50,17,1216,train
1217,180,32,0,26,6,3,2,1,5,13.9,13.023866798666859,2.0,11.338225000000001,26,2,4,6,21,10,1217,train
1218,347,56,2,41,12,0,8,4,10,13.457142857142856,13.023866798666859,3.75,10.534114285714285,39,4,15,12,35,18,1218,train
1219,542,86,5,60,24,14,7,2,9,14.105426356589149,13.295006501635747,3.6666666666666665,11.50801472868217,54,6,22,19,69,31,1219,train
1220,235,36,0,29,8,0,3,1,5,13.68888888888889,13.023866798666859,3.0,11.249477777777777,31,3,9,9,30,11,1220,train
1221,322,58,0,46,12,4,3,3,12,16.427586206896553,15.247664890283005,5.0,9.975244827586206,48,2,10,9,34,12,1221,train
1222,177,28,0,26,5,0,3,2,2,9.885714285714286,11.20814326018867,3.5,11.098042857142858,28,2,7,4,20,8,1222,test
1223,227,38,0,30,7,2,2,4,4,12.348648648648648,11.698219412168324,2.75,8.789624324324325,31,4,11,9,25,9,1223,test
1224,254,40,1,31,10,1,5,2,4,12.0,11.698219412168324,2.75,9.659,32,4,11,9,25,12,1224,train
1225,221,36,1,30,9,1,6,1,5,10.533333333333335,12.161744961471694,4.5,9.792633333333335,32,2,9,5,24,9,1225,train
1226,475,77,4,60,15,5,8,3,8,11.874285714285715,12.68835289967788,3.4,9.732028311688312,59,5,16,14,58,20,1226,train
1227,281,49,1,39,10,4,1,5,9,14.69795918367347,13.81666964889586,5.0,10.00761836734694,41,2,10,7,31,13,1227,train
1228,181,25,0,19,5,1,3,1,2,12.933333333333335,11.855464076750408,2.3333333333333335,12.892233333333335,20,3,7,7,27,9,1228,train
1229,324,50,0,35,10,1,4,7,7,10.600000000000001,11.698219412168324,4.0,10.888300000000001,35,4,16,9,32,17,1229,test
1230,307,48,2,38,16,8,2,2,7,13.966666666666669,13.023866798666859,4.5,10.15295,38,4,18,12,34,15,1230,train
1231,172,26,1,23,6,0,3,1,5,19.630769230769232,17.122413403193683,7.0,12.8211,24,1,7,6,23,10,1231,train
1232,275,43,2,34,12,3,2,3,4,14.181395348837208,13.81666964889586,5.0,10.945458139534884,36,2,10,7,27,15,1232,train
1233,153,27,0,22,9,1,1,1,3,16.725925925925928,15.903189008614273,4.0,10.239033333333335,22,1,4,5,14,9,1233,train
1234,260,50,0,40,11,4,0,3,9,9.0,10.125756701596842,2.25,7.7303,40,4,9,6,22,10,1234,test
1235,365,63,1,44,20,8,1,3,9,13.427956989247313,13.5591,4.333333333333333,11.537856989247313,42,3,13,10,42,18,1235,train
1236,284,51,1,35,12,3,4,3,10,9.805882352941177,10.125756701596842,1.75,8.603409803921569,38,4,7,6,31,12,1236,train
1237,393,65,3,43,14,5,2,7,10,12.03846153846154,13.427899808715576,4.5,9.786807692307693,44,4,18,15,41,19,1237,train
1238,289,52,2,38,11,7,4,6,7,14.66666666666667,14.06817628641468,3.0,11.094966666666666,40,3,9,11,38,14,1238,train
1239,346,58,1,42,13,4,3,2,11,16.00919540229885,14.554592549557764,5.0,10.856985057471265,43,3,15,12,37,21,1239,train
1240,372,67,1,42,13,3,7,6,6,8.048756218905472,9.2995712137729,2.1666666666666665,8.432456218905473,44,6,13,8,40,15,1240,train
1241,225,42,2,34,9,4,5,0,6,10.876923076923077,10.125756701596842,1.5,10.271905128205129,35,2,3,3,30,9,1241,train
1242,404,65,4,54,17,4,1,5,11,17.897435897435898,16.32212239822248,6.333333333333333,11.027166666666666,55,3,19,16,52,18,1242,train
1243,360,62,0,45,19,2,5,3,11,12.651612903225807,12.602617957971052,3.0,10.00820322580645,44,4,11,11,36,18,1243,train
1244,215,37,2,30,9,7,1,2,7,13.886486486486488,14.554592549557764,4.5,8.39491081081081,31,2,9,8,20,9,1244,test
1245,443,76,0,55,17,9,5,4,9,10.856140350877192,11.538034831475386,2.5,9.874371929824562,53,6,15,13,45,22,1245,train
1246,303,49,1,38,12,2,4,3,8,13.880272108843537,13.5591,4.0,10.569286394557823,42,3,12,10,39,13,1246,train
1247,345,56,0,46,13,6,1,4,12,11.314285714285715,11.698219412168324,4.0,10.816078571428571,45,4,16,10,37,20,1247,train
1248,109,18,0,15,7,1,0,1,1,10.266666666666667,10.125756701596842,2.0,9.346233333333334,17,2,3,3,12,5,1248,train
1249,333,51,4,40,9,0,5,4,10,16.211764705882356,15.021129683784007,5.0,10.362249019607845,42,3,15,13,36,17,1249,train
1250,210,37,0,30,11,2,5,1,4,12.805405405405407,13.023866798666859,3.0,10.955451351351352,28,2,6,6,25,8,1250,train
1251,471,80,4,56,18,6,5,3,13,13.9,13.662883650711645,3.4,9.759225,52,5,17,17,52,21,1251,train
1252,245,39,0,27,11,3,5,2,3,16.005128205128205,15.903189008614273,5.0,10.676776923076924,26,2,10,10,25,12,1252,train
1253,212,36,1,30,11,2,2,0,8,21.06666666666667,19.287186520377343,7.0,11.124044444444445,31,1,7,8,21,11,1253,test
1254,291,49,0,41,9,2,2,4,7,12.247619047619049,12.457975602129121,4.333333333333333,9.924796598639455,42,3,13,8,24,16,1254,train
1255,404,63,1,48,14,2,2,5,9,10.754285714285714,11.979248473330827,3.2,10.276698095238096,52,5,16,12,52,17,1255,train
1256,284,50,0,44,10,3,2,3,6,9.866666666666667,9.725611199111238,3.3333333333333335,9.831766666666667,42,3,10,4,30,13,1256,test
1257,291,49,0,34,14,5,2,4,7,13.880272108843537,13.5591,5.0,11.213776190476189,33,3,15,10,32,16,1257,train
1258,288,53,2,40,10,4,4,6,10,10.08553459119497,10.504223727775692,4.0,7.194087421383648,42,3,12,5,27,9,1258,train
1259,144,28,0,23,4,3,4,4,1,6.590476190476192,7.793537801064561,0.3333333333333333,7.483004761904762,24,3,1,2,13,6,1259,train
1260,345,55,1,33,11,6,1,7,6,10.590909090909092,13.023866798666859,4.0,8.911954545454545,34,4,16,12,34,12,1260,test
1261,203,37,1,34,6,3,0,1,7,16.962162162162162,11.20814326018867,5.0,10.592781081081082,35,1,5,2,23,8,1261,train
1262,259,38,3,31,8,0,4,2,7,14.968421052631578,15.247664890283005,6.0,11.22732105263158,33,2,12,9,37,9,1262,train
1263,352,60,1,48,15,5,3,5,10,12.666666666666666,13.5591,5.333333333333333,9.891833333333334,48,3,16,10,33,14,1263,train
1264,271,44,0,30,15,0,3,4,5,9.854545454545455,11.698219412168324,3.25,9.923918181818184,28,4,13,9,26,11,1264,train
1265,335,59,2,41,10,2,2,5,16,11.256497175141243,12.457975602129121,4.333333333333333,8.091119209039547,42,3,13,8,32,9,1265,train
1266,329,54,0,34,15,0,3,5,8,13.866666666666669,13.5591,4.0,10.085040740740741,34,3,12,10,30,14,1266,train
1267,429,70,2,52,15,4,4,5,14,16.19047619047619,15.470042427545799,5.666666666666667,10.433119047619048,53,3,17,14,50,20,1267,train
1268,209,34,2,25,9,1,1,4,4,17.129411764705885,14.554592549557764,10.0,10.89584117647059,26,1,10,4,20,10,1268,train
1269,214,34,2,28,6,2,0,4,6,19.482352941176472,17.122413403193683,9.0,10.431429411764706,31,1,8,7,26,9,1269,test
1270,212,35,1,26,7,2,0,3,8,12.714285714285715,13.81666964889586,5.0,8.564785714285716,27,2,10,7,20,7,1270,test
1271,283,45,1,38,10,4,4,3,2,14.0,13.023866798666859,2.6666666666666665,11.749166666666667,39,3,8,9,38,15,1271,train
1272,244,41,1,30,10,3,1,1,5,10.34471544715447,11.20814326018867,3.0,10.476317886178862,32,3,9,6,28,10,1272,train
1273,304,50,2,43,14,6,4,2,6,11.4,11.20814326018867,2.25,9.3093,43,4,9,8,32,14,1273,train
1274,327,56,2,43,10,3,1,4,9,13.125925925925927,13.5591,5.333333333333333,9.792633333333335,47,3,16,10,35,15,1274,train
1275,437,72,0,48,16,2,7,7,14,16.26666666666667,15.903189008614273,6.666666666666667,10.30953888888889,45,3,20,15,39,19,1275,train
1276,411,71,0,50,16,5,3,6,11,14.537089201877937,13.5591,5.333333333333333,9.480648356807512,49,3,16,10,38,18,1276,train
1277,357,58,2,42,7,3,7,4,8,12.560919540229884,12.457975602129121,4.0,10.584743678160919,39,3,10,10,44,19,1277,train
1278,143,24,1,23,6,2,2,2,1,16.26666666666667,14.554592549557764,8.0,12.063983333333335,25,1,8,4,14,10,1278,test
1279,354,59,0,47,13,5,6,2,10,13.35762711864407,13.023866798666859,3.5,10.791150847457628,46,4,14,12,38,17,1279,train
1280,276,47,0,32,12,1,3,3,5,9.806382978723406,10.686352973137792,2.75,9.93057659574468,31,4,11,7,30,13,1280,train
1281,268,43,0,32,8,2,4,3,7,12.24496124031008,13.023866798666859,4.0,9.121154263565892,33,3,12,9,29,10,1281,train
1282,383,60,4,46,17,1,4,3,7,13.968361581920906,13.5591,5.333333333333333,11.035017514124295,47,3,16,10,50,17,1282,train
1283,234,43,0,35,9,4,2,4,6,11.390697674418604,12.161744961471694,3.0,7.640574418604651,36,2,6,5,22,6,1283,test
1284,335,59,3,49,17,5,2,3,6,10.846896551724138,10.793553405168563,2.0,9.656687586206896,53,5,10,9,46,14,1284,train
1285,208,39,1,33,7,0,1,5,4,18.676923076923078,14.554592549557764,6.0,9.619617948717949,35,1,6,4,17,8,1285,train
1286,314,52,1,40,18,4,6,2,7,9.544615384615385,10.793553405168563,2.8,10.52907076923077,38,5,14,9,38,17,1286,train
1287,288,47,3,42,11,4,3,1,6,12.224113475177305,12.457975602129121,3.3333333333333335,9.452928368794327,45,3,10,8,33,10,1287,test
1288,274,46,3,38,9,3,4,7,7,10.686956521739132,11.698219412168324,2.25,7.639508695652174,39,4,9,9,25,8,1288,test
1289,299,48,0,34,12,2,1,3,9,15.56666666666667,15.021129683784007,5.333333333333333,9.693433333333335,32,3,16,13,28,14,1289,train
1290,122,17,1,15,5,1,1,0,1,16.211764705882356,14.554592549557764,5.0,14.69675882352941,19,1,4,4,19,7,1290,train
1291,172,28,2,20,11,0,3,1,1,11.314285714285715,12.161744961471694,2.5,9.970185714285716,22,2,5,5,21,7,1291,train
1292,254,45,0,34,8,5,1,3,11,14.333333333333336,14.554592549557764,5.5,8.612277777777777,33,2,11,8,23,10,1292,train
1293,221,37,0,31,6,3,2,4,7,12.805405405405407,14.554592549557764,7.0,9.248424324324326,31,2,14,8,22,9,1293,test
1294,207,32,0,29,8,3,1,2,5,13.016666666666666,11.855464076750408,3.6666666666666665,11.073691666666667,30,3,11,8,24,12,1294,train
1295,276,54,0,30,11,6,5,3,9,10.585185185185185,11.20814326018867,1.5,8.107396296296296,31,4,6,8,25,10,1295,train
1296,274,50,0,34,9,2,0,3,11,9.866666666666667,10.504223727775692,3.0,8.884366666666667,36,3,9,5,25,10,1296,train
1297,135,25,0,20,6,2,1,2,4,6.533333333333335,7.793537801064561,0.6666666666666666,8.471033333333335,21,3,2,2,14,6,1297,train
1298,389,59,2,42,14,3,3,4,8,14.7135593220339,14.554592549557764,4.75,9.45301525423729,43,4,19,16,35,17,1298,train
1299,299,51,4,42,11,3,7,2,5,9.02156862745098,10.686352973137792,2.25,8.913017647058822,44,4,9,7,41,9,1299,train
1300,299,48,1,42,12,2,4,1,6,11.340000000000002,11.20814326018867,2.0,10.691826666666667,41,5,10,10,40,14,1300,test
1301,13,2,0,2,1,0,0,0,0,0.8,3.1291,0.0,19.5257,3,1,0,0,3,1,1301,train
1302,443,76,1,54,16,5,3,6,10,16.975438596491227,15.021129683784007,5.0,10.294875438596492,54,3,15,13,49,22,1302,test
1303,178,30,0,26,12,4,1,0,3,11.0,10.125756701596842,1.75,11.377166666666668,26,4,7,6,23,11,1303,train
1304,196,34,0,28,9,5,0,2,5,12.68235294117647,13.023866798666859,3.0,10.981464705882354,28,2,6,6,20,10,1304,train
1305,251,42,0,27,16,0,2,2,4,10.361904761904762,11.20814326018867,2.6666666666666665,9.970185714285716,26,3,8,6,27,9,1305,train
1306,443,72,2,54,15,2,9,4,9,14.977777777777778,13.81666964889586,3.75,10.45055,55,4,15,14,53,23,1306,train
1307,533,90,1,69,20,4,8,7,9,10.849612403100776,11.20814326018867,2.8333333333333335,10.773596124031007,70,6,17,12,65,25,1307,test
1308,237,37,0,27,7,2,1,4,8,11.419819819819821,12.457975602129121,4.333333333333333,9.796071171171171,27,3,13,8,22,8,1308,train
1309,523,91,0,62,24,11,6,4,15,12.063820224719102,12.68835289967788,4.4,10.019267640449439,62,5,22,14,61,20,1309,train
1310,430,75,3,50,15,2,7,5,11,13.9,13.427899808715576,4.25,9.198233333333334,50,4,17,13,38,19,1310,test
1311,323,54,2,41,12,1,4,3,12,13.866666666666669,13.5591,4.0,10.085040740740741,41,3,12,9,36,14,1311,train
1312,309,45,2,33,10,0,1,4,6,17.88888888888889,16.52667757954773,6.5,11.0685,34,2,13,11,41,15,1312,train
1313,104,21,0,19,5,1,0,0,4,8.4,8.841846274778883,2.0,6.181909523809524,19,1,2,1,7,1,1313,train
1314,237,42,1,29,7,2,3,4,8,12.102439024390245,13.81666964889586,4.0,8.11939756097561,30,2,8,7,21,7,1314,test
1315,154,28,0,21,10,1,0,2,3,16.914285714285715,14.554592549557764,3.0,11.228514285714287,20,1,3,4,15,7,1315,test
1316,313,48,2,39,14,3,5,1,8,15.56666666666667,14.06817628641468,5.0,10.680308333333333,40,3,15,11,34,18,1316,train
1317,426,64,5,49,15,2,3,3,11,16.03333333333333,15.021129683784007,6.666666666666667,10.862602083333334,52,3,19,13,53,17,1317,train
1318,381,61,5,46,17,3,5,2,8,19.41311475409836,17.693802365651003,8.0,11.10290655737705,50,2,16,13,48,16,1318,train
1319,276,47,1,31,10,1,3,5,8,12.224113475177305,13.023866798666859,3.6666666666666665,9.116970921985814,32,3,11,9,26,10,1319,train
1320,349,60,2,45,16,4,1,3,13,14.0,14.06817628641468,5.333333333333333,9.102333333333334,46,3,16,11,29,12,1320,train
1321,202,35,1,30,7,2,3,2,5,10.380952380952381,11.20814326018867,2.3333333333333335,7.824309523809524,33,3,7,6,21,6,1321,test
1322,319,53,3,45,11,3,3,2,9,17.39245283018868,15.903189008614273,6.0,10.909390566037736,45,2,12,10,40,12,1322,train
1323,162,27,0,18,3,0,0,3,3,11.325925925925928,12.161744961471694,3.0,9.569433333333334,18,2,6,5,16,7,1323,train
1324,317,53,0,40,13,3,7,2,7,11.337735849056605,12.602617957971052,3.0,9.656341509433963,40,4,12,11,36,16,1324,train
1325,216,40,1,27,9,5,1,2,4,11.0,12.161744961471694,2.5,9.3655,29,2,5,5,26,8,1325,train
1326,217,39,0,29,9,4,1,3,10,10.876923076923077,11.20814326018867,5.5,8.65241794871795,29,2,11,4,18,8,1326,train
1327,346,60,0,46,12,4,5,1,8,11.333333333333336,11.698219412168324,2.5,10.433333333333334,46,4,10,9,41,16,1327,train
1328,412,70,0,58,12,3,6,1,10,14.360784313725492,14.554592549557764,4.0,10.333707843137256,61,3,12,12,51,17,1328,train
1329,275,47,0,39,17,3,1,2,5,8.95531914893617,10.125756701596842,1.5,10.266534042553193,40,4,6,6,33,11,1329,train
1330,259,41,2,34,13,2,3,5,7,15.029268292682929,15.903189008614273,6.5,10.045007317073171,36,2,13,10,26,11,1330,train
1331,371,66,1,54,17,6,4,5,5,11.423076923076923,12.602617957971052,3.25,10.02973076923077,52,4,13,13,40,19,1331,test
1332,232,37,5,31,11,4,2,3,8,13.581981981981983,12.457975602129121,3.6666666666666665,11.076341441441443,33,3,11,8,31,13,1332,train
1333,193,34,0,29,6,1,4,1,6,11.4,12.161744961471694,3.5,9.857912500000001,33,2,7,5,22,8,1333,train
1334,330,58,1,48,12,4,5,4,8,9.937931034482759,11.698219412168324,3.75,8.711562068965517,46,4,15,9,32,11,1334,train
1335,125,20,0,18,3,0,1,2,3,10.0,11.20814326018867,2.5,8.08,19,2,5,4,14,4,1335,train
1336,432,70,5,53,19,1,5,2,9,12.714285714285715,13.81666964889586,4.25,9.692642857142857,50,4,17,14,47,17,1336,train
1337,321,55,0,45,12,3,3,6,9,11.31818181818182,12.161744961471694,3.25,9.199045454545455,40,4,13,10,33,14,1337,train
1338,193,32,3,28,7,3,3,0,4,13.9,13.81666964889586,3.5,10.35135,31,2,7,7,24,9,1338,train
1339,310,50,1,40,13,4,3,3,7,13.866666666666669,14.554592549557764,4.666666666666667,9.831766666666667,41,3,14,12,29,15,1339,train
1340,358,56,3,43,13,1,3,3,15,18.342857142857145,17.122413403193683,9.0,11.510478571428571,47,2,18,12,41,19,1340,test
1341,371,62,0,42,13,5,2,3,12,14.718279569892474,15.021129683784007,6.333333333333333,10.773824731182795,43,3,18,14,36,18,1341,train
1342,302,48,0,36,10,4,2,4,10,13.06666666666667,14.06817628641468,5.666666666666667,10.022391666666667,38,3,17,11,29,16,1342,train
1343,343,52,3,37,17,3,0,1,8,17.780392156862746,15.903189008614273,6.666666666666667,12.219896078431374,37,3,20,15,40,18,1343,train
1344,235,43,0,33,8,1,3,2,4,19.990697674418605,15.903189008614273,6.0,10.175811627906977,33,1,6,5,24,9,1344,train
1345,324,53,1,46,11,5,8,2,5,18.147169811320754,16.52667757954773,5.5,10.611466037735848,48,2,11,11,35,15,1345,train
1346,192,38,1,30,9,1,2,3,8,19.410526315789475,14.554592549557764,3.0,9.676563157894737,31,1,3,4,17,8,1346,train
1347,378,65,2,47,16,8,2,3,9,13.269230769230768,13.023866798666859,3.5,10.272653846153846,49,4,14,12,45,21,1347,train
1348,272,44,0,33,9,1,4,4,6,13.13939393939394,13.5591,4.0,9.746921212121212,33,3,12,10,25,12,1348,train
1349,276,52,3,41,14,5,3,2,7,11.548717948717949,11.855464076750408,2.0,9.658348717948718,41,3,6,7,32,13,1349,test
1350,426,66,2,51,16,3,8,3,10,14.5,14.90622815163357,4.75,9.786807692307693,54,4,18,17,49,18,1350,train
1351,175,28,0,19,12,1,0,0,2,12.304761904761904,11.20814326018867,2.3333333333333335,11.430504761904762,20,3,7,6,18,11,1351,train
1352,339,55,0,48,11,3,6,6,7,14.607407407407408,14.06817628641468,4.333333333333333,10.085040740740741,49,3,13,11,41,14,1352,train
1353,301,49,3,39,10,1,2,4,7,12.224113475177305,13.023866798666859,4.0,10.124843262411346,39,3,12,9,40,11,1353,train
1354,357,62,1,45,17,4,5,3,8,10.070967741935485,11.20814326018867,2.75,7.970783870967742,45,4,11,8,38,9,1354,test
1355,221,35,0,26,7,2,3,3,6,16.142857142857146,15.247664890283005,5.0,9.918214285714285,25,2,10,9,21,11,1355,train
1356,134,24,0,20,6,2,0,2,4,8.133333333333335,10.125756701596842,2.0,7.521283333333333,20,2,4,3,12,4,1356,train
1357,340,57,1,45,16,5,3,3,9,31.92280701754386,23.72669961743115,13.0,12.835103508771931,51,1,13,13,37,20,1357,test
1358,238,41,0,36,7,2,2,3,10,16.98048780487805,15.247664890283005,5.5,10.430129268292683,36,2,11,9,25,14,1358,train
1359,294,51,5,41,14,1,4,6,10,12.290196078431373,13.023866798666859,3.3333333333333335,9.743033333333335,42,3,10,9,35,10,1359,train
1360,220,40,0,30,10,3,1,3,9,14.0,13.81666964889586,3.5,9.3655,29,2,7,7,21,11,1360,test
1361,161,25,1,22,6,2,3,1,1,18.0,15.903189008614273,5.0,11.8241,24,1,5,5,22,7,1361,train
1362,223,42,0,30,10,4,3,3,9,9.352380952380953,8.841846274778883,3.0,8.061671428571428,32,2,6,2,23,5,1362,train
1363,429,69,3,47,24,6,7,3,8,12.476521739130435,12.340626583579944,3.6,11.415037971014492,49,5,17,13,58,21,1363,train
1364,291,52,1,42,11,4,1,7,9,12.317948717948719,12.457975602129121,4.0,8.74738717948718,43,3,12,8,28,12,1364,train
1365,420,71,2,57,19,3,6,4,11,13.29718309859155,13.427899808715576,3.25,8.964787323943662,55,4,13,13,42,18,1365,test
1366,285,53,1,43,13,8,1,4,11,12.864150943396226,10.125756701596842,5.0,10.015616981132077,46,2,10,3,27,14,1366,train
1367,365,61,0,43,15,3,4,5,8,9.47016393442623,10.355215969177355,2.6,9.936374098360655,43,5,13,8,39,18,1367,train
1368,246,45,0,34,10,4,3,4,4,14.333333333333336,13.81666964889586,4.5,8.963166666666666,35,2,9,7,23,12,1368,test
1369,310,50,4,40,14,3,4,2,9,17.2,15.903189008614273,6.5,10.5609,41,2,13,10,32,15,1369,train
1370,260,43,0,31,13,1,2,4,9,13.175193798449612,14.06817628641468,4.333333333333333,10.222782170542636,29,3,13,11,23,12,1370,train
1371,382,75,0,58,18,8,3,5,10,11.766666666666666,12.161744961471694,2.5,8.566633333333332,57,4,10,10,33,15,1371,train
1372,192,34,0,31,9,4,1,3,5,12.68235294117647,13.81666964889586,4.5,10.052641176470589,32,2,9,7,20,9,1372,train
1373,323,54,1,37,9,5,8,4,8,10.245925925925926,11.20814326018867,2.6,9.143105925925926,37,5,13,10,37,15,1373,train
1374,283,48,2,35,11,0,0,3,7,12.233333333333334,12.457975602129121,3.6666666666666665,9.364474999999999,36,3,11,9,28,13,1374,train
1375,111,19,1,19,3,0,2,2,2,11.810526315789474,14.554592549557764,4.0,8.734163157894738,21,1,4,4,13,3,1375,train
1376,375,71,1,54,15,6,9,3,5,6.874044265593561,8.841846274778883,1.1428571428571428,8.142684305835012,50,7,8,7,40,15,1376,train
1377,226,38,1,29,10,1,4,3,5,13.915789473684212,13.81666964889586,4.0,9.14968947368421,29,2,8,7,22,9,1377,train
1378,242,40,1,30,7,1,1,6,5,12.0,13.023866798666859,6.0,9.3655,31,2,12,6,22,8,1378,train
1379,363,64,2,49,11,4,7,7,10,9.525,12.161744961471694,3.0,7.63744375,47,4,12,10,39,10,1379,train
1380,240,41,1,34,11,4,2,2,6,13.271544715447156,13.023866798666859,2.6666666666666665,10.476317886178862,35,3,8,9,25,15,1380,train
1381,247,43,0,34,9,3,3,3,9,14.181395348837208,13.81666964889586,4.5,9.84383023255814,34,2,9,7,24,10,1381,train
1382,195,30,1,26,6,0,0,5,7,15.333333333333332,15.247664890283005,5.5,11.222833333333334,27,2,11,9,21,11,1382,train
1383,176,30,0,23,5,0,3,3,5,10.0,11.20814326018867,4.0,8.064833333333333,24,2,8,4,19,5,1383,train
1384,374,62,4,52,12,1,4,5,11,12.006451612903227,12.602617957971052,3.0,9.753525806451613,53,4,12,11,47,14,1384,train
1385,300,46,0,35,13,1,3,2,8,14.82898550724638,14.06817628641468,4.666666666666667,10.23246811594203,33,3,14,11,31,14,1385,train
1386,423,72,2,57,13,3,4,9,10,13.866666666666669,13.427899808715576,4.75,9.792633333333335,56,4,19,13,40,20,1386,train
1387,363,61,3,44,15,3,2,5,12,20.068852459016394,17.122413403193683,7.5,11.10290655737705,45,2,15,12,40,19,1387,train
1388,270,43,0,35,15,5,0,4,10,17.90232558139535,16.52667757954773,6.0,10.945458139534884,35,2,12,11,27,15,1388,train
1389,313,54,1,40,14,3,2,3,8,16.725925925925928,15.247664890283005,6.5,10.823848148148148,43,2,13,9,34,14,1389,train
1390,149,28,1,24,5,4,0,5,3,9.885714285714286,10.125756701596842,3.0,9.406257142857143,23,2,6,3,14,8,1390,train
1391,332,58,0,41,9,2,3,5,11,12.560919540229884,13.023866798666859,4.0,7.862329885057472,41,3,12,9,27,11,1391,train
1392,465,72,3,55,24,8,5,6,6,14.093333333333334,13.348371206891418,3.6,10.052684444444445,55,5,18,16,59,19,1392,test
1393,323,52,1,43,13,4,3,3,3,10.313846153846155,11.20814326018867,2.8,11.136378461538463,44,5,14,10,42,19,1393,train
1394,434,67,6,59,13,5,5,4,4,13.864179104477612,14.191785591663535,4.25,12.244464179104478,63,4,17,15,60,20,1394,train
1395,290,47,0,39,11,4,0,4,11,14.506382978723407,13.81666964889586,6.5,9.169546808510638,39,2,13,7,25,9,1395,train
1396,176,24,1,19,6,0,3,1,3,19.6,18.243605946275583,8.0,14.037733333333335,23,1,7,7,23,9,1396,train
1397,302,51,1,40,13,1,3,3,9,14.643137254901962,13.5591,4.0,10.052641176470589,40,3,12,10,30,15,1397,train
1398,242,40,0,37,11,2,5,2,5,10.328205128205129,10.504223727775692,3.3333333333333335,11.164120512820514,36,3,10,5,27,10,1398,train
1399,229,41,1,27,11,3,4,3,5,11.126829268292683,12.161744961471694,3.5,9.274763414634148,28,2,7,5,22,11,1399,train
1400,292,51,0,39,11,6,3,5,8,17.258823529411767,15.903189008614273,5.0,9.545417647058823,40,2,10,10,26,15,1400,train
1401,207,37,1,31,11,7,2,1,2,13.886486486486488,13.81666964889586,2.5,10.955451351351352,33,2,5,7,26,10,1401,train
1402,445,79,2,63,18,6,5,3,12,11.902564102564103,12.602617957971052,3.25,9.462161538461539,64,4,13,11,42,18,1402,train
1403,358,55,1,44,14,3,3,4,8,13.5,13.427899808715576,4.0,10.92159090909091,43,4,16,13,48,18,1403,train
1404,319,50,0,47,12,1,3,6,9,15.466666666666669,15.021129683784007,5.333333333333333,11.410766666666667,51,3,16,13,41,17,1404,train
1405,221,37,0,32,7,5,3,1,4,12.805405405405407,13.023866798666859,3.0,10.101937837837838,31,2,6,6,23,10,1405,train
1406,247,46,0,36,10,4,3,2,6,13.547826086956523,12.161744961471694,2.5,9.926213043478262,37,2,5,5,22,10,1406,train
1407,276,48,0,40,11,3,4,5,5,8.006666666666666,9.888512548439397,1.6,9.375993333333334,38,5,8,7,31,10,1407,train
1408,206,40,0,34,8,2,4,2,4,10.0,10.125756701596842,2.5,7.39175,34,2,5,3,16,3,1408,train
1409,348,61,1,47,15,0,8,4,12,13.31311475409836,13.023866798666859,2.5,9.569949180327868,48,4,10,12,38,18,1409,train
1410,264,44,0,35,11,3,2,3,7,11.321212121212122,11.855464076750408,3.6666666666666665,10.464648484848485,36,3,11,8,28,12,1410,train
1411,342,56,4,46,15,4,2,2,8,11.31818181818182,11.698219412168324,3.0,10.92159090909091,46,4,12,9,52,14,1411,test
1412,255,43,1,33,10,2,0,4,10,9.454263565891473,10.504223727775692,2.6666666666666665,9.855572868217054,32,3,8,5,28,7,1412,train
1413,307,50,3,41,12,4,3,3,2,11.643971631205673,10.864195022040775,1.6666666666666667,10.072267375886526,43,6,10,11,41,14,1413,train
1414,302,52,2,44,13,6,5,4,5,8.006153846153847,9.3871,1.8,8.707147692307693,46,5,9,6,39,11,1414,train
1415,295,46,0,34,11,2,3,3,9,13.295652173913044,13.023866798666859,3.5,10.042334782608696,33,4,14,12,32,14,1415,train
1416,147,28,0,25,6,1,1,3,3,15.015384615384617,13.023866798666859,4.0,10.999176923076924,27,1,4,3,17,7,1416,test
1417,634,108,5,79,28,11,6,9,19,17.428971962616824,15.579741850924794,7.0,11.308814018691589,79,4,28,19,75,35,1417,train
1418,192,34,1,26,6,2,2,4,6,10.329411764705883,11.20814326018867,4.0,8.19499411764706,27,2,8,4,21,6,1418,train
1419,354,60,1,39,13,5,1,7,7,13.457142857142856,13.023866798666859,4.0,10.534114285714285,37,4,16,12,36,19,1419,test
1420,199,34,1,28,10,1,0,1,4,10.329411764705883,11.20814326018867,3.0,9.123817647058823,31,2,6,4,20,6,1420,train
1421,528,87,6,64,17,4,4,8,10,11.408210180623975,11.491704259439757,2.7142857142857144,9.516290476190477,65,7,18,14,59,23,1421,train
1422,291,51,2,42,14,4,3,3,10,12.290196078431373,13.023866798666859,3.6666666666666665,10.362249019607845,44,3,11,9,32,14,1422,train
1423,331,52,2,42,11,4,5,2,5,13.087179487179487,14.554592549557764,4.333333333333333,10.872964102564103,42,3,13,12,41,14,1423,test
1424,128,21,1,20,5,1,3,1,3,14.114285714285714,14.554592549557764,5.0,9.189528571428571,23,1,5,4,14,5,1424,test
1425,244,40,0,33,6,5,7,1,6,12.333333333333336,12.457975602129121,3.0,9.429583333333333,33,3,9,8,24,10,1425,train
1426,389,70,1,46,14,5,0,2,10,13.858823529411765,13.023866798666859,3.25,9.588229411764706,45,4,13,12,40,17,1426,train
1427,331,61,3,50,11,3,7,4,7,11.412021857923499,11.855464076750408,3.3333333333333335,7.751262841530055,49,3,10,7,30,10,1427,train
1428,207,34,0,30,11,1,2,5,3,12.768627450980393,11.855464076750408,2.6666666666666665,11.16480980392157,31,3,8,7,22,13,1428,train
1429,366,59,1,48,18,0,4,2,3,11.507021791767555,10.914260884657427,1.7142857142857142,9.674726634382568,44,7,12,13,41,18,1429,test
1430,350,61,2,43,16,6,1,3,9,12.723497267759562,12.457975602129121,3.6666666666666665,9.304377595628416,43,3,11,8,38,12,1430,test
1431,311,48,0,38,12,2,3,4,5,17.1,15.903189008614273,7.5,11.735025,39,2,15,10,37,17,1431,test
1432,370,66,3,54,17,9,2,3,8,8.637362637362639,9.236282656511921,1.2857142857142858,8.955532967032967,52,7,9,8,42,16,1432,test
1433,236,42,2,31,6,3,1,2,5,10.304761904761905,11.20814326018867,3.5,8.43762380952381,33,2,7,4,26,7,1433,train
1434,407,69,1,52,15,4,2,7,14,12.476521739130435,12.68835289967788,3.4,9.584313333333334,48,5,17,14,38,17,1434,test
1435,150,28,0,21,6,2,1,2,4,8.457142857142857,10.125756701596842,2.5,8.842328571428572,21,2,5,3,15,5,1435,train
1436,353,63,1,56,15,6,3,2,10,9.474603174603175,10.686352973137792,2.75,8.678493650793651,62,4,11,7,39,12,1436,train
1437,157,25,0,20,4,0,1,2,6,9.8,13.023866798666859,4.5,8.0461,21,2,9,6,16,4,1437,train
1438,425,74,2,49,20,2,2,6,12,14.427027027027027,13.427899808715576,4.0,10.528694594594596,50,4,16,13,42,25,1438,train
1439,164,31,0,27,5,4,2,3,5,11.361290322580645,11.20814326018867,2.0,8.48013870967742,26,2,4,4,15,8,1439,train
1440,151,26,0,21,6,0,0,2,6,11.353846153846156,12.161744961471694,3.5,9.747069230769231,21,2,7,5,15,5,1440,train
1441,343,50,2,42,13,2,3,4,2,14.66666666666667,15.021129683784007,6.333333333333333,12.042366666666666,43,3,19,14,36,18,1441,train
1442,330,54,1,46,15,5,0,4,4,10.585185185185185,11.20814326018867,3.0,11.031470370370371,48,4,12,8,44,16,1442,test
1443,179,30,0,24,6,0,1,2,7,12.666666666666668,13.023866798666859,4.5,9.1175,24,2,9,6,17,6,1443,train
1444,295,50,1,35,11,6,5,4,6,13.0,13.023866798666859,3.0,8.993500000000001,35,4,12,12,31,14,1444,train
1445,369,61,2,42,19,2,0,3,8,12.001639344262296,12.161744961471694,4.0,9.311096721311475,40,4,16,10,40,14,1445,test
1446,310,50,1,42,9,1,3,3,10,13.866666666666669,13.023866798666859,4.0,11.726566666666667,44,3,12,9,39,16,1446,train
1447,361,63,2,48,13,7,6,2,8,13.47936507936508,14.06817628641468,4.0,9.440163492063492,46,3,11,11,38,19,1447,test
1448,333,58,0,42,18,1,1,5,5,9.472280701754386,10.793553405168563,2.0,10.019308421052632,40,5,10,9,38,12,1448,train
1449,316,56,3,41,13,3,2,2,9,17.545454545454543,15.247664890283005,5.0,11.029409090909091,40,2,10,9,44,13,1449,test
1450,176,30,2,27,10,2,0,3,5,8.666666666666668,10.125756701596842,3.0,9.643833333333333,30,2,6,4,20,6,1450,train
1451,318,50,0,35,14,3,5,2,4,14.66666666666667,14.06817628641468,4.666666666666667,10.463366666666667,37,3,14,11,33,14,1451,train
1452,312,55,0,34,20,8,2,5,5,9.863636363636363,10.125756701596842,2.75,11.208681818181818,32,4,11,6,35,14,1452,test
1453,225,39,0,32,10,4,0,3,7,11.353846153846156,12.457975602129121,3.3333333333333335,9.139761538461538,32,3,10,8,19,9,1453,train
1454,293,51,0,40,8,5,5,3,5,13.07450980392157,13.023866798666859,2.3333333333333335,9.433425490196079,40,3,7,9,29,14,1454,train
1455,299,44,0,35,10,1,3,2,6,14.048484848484847,14.554592549557764,5.0,10.823512121212122,36,3,15,12,37,12,1455,test
1456,347,60,2,42,17,5,3,4,9,9.333333333333334,10.504223727775692,1.6666666666666667,9.132666666666667,42,6,10,10,38,16,1456,train
1457,272,47,2,37,14,3,2,2,6,8.819858156028369,9.725611199111238,2.6666666666666665,9.788885815602836,41,3,8,4,36,6,1457,test
1458,352,60,2,48,18,4,2,5,6,15.333333333333332,14.06817628641468,4.666666666666667,12.260333333333334,50,3,14,11,40,23,1458,train
1459,349,63,1,46,16,10,3,3,8,9.474603174603175,11.20814326018867,2.5,8.17722380952381,47,4,10,8,34,13,1459,train
1460,160,25,0,20,7,2,0,3,3,13.0,13.023866798666859,4.0,9.9409,22,2,8,6,17,7,1460,train
1461,385,72,1,48,17,10,3,2,14,13.488888888888889,12.457975602129121,3.3333333333333335,9.651622222222223,49,3,10,8,32,19,1461,train
1462,340,59,3,48,19,6,3,4,5,10.645762711864407,11.20814326018867,3.25,9.45301525423729,48,4,13,8,39,12,1462,train
1463,355,53,0,43,12,1,5,5,8,14.430769230769233,13.81666964889586,5.0,10.961684615384616,42,4,19,14,39,15,1463,train
1464,337,60,3,46,12,4,4,5,8,10.0,11.20814326018867,2.5,9.907,47,4,10,8,41,13,1464,train
1465,390,66,1,48,18,1,5,5,10,15.084848484848486,14.191785591663535,4.0,10.435960606060606,47,4,16,15,36,21,1465,test
1466,354,61,0,38,23,3,4,4,7,12.001639344262296,12.161744961471694,2.25,10.087654098360655,42,4,8,9,33,13,1466,test
1467,276,46,0,36,10,3,4,2,8,12.220289855072465,13.5591,3.6666666666666665,9.889207246376811,38,3,11,10,28,13,1467,train
1468,289,45,1,38,11,3,4,2,7,12.777777777777779,11.20814326018867,2.0,9.973611111111111,40,6,12,12,32,14,1468,test
1469,230,43,0,29,12,2,3,0,7,8.951162790697675,9.516144504307135,0.75,8.94342093023256,32,4,2,4,24,9,1469,train
1470,393,69,6,48,16,10,1,6,7,14.417391304347825,13.023866798666859,3.6666666666666665,10.727155072463768,49,3,11,9,45,21,1470,test
1471,254,43,2,31,7,1,2,3,7,14.105426356589149,14.06817628641468,4.0,10.222782170542636,33,3,12,11,27,15,1471,train
1472,250,39,0,32,8,2,4,5,6,13.405128205128205,13.023866798666859,3.6666666666666665,10.354376923076924,32,3,11,9,26,13,1472,train
1473,275,44,3,32,11,2,3,2,4,10.412121212121214,11.20814326018867,3.6666666666666665,10.823512121212122,32,3,11,6,36,8,1473,train
1474,287,47,0,40,10,1,7,4,7,13.075177304964539,13.023866798666859,4.0,10.460800709219859,41,3,12,9,34,14,1474,test
1475,261,44,0,29,12,8,3,3,2,11.321212121212122,11.855464076750408,2.6666666666666665,10.464648484848485,28,3,8,7,24,12,1475,train
1476,382,69,1,50,17,9,6,0,9,18.894117647058824,16.52667757954773,8.0,10.199223529411764,52,2,16,11,31,18,1476,test
1477,352,57,0,42,9,2,2,4,12,12.015789473684212,12.602617957971052,4.5,9.052598245614035,40,4,18,11,32,15,1477,train
1478,385,60,2,42,17,1,1,7,9,15.333333333333332,14.554592549557764,7.0,11.734,40,3,21,12,41,22,1478,train
1479,409,70,4,48,20,6,3,5,10,12.498823529411766,12.340626583579944,3.2,9.651795294117647,48,5,17,13,40,20,1479,train
1480,240,42,0,35,9,4,1,5,5,16.019047619047623,14.554592549557764,4.5,9.565480952380952,37,2,9,9,25,12,1480,train
1481,234,39,0,31,9,2,2,2,7,13.915789473684212,15.247664890283005,5.5,10.396268421052632,32,2,11,9,26,10,1481,train
1482,259,45,3,33,11,4,1,3,8,13.444444444444446,14.554592549557764,5.5,9.664944444444444,35,2,11,8,28,12,1482,test
1483,342,60,3,44,15,6,5,8,7,13.333333333333332,13.427899808715576,3.0,9.643833333333333,42,4,12,13,41,16,1483,train
1484,276,45,0,34,9,2,3,3,8,14.333333333333336,14.554592549557764,5.5,10.717611111111111,37,2,11,8,32,11,1484,train
1485,245,44,2,37,8,4,2,3,6,7.684848484848485,7.793537801064561,2.6666666666666665,8.670330303030303,36,3,8,2,30,8,1485,train
1486,327,54,4,47,13,7,4,4,6,7.303703703703704,9.725611199111238,1.6666666666666667,8.469011111111111,47,6,10,10,38,12,1486,test
1487,204,34,2,30,9,2,1,4,3,20.658823529411766,18.243605946275583,11.0,11.360252941176471,31,1,11,7,22,11,1487,train
1488,140,25,0,22,7,3,1,2,6,18.0,15.903189008614273,6.0,10.5609,24,1,6,5,16,7,1488,train
1489,237,43,0,32,8,1,0,3,7,11.390697674418604,12.161744961471694,3.5,9.84383023255814,31,2,7,5,22,10,1489,train
1490,393,64,3,49,17,7,1,2,6,16.65833333333333,15.470042427545799,4.666666666666667,12.096195833333335,52,3,14,14,53,23,1490,test
1491,335,59,4,48,12,2,1,6,11,8.765714285714285,9.888512548439397,2.2,10.67719857142857,46,5,11,7,43,18,1491,train
1492,215,38,2,32,11,5,3,2,4,10.757894736842106,12.161744961471694,3.5,9.14968947368421,35,2,7,5,23,8,1492,train
1493,337,58,2,46,14,7,2,2,10,11.871264367816092,11.855464076750408,3.0,9.49577816091954,47,3,9,7,34,13,1493,train
1494,372,67,1,52,13,10,2,4,11,13.70945273631841,13.023866798666859,4.333333333333333,7.8079646766169155,52,3,13,9,29,12,1494,train
1495,381,65,2,48,15,7,4,1,9,9.507692307692308,10.355215969177355,2.8,9.625607692307693,47,5,14,8,44,12,1495,test
1496,436,70,2,51,12,2,7,6,10,15.619047619047619,15.021129683784007,6.666666666666667,9.530833333333334,54,3,20,13,41,18,1496,train
1497,155,27,1,23,5,1,0,1,1,9.844444444444445,11.20814326018867,2.0,10.154248148148149,25,2,4,4,19,6,1497,train
1498,267,46,2,37,12,2,2,4,11,11.35072463768116,11.855464076750408,4.0,9.202685507246377,37,3,12,7,28,12,1498,train
1499,425,80,2,59,15,4,4,4,17,9.9,10.355215969177355,3.0,8.377600000000001,58,5,15,8,40,13,1499,train
1500,115,18,2,16,5,1,1,1,0,11.644444444444446,13.023866798666859,3.0,11.547077777777778,18,1,3,3,15,6,1500,test
1501,399,64,0,48,16,6,7,4,8,13.9,13.427899808715576,3.0,10.35135,50,4,11,12,49,17,1501,train
1502,298,46,0,34,10,6,2,4,7,15.698550724637682,15.021129683784007,4.666666666666667,11.262250724637681,34,3,14,13,26,16,1502,test
1503,385,68,4,55,15,9,4,4,8,8.381176470588235,10.355215969177355,3.2,9.651795294117647,55,5,16,8,47,17,1503,train
1504,296,49,1,37,12,5,3,3,8,13.880272108843537,14.06817628641468,3.6666666666666665,9.924796598639455,36,3,11,11,32,14,1504,test
1505,431,64,2,48,17,3,1,5,12,12.407142857142858,11.491704259439757,3.0,10.751391964285714,50,7,21,15,50,25,1505,train
1506,271,47,0,36,14,4,4,2,5,9.806382978723406,11.20814326018867,2.0,9.93057659574468,36,4,8,8,30,11,1506,train
1507,204,34,0,29,6,0,2,4,7,8.062745098039215,11.20814326018867,3.0,6.985103921568628,30,3,9,6,19,4,1507,test
1508,245,40,1,32,15,2,2,1,5,12.333333333333336,12.457975602129121,3.0,10.219083333333334,34,3,9,9,26,12,1508,train
1509,118,22,0,20,6,2,1,1,6,14.254545454545458,13.023866798666859,3.0,9.751790909090909,21,1,3,3,14,7,1509,train
1510,288,46,3,41,10,3,2,0,8,13.959420289855073,13.023866798666859,3.3333333333333335,11.262250724637681,42,3,10,9,36,15,1510,train
1511,193,33,1,28,6,3,2,4,4,16.83636363636364,15.903189008614273,6.0,9.101178787878787,31,1,6,5,20,5,1511,train
1512,297,52,2,37,16,8,0,2,7,10.354509803921568,11.20814326018867,2.4,10.953792549019608,32,5,12,10,39,16,1512,train
1513,345,57,2,41,14,7,2,4,9,17.71578947368421,15.903189008614273,8.0,10.867468421052632,42,2,16,10,35,17,1513,test
1514,237,40,0,29,11,1,1,3,7,14.333333333333336,13.023866798666859,3.0,9.824333333333334,29,3,9,9,25,12,1514,train
1515,368,62,1,49,16,2,5,5,12,17.561290322580646,15.247664890283005,6.0,10.777003225806451,51,2,12,9,38,17,1515,test
1516,514,90,2,67,19,6,8,5,16,10.444444444444445,11.20814326018867,3.0,8.240277777777777,67,6,18,12,58,18,1516,train
1517,325,57,1,42,12,6,2,3,7,10.174035087719298,11.20814326018867,2.2,7.803168070175439,40,5,11,10,29,10,1517,train
1518,271,47,2,36,13,6,2,4,7,11.333333333333336,11.855464076750408,3.3333333333333335,11.04738888888889,37,3,10,7,34,16,1518,test
1519,168,28,0,24,10,4,0,3,1,9.447619047619048,9.725611199111238,2.0,11.994433333333333,25,3,6,4,21,9,1519,train
1520,234,39,0,34,11,2,2,1,7,13.953846153846156,13.81666964889586,4.5,9.867033333333335,34,2,9,7,26,10,1520,train
1521,357,60,0,45,12,1,4,3,8,12.0,12.161744961471694,3.0,9.1175,45,4,12,10,35,16,1521,train
1522,447,69,0,57,19,5,5,2,10,12.697101449275364,12.602617957971052,5.25,12.272679710144928,57,4,21,12,47,27,1522,train
1523,303,50,1,41,10,3,2,1,10,15.600000000000001,14.554592549557764,7.0,10.5609,43,2,13,8,33,13,1523,train
1524,374,62,4,49,15,3,7,4,11,16.653763440860217,15.470042427545799,5.0,10.773824731182795,52,3,15,14,47,21,1524,train
1525,266,46,0,37,8,2,3,6,3,13.08985507246377,13.5591,4.0,9.889207246376811,38,3,12,10,21,12,1525,test
1526,385,71,1,53,12,5,5,7,12,12.846948356807514,13.023866798666859,3.3333333333333335,9.035859624413145,55,3,10,9,31,14,1526,test
1527,353,55,1,42,10,1,6,2,9,11.31818181818182,12.602617957971052,4.0,9.773227272727274,43,4,15,12,38,14,1527,train
1528,139,25,0,25,4,4,4,2,4,9.8,11.20814326018867,2.0,8.0461,25,2,4,4,16,5,1528,train
1529,257,43,0,38,9,6,3,1,5,12.24496124031008,13.023866798666859,3.3333333333333335,10.222782170542636,39,3,9,9,31,11,1529,train
1530,220,35,1,25,11,0,3,1,3,12.714285714285715,13.023866798666859,3.5,11.271642857142858,28,2,7,6,28,10,1530,test
1531,233,41,0,37,10,3,5,6,6,11.126829268292683,12.161744961471694,3.5,9.274763414634148,38,2,7,5,23,9,1531,train
1532,228,41,1,36,11,4,1,2,6,10.34471544715447,11.20814326018867,2.3333333333333335,8.935830081300814,38,3,7,6,25,11,1532,train
1533,316,52,0,37,20,8,4,2,5,11.083076923076923,11.20814326018867,2.8,10.225416923076924,34,5,14,10,38,16,1533,test
1534,278,48,0,35,8,2,3,4,6,10.521985815602838,11.855464076750408,3.6666666666666665,8.781013475177305,35,3,11,7,27,10,1534,train
1535,66,12,0,11,4,1,0,0,1,11.672727272727274,11.20814326018867,1.0,12.794827272727273,12,1,1,2,9,3,1535,train
1536,275,48,0,44,13,4,2,2,7,9.8,10.686352973137792,2.0,9.495033333333335,44,4,8,7,31,11,1536,test
1537,543,93,3,68,19,9,1,7,15,9.7247311827957,10.980518767755715,2.4444444444444446,8.563441935483873,66,9,22,17,51,24,1537,train
1538,329,54,0,48,15,3,4,7,10,11.59496855345912,13.5591,5.0,9.279559119496856,51,3,15,10,35,11,1538,train
1539,317,54,0,40,15,4,3,3,8,11.727407407407409,11.602472056035307,2.4,9.72792074074074,38,5,11,11,38,15,1539,train
1540,407,67,6,54,19,5,1,7,10,13.269230769230768,13.023866798666859,4.75,10.758500000000002,53,4,19,12,45,21,1540,train
1541,310,51,2,37,10,1,2,3,6,13.07450980392157,13.023866798666859,3.3333333333333335,10.362249019607845,37,3,10,9,32,17,1541,train
1542,428,73,1,50,13,3,10,2,10,15.100469483568077,15.021129683784007,6.333333333333333,10.14783145539906,49,3,19,13,46,18,1542,train
1543,226,42,1,33,12,7,2,1,8,11.314285714285715,11.855464076750408,2.3333333333333335,8.842328571428572,34,3,7,7,22,11,1543,train
1544,341,52,2,41,10,1,9,1,5,13.856410256410255,14.554592549557764,5.0,9.962002564102564,41,3,15,12,41,14,1544,train
1545,285,43,0,29,11,1,4,3,5,16.972093023255816,15.903189008614273,6.0,12.41429534883721,32,2,12,10,37,13,1545,train
1546,136,24,0,20,8,1,1,1,2,16.26666666666667,14.554592549557764,4.0,10.74815,19,1,4,4,15,8,1546,train
1547,316,50,2,38,12,3,3,7,4,9.0,10.686352973137792,3.5,9.9409,42,4,14,7,40,16,1547,test
1548,317,48,3,38,11,0,4,4,7,15.56666666666667,14.554592549557764,4.333333333333333,11.009266666666665,40,3,13,12,42,16,1548,train
1549,165,23,0,18,7,2,0,2,3,15.03478260869565,13.81666964889586,5.0,11.07211739130435,19,2,10,7,19,7,1549,train
1550,292,48,3,30,10,0,0,7,5,10.566666666666666,11.855464076750408,4.0,9.364474999999999,29,3,12,7,29,12,1550,train
1551,224,36,4,32,7,1,4,1,5,11.5921568627451,11.855464076750408,2.6666666666666665,11.16480980392157,34,3,8,7,35,10,1551,train
1552,253,45,0,33,13,2,2,0,5,10.412121212121214,10.504223727775692,2.3333333333333335,11.541239393939394,34,3,7,5,32,10,1552,train
1553,309,55,0,50,10,3,5,3,7,13.856410256410255,14.06817628641468,3.6666666666666665,9.658348717948718,49,3,11,11,31,16,1553,test
1554,259,45,0,41,8,3,2,2,5,8.933333333333335,9.3871,1.6,8.995344444444445,40,5,8,6,29,10,1554,train
1555,157,26,0,25,8,2,0,2,4,16.553846153846155,14.554592549557764,9.0,12.213792307692307,26,1,9,4,14,11,1555,train
1556,131,21,0,20,4,2,2,2,5,19.82857142857143,18.243605946275583,7.0,10.693338095238095,21,1,7,7,12,8,1556,train
1557,321,54,2,42,13,6,4,4,7,12.807407407407409,12.161744961471694,2.25,10.154248148148149,40,4,9,10,34,17,1557,train
1558,274,53,2,41,9,6,2,9,3,14.373584905660378,13.023866798666859,3.0,8.823918867924528,42,2,6,6,30,10,1558,test
1559,388,69,4,49,18,5,6,4,14,11.537681159420291,12.602617957971052,3.25,9.297752173913043,50,4,13,11,42,15,1559,train
1560,260,43,2,35,12,4,1,7,5,14.181395348837208,14.554592549557764,6.5,10.578248837209303,37,2,13,8,24,12,1560,train
1561,283,46,2,38,11,2,5,1,3,24.872727272727275,19.287186520377343,8.0,11.919581818181818,40,1,8,8,38,11,1561,train
1562,545,89,6,74,23,9,7,8,13,11.408210180623975,11.765960540728905,2.857142857142857,9.879278981937603,74,7,20,16,71,24,1562,test
1563,397,68,2,55,15,5,4,3,12,11.505882352941178,11.698219412168324,3.75,9.123817647058823,56,4,15,9,45,15,1563,test
1564,277,45,0,39,8,4,5,2,7,10.444444444444445,13.5591,4.666666666666667,8.591166666666666,40,3,14,10,29,11,1564,train
1565,272,42,0,32,10,0,2,4,4,12.266666666666667,12.457975602129121,4.0,11.098042857142858,33,3,12,8,33,11,1565,train
1566,266,44,2,35,16,7,2,2,5,8.945454545454545,10.686352973137792,2.25,8.847327272727274,36,4,9,7,29,10,1566,train
1567,140,22,0,17,5,0,2,1,4,16.072727272727274,15.903189008614273,5.0,10.469518181818183,18,1,5,5,15,8,1567,test
1568,486,78,4,56,18,6,6,6,11,11.881025641025643,12.340626583579944,3.0,10.280901025641025,57,5,15,13,64,18,1568,train
1569,252,43,1,35,11,3,1,6,6,8.020930232558142,9.516144504307135,1.5,8.94342093023256,38,4,7,6,25,10,1569,train
1570,409,69,3,52,12,4,5,2,7,20.176811594202903,16.52667757954773,6.5,10.382192753623189,53,2,13,11,48,17,1570,train
1571,319,52,1,44,10,2,3,2,9,11.548717948717949,11.855464076750408,3.6666666666666665,10.26565641025641,41,3,11,8,41,14,1571,train
1572,195,36,0,29,6,1,0,1,5,16.622222222222224,13.023866798666859,5.0,8.053766666666668,30,1,5,3,12,3,1572,train
1573,205,35,1,32,8,2,2,3,4,10.428571428571429,11.20814326018867,3.5,8.564785714285716,35,2,7,5,20,7,1573,train
1574,48,8,0,8,2,0,0,1,2,13.200000000000001,11.20814326018867,2.0,9.954550000000001,8,1,2,2,6,3,1574,test
1575,106,17,0,17,5,0,3,0,2,13.858823529411765,14.554592549557764,4.0,9.123817647058823,18,1,4,4,10,4,1575,train
1576,201,34,1,29,6,3,3,2,5,10.329411764705883,12.161744961471694,3.5,8.65940588235294,30,2,7,5,21,5,1576,test
1577,269,48,0,39,10,5,4,4,8,12.233333333333334,11.855464076750408,2.3333333333333335,9.035516666666666,41,3,7,7,25,11,1577,train
1578,276,45,1,34,12,2,3,2,11,12.222222222222223,13.023866798666859,4.333333333333333,8.942055555555555,34,3,13,9,28,9,1578,train
1579,271,49,0,37,15,7,3,2,9,26.13061224489796,20.267338824336647,9.0,11.545063265306123,38,1,9,9,26,13,1579,test
1580,171,30,0,24,8,2,1,2,4,11.333333333333336,12.161744961471694,3.5,8.591166666666666,24,2,7,5,16,6,1580,train
1581,254,44,0,35,15,3,3,1,1,9.854545454545455,11.20814326018867,2.0,8.847327272727274,36,4,8,8,27,11,1581,test
1582,226,41,0,36,8,3,1,2,6,10.34471544715447,11.20814326018867,1.6666666666666667,9.320952032520324,36,3,5,6,23,9,1582,train
1583,107,17,0,15,4,1,0,0,2,11.505882352941178,13.023866798666859,4.0,11.910288235294118,16,1,4,3,13,5,1583,test
1584,232,36,0,32,10,5,2,2,5,10.266666666666667,10.686352973137792,2.25,10.662066666666666,31,4,9,8,27,12,1584,train
1585,257,42,0,32,12,2,4,1,4,10.866666666666667,10.686352973137792,1.5,10.924442857142857,31,4,6,7,30,14,1585,train
1586,308,51,0,39,9,3,5,2,10,18.04313725490196,17.122413403193683,6.5,10.164633333333335,40,2,13,12,31,14,1586,test
1587,290,50,0,37,10,6,5,5,5,9.0,11.698219412168324,2.75,8.0461,37,4,11,9,25,10,1587,train
1588,299,47,0,39,13,6,4,1,6,15.628368794326242,14.554592549557764,4.333333333333333,11.468673049645389,40,3,13,12,35,17,1588,train
1589,342,58,4,43,13,9,2,4,8,14.765517241379312,13.427899808715576,3.5,10.617251724137931,41,4,14,13,39,22,1589,test
1590,329,56,1,39,11,5,3,6,7,11.314285714285715,12.161744961471694,3.75,9.406257142857143,41,4,15,10,34,16,1590,train
1591,374,59,7,50,19,4,4,1,5,10.035028248587572,10.864195022040775,2.0,12.153046892655368,51,6,12,11,59,16,1591,test
1592,203,31,0,25,9,0,2,4,4,15.23225806451613,15.247664890283005,6.0,10.51755806451613,26,2,12,9,20,9,1592,train
1593,285,52,1,40,12,7,1,2,5,10.01025641025641,11.855464076750408,3.0,8.140079487179488,41,3,9,7,26,7,1593,train
1594,235,42,0,36,8,4,2,3,6,8.009523809523811,10.125756701596842,2.25,9.044680952380952,34,4,9,6,24,11,1594,train
1595,212,41,1,36,6,1,4,5,2,9.175609756097561,7.168621630094336,2.0,10.430129268292683,38,2,4,1,21,8,1595,test
1596,390,67,3,49,12,6,3,7,11,15.500497512437812,14.554592549557764,5.333333333333333,10.164681094527364,49,3,16,12,42,19,1596,train
1597,154,26,0,24,6,2,3,0,3,11.353846153846156,12.161744961471694,2.5,9.747069230769231,25,2,5,5,15,8,1597,train
1598,380,69,2,46,17,4,5,2,8,13.184313725490197,12.457975602129121,2.6666666666666665,9.869296078431372,45,3,8,8,36,17,1598,train
1599,241,39,3,32,14,0,0,4,4,13.953846153846156,13.023866798666859,5.5,10.676776923076924,35,2,10,5,27,9,1599,train
1600,140,24,1,20,5,1,1,3,4,12.933333333333335,13.023866798666859,7.0,10.090233333333334,21,1,7,3,15,4,1600,train
1601,390,63,0,44,16,3,3,3,13,15.384126984126983,14.554592549557764,5.666666666666667,9.189528571428571,44,3,17,12,37,16,1601,train
1602,318,54,1,41,9,4,3,7,8,11.644444444444446,12.457975602129121,4.0,8.330596296296296,41,3,12,8,29,12,1602,train
1603,290,49,0,39,11,4,4,3,8,11.43061224489796,11.698219412168324,2.5,9.400018367346938,37,4,10,9,28,11,1603,train
1604,224,38,0,28,8,0,3,3,7,12.863157894736842,13.023866798666859,3.5,9.14968947368421,29,2,7,6,24,8,1604,train
1605,325,56,1,45,12,3,4,4,12,14.606060606060607,14.06817628641468,4.666666666666667,9.713469696969696,44,3,14,11,37,15,1605,train
1606,446,74,0,54,19,6,3,2,13,20.205405405405408,17.122413403193683,9.5,10.80615945945946,53,2,17,12,49,15,1606,test
1607,282,50,0,44,10,2,5,1,8,11.4,11.20814326018867,2.25,9.6251,42,4,9,8,28,13,1607,train
1608,227,38,0,33,10,1,4,5,5,14.968421052631578,14.554592549557764,4.5,11.22732105263158,34,2,9,8,21,13,1608,test
1609,361,59,0,46,13,1,2,5,12,16.00225988700565,15.903189008614273,5.333333333333333,10.499763276836159,43,3,16,15,39,17,1609,train
1610,222,35,4,25,11,6,2,0,2,15.516666666666666,13.023866798666859,2.3333333333333335,13.540879166666668,25,3,7,9,34,16,1610,test
1611,184,33,0,30,8,5,0,3,4,8.9,12.161744961471694,4.5,8.8710375,30,2,9,5,19,7,1611,train
1612,218,37,0,26,8,1,0,6,7,11.724324324324325,13.81666964889586,5.5,9.248424324324326,26,2,11,7,17,9,1612,test
1613,263,42,2,38,9,1,6,2,4,15.222764227642276,14.554592549557764,3.6666666666666665,10.861439837398374,41,3,11,12,33,15,1613,test
1614,169,29,1,25,11,5,0,0,2,8.417241379310346,9.516144504307135,1.5,11.074375862068967,26,4,6,5,21,10,1614,test
1615,246,41,0,29,15,0,0,5,7,14.0,13.81666964889586,5.0,10.944500000000001,31,2,10,7,26,11,1615,train
1616,323,53,2,46,15,6,3,3,7,11.337735849056605,12.602617957971052,3.5,10.252190566037736,47,4,14,12,38,15,1616,train
1617,263,47,0,35,11,2,4,3,4,12.224113475177305,11.855464076750408,2.3333333333333335,9.116970921985814,34,3,7,7,27,11,1617,train
1618,233,34,0,28,6,0,5,1,4,10.415686274509804,11.855464076750408,3.3333333333333335,10.700398039215688,29,3,10,7,27,8,1618,test
1619,417,68,5,56,21,10,1,3,12,17.301960784313728,16.32212239822248,5.666666666666667,11.030325490196079,56,3,17,16,44,24,1619,train
1620,295,52,2,40,13,5,0,7,10,12.317948717948719,13.023866798666859,4.333333333333333,8.74738717948718,41,3,13,9,29,10,1620,train
1621,213,40,0,28,10,3,1,2,4,19.0,14.554592549557764,5.0,10.3575,29,1,5,4,18,6,1621,train
1622,260,44,0,35,11,0,2,4,8,11.321212121212122,13.023866798666859,4.0,9.02919393939394,34,3,12,9,23,10,1622,train
1623,145,26,0,22,8,5,1,2,3,16.553846153846155,14.554592549557764,4.0,12.213792307692307,22,1,4,4,14,7,1623,train
1624,359,65,1,45,14,1,5,4,13,10.807692307692308,11.698219412168324,3.5,8.086346153846154,45,4,14,9,37,11,1624,train
1625,131,20,0,16,4,0,2,1,4,10.0,13.023866798666859,7.0,10.155000000000001,17,1,7,3,12,5,1625,train
1626,406,70,2,52,16,5,2,5,10,10.742857142857144,11.20814326018867,3.2,9.29347142857143,49,5,16,10,39,20,1626,train
1627,100,17,0,16,3,1,2,1,4,16.211764705882356,15.903189008614273,5.0,9.123817647058823,17,1,5,5,12,5,1627,train
1628,157,25,1,18,2,2,1,4,3,18.0,17.122413403193683,7.0,10.5609,21,1,7,6,18,7,1628,train
1629,269,46,2,37,12,8,4,1,8,13.547826086956523,13.023866798666859,5.0,10.612734782608696,38,2,10,6,34,13,1629,train
1630,331,57,2,43,10,6,2,5,10,14.617543859649125,14.06817628641468,4.0,10.119250877192982,48,3,12,11,36,18,1630,test
1631,286,50,0,37,10,4,0,4,9,12.266666666666667,13.023866798666859,4.0,9.515966666666667,37,3,12,9,23,14,1631,train
1632,282,52,0,37,12,4,2,4,8,12.317948717948719,12.457975602129121,3.0,9.051041025641025,37,3,9,8,26,11,1632,train
1633,148,28,0,27,8,3,2,0,1,8.457142857142857,8.841846274778883,1.5,8.842328571428572,27,2,3,3,17,6,1633,train
1634,522,95,2,57,24,13,2,5,11,16.877192982456144,15.021129683784007,6.666666666666667,10.193482456140352,56,3,20,13,53,20,1634,train
1635,273,53,0,39,11,4,2,4,10,8.576100628930819,7.793537801064561,2.3333333333333335,7.194087421383648,39,3,7,2,24,6,1635,train
1636,271,42,5,38,11,3,2,3,5,17.923809523809524,15.903189008614273,5.5,12.19714761904762,39,2,11,10,34,15,1636,train
1637,276,44,1,39,12,3,2,3,9,16.98181818181818,15.903189008614273,7.5,11.187245454545454,39,2,15,10,28,17,1637,train
1638,126,21,0,20,5,3,1,3,2,9.914285714285715,12.161744961471694,2.5,8.668728571428572,20,2,5,5,13,6,1638,train
1639,214,35,1,31,10,0,2,1,6,11.523809523809526,11.855464076750408,3.0,9.177738095238094,31,3,9,7,23,9,1639,test
1640,285,46,1,39,12,2,2,4,8,17.026086956521738,15.247664890283005,5.5,10.955995652173913,41,2,11,9,30,14,1640,test
1641,214,39,0,28,6,4,0,3,10,12.928205128205128,13.023866798666859,4.5,8.247546153846153,28,2,9,6,16,8,1641,train
1642,142,27,0,25,8,1,1,1,7,15.244444444444447,15.903189008614273,6.0,8.484588888888888,26,1,6,5,15,4,1642,test
1643,397,73,1,53,14,6,5,5,10,12.755555555555556,12.161744961471694,3.25,9.354022222222223,54,4,12,9,44,21,1643,train
1644,266,47,1,37,11,4,2,3,9,22.20425531914894,15.903189008614273,8.0,10.33514680851064,37,1,8,6,27,11,1644,train
1645,196,32,0,26,12,2,1,4,4,11.31,9.888512548439397,1.8,11.3555025,27,5,9,7,24,13,1645,train
1646,312,53,1,38,11,0,6,2,7,8.013584905660379,10.355215969177355,2.2,8.333203396226416,37,5,11,8,34,8,1646,train
1647,481,83,3,63,22,8,4,8,15,12.935628227194492,12.540900571622839,2.7142857142857144,11.263529948364889,61,7,19,19,57,33,1647,train
1648,278,47,0,35,10,3,1,3,6,13.075177304964539,13.023866798666859,3.3333333333333335,9.116970921985814,37,3,10,9,26,11,1648,train
1649,324,49,2,43,14,8,2,3,7,13.879591836734694,13.427899808715576,4.5,10.688997959183673,44,4,18,13,36,17,1649,train
1650,341,57,1,42,13,5,1,3,11,13.915789473684212,13.5591,5.333333333333333,9.565215789473683,43,3,16,10,34,13,1650,test
1651,302,47,4,41,13,2,2,3,10,9.806382978723406,10.686352973137792,2.5,9.93057659574468,46,4,9,8,43,12,1651,train
1652,422,74,1,45,20,8,4,5,14,15.272072072072072,14.554592549557764,5.0,9.767669369369369,48,3,15,12,39,22,1652,train
1653,294,53,0,43,13,3,3,2,11,11.59496855345912,13.023866798666859,3.3333333333333335,9.279559119496856,41,3,10,9,32,11,1653,train
1654,248,44,0,36,15,5,2,3,9,16.072727272727274,14.554592549557764,5.0,10.469518181818183,36,2,10,8,24,9,1654,test
1655,355,58,0,42,12,3,5,5,7,12.00689655172414,12.161744961471694,3.5,9.800527586206897,43,4,14,11,43,14,1655,train
1656,500,86,3,60,22,10,5,7,14,15.111627906976745,14.554592549557764,4.75,10.945458139534884,62,4,19,16,58,26,1656,train
1657,305,47,3,34,13,4,6,1,5,11.41957446808511,11.602472056035307,2.4,10.485931489361704,34,5,12,11,38,14,1657,test
1658,231,37,1,28,6,1,5,3,4,13.886486486486488,15.247664890283005,6.5,9.248424324324326,28,2,13,9,22,9,1658,train
1659,320,55,1,44,11,7,3,4,9,15.348148148148148,14.554592549557764,3.3333333333333335,10.377448148148149,45,3,9,12,37,18,1659,train
1660,212,37,0,24,9,0,1,3,6,12.805405405405407,13.023866798666859,4.0,9.675181081081082,23,2,8,6,20,9,1660,train
1661,224,40,0,29,13,2,1,3,5,10.328205128205129,11.20814326018867,3.0,9.544633333333334,27,3,9,6,22,12,1661,train
1662,224,39,0,31,5,3,2,2,7,9.028205128205128,9.516144504307135,2.0,8.978561538461538,30,4,8,6,27,10,1662,test
1663,199,35,1,29,11,1,3,2,4,10.380952380952381,10.504223727775692,1.6666666666666667,10.08002380952381,30,3,5,5,22,9,1663,train
1664,388,64,0,48,23,4,2,5,8,14.553968253968254,13.81666964889586,4.75,10.432938095238097,41,4,19,14,39,20,1664,train
1665,271,46,0,40,10,6,0,3,8,11.556521739130435,11.20814326018867,2.75,8.669291304347826,39,4,11,8,23,12,1665,train
1666,242,41,1,36,7,3,2,3,8,13.078048780487805,14.554592549557764,5.5,8.889641463414634,37,2,11,8,27,8,1666,train
1667,225,37,1,30,12,2,1,3,7,14.967567567567569,14.554592549557764,5.5,10.955451351351352,30,2,11,8,23,11,1667,train
1668,318,48,4,40,10,2,4,3,8,15.56666666666667,14.06817628641468,5.0,11.338225000000001,43,3,15,11,45,17,1668,train
1669,410,68,4,54,13,3,3,6,11,13.858823529411765,13.023866798666859,4.5,10.052641176470589,58,4,17,12,49,19,1669,train
1670,485,85,2,58,21,10,3,7,16,21.561904761904763,17.122413403193683,9.5,10.607080952380953,56,2,18,12,48,19,1670,train
1671,307,48,4,45,15,3,4,3,6,13.06666666666667,13.023866798666859,4.0,12.3251,46,3,12,9,45,13,1671,train
1672,240,42,0,32,8,0,4,6,6,12.20952380952381,12.161744961471694,4.5,8.43762380952381,32,2,9,5,21,8,1672,train
1673,284,50,1,37,7,2,3,6,6,12.266666666666667,12.457975602129121,3.3333333333333335,7.621166666666667,39,3,10,9,21,10,1673,train
1674,273,48,0,38,12,2,4,3,11,12.933333333333335,11.20814326018867,3.5,9.103358333333333,37,2,7,4,23,9,1674,train
1675,309,53,0,36,13,4,0,5,12,14.373584905660378,13.81666964889586,8.0,10.313541509433962,38,2,15,7,30,12,1675,test
1676,289,50,5,44,10,2,2,3,8,13.06666666666667,13.023866798666859,3.6666666666666665,11.410766666666667,48,3,11,9,41,16,1676,train
1677,326,58,0,44,12,8,3,7,7,17.0140350877193,15.903189008614273,8.0,9.759398245614035,43,2,16,10,26,15,1677,train
1678,219,36,0,25,8,2,4,5,6,11.644444444444446,13.023866798666859,6.5,9.354022222222223,26,2,13,6,19,9,1678,train
1679,262,47,1,40,11,4,3,0,5,8.819858156028369,10.504223727775692,1.0,8.445056028368795,41,3,3,5,25,9,1679,train
1680,234,37,2,31,12,0,1,3,10,14.967567567567569,15.247664890283005,5.5,10.955451351351352,33,2,11,9,26,13,1680,train
1681,287,50,0,38,15,6,2,3,10,13.880272108843537,13.023866798666859,3.0,10.569286394557823,36,3,9,9,32,16,1681,test
1682,268,47,1,36,10,7,1,3,7,13.926241134751775,13.023866798666859,4.0,9.452928368794327,37,3,12,9,26,14,1682,train
1683,364,59,0,43,12,3,1,7,7,13.968361581920906,13.023866798666859,5.666666666666667,10.232136158192091,41,3,17,9,37,17,1683,train
1684,403,65,2,49,14,1,4,6,12,14.820512820512821,14.06817628641468,6.666666666666667,10.298397435897435,54,3,19,11,45,16,1684,test
1685,368,61,2,45,17,2,4,6,7,10.781639344262295,11.20814326018867,2.6,9.936374098360655,46,5,11,9,41,16,1685,train
1686,337,62,0,49,9,4,5,5,10,8.004301075268819,9.725611199111238,1.8333333333333333,8.478549462365592,47,6,11,8,29,11,1686,train
1687,300,51,0,43,14,2,0,4,9,18.04313725490196,16.52667757954773,6.5,11.403064705882354,42,2,13,11,31,13,1687,train
1688,226,41,1,31,9,3,1,1,8,22.253658536585366,18.243605946275583,8.0,10.291563414634147,33,1,8,7,25,9,1688,train
1689,335,55,2,42,16,6,2,2,7,10.969696969696969,11.855464076750408,3.6666666666666665,10.000560606060606,45,3,11,9,47,11,1689,train
1690,162,26,2,20,9,4,0,1,5,11.353846153846156,12.161744961471694,3.5,9.747069230769231,21,2,7,5,18,5,1690,train
1691,279,47,0,37,11,8,3,3,8,14.777304964539008,14.06817628641468,3.6666666666666665,10.79675815602837,37,3,11,11,30,14,1691,train
1692,170,32,1,27,7,3,0,3,5,17.8,14.554592549557764,6.0,10.158075,29,1,6,4,17,7,1692,train
1693,299,51,1,41,17,8,4,2,5,9.805882352941177,10.686352973137792,2.75,10.4610568627451,43,4,10,8,37,18,1693,train
1694,272,50,1,38,10,2,2,2,10,10.666666666666668,11.20814326018867,1.6666666666666667,10.463366666666667,40,3,5,7,32,15,1694,train
1695,304,49,3,41,12,1,4,2,9,13.880272108843537,13.5591,4.333333333333333,10.891531292517007,42,3,13,10,42,13,1695,train
1696,220,37,1,31,13,1,2,2,4,11.724324324324325,12.161744961471694,3.0,9.675181081081082,35,2,6,5,26,7,1696,train
1697,263,47,2,37,12,2,3,4,5,8.742028985507247,10.504223727775692,2.6666666666666665,8.172902898550724,35,3,8,5,28,7,1697,train
1698,216,36,1,27,11,1,0,3,6,10.355555555555556,11.20814326018867,3.0,9.495033333333335,29,3,9,6,24,8,1698,train
1699,161,27,0,19,9,1,1,2,3,11.325925925925928,12.161744961471694,3.5,8.98461851851852,18,2,7,5,14,6,1699,train
1700,213,35,1,30,9,1,2,2,7,12.68235294117647,13.81666964889586,5.5,10.517052941176471,31,2,11,7,25,8,1700,train
1701,224,36,2,27,8,1,2,3,7,14.977777777777778,15.247664890283005,6.0,8.915411111111112,29,2,12,9,20,8,1701,train
1702,285,46,0,40,11,3,3,3,4,11.35072463768116,11.855464076750408,3.0,10.23246811594203,40,3,8,8,37,13,1702,train
1703,300,53,0,42,14,1,3,1,12,12.09245283018868,11.698219412168324,2.5,10.252190566037736,41,4,10,9,34,14,1703,train
1704,34,7,1,7,2,1,0,0,1,2.8000000000000003,3.1291,1.0,6.239414285714286,9,1,1,0,4,1,1704,train
1705,309,58,0,38,14,7,1,5,8,26.648275862068967,17.122413403193683,7.0,10.324679310344827,38,1,7,6,23,10,1705,train
1706,337,55,2,40,19,7,1,2,5,12.066666666666668,13.023866798666859,4.25,10.154248148148149,42,4,16,13,41,15,1706,test
1707,259,47,0,39,15,3,4,2,5,12.224113475177305,11.855464076750408,2.3333333333333335,9.788885815602836,37,3,7,7,25,14,1707,train
1708,223,37,3,28,12,3,4,2,5,14.967567567567569,13.81666964889586,3.5,10.528694594594596,31,2,7,7,27,12,1708,test
1709,369,60,0,41,14,4,2,4,13,14.0,13.81666964889586,5.0,9.643833333333333,41,4,20,14,34,16,1709,train
1710,373,59,0,41,16,2,2,8,6,10.82169491525424,11.979248473330827,3.2,10.10957661016949,41,5,16,12,39,17,1710,train
1711,224,37,1,32,9,3,2,1,4,10.33873873873874,11.855464076750408,2.3333333333333335,8.515800900900901,34,3,7,7,24,8,1711,train
1712,173,27,0,21,7,0,0,5,3,16.725925925925928,17.122413403193683,8.0,10.823848148148148,22,1,8,6,17,7,1712,train
1713,335,56,0,41,12,2,3,6,11,11.752380952380953,12.457975602129121,6.0,10.201652380952382,42,3,18,8,33,13,1713,train
1714,211,37,1,31,10,3,2,3,8,15.0,13.81666964889586,6.0,10.369357142857144,32,2,12,7,26,11,1714,test
1715,310,55,1,42,11,7,3,1,6,8.40909090909091,9.516144504307135,2.75,9.199045454545455,45,4,10,5,31,11,1715,train
1716,202,32,1,24,9,1,0,4,8,20.3,18.243605946275583,13.0,11.144950000000001,25,1,13,7,18,10,1716,train
1717,147,25,0,21,5,1,1,3,4,8.200000000000001,10.125756701596842,3.0,9.3093,22,2,6,3,14,7,1717,train
1718,252,44,0,37,9,6,3,2,8,14.254545454545458,14.554592549557764,4.5,9.751790909090909,37,2,9,9,28,10,1718,test
1719,335,59,1,45,11,4,0,3,10,13.15151515151515,13.023866798666859,3.6666666666666665,9.13928787878788,43,3,11,9,39,13,1719,train
1720,336,56,2,43,11,4,3,7,10,15.333333333333332,15.470042427545799,5.666666666666667,9.42637878787879,43,3,17,14,33,15,1720,train
1721,307,48,4,38,9,0,4,4,7,15.56666666666667,14.06817628641468,5.0,10.022391666666667,39,3,15,11,31,16,1721,train
1722,337,55,1,40,17,1,5,2,9,12.045454545454547,13.023866798666859,3.75,9.486136363636364,41,4,15,12,37,12,1722,train
1723,294,47,1,34,12,2,0,2,10,25.608510638297872,19.287186520377343,12.0,13.358763829787234,39,1,12,9,36,18,1723,train
1724,297,51,0,44,11,6,2,7,4,9.57019607843137,10.793553405168563,2.2,10.024969019607845,43,5,11,9,30,14,1724,train
1725,301,51,2,41,14,6,3,5,3,12.158823529411766,12.161744961471694,2.25,9.841841176470588,42,4,9,10,34,13,1725,test
1726,246,44,0,32,8,2,3,1,7,12.436363636363637,12.161744961471694,4.0,8.6752,32,2,8,5,21,7,1726,train
1727,233,42,0,35,10,4,3,3,9,16.019047619047623,14.554592549557764,3.5,10.693338095238095,35,2,7,8,24,13,1727,train
1728,79,12,0,10,5,0,2,0,0,14.8,13.023866798666859,2.0,13.442533333333335,12,1,2,3,12,5,1728,train
1729,331,56,5,46,13,2,4,3,10,10.600000000000001,11.698219412168324,3.0,9.68822142857143,44,4,12,9,37,13,1729,train
1730,332,61,1,41,16,6,1,2,9,12.723497267759562,13.023866798666859,2.6666666666666665,9.8220825136612,41,3,8,10,32,17,1730,train
1731,210,33,1,29,8,2,0,3,5,12.884848484848485,13.5591,3.0,10.40240303030303,30,3,9,10,24,11,1731,test
1732,319,52,0,36,12,2,6,2,6,12.123076923076923,11.698219412168324,3.25,10.050723076923077,35,4,13,9,35,16,1732,test
1733,475,78,1,56,16,5,4,5,15,18.605128205128207,17.122413403193683,7.333333333333333,11.201612820512821,59,3,22,18,53,24,1733,test
1734,323,52,1,36,11,2,3,7,8,11.353846153846156,12.161744961471694,4.25,9.139761538461538,37,4,17,10,32,14,1734,train
1735,210,37,1,34,9,2,0,5,7,13.886486486486488,13.023866798666859,4.0,10.955451351351352,36,2,8,6,22,11,1735,train
1736,257,41,0,31,6,3,3,2,6,14.247154471544716,13.023866798666859,3.0,10.09119593495935,29,3,9,9,29,12,1736,train
1737,338,52,1,42,9,4,7,3,5,9.620512820512822,10.504223727775692,2.3333333333333335,9.22848205128205,44,6,13,10,46,12,1737,train
1738,310,47,0,35,12,1,2,4,7,14.061702127659576,13.023866798666859,3.75,10.266534042553193,35,4,15,12,29,15,1738,train
1739,142,26,0,25,6,2,0,2,4,9.8,11.20814326018867,2.5,8.0461,25,2,5,4,14,4,1739,train
1740,314,59,0,39,15,6,1,4,9,13.968361581920906,13.023866798666859,2.6666666666666665,8.894000564971751,35,3,8,9,33,15,1740,train
1741,270,44,0,31,11,1,3,4,7,13.175193798449612,13.5591,4.333333333333333,10.222782170542636,30,3,13,10,28,12,1741,train
1742,284,51,0,36,12,2,2,3,11,23.537254901960786,15.903189008614273,8.0,10.500609803921568,36,1,8,5,26,8,1742,train
1743,295,50,0,38,13,1,2,3,8,11.466666666666669,11.855464076750408,3.6666666666666665,8.884366666666667,39,3,11,9,30,11,1743,train
1744,257,42,0,33,9,3,5,2,3,10.0,10.125756701596842,2.5,9.659,33,4,10,6,37,8,1744,train
1745,359,57,0,40,13,2,4,3,10,16.02105263157895,15.470042427545799,4.666666666666667,10.950303508771931,41,3,14,14,37,21,1745,train
1746,403,66,4,46,14,3,5,4,9,11.066666666666668,11.20814326018867,2.0,10.163160606060607,41,6,12,13,50,19,1746,train
1747,199,32,1,28,7,2,4,1,6,13.016666666666666,12.457975602129121,2.6666666666666665,11.073691666666667,30,3,8,8,26,11,1747,train
1748,397,67,0,47,20,10,3,3,13,12.52417910447761,12.340626583579944,3.4,10.428602686567164,46,5,14,13,40,19,1748,train
1749,199,36,0,28,7,2,1,2,5,10.533333333333335,11.20814326018867,3.5,8.4768,27,2,7,4,19,5,1749,train
1750,275,49,0,37,11,4,2,2,6,13.880272108843537,13.5591,3.6666666666666665,9.280306802721089,37,3,11,10,27,12,1750,train
1751,359,58,1,47,16,1,4,5,8,13.940229885057471,13.023866798666859,4.333333333333333,11.6737091954023,49,3,13,9,36,21,1751,test
1752,222,41,0,29,10,3,0,4,8,11.126829268292683,13.023866798666859,4.0,8.11939756097561,29,2,8,6,17,6,1752,train
1753,185,29,0,26,7,3,1,4,4,16.83448275862069,14.554592549557764,4.5,10.345010344827585,28,2,9,8,20,10,1753,test
1754,199,32,0,29,9,1,3,1,5,15.15,13.81666964889586,4.0,11.8316625,30,2,8,7,20,12,1754,train
1755,309,52,0,40,12,4,4,4,8,8.006153846153847,10.793553405168563,2.6,7.796186153846154,39,5,13,9,28,9,1755,train
1756,305,48,1,41,10,1,5,2,6,13.075177304964539,14.06817628641468,4.666666666666667,10.124843262411346,46,3,14,11,40,11,1756,test
1757,286,46,4,38,12,1,2,5,7,23.617391304347827,19.287186520377343,12.0,11.067013043478262,41,1,11,8,35,10,1757,train
1758,213,33,3,29,8,0,2,1,6,22.8969696969697,19.287186520377343,8.0,12.450572727272727,29,1,8,8,29,12,1758,test
1759,511,84,6,56,24,6,6,4,11,16.001234567901236,15.247664890283005,5.25,11.268801234567901,55,4,21,18,68,23,1759,train
1760,270,48,2,42,14,1,0,4,8,10.566666666666666,10.504223727775692,3.0,9.693433333333335,42,3,9,5,28,12,1760,train
1761,266,43,2,32,14,2,3,3,5,15.111627906976745,15.247664890283005,5.0,10.578248837209303,31,2,10,9,27,14,1761,train
1762,288,51,1,40,9,3,1,7,10,16.47450980392157,15.247664890283005,5.5,9.545417647058823,42,2,11,9,29,12,1762,train
1763,232,37,1,32,8,1,3,2,5,16.08888888888889,15.247664890283005,4.5,11.547077777777778,33,2,9,9,30,11,1763,train
1764,346,60,1,44,15,4,4,3,13,10.666666666666666,10.686352973137792,3.25,9.643833333333333,43,4,13,7,38,15,1764,test
1765,261,45,1,36,11,3,5,1,5,12.222222222222223,11.855464076750408,2.6666666666666665,9.643833333333333,37,3,8,7,26,13,1765,test
1766,327,57,4,41,15,4,3,6,11,17.0140350877193,15.247664890283005,7.5,10.036415789473683,41,2,15,9,30,15,1766,train
1767,259,43,0,35,9,4,1,8,6,10.38449612403101,11.855464076750408,3.3333333333333335,8.386735658914729,37,3,10,7,25,8,1767,train
1768,156,26,0,23,6,0,2,1,5,12.892307692307691,12.161744961471694,3.0,10.354376923076924,24,2,6,5,19,9,1768,train
1769,313,50,3,44,12,4,5,2,5,24.8,20.267338824336647,11.0,11.485100000000001,48,1,11,9,41,12,1769,test
1770,184,30,0,25,6,1,3,2,6,12.666666666666668,13.023866798666859,4.5,9.1175,25,2,9,6,18,7,1770,train
1771,445,69,4,50,16,4,6,3,8,13.056231884057972,13.348371206891418,3.6,9.813153913043479,48,5,18,16,52,19,1771,train
1772,220,37,1,30,7,3,3,4,7,14.967567567567569,14.554592549557764,5.0,9.675181081081082,33,2,10,8,25,10,1772,train
1773,313,49,2,37,13,2,2,3,9,13.06326530612245,12.161744961471694,3.75,10.688997959183673,38,4,15,10,35,17,1773,train
1774,290,49,0,37,11,3,1,4,8,12.247619047619049,13.023866798666859,3.0,10.24704149659864,37,3,9,9,28,14,1774,train
1775,104,18,0,12,5,2,0,2,2,11.644444444444446,11.20814326018867,4.0,8.915411111111112,13,1,4,2,8,4,1775,train
1776,365,59,2,40,20,3,5,1,4,12.177627118644068,11.979248473330827,2.4,11.180085084745762,42,5,12,12,42,17,1776,train
1777,329,56,0,37,8,5,8,2,10,15.323809523809524,15.021129683784007,4.0,9.919688095238097,37,3,12,13,35,15,1777,train
1778,270,50,0,34,6,1,3,5,8,7.4,9.516144504307135,2.75,8.3619,35,4,11,5,21,9,1778,train
1779,302,48,0,35,16,3,2,2,9,12.3,12.161744961471694,2.75,10.481908333333333,36,4,10,10,38,15,1779,train
1780,203,33,1,28,11,2,2,1,6,12.884848484848485,11.855464076750408,3.0,10.40240303030303,29,3,9,7,23,10,1780,train
1781,295,47,2,39,10,1,3,3,10,13.075177304964539,13.023866798666859,4.333333333333333,10.124843262411346,37,3,13,9,34,12,1781,train
1782,218,35,3,25,13,0,2,2,5,18.571428571428573,15.903189008614273,8.0,12.590785714285715,27,1,8,7,29,9,1782,train
1783,350,58,3,50,14,4,3,2,8,16.698850574712647,15.021129683784007,4.0,10.856985057471265,52,3,12,13,40,17,1783,test
1784,374,61,3,47,14,4,1,4,12,12.657377049180328,12.602617957971052,4.5,9.569949180327868,46,4,18,11,39,18,1784,train
1785,280,49,0,33,11,2,3,5,8,11.431292517006803,13.5591,3.6666666666666665,8.313572108843537,29,3,11,10,24,9,1785,train
1786,376,61,0,50,14,2,5,6,11,16.65792349726776,15.903189008614273,5.666666666666667,9.563230054644809,48,3,17,15,35,17,1786,train
1787,167,27,0,19,9,0,2,2,1,9.844444444444445,12.161744961471694,3.5,8.98461851851852,20,2,7,5,16,6,1787,test
1788,334,52,2,42,12,4,4,2,8,15.394871794871797,15.021129683784007,5.0,10.872964102564103,45,3,15,13,42,14,1788,train
1789,472,73,4,49,16,1,6,5,10,18.500456621004567,17.122413403193683,7.333333333333333,11.765077168949771,51,3,22,18,59,26,1789,test
1790,257,49,0,32,9,3,3,5,8,13.881632653061224,13.023866798666859,4.0,8.074148979591836,33,2,8,6,18,8,1790,train
1791,278,48,1,39,14,2,3,2,7,11.4,11.20814326018867,2.6666666666666665,10.022391666666667,40,3,8,7,29,13,1791,train
1792,400,66,0,52,16,5,6,2,13,12.552727272727275,13.023866798666859,3.8,9.31531090909091,51,5,19,15,39,17,1792,train
1793,276,51,1,43,16,6,2,6,7,10.590196078431374,11.20814326018867,2.25,10.151449019607844,44,4,9,8,32,15,1793,train
1794,268,45,0,37,15,2,1,4,6,12.222222222222223,12.457975602129121,3.0,9.643833333333333,36,3,9,8,25,10,1794,test
1795,416,72,1,54,17,9,5,4,13,15.571428571428573,14.554592549557764,4.75,10.369357142857144,52,4,18,16,49,23,1795,train
1796,221,38,1,30,7,2,0,6,9,10.757894736842106,11.20814326018867,4.5,9.14968947368421,30,2,9,4,21,9,1796,train
1797,419,70,4,55,13,7,9,6,7,13.285714285714286,13.427899808715576,4.25,9.918214285714285,54,4,17,13,50,14,1797,train
1798,189,32,0,25,9,4,1,2,4,17.8,17.122413403193683,7.0,10.6515125,26,1,7,6,18,8,1798,train
1799,261,49,1,44,13,7,4,2,4,6.53265306122449,10.125756701596842,1.25,7.4665489795918365,45,4,5,6,31,6,1799,test
1800,232,42,1,33,10,3,2,3,10,10.361904761904762,11.20814326018867,3.0,7.714471428571429,33,3,9,6,22,6,1800,train
1801,266,45,0,32,14,2,1,4,7,16.11111111111111,15.247664890283005,5.0,9.314055555555555,31,2,10,9,22,12,1801,test
1802,278,46,2,40,10,1,3,8,8,15.286956521739132,15.247664890283005,6.0,10.269473913043479,41,2,12,9,28,14,1802,train
1803,312,52,0,39,13,2,1,4,9,10.77948717948718,12.457975602129121,4.333333333333333,9.051041025641025,41,3,13,8,33,9,1803,train
1804,493,76,5,60,18,4,3,5,11,16.02105263157895,15.247664890283005,6.25,11.435084210526316,62,4,24,18,62,23,1804,train
1805,152,25,0,20,6,1,0,3,2,8.200000000000001,11.20814326018867,4.0,8.0461,20,2,7,4,10,5,1805,train
1806,249,42,1,40,12,4,1,0,8,11.314285714285715,11.855464076750408,3.0,9.970185714285716,45,3,9,7,31,10,1806,test
1807,367,62,2,45,14,6,3,6,13,14.073118279569895,14.06817628641468,5.666666666666667,10.773824731182795,46,3,17,11,38,16,1807,train
