,index,split,Id,c3 (N),c3 (Y),c5 (N),c5 (Y),c9 (N),c9 (Y),c4 (N),c4 (Y),c6 (N),c6 (Y),c8 (N),c8 (Y),c11 (N),c11 (Y),c0 (N),c0 (Y),c2 (N),c2 (Y),c10 (N),c10 (Y),c7 (N),c7 (Y),c1 (N),c1 (Y)
0,0,train,24198,0.2569262087345123,0.6195867657661438,0.2685921788215637,0.6214442253112793,0.3033326864242553,0.5528872609138489,0.4255233705043793,0.4299961030483246,0.6702077388763428,0.2920001149177551,0.8393822908401489,0.1249611228704452,0.3203149139881134,0.5545129776000977,0.2697977423667907,0.6369050145149231,0.2147568315267563,0.6814662218093872,0.3658527433872223,0.5181793570518494,0.2695131599903106,0.5765745043754578,0.811240553855896,0.1964711546897888
1,1,train,23283,0.451481819152832,0.4699691832065582,0.4445092678070068,0.4764805734157562,0.7353042960166931,0.2301711738109588,0.7757610082626343,0.2025091499090194,0.8055477142333984,0.2064221054315567,0.8857325315475464,0.1296111643314361,0.633185863494873,0.3130094110965729,0.5126644968986511,0.4176976978778839,0.3631117641925812,0.5388185381889343,0.7758427858352661,0.2171263992786407,0.164304181933403,0.6831483244895935,0.6061505079269409,0.2868638336658478
2,2,test,23440,0.7501654624938965,0.2213791757822036,0.6052259802818298,0.3526795506477356,0.9163761138916016,0.1137925833463668,0.9172155857086182,0.1129409149289131,0.9105047583580016,0.1197593808174133,0.9397942423820496,0.0855541080236435,0.8744219541549683,0.145491674542427,0.8352108597755432,0.1543218344449997,0.5694302320480347,0.4030297100543976,0.9145637154579164,0.1133141443133354,0.1623020023107528,0.6883464455604553,0.5302698612213135,0.3243792057037353
3,3,train,24341,0.3714220225811004,0.5228930115699768,0.3806904852390289,0.5184822082519531,0.5814222693443298,0.2965835928916931,0.650107204914093,0.2436292469501495,0.73215651512146,0.2286593466997146,0.8559697270393372,0.1358432918787002,0.5261648893356323,0.3638073801994324,0.4107536375522613,0.4924717545509338,0.2998815774917602,0.5859338641166687,0.6570250391960144,0.2600103616714477,0.1841146200895309,0.6698417663574219,0.6653987765312195,0.2592112720012665
4,4,train,24640,0.5847178101539612,0.3474892079830169,0.5168398022651672,0.4083433151245117,0.855117678642273,0.1409610211849212,0.8611419796943665,0.1334641128778457,0.8632119297981262,0.140096515417099,0.9131502509117126,0.0987414345145225,0.7697188258171082,0.191734030842781,0.7016589045524597,0.2382712513208389,0.4660409688949585,0.4661886692047119,0.8714151382446289,0.1349420547485351,0.1519303768873214,0.6971355080604553,0.5384509563446045,0.3158983588218689
5,5,train,23494,0.4145985841751098,0.4834126234054565,0.4129855930805206,0.4901551306247711,0.6635391712188721,0.2619366347789764,0.7070482969284058,0.2210479825735092,0.7625925540924072,0.2168633192777633,0.8784971237182617,0.12899811565876,0.5829553008079529,0.3371618986129761,0.4657073616981506,0.4569621086120605,0.3265144526958465,0.5603388547897339,0.711833655834198,0.239376813173294,0.1790794432163238,0.6709599494934082,0.6506947875022888,0.2655922174453735
6,6,train,24627,0.266332745552063,0.6089683771133423,0.2743739783763885,0.6210604310035706,0.3035787940025329,0.5641395449638367,0.3994926810264587,0.4537786841392517,0.6587539315223694,0.2995631098747253,0.8233685493469238,0.1394386142492294,0.3226970136165619,0.5688593983650208,0.2746471464633941,0.6342833042144775,0.2334182858467102,0.6728379130363464,0.3403940498828888,0.5502575635910034,0.2815134823322296,0.5662463307380676,0.8091944456100464,0.2070320844650268
7,7,train,23655,0.5658313035964966,0.3536119759082794,0.4921333491802215,0.4198175072669983,0.8536922335624695,0.1422468870878219,0.8612114787101746,0.1333734095096588,0.8496671915054321,0.1430631577968597,0.9104471802711488,0.0990143790841102,0.7624180912971497,0.1965577006340026,0.6795849800109863,0.246407613158226,0.447976291179657,0.4729747474193573,0.8605132699012756,0.139525756239891,0.1486286520957946,0.6989520192146301,0.5365051031112671,0.313273936510086
8,8,train,23341,0.2996349334716797,0.5890089869499207,0.3251081705093384,0.5682616233825684,0.3987564742565155,0.4686143398284912,0.5537986159324646,0.3390366435050964,0.7059265375137329,0.2665137350559234,0.854636549949646,0.1252553164958953,0.4024176597595215,0.4930130839347839,0.3192793130874634,0.5880265831947327,0.2417314350605011,0.6379175186157227,0.5463191270828247,0.3803668320178985,0.2218201905488968,0.6268808841705322,0.7570495009422302,0.2104946672916412
9,9,test,24481,0.6822509169578552,0.2709242105484009,0.556346595287323,0.3813337087631225,0.9066178798675536,0.1212440505623817,0.9091767072677612,0.117136649787426,0.90101557970047,0.1246718317270279,0.9363139271736144,0.0889832824468612,0.8439441919326782,0.1624782681465149,0.7899700403213501,0.1790824085474014,0.5271042585372925,0.430890679359436,0.907593309879303,0.1180936247110366,0.1571483612060547,0.6935256123542786,0.533385157585144,0.3226778209209442
10,10,train,24048,0.3458471596240997,0.5396959185600281,0.3651511371135711,0.5351054668426514,0.5452447533607483,0.3404591977596283,0.6302860379219055,0.2632102370262146,0.7232044339179993,0.2382920682430267,0.8665317296981812,0.1312377005815506,0.5001376867294312,0.400951087474823,0.3847363293170929,0.5259743332862854,0.2812041640281677,0.602428138256073,0.6387994289398193,0.2835220992565155,0.1980638802051544,0.6554264426231384,0.7010475993156433,0.2449128478765487
11,11,train,23656,0.2864770293235779,0.5965596437454224,0.3142740130424499,0.5747697949409485,0.3840730190277099,0.4930659532546997,0.5537239909172058,0.3503368496894836,0.7232611775398254,0.2714623510837555,0.8547388315200806,0.1225669011473655,0.393776923418045,0.5026971697807312,0.3115108907222748,0.5976573824882507,0.2336273342370987,0.6394180059432983,0.5402716994285583,0.4050274491310119,0.2311253100633621,0.6169100403785706,0.7707894444465637,0.2046069800853729
12,12,train,24254,0.5438545942306519,0.3807912170886993,0.4855611026287079,0.4320511221885681,0.8383628129959106,0.1506627053022384,0.851069450378418,0.1406198441982269,0.8470274209976196,0.1510470360517501,0.9097293615341188,0.1036730334162712,0.7365176677703857,0.2136102318763733,0.6383759379386902,0.2750129401683807,0.4375230669975281,0.4867201447486877,0.8513743281364441,0.1465332508087158,0.1515971720218658,0.7002602219581604,0.5442957878112793,0.3140349984169006
13,13,test,23245,0.2432983219623565,0.6213763356208801,0.252559632062912,0.6411187648773193,0.2791628539562225,0.5674186944961548,0.3944101333618164,0.4595528542995453,0.6482231616973877,0.3023147583007812,0.8244270086288452,0.1342793703079223,0.295543223619461,0.5770728588104248,0.2534144818782806,0.6558674573898315,0.2125816941261291,0.6854188442230225,0.3365241587162018,0.5435985326766968,0.2753686606884002,0.5694222450256348,0.8140118718147278,0.2074194997549057
14,14,train,23209,0.3402261435985565,0.5333080887794495,0.3584050834178924,0.5240345001220703,0.5370216369628906,0.3521521687507629,0.6289188265800476,0.2696555554866791,0.7289983034133911,0.2452498376369476,0.8676697015762329,0.1265761703252792,0.4920311868190765,0.4093950986862182,0.3704014718532562,0.5242713689804077,0.2749548852443695,0.5944727063179016,0.6344705820083618,0.2968448996543884,0.1957902014255523,0.650159478187561,0.7032849192619324,0.243314728140831
15,15,test,23927,0.4295040369033813,0.4698015749454498,0.4162434339523315,0.4825673997402191,0.7217273116111755,0.2261075377464294,0.7632043957710266,0.1976166516542434,0.7869817614555359,0.2024435549974441,0.8791478276252747,0.1280906945466995,0.623715341091156,0.3141652941703796,0.4941507875919342,0.4193122386932373,0.347624123096466,0.5312573909759521,0.7564123272895813,0.2156586647033691,0.1629841029644012,0.6788644790649414,0.5945375561714172,0.2871198952198028
16,16,train,24314,0.6678650379180908,0.2938033938407898,0.5543162226676941,0.3899791240692138,0.8985782265663147,0.1261157840490341,0.9017459750175476,0.1207056641578674,0.8973723649978638,0.1271406412124633,0.9313159584999084,0.0932228118181228,0.8374846577644348,0.1711969524621963,0.7846658229827881,0.1934642046689987,0.5212025046348572,0.4412257075309753,0.904808223247528,0.1203892901539802,0.1539536714553833,0.6982932686805725,0.5332143306732178,0.3233838975429535
17,17,train,23259,0.3231359124183655,0.562203586101532,0.344555139541626,0.5527887344360352,0.5118666887283325,0.3687411844730377,0.6440833210945129,0.2613392174243927,0.7392461895942688,0.2252307683229446,0.8579505681991577,0.1303786188364029,0.490282267332077,0.4021254777908325,0.3599491715431213,0.5440423488616943,0.2617748081684112,0.6216051578521729,0.6495797634124756,0.2778085172176361,0.2073917090892791,0.6452324986457825,0.7215083837509155,0.2352915555238723
18,18,test,24536,0.2694143056869507,0.6157525777816772,0.3006002604961395,0.5968018770217896,0.3354778587818146,0.5335875153541565,0.4922449588775635,0.3959062695503235,0.6810384392738342,0.2829177677631378,0.8491355776786804,0.121856115758419,0.354428619146347,0.5415987968444824,0.290436327457428,0.6261895298957825,0.2204510271549224,0.6691868901252747,0.4442282915115356,0.4698094725608825,0.2494432181119918,0.5985656976699829,0.7941931486129761,0.1992794573307037
19,19,train,23034,0.3927385509014129,0.5097553133964539,0.4002200663089752,0.507097601890564,0.6268730163574219,0.2808328568935394,0.6933492422103882,0.2309569120407104,0.757792592048645,0.2205020785331726,0.8782041072845459,0.1274120956659317,0.5609793663024902,0.3508290648460388,0.4350760281085968,0.474715918302536,0.3165670931339264,0.574839174747467,0.6939834356307983,0.2459291815757751,0.1836397051811218,0.6726757287979126,0.6527255773544312,0.2665457427501678
20,20,train,24063,0.2616996765136719,0.6192188858985901,0.2867559492588043,0.6090912222862244,0.3148295283317566,0.5436487793922424,0.4552392363548279,0.4167854785919189,0.6724140644073486,0.2865240275859833,0.8456080555915833,0.1248937547206878,0.3443354964256286,0.5450232625007629,0.2853014469146728,0.6352148652076721,0.2198494225740432,0.6801648139953613,0.4032641947269439,0.4956258237361908,0.2572579085826874,0.5984019041061401,0.7992432117462158,0.1944638639688491
21,21,test,24193,0.2612943947315216,0.6160932779312134,0.2975664734840393,0.5976763963699341,0.330336719751358,0.5202817320823669,0.4839953780174255,0.3765580058097839,0.6666924953460693,0.2789490520954132,0.8490639328956604,0.1242952644824981,0.351750910282135,0.5266250371932983,0.2882802486419678,0.6240729689598083,0.2212670147418975,0.6666100025177002,0.448748767375946,0.447694182395935,0.2400058060884475,0.6079151630401611,0.7825935482978821,0.2049210369586944
22,22,train,23659,0.2616313695907593,0.6190381646156311,0.2689651548862457,0.6311933994293213,0.3022973835468292,0.5700051784515381,0.4180309176445007,0.4569620788097381,0.6629729270935059,0.3007227182388305,0.8331934809684753,0.1299852579832077,0.3196963965892792,0.5829090476036072,0.2714780271053314,0.6459961533546448,0.2220007628202438,0.6884667277336121,0.3568427562713623,0.5597890019416809,0.2807302176952362,0.5765399932861328,0.8113805651664734,0.2053627073764801
23,23,train,23359,0.3471533060073852,0.5559753179550171,0.3650157153606415,0.5435503125190735,0.5338103771209717,0.4004858136177063,0.6424658298492432,0.3014504313468933,0.7396658658981323,0.2598948776721954,0.8705523014068604,0.1311458647251129,0.4948824644088745,0.4428347051143646,0.3767214715480804,0.545589029788971,0.2725444138050079,0.6043292284011841,0.6498882174491882,0.3292234539985657,0.1996957510709762,0.6494293212890625,0.7088386416435242,0.2367376685142517
24,24,test,23086,0.6595922112464905,0.2942284643650055,0.5497843027114868,0.3967083096504211,0.8971012234687805,0.1247620359063148,0.8990788459777832,0.1186354979872703,0.8895751237869263,0.1230660900473594,0.9300827383995056,0.0930845513939857,0.8342950344085693,0.1682566702365875,0.7786637544631958,0.1889426559209823,0.5205156207084656,0.440940260887146,0.9035282135009766,0.1183676868677139,0.1554190516471862,0.7009043097496033,0.5326283574104309,0.3220207095146179
25,25,train,23801,0.3692077100276947,0.5198824405670166,0.3823609054088592,0.5155350565910339,0.5908218026161194,0.3055934607982635,0.645922839641571,0.2561511397361755,0.7297552824020386,0.2358501255512237,0.8722257018089294,0.1288900077342987,0.5275329351425171,0.3745765089988708,0.4052506387233734,0.4976650476455688,0.2921187579631805,0.5888437628746033,0.6590146422386169,0.2710207104682922,0.1851626336574554,0.6650400757789612,0.6688322424888611,0.2570571899414062
26,26,train,23131,0.2537641525268554,0.6240687370300293,0.271070271730423,0.621540904045105,0.3021858036518097,0.5581092238426208,0.4250233769416809,0.4391213953495025,0.6691997647285461,0.2936713099479675,0.8316712379455566,0.1325641274452209,0.3208525478839874,0.5568240880966187,0.2706963717937469,0.6388935446739197,0.2120612561702728,0.6829623579978943,0.3614088892936706,0.5255945920944214,0.2670255899429321,0.5801674127578735,0.8057816624641418,0.1908227950334549
27,27,train,24407,0.3988348841667175,0.5076467990875244,0.4084619283676147,0.5037814378738403,0.6206390261650085,0.2818890810012817,0.6703159809112549,0.2393191456794738,0.7289820909500122,0.2315086871385574,0.863309383392334,0.1356957405805587,0.563360333442688,0.3494517207145691,0.4502941966056824,0.4734111130237579,0.3213136196136474,0.5716409683227539,0.6778540015220642,0.2574316263198852,0.1806409209966659,0.6732383966445923,0.6410340070724487,0.2702006101608276
28,28,train,23648,0.3042244911193847,0.5839077234268188,0.3333137929439544,0.5623688697814941,0.4510746300220489,0.4435935020446777,0.5929293632507324,0.3279662132263183,0.720917284488678,0.2706953585147857,0.8625319600105286,0.127968892455101,0.4405065774917602,0.4733114242553711,0.3286950886249542,0.5803029537200928,0.2412904202938079,0.6282337307929993,0.5985325574874878,0.3617632389068603,0.2198432981967926,0.6247488856315613,0.7397270202636719,0.2180379927158355
29,29,train,24131,0.2798985242843628,0.5991364121437073,0.3112971484661102,0.5784373879432678,0.3676977753639221,0.4994418323040008,0.518449604511261,0.3635798990726471,0.6913874745368958,0.2707847952842712,0.8466293811798096,0.1259324103593826,0.383395791053772,0.5113492012023926,0.3088045418262481,0.592943012714386,0.2278186231851577,0.6399886608123779,0.5133724212646484,0.410948097705841,0.2375059127807617,0.6145077347755432,0.7653396129608154,0.1992457509040832
30,30,train,24183,0.4950474500656128,0.428249329328537,0.4648947715759277,0.4569616317749023,0.7747469544410706,0.1825232803821563,0.8059089779853821,0.1659787595272064,0.8149859309196472,0.1757841557264328,0.8924843668937683,0.1151130199432373,0.673248291015625,0.262718141078949,0.5585890412330627,0.3576321899890899,0.3950245976448059,0.5173949599266052,0.7976281046867371,0.1772732883691787,0.1563885062932968,0.6954878568649292,0.5726270079612732,0.2976411581039428
31,31,train,23481,0.4436708092689514,0.4688231647014618,0.4375222027301788,0.4756806790828705,0.7127174139022827,0.2202535569667816,0.7562556266784668,0.1923226714134216,0.7917160391807556,0.2015446275472641,0.8845503926277161,0.1234983429312706,0.6196264624595642,0.3133597671985626,0.4942822158336639,0.4221671819686889,0.3573833107948303,0.5427217483520508,0.7519896626472473,0.209144577383995,0.1689539104700088,0.6817950010299683,0.6109706163406372,0.2841180860996246
32,32,train,22994,0.3320184350013733,0.5522933006286621,0.3539225161075592,0.5424322485923767,0.505433201789856,0.391250729560852,0.6238551139831543,0.2863814830780029,0.7217962741851807,0.2507334649562835,0.8648062944412231,0.1326784342527389,0.4755276441574096,0.437151551246643,0.3589628338813782,0.5531184077262878,0.2658995389938354,0.6025206446647644,0.6317759156227112,0.3145333528518677,0.2075264751911163,0.6354882121086121,0.7257480621337891,0.2304790616035461
33,33,train,24568,0.4727306365966797,0.4532731175422668,0.4487738013267517,0.4666193425655365,0.7712164521217346,0.1981722563505172,0.7997401356697083,0.1757262200117111,0.8209884762763977,0.1877016276121139,0.8907596468925476,0.120176114141941,0.671743631362915,0.2840634286403656,0.5440282821655273,0.3868623077869415,0.3787371516227722,0.5266266465187073,0.7971924543380737,0.1919808238744735,0.1628241539001464,0.6880682706832886,0.581145167350769,0.29625204205513
34,34,train,24226,0.302742451429367,0.5579397678375244,0.3339762389659881,0.5503988862037659,0.4326750636100769,0.4262951910495758,0.5737462639808655,0.3153930008411407,0.7094814777374268,0.2633048593997955,0.8559338450431824,0.1252985894680023,0.4329027235507965,0.4495083093643188,0.3357786834239959,0.562178373336792,0.2473050206899643,0.6118748784065247,0.5869618654251099,0.3512846827507019,0.2159110754728317,0.6296697854995728,0.7401557564735413,0.2155850678682327
35,35,train,23000,0.2841904759407043,0.5953893065452576,0.316213309764862,0.5749803781509399,0.3752182424068451,0.4750817716121673,0.5294376015663147,0.3311581611633301,0.6900292038917542,0.2649474143981933,0.8564363121986389,0.1285343915224075,0.3907998502254486,0.4881165027618408,0.3098068237304687,0.5944020748138428,0.2297728806734085,0.6372660994529724,0.5379390120506287,0.3735926449298858,0.2250904291868209,0.6222928762435913,0.7556301355361938,0.2171191424131393
36,36,train,23101,0.3432284891605377,0.5477016568183899,0.3614473044872284,0.537666916847229,0.5315495133399963,0.3486772775650024,0.6337796449661255,0.2673265933990478,0.7402669787406921,0.239928513765335,0.8641813397407532,0.1317029893398285,0.4947184324264526,0.4084610641002655,0.3764449059963226,0.5301501154899597,0.2799786627292633,0.5945873856544495,0.64096999168396,0.2819360792636871,0.1932173669338226,0.6567431092262268,0.6842249035835266,0.2525936961174011
37,37,test,24436,0.3841075301170349,0.5139226913452148,0.3908418118953705,0.5094970464706421,0.6530719995498657,0.3159209191799164,0.7494034767150879,0.2458284348249435,0.7873570919036865,0.2360556125640869,0.8814827799797058,0.1248995885252952,0.581442654132843,0.3871543407440185,0.4260668158531189,0.4935733079910278,0.2963023781776428,0.5688537955284119,0.7299731373786926,0.2743383347988128,0.1868376284837722,0.654450535774231,0.6820458769798279,0.2518815398216247
38,38,train,24182,0.3759012520313263,0.5263437032699585,0.3833265006542206,0.5198347568511963,0.6097021698951721,0.2871676981449127,0.6781402826309204,0.2334108352661132,0.7689599394798279,0.2261227369308471,0.8749894499778748,0.1273065060377121,0.5496944785118103,0.3573186993598938,0.4165390431880951,0.4882836043834686,0.3022130131721496,0.5792878866195679,0.6872677206993103,0.2511092126369476,0.1817312538623809,0.6700711846351624,0.6472173929214478,0.2666466236114502
39,39,train,24401,0.3026715815067291,0.5772904753684998,0.3256199061870575,0.5613603591918945,0.4193080961704254,0.4525794088840484,0.5881078243255615,0.3148070275783539,0.7252767086029053,0.2643141150474548,0.8553352355957031,0.1283074170351028,0.414284199476242,0.4731471836566925,0.3224274516105652,0.5726272463798523,0.2442114949226379,0.6197800040245056,0.5878565311431885,0.3492893278598785,0.2154411077499389,0.6319541931152344,0.7380690574645996,0.2211135625839233
40,40,train,23230,0.4205909669399261,0.5001468658447266,0.4184755086898803,0.498694509267807,0.7063905596733093,0.2594268023967743,0.7626385688781738,0.2172248363494873,0.7942314147949219,0.2153901755809784,0.8865708112716675,0.1247818544507026,0.6222280263900757,0.3422001004219055,0.4720069766044616,0.460485428571701,0.3267050683498382,0.5633768439292908,0.7548647522926331,0.2387497425079345,0.1698618531227111,0.6759916543960571,0.6244286298751831,0.2749151885509491
41,41,train,24424,0.4801946580410003,0.4354557394981384,0.4532800316810608,0.4565218985080719,0.753018856048584,0.1845257729291916,0.7747213244438171,0.1677980422973632,0.7894806861877441,0.1762566715478897,0.8821137547492981,0.1182083338499069,0.6608754992485046,0.2618396580219269,0.5381034016609192,0.3711710274219513,0.3802140653133392,0.5262125134468079,0.7710848450660706,0.1821880638599395,0.1583041697740554,0.6906298398971558,0.5769816637039185,0.2941313683986664
42,42,train,23402,0.593123733997345,0.3252538740634918,0.5174097418785095,0.4001078009605407,0.8394626379013062,0.1381202936172485,0.8487586975097656,0.1296724379062652,0.8494291305541992,0.1357165426015854,0.9036127924919128,0.1031421422958374,0.7503695487976074,0.184419646859169,0.6985108256340027,0.2185471206903457,0.4756573736667633,0.4536034166812897,0.8625671863555908,0.1280576586723327,0.1549944579601287,0.6969146132469177,0.536782443523407,0.3149977624416351
43,43,train,24308,0.7390422821044922,0.2361816763877868,0.5943281054496765,0.3638378083705902,0.9230294823646544,0.1119880378246307,0.9249075651168824,0.1091611683368682,0.9212275743484496,0.1155894324183464,0.9465394020080566,0.0829406529664993,0.8815200924873352,0.1476719677448272,0.8416188955307007,0.157249629497528,0.5652379989624023,0.4121003746986389,0.9237066507339478,0.1098935380578041,0.1585891395807266,0.6936854124069214,0.5360606908798218,0.323539525270462
44,44,test,23267,0.2848658561706543,0.59914630651474,0.280863493680954,0.6186270117759705,0.3087351322174072,0.558525562286377,0.4003939926624298,0.4591439664363861,0.659512996673584,0.3077437281608581,0.825883150100708,0.1343839168548584,0.3213277161121368,0.5640820860862732,0.2883070707321167,0.6271201968193054,0.2506155967712402,0.6682111024856567,0.354817271232605,0.5351962447166443,0.2834291458129883,0.5760101079940796,0.8001362681388855,0.2054553776979446
45,45,train,23170,0.2501705884933471,0.6231654286384583,0.2701956331729889,0.6290081739425659,0.2950654923915863,0.5645523071289062,0.4186058640480041,0.4441594183444977,0.6565051674842834,0.2952328324317932,0.8347944617271423,0.1265536546707153,0.3187238276004791,0.5685871839523315,0.268493503332138,0.6478247046470642,0.2079797387123108,0.6887532472610474,0.3640744686126709,0.5290969014167786,0.2707357704639435,0.5898920893669128,0.8050874471664429,0.1993036419153213
46,46,train,23546,0.2628740966320038,0.604884922504425,0.2902162671089172,0.5993984937667847,0.3143534362316131,0.5327314138412476,0.4625502228736877,0.4035496413707733,0.6873185634613037,0.2829001545906067,0.8429701924324036,0.1246678903698921,0.3407676517963409,0.5355716347694397,0.2812187373638153,0.6167325973510742,0.219158336520195,0.6629718542098999,0.4120356738567352,0.4813589751720428,0.2568689882755279,0.5992380976676941,0.7940069437026978,0.1930919736623764
47,47,train,23377,0.3839010000228882,0.5176616311073303,0.3896028995513916,0.5146650671958923,0.623678982257843,0.2821873724460602,0.6877656579017639,0.2349691689014434,0.7452513575553894,0.2272933572530746,0.8697965145111084,0.1339408010244369,0.5446140170097351,0.3632043898105621,0.4158028066158294,0.4875394701957702,0.3101852238178253,0.5819547176361084,0.6849853992462158,0.2520541846752167,0.1796762645244598,0.6709198355674744,0.6519643664360046,0.265386551618576
48,48,train,23938,0.6516055464744568,0.2984691858291626,0.5452848672866821,0.3903235197067261,0.8896146416664124,0.1292659640312194,0.8948813676834106,0.1237328350543975,0.8873900175094604,0.1286740750074386,0.9281623363494872,0.0939958021044731,0.8234469294548035,0.1731285452842712,0.7699549198150635,0.1957038044929504,0.511059582233429,0.4428686797618866,0.8962298035621643,0.1232814416289329,0.1546030640602111,0.695127546787262,0.532939612865448,0.3225750923156738
49,49,train,23321,0.3920012414455414,0.4976829290390014,0.3974864482879638,0.4988431334495544,0.6390625238418579,0.260010302066803,0.6890661120414734,0.2216033786535263,0.7457238435745239,0.2177332937717437,0.8667381405830383,0.1320168226957321,0.5653203129768372,0.3453567028045654,0.4423544406890869,0.461246132850647,0.3159652352333069,0.5583456754684448,0.6985655426979065,0.2367122024297714,0.1761335283517837,0.67006915807724,0.6276594400405884,0.2737493515014648
50,50,train,24331,0.8458976745605469,0.1457528322935104,0.6892516016960144,0.2873757779598236,0.935877799987793,0.0983035713434219,0.934929370880127,0.0990853533148765,0.9328330755233764,0.1010530516505241,0.952050805091858,0.0755827873945236,0.9131173491477966,0.1167891696095466,0.9034306406974792,0.1090534105896949,0.6501317024230957,0.3483989536762237,0.93374764919281,0.0993030369281768,0.1870197802782058,0.6721424460411072,0.5335213541984558,0.3188232481479645
51,51,train,24563,0.2549630105495453,0.6304072737693787,0.2823721766471863,0.6153514385223389,0.315176397562027,0.5596503615379333,0.4576248824596405,0.4319327473640442,0.6734843850135803,0.2918619215488434,0.841688871383667,0.1274968981742859,0.3422453105449676,0.561761200428009,0.2790064215660095,0.6419620513916016,0.2139365822076797,0.6829438209533691,0.4050621092319488,0.5065137147903442,0.2620012164115906,0.5980345010757446,0.8033057451248169,0.1989134103059768
52,52,train,24621,0.3554514348506927,0.5421240329742432,0.371724933385849,0.53179931640625,0.577130138874054,0.3283279836177826,0.6495659947395325,0.2611457109451294,0.737562894821167,0.2431045174598693,0.8647075295448303,0.1342232376337051,0.5214136838912964,0.3931647837162018,0.3940470218658447,0.5155074596405029,0.2869588434696197,0.590380072593689,0.6594405770301819,0.2762723565101623,0.188320130109787,0.6624109148979187,0.668729305267334,0.2602580487728119
53,53,train,23543,0.2973820269107818,0.579295814037323,0.3260537385940552,0.5665786862373352,0.4136476814746856,0.4492739140987396,0.5554543137550354,0.3279601335525512,0.6859593987464905,0.2581935822963714,0.8634904623031616,0.1227604448795318,0.4195737242698669,0.4683829843997955,0.3282195329666137,0.5829007625579834,0.2464469969272613,0.6352383494377136,0.560513973236084,0.36574387550354,0.2237280458211898,0.6301708221435547,0.7553535103797913,0.2118439525365829
54,54,train,24257,0.6554522514343262,0.2998385727405548,0.5492911338806152,0.3921134173870086,0.8964715600013733,0.1292244046926498,0.9011262059211732,0.1240791454911232,0.8931513428688049,0.1315212696790695,0.932231605052948,0.0935409739613533,0.8304044008255005,0.177680566906929,0.7712913155555725,0.2022874653339386,0.5092393755912781,0.4440356492996216,0.9014496207237244,0.1240854486823082,0.1548807770013809,0.6932812929153442,0.5349093675613403,0.3233076333999634
55,55,train,23695,0.2521520853042602,0.6293402314186096,0.254870742559433,0.6408786773681641,0.2864313423633575,0.5837111473083496,0.4078510999679565,0.4534978866577148,0.657174289226532,0.3081539571285248,0.8302808403968811,0.1349891424179077,0.3142058551311493,0.5813658237457275,0.2591799795627594,0.6620949506759644,0.215225338935852,0.6958867907524109,0.3439302742481231,0.5577939748764038,0.2847571671009063,0.5743381977081299,0.8173158764839172,0.2095863670110702
56,56,train,23956,0.3573445677757263,0.5387578010559082,0.3757265210151672,0.5309734344482422,0.5666036009788513,0.3369492590427398,0.662446916103363,0.2538411021232605,0.7508225440979004,0.2360983341932296,0.8699873685836792,0.1306289136409759,0.52916419506073,0.3977513313293457,0.393174260854721,0.5159357190132141,0.2895830571651459,0.5933414697647095,0.670112669467926,0.2721939086914062,0.1916612535715103,0.6566202044487,0.6835950613021851,0.2507951557636261
57,57,test,24720,0.3912844955921173,0.5128707885742188,0.3966864347457886,0.5102971196174622,0.636821448802948,0.3064556121826172,0.7076424360275269,0.2443587183952331,0.7635858058929443,0.2399019747972488,0.8766606450080872,0.1296055018901825,0.5686120986938477,0.3726592361927032,0.4350671470165252,0.4911094009876251,0.3078883290290832,0.5811922550201416,0.7052104473114014,0.2676030397415161,0.183064267039299,0.6653134226799011,0.6733460426330566,0.2573007345199585
58,58,train,23617,0.3480691313743591,0.5310747623443604,0.3704867362976074,0.5267335176467896,0.5276352763175964,0.3396578133106231,0.6216116547584534,0.2723997831344604,0.715793788433075,0.2456806600093841,0.8700993657112122,0.131110668182373,0.4920947849750519,0.3891834020614624,0.3809927999973297,0.5113037824630737,0.2845427989959717,0.5967245697975159,0.6298794746398926,0.2860245406627655,0.1887388527393341,0.6665421724319458,0.6868555545806885,0.2529416680335998
59,59,train,23203,0.2993059158325195,0.5922620892524719,0.3276771903038025,0.5731686949729919,0.4122557938098907,0.4806907176971435,0.5692685842514038,0.3457114398479461,0.7174956202507019,0.2700534164905548,0.8559156656265259,0.1225603222846984,0.418377935886383,0.497379869222641,0.3252764940261841,0.5968171954154968,0.2385652810335159,0.6427975296974182,0.565768837928772,0.3910066485404968,0.2247930169105529,0.6283798217773438,0.7605770230293274,0.2073297500610351
60,60,train,23308,0.4772520065307617,0.4333906173706054,0.4488064050674438,0.4549331068992615,0.7536238431930542,0.188248336315155,0.7749930620193481,0.1720623821020126,0.7945461869239807,0.1803573668003082,0.883985698223114,0.119300365447998,0.6634089350700378,0.2587778568267822,0.5559265613555908,0.355417937040329,0.3836654126644134,0.5102787613868713,0.7836881279945374,0.1835840940475464,0.1572541296482086,0.6872324347496033,0.5703178644180298,0.2965484857559204
61,61,test,23639,0.4327560067176819,0.4803395271301269,0.4268953502178192,0.4845555424690246,0.6915804743766785,0.220132902264595,0.7113128900527954,0.2017673403024673,0.7537542581558228,0.2058050036430359,0.8690052032470703,0.1310064196586609,0.6055119037628174,0.3057513833045959,0.4887512624263763,0.4240871667861938,0.3530044853687286,0.5456151962280273,0.7205389142036438,0.2142665684223175,0.1647851169109344,0.6836511492729187,0.5982232093811035,0.2862876951694488
62,62,test,23947,0.2577411830425262,0.6138518452644348,0.2840306758880615,0.6090041995048523,0.3127129971981048,0.5457590222358704,0.4549320340156555,0.4109997749328613,0.6808833479881287,0.2816852033138275,0.8469955921173096,0.1247622445225715,0.3383076190948486,0.5433006882667542,0.2812510430812835,0.6285561323165894,0.2147588729858398,0.6702815294265747,0.3968664705753326,0.5004562735557556,0.2642717361450195,0.5889737606048584,0.8043691515922546,0.1877748370170593
63,63,train,24275,0.250052809715271,0.6378123164176941,0.2696313858032226,0.6336702704429626,0.2902233898639679,0.5779368281364441,0.4203807413578033,0.4433429837226867,0.6689855456352234,0.2916565835475921,0.8324112892150879,0.1306281238794326,0.3164621591567993,0.576861560344696,0.2673488855361938,0.6593968272209167,0.2152553498744964,0.699004054069519,0.3638242781162262,0.5369846820831299,0.2710073888301849,0.5892576575279236,0.8120123147964478,0.1955481171607971
64,64,train,24553,0.3721120953559875,0.512184202671051,0.3831785917282104,0.5083638429641724,0.6260899901390076,0.3015332221984863,0.6870149374008179,0.2471041232347488,0.7553614974021912,0.2351229637861251,0.8782107830047607,0.1260734647512436,0.5545008778572083,0.3719927370548248,0.4196277856826782,0.4868478178977966,0.2985637187957763,0.5658032298088074,0.6960508227348328,0.2687843441963196,0.1830963641405105,0.6594858765602112,0.6628866791725159,0.2580933570861816
65,65,test,23181,0.2594919800758362,0.622548520565033,0.2753996253013611,0.6183103322982788,0.3108183145523071,0.5564969778060913,0.4391132891178131,0.4319218397140503,0.6712528467178345,0.2895611226558685,0.8420019149780273,0.1273113042116165,0.3334846794605255,0.5549440383911133,0.2771956920623779,0.6384925246238708,0.2180815786123275,0.682658314704895,0.3810240030288696,0.5160685181617737,0.2735993564128876,0.582985520362854,0.8082602024078369,0.1951203495264053
66,66,train,24371,0.4448734819889068,0.4607444405555725,0.4346880316734314,0.4708466529846191,0.7018440961837769,0.225452184677124,0.7332189679145813,0.1990884691476822,0.7670297622680664,0.2018983662128448,0.8716816902160645,0.1313804537057876,0.6183491945266724,0.3018827438354492,0.4971880316734314,0.4098609685897827,0.361430287361145,0.5363940000534058,0.7320590019226074,0.2143061012029647,0.1654453426599502,0.6845697164535522,0.6046344041824341,0.2820724844932556
67,67,train,24018,0.590194821357727,0.3580259382724762,0.5150790214538574,0.4116764068603515,0.8572148084640503,0.149467721581459,0.8673377633094788,0.1400724500417709,0.8627254366874695,0.1486035287380218,0.9181848168373108,0.1008043363690376,0.7789438366889954,0.2118562012910843,0.6867336630821228,0.2691781222820282,0.4675020575523376,0.4687431752681732,0.8700934052467346,0.1425918489694595,0.1536269336938858,0.6981410980224609,0.5497931241989136,0.3137492537498474
68,68,train,23045,0.3109174966812134,0.5774765610694885,0.3399015963077545,0.5579418540000916,0.4424100518226623,0.4494303166866302,0.5942772030830383,0.3253530263900757,0.7224738597869873,0.269008994102478,0.8601614236831665,0.1260311752557754,0.4402393698692322,0.4712008535861969,0.3362838923931122,0.570135235786438,0.2482441216707229,0.6171635389328003,0.5909032821655273,0.3603214025497436,0.2177026718854904,0.625123143196106,0.748461902141571,0.2175348401069641
69,69,test,23282,0.5690433979034424,0.3667879104614258,0.5017483830451965,0.4213559925556183,0.8459045886993408,0.1508733481168747,0.8511471152305603,0.1441570520401001,0.8507441878318787,0.1527042984962463,0.9091634154319764,0.1057123616337776,0.7573099732398987,0.2101722806692123,0.6773821711540222,0.2566640377044678,0.4618297815322876,0.4720494747161865,0.8606526255607605,0.1445945501327514,0.1535838097333908,0.6967596411705017,0.539028525352478,0.3166801929473877
70,70,train,24344,0.3073558807373047,0.5701304078102112,0.3362845182418823,0.5566429495811462,0.4443618059158325,0.4223703444004059,0.5764758586883545,0.3049368858337402,0.7102383375167847,0.2557589411735534,0.8594503998756409,0.1287326514720916,0.4346994757652282,0.4560603499412536,0.3355357348918915,0.5700912475585938,0.2510339021682739,0.6159130930900574,0.587378203868866,0.3382101655006408,0.2079925686120987,0.6388289928436279,0.7300089597702026,0.2252637594938278
71,71,train,24173,0.2654227018356323,0.6203113198280334,0.2651707530021667,0.6326079368591309,0.2949165105819702,0.5833944082260132,0.3831712603569031,0.4875767529010772,0.6592511534690857,0.3150980472564697,0.8203714489936829,0.1496234089136123,0.3125171661376953,0.5817981958389282,0.2727325558662414,0.6460858583450317,0.2270163893699646,0.6812254190444946,0.3316913247108459,0.5726157426834106,0.282868891954422,0.5761586427688599,0.7995902299880981,0.2178515642881393
72,72,train,24545,0.3467727601528168,0.5504515171051025,0.3489086627960205,0.5685588121414185,0.371806651353836,0.5297850370407104,0.4105186462402344,0.4848164916038513,0.5648630857467651,0.3795915246009826,0.6730219125747681,0.2739711403846741,0.3857853412628174,0.5240894556045532,0.3643288612365722,0.566765308380127,0.3352408707141876,0.5952059626579285,0.3800395429134369,0.5169246196746826,0.3201048672199249,0.5593076348304749,0.5850334167480469,0.3142354786396026
73,73,train,23957,0.3586339056491852,0.5289590954780579,0.3758413791656494,0.5223383903503418,0.5488723516464233,0.3185857534408569,0.6262577772140503,0.2523119151592254,0.7118101716041565,0.2349124997854232,0.8619421720504761,0.1354781538248062,0.5073882937431335,0.3769621849060058,0.3978491127490997,0.5015860199928284,0.2935490012168884,0.5924177169799805,0.6318143010139465,0.26990407705307,0.1889328509569168,0.6664614677429199,0.6780691742897034,0.2561483681201935
74,74,train,24083,0.2981297373771667,0.5716891288757324,0.329709529876709,0.5624860525131226,0.4131124913692474,0.4384670555591583,0.561180055141449,0.3184605538845062,0.7061807513237,0.2597235739231109,0.8597159385681152,0.1218380630016326,0.422053724527359,0.4612792730331421,0.3266900181770324,0.5776265263557434,0.2436756938695907,0.6270691156387329,0.5584927201271057,0.3623271286487579,0.2250852882862091,0.62742680311203,0.7558809518814087,0.2154709249734878
75,75,test,23157,0.2619071304798126,0.6174708604812622,0.2662529349327087,0.635763943195343,0.2928546071052551,0.5766276717185974,0.3989303708076477,0.4629203677177429,0.6453016400337219,0.3071674406528473,0.8313960433006287,0.1322973370552063,0.3089554905891418,0.5858646035194397,0.2661979496479034,0.6504273414611816,0.2245441824197769,0.6846200227737427,0.3377248644828796,0.5610561966896057,0.2799021005630493,0.5760642886161804,0.8076865077018738,0.2082478404045105
76,76,test,24114,0.3353751301765442,0.5458795428276062,0.359656810760498,0.5365601778030396,0.5108242034912109,0.3636579215526581,0.6147576570510864,0.2754390239715576,0.7247109413146973,0.2446425259113311,0.864274263381958,0.1300937980413437,0.4785076081752777,0.4126870930194855,0.3702857196331024,0.5331053733825684,0.2717563211917877,0.595005452632904,0.6271905899047852,0.2960139513015747,0.1968457400798797,0.6525536179542542,0.7025139331817627,0.2406504899263382
77,77,train,24191,0.494349330663681,0.4373829662799835,0.4640341997146606,0.4562318325042724,0.7787017226219177,0.1993680894374847,0.8083305358886719,0.1754498332738876,0.824550211429596,0.1847618222236633,0.8958803415298462,0.1160994619131088,0.682116687297821,0.285335510969162,0.5607983469963074,0.3815647661685943,0.3915696442127228,0.5131197571754456,0.8054524660110474,0.1912553012371063,0.1570432186126709,0.689919650554657,0.5829527378082275,0.2934844195842743
78,78,train,23452,0.3810618817806244,0.5149120688438416,0.38607057929039,0.5130642652511597,0.6063249707221985,0.2859247922897339,0.6616227030754089,0.234938770532608,0.7322366237640381,0.2254178076982498,0.870061993598938,0.1312161535024643,0.5466911792755127,0.358714759349823,0.4189230799674988,0.4918802380561828,0.3061388432979584,0.5841306447982788,0.6652016639709473,0.2556617558002472,0.1810137331485748,0.6739775538444519,0.6554479598999023,0.2642213404178619
79,79,test,23355,0.608045756816864,0.3214712738990783,0.5241230726242065,0.3984622657299042,0.8699439167976379,0.128806471824646,0.8738896250724792,0.1229778155684471,0.8665382266044617,0.1304741650819778,0.9200366735458374,0.0925913006067276,0.7855507135391235,0.180413469672203,0.7218844890594482,0.2203087210655212,0.4806938767433166,0.451943963766098,0.8778926134109497,0.1240320950746536,0.1550057828426361,0.6939687728881836,0.5371362566947937,0.3157810270786285
80,80,train,24358,0.2795560657978058,0.5906131267547607,0.3102553784847259,0.5711705088615417,0.3557268381118774,0.4882245063781738,0.505573034286499,0.3583651781082153,0.6870082020759583,0.274698942899704,0.8492487072944641,0.1271823644638061,0.3731971383094787,0.4970936179161072,0.3017029166221618,0.5942135453224182,0.2306810617446899,0.6382056474685669,0.4927575588226318,0.4095081388950348,0.2353446632623672,0.6152338981628418,0.7688509821891785,0.2039530724287033
81,81,train,24354,0.3371536433696747,0.5533260703086853,0.3602832853794098,0.5457746386528015,0.5228003859519958,0.3802265226840973,0.6282463073730469,0.2870856523513794,0.7284058928489685,0.2469135969877243,0.8679866194725037,0.126696690917015,0.5030878186225891,0.4192768633365631,0.3768149018287658,0.5413732528686523,0.2731180787086487,0.6098779439926147,0.6363018155097961,0.3078214228153229,0.207631453871727,0.6419457793235779,0.7184981107711792,0.2378982752561569
82,82,test,23159,0.4095076322555542,0.4797035157680511,0.4108742773532867,0.4869602918624878,0.6819313168525696,0.2313406020402908,0.7207841873168945,0.2038244903087616,0.7603467106819153,0.2061529606580734,0.8717179298400879,0.1308598667383194,0.5964681506156921,0.3095422387123108,0.4738482236862182,0.4265839457511902,0.3379226922988891,0.5425496697425842,0.728402316570282,0.2210258394479751,0.1703171730041504,0.6786507368087769,0.6009565591812134,0.2866177856922149
83,83,train,24335,0.260315865278244,0.6137393712997437,0.2873849272727966,0.5946916937828064,0.3198850750923157,0.5320243239402771,0.4655463993549347,0.3960275948047638,0.6652479767799377,0.2801514565944671,0.8344244956970215,0.129435122013092,0.3421798646450043,0.53365159034729,0.2825378477573395,0.6187618970870972,0.2126693874597549,0.657442033290863,0.4225511848926544,0.4772467911243438,0.2481422275304794,0.5987918376922607,0.7895963191986084,0.1955477148294448
84,84,train,24736,0.5340951085090637,0.3921095430850982,0.483301430940628,0.4288852512836456,0.7968392372131348,0.1713622361421585,0.816017746925354,0.15785613656044,0.820239782333374,0.1663127839565277,0.8892381191253662,0.1169262453913688,0.7114513516426086,0.2339410632848739,0.6145431995391846,0.3052774667739868,0.4275375306606293,0.4881778359413147,0.816992998123169,0.1642812937498092,0.1555376201868057,0.6929576992988586,0.5543239712715149,0.308227002620697
85,85,train,23015,0.3087738454341888,0.5728471875190735,0.3299592137336731,0.5570598244667053,0.4409306049346924,0.4359086155891418,0.5684897303581238,0.3206798732280731,0.6945099830627441,0.2658350765705108,0.854352593421936,0.1319844871759414,0.4361920058727264,0.46607106924057,0.3363662362098694,0.5660633444786072,0.2467399090528488,0.6170123219490051,0.582007646560669,0.3486166596412658,0.2104326039552688,0.6326628923416138,0.7338272929191589,0.2209822386503219
86,86,train,24670,0.2748230695724487,0.5923216342926025,0.3023028671741485,0.5789800882339478,0.3473654091358185,0.4991505444049835,0.4958096742630005,0.3727848827838897,0.6907594203948975,0.2752166092395782,0.8473824262619019,0.1230080127716064,0.3669486045837402,0.5107305645942688,0.29407399892807,0.5998681783676147,0.22395820915699,0.6480045318603516,0.4764341711997986,0.4327623248100281,0.2417473793029785,0.6086922287940979,0.7768509984016418,0.1991187334060669
87,87,train,23770,0.5138108134269714,0.4055698215961456,0.4723497331142425,0.4372951686382293,0.7855032086372375,0.179097443819046,0.8003513216972351,0.1670414805412292,0.8130582571029663,0.1762100607156753,0.8871906995773315,0.1240933761000633,0.7053213715553284,0.2450875043869018,0.6185794472694397,0.3214760720729828,0.4002155065536499,0.485988974571228,0.8112320303916931,0.1735024154186248,0.1571844667196273,0.687994658946991,0.5660936832427979,0.3040763735771179
88,88,train,23286,0.5471479892730713,0.378313273191452,0.4963277578353882,0.4160926640033722,0.7901242971420288,0.1644223034381866,0.8067588210105896,0.1524302661418914,0.8179035782814026,0.1568487882614135,0.8919467926025391,0.1113884970545768,0.7148098349571228,0.2198351323604583,0.6370795965194702,0.2889743745326996,0.4432453513145447,0.4775168895721435,0.8199627995491028,0.1561770439147949,0.1580946147441864,0.6923686861991882,0.5575801134109497,0.3071548342704773
89,89,test,23418,0.3553526401519775,0.5340432524681091,0.37010657787323,0.5311622619628906,0.550918698310852,0.3245021998882293,0.6293265223503113,0.2580170631408691,0.7228564023971558,0.2290793657302856,0.8619418144226074,0.1346547454595565,0.5087955594062805,0.3776353895664215,0.3915598690509796,0.5068491697311401,0.2826325893402099,0.5988569855690002,0.6447280049324036,0.2706004977226257,0.1895436942577362,0.6664004325866699,0.6807748079299927,0.2524311244487762
90,90,train,23802,0.2522169947624206,0.6265137195587158,0.2599963545799255,0.6352913975715637,0.2913158237934112,0.5674618482589722,0.4085630774497986,0.4455399215221405,0.6556746959686279,0.2968402504920959,0.8286213874816895,0.130905881524086,0.3107125759124756,0.5757783651351929,0.2657820880413055,0.6476655602455139,0.2154654115438461,0.6870006322860718,0.3496692180633545,0.5329629182815552,0.2771494686603546,0.5737147331237793,0.818702220916748,0.1969880610704422
91,91,train,23786,0.6908240914344788,0.2667042016983032,0.5695691108703613,0.3733452260494232,0.9001189470291138,0.1188279017806053,0.9047292470932008,0.113157570362091,0.9039453864097596,0.1158496960997581,0.9359890222549438,0.0866295769810676,0.8397278785705566,0.1498710215091705,0.804284393787384,0.168251559138298,0.5347242951393127,0.4265772402286529,0.9087436199188232,0.111830286681652,0.1589543223381042,0.6925479769706726,0.5299239158630371,0.3238798081874847
92,92,train,24633,0.3528896868228912,0.544791042804718,0.3698586821556091,0.5356013178825378,0.5719963312149048,0.3471080660820007,0.6771806478500366,0.2611871361732483,0.7521684169769287,0.239762395620346,0.8753846287727356,0.1243132427334785,0.5197821855545044,0.4098885953426361,0.3865861892700195,0.5268226861953735,0.2807199954986572,0.5984358191490173,0.6734485030174255,0.2836646735668182,0.1949602365493774,0.6500559449195862,0.6956345438957214,0.2475196123123169
93,93,train,23326,0.2684501409530639,0.6078271865844727,0.301840603351593,0.5871956944465637,0.3280661702156067,0.5242155194282532,0.4799879789352417,0.3825761377811432,0.6888822913169861,0.2734381556510925,0.8454545140266418,0.1248170584440231,0.3517504334449768,0.527188777923584,0.2919685840606689,0.6107320785522461,0.2230241447687149,0.6506493091583252,0.4598484635353088,0.4433304667472839,0.2369074672460556,0.6135613918304443,0.7770232558250427,0.1987394541501999
94,94,train,24217,0.2487275451421737,0.6330428719520569,0.2685983180999756,0.6317521929740906,0.2915243804454803,0.5742303133010864,0.4254463016986847,0.4367290139198303,0.6705793738365173,0.2940311729907989,0.8378371596336365,0.1281047016382217,0.3210752606391907,0.5676844120025635,0.2686631679534912,0.6526179909706116,0.2125917077064514,0.694739043712616,0.3601710796356201,0.5355316996574402,0.2739468216896057,0.5828289985656738,0.8137481808662415,0.1974793821573257
95,95,train,23008,0.3847478330135345,0.528549075126648,0.3950952589511871,0.5195100903511047,0.6083988547325134,0.3212989568710327,0.6913057565689087,0.2616753578186035,0.7587702870368958,0.2456271350383758,0.8784888982772827,0.1270256638526916,0.537388801574707,0.3913642466068268,0.417337030172348,0.4994412958621979,0.3105820715427398,0.5818692445755005,0.6852986812591553,0.2787548303604126,0.1826183497905731,0.671839714050293,0.654908299446106,0.2665416300296783
96,96,train,22970,0.2619111239910126,0.623973548412323,0.2937883138656616,0.6053972244262695,0.3186676800251007,0.5519697666168213,0.4700438678264618,0.4085752367973327,0.703395426273346,0.2762800753116607,0.8438418507575989,0.1256634443998336,0.3346263170242309,0.5561681389808655,0.2832660675048828,0.6302651762962341,0.2208377420902252,0.6745917797088623,0.4165570735931396,0.4881116151809692,0.2514429092407226,0.5966228246688843,0.7957209348678589,0.1944598853588104
97,97,train,24540,0.7713231444358826,0.1986531615257263,0.6228035092353821,0.3402652442455292,0.9220650792121888,0.1088855117559433,0.9225698113441468,0.1077791377902031,0.9197869896888732,0.1103788837790489,0.9437189102172852,0.0814622566103935,0.8849449157714844,0.1375360786914825,0.8565689921379089,0.1416061669588089,0.588336169719696,0.393535315990448,0.9215893745422364,0.1067986413836479,0.1667534857988357,0.6865668296813965,0.530601978302002,0.3230015635490417
98,98,train,23562,0.3698068261146545,0.519010066986084,0.3817839026451111,0.5151560306549072,0.5646377801895142,0.2833890318870544,0.6270204186439514,0.23262619972229,0.7140096426010132,0.2210375368595123,0.8693137168884277,0.1269751936197281,0.5059104561805725,0.3626244664192199,0.3994961380958557,0.4874374866485595,0.299964427947998,0.5847825407981873,0.6279865503311157,0.2512531876564026,0.1808315217494964,0.6667675375938416,0.6616474986076355,0.2604507505893707
99,99,train,24654,0.2659229040145874,0.6163838505744934,0.2675966918468475,0.6346740126609802,0.2962930798530578,0.5788093209266663,0.3909170925617218,0.4780777096748352,0.6467374563217163,0.3138217628002167,0.8149835467338562,0.145444706082344,0.3159569203853607,0.5810151100158691,0.2700382173061371,0.6498509645462036,0.2303818613290786,0.6856407523155212,0.3429682850837707,0.5644943714141846,0.280723363161087,0.5741589665412903,0.7999606132507324,0.2238584160804748
100,100,train,24150,0.3131013810634613,0.5610709190368652,0.3342022597789764,0.5480213761329651,0.5062835216522217,0.3976131677627563,0.634293258190155,0.2995077073574066,0.7409927248954773,0.2587959468364715,0.8648562431335449,0.1265995502471923,0.4703026711940765,0.4461912512779236,0.3421944379806518,0.5577092170715332,0.2475481331348419,0.6056119799613953,0.6425448656082153,0.3273323774337768,0.2035476714372635,0.6376078724861145,0.7221076488494873,0.2283278703689575
101,101,train,23175,0.2970896661281585,0.5775060653686523,0.3224563002586365,0.5639454126358032,0.408461719751358,0.4688345491886139,0.5459760427474976,0.3464307487010956,0.6974414587020874,0.270201712846756,0.8571372032165527,0.1245317161083221,0.4156410694122314,0.4865496158599853,0.3254798948764801,0.5820564031600952,0.2348018586635589,0.6256746649742126,0.5522376894950867,0.385974645614624,0.2266725301742553,0.6169884204864502,0.7670396566390991,0.204811155796051
102,102,test,22972,0.2498089969158172,0.633545458316803,0.255044013261795,0.6449100375175476,0.2867103517055511,0.5728237628936768,0.4078245162963867,0.4557958841323852,0.6614245176315308,0.3024397194385528,0.8329038619995117,0.1317916214466095,0.3054635226726532,0.5773563385009766,0.2625108063220978,0.6610007882118225,0.211543396115303,0.6942924857139587,0.3433363437652588,0.541165828704834,0.2761856317520141,0.5718017220497131,0.8155000805854797,0.2030286192893982
103,103,test,23171,0.2609371542930603,0.6409031748771667,0.2610167562961578,0.6424515247344971,0.3038246035575866,0.5906796455383301,0.4077338278293609,0.4643396139144897,0.6512582898139954,0.3029117882251739,0.8258000016212463,0.1357133090496063,0.3134071826934814,0.5990258455276489,0.2752601206302643,0.6573985815048218,0.2196706235408783,0.6995817422866821,0.3588013052940368,0.5525264739990234,0.2712908983230591,0.5791515111923218,0.8089169859886169,0.2078612893819809
104,104,train,23719,0.3046646416187286,0.5687724947929382,0.3274753391742706,0.553844690322876,0.4451044201850891,0.4324497282505035,0.5839188694953918,0.3074285984039306,0.7154396176338196,0.2542716264724731,0.852715015411377,0.1304739266633987,0.4464462101459503,0.4569487273693084,0.3363600671291351,0.5650240778923035,0.2447906136512756,0.6104416847229004,0.5983133912086487,0.3386975526809692,0.2123549431562423,0.6334888935089111,0.7342665791511536,0.2228332608938217
105,105,test,23193,0.406914472579956,0.4817704260349273,0.411677211523056,0.4856151938438415,0.6692319512367249,0.2383434474468231,0.7162855863571167,0.2089726328849792,0.7656302452087402,0.2050172686576843,0.8777008056640625,0.1280122548341751,0.5794726610183716,0.3109355270862579,0.4664317071437835,0.4206759929656982,0.337451159954071,0.5478426218032837,0.719454288482666,0.2276627719402313,0.1638388931751251,0.6855989098548889,0.6031432747840881,0.2838565111160278
106,106,train,24479,0.2668534517288208,0.5996131300926208,0.2971021831035614,0.5849084854125977,0.3353537917137146,0.5148924589157104,0.4946277737617492,0.3791197836399078,0.702053964138031,0.2733189463615417,0.8488729000091553,0.1223852634429931,0.3674216866493225,0.5150175094604492,0.2899136841297149,0.608185887336731,0.2184715420007705,0.6535090208053589,0.4744615852832794,0.439077079296112,0.2425460964441299,0.6085453033447266,0.7808981537818909,0.1993150562047958
107,107,train,24620,0.5480806827545166,0.3869036436080932,0.4911781847476959,0.426443874835968,0.8298816680908203,0.1720668077468872,0.8504777550697327,0.1578666716814041,0.8508949875831604,0.1668353378772735,0.9050527215003968,0.1115583255887031,0.7437693476676941,0.2409619688987732,0.6438206434249878,0.3067480325698852,0.4243644475936889,0.4815741777420044,0.8444468379020691,0.1669113039970398,0.1493425369262695,0.6954236626625061,0.5487884283065796,0.309724897146225
108,108,train,24396,0.3779809474945068,0.5085569024085999,0.3874170780181885,0.5048631429672241,0.5940822958946228,0.2812305688858032,0.6526449918746948,0.2369754314422607,0.7315118908882141,0.2278904914855957,0.8652824759483337,0.1318467706441879,0.5309534668922424,0.3538813889026642,0.4153851270675659,0.4790140390396118,0.3051000237464905,0.5726402997970581,0.664639413356781,0.252837210893631,0.1829501539468765,0.6675235629081726,0.6514392495155334,0.265876293182373
109,109,train,24156,0.2549804151058197,0.6174516677856445,0.2638451159000397,0.6340521574020386,0.2861890792846679,0.5755743980407715,0.3791742324829101,0.478145033121109,0.6545681953430176,0.3089607954025268,0.8216292858123779,0.1422854512929916,0.3088602721691131,0.579290509223938,0.2695862948894501,0.6444563865661621,0.221019759774208,0.6858541965484619,0.3250560462474823,0.5755616426467896,0.2792506515979767,0.5783079862594604,0.809114933013916,0.2118189036846161
110,110,train,23332,0.3873815536499023,0.509017288684845,0.3891834020614624,0.5131520628929138,0.6728096604347229,0.2830370664596557,0.7311455607414246,0.2381315380334854,0.764536440372467,0.2381782978773117,0.8811191916465759,0.1254755705595016,0.586971640586853,0.3679296374320984,0.4330035150051117,0.486042857170105,0.3105972409248352,0.5751135349273682,0.7233979105949402,0.2602630853652954,0.1747006773948669,0.6761422753334045,0.6451767683029175,0.2671508491039276
111,111,train,23035,0.3153786659240722,0.5587128400802612,0.3426207304000854,0.5498799681663513,0.4743692874908447,0.3929163515567779,0.5926132798194885,0.2895194590091705,0.7161555290222168,0.2483914643526077,0.8598421812057495,0.1304561644792556,0.4551257193088531,0.434228241443634,0.3448854982852936,0.5592442750930786,0.2542479038238525,0.6107189059257507,0.6038314700126648,0.317578375339508,0.2019980996847152,0.6444035172462463,0.7283563017845154,0.2258472889661789
112,112,train,23857,0.3200166523456573,0.5653654932975769,0.3420662879943847,0.5480515956878662,0.4811155200004577,0.3990318775177002,0.6087067723274231,0.2929065227508545,0.7237577438354492,0.2595329582691192,0.8637983798980713,0.1296983361244201,0.4653167724609375,0.4402476549148559,0.3519934415817261,0.557498037815094,0.2564342319965362,0.6081352233886719,0.6068238615989685,0.3252957761287689,0.2044819742441177,0.6412543058395386,0.7236635684967041,0.2308695465326309
113,113,train,24225,0.5802971124649048,0.3553754091262817,0.5058467984199524,0.4162751734256744,0.8599749207496643,0.1350416988134384,0.8654846549034119,0.1284480541944503,0.8580074906349182,0.138069748878479,0.9158269166946412,0.0968319699168205,0.7676222920417786,0.1932828873395919,0.6865838766098022,0.2425747364759445,0.4653679430484772,0.4709123373031616,0.8694742321968079,0.1322316825389862,0.1501571834087371,0.6997957229614258,0.5374371409416199,0.3168450593948364
114,114,train,23762,0.3126498758792877,0.5653616189956665,0.3383068442344665,0.5538343787193298,0.4390234053134918,0.4255450665950775,0.5650613307952881,0.3144884705543518,0.6942533850669861,0.2599810361862182,0.8628589510917664,0.1270374059677124,0.4374498426914215,0.4527660310268402,0.3395707607269287,0.5619566440582275,0.2539351880550384,0.61686772108078,0.5780178308486938,0.3370498418807983,0.211244910955429,0.6407784223556519,0.7277743220329285,0.2294559180736541
115,115,test,23654,0.262464314699173,0.6252427697181702,0.2944794297218323,0.606559693813324,0.3281483650207519,0.5474961996078491,0.4762288331985473,0.4028242826461792,0.6717924475669861,0.2817440927028656,0.8484889268875122,0.1253689974546432,0.3563534021377563,0.5383352041244507,0.287302553653717,0.6334389448165894,0.2168899476528167,0.6746281981468201,0.4299179911613464,0.4773257076740265,0.2502093315124511,0.6043002009391785,0.8020408749580383,0.1956515461206436
116,116,train,24659,0.3264658153057098,0.5445061326026917,0.3503240644931793,0.5366001725196838,0.4790647029876709,0.4041921198368072,0.6228708624839783,0.2999510169029236,0.7396137118339539,0.2548365890979767,0.8698399066925049,0.1232503801584243,0.4663437306880951,0.4332699477672577,0.3558148741722107,0.5356389880180359,0.2630158364772796,0.5941520929336548,0.6297518014907837,0.3240553140640259,0.2102893888950348,0.6322864294052124,0.7428672313690186,0.222537100315094
117,117,train,23456,0.7857387065887451,0.1880499571561813,0.6395339369773865,0.3299359083175659,0.9245493412017822,0.1037610247731208,0.9249796271324158,0.1028940230607986,0.9243104457855223,0.1042270362377166,0.9457456469535828,0.078070655465126,0.8917617797851562,0.1284026205539703,0.870904266834259,0.1284455358982086,0.6015552282333374,0.3867245614528656,0.9259798526763916,0.1020993366837501,0.1705875545740127,0.6836402416229248,0.5303812623023987,0.3246385157108307
118,118,train,24570,0.2971169352531433,0.5865957736968994,0.3217416107654571,0.5707208514213562,0.4196313619613647,0.4588006436824798,0.5604733228683472,0.3386217057704925,0.6959123611450195,0.2696635127067566,0.8624863624572754,0.124055877327919,0.4270306825637817,0.4782859086990356,0.3272967934608459,0.5891812443733215,0.2386088967323303,0.6416011452674866,0.5556377172470093,0.3742932677268982,0.2252610474824905,0.6278212666511536,0.756843090057373,0.2198977917432785
119,119,train,23676,0.4506441652774811,0.4539463818073272,0.4345726072788238,0.4760587811470032,0.7510551810264587,0.2002505213022232,0.7795256972312927,0.1783445030450821,0.8044664263725281,0.1889063864946365,0.888500988483429,0.1180038973689079,0.6509807109832764,0.2880387902259826,0.5146730542182922,0.4050147533416748,0.3597395718097687,0.5302674770355225,0.7757351994514465,0.1960511803627014,0.1628882884979248,0.6839412450790405,0.6023834347724915,0.2836061120033264
120,120,train,24085,0.2532193064689636,0.6194851398468018,0.2559746205806732,0.6310771703720093,0.2892449498176574,0.5591006278991699,0.3936792910099029,0.4530129134654999,0.6499887704849243,0.2966270446777344,0.8312760591506958,0.1261708587408065,0.2986721992492676,0.581930935382843,0.2638404667377472,0.6443657279014587,0.2120620012283325,0.6815701127052307,0.3403833210468292,0.5448808073997498,0.27569580078125,0.5748273134231567,0.8108347654342651,0.2011623531579971
121,121,test,23295,0.3782576620578766,0.5012206435203552,0.3935434222221374,0.5035856366157532,0.6300770044326782,0.2675765454769134,0.6823194026947021,0.2247706353664398,0.7530635595321655,0.2241428047418594,0.8723549842834473,0.1276319473981857,0.5517662167549133,0.3524300754070282,0.4181325137615204,0.4730313718318939,0.3090114295482635,0.5633665323257446,0.6841002702713013,0.2429853975772857,0.1833061128854751,0.660742998123169,0.6592023372650146,0.2586536407470703
122,122,train,24469,0.5537621378898621,0.3807391822338104,0.4960190057754516,0.4251080453395843,0.8410625457763672,0.1505829691886901,0.8514977693557739,0.1428485959768295,0.854106068611145,0.1493355482816696,0.909434735774994,0.1028325110673904,0.7389543056488037,0.21967214345932,0.6544037461280823,0.277036041021347,0.4474068284034729,0.4836670458316803,0.8567287921905518,0.1453112363815307,0.1552638262510299,0.6940717101097107,0.5452090501785278,0.3137959837913513
123,123,train,24309,0.2503315210342407,0.6219460964202881,0.2810874283313751,0.6051118969917297,0.3032916188240051,0.5465509295463562,0.450862169265747,0.4055435359477997,0.6826131939888,0.2786178290843963,0.8440489172935486,0.1243943572044372,0.3251108229160309,0.5459515452384949,0.2743809223175049,0.6278091669082642,0.2102527320384979,0.6688103079795837,0.4065984487533569,0.4913325309753418,0.2555459141731262,0.5908941626548767,0.7984707951545715,0.1862813085317611
124,124,train,24508,0.4246199429035187,0.4804646968841553,0.4269498288631439,0.484601765871048,0.6792554259300232,0.2414237409830093,0.724673330783844,0.2065729796886444,0.7821483016014099,0.2075884789228439,0.8862519860267639,0.1286024749279022,0.5906298160552979,0.3261250853538513,0.4749879240989685,0.437625378370285,0.3459793627262115,0.5525789856910706,0.7284190654754639,0.2255566269159317,0.1747633218765258,0.6771515011787415,0.6265838146209717,0.2793283760547638
125,125,train,23351,0.4232872128486633,0.487613707780838,0.4228555262088775,0.4919759929180145,0.6670109629631042,0.25110524892807,0.7154034376144409,0.2150932401418686,0.770452082157135,0.2133037745952606,0.878998875617981,0.1261916905641555,0.5917383432388306,0.3328563868999481,0.4606282413005829,0.4560741186141968,0.338715523481369,0.5649067163467407,0.71868896484375,0.2325581759214401,0.1717205494642257,0.6818497776985168,0.6324973702430725,0.2747276723384857
126,126,train,23754,0.7752249240875244,0.1854532659053802,0.6327880620956421,0.327966958284378,0.922142207622528,0.1031180769205093,0.9226154685020448,0.1022089943289756,0.9207143187522888,0.1028850451111793,0.9448967576026917,0.076395958662033,0.8881465196609497,0.1265983134508133,0.8687198162078857,0.1266303956508636,0.5977203249931335,0.3851842582225799,0.923143208026886,0.1018202006816864,0.1701914817094802,0.6826165318489075,0.5279829502105713,0.3233970999717712
127,127,train,24607,0.3759513199329376,0.4950561821460724,0.3856736123561859,0.5000080466270447,0.6044827103614807,0.2733378410339355,0.6624993681907654,0.2297056019306183,0.7328416705131531,0.2215259373188018,0.8691593408584595,0.1313667744398117,0.5400170087814331,0.34047731757164,0.4269765317440033,0.4600232243537903,0.3025020360946655,0.5573421716690063,0.6718697547912598,0.2450543940067291,0.1822955906391143,0.6622045040130615,0.6436164379119873,0.2634682953357696
128,128,train,23274,0.430621474981308,0.4857028126716614,0.4298215210437774,0.4847433567047119,0.6912951469421387,0.2557494342327118,0.7477145195007324,0.2202514410018921,0.7854865193367004,0.2196008414030075,0.888513445854187,0.1234896406531333,0.6034585237503052,0.3400483429431915,0.4750229120254516,0.4473811686038971,0.344518631696701,0.5538743138313293,0.7442814707756042,0.2360466569662094,0.1706174314022064,0.6818830966949463,0.6207383871078491,0.2813493907451629
129,129,train,23442,0.3133993446826935,0.5774708390235901,0.3408459424972534,0.5579753518104553,0.4698038399219513,0.4224694371223449,0.605106770992279,0.3059833347797394,0.7144412994384766,0.2570323944091797,0.8674090504646301,0.1240633204579353,0.4561493396759033,0.4578547477722168,0.3490640521049499,0.5689449310302734,0.2546602189540863,0.627223551273346,0.6112059354782104,0.334139347076416,0.212844043970108,0.6411001086235046,0.73080974817276,0.2270019501447677
130,130,test,23731,0.2845061719417572,0.5955055356025696,0.3079094290733337,0.5721169114112854,0.3799874782562256,0.4884022176265716,0.541447639465332,0.3491955697536468,0.7032909393310547,0.2679341733455658,0.8484756350517273,0.1282040476799011,0.3971280753612518,0.497475802898407,0.3131272792816162,0.5980275869369507,0.2274557054042816,0.6367703080177307,0.5393989086151123,0.398800790309906,0.2331731170415878,0.6148961186408997,0.7696256637573242,0.2045762985944748
131,131,test,24360,0.2837682068347931,0.6012473702430725,0.3149174749851227,0.5782726407051086,0.3745484054088592,0.4911847412586212,0.5325580835342407,0.3517375886440277,0.7118843197822571,0.2676511108875274,0.8517366051673889,0.1272431910037994,0.3879216313362121,0.5018064975738525,0.3088274598121643,0.5956805944442749,0.2339937388896942,0.646716296672821,0.5250019431114197,0.3964319825172424,0.229594886302948,0.6226826906204224,0.7618125677108765,0.210204467177391
132,132,train,24192,0.4453766047954559,0.4808719456195831,0.4354973435401916,0.482823371887207,0.7301700711250305,0.2550604939460754,0.7759084701538086,0.2247637659311294,0.797572672367096,0.2281594276428222,0.8906432390213013,0.1286545991897583,0.638388991355896,0.3427671194076538,0.5064327716827393,0.4357491135597229,0.3607913255691528,0.5392319560050964,0.7727898359298706,0.2408783882856369,0.1682590693235397,0.6804953217506409,0.6083623766899109,0.2874631881713867
133,133,train,24069,0.2979116141796112,0.5827028155326843,0.3239436149597168,0.5653995871543884,0.4010544717311859,0.4692319631576538,0.5672280788421631,0.3403498828411102,0.7157971262931824,0.2735950052738189,0.8575454354286194,0.1268516331911087,0.4099722504615783,0.4880096614360809,0.3199613392353058,0.5834682583808899,0.2393438667058944,0.6273907423019409,0.5614113807678223,0.3751100301742553,0.2180476039648056,0.6280378699302673,0.752631425857544,0.2154397368431091
134,134,train,23443,0.2521790862083435,0.6139795780181885,0.2536346614360809,0.630000650882721,0.2786641120910644,0.5713596343994141,0.3924652934074402,0.4570441246032715,0.6591103672981262,0.3009463846683502,0.8223345875740051,0.1345827728509903,0.3037673532962799,0.5786963701248169,0.2590253353118896,0.6478723883628845,0.2147821635007858,0.6813014149665833,0.3300358355045318,0.5621751546859741,0.2739756107330322,0.576068103313446,0.807888925075531,0.2065368890762329
135,135,train,23196,0.2593352496623993,0.6310505270957947,0.2653885185718536,0.630475640296936,0.2972266376018524,0.5722028017044067,0.4145920276641845,0.4588149487972259,0.666863739490509,0.2937296628952026,0.8344759345054626,0.1278721243143081,0.3208853006362915,0.5660603642463684,0.2696631550788879,0.6522154211997986,0.2157610207796096,0.6899812817573547,0.353309154510498,0.5439374446868896,0.279008537530899,0.5785890221595764,0.8123955726623535,0.1973023861646652
136,136,train,23303,0.2677478790283203,0.6206376552581787,0.2588243782520294,0.6427660584449768,0.2935731709003448,0.5683121085166931,0.3916976451873779,0.4727425873279571,0.6357468962669373,0.3155062198638916,0.8234614729881287,0.1425680816173553,0.3109200894832611,0.5749008059501648,0.2692935168743133,0.6461546421051025,0.2295668125152588,0.6872794032096863,0.3353793621063232,0.5529643297195435,0.2804447114467621,0.5773621797561646,0.8090044856071472,0.2123355120420456
137,137,train,24030,0.7677640318870544,0.2048524916172027,0.6306012272834778,0.3400148153305053,0.921304166316986,0.106949433684349,0.9221161603927612,0.105010986328125,0.9236627221107484,0.1054560244083404,0.9455611109733582,0.0793677046895027,0.884489119052887,0.1340217739343643,0.8653842806816101,0.1388188898563385,0.5851138234138489,0.3958635330200195,0.9255616664886476,0.1032853871583938,0.1697027683258056,0.6846398115158081,0.5308666825294495,0.3260334432125091
138,138,train,23885,0.5311553478240967,0.3960261940956116,0.483481615781784,0.4352125227451324,0.8076272010803223,0.1578684449195861,0.8215565085411072,0.1454896032810211,0.8212087750434875,0.1550560891628265,0.8940812349319458,0.1088413149118423,0.7177632451057434,0.2220072597265243,0.6294713020324707,0.2993326783180237,0.417833536863327,0.48828986287117,0.8276245594024658,0.1536604017019271,0.152473971247673,0.6963273286819458,0.5517334342002869,0.3051348626613617
139,139,train,23450,0.6556915044784546,0.278990775346756,0.5413593649864197,0.3809852600097656,0.8945911526679993,0.1264857500791549,0.8999518752098083,0.1215670406818389,0.890408992767334,0.130399465560913,0.9297150373458862,0.0921754464507103,0.8202381730079651,0.1711073219776153,0.7587849497795105,0.1879532635211944,0.5161771178245544,0.4291656017303467,0.8995624780654907,0.1212730631232261,0.1543496251106262,0.6956239342689514,0.5297341346740723,0.3227996528148651
140,140,train,24286,0.365074872970581,0.5212220549583435,0.3838760256767273,0.5164020657539368,0.5854876637458801,0.3126943409442901,0.6657194495201111,0.2483591437339782,0.7379742860794067,0.2337432652711868,0.8767682909965515,0.1281531453132629,0.5276647210121155,0.374682068824768,0.4082294404506683,0.4995374083518982,0.3008182644844055,0.587000846862793,0.6706101298332214,0.2706374228000641,0.1856177449226379,0.6703855395317078,0.6698613166809082,0.2619681656360626
141,141,test,23214,0.4394444525241852,0.464396208524704,0.4279115200042724,0.4755691587924957,0.7102530002593994,0.2119206637144088,0.7378019094467163,0.1937604993581771,0.7728562951087952,0.1985113769769668,0.880997896194458,0.1253558844327926,0.6094802618026733,0.2918805181980133,0.5026209950447083,0.4005752503871918,0.3563643395900726,0.535525918006897,0.7502699494361877,0.207849383354187,0.1623808145523071,0.688893735408783,0.5861480236053467,0.2916959226131439
142,142,train,24605,0.2692569494247436,0.6212953329086304,0.3048385679721832,0.5958713293075562,0.3291797041893005,0.543455958366394,0.478779524564743,0.4089885056018829,0.6815463304519653,0.2837525904178619,0.8433886170387268,0.1285495311021804,0.3494189381599426,0.5497469305992126,0.2920041978359222,0.6257053017616272,0.2222215086221695,0.6700635552406311,0.438748687505722,0.4718607366085052,0.2520450353622436,0.5979063510894775,0.7876827716827393,0.2007960826158523
143,143,test,23865,0.6472271680831909,0.3118087351322174,0.5382732152938843,0.4000617265701294,0.8942896127700806,0.1354561150074005,0.9009994864463806,0.1285976618528366,0.8975829482078552,0.1347101032733917,0.9288966059684752,0.0968555435538292,0.8289346098899841,0.1846535801887512,0.7723164558410645,0.2117432802915573,0.5042954683303833,0.4470604956150055,0.9021142721176147,0.1274356245994568,0.1537050902843475,0.6989381313323975,0.5350682735443115,0.3230077624320984
144,144,train,23931,0.3914176523685455,0.4933460652828216,0.3997815251350403,0.4974334239959717,0.6303987503051758,0.2706229090690613,0.6753799319267273,0.2292135953903198,0.7450749278068542,0.2197626680135727,0.8727802038192749,0.1283147931098938,0.5555817484855652,0.344310849905014,0.4395830035209656,0.4618083238601684,0.3207474946975708,0.5595927834510803,0.6885617971420288,0.2432622909545898,0.1796233057975769,0.6689441204071045,0.6464243531227112,0.264792799949646
145,145,train,23545,0.3034853935241699,0.5788443684577942,0.3323278725147247,0.5603821277618408,0.4355465769767761,0.430637925863266,0.5771874189376831,0.3033633828163147,0.7088499665260315,0.2539611160755157,0.864615261554718,0.1254318505525589,0.430273562669754,0.4617597162723541,0.3323354721069336,0.5761194825172424,0.2457496672868728,0.624367356300354,0.5763125419616699,0.3355841040611267,0.2074980437755584,0.6421772837638855,0.7376611828804016,0.2271595299243927
146,146,train,23576,0.3500057458877563,0.5340515375137329,0.3615164756774902,0.5302550792694092,0.5619151592254639,0.32572802901268,0.6454460620880127,0.2527338564395904,0.7435299158096313,0.2349219024181366,0.8612486124038696,0.133440151810646,0.5224208235740662,0.3848528265953064,0.3881989419460296,0.5122602581977844,0.2778411209583282,0.5895686149597168,0.6534709334373474,0.2690265774726867,0.191289484500885,0.6562624573707581,0.6815206408500671,0.2515499889850616
147,147,test,23492,0.3016173541545868,0.5795421004295349,0.3269318044185638,0.5659876465797424,0.4294593930244446,0.455283522605896,0.5803236365318298,0.3299257457256317,0.7114992737770081,0.2680284380912781,0.8592928051948547,0.1247582957148552,0.4337391853332519,0.4841574132442474,0.328797847032547,0.5853452682495117,0.2365351170301437,0.6225117444992065,0.5718186497688293,0.3761580884456634,0.2268311232328415,0.6176134943962097,0.7583686113357544,0.2119162231683731
148,148,train,24372,0.2601102590560913,0.623955249786377,0.2675606906414032,0.6396005153656006,0.2992008626461029,0.567333459854126,0.3875966668128967,0.4768952131271362,0.6450629830360413,0.3068448901176452,0.8257743120193481,0.1351518481969833,0.3136144280433655,0.5750442147254944,0.2693004608154297,0.6439414620399475,0.2223798632621765,0.6830220818519592,0.3421168029308319,0.561482846736908,0.2815628349781036,0.583621621131897,0.805709183216095,0.2126385271549224
149,149,test,23728,0.2753206491470337,0.6068868041038513,0.3052476942539215,0.5839064717292786,0.3553179800510406,0.5074934959411621,0.5170423984527588,0.3660529553890228,0.6812518239021301,0.2802921533584595,0.8421331644058228,0.1319572031497955,0.3793807625770569,0.511557400226593,0.3021219968795776,0.6089761853218079,0.2230706214904785,0.6485567688941956,0.5095379948616028,0.415283590555191,0.2282092869281768,0.6207486391067505,0.7653790712356567,0.2079706192016601
150,150,train,24466,0.2532811760902405,0.6317111849784851,0.2629023194313049,0.6365955471992493,0.2895417809486389,0.5661896467208862,0.3992425501346588,0.4516992568969726,0.643515944480896,0.3040050864219665,0.834452211856842,0.1332775801420211,0.3074655532836914,0.5707201957702637,0.2644599974155426,0.6528806090354919,0.2158253937959671,0.6961123943328857,0.3455277383327484,0.541783332824707,0.2721002399921417,0.5787271857261658,0.8111658096313477,0.2056827545166015
151,151,test,22973,0.600151777267456,0.3456375896930694,0.523110568523407,0.4064907431602478,0.8578948974609375,0.1392911374568939,0.8653075695037842,0.1318603605031967,0.8610042929649353,0.1406358480453491,0.9147705435752868,0.0984092578291893,0.7769420742988586,0.1940349638462066,0.7128227353096008,0.2400219291448593,0.4669911563396454,0.4646689891815185,0.8692742586135864,0.1342463493347168,0.1513982564210891,0.6977414488792419,0.5403652787208557,0.3166210353374481
152,152,train,23397,0.5198344588279724,0.3990126848220825,0.4783467352390289,0.4357258379459381,0.8213913440704346,0.1674834787845611,0.8406043648719788,0.1528627127408981,0.8465781211853027,0.1608781814575195,0.9023003578186036,0.1107507348060607,0.7174444794654846,0.2305683046579361,0.6224409341812134,0.3043701946735382,0.4196104109287262,0.4933217167854309,0.8443395495414734,0.1601490080356598,0.1587261259555816,0.6924588084220886,0.553784966468811,0.3079034686088562
153,153,train,23570,0.2623538672924042,0.6225984692573547,0.2912713885307312,0.613591194152832,0.3190970122814178,0.5514971613883972,0.4611326456069946,0.4189204573631286,0.673480212688446,0.282746285200119,0.8422985672950745,0.1276544332504272,0.3438407480716705,0.5493436455726624,0.2803754210472107,0.6380283832550049,0.2188744843006134,0.6825429201126099,0.4022770226001739,0.5022968649864197,0.2564387023448944,0.5922715067863464,0.8068634271621704,0.194939523935318
154,154,train,24149,0.4280568957328796,0.4738056659698486,0.4263248443603515,0.4783109128475189,0.6825445294380188,0.2353964895009994,0.715915858745575,0.2089486867189407,0.764562726020813,0.2092927694320678,0.8690251111984253,0.1326212882995605,0.5994879007339478,0.3139786720275879,0.4891957938671112,0.4273253083229065,0.3482010066509247,0.5398547649383545,0.7244459390640259,0.2221637666225433,0.1662457585334777,0.6831411123275757,0.6099673509597778,0.2829988300800323
155,155,train,23107,0.6213529109954834,0.3359698355197906,0.5292014479637146,0.404381513595581,0.8848989009857178,0.1452896445989608,0.8915253281593323,0.1390903741121292,0.8842959403991699,0.1503241509199142,0.927351176738739,0.1005788668990135,0.8156378269195557,0.2025311738252639,0.7363480925559998,0.2392496019601822,0.4837983846664428,0.4590497314929962,0.8902888894081116,0.1395027786493301,0.1504386663436889,0.6980375647544861,0.5404029488563538,0.3179592490196228
156,156,train,23838,0.7856526374816895,0.1946284919977188,0.6226555705070496,0.3414570987224579,0.9292483925819396,0.1058887019753456,0.9298157691955566,0.1042683571577072,0.9270796775817872,0.1092393100261688,0.94882732629776,0.0799622982740402,0.896003007888794,0.1339530348777771,0.8708549737930298,0.1349201202392578,0.5961721539497375,0.3892511427402496,0.9289070963859558,0.10479137301445,0.1674365550279617,0.6868011951446533,0.534359335899353,0.3235630095005035
157,157,train,23482,0.304516464471817,0.5735368132591248,0.3333116769790649,0.5583466291427612,0.4309007227420807,0.4285646677017212,0.5638836026191711,0.3208489418029785,0.6989659667015076,0.2619694769382477,0.8566518425941467,0.1294189542531967,0.4372346401214599,0.4572441279888153,0.3335946500301361,0.5742562413215637,0.2458197772502899,0.6204279661178589,0.5698492527008057,0.3476713895797729,0.2112835198640823,0.6371651291847229,0.7395336031913757,0.2213135361671447
158,158,train,23320,0.3033360540866852,0.5902419090270996,0.3320518434047699,0.570573091506958,0.4262151420116424,0.4475990533828735,0.5794363617897034,0.3153229057788849,0.7153001427650452,0.2558858692646026,0.8646717667579651,0.1245526522397995,0.4245321750640869,0.4790389835834503,0.3279949426651001,0.5921235084533691,0.2462475448846817,0.6373127698898315,0.5762996077537537,0.3582273423671722,0.2179326266050338,0.6342468857765198,0.7488084435462952,0.2180581092834472
159,159,train,24737,0.2732294797897339,0.6139862537384033,0.263963907957077,0.6269785165786743,0.3066011965274811,0.5586459040641785,0.4176094532012939,0.4426068067550659,0.6583710312843323,0.2962912321090698,0.8217189311981201,0.1382099390029907,0.332649827003479,0.5593788027763367,0.274940937757492,0.6452434659004211,0.2217742651700973,0.6879605054855347,0.3611735999584198,0.5401817560195923,0.2814017236232757,0.5747708678245544,0.8049472570419312,0.2062075138092041
160,160,test,23460,0.3358583748340606,0.5489445328712463,0.3562130630016327,0.5379361510276794,0.5254165530204773,0.3798675239086151,0.6310988664627075,0.2804723083972931,0.7383975982666016,0.2494095861911773,0.8709266781806946,0.1256047487258911,0.4955405294895172,0.4233225584030151,0.372852474451065,0.542300283908844,0.2713613510131836,0.60430908203125,0.6362128257751465,0.3059356808662414,0.2018685936927795,0.6455366611480713,0.7160685062408447,0.2355115860700607
161,161,train,23510,0.5247799754142761,0.4070371091365814,0.4768663942813873,0.4374410808086395,0.815463662147522,0.1656276583671569,0.8286949396133423,0.1523692160844802,0.8329840898513794,0.16110460460186,0.9015520215034484,0.1087227836251258,0.720583975315094,0.2343608140945434,0.6217194199562073,0.3115431070327759,0.4164840281009674,0.4947758615016937,0.8306953310966492,0.15983247756958,0.1529582738876342,0.6917825937271118,0.5573046207427979,0.3052529394626617
162,162,test,24477,0.4132207632064819,0.4991116821765899,0.4145010709762573,0.4980337023735046,0.6936178207397461,0.2619634866714477,0.7577974796295166,0.2158648669719696,0.79072105884552,0.2180564254522323,0.8860301971435547,0.1237523257732391,0.6104206442832947,0.3495720624923706,0.4678362905979156,0.4603036046028137,0.3302177190780639,0.5575006604194641,0.7523908019065857,0.2361742705106735,0.1727371364831924,0.671032190322876,0.6302863955497742,0.2743073999881744
163,163,train,23679,0.2561335563659668,0.6130902767181396,0.2642302215099334,0.6178797483444214,0.2975826859474182,0.565355122089386,0.4113273322582245,0.4495156407356262,0.6627635955810547,0.290811151266098,0.834181547164917,0.1269568353891372,0.3245471119880676,0.5709549784660339,0.265741616487503,0.6391934752464294,0.212309792637825,0.6778194308280945,0.3611508309841156,0.5362425446510315,0.2736192047595978,0.5797785520553589,0.8101740479469299,0.1986506134271621
164,164,train,23489,0.6961827874183655,0.2758759558200836,0.5704843997955322,0.3751935064792633,0.903506875038147,0.1243223845958709,0.9067336320877076,0.1192680448293685,0.9018508195877076,0.1252925395965576,0.9345815777778624,0.0891693532466888,0.8493050336837769,0.1662287265062332,0.8009344935417175,0.1846275478601455,0.5336025953292847,0.4276536107063293,0.9095318913459778,0.1191005483269691,0.1546342521905899,0.6930549144744873,0.535557210445404,0.3231284320354461
165,165,train,23400,0.3900308907032013,0.4969888925552368,0.4021201729774475,0.5016283392906189,0.6412343382835388,0.2701292335987091,0.6937077641487122,0.2294685840606689,0.7582076191902161,0.2269338518381118,0.874062180519104,0.1328146457672119,0.5716425776481628,0.3444506525993347,0.4454684257507324,0.462573230266571,0.3164388537406921,0.5517962574958801,0.7034305930137634,0.2434694021940231,0.1749864220619201,0.6712048053741455,0.6389726400375366,0.2693758606910705
166,166,test,23849,0.2616957128047943,0.6239274144172668,0.2926275134086609,0.6070024967193604,0.3178819715976715,0.5502763390541077,0.4602167308330536,0.4209994971752167,0.6796153783798218,0.2825243175029754,0.8411217331886292,0.1246251240372657,0.3514620959758758,0.5439804196357727,0.2833048105239868,0.6310651302337646,0.2203817814588546,0.6771856546401978,0.405627578496933,0.4988675713539123,0.2540966868400574,0.5979660749435425,0.7955489754676819,0.1965696960687637
167,167,train,23417,0.5287637710571289,0.4030412435531616,0.4788950383663177,0.43930783867836,0.8131635189056396,0.1726137995719909,0.8285782933235168,0.1612185090780258,0.8255414366722107,0.1760371029376983,0.8978342413902283,0.1150628998875618,0.7135466933250427,0.2415214478969574,0.609809935092926,0.3168388605117798,0.4219415783882141,0.4916317164897918,0.8293659687042236,0.1711178869009018,0.151549220085144,0.6981837749481201,0.5539195537567139,0.3079762458801269
168,168,train,23251,0.2541254758834839,0.6280887722969055,0.2730245888233185,0.6181403994560242,0.3060775995254516,0.5585619211196899,0.4437524676322937,0.4275088608264923,0.6659093499183655,0.2871667742729187,0.8335159420967102,0.1292742192745208,0.324720561504364,0.5596859455108643,0.2750724256038666,0.6421324014663696,0.213784858584404,0.6818187236785889,0.3806911408901214,0.5138979554176331,0.2652555704116821,0.5860586762428284,0.8063187599182129,0.1954773962497711
169,169,train,23438,0.2584125995635986,0.6244364380836487,0.2844465672969818,0.6099315881729126,0.3108067512512207,0.552674412727356,0.4537886083126068,0.410645455121994,0.6850715279579163,0.2837432324886322,0.835069477558136,0.1277553737163543,0.3278980851173401,0.5544999837875366,0.2761015892028808,0.626262366771698,0.2153322696685791,0.6725212931632996,0.3947947323322296,0.4942879378795624,0.257759153842926,0.5884677171707153,0.7977345585823059,0.1932841688394546
170,170,train,23622,0.7062160968780518,0.2535703182220459,0.5797010660171509,0.3702752292156219,0.9151093363761902,0.115132987499237,0.917083501815796,0.1118271350860595,0.9143823981285096,0.1169137209653854,0.9414108395576476,0.0848253890872001,0.8636117577552795,0.1522596925497055,0.8134363293647766,0.1649232059717178,0.5490102171897888,0.4188863039016723,0.91865336894989,0.1113188341259956,0.1563342362642288,0.694619357585907,0.53363436460495,0.3235042691230774
171,171,train,24624,0.7156071662902832,0.2514444589614868,0.5829828381538391,0.3691261708736419,0.9136151671409608,0.1170432791113853,0.9166318774223328,0.1133404523134231,0.9126262068748474,0.1178002655506134,0.940673053264618,0.0870351046323776,0.8649427890777588,0.1548971980810165,0.8205061554908752,0.1638790965080261,0.5479227900505066,0.4196278750896454,0.9172115921974182,0.1125365570187568,0.1584944576025009,0.6931466460227966,0.5362300872802734,0.3247300684452057
172,172,test,24513,0.251699149608612,0.6313198208808899,0.2707695066928863,0.623937726020813,0.2944647073745727,0.5659745335578918,0.4205756783485412,0.445498377084732,0.6547011137008667,0.2914340198040008,0.8279060125350952,0.1303489655256271,0.3144433498382568,0.5668596029281616,0.2699075639247894,0.6416963934898376,0.2148850709199905,0.6860228776931763,0.3616537749767303,0.526494026184082,0.2704211175441742,0.5835500359535217,0.8057600259780884,0.1958544254302978
173,173,train,24058,0.3901800215244293,0.511879026889801,0.3997285664081573,0.509319007396698,0.6541043519973755,0.3072172701358795,0.7289138436317444,0.2486540526151657,0.7711858749389648,0.2357532232999801,0.8816254734992981,0.1249649301171302,0.5742201209068298,0.3812784552574157,0.4408507049083709,0.4885434806346893,0.3139501512050628,0.5839499235153198,0.7239351272583008,0.268194168806076,0.1841079294681549,0.6723499298095703,0.666289746761322,0.260073721408844
174,174,test,24533,0.2685614228248596,0.6244938373565674,0.2996369898319244,0.6030647158622742,0.3272236883640289,0.5485449433326721,0.4773317575454712,0.4040282368659973,0.6887653470039368,0.2780767977237701,0.8372636437416077,0.1290816217660904,0.3477160632610321,0.5538861751556396,0.2892297208309173,0.626852810382843,0.2259401381015777,0.6684896349906921,0.4384575188159942,0.4777971506118774,0.248675599694252,0.6040958762168884,0.7836329936981201,0.1993902772665023
175,175,train,24475,0.5459092855453491,0.3870384991168976,0.494955450296402,0.4281855225563049,0.8274259567260742,0.1570502966642379,0.8383196592330933,0.1485047489404678,0.8371580839157104,0.1577930450439453,0.9039533734321594,0.1077486276626586,0.7266104221343994,0.224326342344284,0.6458061933517456,0.2873304188251495,0.4415624737739563,0.4847272336483001,0.8433974981307983,0.1523614376783371,0.1537474244832992,0.6955664753913879,0.5468498468399048,0.3116747140884399
176,176,train,23278,0.258879542350769,0.6294659972190857,0.2760895788669586,0.6154660582542419,0.3066196143627167,0.5537228584289551,0.4355724453926086,0.4217641949653625,0.6664891242980957,0.2940468788146972,0.8415741920471191,0.1268597394227981,0.3258041143417358,0.559768557548523,0.2741563320159912,0.6366773843765259,0.2129133343696594,0.6818528771400452,0.3863604068756103,0.5012678503990173,0.263988733291626,0.5878233909606934,0.8010009527206421,0.1942359656095504
177,177,train,24351,0.4277631044387817,0.4711008965969085,0.4236932694911957,0.4811026155948639,0.6701476573944092,0.2256163954734802,0.7033549547195435,0.202412262558937,0.7500637769699097,0.2045943886041641,0.8652867674827576,0.1308592110872268,0.5863943696022034,0.3060483336448669,0.4814594089984894,0.4203501343727112,0.3525026142597198,0.543356716632843,0.7119176983833313,0.214681476354599,0.1664489656686782,0.6826086044311523,0.5998616814613342,0.2853152751922607
178,178,test,23829,0.265912115573883,0.6111167669296265,0.2954820096492767,0.5980203151702881,0.3370354771614074,0.5246989130973816,0.4794410765171051,0.3946853578090668,0.667525053024292,0.283302903175354,0.8435941934585571,0.1268296092748642,0.3591683804988861,0.5309860110282898,0.2900515794754028,0.6224115490913391,0.216199904680252,0.6643478870391846,0.437381774187088,0.4674349427223205,0.2536702752113342,0.5968811511993408,0.7932003140449524,0.1998838782310485
179,179,train,23216,0.5373353362083435,0.391819953918457,0.4865183532238006,0.4319243431091308,0.8132303953170776,0.1593011915683746,0.8286988735198975,0.146128162741661,0.8341295123100281,0.1535647213459015,0.9077863097190856,0.1032168269157409,0.7170712947845459,0.2267855107784271,0.6108672618865967,0.3176377415657043,0.4201235175132751,0.5018467903137207,0.835218608379364,0.1532979011535644,0.1560729295015335,0.696790874004364,0.5599370002746582,0.3059718012809753
180,180,test,24646,0.4380477666854858,0.469593197107315,0.4315682649612427,0.472606897354126,0.7087240815162659,0.2177213430404663,0.7560787796974182,0.191023513674736,0.792525053024292,0.1935272961854934,0.8892916440963745,0.1173376068472862,0.6120748519897461,0.3032435774803161,0.4962175786495209,0.4178391098976135,0.3561139404773712,0.5365868806838989,0.7573567628860474,0.2065066397190094,0.1615747660398483,0.6855832934379578,0.6013679504394531,0.2874507009983063
181,181,train,24387,0.3918617963790893,0.5000688433647156,0.3985735177993774,0.4991827309131622,0.6342953443527222,0.2605301141738891,0.6795165538787842,0.2248895764350891,0.7447682619094849,0.2244706898927688,0.8692675828933716,0.1306503117084503,0.56297367811203,0.3416759967803955,0.4427307844161987,0.4601524174213409,0.3193181455135345,0.5637138485908508,0.6837256550788879,0.2437822073698043,0.1756531298160553,0.6741425395011902,0.6287777423858643,0.2739268541336059
182,182,train,24077,0.2691851556301117,0.6075530052185059,0.258304238319397,0.6369273066520691,0.3115292191505432,0.5645123720169067,0.4082657694816589,0.4664427936077118,0.6480197310447693,0.3066869974136352,0.8364347219467163,0.1300926357507705,0.3243811130523681,0.5680826306343079,0.2682959139347076,0.645092248916626,0.2226980030536651,0.6761530637741089,0.356519490480423,0.5331961512565613,0.2826830148696899,0.5713472366333008,0.8136568665504456,0.2062371373176574
183,183,train,23852,0.5520350933074951,0.3628133833408355,0.4968386590480804,0.4169433712959289,0.825878918170929,0.143849104642868,0.8334223031997681,0.1343244165182113,0.8298484086990356,0.1426090151071548,0.9019045829772948,0.1015672981739044,0.733150064945221,0.1972016841173172,0.6601284742355347,0.253874808549881,0.4458479583263397,0.4760780334472656,0.8430224061012268,0.1386750787496566,0.1516746282577514,0.6972710490226746,0.5422106981277466,0.3126094043254852
184,184,test,24363,0.3946625590324402,0.4835948944091797,0.4001479744911194,0.489957183599472,0.6133170127868652,0.2671804130077362,0.666729211807251,0.228807121515274,0.723788321018219,0.2213470339775085,0.8558192253112793,0.1348278820514679,0.554496705532074,0.3317048847675323,0.4360325932502746,0.4500209391117096,0.3163524866104126,0.557781457901001,0.6701406836509705,0.2411077171564102,0.1784680634737014,0.6705816388130188,0.6545794606208801,0.2626790106296539
185,185,train,23523,0.5123870372772217,0.412397176027298,0.4789751470088959,0.4437876939773559,0.8087749481201172,0.1905868500471115,0.8345003724098206,0.1762545257806778,0.8461096882820129,0.1850691735744476,0.8983976244926453,0.1249608546495437,0.7204405665397644,0.2689819037914276,0.6187950372695923,0.3395856618881225,0.4165126383304596,0.4826503992080688,0.8356123566627502,0.1874100714921951,0.1548621505498886,0.6934377551078796,0.5511626601219177,0.3071516156196594
186,186,test,23700,0.3876757323741913,0.4964484274387359,0.3953165709972381,0.4996247589588165,0.6018928289413452,0.2841976284980774,0.6584300398826599,0.2414949387311935,0.7309623956680298,0.2252769768238067,0.8650428652763367,0.1355285197496414,0.550042986869812,0.3446249067783355,0.4321238696575165,0.4649288356304168,0.3109060823917389,0.5629693269729614,0.6680434346199036,0.2552651464939117,0.1861330717802047,0.6658298373222351,0.6637080311775208,0.2616197764873504
187,187,train,23500,0.5397432446479797,0.3963569700717926,0.4820753037929535,0.4368028342723846,0.8176536560058594,0.1788741946220398,0.8353396654129028,0.1657675057649612,0.8390466570854187,0.1763289719820022,0.8978776931762695,0.1174819767475128,0.7248111963272095,0.25506392121315,0.6185340285301208,0.3225439488887787,0.4159999787807464,0.4891758263111114,0.8306840658187866,0.1758878678083419,0.15350903570652,0.689155101776123,0.5581986904144287,0.3050279319286346
188,188,train,24729,0.2559029757976532,0.6161665320396423,0.2595275640487671,0.6284207105636597,0.2922717332839966,0.5660868883132935,0.4134913384914398,0.4416100978851318,0.656532347202301,0.2994794547557831,0.8359045386314392,0.1297044157981872,0.3110097348690033,0.5704558491706848,0.2642017900943756,0.6501453518867493,0.2221469432115554,0.6877065896987915,0.3441615998744964,0.5394428372383118,0.2777509987354278,0.5698740482330322,0.8101293444633484,0.2080100923776626
189,189,train,23117,0.2723639905452728,0.5886998176574707,0.3036596477031708,0.5760268568992615,0.3407484889030456,0.5022194981575012,0.4938081204891205,0.3655675947666168,0.6889605522155762,0.2699628174304962,0.8442798256874084,0.1257961839437484,0.3638657033443451,0.5061835050582886,0.2932895421981811,0.5942165851593018,0.2208402901887893,0.6384216547012329,0.4758424758911133,0.4265664219856262,0.2376064956188202,0.6071906685829163,0.7797995805740356,0.1999035030603408
190,190,train,23106,0.2668261229991913,0.6065437197685242,0.2704240679740906,0.6177827715873718,0.3038398325443268,0.5695213079452515,0.3965396583080292,0.4652038514614105,0.6545869708061218,0.3051522672176361,0.8208831548690796,0.1468954682350158,0.3138879537582397,0.5696845054626465,0.2733875811100006,0.6318514943122864,0.2261978834867477,0.6667368412017822,0.3352385759353637,0.5581499338150024,0.2708223462104797,0.5785768032073975,0.796246349811554,0.2092407643795013
191,191,test,24362,0.2575718760490417,0.6251038312911987,0.2593041360378265,0.6350711584091187,0.2850468158721924,0.5807631015777588,0.3763778209686279,0.4835236966609955,0.6349661350250244,0.3159631490707397,0.8032644391059875,0.1541428565979004,0.3087592124938965,0.5729264616966248,0.2600530087947845,0.6476342678070068,0.2217311710119247,0.6819436550140381,0.3306149840354919,0.5659217238426208,0.2833768129348755,0.5793455243110657,0.8017425537109375,0.2095239460468292
192,192,train,23589,0.3345404267311096,0.5541737079620361,0.3541144132614136,0.5383331179618835,0.5062920451164246,0.369966596364975,0.6054388284683228,0.2852858603000641,0.7135570049285889,0.2503361701965332,0.8653469681739807,0.1308491975069046,0.4770945310592651,0.419119656085968,0.3633105158805847,0.5386061668395996,0.2696481049060821,0.6099736094474792,0.61824631690979,0.300602912902832,0.1997697800397873,0.6523054838180542,0.6988871097564697,0.2475219517946243
193,193,test,24227,0.3447709083557129,0.5623994469642639,0.3637804687023163,0.5489059686660767,0.5350635647773743,0.3703427314758301,0.6142051815986633,0.2850159108638763,0.7284055352210999,0.2537574172019958,0.8699797987937927,0.1292028725147247,0.5021886825561523,0.4206475019454956,0.3783816695213318,0.5487131476402283,0.2813947796821594,0.6182000637054443,0.6273473501205444,0.3047802746295929,0.1988442689180374,0.6558195948600769,0.703392744064331,0.2475804537534713
194,194,train,24495,0.6928755640983582,0.2570677399635315,0.565911054611206,0.3764142394065857,0.9050858616828918,0.1128012910485267,0.90646630525589,0.1085644364356994,0.897734522819519,0.1130721792578697,0.9344053268432616,0.0842565447092056,0.8499218821525574,0.1480177938938141,0.7976402640342712,0.1635390818119049,0.5399775505065918,0.4233784973621368,0.9071422219276428,0.1094943434000015,0.1545775234699249,0.6953845024108887,0.5290947556495667,0.3231159448623657
195,195,train,24628,0.8340708017349243,0.1512800306081771,0.6771172881126404,0.293781042098999,0.9334966540336608,0.0989467948675155,0.9328863024711608,0.0994150415062904,0.9309787154197692,0.1016067266464233,0.9502794742584229,0.0762185677886009,0.9078454375267028,0.1178033649921417,0.8970832228660583,0.1111503094434738,0.6402833461761475,0.352469265460968,0.9321001768112184,0.0997268930077552,0.1842551231384277,0.6727928519248962,0.5323038697242737,0.3191161453723907
196,196,train,24364,0.2572518587112427,0.6233211159706116,0.2832674384117126,0.6070820689201355,0.3129999339580536,0.5515217185020447,0.4533978402614593,0.4246894717216491,0.6824737191200256,0.2858248949050903,0.8373667597770691,0.1265164315700531,0.3338789343833923,0.550096333026886,0.278550922870636,0.6317399740219116,0.2129605114459991,0.6749590039253235,0.4045109748840332,0.502507209777832,0.2589636147022247,0.5875579714775085,0.7990959286689758,0.1912756115198135
197,197,train,23238,0.3682477176189422,0.5188000798225403,0.3768450617790222,0.5175129175186157,0.606590211391449,0.2963771820068359,0.6668687462806702,0.2422604113817215,0.7346754670143127,0.2311329543590545,0.8695540428161621,0.1326078921556472,0.5445814728736877,0.3679371476173401,0.4037911593914032,0.4969951510429382,0.2919140160083771,0.5834118723869324,0.6731969118118286,0.2587135136127472,0.1876236200332641,0.6603224277496338,0.675960123538971,0.2547305822372436
198,198,train,23735,0.7061885595321655,0.2665879428386688,0.5757281184196472,0.3759468197822571,0.9106574654579164,0.1209857240319252,0.913802444934845,0.1160468384623527,0.9097411632537842,0.1212363392114639,0.940077006816864,0.0890877619385719,0.857440710067749,0.1586112231016159,0.8165384531021118,0.1770606189966201,0.538801372051239,0.4267675876617431,0.9154714941978456,0.1158869042992591,0.1584747582674026,0.6957359910011292,0.5336330533027649,0.3232676982879638
199,199,train,23761,0.4001500606536865,0.4882030189037323,0.3970097601413727,0.4929537773132324,0.6614052653312683,0.2654179334640503,0.7090469598770142,0.2280712127685547,0.7653797268867493,0.2235082983970642,0.8787404298782349,0.132054790854454,0.5922032594680786,0.3434081375598907,0.4517588913440704,0.4525946378707886,0.3112677335739136,0.5464140176773071,0.7157173156738281,0.2413046360015869,0.1768818497657776,0.664761483669281,0.6500316262245178,0.2660429179668426
200,200,train,22999,0.2647310197353363,0.6122270226478577,0.267870157957077,0.6308358907699585,0.3018786907196045,0.5655279755592346,0.3935000002384186,0.4761084020137787,0.6408714652061462,0.310574859380722,0.8218862414360046,0.1343124657869339,0.3216622173786163,0.5754591822624207,0.2728976905345917,0.6410987377166748,0.227575808763504,0.6817970871925354,0.3479089438915252,0.5525206327438354,0.287008136510849,0.5779542326927185,0.8034573197364807,0.2101527750492096
201,201,train,24499,0.5900349617004395,0.3340902924537658,0.5008282661437988,0.4113701283931732,0.8506823778152466,0.1392207145690918,0.8625810742378235,0.1314877867698669,0.8517810702323914,0.1427736133337021,0.908048927783966,0.0993655249476432,0.758646547794342,0.1946055144071579,0.6871864199638367,0.2370621711015701,0.4555069208145141,0.4646778404712677,0.8665148615837097,0.1355122178792953,0.1499749422073364,0.6990071535110474,0.5342172980308533,0.3162413239479065
202,202,train,23886,0.6568024754524231,0.2799029946327209,0.5498088002204895,0.3855045735836029,0.8938935399055481,0.1178255379199981,0.8966394662857056,0.1135255023837089,0.8856441378593445,0.1180373728275299,0.9292613863945008,0.0857299491763114,0.828120231628418,0.1573697179555893,0.7729762196540833,0.1760957837104797,0.5204924941062927,0.4375942349433899,0.8968108296394348,0.1150806546211242,0.1526904851198196,0.6967198252677917,0.5288009643554688,0.3231781423091888
203,203,train,23048,0.4640991985797882,0.4471921920776367,0.4388052225112915,0.4667931497097015,0.732378363609314,0.2087037861347198,0.7535524964332581,0.1927289962768554,0.7810506820678711,0.1952655464410781,0.8689569234848022,0.1350121796131134,0.6509543657302856,0.276186853647232,0.5443823337554932,0.3712214529514313,0.3701143562793731,0.5196017622947693,0.7629539966583252,0.2010478228330612,0.1595392972230911,0.6865270137786865,0.578344464302063,0.292696863412857
204,204,test,23043,0.4277648329734802,0.4749903976917267,0.4125924110412597,0.48262619972229,0.7262731790542603,0.2180596888065338,0.7699099779129028,0.1903958618640899,0.7965868711471558,0.198716789484024,0.8824011087417603,0.123867318034172,0.626083493232727,0.3071393668651581,0.4989411532878876,0.4209371507167816,0.3373197317123413,0.5377256870269775,0.7636011838912964,0.2061170786619186,0.1661401093006134,0.6756929159164429,0.6056073904037476,0.2817569673061371
205,205,train,23734,0.3820200860500335,0.5113489031791687,0.3953853845596313,0.5105452537536621,0.6366154551506042,0.2834380865097046,0.7103262543678284,0.2291359156370163,0.7672120928764343,0.2222158908843994,0.8761069774627686,0.1276763379573822,0.5700385570526123,0.3513054549694061,0.4349901378154754,0.4785297214984894,0.3094872236251831,0.5752655863761902,0.7035753130912781,0.2471337467432022,0.183913305401802,0.6656985282897949,0.6621456742286682,0.2626577317714691
206,206,test,24465,0.541648805141449,0.401632159948349,0.4933458566665649,0.43620365858078,0.8175770044326782,0.187071293592453,0.8378071188926697,0.1728719025850296,0.8409116268157959,0.1824181228876114,0.9068390727043152,0.1152675151824951,0.7258284091949463,0.2614041268825531,0.6130242347717285,0.3376140892505646,0.4246804714202881,0.4964722692966461,0.8310242295265198,0.1847224980592727,0.1544656455516815,0.6946365833282471,0.5623225569725037,0.3081045150756836
207,207,train,24623,0.2899376451969147,0.5889580845832825,0.2958643138408661,0.5948607325553894,0.3491819500923157,0.520641565322876,0.4768364429473877,0.4045464992523193,0.676329493522644,0.2868287265300751,0.8377217650413513,0.1348363012075424,0.3574440777301788,0.5214309692382812,0.2983877956867218,0.6064732074737549,0.22978076338768,0.6578962802886963,0.4217405617237091,0.4774797558784485,0.2649704813957214,0.578356921672821,0.8053774833679199,0.1949182748794555
208,208,train,23779,0.3314539194107055,0.5426151752471924,0.3526419699192047,0.5339799523353577,0.5183348059654236,0.3648128807544708,0.6223748922348022,0.2755746245384216,0.7261096835136414,0.2434875071048736,0.8653732538223267,0.1300098150968551,0.4852638244628906,0.4117769598960876,0.3630388081073761,0.5302300453186035,0.264681875705719,0.5911751985549927,0.6273293495178223,0.3008601069450378,0.203376367688179,0.6392931938171387,0.7177045345306396,0.2298640459775924
209,209,train,23952,0.2715400457382202,0.6181558966636658,0.2780572474002838,0.6236572861671448,0.3120556771755218,0.5536714792251587,0.4069401025772095,0.4609784781932831,0.6544495224952698,0.2981222569942474,0.819530189037323,0.14156174659729,0.3284641206264496,0.5625714063644409,0.2758414149284363,0.6330976486206055,0.2250912487506866,0.679023027420044,0.3564647436141968,0.539943277835846,0.2792278528213501,0.5708446502685547,0.8083716630935669,0.2009561955928802
210,210,train,23327,0.8374107480049133,0.1502114981412887,0.6799923777580261,0.2951926589012146,0.934920847415924,0.0990571975708007,0.93379008769989,0.0999866127967834,0.9316794872283936,0.1015009135007858,0.9509414434432985,0.076369784772396,0.9109816551208496,0.1182640641927719,0.899729311466217,0.1114455014467239,0.6428267955780029,0.3528506755828857,0.9326786398887634,0.0995305851101875,0.1857356131076812,0.6737087965011597,0.531592845916748,0.3194840252399444
211,211,train,23042,0.2508869171142578,0.629069983959198,0.2588835060596466,0.6360769271850586,0.2874217927455902,0.567982017993927,0.4071105420589447,0.4530353844165802,0.6570543646812439,0.2966272532939911,0.8250672221183777,0.1346948742866516,0.3115197122097015,0.5660638809204102,0.2622677981853485,0.6499537825584412,0.2131540179252624,0.6919392347335815,0.3433581292629242,0.5400550365447998,0.2757218182086944,0.5755967497825623,0.812897264957428,0.1932292133569717
212,212,train,24719,0.6988701224327087,0.2454244941473007,0.5774790048599243,0.3632955253124237,0.8895494341850281,0.1284984499216079,0.8914002180099487,0.1240386962890625,0.8792941570281982,0.1333218365907669,0.9246470332145692,0.093912549316883,0.8421592712402344,0.1556776762008667,0.8081907629966736,0.1635732948780059,0.5457795858383179,0.4181514084339142,0.895490825176239,0.123258389532566,0.1614905148744583,0.6907685995101929,0.5284978151321411,0.3211167454719543
213,213,train,24532,0.4242526292800903,0.4922084510326385,0.4230385422706604,0.4948833286762237,0.6853919625282288,0.2737841308116913,0.7438254356384277,0.229812741279602,0.7831957936286926,0.2239310145378112,0.8840662240982056,0.1304417699575424,0.6126110553741455,0.3456323146820068,0.4744519889354706,0.4601832628250122,0.3391445577144623,0.5519306063652039,0.7409491539001465,0.2485563904047012,0.1754307299852371,0.6744934320449829,0.6347590684890747,0.2731594145298004
214,214,train,24027,0.6490723490715027,0.3064759373664856,0.5431414842605591,0.3911386430263519,0.8852323889732361,0.1304341405630111,0.8902425765991211,0.1233532354235649,0.8812387585639954,0.1297418475151062,0.9244744181632996,0.0932432189583778,0.8208346366882324,0.1755473613739013,0.7584832906723022,0.2118249982595443,0.4907577037811279,0.4435574412345886,0.889295220375061,0.1255242973566055,0.151326522231102,0.6945632696151733,0.5307793021202087,0.318692147731781
215,215,train,23876,0.6044207215309143,0.3229494094848633,0.5264913439750671,0.3982884585857391,0.8604356050491333,0.13454470038414,0.8640680909156799,0.1292279064655304,0.8631386756896973,0.1320922672748565,0.9090476632118224,0.0971971675753593,0.7857085466384888,0.1842422634363174,0.7226122617721558,0.2148559689521789,0.4820850789546966,0.4539472758769989,0.8740115165710449,0.1268108636140823,0.1524290442466735,0.6932644248008728,0.5320409536361694,0.3207539021968841
216,216,test,24391,0.6130079030990601,0.3138347268104553,0.5285773277282715,0.3989647924900055,0.8775531053543091,0.1269563287496566,0.8813818097114563,0.1221567019820213,0.8767099380493164,0.1285412013530731,0.9203911423683168,0.0923785120248794,0.7942185401916504,0.172862097620964,0.732488751411438,0.2068237215280532,0.4886784851551056,0.4528888165950775,0.8881508708000183,0.1211754232645034,0.1508511155843734,0.6982051134109497,0.5324578285217285,0.3209857642650604
217,217,train,23711,0.5616332292556763,0.3678449392318725,0.4967101514339447,0.4194612205028534,0.8498033881187439,0.151602953672409,0.8612321019172668,0.1426029503345489,0.8569746613502502,0.1523622721433639,0.9094392657279968,0.1037003546953201,0.752360999584198,0.2117128372192382,0.6721952557563782,0.2642493546009063,0.4456698000431061,0.4748575687408447,0.861873984336853,0.1485862135887146,0.1506366282701492,0.6982593536376953,0.5372610688209534,0.3131918907165527
218,218,train,23491,0.4443013072013855,0.451738029718399,0.4258514642715454,0.4701846837997436,0.713507354259491,0.2140960693359375,0.7431789636611938,0.1939849555492401,0.7732120156288147,0.1969643533229828,0.8750643134117126,0.1267809420824051,0.615114152431488,0.2952485680580139,0.5082694888114929,0.3978886306285858,0.3565248548984527,0.528965950012207,0.7407777309417725,0.207827940583229,0.1650476455688476,0.6805592775344849,0.5987150073051453,0.2854112684726715
219,219,train,23929,0.3712587654590606,0.5294079780578613,0.3834149539470672,0.5199486017227173,0.6157454252243042,0.3283611536026001,0.7064889073371887,0.2624828219413757,0.7758973240852356,0.247797280550003,0.8778637647628784,0.1301158815622329,0.5490996241569519,0.3933887481689453,0.4133820533752441,0.5029251575469971,0.2941162884235382,0.573026180267334,0.7119097113609314,0.280508428812027,0.1843939274549484,0.6613322496414185,0.6679421067237854,0.2595905661582947
220,220,train,24287,0.2981806993484497,0.5726742744445801,0.3254294693470001,0.559879720211029,0.411457896232605,0.4480961859226227,0.5688289999961853,0.3199930787086487,0.7105552554130554,0.2631120681762695,0.853557288646698,0.1263557523488998,0.4184354543685913,0.467378169298172,0.32851043343544,0.5710031390190125,0.2410419732332229,0.6138831973075867,0.571312427520752,0.3563890159130096,0.2257646322250366,0.6192003488540649,0.7516106367111206,0.2124718725681305
221,221,train,24685,0.6104432940483093,0.3423707187175751,0.5326645374298096,0.403511106967926,0.8643537759780884,0.1377066075801849,0.8745798468589783,0.129279151558876,0.8758135437965393,0.134246751666069,0.9181963801383972,0.0980281457304954,0.7944833636283875,0.1858147531747818,0.7265481352806091,0.2361001521348953,0.4794820845127105,0.4591939449310303,0.8837394118309021,0.1300963312387466,0.1556829661130905,0.6963268518447876,0.5410974621772766,0.3173067569732666
222,222,train,24696,0.4851529002189636,0.4149948060512543,0.4468498229980469,0.4515115022659302,0.7618588805198669,0.1775267869234085,0.7830650210380554,0.1613176614046096,0.8002119064331055,0.1718563139438629,0.8846755623817444,0.1163315698504448,0.6748514175415039,0.2453383505344391,0.5728022456169128,0.3295060098171234,0.3790613710880279,0.5033774375915527,0.7873407006263733,0.1716377884149551,0.1504335701465606,0.693647563457489,0.5599040389060974,0.3015985488891601
223,223,train,23065,0.254031628370285,0.6244367957115173,0.2763734757900238,0.6109316945075989,0.3049786984920501,0.5537537932395935,0.4414075911045074,0.4251419305801391,0.6767250299453735,0.2877225279808044,0.8345851302146912,0.1257537305355072,0.3267089426517486,0.5602595806121826,0.2699597477912903,0.6286837458610535,0.2089654356241226,0.6732059121131897,0.3925693929195404,0.5047946572303772,0.2553735077381134,0.5931042432785034,0.7930157780647278,0.1940746307373047
224,224,test,24340,0.474372386932373,0.4506657719612121,0.4535579979419708,0.463761031627655,0.7536681890487671,0.2192323356866836,0.7881324291229248,0.2002328336238861,0.8047603964805603,0.2042900770902633,0.8924955725669861,0.1217087879776954,0.6545042991638184,0.304505854845047,0.517723023891449,0.4042678773403168,0.3812465071678161,0.5317546129226685,0.7777471542358398,0.2132362276315689,0.1629456132650375,0.6893504858016968,0.5944238901138306,0.2907137870788574
225,225,test,24350,0.6396044492721558,0.3123034834861755,0.5413162708282471,0.3971683979034424,0.8836627006530762,0.1300827264785766,0.8891322612762451,0.1238809153437614,0.8853309154510498,0.1292462795972824,0.9242658019065856,0.0968909189105033,0.8133283257484436,0.1774094849824905,0.7576978802680969,0.2043268531560897,0.5040289163589478,0.4485551714897156,0.8944897651672363,0.1233891174197197,0.1555982828140258,0.6968386769294739,0.5325379371643066,0.3220131397247314
226,226,train,24303,0.3711889088153839,0.516635537147522,0.3810510039329529,0.5144442915916443,0.6049339175224304,0.301535964012146,0.677029550075531,0.2405271679162979,0.7531017661094666,0.2289257794618606,0.8714103102684021,0.1312979459762573,0.5521241426467896,0.3720346689224243,0.4138497114181518,0.4960002303123474,0.2927875816822052,0.5727577805519104,0.6849425435066223,0.2594486773014068,0.1794811636209488,0.6663945317268372,0.6714514493942261,0.2538766264915466
227,227,train,24102,0.5579807162284851,0.4005793631076813,0.4981728494167328,0.4332615733146667,0.8360919952392578,0.1706282645463943,0.8524009585380554,0.1613875180482864,0.857795238494873,0.169991061091423,0.9143888354301452,0.1100594401359558,0.7486913800239563,0.2411329448223114,0.649165153503418,0.3154130578041076,0.4352672398090362,0.4979823231697082,0.8538040518760681,0.1646743267774582,0.1567402482032776,0.693950355052948,0.5656155943870544,0.3063744902610779
228,228,train,23955,0.2802364826202392,0.5932542681694031,0.3135562837123871,0.5746763944625854,0.3733111023902893,0.4849706292152405,0.5430256724357605,0.3437711298465729,0.7036099433898926,0.2697516679763794,0.8565199971199036,0.1241037622094154,0.3831935524940491,0.5020808577537537,0.3059461414813995,0.5999730825424194,0.2302465140819549,0.6359552145004272,0.5371143817901611,0.3968726992607116,0.2243713140487671,0.6194228529930115,0.760320782661438,0.2081028223037719
229,229,train,23270,0.3883718252182007,0.5074878931045532,0.3938186466693878,0.5037582516670227,0.6254740953445435,0.2714672982692718,0.6768636107444763,0.2302162498235702,0.7372146844863892,0.2202613800764084,0.8656222224235535,0.1301423162221908,0.558251142501831,0.346470296382904,0.4392997920513153,0.468433141708374,0.3123966157436371,0.5653921365737915,0.6860342025756836,0.2437083423137664,0.1785521209239959,0.6681098341941833,0.6380859017372131,0.2701646089553833
230,230,train,23022,0.2989552915096283,0.5921710133552551,0.3259493708610534,0.574038028717041,0.4085620641708374,0.4751986563205719,0.5606440305709839,0.3400575220584869,0.7076298594474792,0.2713058888912201,0.8569137454032898,0.1272497028112411,0.4144715368747711,0.4897595942020416,0.3222396969795227,0.5949860215187073,0.2414683401584625,0.6428347229957581,0.5544869303703308,0.3871969580650329,0.2251385897397995,0.6285276412963867,0.7590232491493225,0.2110617756843567
231,231,test,24485,0.2558209598064422,0.6209594011306763,0.2876127064228058,0.6022434234619141,0.3140335381031036,0.5406556725502014,0.4673318266868591,0.3965572416782379,0.6878488659858704,0.2832051813602447,0.8429892659187317,0.1268905699253082,0.3360809683799743,0.5385370254516602,0.2788895666599273,0.6237143278121948,0.2137873321771621,0.6698766350746155,0.4196102321147918,0.4696396589279175,0.2480506896972656,0.5968753695487976,0.7932183742523193,0.1961312144994735
232,232,train,23252,0.3287315368652344,0.5457648634910583,0.3525009155273437,0.5359407663345337,0.4874010682106018,0.376879870891571,0.5895380973815918,0.2938085496425628,0.6987468004226685,0.2540056705474853,0.858611524105072,0.1344643682241439,0.4656507074832916,0.4147007465362549,0.3558130860328674,0.5298990607261658,0.2667112946510315,0.5978845357894897,0.6046130061149597,0.3089354038238525,0.2012432217597961,0.6458126902580261,0.6994514465332031,0.2428413033485412
233,233,test,24468,0.3699957430362701,0.5252392292022705,0.3764032423496246,0.5244891047477722,0.6079368591308594,0.3191338181495666,0.6925899982452393,0.2534473538398742,0.756733238697052,0.2440026998519897,0.8690764307975769,0.136103942990303,0.5464369058609009,0.3913448452949524,0.4017480909824371,0.5044130682945251,0.2905201613903045,0.5727918148040771,0.6894389390945435,0.2726143896579742,0.1866786777973175,0.6587970852851868,0.668927788734436,0.257546603679657
234,234,train,23748,0.7333580255508423,0.2321114987134933,0.5984764695167542,0.3601702749729156,0.9055242538452148,0.1172270700335502,0.9083434343338012,0.1137433052062988,0.904505491256714,0.1167046651244163,0.9347677826881408,0.0872498899698257,0.8537330627441406,0.1496559977531433,0.8346384763717651,0.1555815786123275,0.5666260123252869,0.408261239528656,0.9128260016441344,0.1115721836686134,0.1643494665622711,0.689091145992279,0.5262413024902344,0.3229518830776214
235,235,train,23315,0.4408031702041626,0.4700880348682403,0.4346920847892761,0.4787293672561645,0.7125587463378906,0.217538520693779,0.7461562752723694,0.1916175931692123,0.7767560482025146,0.1980160772800445,0.8840755224227905,0.1240275427699089,0.6239285469055176,0.3027367293834686,0.5003070831298828,0.4210191965103149,0.3555968403816223,0.5397406816482544,0.7489098310470581,0.2104905694723129,0.163915142416954,0.687236487865448,0.6016777753829956,0.2870999574661255
236,236,train,24665,0.2568285465240478,0.624047577381134,0.2782277464866638,0.6169516444206238,0.3082130551338196,0.5615163445472717,0.4446624219417572,0.4303149282932281,0.6787642240524292,0.2879902720451355,0.8382179737091064,0.1251557320356369,0.3322749435901642,0.5622216463088989,0.2744900584220886,0.6432408690452576,0.2119697034358978,0.6815040707588196,0.379844605922699,0.5249594449996948,0.2639213502407074,0.589671790599823,0.8083136677742004,0.1980791985988617
237,237,train,23364,0.2685525417327881,0.6118552088737488,0.3016329407691955,0.5891297459602356,0.349276453256607,0.5099629163742065,0.5158584713935852,0.3624607026576996,0.7017621397972107,0.2732488214969635,0.85506671667099,0.1224744766950607,0.3675423562526703,0.5132603049278259,0.2926690578460693,0.6144270896911621,0.2209847420454025,0.6567539572715759,0.5028886795043945,0.4172386527061462,0.2313265055418014,0.6205809712409973,0.7704635262489319,0.2083203345537185
238,238,test,22989,0.2590307891368866,0.6157081127166748,0.2826813757419586,0.6107059717178345,0.3180952072143554,0.5417538285255432,0.4663694202899933,0.4038395285606384,0.6879241466522217,0.2803492546081543,0.8483833074569702,0.1220320761203765,0.3407174050807953,0.5422995090484619,0.2811458706855774,0.629719614982605,0.2170408517122268,0.6760286688804626,0.3962569832801819,0.4917340874671936,0.2647328376770019,0.5770589113235474,0.8075097799301147,0.1949353218078613
239,239,train,23899,0.4474391043186188,0.4536001980304718,0.4309311211109161,0.4667198657989502,0.712544858455658,0.2069483399391174,0.7394118905067444,0.1890201121568679,0.7614025473594666,0.1976677030324936,0.866988480091095,0.1305851638317108,0.6263477206230164,0.284349650144577,0.5116836428642273,0.3947080969810486,0.3623941242694855,0.5227369666099548,0.746182918548584,0.1995979398488998,0.160751461982727,0.679121732711792,0.5868395566940308,0.2915334403514862
240,240,train,23918,0.3633129596710205,0.5407751798629761,0.3810118436813354,0.5284103751182556,0.5976614356040955,0.3376285433769226,0.6809259057044983,0.2588300406932831,0.7514615654945374,0.2413103431463241,0.8698490858078003,0.1333289295434951,0.537800669670105,0.401353120803833,0.4055357277393341,0.5181683301925659,0.2894940078258514,0.5953674912452698,0.6860011219978333,0.2759352326393127,0.1887060105800628,0.6635503768920898,0.6677929759025574,0.2604053914546966
241,241,train,24724,0.3302724361419678,0.5529523491859436,0.3314926028251648,0.5731043815612793,0.3637817502021789,0.5255178809165955,0.4069864153861999,0.4816130995750427,0.6072072386741638,0.37620410323143,0.5599855780601501,0.3620284497737884,0.3649967610836029,0.5298898220062256,0.3485966622829437,0.5651630163192749,0.3098446428775787,0.6064651012420654,0.3629466295242309,0.5518937110900879,0.3066027164459228,0.5568638443946838,0.6110643148422241,0.3138638436794281
242,242,test,23881,0.2620549499988556,0.6100454926490784,0.2735630869865417,0.626748263835907,0.3018225729465484,0.5515612363815308,0.4052769839763641,0.4519774913787842,0.660679280757904,0.2936160862445831,0.8296647071838379,0.1359991878271103,0.3107210993766784,0.5638870000839233,0.2725353538990021,0.6302693486213684,0.2282191216945648,0.6747450828552246,0.3557186722755432,0.5369080305099487,0.2765961289405823,0.5701996088027954,0.8081088662147522,0.205463096499443
243,243,train,24644,0.3006950914859772,0.5763794183731079,0.3363977074623108,0.5595877766609192,0.4347274899482727,0.431337833404541,0.5663900971412659,0.3102267682552337,0.703511655330658,0.261060893535614,0.8628917932510376,0.1251950711011886,0.4328624606132507,0.4539433419704437,0.3345744907855987,0.5737080574035645,0.2478115111589431,0.6219245791435242,0.5775876641273499,0.3435657322406769,0.2108491510152816,0.6381928324699402,0.7418460249900818,0.219627559185028
244,244,train,23090,0.6474230885505676,0.3202163279056549,0.540116012096405,0.3997409641742706,0.8852611184120178,0.1402098089456558,0.8935801386833191,0.1339891999959945,0.8851238489151001,0.1434604823589325,0.9267562031745912,0.0987914577126503,0.8108401894569397,0.1961988508701324,0.7448582649230957,0.2295027673244476,0.5000713467597961,0.4489037990570068,0.8924854397773743,0.1330554783344268,0.1529352664947509,0.6975074410438538,0.5381817817687988,0.3202108144760132
245,245,train,23934,0.3648364245891571,0.5176209807395935,0.3804498016834259,0.5175830125808716,0.6024174690246582,0.2954592406749725,0.6864837408065796,0.2316870093345642,0.7531082630157471,0.226972222328186,0.880147397518158,0.120716817677021,0.5345827341079712,0.3635547459125519,0.4136005043983459,0.4940502047538757,0.2971256077289581,0.59139084815979,0.6853100657463074,0.2572114169597626,0.1844684928655624,0.667265772819519,0.6759809851646423,0.2591343224048614
246,246,train,23366,0.250954657793045,0.6332002878189087,0.2594229876995086,0.6380563378334045,0.2882367968559265,0.5748031139373779,0.4050502777099609,0.4561519920825958,0.6612355709075928,0.2999035120010376,0.828753650188446,0.1310478597879409,0.3081288039684295,0.5737695097923279,0.2633660137653351,0.6589019298553467,0.2135119140148162,0.6952032446861267,0.3494466543197632,0.5457496643066406,0.278771311044693,0.5774379968643188,0.8176217675209045,0.1998786479234695
247,247,test,23783,0.25322026014328,0.6280190944671631,0.2745214402675628,0.6206430792808533,0.2924269735813141,0.5600405335426331,0.4265784025192261,0.4285263121128082,0.6553807258605957,0.2931828200817108,0.8400090336799622,0.1284051686525344,0.31613889336586,0.5598123669624329,0.2664062976837158,0.6437885761260986,0.211337149143219,0.6878842711448669,0.3667806982994079,0.5153623819351196,0.2610506415367126,0.5907514095306396,0.8078272342681885,0.194812923669815
248,248,test,23158,0.5244717597961426,0.3851158022880554,0.4844529032707214,0.4280129075050354,0.8093003034591675,0.1555498540401458,0.8211445212364197,0.1462128162384033,0.8183989524841309,0.1552296429872512,0.8972253203392029,0.1077517047524452,0.7069236636161804,0.2175180912017822,0.6248841881752014,0.2882969677448272,0.4323844313621521,0.4849615097045898,0.8295258283615112,0.1518940478563308,0.1560184061527252,0.6963712573051453,0.5499020218849182,0.3088317215442657
249,249,test,23600,0.2868930399417877,0.5942034721374512,0.31505087018013,0.5756772756576538,0.3778958916664123,0.4759502112865448,0.5266497135162354,0.3422756195068359,0.6652881503105164,0.2621045112609863,0.8600319623947144,0.1249435320496559,0.3908204436302185,0.4891071915626526,0.3104929029941559,0.6012057662010193,0.2342515438795089,0.647924542427063,0.5181174874305725,0.389872670173645,0.232275515794754,0.621523380279541,0.7691234350204468,0.2089321166276931
250,250,train,23287,0.3005153834819793,0.5776262879371643,0.3293945789337158,0.5603280663490295,0.4229073822498321,0.4397549033164978,0.573846161365509,0.3155156373977661,0.7058280110359192,0.2598948776721954,0.8560472130775452,0.1299244463443756,0.4228880107402801,0.4674735963344574,0.3289928734302521,0.5735169649124146,0.2442855983972549,0.6203984618186951,0.5817193388938904,0.3450022637844085,0.2135969847440719,0.6309028267860413,0.7369313836097717,0.2261099368333816
251,251,train,23441,0.2680374979972839,0.6149769425392151,0.2951542735099792,0.5950366854667664,0.3293370902538299,0.5311411023139954,0.4704118967056274,0.3923680186271667,0.6815178990364075,0.2794612050056457,0.8397181630134583,0.129902645945549,0.3468344211578369,0.5357447266578674,0.2897573709487915,0.616467297077179,0.2194350361824035,0.6584526896476746,0.4470035433769226,0.4577390253543854,0.2518924176692962,0.5944811105728149,0.7838830351829529,0.1987420618534088
252,252,test,23544,0.4072688221931457,0.5033437609672546,0.4110942780971527,0.500965416431427,0.6631873846054077,0.2701239287853241,0.7134700417518616,0.2202020585536956,0.7545000314712524,0.2158716470003128,0.8779380917549133,0.1272215843200683,0.5882108807563782,0.3479262590408325,0.4523278772830963,0.4740878343582153,0.322722315788269,0.5711233019828796,0.7165330052375793,0.2344928383827209,0.1751421391963958,0.6765920519828796,0.6506319642066956,0.2701361775398254
253,253,train,24370,0.482755959033966,0.438905656337738,0.4582790434360504,0.4562481641769409,0.7573570013046265,0.19479700922966,0.7788742184638977,0.1757374852895736,0.7982598543167114,0.1848018318414688,0.8840084075927734,0.1206826716661453,0.6679807901382446,0.268374353647232,0.5498095750808716,0.3726653754711151,0.3799342513084411,0.5198312401771545,0.7850605845451355,0.188062235713005,0.1590493619441986,0.6886948943138123,0.5792058706283569,0.2928919494152069
254,254,train,24490,0.6626636385917664,0.2913758456707001,0.5496927499771118,0.3907025754451751,0.8978954553604126,0.1263369470834732,0.9033617377281188,0.120996780693531,0.8980152010917664,0.127197578549385,0.9319162964820862,0.0900206267833709,0.8393017053604126,0.1710888743400573,0.7838495969772339,0.1911862194538116,0.5113697052001953,0.4459554851055145,0.9035634398460388,0.1202495396137237,0.152223065495491,0.6995754241943359,0.5316963195800781,0.3245085477828979
255,255,train,24516,0.2867813408374786,0.6005156636238098,0.3169991075992584,0.5826956033706665,0.3674300611019134,0.4972402453422546,0.5263198614120483,0.3548075258731842,0.6985437273979187,0.2702440023422241,0.8516783118247986,0.1290473788976669,0.3832692801952362,0.5090757608413696,0.3097616732120514,0.6053508520126343,0.235927864909172,0.6523767709732056,0.5151782631874084,0.4085794389247894,0.2327129691839218,0.6239209175109863,0.7656432390213013,0.2105601727962494
256,256,train,23840,0.3246806561946869,0.5418779253959656,0.3500882387161255,0.5355464816093445,0.5100051164627075,0.3638154864311218,0.6255686283111572,0.271338939666748,0.7300147414207458,0.2430283576250076,0.8666658401489258,0.1268602311611175,0.4713709652423858,0.4193597733974457,0.351320743560791,0.537797212600708,0.2603917121887207,0.5894410014152527,0.6295821666717529,0.2986845076084137,0.2039828151464462,0.63694167137146,0.7172315120697021,0.2331629991531372
257,257,test,23074,0.2610510587692261,0.6208288073539734,0.2913555800914764,0.5990365743637085,0.3219671249389648,0.5470144152641296,0.468009203672409,0.4055156111717224,0.6834189295768738,0.2848702073097229,0.843164324760437,0.125661700963974,0.3459852337837219,0.5459327697753906,0.2805241048336029,0.6217750310897827,0.213827833533287,0.6629001498222351,0.4315417110919952,0.4781733751296997,0.2472772002220153,0.6004824638366699,0.7860909104347229,0.1995945572853088
258,258,train,23056,0.3793290257453918,0.5109300017356873,0.3929460048675537,0.5091160535812378,0.5835906863212585,0.2916696965694427,0.6353929042816162,0.2391281574964523,0.7119339108467102,0.2275516241788864,0.8582785129547119,0.1319649517536163,0.5333240628242493,0.3569023013114929,0.4170689582824707,0.4770225286483764,0.3087033629417419,0.5812713503837585,0.6419540047645569,0.2538776993751526,0.1795701533555984,0.673749566078186,0.6517665386199951,0.2648177444934845
259,259,train,23795,0.3848084509372711,0.4982225000858307,0.3985492587089538,0.4997845590114593,0.6115338802337646,0.2700420022010803,0.6650121808052063,0.2308056950569152,0.7275814414024353,0.2211197316646576,0.8662750124931335,0.1323123723268509,0.5363509058952332,0.3428703248500824,0.4248779714107513,0.4732268154621124,0.3145789206027984,0.5743662118911743,0.6740907430648804,0.2484935075044632,0.1780813187360763,0.6749531030654907,0.641338050365448,0.271213173866272
260,260,train,24211,0.247091606259346,0.6249381303787231,0.2663042247295379,0.6248058080673218,0.2935578525066376,0.5632858872413635,0.4207454025745392,0.4389084577560425,0.6745036840438843,0.2843787670135498,0.8368417620658875,0.12394280731678,0.3129098117351532,0.5607308745384216,0.2642877697944641,0.6453797817230225,0.2088506072759628,0.6859132051467896,0.3576527535915375,0.5262540578842163,0.2705487310886383,0.5789375901222229,0.8095069527626038,0.1937035322189331
261,261,train,23696,0.3646234273910522,0.5245486497879028,0.3786517381668091,0.5163747668266296,0.5775107741355896,0.331085592508316,0.6602939367294312,0.2655125558376312,0.741187572479248,0.2445358037948608,0.8692935705184937,0.1297176033258438,0.525069534778595,0.3906760215759277,0.3964311182498932,0.4976630210876465,0.2924692630767822,0.5778631567955017,0.6663271188735962,0.2847824692726135,0.1953452378511428,0.6544545292854309,0.6899065971374512,0.2513450384140014
262,262,train,24282,0.2575907409191131,0.6195641160011292,0.2793972194194793,0.6104013919830322,0.307657927274704,0.5552617311477661,0.4429934024810791,0.4326592087745666,0.6870582103729248,0.2828737795352936,0.8407714366912842,0.1222753450274467,0.3324783742427826,0.5565176606178284,0.2766089141368866,0.6277212500572205,0.2169076353311538,0.6780460476875305,0.3862046003341675,0.5116441249847412,0.2568683624267578,0.5925076007843018,0.8015167117118835,0.1971372365951538
263,263,test,23747,0.2724832892417907,0.6087675094604492,0.3039661645889282,0.5892516374588013,0.3421829640865326,0.5279054641723633,0.5015221238136292,0.3846349418163299,0.6971185803413391,0.2775398790836334,0.8451001048088074,0.1252896785736084,0.3608310222625732,0.5349337458610535,0.2966432273387909,0.6122981905937195,0.224444031715393,0.6520318984985352,0.4522240161895752,0.4579801857471466,0.2475572526454925,0.5989986062049866,0.7942214012145996,0.1969897747039795
264,264,test,24218,0.260311871767044,0.6189166307449341,0.2725454866886139,0.6219284534454346,0.3011853396892547,0.5573246479034424,0.4206171333789825,0.4346187114715576,0.6659976243972778,0.2862889766693115,0.8352226614952087,0.1317942440509796,0.3164335191249847,0.560589611530304,0.270380437374115,0.6417097449302673,0.2156978845596313,0.682015597820282,0.3598296046257019,0.5208883881568909,0.2722015976905823,0.5715144276618958,0.8088658452033997,0.1964606344699859
265,265,train,23265,0.3316363990306854,0.5757944583892822,0.3535494804382324,0.5587933659553528,0.4872761964797973,0.3925594091415405,0.5867268443107605,0.2900732755661011,0.7029899954795837,0.2490073144435882,0.8633999228477478,0.1278011798858642,0.4607864916324615,0.4427716434001922,0.3625728785991668,0.5658671855926514,0.2699199914932251,0.635077714920044,0.5949801206588745,0.313096284866333,0.2072369307279586,0.6497868299484253,0.7194650769233704,0.2387764900922775
266,266,test,23344,0.4697557687759399,0.4513855278491974,0.4476553499698639,0.4686664342880249,0.7381725907325745,0.193402424454689,0.7625360488891602,0.1703391075134277,0.7884341478347778,0.1808685213327407,0.8811944127082825,0.1173328533768653,0.6470910906791687,0.2815409004688263,0.5215373039245605,0.3930713534355163,0.3697210252285003,0.5329083204269409,0.7593095302581787,0.184451013803482,0.1630509942770004,0.6836209297180176,0.5938133597373962,0.2856175303459167
267,267,train,24057,0.4174675941467285,0.4933876395225525,0.4173890352249145,0.4941042959690094,0.7019895315170288,0.2365132719278335,0.7488176226615906,0.2022139728069305,0.7860462665557861,0.2087314277887344,0.8880857825279236,0.1193598061800003,0.6061968803405762,0.3239201605319977,0.4698436856269836,0.4479198157787323,0.3348388075828552,0.5610856413841248,0.7450348138809204,0.224138081073761,0.1708120703697204,0.6807007789611816,0.61857008934021,0.2763057649135589
268,268,train,24194,0.4544154405593872,0.4446355402469635,0.4364723861217499,0.464055985212326,0.7624032497406006,0.1978281736373901,0.7887586951255798,0.1826531589031219,0.8040948510169983,0.1916062980890274,0.8863247036933899,0.1224195659160614,0.6497488021850586,0.279336005449295,0.5372846722602844,0.3730922043323517,0.3723074495792389,0.5190403461456299,0.7888514995574951,0.195788636803627,0.1581480056047439,0.6868571639060974,0.5688046813011169,0.2990367114543915
269,269,train,23524,0.3383076190948486,0.5353052020072937,0.3554699122905731,0.5299965739250183,0.5583662986755371,0.3433945477008819,0.6577683091163635,0.2727572619915008,0.7437828183174133,0.2490622550249099,0.873007595539093,0.1300180405378341,0.5082557797431946,0.4035866260528564,0.3706822693347931,0.5291888117790222,0.2630185484886169,0.5838589072227478,0.66336989402771,0.295297235250473,0.1948203146457672,0.6485552191734314,0.6998204588890076,0.2408817559480667
270,270,train,23455,0.4346312880516052,0.4938109219074249,0.4327023327350616,0.4890012443065643,0.7106646299362183,0.2579689621925354,0.7513139247894287,0.2185351997613906,0.7959620952606201,0.2188844382762909,0.8881627917289734,0.1271847933530807,0.6258811950683594,0.3453796207904815,0.4965841770172119,0.4477825462818146,0.3457344174385071,0.555844247341156,0.7511220574378967,0.2378400713205337,0.1683107167482376,0.6781644225120544,0.6233266592025757,0.2785015702247619
271,271,test,23235,0.2903560400009155,0.5870859622955322,0.3203802704811096,0.5679004788398743,0.386536568403244,0.4671011567115783,0.5326061844825745,0.3384723961353302,0.6849896907806396,0.2718908190727234,0.8517096042633057,0.1272632926702499,0.3953714966773987,0.4859075546264648,0.3131661117076874,0.5876307487487793,0.2317786812782287,0.6296170949935913,0.5399099588394165,0.37135711312294,0.2247349023818969,0.6231313943862915,0.7550135254859924,0.2137157917022705
272,272,train,22971,0.444527804851532,0.4681711494922638,0.432531863451004,0.4790225327014923,0.7359551191329956,0.2375866025686264,0.7755269408226013,0.210042342543602,0.8016508221626282,0.213830754160881,0.8856866955757141,0.129406601190567,0.6352173686027527,0.3256236314773559,0.5123729705810547,0.422806054353714,0.3623585700988769,0.5241661071777344,0.7745459079742432,0.2283382415771484,0.1680208295583725,0.6792455315589905,0.5962383151054382,0.2856553196907043
273,273,train,24428,0.6152535676956177,0.3354551494121551,0.526696503162384,0.4006708264350891,0.8656200766563416,0.1463727205991745,0.8747360706329346,0.1369735896587371,0.8748311400413513,0.1406239867210388,0.9200419187545776,0.0986816212534904,0.7882704734802246,0.202340766787529,0.728643536567688,0.2398021221160888,0.4843281507492065,0.4569078087806701,0.8817381262779236,0.1343615800142288,0.1541838645935058,0.700434148311615,0.539291501045227,0.3174177408218384
274,274,test,24626,0.3950441777706146,0.4791535437107086,0.3972760736942291,0.4870522320270538,0.6437837481498718,0.2561453580856323,0.6871734261512756,0.2264253497123718,0.7402347326278687,0.2219261527061462,0.8611975312232971,0.1369214653968811,0.5706477761268616,0.3248914778232574,0.4444124102592468,0.4403211772441864,0.3175544440746307,0.5435788035392761,0.6872622966766357,0.2407033443450927,0.173966571688652,0.6676703691482544,0.6310575604438782,0.2730117738246918
275,275,train,23313,0.5427711009979248,0.3748673796653747,0.4938262104988098,0.4219253659248352,0.8116937875747681,0.1604421883821487,0.8280255198478699,0.1480708867311477,0.8292297124862671,0.1548382192850113,0.9023841023445128,0.1062992066144943,0.7205760478973389,0.2224708348512649,0.6228645443916321,0.2992039620876312,0.429563820362091,0.4834790527820587,0.8297576904296875,0.1550830155611038,0.1525550931692123,0.6971566081047058,0.5562495589256287,0.3057512938976288
276,276,train,23312,0.4272137582302093,0.4685405194759369,0.4138123095035553,0.4783153235912323,0.7027130722999573,0.2123830020427703,0.7345411777496338,0.1896014809608459,0.7662312984466553,0.1945813149213791,0.8710215091705322,0.1276682764291763,0.6087223291397095,0.2903191447257995,0.4805544316768646,0.41558837890625,0.3375345766544342,0.5380058288574219,0.7426064014434814,0.2022211849689483,0.1638849377632141,0.6763938665390015,0.5967259407043457,0.2838837802410126
277,277,train,24347,0.4616426229476928,0.4479938149452209,0.4444589912891388,0.4676391184329986,0.7350289821624756,0.2103806585073471,0.7701457738876343,0.1831672042608261,0.7894750833511353,0.1889163702726364,0.8871820569038391,0.1202510446310043,0.6412089467048645,0.2916879951953888,0.5154757499694824,0.4047712087631225,0.3637280762195587,0.5364733338356018,0.7653471231460571,0.2017145901918411,0.1611494123935699,0.6913251876831055,0.5969880223274231,0.2867254614830017
278,278,train,24662,0.3467657268047333,0.5373659729957581,0.3711791932582855,0.5300514698028564,0.5308110117912292,0.3607808351516723,0.614539384841919,0.2788316607475281,0.7187332510948181,0.2446410357952118,0.8725824356079102,0.1257234811782837,0.5006160140037537,0.4022025763988495,0.388812392950058,0.5194286704063416,0.2816671729087829,0.6018745303153992,0.6227396130561829,0.300286591053009,0.2017372995615005,0.6508617997169495,0.7156462669372559,0.234145313501358
279,279,train,23485,0.3563280403614044,0.5144692063331604,0.3705675303936004,0.5192566514015198,0.5642144680023193,0.2952063679695129,0.6347165107727051,0.2484357208013534,0.7239047884941101,0.2331832200288772,0.855494499206543,0.1355431824922561,0.4999270439147949,0.3650296330451965,0.3932798206806183,0.487142413854599,0.2927395105361938,0.5776222348213196,0.6450043320655823,0.2626177370548248,0.1821924895048141,0.664239764213562,0.6553009152412415,0.262077659368515
280,280,train,24199,0.5265459418296814,0.3949810266494751,0.4731594026088714,0.4368590116500854,0.8116868734359741,0.1638732254505157,0.8303085565567017,0.1520372182130813,0.8341836333274841,0.1617828011512756,0.8994666934013367,0.1137995570898056,0.717309832572937,0.231890931725502,0.6150000691413879,0.3105891942977905,0.4120771288871765,0.4924290180206299,0.8329753875732422,0.1587626039981842,0.1519718468189239,0.6959137320518494,0.5547003746032715,0.3055918514728546
281,281,train,23334,0.6783283948898315,0.280197411775589,0.5622975826263428,0.3840470612049103,0.9096813201904296,0.1208869442343711,0.9120007157325744,0.1168442666530609,0.9047743082046508,0.1251852661371231,0.9371366500854492,0.0890171900391578,0.8530890345573425,0.1650928556919098,0.7953000068664551,0.1842647045850753,0.529194712638855,0.431935042142868,0.9099522829055786,0.1180461794137954,0.152116984128952,0.697773277759552,0.5330314040184021,0.3241237699985504
282,282,train,23742,0.6028008460998535,0.3219583928585052,0.5264792442321777,0.3982666432857513,0.8568001389503479,0.127575397491455,0.8648320436477661,0.1205692738294601,0.8595256805419922,0.1227162480354309,0.9127653241157532,0.0933496430516243,0.7750744223594666,0.1752802431583404,0.7160473465919495,0.2096425145864486,0.4850187003612518,0.4547115564346313,0.8707264065742493,0.118899367749691,0.1496771872043609,0.6972177624702454,0.5349730253219604,0.3197651207447052
283,283,train,23075,0.3732337057590484,0.5149241089820862,0.3824454545974731,0.5139106512069702,0.5925779342651367,0.3068737685680389,0.6584954857826233,0.253283679485321,0.7337021231651306,0.2347764670848846,0.87110835313797,0.1322505623102188,0.5346630215644836,0.3731471300125122,0.4149379432201385,0.4905270934104919,0.2982693314552307,0.5722986459732056,0.6713262796401978,0.2667133808135986,0.1814173012971878,0.6682537198066711,0.6601960062980652,0.2633245289325714
284,284,train,24242,0.318839281797409,0.577051043510437,0.3477385938167572,0.5591356754302979,0.4641138017177582,0.429901510477066,0.5928581953048706,0.3138165771961212,0.711236298084259,0.2596111893653869,0.8655185103416443,0.1234675720334053,0.4543226659297943,0.4565917551517486,0.3518903851509094,0.5738378763198853,0.2617250680923462,0.6307177543640137,0.5967016816139221,0.3405892848968506,0.2072338610887527,0.6494646668434143,0.7373651266098022,0.226023256778717
285,285,train,23248,0.4672005474567413,0.4451863467693329,0.4372760653495788,0.4659580886363983,0.7767742276191711,0.1965483278036117,0.8010703921318054,0.1817660629749298,0.8171387910842896,0.1932062655687332,0.8925208449363708,0.1203348115086555,0.6667947769165039,0.274856835603714,0.5511301159858704,0.3690099120140075,0.3723568320274353,0.5153189301490784,0.8055345416069031,0.1953310668468475,0.1558233797550201,0.6900344491004944,0.5710051655769348,0.3003547489643097
286,286,train,23058,0.632991373538971,0.3337025344371795,0.5455996990203857,0.3969917893409729,0.8790066242218018,0.144850879907608,0.8902275562286377,0.1355780661106109,0.8888864517211914,0.1421346664428711,0.9285237789154052,0.0992588177323341,0.8000695705413818,0.2051320225000381,0.7444475889205933,0.2392090559005737,0.489680677652359,0.4528919160366058,0.8959569931030273,0.133165180683136,0.1543200016021728,0.6953844428062439,0.5434716939926147,0.3199794590473175
287,287,train,23785,0.2969171106815338,0.5812864303588867,0.3262563645839691,0.5683316588401794,0.3865367472171783,0.4727973043918609,0.5372845530509949,0.3459203839302063,0.6947009563446045,0.2668299078941345,0.8539896607398987,0.1276500672101974,0.3993271589279175,0.4841819405555725,0.3197187483310699,0.5815080404281616,0.2400627881288528,0.6334477663040161,0.5342308878898621,0.3857589066028595,0.2308010458946228,0.6210569143295288,0.759453296661377,0.2150419205427169
288,288,train,24296,0.7939735054969788,0.1867608577013015,0.6507670879364014,0.3253974020481109,0.925428867340088,0.1056109964847564,0.9257930517196656,0.104835532605648,0.927246391773224,0.1046928986907005,0.9465401768684388,0.0786453634500503,0.8948004841804504,0.1315196305513382,0.8795608282089233,0.1290854662656784,0.6047601103782654,0.3873313367366791,0.9283798336982728,0.1020571291446685,0.1719455868005752,0.6849106550216675,0.532810389995575,0.3255739510059356
289,289,test,23592,0.2671821713447571,0.6251077055931091,0.3028351962566376,0.5972726941108704,0.3334309160709381,0.5403095483779907,0.4881575107574463,0.3948926329612732,0.6915854811668396,0.2750018239021301,0.8384412527084351,0.1284333616495132,0.3503179252147674,0.5441420674324036,0.2897631824016571,0.6249568462371826,0.2223677486181259,0.6676744818687439,0.4543127119541168,0.4586348831653595,0.2398827672004699,0.6126781702041626,0.7781134247779846,0.1998638361692428
290,290,train,23882,0.2516313195228576,0.6240571141242981,0.277736485004425,0.6093958616256714,0.3045392632484436,0.5574020743370056,0.4451581835746765,0.4174769520759582,0.6774270534515381,0.2876017391681671,0.8336374759674072,0.1295760422945022,0.3278081119060516,0.5568061470985413,0.2754859924316406,0.6310119032859802,0.2117048650979995,0.6694586277008057,0.3968433737754822,0.5033377408981323,0.259177029132843,0.5900872349739075,0.7952653765678406,0.1966195702552795
291,291,train,24215,0.34299236536026,0.5304847955703735,0.3650016486644745,0.5244878530502319,0.5374767184257507,0.3368655741214752,0.6226643919944763,0.2647909522056579,0.7182876467704773,0.2378924489021301,0.8666846752166748,0.1281428188085556,0.4987533986568451,0.3905138671398163,0.3785408735275268,0.5152219533920288,0.2784372866153717,0.5916463732719421,0.6315551996231079,0.2831763327121734,0.1958310157060623,0.6503660082817078,0.7044087648391724,0.2399266362190246
292,292,train,23791,0.2561361491680145,0.6260808110237122,0.2838364243507385,0.607311487197876,0.3050163686275482,0.5541244745254517,0.454131543636322,0.4123191833496094,0.6872111558914185,0.2795491814613342,0.8348057866096497,0.1286502629518509,0.3283573985099792,0.5562112331390381,0.2763067185878753,0.6287007331848145,0.2128068804740905,0.6686949133872986,0.407168984413147,0.4929531216621399,0.2563521862030029,0.5926547050476074,0.7967435717582703,0.1912677884101867
293,293,train,23992,0.2579876780509949,0.6184006333351135,0.2821332216262817,0.6009641885757446,0.3215611279010772,0.5413814187049866,0.4694812297821045,0.4012346863746643,0.7001912593841553,0.2813226878643036,0.8438916802406311,0.1227756068110466,0.3398238122463226,0.541823148727417,0.282208651304245,0.6219955682754517,0.2161387950181961,0.669055163860321,0.4268918335437774,0.4764438569545746,0.256302148103714,0.5866966843605042,0.8011213541030884,0.1906031519174575
294,294,train,24071,0.6471817493438721,0.2979534864425659,0.5461961030960083,0.3898889422416687,0.89145827293396,0.1226020082831382,0.8949808478355408,0.1175620853900909,0.8888229727745056,0.1232139691710472,0.9305911064147948,0.0892704427242279,0.821058452129364,0.1664884686470031,0.7612355351448059,0.195864737033844,0.5038427710533142,0.4471267759799957,0.8986168503761292,0.1177158132195472,0.1518960297107696,0.6987321376800537,0.5355648994445801,0.3212015032768249
295,295,test,24656,0.3842805325984955,0.5084419250488281,0.3901522755622864,0.509443998336792,0.603981614112854,0.2841538190841675,0.6574128866195679,0.2375265657901764,0.7219366431236267,0.2279481291770935,0.864142656326294,0.1315213441848755,0.5413361191749573,0.3575517833232879,0.4225457310676574,0.4731478095054626,0.309681087732315,0.5725038647651672,0.6566197872161865,0.2536119222640991,0.182349607348442,0.667129635810852,0.6520533561706543,0.2633990347385406
296,296,train,24232,0.6889220476150513,0.2676705121994018,0.5592238903045654,0.3826856017112732,0.9101463556289672,0.1202936023473739,0.9122551083564758,0.116667591035366,0.9069714546203612,0.1238642483949661,0.9390809535980223,0.0879757702350616,0.8516359925270081,0.1637416779994964,0.7980223298072815,0.178349107503891,0.5274052619934082,0.4317927062511444,0.912038266658783,0.1161580085754394,0.1579795777797699,0.6946244239807129,0.5359873175621033,0.3219618201255798
297,297,train,24297,0.406438946723938,0.5083760023117065,0.4072171151638031,0.505646288394928,0.6767567992210388,0.2729378640651703,0.7359670400619507,0.2280719876289367,0.7797715663909912,0.2293226569890976,0.8782312273979187,0.131142646074295,0.5848895907402039,0.358894020318985,0.4529795050621032,0.4671505689620971,0.3255200386047363,0.5681731104850769,0.7275308966636658,0.2454167604446411,0.1797515600919723,0.6685940623283386,0.6385365724563599,0.2700525522232055
298,298,train,23630,0.4803377985954284,0.4332452118396759,0.4501671493053436,0.4562337696552276,0.7669903039932251,0.1898526102304458,0.7872509956359863,0.1726851761341095,0.8073908090591431,0.1832407861948013,0.8913994431495667,0.1204962283372879,0.6688334941864014,0.2696387469768524,0.5623449683189392,0.3611112833023071,0.3880045115947723,0.509681224822998,0.7932456731796265,0.1846915781497955,0.1562344282865524,0.6905714273452759,0.5712001919746399,0.2985858023166656
299,299,train,23398,0.5964667201042175,0.3466231226921081,0.5232126116752625,0.4093518257141113,0.8551881313323975,0.1387739479541778,0.8614189624786377,0.1316528618335724,0.8672415614128113,0.141006052494049,0.9101252555847168,0.1000799313187599,0.7700629234313965,0.2042175829410553,0.7008029818534851,0.243510290980339,0.4779322743415832,0.4603806138038635,0.8732919096946716,0.1320287734270095,0.1518490016460418,0.6960130333900452,0.5352919101715088,0.3184325098991394
300,300,train,23580,0.6953319311141968,0.2647202312946319,0.568515419960022,0.3780409693717956,0.9072900414466858,0.1188215315341949,0.9105437994003296,0.1151213720440864,0.901649534702301,0.1217370331287384,0.9374178051948548,0.0876691788434982,0.84602290391922,0.1588650345802307,0.7995757460594177,0.1767554581165313,0.5406174659729004,0.4261559844017029,0.909013569355011,0.1156187802553176,0.1565854698419571,0.6962807178497314,0.5321947932243347,0.3236599564552307
301,301,test,24566,0.3006175756454468,0.5700860619544983,0.3325268626213074,0.5541879534721375,0.414325088262558,0.4457915723323822,0.5731799006462097,0.3178909122943878,0.7224863171577454,0.2643184065818786,0.8567265272140503,0.1283127516508102,0.4134551584720611,0.4691015481948852,0.3259576559066772,0.5679132342338562,0.245562344789505,0.6099405884742737,0.5777519345283508,0.3508360087871551,0.2200344651937484,0.6266536712646484,0.7438695430755615,0.2142450213432312
302,302,train,23395,0.2524241209030151,0.6205116510391235,0.2633716166019439,0.6339936852455139,0.2946953177452087,0.5587896108627319,0.4132986664772033,0.4475097060203552,0.6548596620559692,0.2980670928955078,0.8362630605697632,0.124259665608406,0.3168799579143524,0.5625349879264832,0.266005665063858,0.6445175409317017,0.2134668827056884,0.6850590705871582,0.3494031727313995,0.5312541723251343,0.2754412591457367,0.5754781365394592,0.8139309287071228,0.1925506442785263
303,303,test,23671,0.2594036161899566,0.6206536293029785,0.2652963399887085,0.6301328539848328,0.292901337146759,0.5662106871604919,0.3918559551239013,0.4568535983562469,0.6348665952682495,0.3048768043518066,0.8245717287063599,0.1343647837638855,0.3132519721984863,0.5683850646018982,0.2660998702049255,0.6465592980384827,0.217505007982254,0.6900159120559692,0.3401682078838348,0.543276309967041,0.2764043509960174,0.5786296725273132,0.8112870454788208,0.2088062614202499
304,304,train,23091,0.3600451648235321,0.5352488160133362,0.3761492967605591,0.5250002145767212,0.5646413564682007,0.334631085395813,0.6420336961746216,0.2480448782444,0.7283917665481567,0.2306007593870163,0.8680040240287781,0.1283012628555297,0.5096110701560974,0.4000551402568817,0.3995292782783508,0.5166766047477722,0.2920856475830078,0.597926139831543,0.6457250714302063,0.2690636217594147,0.1931147426366806,0.6612762808799744,0.6847027540206909,0.2539503872394562
305,305,train,24658,0.460585206747055,0.4396087825298309,0.4474566578865051,0.4551438987255096,0.7280955910682678,0.1940077394247055,0.7521119713783264,0.1774819195270538,0.7801414132118225,0.1834657341241836,0.8817204236984253,0.1200539469718933,0.6300833225250244,0.2677440047264099,0.5342434644699097,0.368015319108963,0.3748662173748016,0.5146836638450623,0.7616092562675476,0.1886889338493347,0.158778578042984,0.6893699765205383,0.582091212272644,0.2939026057720184
306,306,train,23375,0.3181902766227722,0.567007303237915,0.3445234298706054,0.556899905204773,0.4605750441551208,0.4345061480998993,0.5948951244354248,0.3282697796821594,0.7095035314559937,0.2665905654430389,0.8687445521354675,0.1241865679621696,0.4592155516147613,0.4607011079788208,0.3534668087959289,0.5737442374229431,0.2570692896842956,0.6320798993110657,0.5947326421737671,0.3609819412231445,0.2244930863380432,0.6325892806053162,0.7516273260116577,0.225343182682991
307,307,train,23412,0.5820959210395813,0.35919189453125,0.5183855295181274,0.411013662815094,0.8473037481307983,0.1449928134679794,0.8543468713760376,0.1354386806488037,0.8536327481269836,0.1444907635450363,0.910495102405548,0.1042591854929924,0.7626693844795227,0.2016137540340423,0.6990470290184021,0.2544789314270019,0.4622707962989807,0.4656137526035309,0.8628429770469666,0.1390375643968582,0.1534188836812973,0.6924861073493958,0.5417894124984741,0.3165626525878906
308,308,test,23444,0.3793482780456543,0.5035603642463684,0.3918608725070953,0.5031813979148865,0.579316258430481,0.3012172877788543,0.64319908618927,0.2513414025306701,0.7180649042129517,0.2291726917028427,0.8701476454734802,0.1316101998090744,0.5277554988861084,0.3581374883651733,0.4178312718868255,0.4799605309963226,0.3049914240837097,0.5736258625984192,0.6522938013076782,0.2633012235164642,0.1849793046712875,0.6667383313179016,0.6608486175537109,0.2600458860397339
309,309,test,24099,0.3287256062030792,0.5653421878814697,0.3532674312591553,0.5506005883216858,0.4799986481666565,0.4288996756076813,0.6072730422019958,0.3249863088130951,0.7133488655090332,0.272845596075058,0.8612236976623535,0.1297294199466705,0.4743623733520508,0.4575497806072235,0.3660416007041931,0.5620003938674927,0.2625481486320495,0.6186988353729248,0.6095948815345764,0.3539053797721863,0.2169571369886398,0.6378988027572632,0.7360144853591919,0.2278285175561905
310,310,train,24504,0.3331317901611328,0.5459529757499695,0.3495211005210876,0.536959707736969,0.4975619614124298,0.3633290529251098,0.5912684202194214,0.2809666097164154,0.7019490599632263,0.2468841522932052,0.8649982810020447,0.128373920917511,0.4735912382602691,0.4085767269134521,0.3633182942867279,0.5292760133743286,0.2660431861877441,0.6003710031509399,0.604999303817749,0.2984576821327209,0.1995409727096557,0.651812732219696,0.7100669741630554,0.2372684180736541
311,311,train,23691,0.3823138773441314,0.5218304395675659,0.3941130638122558,0.5144820809364319,0.6125363111495972,0.2863109707832336,0.6685891151428223,0.2351235896348953,0.7536448836326599,0.2285688370466232,0.8713622689247131,0.1325045078992843,0.5465689301490784,0.3659863173961639,0.4220081865787506,0.4891808331012726,0.3113616108894348,0.57430100440979,0.6790930032730103,0.2533131837844848,0.1803801208734512,0.6683841347694397,0.6443357467651367,0.269443154335022
312,312,train,24461,0.2855858206748962,0.5920643210411072,0.3168438971042633,0.5755738615989685,0.3781557381153106,0.4768941402435303,0.5251508951187134,0.3508206605911255,0.6779322624206543,0.2683319747447967,0.8556362986564636,0.1242682337760925,0.3936096131801605,0.4934134483337402,0.3132257163524627,0.5960347652435303,0.2347889244556427,0.6452313661575317,0.5204885005950928,0.3930953443050384,0.2284043133258819,0.6229184865951538,0.762095034122467,0.2095663696527481
313,313,train,22954,0.3719440698623657,0.5276616811752319,0.3866659104824066,0.520340085029602,0.6200312972068787,0.3123946189880371,0.7073201537132263,0.2491994351148605,0.758285403251648,0.2381560355424881,0.8811056613922119,0.1236664652824401,0.5434237718582153,0.3836553692817688,0.4134784638881683,0.5005930066108704,0.2961703836917877,0.588136613368988,0.6938168406486511,0.2710872590541839,0.189377874135971,0.6615955829620361,0.6756587028503418,0.2549159824848175
314,314,test,24417,0.2619107663631439,0.6288998126983643,0.2900162041187286,0.6112106442451477,0.3218230605125427,0.5524216890335083,0.4716698229312897,0.4153542816638946,0.6785444021224976,0.2866082787513733,0.8467444777488708,0.126691073179245,0.3471981585025787,0.5548393130302429,0.2894281446933746,0.6394395232200623,0.2197590619325637,0.6797653436660767,0.4198589622974396,0.4935666918754577,0.259063720703125,0.5990220904350281,0.7979752421379089,0.1962392926216125
315,315,test,23016,0.4694406688213348,0.4658440351486206,0.4523721933364868,0.4725154340267181,0.7833659052848816,0.2149589955806732,0.8221740126609802,0.184974119067192,0.8364955186843872,0.1998393535614013,0.8992060422897339,0.1206662282347679,0.6915848255157471,0.3044432401657104,0.5413574576377869,0.4108349978923797,0.3696943819522857,0.5335363745689392,0.8131587505340576,0.2034539133310318,0.162588283419609,0.6846165657043457,0.6063324213027954,0.2861934304237366
316,316,train,23217,0.2607136368751526,0.6205136775970459,0.2640140354633331,0.6322591304779053,0.3007312715053558,0.5642322897911072,0.4136555194854736,0.4523113965988159,0.6444783806800842,0.301995038986206,0.827903687953949,0.1356190890073776,0.3129870295524597,0.5692609548568726,0.2692769467830658,0.6408824920654297,0.2221803814172744,0.6849112510681152,0.3642975389957428,0.5324828028678894,0.2709255218505859,0.5756108164787292,0.8118545413017273,0.2080037891864776
317,317,train,23383,0.2775320708751678,0.5985921621322632,0.3055177330970764,0.5759677290916443,0.3584214746952057,0.5070967674255371,0.5227888226509094,0.3617369532585144,0.6975473165512085,0.276610404253006,0.8440269231796265,0.1288169026374817,0.3770185708999634,0.5163453817367554,0.3040562868118286,0.5996935367584229,0.2262597680091858,0.6390217542648315,0.5031811594963074,0.4185132980346679,0.2352264970541,0.6129860281944275,0.7725415229797363,0.2027984410524368
318,318,train,23778,0.4789690971374511,0.4521029889583587,0.4549638032913208,0.4667018353939056,0.7574758529663086,0.2003255784511566,0.7819637060165405,0.1796940118074417,0.8072604537010193,0.1862305849790573,0.8910796642303467,0.1189858615398407,0.6643626093864441,0.2831562757492065,0.5488832592964172,0.3890538513660431,0.3871953189373016,0.5201728940010071,0.7846369743347168,0.1915065348148346,0.1561182290315628,0.6924387216567993,0.5780432224273682,0.293571799993515
319,319,train,24392,0.5652701258659363,0.3616046011447906,0.5010322332382202,0.4153474569320678,0.8210954070091248,0.1436323970556259,0.8310542702674866,0.1343525052070617,0.838870108127594,0.1403184533119201,0.9005606174468994,0.1038088500499725,0.7354658246040344,0.1956519186496734,0.675631582736969,0.2494468688964843,0.4439208805561065,0.4703631103038788,0.8482829928398132,0.1358150392770767,0.1504841446876526,0.6988948583602905,0.5443337559700012,0.3118277192115783
320,320,train,24666,0.71737140417099,0.256449282169342,0.5934441089630127,0.3670509755611419,0.9106595516204834,0.1219276934862136,0.9137429594993592,0.1180900931358337,0.914583683013916,0.1206901594996452,0.937757134437561,0.0901239961385726,0.8630425333976746,0.1606245189905166,0.8383617997169495,0.1686517596244812,0.566748857498169,0.4209195673465729,0.9160538911819458,0.1178696826100349,0.1545301973819732,0.6973838210105896,0.5181048512458801,0.3320215344429016
321,321,test,23721,0.37936532497406,0.5140171647071838,0.3930132687091827,0.50972980260849,0.6216159462928772,0.2871967256069183,0.6786326169967651,0.2342003583908081,0.7460699081420898,0.2226971089839935,0.866956353187561,0.1306734830141067,0.5601134300231934,0.3552137315273285,0.4318316876888275,0.4812251031398773,0.3092089593410492,0.5750083327293396,0.6820188164710999,0.252393513917923,0.1862422078847885,0.6638650298118591,0.6611292958259583,0.2620647251605987
322,322,train,23744,0.531939685344696,0.3870880305767059,0.4828914105892181,0.4303824305534363,0.8230719566345215,0.1509267389774322,0.8338716626167297,0.1406355947256088,0.8372148275375366,0.1482309252023697,0.905281662940979,0.1042102947831153,0.7176899313926697,0.2158639729022979,0.6375332474708557,0.2783268392086029,0.4369667470455169,0.4840070009231567,0.8452209830284119,0.1449856162071228,0.152925968170166,0.696475088596344,0.545608639717102,0.310005784034729
323,323,train,23550,0.6047946214675903,0.3384247720241546,0.5111473202705383,0.4065070450305938,0.860661506652832,0.1406012177467346,0.8684073090553284,0.1318458318710327,0.8592818975448608,0.1419500261545181,0.9157451391220092,0.0997223779559135,0.7833899855613708,0.1893769353628158,0.7066358327865601,0.237680122256279,0.4617308676242828,0.4607262015342712,0.8692818284034729,0.1350019425153732,0.1504653096199035,0.6951466202735901,0.5423749685287476,0.3136582672595978
324,324,train,23873,0.3244762718677521,0.5593705177307129,0.3517634868621826,0.545466959476471,0.4902517795562744,0.3907013535499573,0.6015844941139221,0.2921455502510071,0.7140438556671143,0.2525408864021301,0.8661593794822693,0.1269316524267196,0.4705356657505035,0.428932636976242,0.3601159751415252,0.5449985861778259,0.2659958004951477,0.6145752668380737,0.6059216856956482,0.3141516149044037,0.2054039537906646,0.6474886536598206,0.7200213074684143,0.2319926172494888
325,325,train,23741,0.3197949528694153,0.5582228302955627,0.3448344469070434,0.5430817008018494,0.4894990622997284,0.4007481336593628,0.6314898729324341,0.294735848903656,0.7325919270515442,0.2565873563289642,0.8636022210121155,0.1280996352434158,0.4673662781715393,0.4376830458641052,0.3480452299118042,0.545030951499939,0.2597761452198028,0.5989339351654053,0.6383737921714783,0.3189326524734497,0.2107215225696563,0.6342194080352783,0.7221537828445435,0.2337229400873184
326,326,train,23365,0.2776249647140503,0.599169135093689,0.3089729845523834,0.5826134085655212,0.3663179576396942,0.4963725209236145,0.5297882556915283,0.3588809967041015,0.7105592489242554,0.2682541310787201,0.8516284227371216,0.1236233934760093,0.3856655359268188,0.5065211653709412,0.3055665493011474,0.6046311259269714,0.2284237444400787,0.651463508605957,0.5170950293540955,0.4159223437309265,0.2308159619569778,0.6232737302780151,0.7670890092849731,0.2041982859373092
327,327,train,23888,0.3970099091529846,0.4877664744853973,0.4009499251842499,0.4943790435791015,0.6330704689025879,0.2445974349975586,0.6788891553878784,0.21504607796669,0.7424699664115906,0.216066226363182,0.8648179769515991,0.1314838230609893,0.5543510913848877,0.3251495361328125,0.4430670440196991,0.4481417536735534,0.3239912092685699,0.5559791326522827,0.6886461973190308,0.2303083091974258,0.1713773757219314,0.6795838475227356,0.6190735101699829,0.2782561182975769
328,328,train,23511,0.368851751089096,0.5049045085906982,0.3825024962425232,0.5100809335708618,0.5941107273101807,0.3043971955776214,0.6699125170707703,0.2446135878562927,0.7380034923553467,0.2338044941425323,0.871347963809967,0.1287319064140319,0.5389847159385681,0.3677631616592407,0.4170461595058441,0.4833449423313141,0.2949578464031219,0.5746412873268127,0.6679067611694336,0.2651820182800293,0.1849766820669174,0.6618137359619141,0.6844171285629272,0.2512788772583008
329,329,train,23225,0.2515269815921783,0.6163721680641174,0.2676299512386322,0.6209002137184143,0.2963784635066986,0.5550848245620728,0.4206316769123077,0.4310284256935119,0.666541337966919,0.2868005633354187,0.8399036526679993,0.1276658326387405,0.3111625015735626,0.5547432899475098,0.2626524269580841,0.6363635063171387,0.2079290747642517,0.6815796494483948,0.3626454174518585,0.526558518409729,0.2660987377166748,0.5764092206954956,0.8131944537162781,0.1975680887699127
330,330,train,24454,0.6467533111572266,0.2842325568199157,0.5430549383163452,0.3878974318504333,0.8892951011657715,0.1170438006520271,0.8922901749610901,0.1122494265437126,0.8833561539649963,0.1172430142760276,0.9272310137748718,0.0865118205547332,0.8156389594078064,0.159268781542778,0.7627191543579102,0.183034136891365,0.5148061513900757,0.4369881451129913,0.8961910605430603,0.1130644232034683,0.1556228697299957,0.6957637667655945,0.5321977734565735,0.3232727646827698
331,331,train,23220,0.2691430449485779,0.6239240765571594,0.2676038742065429,0.6294144988059998,0.3051151037216186,0.5693492889404297,0.4228594005107879,0.4485708177089691,0.6595613956451416,0.2970475852489471,0.8302581906318665,0.1341507285833358,0.3213721513748169,0.5719700455665588,0.2753196954727173,0.6425197720527649,0.2263748496770858,0.6847215890884399,0.3593330979347229,0.5509706139564514,0.2800802588462829,0.5734728574752808,0.8088053464889526,0.2012220621109008
332,332,test,24434,0.7856871485710144,0.1955832540988922,0.6363344788551331,0.3371892273426056,0.9206284284591676,0.1105938628315925,0.9212229251861572,0.1093474403023719,0.9183415174484252,0.1131610125303268,0.9408188462257384,0.0839855894446373,0.8838149905204773,0.1393239051103592,0.868479311466217,0.1380621343851089,0.6072912812232971,0.3867908120155334,0.9217378497123718,0.108839638531208,0.17074716091156,0.6863417625427246,0.5310399532318115,0.3231813907623291
333,333,train,24222,0.32503342628479,0.5571649670600891,0.3493059575557709,0.537408709526062,0.4709729850292206,0.4344837963581085,0.6234007477760315,0.3154956698417663,0.7352836728096008,0.2621720135211944,0.8620938062667847,0.1224341467022895,0.4572136104106903,0.4653701186180115,0.3549286425113678,0.5539107322692871,0.2602562010288238,0.6032033562660217,0.6150985956192017,0.3497729301452636,0.223043292760849,0.6169379949569702,0.7512710690498352,0.2147378325462341
334,334,train,24589,0.2576441764831543,0.6316738128662109,0.2598917186260223,0.6350194215774536,0.2972131669521332,0.5723181366920471,0.4021843373775482,0.4599893689155578,0.6353847980499268,0.3094372451305389,0.8200422525405884,0.1393567621707916,0.3084335625171661,0.5791188478469849,0.2681331932544708,0.6471452713012695,0.2166168689727783,0.690498948097229,0.3539347648620605,0.5420165657997131,0.2687671184539795,0.5766577124595642,0.8120267391204834,0.2088809013366699
335,335,train,23121,0.2755612730979919,0.6076826453208923,0.3088001608848572,0.5883230566978455,0.3505195677280426,0.5077998638153076,0.4994038343429565,0.3628518283367157,0.6820210814476013,0.2696609795093536,0.8513770699501038,0.1229361444711685,0.3745020627975464,0.5122783184051514,0.3008357286453247,0.6139558553695679,0.2280626595020294,0.6595110297203064,0.4822090566158294,0.4247002601623535,0.2345229983329773,0.6193010807037354,0.7839970588684082,0.1981371343135833
336,336,train,24116,0.2743076682090759,0.613002359867096,0.2706059217453003,0.63570636510849,0.3118874728679657,0.5568915605545044,0.4056956470012665,0.4600220918655395,0.6342482566833496,0.3097960650920868,0.8123325109481812,0.1494898349046707,0.3293597102165222,0.5686876177787781,0.2753250896930694,0.6416065692901611,0.2301068305969238,0.6820681095123291,0.3542122840881347,0.5475574135780334,0.2863799333572387,0.576707124710083,0.8090786933898926,0.2185396552085876
337,337,train,24418,0.3626353144645691,0.5467682480812073,0.3816206157207489,0.5333366394042969,0.5848969221115112,0.3700679838657379,0.7172544598579407,0.2716221213340759,0.7707584500312805,0.2464619278907776,0.8824305534362793,0.1219392418861389,0.5482038855552673,0.4181436896324157,0.4058165550231933,0.5335759520530701,0.2879427671432495,0.6056577563285828,0.7030854821205139,0.2958702147006988,0.1992637068033218,0.6490254998207092,0.7111030220985413,0.2424501925706863
338,338,train,24725,0.5389403700828552,0.3981487154960632,0.4981854557991028,0.4277331829071045,0.8108969926834106,0.1758608669042587,0.8298982381820679,0.1615212112665176,0.8483281135559082,0.1672562807798385,0.9004338979721069,0.1153773888945579,0.7246106863021851,0.2478978037834167,0.6458460688591003,0.3114672899246216,0.4271295368671417,0.4822196364402771,0.841698944568634,0.1675751507282257,0.1553326249122619,0.6895484924316406,0.5493729710578918,0.3101312518119812
339,339,train,24100,0.2703457474708557,0.6202573776245117,0.3041927516460418,0.5958901047706604,0.3501398265361786,0.5293780565261841,0.5103304386138916,0.3799123764038086,0.7049699425697327,0.2700416147708893,0.8516677618026733,0.1215344592928886,0.3636353611946106,0.5449971556663513,0.2960951030254364,0.6223193407058716,0.221308633685112,0.6624580025672913,0.471468448638916,0.4485048651695251,0.2436108738183975,0.607491135597229,0.7886075973510742,0.1988540738821029
340,340,train,24420,0.2599406540393829,0.6162078380584717,0.265127956867218,0.6332439184188843,0.2909013628959656,0.5752339363098145,0.3830288648605346,0.4832215309143066,0.6421054601669312,0.3148311972618103,0.7984357476234436,0.1607230305671692,0.3070639371871948,0.5812118649482727,0.2719796597957611,0.6353526711463928,0.2322602123022079,0.6722247004508972,0.3345510065555572,0.5673977732658386,0.2815440893173218,0.5749780535697937,0.7986733317375183,0.2183998227119445
341,341,test,24648,0.6656321287155151,0.2768177390098572,0.5594192743301392,0.3808089792728424,0.8906006217002869,0.1186970472335815,0.893753170967102,0.114038698375225,0.8867545127868652,0.1183408051729202,0.9282487630844116,0.0881572291254997,0.8262876868247986,0.1594604849815368,0.7825251817703247,0.178453654050827,0.5252357721328735,0.4325873851776123,0.8987062573432922,0.1139697283506393,0.1569176316261291,0.6944054961204529,0.5336644649505615,0.3243562579154968
342,342,test,24023,0.5276715159416199,0.3899872899055481,0.4762896299362182,0.4382178485393524,0.8159224390983582,0.1570422500371933,0.826530933380127,0.1444085091352462,0.82660311460495,0.1542937159538269,0.899030864238739,0.1083139777183532,0.722596287727356,0.2185570299625396,0.6322592496871948,0.2923919856548309,0.4141948223114013,0.4891456961631775,0.8300970792770386,0.1525753438472747,0.1545870453119278,0.6951789855957031,0.5492361783981323,0.3091862499713897
343,343,train,24498,0.3191796541213989,0.5539233088493347,0.3488039374351501,0.5456101894378662,0.4792244732379913,0.3882042467594147,0.5927060842514038,0.2922417521476745,0.71769118309021,0.2543404102325439,0.8586058020591736,0.1329811215400695,0.4649423062801361,0.4322931170463562,0.3525337874889374,0.547389030456543,0.2596659958362579,0.6024314165115356,0.6122997999191284,0.3136175274848938,0.20256869494915,0.640612781047821,0.7140779495239258,0.2343731075525283
344,344,train,24204,0.3527568876743316,0.5196248888969421,0.368972510099411,0.5164940357208252,0.5608689785003662,0.3145513832569122,0.6266215443611145,0.2593560516834259,0.719265878200531,0.2380480021238327,0.8667946457862854,0.132452443242073,0.5127314925193787,0.3760417401790619,0.3899283409118652,0.4991113245487213,0.2857492566108703,0.5791373252868652,0.6472883224487305,0.2708383798599243,0.1906905323266983,0.6542562246322632,0.6814576983451843,0.2544350326061249
345,345,train,23134,0.2584816515445709,0.613078773021698,0.2863075733184814,0.5994038581848145,0.3107218444347381,0.5425686240196228,0.4351833462715149,0.4204375445842743,0.674724817276001,0.2864085435867309,0.8322200775146484,0.1291006952524185,0.3329450190067291,0.5427706241607666,0.277560144662857,0.6157392263412476,0.2168035507202148,0.6639537215232849,0.4019858539104461,0.4889053702354431,0.2547910809516907,0.5973846316337585,0.795813262462616,0.1902585923671722
346,346,train,23487,0.4556863605976105,0.4606862366199493,0.4371781349182129,0.4722563326358795,0.7353392839431763,0.2128978073596954,0.7670238614082336,0.1943872720003128,0.7983441352844238,0.1963226050138473,0.8872230648994446,0.1213319003582,0.6487950682640076,0.2970643937587738,0.528617799282074,0.4002856910228729,0.3663195669651031,0.5228919982910156,0.7708530426025391,0.2042513191699981,0.1606204658746719,0.6836804747581482,0.591572105884552,0.2918403148651123
347,347,train,24742,0.3609329164028168,0.5168539881706238,0.3850649893283844,0.5149073600769043,0.5785753726959229,0.2996821999549866,0.6466659307479858,0.2458618581295013,0.7272539138793945,0.2313965409994125,0.8736217021942139,0.1278299540281295,0.5183363556861877,0.3675723969936371,0.4075015187263489,0.4992698431015014,0.2975788712501526,0.5949815511703491,0.6546057462692261,0.265318214893341,0.1891739219427108,0.6672101616859436,0.678399920463562,0.257172018289566
348,348,train,24730,0.5760795474052429,0.3452086746692657,0.5069681406021118,0.4135303199291229,0.8452075719833374,0.1369290798902511,0.8529881834983826,0.1275410950183868,0.8538467288017273,0.1320395469665527,0.9086905121803284,0.099103182554245,0.7611601948738098,0.1873083561658859,0.6912916302680969,0.2416845858097076,0.458877682685852,0.4659421443939209,0.8645821809768677,0.1291923373937606,0.1553912311792373,0.6969689130783081,0.5391356348991394,0.3156281113624573
349,349,train,24712,0.3630106449127197,0.5219864249229431,0.3792024850845337,0.5180572867393494,0.5952003002166748,0.2996653914451599,0.668300986289978,0.2447948455810547,0.7434543371200562,0.2353328764438629,0.871285080909729,0.1279114633798599,0.5321108102798462,0.3689257204532623,0.4013753235340118,0.4958767294883728,0.2924765944480896,0.5779746770858765,0.6637893915176392,0.2666128575801849,0.1866662204265594,0.6567546129226685,0.6669818162918091,0.2566142976284027
350,350,train,23490,0.2529947459697723,0.6278244256973267,0.2852152287960052,0.605339765548706,0.3078902959823608,0.5517143607139587,0.4630599021911621,0.4100917875766754,0.6865959763526917,0.2853499352931976,0.8423948287963867,0.1261771470308303,0.329000174999237,0.5535005331039429,0.2717857956886291,0.6301814913749695,0.2105896919965744,0.6742345690727234,0.4135685265064239,0.4827229082584381,0.2496103197336197,0.6009290218353271,0.7899627089500427,0.197725236415863
351,351,test,24637,0.3786341845989227,0.5128531455993652,0.3871711492538452,0.5126259922981262,0.6245371699333191,0.2799917757511139,0.6843061447143555,0.2325881719589233,0.7530191540718079,0.2274584621191024,0.875030517578125,0.1254853308200836,0.546670138835907,0.3652596175670624,0.4191573560237884,0.4830766022205353,0.3075482547283172,0.5736251473426819,0.6877278089523315,0.2502637207508087,0.1801837682723999,0.6698014140129089,0.6476608514785767,0.2645691931247711
352,352,test,24467,0.317313402891159,0.5681965351104736,0.3440192341804504,0.5566793084144592,0.4538148641586303,0.4107600450515747,0.575154721736908,0.3052484393119812,0.7088718414306641,0.2577666044235229,0.8584250807762146,0.1309636980295181,0.4408827722072601,0.4379624426364898,0.3409938514232635,0.5648185014724731,0.2565754652023315,0.6242729425430298,0.5899395942687988,0.3280085027217865,0.2113348096609115,0.6382237672805786,0.7239596843719482,0.2299505025148391
353,353,train,24440,0.3481735587120056,0.5313436985015869,0.3671052753925323,0.5280544757843018,0.513509213924408,0.3367895185947418,0.5948213934898376,0.2726095020771026,0.6815609335899353,0.2460303902626037,0.8587794303894043,0.1362140476703643,0.4846720695495605,0.3902148604393005,0.3834784924983978,0.5132602453231812,0.2803699374198913,0.6032158136367798,0.6073462963104248,0.2877018749713897,0.1938472837209701,0.6586216688156128,0.6912199258804321,0.2486620992422104
354,354,test,24681,0.2876216173171997,0.5958511233329773,0.3196354508399963,0.5761850476264954,0.3836720585823059,0.4904003441333771,0.5460140109062195,0.3479469716548919,0.7103946208953857,0.2694479823112488,0.8546280264854431,0.1255404651165008,0.3899846076965332,0.5116139054298401,0.3108495473861694,0.6033944487571716,0.2362181097269058,0.6414389610290527,0.5347982048988342,0.4010628163814544,0.2245712876319885,0.6201766133308411,0.7602070569992065,0.2090833038091659
355,355,test,22965,0.7090649604797363,0.2681339383125305,0.5751325488090515,0.378147691488266,0.9126461148262024,0.1241822764277458,0.9167760610580444,0.1196431517601013,0.9114413261413574,0.1251155138015747,0.938787281513214,0.0910739675164222,0.8651226162910461,0.1642891764640808,0.8146786689758301,0.1785976439714431,0.5421996712684631,0.4286757707595825,0.9163579940795898,0.1191804707050323,0.1579486578702926,0.6945946216583252,0.5372911691665649,0.3247377872467041
356,356,test,23843,0.468111515045166,0.4502316415309906,0.4437995254993438,0.4709577560424804,0.760425329208374,0.2118077576160431,0.8005453944206238,0.1867776215076446,0.8149644136428833,0.1956186890602111,0.8965603113174438,0.1203119978308677,0.6562671065330505,0.2972306609153747,0.5294968485832214,0.3976815938949585,0.3611876666545868,0.5338077545166016,0.7939062714576721,0.2007244378328323,0.1594969928264618,0.6913979649543762,0.5903320908546448,0.2928419709205627
357,357,train,23054,0.6585185527801514,0.2921108603477478,0.5529956817626953,0.3848784267902374,0.8911749124526978,0.1206230446696281,0.8939179182052612,0.1158315762877464,0.8874658942222595,0.11946901679039,0.9277974367141724,0.0908990800380706,0.8269955515861511,0.1631800830364227,0.7807028889656067,0.1892973929643631,0.5186038613319397,0.4377213716506958,0.8978729844093323,0.1158613488078117,0.1540197730064392,0.6951555609703064,0.5330417156219482,0.3213164508342743
358,358,train,24103,0.2545148134231567,0.6096388101577759,0.2848540842533111,0.6022887825965881,0.3090025186538696,0.5382001399993896,0.4695149660110473,0.3958197832107544,0.6988340020179749,0.276695966720581,0.8474550247192383,0.1238642483949661,0.3341331481933594,0.5400644540786743,0.2788095772266388,0.6168491244316101,0.2126035541296005,0.6616398692131042,0.4148705601692199,0.4835467636585235,0.2543525993824005,0.5881103873252869,0.7993468642234802,0.189995676279068
359,359,test,24414,0.252253383398056,0.6219689249992371,0.2750672101974487,0.6121607422828674,0.3035586774349212,0.5535876750946045,0.4442803263664245,0.4230134487152099,0.6798047423362732,0.2844457328319549,0.8412865400314331,0.1223977655172348,0.3251964747905731,0.5512873530387878,0.269250214099884,0.630820095539093,0.2086025327444076,0.6747148036956787,0.3872794210910797,0.5019851326942444,0.2598518431186676,0.5860358476638794,0.7979621291160583,0.191662311553955
360,360,test,23339,0.3980959355831146,0.4953014850616455,0.3978115618228912,0.4942852556705475,0.6500369310379028,0.2550380229949951,0.7046501040458679,0.2127728462219238,0.7602347135543823,0.2104879468679428,0.8772100806236267,0.1286686956882476,0.5770254731178284,0.330323725938797,0.4513903856277466,0.4462676048278808,0.3196040689945221,0.5555886626243591,0.7099545001983643,0.2279230654239654,0.1745104938745498,0.673937201499939,0.6352701783180237,0.2742535769939422
361,361,train,23266,0.4053268134593963,0.4936449825763702,0.4089924693107605,0.4985657334327698,0.6562032103538513,0.2563230693340301,0.7077286243438721,0.2145550400018692,0.755437433719635,0.2167024165391922,0.8655880689620972,0.1326998472213745,0.5800374746322632,0.3389743566513061,0.4545326828956604,0.4629722535610199,0.3203273713588714,0.567438006401062,0.6995075345039368,0.2324563115835189,0.1698598116636276,0.6762434840202332,0.6367303133010864,0.2700324654579162
362,362,test,23594,0.3425695598125458,0.5314310789108276,0.3582325279712677,0.527309238910675,0.5411090850830078,0.3342300057411194,0.6127873659133911,0.2739338874816894,0.709526002407074,0.2443593144416809,0.8641169667243958,0.1334095001220703,0.4971129596233368,0.3976932466030121,0.3738567531108856,0.5190160274505615,0.2739468216896057,0.5863574743270874,0.6268608570098877,0.2903214395046234,0.1946425288915634,0.6493817567825317,0.696709156036377,0.244531899690628
363,363,train,23306,0.4893407523632049,0.4443245828151703,0.4599423408508301,0.4627992212772369,0.7768850326538086,0.1915454268455505,0.8047784566879272,0.1716812402009964,0.8151373863220215,0.1814422458410263,0.8870594501495361,0.1213175654411315,0.680678129196167,0.2738857269287109,0.5577249526977539,0.3712516725063324,0.385348916053772,0.5215784907341003,0.7973430752754211,0.1863895803689956,0.1606158167123794,0.6898403763771057,0.5774415135383606,0.2978104948997497
364,364,train,23590,0.2738302946090698,0.5939241051673889,0.3049435913562774,0.5763794779777527,0.3441754281520843,0.5024358630180359,0.4898301661014557,0.3743664622306824,0.6814232468605042,0.2755785286426544,0.8464635610580444,0.1262591183185577,0.3672017455101013,0.5072175860404968,0.2962065935134887,0.5971260070800781,0.2267555147409439,0.6431046724319458,0.4752184152603149,0.4304473996162414,0.2391534596681594,0.6140948534011841,0.7767817974090576,0.2022354751825332
365,365,train,23862,0.6500823497772217,0.309690922498703,0.546705961227417,0.3973960280418396,0.888867974281311,0.136819839477539,0.8933907747268677,0.129652664065361,0.8867542147636414,0.1365105211734771,0.9258700013160706,0.0993433371186256,0.8157950639724731,0.1878344863653183,0.766470193862915,0.2074121385812759,0.5114803910255432,0.4457247257232666,0.896901547908783,0.1292841583490371,0.1556687355041504,0.6957738399505615,0.5318847298622131,0.3257206082344055
366,366,test,24011,0.5523650050163269,0.3679883778095245,0.4819877743721008,0.4255752861499786,0.8293250799179077,0.1482313275337219,0.8385114073753357,0.1386052966117859,0.829822838306427,0.1501733064651489,0.8965857625007629,0.1071054115891456,0.7424283027648926,0.2045371830463409,0.6603068709373474,0.2659774720668793,0.4321840703487396,0.474450945854187,0.838415265083313,0.1431565433740615,0.1501791030168533,0.6934863328933716,0.539360523223877,0.3105321824550628
367,367,train,23447,0.5760924816131592,0.3427496254444122,0.5033605098724365,0.4124472141265869,0.8495672941207886,0.1394812166690826,0.856950044631958,0.1302852034568786,0.8534716963768005,0.1374123394489288,0.9109363555908204,0.0987993329763412,0.76190584897995,0.1950540840625763,0.6945663094520569,0.2410256564617157,0.4536062180995941,0.4636166989803314,0.8628060221672058,0.1327457278966903,0.1516199558973312,0.6961298584938049,0.5377895832061768,0.3149405419826507
368,368,train,24652,0.3097663223743438,0.5645371675491333,0.3366935849189758,0.55388343334198,0.4336902201175689,0.4215361773967743,0.5638192892074585,0.3156242072582245,0.7038379311561584,0.2579634487628937,0.8558863401412964,0.1283342689275741,0.4292293488979339,0.4486611187458038,0.3380838334560394,0.5589376091957092,0.2509985566139221,0.6187024712562561,0.5772138237953186,0.3435651659965515,0.221380740404129,0.6286503672599792,0.7410056591033936,0.2205395847558975
369,369,train,24007,0.4746764898300171,0.4389933943748474,0.4560266137123108,0.4578257203102112,0.7492482662200928,0.1959456503391266,0.7697559595108032,0.1778803169727325,0.7988747358322144,0.1810946613550186,0.8842703104019165,0.1224866062402725,0.6673957705497742,0.2679480016231537,0.5627523064613342,0.3677866458892822,0.3733269870281219,0.513218879699707,0.7844556570053101,0.1874299347400665,0.155424103140831,0.6906031966209412,0.5740073919296265,0.2961177229881286
370,370,train,23037,0.3089326918125152,0.5746336579322815,0.3351238965988159,0.5594988465309143,0.433258980512619,0.445214569568634,0.5753121972084045,0.3290095031261444,0.7059552669525146,0.2646089196205139,0.8519193530082703,0.131081610918045,0.4318965673446655,0.4690110683441162,0.341779351234436,0.5682966113090515,0.2472791224718094,0.623860776424408,0.5824156403541565,0.3576197326183319,0.2199082523584365,0.6292253136634827,0.7419409155845642,0.2197950035333633
371,371,test,24104,0.6289347410202026,0.3292886316776275,0.5337059497833252,0.4016659259796142,0.8778218626976013,0.1441559493541717,0.8836832642555237,0.1365338116884231,0.8798075914382935,0.1414455771446228,0.9237282276153564,0.1033100560307502,0.8101006150245667,0.1973563432693481,0.7444345355033875,0.2296141386032104,0.4943313896656036,0.4500545561313629,0.8879981637001038,0.1354633718729019,0.1549127846956253,0.6940934658050537,0.5393955707550049,0.3212777078151703
372,372,train,24076,0.5526670217514038,0.4000848531723022,0.4863964319229126,0.4405097663402557,0.8502267003059387,0.1783168911933899,0.8637591600418091,0.1660767048597335,0.8553207516670227,0.1815515905618667,0.9103806614875792,0.1194516792893409,0.7463634014129639,0.2579982578754425,0.6566804647445679,0.3172078132629394,0.4338182508945465,0.4881035387516022,0.8571689128875732,0.1741564571857452,0.152639240026474,0.6944093704223633,0.5492441654205322,0.3139458298683166
373,373,train,24704,0.2533971965312958,0.6296919584274292,0.2648329138755798,0.6322839856147766,0.2984418272972107,0.5638810992240906,0.4214104115962982,0.4428181946277618,0.6553787589073181,0.2974526286125183,0.8330236077308655,0.1313396692276001,0.3103515207767486,0.5696142911911011,0.2694762945175171,0.645719051361084,0.2129497081041336,0.68939608335495,0.3635331094264984,0.5331330895423889,0.271990567445755,0.5783789157867432,0.8124868273735046,0.1991146802902221
374,374,train,24312,0.5320165753364563,0.3946336805820465,0.4733999967575073,0.4398388266563415,0.8267301321029663,0.1731999218463897,0.8490092754364014,0.1574148684740066,0.8448499441146851,0.1689158082008361,0.9072806239128112,0.1098893582820892,0.7322377562522888,0.2452751994132995,0.6133647561073303,0.3242605626583099,0.4050549864768982,0.4873376786708832,0.8412192463874817,0.1688555628061294,0.1523552536964416,0.6901979446411133,0.5596022009849548,0.3032411336898803
375,375,test,23508,0.4391157031059265,0.4608340263366699,0.4264271259307861,0.4734152555465698,0.7243427634239197,0.2055808007717132,0.7520403265953064,0.1846540868282318,0.7771773338317871,0.1931282132863998,0.8803287744522095,0.1206530109047889,0.6158696413040161,0.2896177768707275,0.5025323033332825,0.398869127035141,0.3580038249492645,0.5354400873184204,0.7552326917648315,0.2011895477771759,0.1591017693281173,0.6888281106948853,0.5805318355560303,0.2904452979564667
376,376,train,23950,0.6195228695869446,0.3399905562400818,0.5259513854980469,0.4065301716327667,0.8858357667922974,0.1449469625949859,0.8863199353218079,0.1430751979351043,0.886434018611908,0.1515970826148986,0.923266351222992,0.1075651422142982,0.7953779101371765,0.2101517766714096,0.745820164680481,0.2319782376289367,0.5016955733299255,0.4552132487297058,0.8929402828216553,0.1423752009868621,0.1517813056707382,0.7001217007637024,0.5392836332321167,0.3210901319980621
377,377,test,23903,0.5155086517333984,0.3885891437530517,0.4732170403003692,0.4357330799102783,0.7901694774627686,0.1569571048021316,0.8057672381401062,0.144661009311676,0.810735821723938,0.1525834798812866,0.8901728391647339,0.1085082367062568,0.7004215121269226,0.2156700491905212,0.6181824803352356,0.2906708717346191,0.413333922624588,0.491416186094284,0.8143541812896729,0.1513139307498932,0.1523052752017974,0.6964045763015747,0.5505192279815674,0.3075630962848663
378,378,train,23868,0.5314849019050598,0.3841783404350281,0.479295939207077,0.4305514693260193,0.8066161870956421,0.1492528766393661,0.8145124316215515,0.1395636200904846,0.818666398525238,0.1477996557950973,0.8971304893493652,0.102879524230957,0.7058730721473694,0.2160616815090179,0.6265584826469421,0.2842571139335632,0.4291037321090698,0.4843141734600067,0.8267593383789062,0.1442678868770599,0.1550540328025818,0.6934861540794373,0.5483341217041016,0.3102653324604034
379,379,train,24492,0.4045957326889038,0.4979365766048431,0.409207135438919,0.4988446831703186,0.638452410697937,0.2876315414905548,0.6937770247459412,0.2449313253164291,0.7686773538589478,0.2313141524791717,0.8809932470321655,0.1272906213998794,0.5809006094932556,0.3560446798801422,0.4520421624183655,0.4693256318569183,0.3258784711360931,0.5585682988166809,0.6983572244644165,0.2609114348888397,0.1853702515363693,0.6624549031257629,0.6559162735939026,0.264020174741745
380,380,train,23094,0.4930383563041687,0.4322514533996582,0.4605267941951751,0.4602288007736206,0.7805821895599365,0.1976419389247894,0.8074631690979004,0.1797057688236236,0.81551593542099,0.1927365958690643,0.8943475484848022,0.1175310313701629,0.6839991211891174,0.2809667587280273,0.553598940372467,0.3815886676311493,0.3853347599506378,0.5202780365943909,0.7967584729194641,0.1946568191051483,0.1573158055543899,0.6895465850830078,0.5800641179084778,0.2938922643661499
381,381,train,24507,0.6613307595252991,0.2950741946697235,0.5459914207458496,0.3952348828315735,0.8986600637435913,0.1344139873981475,0.9020419716835022,0.1287115961313247,0.8956369161605835,0.1403626799583435,0.9313778281211852,0.0977414697408676,0.8296217322349548,0.1865481436252594,0.7667097449302673,0.2062680125236511,0.5171669125556946,0.4419007003307342,0.902089297771454,0.1293289065361023,0.1558691710233688,0.7001998424530029,0.5319058299064636,0.3224906623363495
382,382,train,23040,0.4688326120376587,0.4277781546115875,0.4451100528240204,0.4547625780105591,0.74491947889328,0.191743865609169,0.769307553768158,0.1728672385215759,0.7793744802474976,0.1816952526569366,0.8810508847236633,0.1203933209180831,0.6410782337188721,0.2651058733463287,0.5345014929771423,0.3664961755275726,0.3776280879974365,0.5161325335502625,0.7650392651557922,0.1867019087076187,0.1557632684707641,0.6924282312393188,0.5736802816390991,0.2964819073677063
383,383,train,23572,0.6832196712493896,0.2924071252346039,0.566311776638031,0.3844193816184997,0.9015102386474608,0.1294904798269271,0.9078623056411744,0.1230885684490203,0.9046490788459778,0.12968809902668,0.9341615438461304,0.0946056768298149,0.8420290350914001,0.1808962374925613,0.7901355028152466,0.2015427201986313,0.5282279849052429,0.4360806047916412,0.9101703763008118,0.1213070526719093,0.1560554653406143,0.6965269446372986,0.5352050065994263,0.3254924416542053
384,384,train,23120,0.3396539092063904,0.5461412072181702,0.3590953946113586,0.5354219079017639,0.5259082317352295,0.362712025642395,0.618811309337616,0.2709765434265136,0.721981406211853,0.249513030052185,0.8690869212150574,0.1268004477024078,0.4920845031738281,0.4186117649078369,0.3757126033306122,0.534649670124054,0.2696592807769775,0.6003987193107605,0.6258093118667603,0.2955813705921173,0.1987376064062118,0.6441484689712524,0.7065269947052002,0.238765999674797
385,385,train,24600,0.7556691765785217,0.2118908762931823,0.6189135313034058,0.3471063673496246,0.9189518690109252,0.1094114780426025,0.920677661895752,0.1072812899947166,0.920566737651825,0.1076561957597732,0.94280344247818,0.0819357633590698,0.8782919049263,0.13820680975914,0.8543732166290283,0.1412149220705032,0.5789996981620789,0.4047426283359527,0.922343373298645,0.1048573032021522,0.1660847663879394,0.6899441480636597,0.5300136804580688,0.3256928324699402
386,386,train,23941,0.2550390660762787,0.6177289485931396,0.2818542420864105,0.6035677194595337,0.3109793961048126,0.5407190322875977,0.4565373063087463,0.4042533636093139,0.6828907132148743,0.2800399959087372,0.8375863432884216,0.1261238008737564,0.3328329920768738,0.5411104559898376,0.2774145305156708,0.6219465732574463,0.2126913517713546,0.6670748591423035,0.4154431521892547,0.483780562877655,0.2578348517417907,0.5924456715583801,0.7903097867965698,0.1966682970523834
387,387,train,23953,0.6219898462295532,0.3103108406066894,0.5223844647407532,0.4013755619525909,0.8812062740325928,0.1245335489511489,0.8849208354949951,0.1186051219701767,0.8721883296966553,0.1255097836256027,0.923191487789154,0.0906703248620033,0.8000150322914124,0.1724448204040527,0.7386917471885681,0.202533558011055,0.4906531274318695,0.4510210454463959,0.8868350982666016,0.1210808604955673,0.149797648191452,0.6991832852363586,0.531558632850647,0.321485698223114
388,388,train,24576,0.385983407497406,0.4889594614505768,0.3922477960586548,0.4955289959907532,0.6331841945648193,0.260811448097229,0.6808533072471619,0.2305346429347992,0.7414405345916748,0.2256466597318649,0.8657322525978088,0.1332192867994308,0.5580792427062988,0.3385569453239441,0.4395576119422912,0.4532168507575989,0.3134669959545135,0.5522676110267639,0.6838165521621704,0.2466644197702407,0.1763560771942138,0.6691466569900513,0.6328103542327881,0.2717153131961822
389,389,train,23100,0.4161020815372467,0.493049144744873,0.4125024080276489,0.4923339188098907,0.7053765058517456,0.2593849003314972,0.7720304727554321,0.2140255868434906,0.791097104549408,0.2211374789476394,0.8862138390541077,0.12318866699934,0.6182276010513306,0.3455320298671722,0.4746013879776001,0.4516773521900177,0.3259204924106598,0.5576990246772766,0.753049910068512,0.2351176887750625,0.1764371246099472,0.6671265959739685,0.6422293186187744,0.269188791513443
390,390,train,23723,0.3900271952152252,0.5092507600784302,0.3942631483078003,0.5075981616973877,0.6349382400512695,0.2750269174575805,0.7012994289398193,0.218262642621994,0.7663684487342834,0.2130703926086425,0.8789069652557373,0.1262049376964569,0.5579137206077576,0.3554714322090149,0.4367818236351013,0.4727880358695984,0.3122884631156921,0.573148250579834,0.6997055411338806,0.2374972999095916,0.1786756217479705,0.6735187768936157,0.6564808487892151,0.2652138769626617
391,391,train,23290,0.4959363639354706,0.4252987504005432,0.4582653641700744,0.4547614455223083,0.7869701981544495,0.1848634034395218,0.8105531334877014,0.1672931611537933,0.8155013918876648,0.1789982318878173,0.8949019908905029,0.1129395514726638,0.6837177276611328,0.2651676833629608,0.5521455407142639,0.3671309351921081,0.387541115283966,0.5183507204055786,0.7976218461990356,0.1821854412555694,0.1561450809240341,0.6920757293701172,0.5802353620529175,0.2927182912826538
392,392,train,23978,0.4628889560699463,0.4430336356163025,0.4424066245555877,0.4661769568920135,0.7190104722976685,0.1961424797773361,0.7472700476646423,0.1751826852560043,0.7702621817588806,0.1816566735506057,0.8771926164627075,0.1166010871529579,0.6278953552246094,0.2747578620910644,0.5075498223304749,0.3975712060928345,0.3648111820220947,0.5341993570327759,0.7441595792770386,0.1885428428649902,0.1612976193428039,0.6882805228233337,0.5970527529716492,0.2844939529895782
393,393,train,23031,0.3678031861782074,0.5235332250595093,0.3809230029582977,0.5177059173583984,0.6131704449653625,0.2874560058116913,0.6780992150306702,0.2360248416662216,0.7423251867294312,0.2317505031824112,0.8734105825424194,0.1278107911348343,0.5365070700645447,0.3740567862987518,0.4039492905139923,0.4974675476551056,0.296057254076004,0.5823987126350403,0.6753857135772705,0.2553290128707886,0.1848419159650802,0.6595053672790527,0.6559882760047913,0.2648442387580871
394,394,train,24556,0.4016169905662536,0.4917514026165008,0.3956628441810608,0.4961471557617187,0.6522222757339478,0.2680383622646332,0.7031911611557007,0.2244336903095245,0.75382000207901,0.2186563611030578,0.8771461248397827,0.1309540420770645,0.5783788561820984,0.3456455171108246,0.4467154145240783,0.4577731192111969,0.3097217381000519,0.5580815672874451,0.7073533535003662,0.2408366352319717,0.1786863952875137,0.6708609461784363,0.6462473273277283,0.2671341300010681
395,395,train,24398,0.3968789577484131,0.4992515444755554,0.4043616652488708,0.4979576170444488,0.6335179805755615,0.2629506886005401,0.6752184629440308,0.2274031192064285,0.7289466857910156,0.2214817702770233,0.8693607449531555,0.1306460052728653,0.5579439997673035,0.3421313762664795,0.4388449788093567,0.4672877788543701,0.3216255605220794,0.5677956342697144,0.6853119730949402,0.243506833910942,0.1761514991521835,0.67536461353302,0.6341588497161865,0.2714093923568725
396,396,train,23254,0.303584486246109,0.5858757495880127,0.3362821936607361,0.564961850643158,0.4122401475906372,0.462268054485321,0.5529707074165344,0.3380820453166961,0.6902397871017456,0.2716986835002899,0.8568247556686401,0.1303564757108688,0.413693219423294,0.4829256534576416,0.3318184316158294,0.5855053067207336,0.2513844966888428,0.6346893310546875,0.5611444115638733,0.3682449460029602,0.2163690626621246,0.6355953812599182,0.7487612962722778,0.2200545966625213
397,397,train,23904,0.3881014585494995,0.4933964610099792,0.3914737701416015,0.5023672580718994,0.6384685635566711,0.2702144384384155,0.6939430832862854,0.2240344732999801,0.7584542036056519,0.2221541702747345,0.8738036751747131,0.1301560252904892,0.5754263401031494,0.3427780270576477,0.4378446936607361,0.4638991057872772,0.3059738874435425,0.5517876744270325,0.6994649767875671,0.243576779961586,0.183838278055191,0.6613357067108154,0.6488031148910522,0.2626219987869262
398,398,train,22981,0.2976784110069275,0.5676478743553162,0.3208461403846741,0.5583224892616272,0.3938205540180206,0.4639268219470978,0.5477057099342346,0.3378000259399414,0.7085908651351929,0.2704352438449859,0.8484594821929932,0.1273305118083953,0.4048409163951874,0.4801182150840759,0.3236143290996551,0.5668240785598755,0.2382588535547256,0.6160628199577332,0.539090096950531,0.386712372303009,0.2311693578958511,0.612654983997345,0.7639814615249634,0.2084379345178604
399,399,test,23792,0.6408817768096924,0.3083705306053161,0.5442401170730591,0.3898728191852569,0.8659800291061401,0.1447111368179321,0.8732607960700989,0.1360187828540802,0.8697857856750488,0.1400068402290344,0.9212301969528198,0.1002279818058013,0.7982321977615356,0.1860979944467544,0.7463989853858948,0.2137391567230224,0.4988946318626404,0.446913868188858,0.8790052533149719,0.1323310732841491,0.15451680123806,0.6984752416610718,0.5415750741958618,0.3188192248344421
400,400,train,23446,0.3695539832115173,0.5263438820838928,0.38384810090065,0.5198834538459778,0.599933385848999,0.3172091543674469,0.6644047498703003,0.2571434378623962,0.7367678284645081,0.2423934787511825,0.8651979565620422,0.1367175132036209,0.5472322106361389,0.3860219717025757,0.4144240319728851,0.5072200894355774,0.2960840761661529,0.580312192440033,0.669292151927948,0.2726086974143982,0.1848564594984054,0.6592997312545776,0.6767660975456238,0.2520794868469238
401,401,train,24413,0.2801556885242462,0.5924258828163147,0.3080459535121918,0.5728822946548462,0.3705959320068359,0.4879657924175262,0.5452011227607727,0.3403887748718261,0.7104620933532715,0.2686147391796112,0.8497162461280823,0.1272421181201934,0.3861367404460907,0.4961181581020355,0.3049369752407074,0.5932031273841858,0.2269174009561538,0.6316075921058655,0.5333970785140991,0.3935048580169678,0.2306283414363861,0.6140254139900208,0.7663828730583191,0.2080082446336746
402,402,train,23914,0.8204169273376465,0.1661422252655029,0.6593018174171448,0.3161250948905945,0.9311915040016174,0.1049172058701515,0.9309841990470886,0.104422241449356,0.9287088513374328,0.1056460887193679,0.948747456073761,0.0793633088469505,0.9039645791053772,0.1261837482452392,0.8897364735603333,0.1220191866159439,0.6243599653244019,0.368678867816925,0.9299735426902772,0.103611834347248,0.1787932813167572,0.6779657602310181,0.5293557047843933,0.3209604322910309
403,403,train,23191,0.3622119128704071,0.5368502140045166,0.3736429810523987,0.5318042635917664,0.562954843044281,0.3488099575042724,0.6546432971954346,0.2742800414562225,0.7323906421661377,0.2528141736984253,0.8721014857292175,0.1284494996070861,0.516541600227356,0.4056004881858825,0.3874139785766601,0.5239505171775818,0.2899262905120849,0.5971391797065735,0.6470646262168884,0.2952432036399841,0.2018520981073379,0.6473097801208496,0.6927329301834106,0.2495899349451065
404,404,train,24528,0.4340888857841491,0.4664059579372406,0.4193223714828491,0.4805566370487213,0.7200586199760437,0.2069022357463836,0.7522279024124146,0.1841686517000198,0.781113862991333,0.1916247457265854,0.8805267214775085,0.122601181268692,0.6314611434936523,0.284551203250885,0.4875473380088806,0.4164261221885681,0.3397974967956543,0.5446658134460449,0.7524479627609253,0.2018716186285019,0.1655092984437942,0.6804092526435852,0.610797107219696,0.278115838766098
405,405,test,24527,0.546485424041748,0.3844636678695678,0.4821836054325104,0.433148592710495,0.8447558283805847,0.1661089658737182,0.860530436038971,0.1531606018543243,0.8570623993873596,0.1646221876144409,0.9116998910903932,0.1067249104380607,0.7531213164329529,0.2352367937564849,0.6452511548995972,0.3045448064804077,0.4190045297145843,0.4821347296237945,0.8551847338676453,0.1612269729375839,0.1494213789701461,0.6938913464546204,0.5541807413101196,0.3076063096523285
406,406,train,23391,0.486942321062088,0.4180150330066681,0.4597111046314239,0.4476624131202698,0.741839587688446,0.1823408603668213,0.7641357183456421,0.1662785857915878,0.7854585647583008,0.1743639260530471,0.8809127807617188,0.1183645203709602,0.658117413520813,0.2463730424642563,0.5580424070358276,0.3467982709407806,0.3894036412239074,0.5105364322662354,0.7748523354530334,0.1773163229227066,0.156548410654068,0.6934112906455994,0.573349118232727,0.2962090373039245
407,407,train,24039,0.5882582664489746,0.3667761087417602,0.5133593082427979,0.4169977307319641,0.8687577843666077,0.1558998227119445,0.8788694143295288,0.1470232754945755,0.8702940940856934,0.1553810387849807,0.9150702357292176,0.1074510142207145,0.77500981092453,0.2238385677337646,0.7051193118095398,0.267073392868042,0.4699096977710724,0.4677758812904358,0.8763483762741089,0.1494609713554382,0.1503876447677612,0.700415313243866,0.5399492979049683,0.3169822096824646
408,408,train,24559,0.5479881167411804,0.3877615630626678,0.496056318283081,0.4267395436763763,0.823991060256958,0.1774602383375167,0.8371740579605103,0.1671079844236374,0.8328561782836914,0.1786374896764755,0.903000831604004,0.1151964366436004,0.7307671904563904,0.2336163520812988,0.6513000130653381,0.2888515293598175,0.4417006969451904,0.4841808676719665,0.8411927819252014,0.173166424036026,0.1548271775245666,0.6962006688117981,0.5467696785926819,0.3113921284675598
409,409,train,23726,0.457128494977951,0.4594907462596893,0.4305026829242706,0.4727177023887634,0.7661531567573547,0.2184186577796936,0.801738977432251,0.1944218426942825,0.8104550838470459,0.2043386548757553,0.8915765285491943,0.122853122651577,0.6612498760223389,0.3087437450885772,0.5238949060440063,0.4064147174358368,0.3551920652389526,0.5240256786346436,0.7907837629318237,0.2125498503446579,0.1619288772344589,0.6810777187347412,0.5898551344871521,0.2906080484390259
410,410,test,24577,0.3996715843677521,0.4866824150085449,0.4020516276359558,0.4920432269573211,0.660302996635437,0.2457923591136932,0.7072414755821228,0.2093949317932129,0.7498477101325989,0.2128730416297912,0.8726445436477661,0.1266137063503265,0.5756915211677551,0.3268564641475677,0.4464872479438782,0.4544241428375244,0.3209523558616638,0.5622490048408508,0.7015264630317688,0.2306263744831085,0.1692941188812255,0.6755326390266418,0.6304768323898315,0.2699119746685028
411,411,test,23082,0.7921544909477234,0.1895911991596222,0.6380895972251892,0.3307272493839264,0.9243338704109192,0.1056969389319419,0.9245280027389526,0.1043631285429,0.9242565631866456,0.105486936867237,0.9462192058563232,0.079378955066204,0.8932325839996338,0.1308583915233612,0.8716699481010437,0.1321837604045868,0.5947122573852539,0.3923456072807312,0.9250382781028748,0.1028854921460151,0.1698906868696212,0.6842498779296875,0.5310423970222473,0.3232195973396301
412,412,train,23242,0.4879244565963745,0.4362838566303253,0.458640307188034,0.4585179984569549,0.7788097858428955,0.2034493684768676,0.8071897625923157,0.1828880906105041,0.8262590169906616,0.1933588087558746,0.8936100602149963,0.1249974966049194,0.6870893836021423,0.288675844669342,0.5796090960502625,0.3724924027919769,0.3905606269836426,0.5018705725669861,0.8088657259941101,0.1986616849899292,0.1588414311408996,0.6855118870735168,0.5725895166397095,0.2972337305545807
413,413,train,24629,0.486830860376358,0.4335032105445862,0.4544315338134765,0.4583388864994049,0.7806272506713867,0.1891593784093856,0.796181321144104,0.172668918967247,0.8057398796081543,0.1829015165567398,0.8954972624778748,0.1147603243589401,0.6686010956764221,0.2767214477062225,0.5357942581176758,0.3807696104049682,0.393492192029953,0.5176612734794617,0.7930207252502441,0.1894170939922332,0.155833750963211,0.6941993832588196,0.5774970650672913,0.2947596609592438
414,414,train,23833,0.7350003719329834,0.2322395592927932,0.5878068208694458,0.3648418188095093,0.9213525056838988,0.1113536581397056,0.9228059649467468,0.1089383289217948,0.9194218516349792,0.1145796850323677,0.9440375566482544,0.0826746150851249,0.8777744770050049,0.1449415236711502,0.8389589786529541,0.1523539870977401,0.5621979236602783,0.4107462763786316,0.922434389591217,0.1095836907625198,0.158583864569664,0.6930368542671204,0.5303403735160828,0.3244043886661529
415,415,train,23504,0.4565107524394989,0.4414891302585602,0.4315171837806701,0.4616647958755493,0.7386432886123657,0.1870935708284378,0.7668058276176453,0.1699377745389938,0.7852092385292053,0.1799070835113525,0.8797357082366943,0.1232642978429794,0.6336842179298401,0.2633683979511261,0.5318031907081604,0.3676510453224182,0.37405726313591,0.5172954201698303,0.7674291133880615,0.1821020245552063,0.1584787219762802,0.6905066967010498,0.5812125205993652,0.2938811480998993
416,416,train,24433,0.4057202935218811,0.4901190996170044,0.399455189704895,0.4987763464450836,0.6752517819404602,0.2542294561862945,0.7235186696052551,0.2154351323843002,0.7651330232620239,0.2148338556289672,0.8757514953613281,0.1278795152902603,0.5920420289039612,0.3423333466053009,0.4481622576713562,0.4586995244026184,0.3168769776821136,0.5587096214294434,0.7208330035209656,0.2342654168605804,0.1709706485271453,0.6743280291557312,0.6347643733024597,0.2714548707008362
417,417,train,23012,0.5908569693565369,0.3688033521175384,0.5154826045036316,0.416452556848526,0.8702220320701599,0.1530091017484665,0.8804665207862854,0.14385287463665,0.8737400770187378,0.153346300125122,0.9212214946746826,0.1051699668169021,0.7819460034370422,0.2148838192224502,0.6928847432136536,0.2640060782432556,0.4670136868953705,0.469895601272583,0.8812140822410583,0.1460200548171997,0.1533014774322509,0.6984250545501709,0.546872079372406,0.3145070672035217
418,418,train,24147,0.2487582564353943,0.6262485384941101,0.2776918411254883,0.6114703416824341,0.3038618266582489,0.563980758190155,0.4607230126857757,0.4164676368236542,0.6937990188598633,0.2797050476074219,0.8367527723312378,0.1289437115192413,0.3293341696262359,0.559190571308136,0.2715567946434021,0.6413863897323608,0.2082787007093429,0.6785194277763367,0.3955393433570862,0.5060881972312927,0.2549249529838562,0.5860806703567505,0.8052436709403992,0.1948628276586532
419,419,train,23087,0.412842333316803,0.4707010388374328,0.406104564666748,0.4873849153518677,0.7048514485359192,0.2260830700397491,0.735138475894928,0.1982463747262954,0.7794375419616699,0.207231655716896,0.8754184246063232,0.1269657909870147,0.6012522578239441,0.3167554438114166,0.4713229537010193,0.4286593496799469,0.3328455984592438,0.5343835353851318,0.7358612418174744,0.2210948169231414,0.1635625064373016,0.679473876953125,0.5971685647964478,0.2833325862884521
420,420,train,24573,0.3280932009220123,0.5709553360939026,0.3500157594680786,0.5589749217033386,0.5057482123374939,0.4031334519386291,0.6249433159828186,0.300630122423172,0.7124065160751343,0.2570041716098785,0.8742527365684509,0.1224565654993057,0.4867732524871826,0.4390283226966858,0.3656127750873565,0.5646258592605591,0.2637677192687988,0.6339234113693237,0.6285439133644104,0.3299912214279175,0.2115495502948761,0.6469919681549072,0.7386161684989929,0.2308016568422317
421,421,train,23816,0.2658621072769165,0.6204562187194824,0.2635323107242584,0.6350522041320801,0.2988575398921966,0.5653043389320374,0.4019142389297485,0.4618328511714935,0.6411438584327698,0.3021434545516968,0.8082360625267029,0.1448970288038253,0.3100379705429077,0.5737153887748718,0.2741039395332336,0.6419132947921753,0.230626568198204,0.6851574778556824,0.3439646661281585,0.5461757183074951,0.2788218855857849,0.574770450592041,0.8091061115264893,0.2069862782955169
422,422,train,23652,0.4931657910346985,0.4255187511444092,0.4558128416538238,0.4537356793880462,0.7954455614089966,0.1805952340364456,0.8157015442848206,0.1661715358495712,0.8222764730453491,0.1764137595891952,0.8945895433425903,0.1191348806023597,0.6897324919700623,0.2589234411716461,0.5819400548934937,0.3413770496845245,0.3944484889507293,0.5063934326171875,0.8110902309417725,0.1761538535356521,0.1550242602825164,0.6908313632011414,0.5644034147262573,0.302059531211853
423,423,train,23024,0.4305503964424133,0.4724351763725281,0.4215319752693176,0.4823231101036072,0.6891419887542725,0.2350503951311111,0.7323549389839172,0.2001303136348724,0.7786356806755066,0.2086015194654464,0.8775465488433838,0.1265429556369781,0.6133556962013245,0.3120620548725128,0.4820420742034912,0.4270608723163605,0.3359156548976898,0.5435380339622498,0.7377575635910034,0.2222173511981964,0.1653343886137008,0.6824346780776978,0.611027181148529,0.2790654599666595
424,424,train,23463,0.383733868598938,0.5097229480743408,0.3878138065338135,0.5083857178688049,0.6297712922096252,0.285921961069107,0.7068948149681091,0.2315526455640792,0.7651172876358032,0.2276377528905868,0.8754058480262756,0.1300218254327774,0.5633605718612671,0.3573149144649505,0.4278144538402557,0.4783861339092254,0.3032754361629486,0.56723552942276,0.7007190585136414,0.2515929639339447,0.1866071373224258,0.6572587490081787,0.6603963375091553,0.2638361155986786
425,425,train,23468,0.5542830228805542,0.3794774115085602,0.4971664547920227,0.4253339469432831,0.8327684998512268,0.1606360673904419,0.8448915481567383,0.1512105613946914,0.8461990356445312,0.1592695862054824,0.906061351299286,0.1088926121592521,0.7364872097969055,0.2279725670814514,0.6456273794174194,0.2839117646217346,0.4448870122432709,0.4808215498924255,0.8497348427772522,0.1544630378484726,0.1543806791305542,0.695420503616333,0.5446529984474182,0.3151656985282898
426,426,train,23316,0.2646878957748413,0.62629234790802,0.2903718054294586,0.6011567711830139,0.3245617747306824,0.5457247495651245,0.4788309037685394,0.4005961418151855,0.681989312171936,0.2863459885120392,0.8317965865135193,0.1340655088424682,0.346954733133316,0.5451949238777161,0.2852347791194916,0.6267750263214111,0.2153374254703521,0.6689775586128235,0.4402037858963012,0.475896418094635,0.2481952458620071,0.6034636497497559,0.788177490234375,0.1955141425132751
427,427,train,23288,0.2438184767961502,0.6359565854072571,0.2625848352909088,0.6349778175354004,0.285546064376831,0.5759610533714294,0.4043380916118622,0.4502048790454864,0.6616044044494629,0.2935579419136047,0.8380284905433655,0.1247863695025444,0.3069063127040863,0.5755544900894165,0.2608217597007751,0.6520826816558838,0.2064875066280365,0.6970889568328857,0.3482637703418731,0.5359910130500793,0.2672073245048523,0.5830221772193909,0.8126581311225891,0.1918138414621353
428,428,test,23584,0.3932749032974243,0.5128174424171448,0.4002097547054291,0.5096301436424255,0.6376762390136719,0.2859593033790588,0.6999012231826782,0.2386969476938247,0.7504968643188477,0.2265909761190414,0.8687593340873718,0.1306943446397781,0.5680532455444336,0.3637171387672424,0.4387548267841339,0.4792762994766235,0.3116377294063568,0.579346239566803,0.6968144178390503,0.2572503685951233,0.1780032068490982,0.6731879115104675,0.6541724801063538,0.2652141153812408
429,429,train,24163,0.3367215394973755,0.5350368618965149,0.3509598672389984,0.5275090932846069,0.526237964630127,0.3608878254890442,0.6133383512496948,0.2811209261417389,0.7097731232643127,0.2531173825263977,0.8632156252861023,0.1307799071073532,0.494329422712326,0.4074304401874542,0.3670832216739654,0.5203062295913696,0.2661881744861603,0.5897952914237976,0.6238077282905579,0.299799233675003,0.202163890004158,0.6453595757484436,0.6978514790534973,0.2410245835781097
430,430,test,24486,0.5180273652076721,0.4081880152225494,0.4757258594036102,0.4410109519958496,0.8012635111808777,0.1731369346380233,0.8158404231071472,0.1575635820627212,0.8241280317306519,0.1642966717481613,0.8984078168869019,0.1137144938111305,0.7110690474510193,0.2430910915136337,0.6058135628700256,0.3305106163024902,0.4102879464626312,0.4985813200473785,0.820298969745636,0.1673742681741714,0.1548094749450683,0.6920456886291504,0.5592313408851624,0.3058012425899505
431,431,test,23516,0.3842419683933258,0.5198019742965698,0.3955494165420532,0.5134783387184143,0.6159703731536865,0.2952286005020141,0.6783515214920044,0.2407753616571426,0.7458440661430359,0.2333395481109619,0.8736910223960876,0.1286199390888214,0.5548399090766907,0.3717497885227203,0.4258193969726562,0.4939105212688446,0.3108757436275482,0.5831252932548523,0.6777231693267822,0.2585336863994598,0.1885033994913101,0.6655370593070984,0.6723517775535583,0.25786092877388
432,432,train,22987,0.2503533959388733,0.6300610303878784,0.2816776931285858,0.6169118881225586,0.2958478331565857,0.5660958290100098,0.4244617521762848,0.4340600371360779,0.6717774271965027,0.2857415378093719,0.8344654440879822,0.1269339770078659,0.3209235668182373,0.5663232207298279,0.2763720154762268,0.6408088207244873,0.2140730023384094,0.6846302151679993,0.3845999240875244,0.5187483429908752,0.2592858970165252,0.5938481092453003,0.7961053252220154,0.1939845830202102
433,433,train,23201,0.3947504460811615,0.4961388111114502,0.4030001759529114,0.4961104094982147,0.6532884240150452,0.2586285769939422,0.6984328031539917,0.2225639224052429,0.7476049661636353,0.2196919173002243,0.8709143400192261,0.1283767223358154,0.5728235244750977,0.3357188999652862,0.4426281750202179,0.459355354309082,0.3206374943256378,0.564253032207489,0.699895977973938,0.2398822605609893,0.1767494827508926,0.672177791595459,0.6351615190505981,0.2710788249969482
434,434,train,24674,0.3633433580398559,0.5155639052391052,0.3760455846786499,0.5168895721435547,0.5958975553512573,0.3120059370994568,0.6696048378944397,0.2463032454252243,0.7441204786300659,0.2330256104469299,0.8709511756896973,0.128729373216629,0.5419377088546753,0.3767082095146179,0.4010940492153168,0.5061126351356506,0.286147803068161,0.5807936787605286,0.667954683303833,0.2693729996681213,0.1881033182144165,0.6613696813583374,0.688498318195343,0.2484925687313079
435,435,train,23864,0.2686908841133117,0.6096228957176208,0.2931467890739441,0.5928540229797363,0.3353443145751953,0.530805766582489,0.4742628633975982,0.3972541391849518,0.689049482345581,0.2817539572715759,0.8430867791175842,0.1242782399058342,0.3500135540962219,0.5341856479644775,0.2926463484764099,0.6164112687110901,0.2216876596212387,0.6631870865821838,0.4346673190593719,0.4689448773860931,0.2501201033592224,0.5986472368240356,0.7907873392105103,0.1962388902902603
436,436,train,24180,0.2787253558635711,0.6148536205291748,0.3081569671630859,0.5989330410957336,0.3465619683265686,0.5322827696800232,0.5035231113433838,0.3942734003067016,0.6882067322731018,0.277125209569931,0.8446592092514038,0.1302109360694885,0.3719386756420135,0.5356436967849731,0.3046562075614929,0.6202390789985657,0.2296964675188064,0.6650997400283813,0.4648332297801971,0.4590225517749786,0.2509570717811584,0.6059964895248413,0.7895553708076477,0.1939017325639724
437,437,train,24446,0.4492641389369964,0.4634862542152405,0.4361579716205597,0.4744633138179779,0.7339778542518616,0.2160007357597351,0.7733280658721924,0.1930147558450698,0.7957704067230225,0.2040443569421768,0.8828727006912231,0.1232229173183441,0.6386310458183289,0.3050025701522827,0.5096035599708557,0.4042623043060303,0.3554131090641022,0.532928466796875,0.766410231590271,0.2073510885238647,0.1599148362874984,0.6856974959373474,0.6004654169082642,0.2866797745227813
438,438,train,23197,0.265097439289093,0.6130449771881104,0.2691326439380646,0.6322537660598755,0.2972693741321563,0.5654866099357605,0.3774196803569793,0.4893334507942199,0.6398965120315552,0.3163059949874878,0.8068187832832336,0.1514589339494705,0.3153384625911712,0.5684006214141846,0.2764673829078674,0.6361225843429565,0.2320823967456817,0.67034912109375,0.3336228728294372,0.568149209022522,0.2860822677612304,0.5782435536384583,0.7896166443824768,0.2209051549434662
439,439,test,23103,0.3411275148391723,0.5466948747634888,0.3614365458488464,0.5337444543838501,0.5366306900978088,0.3969090580940246,0.6716653108596802,0.2910672128200531,0.7576146721839905,0.2599895596504211,0.8669350147247314,0.1250434070825576,0.5080068111419678,0.4392356276512146,0.3787879645824432,0.5369059443473816,0.2692374587059021,0.5873762965202332,0.6730913519859314,0.3198754489421844,0.2028014212846756,0.6367339491844177,0.7236048579216003,0.229375272989273
440,440,train,23824,0.2631545662879944,0.6261830925941467,0.267568290233612,0.6335911154747009,0.3000321686267853,0.5657408833503723,0.4109383523464203,0.4529316127300262,0.6497128009796143,0.3035058379173279,0.8310083746910095,0.133459597826004,0.3130842447280884,0.570725679397583,0.2731595635414123,0.6438080668449402,0.2179894000291824,0.6875113844871521,0.3488400876522064,0.5344668626785278,0.273847371339798,0.5729146599769592,0.8106681704521179,0.2029066532850265
441,441,train,24124,0.3627212643623352,0.5323324799537659,0.3799123466014862,0.5264015197753906,0.583720326423645,0.3383838832378387,0.6699312925338745,0.2703273892402649,0.7380859851837158,0.2474372833967209,0.8770861625671387,0.1329578459262848,0.5317711234092712,0.3904500901699066,0.4045886993408203,0.5108797550201416,0.2915171682834625,0.5963674187660217,0.6726120710372925,0.2868590056896209,0.191787451505661,0.6647509336471558,0.6923073530197144,0.2523849904537201
442,442,train,24020,0.6203359961509705,0.315724104642868,0.5346637964248657,0.3963430225849151,0.8726009726524353,0.1312142461538314,0.8780442476272583,0.1241395249962806,0.8724454045295715,0.1299502998590469,0.920634925365448,0.094915471971035,0.8006619215011597,0.1745068579912185,0.7412803769111633,0.2061895877122879,0.4962034523487091,0.4510100185871124,0.8849961757659912,0.1250760406255722,0.1528193354606628,0.6975085735321045,0.5340190529823303,0.3179848194122314
443,443,train,23261,0.3042028248310089,0.5808057188987732,0.3326137065887451,0.5669295787811279,0.4197656214237213,0.4600346684455871,0.5688915252685547,0.3339457213878631,0.7037966251373291,0.2677399516105652,0.8612431287765503,0.1270345896482467,0.4213945567607879,0.4822519719600677,0.3252076208591461,0.5864166617393494,0.2403512001037597,0.6333871483802795,0.5642947554588318,0.3747948408126831,0.2251424044370651,0.6174237728118896,0.7556574940681458,0.2150762528181076
444,444,train,23148,0.4547625780105591,0.4617195725440979,0.4370470643043518,0.4756880104541778,0.7480292320251465,0.2191075980663299,0.7879282236099243,0.1941660493612289,0.8011699914932251,0.2011753022670745,0.8912762403488159,0.1255799531936645,0.6483026146888733,0.307664543390274,0.5081076622009277,0.4217154681682586,0.3543885946273803,0.5381806492805481,0.7756214141845703,0.2090233266353607,0.1590039581060409,0.6872426867485046,0.6051710844039917,0.2853263318538666
445,445,train,24521,0.5683342814445496,0.3690643906593323,0.4988872110843658,0.4245007932186126,0.83265221118927,0.1564897894859314,0.8456799983978271,0.1469322890043258,0.8407253623008728,0.1563974320888519,0.904297411441803,0.1080114692449569,0.7487336993217468,0.213470458984375,0.6492437124252319,0.2882624268531799,0.4419176578521728,0.4846225380897522,0.8432862162590027,0.1533704102039337,0.1513417065143585,0.6965755224227905,0.5532273650169373,0.3065157532691955
446,446,train,23246,0.6123062968254089,0.3526931703090668,0.5231730937957764,0.4162425696849823,0.8825896978378296,0.1452603787183761,0.8908436894416809,0.138297289609909,0.8844146728515625,0.1498268991708755,0.92657870054245,0.1001796498894691,0.7961573004722595,0.2171176970005035,0.7088996767997742,0.2599722146987915,0.4771206378936767,0.4687421321868896,0.8878058195114136,0.1422881782054901,0.1493096202611923,0.6999683380126953,0.5464559197425842,0.3160359859466553
447,447,test,23138,0.6429771780967712,0.3004908859729767,0.544417679309845,0.3935943841934204,0.8839288949966431,0.121335469186306,0.8874559998512268,0.1164996027946472,0.8788642287254333,0.1214466840028762,0.922907292842865,0.0911420211195945,0.8152065277099609,0.1649942398071289,0.7580598592758179,0.1925724446773529,0.5087942481040955,0.447257936000824,0.8899877667427063,0.1170181483030319,0.1538862138986587,0.6973415613174438,0.5325475931167603,0.3217349648475647
448,448,train,24419,0.3504395484924316,0.5266053080558777,0.3735853135585785,0.5230505466461182,0.5413771867752075,0.3245968222618103,0.619398832321167,0.2516208589076996,0.7034017443656921,0.2323325872421264,0.8694369196891785,0.1265658736228943,0.4982659220695495,0.3772503435611725,0.3837551474571228,0.5098164081573486,0.2879472076892853,0.5986098051071167,0.627221941947937,0.2708311676979065,0.1965768188238144,0.6572445631027222,0.7002059817314148,0.245969533920288
449,449,train,23368,0.244095966219902,0.6375909447669983,0.2564411163330078,0.6326832175254822,0.2808607220649719,0.5808471441268921,0.4031716287136078,0.4518514573574066,0.6519460678100586,0.2979414761066437,0.8261486291885376,0.1319004893302917,0.29483762383461,0.5847616195678711,0.2573428750038147,0.6487412452697754,0.2028323411941528,0.6956707239151001,0.3536136746406555,0.5398760437965393,0.265871524810791,0.5806416869163513,0.8104168176651001,0.1979662328958511
450,450,train,22962,0.2966080605983734,0.5894507765769958,0.331216424703598,0.5705426335334778,0.4016765654087066,0.4723096787929535,0.5595197081565857,0.3337889015674591,0.7123784422874451,0.2630961537361145,0.8582329154014587,0.1250009685754776,0.4077403545379638,0.4892472624778747,0.3230986893177032,0.5934860706329346,0.2406470626592636,0.6387001872062683,0.5558998584747314,0.3775953948497772,0.2215978950262069,0.6308671832084656,0.7658279538154602,0.2092064172029495
451,451,train,24108,0.498596578836441,0.4192689955234527,0.4612296223640442,0.4529071748256683,0.7744731307029724,0.1803446263074875,0.792321503162384,0.1641920953989029,0.801717221736908,0.1742572039365768,0.893083393573761,0.1118177995085716,0.6766864061355591,0.2570075392723083,0.5561535358428955,0.3560872077941894,0.3921595513820648,0.5177212357521057,0.7898240685462952,0.1780651211738586,0.1544707715511322,0.6960386037826538,0.5653839707374573,0.2986041307449341
452,452,train,24587,0.3396244943141937,0.5498576760292053,0.3625345230102539,0.5390649437904358,0.5459709763526917,0.355810135602951,0.6488375663757324,0.2652798891067505,0.7345432639122009,0.2425775676965713,0.8718751072883606,0.1266291737556457,0.4986704885959625,0.413438469171524,0.3725734353065491,0.5372161269187927,0.2748278677463531,0.602851390838623,0.6528183221817017,0.2897622883319855,0.2014361172914505,0.6462447643280029,0.7023674249649048,0.2437137514352798
453,453,train,23478,0.3428918123245239,0.5328794121742249,0.3623840510845184,0.5315393209457397,0.5270960330963135,0.3390460014343261,0.6093493103981018,0.258348137140274,0.706734836101532,0.2288562357425689,0.8647053837776184,0.128608152270317,0.4929882287979126,0.3905698955059051,0.3810425698757171,0.518744170665741,0.2785893976688385,0.5965744256973267,0.6225816607475281,0.2777160108089447,0.1959888488054275,0.654057502746582,0.6922004222869873,0.2473467290401458
454,454,test,23461,0.7628297209739685,0.2004821300506591,0.6206055283546448,0.3377754688262939,0.91622132062912,0.1094117760658264,0.9165074229240416,0.1081724390387535,0.916353702545166,0.1092157438397407,0.9404552578926086,0.0815669000148773,0.878987729549408,0.1365633308887481,0.856455385684967,0.1368722170591354,0.5881651639938354,0.3908783793449402,0.9191322922706604,0.1057028323411941,0.166553258895874,0.68843013048172,0.5286178588867188,0.3242496252059936
455,455,train,23233,0.261104553937912,0.6132733225822449,0.2637234926223755,0.635532557964325,0.2951182126998901,0.5706760287284851,0.3903124332427978,0.475185751914978,0.6513329148292542,0.3144674897193908,0.8171110153198242,0.1436478495597839,0.3102794289588928,0.5730746984481812,0.2711840271949768,0.6477431654930115,0.2295547127723693,0.6823994517326355,0.3300645649433136,0.5718497633934021,0.2813551127910614,0.5742356777191162,0.7990867495536804,0.2199811041355133
456,456,train,24133,0.2721935510635376,0.6112531423568726,0.3018096685409546,0.5862009525299072,0.3460182845592499,0.5284148454666138,0.4951385259628296,0.3904523849487304,0.7008000612258911,0.2852794229984283,0.8448670506477356,0.12697434425354,0.3570838868618011,0.5409969091415405,0.2946577370166778,0.608930230140686,0.22408527135849,0.6488389372825623,0.482022076845169,0.4375956058502197,0.2414116263389587,0.6056883335113525,0.7763272523880005,0.2035750448703766
457,457,train,23243,0.3908657431602478,0.5009973645210266,0.3953718543052673,0.5011464357376099,0.6422200798988342,0.2660321593284607,0.7040165662765503,0.2245642691850662,0.7531268000602722,0.2217492014169693,0.8718485236167908,0.1287177503108978,0.5625913739204407,0.3540795147418976,0.4333538115024566,0.4597611129283905,0.3170095086097717,0.5585721135139465,0.6984977126121521,0.2405308336019516,0.1789658516645431,0.6646715402603149,0.6393160820007324,0.2698855698108673
458,458,train,23132,0.2720994651317596,0.594407856464386,0.3044676184654236,0.5740091800689697,0.349370002746582,0.5027751326560974,0.5063864588737488,0.3614169359207153,0.681564211845398,0.271047443151474,0.8519166111946106,0.1221853122115135,0.3664670288562774,0.5074702501296997,0.2981325089931488,0.6024888753890991,0.2243395298719406,0.6468645334243774,0.4775046706199646,0.4217303991317749,0.2370457500219345,0.6112677454948425,0.7748696804046631,0.2043003886938095
459,459,train,23542,0.4051275253295898,0.4896978735923767,0.4068732857704162,0.4948008954524994,0.6477391123771667,0.2782777547836303,0.700485348701477,0.2371388077735901,0.7492947578430176,0.235444501042366,0.875387966632843,0.1323674917221069,0.5634414553642273,0.3598895967006683,0.4444852471351623,0.4613445103168487,0.3299633860588074,0.5567305088043213,0.701393723487854,0.256393551826477,0.174131378531456,0.6715454459190369,0.6368498802185059,0.2722081243991852
460,460,train,23051,0.2665316760540008,0.6175282001495361,0.3027603924274444,0.5949198603630066,0.3367955386638641,0.5244568586349487,0.4942601025104522,0.3771451711654663,0.689949631690979,0.2731457948684692,0.8476985096931458,0.1260475516319275,0.3569627106189728,0.5272360444068909,0.2884395122528076,0.6209897398948669,0.2214286476373672,0.6621483564376831,0.4658791124820709,0.4397124052047729,0.2356782704591751,0.6124802827835083,0.7817057371139526,0.1965615451335907
461,461,train,24089,0.4220709204673767,0.4770735800266266,0.419426292181015,0.4818896055221557,0.6740894913673401,0.2360067814588546,0.7143867611885071,0.2069219797849655,0.7613537907600403,0.2096869349479675,0.8764153718948364,0.1265389323234558,0.5958380103111267,0.3153849244117737,0.4715838432312011,0.4379298686981201,0.3435671031475067,0.5521764159202576,0.7172436714172363,0.2213572710752487,0.1668990701436996,0.6834820508956909,0.6179592609405518,0.2779657542705536
462,462,train,24484,0.2579343914985657,0.6311737895011902,0.2531316876411438,0.6390053629875183,0.2839048206806183,0.5728891491889954,0.3847173452377319,0.4686691462993622,0.6411768794059753,0.3030366003513336,0.8194757699966431,0.1404565274715423,0.300799697637558,0.5858003497123718,0.2634823322296142,0.6491826176643372,0.2178089320659637,0.6886857151985168,0.3348285257816314,0.5605737566947937,0.2769478261470794,0.5784441232681274,0.8118451833724976,0.2029347419738769
463,463,test,23638,0.694114625453949,0.2730969488620758,0.5678939819335938,0.3785226047039032,0.9004495739936829,0.119052842259407,0.9031994938850404,0.1140810996294021,0.8993424773216248,0.1211050152778625,0.9324727654457092,0.0872895047068595,0.8446542620658875,0.1587034612894058,0.795499861240387,0.1800578981637954,0.5287759304046631,0.4347169697284698,0.9053003191947936,0.1162122040987014,0.1538850367069244,0.6950615644454956,0.533654510974884,0.3235623240470886
464,464,train,23360,0.3828181028366089,0.5069023370742798,0.3935675024986267,0.5062320828437805,0.6177735924720764,0.2892493009567261,0.6798151135444641,0.2374133020639419,0.7450687885284424,0.2266373187303543,0.8743537664413452,0.127977192401886,0.5457173585891724,0.3667095899581909,0.422630250453949,0.4857242405414581,0.308279275894165,0.5786100625991821,0.680546760559082,0.2581648826599121,0.1792851537466049,0.672045111656189,0.6531998515129089,0.2627664804458618
465,465,train,24421,0.2479923814535141,0.6266453266143799,0.259838193655014,0.6210814714431763,0.2859849035739898,0.5639444589614868,0.4022786915302276,0.444316416978836,0.6671971082687378,0.2862774133682251,0.8258301615715027,0.1311993598937988,0.3088927865028381,0.5594915747642517,0.2602839171886444,0.6355470418930054,0.2048299610614776,0.675984799861908,0.3542763292789459,0.5264118313789368,0.2649087309837341,0.5768349170684814,0.8058281540870667,0.189371183514595
466,466,test,23073,0.2831294238567352,0.5769694447517395,0.3050615787506103,0.5677846074104309,0.3738585114479065,0.4738002121448517,0.5259104371070862,0.3422272205352783,0.7010943293571472,0.2644469439983368,0.842966616153717,0.1303565502166748,0.3853387236595154,0.4786624908447265,0.3063908517360687,0.57369464635849,0.2235919684171676,0.6155911684036255,0.5267139673233032,0.3931032419204712,0.2303135693073272,0.6077478528022766,0.76954185962677,0.2032124102115631
467,467,train,24548,0.559765100479126,0.3885892331600189,0.4960443377494812,0.4262633025646209,0.8239700198173523,0.1687503457069397,0.8328313231468201,0.1592129617929458,0.8323370218276978,0.1714842915534973,0.8976060748100281,0.1171498373150825,0.7407029867172241,0.2339042127132415,0.6551591157913208,0.292279303073883,0.442898154258728,0.4847849309444427,0.8417308330535889,0.1637035757303238,0.1553990095853805,0.6912688612937927,0.5463396310806274,0.3122501373291015
468,468,test,24219,0.5891097784042358,0.3310683369636535,0.5115233063697815,0.4045051336288452,0.8577584028244019,0.1324786692857742,0.8618283271789551,0.1257607787847519,0.8567183017730713,0.132036343216896,0.9129848480224608,0.0956465601921081,0.7723659873008728,0.1830706298351287,0.7086531519889832,0.2205858528614044,0.4705718755722046,0.4584484994411468,0.8718613386154175,0.126273363828659,0.1517585963010788,0.6966082453727722,0.5363948941230774,0.3184729218482971
469,469,train,24673,0.5978047847747803,0.3461693227291107,0.5242642760276794,0.406122624874115,0.8649709820747375,0.1420748680830001,0.8760660886764526,0.1338459849357605,0.8715174198150635,0.1430613398551941,0.9166628122329712,0.103324256837368,0.7772405743598938,0.1997429579496383,0.7082036137580872,0.2449671477079391,0.4661407768726349,0.4593416154384613,0.8791420459747314,0.1359398961067199,0.1543330997228622,0.6943439245223999,0.5435179471969604,0.3169211447238922
470,470,test,24550,0.2618566155433655,0.6222825050354004,0.2633374035358429,0.6417170166969299,0.2941800355911255,0.5723913311958313,0.3838147819042206,0.4769818484783172,0.63859623670578,0.3130413293838501,0.8254142999649048,0.1415681988000869,0.3097827732563019,0.5809139013290405,0.2693506181240082,0.6484698057174683,0.2267822474241256,0.6886564493179321,0.3372002840042114,0.5647112131118774,0.2849898934364319,0.577964186668396,0.8110082745552063,0.2183180153369903
471,471,train,24518,0.2536299228668213,0.6122997403144836,0.2629006803035736,0.6256367564201355,0.2953597903251648,0.5643932819366455,0.409789890050888,0.453653484582901,0.6678548455238342,0.2956991791725158,0.8297424912452698,0.135536715388298,0.3107134103775024,0.5711440443992615,0.2661882042884826,0.6389975547790527,0.2186787128448486,0.6703452467918396,0.3526621460914612,0.5441795587539673,0.2791520655155182,0.5728890895843506,0.804895281791687,0.2050239294767379
472,472,train,23345,0.2463574707508087,0.6310638785362244,0.2742807865142822,0.6163427233695984,0.2934285998344421,0.5648770332336426,0.4315210282802582,0.4289650022983551,0.674798309803009,0.2808326482772827,0.8362838625907898,0.1276157647371292,0.3164398372173309,0.5601577162742615,0.2690503299236297,0.6421222686767578,0.2097054272890091,0.6836395263671875,0.3776712119579315,0.5223566293716431,0.2626625597476959,0.5853308439254761,0.809734582901001,0.1938750296831131
473,473,train,23406,0.3459090888500213,0.5449052453041077,0.363743394613266,0.5325112342834473,0.5593228936195374,0.3199229538440704,0.645366370677948,0.2548854649066925,0.7481358051300049,0.2403179556131363,0.8685508966445923,0.1325242221355438,0.5129753351211548,0.3880585134029388,0.3817429840564728,0.5211204290390015,0.2839857637882232,0.588319718837738,0.657824695110321,0.2709069848060608,0.1890160143375396,0.65907222032547,0.6690201163291931,0.2589597702026367
474,474,test,24411,0.4335362911224365,0.4710877239704132,0.4262487292289734,0.4807927310466766,0.6850681900978088,0.2216973900794983,0.7247937321662903,0.1937428265810012,0.7598369121551514,0.1979430019855499,0.8766669631004333,0.1240010559558868,0.6008250117301941,0.3013781309127807,0.4715966284275055,0.4243257641792297,0.3499270379543304,0.5491119623184204,0.7251071929931641,0.2100554853677749,0.1669298410415649,0.6860183477401733,0.6099138259887695,0.2839498519897461
475,475,train,23471,0.3777221739292145,0.5084019303321838,0.3901766836643219,0.5096065998077393,0.6029872298240662,0.2838319838047027,0.6726605296134949,0.233818918466568,0.7455472946166992,0.2262025326490402,0.8689145445823669,0.1302283704280853,0.5433986783027649,0.3464848697185516,0.418301910161972,0.4757472574710846,0.3014236092567444,0.5702972412109375,0.6772445440292358,0.2527983486652374,0.180547222495079,0.6675562262535095,0.6550642848014832,0.2617293894290924
476,476,train,23219,0.654145359992981,0.2950199842453003,0.5355274677276611,0.4047571122646332,0.8994958400726318,0.1264917105436325,0.9012566804885864,0.1218607574701309,0.8922321796417236,0.1324962675571441,0.9300891757011414,0.0954995155334472,0.8196250796318054,0.1793368309736251,0.7568448781967163,0.2046992927789688,0.5204447507858276,0.4412953555583954,0.9016655087471008,0.1230705082416534,0.1553044021129608,0.6980769038200378,0.5277991890907288,0.3223555088043213
477,477,train,24650,0.3026562929153442,0.5974698662757874,0.3311519920825958,0.5722159743309021,0.4277417063713074,0.4652597904205322,0.5900596380233765,0.3288988173007965,0.7244502902030945,0.2705393433570862,0.8598702549934387,0.1253214627504348,0.4283410906791687,0.4899086654186249,0.3263384401798248,0.5938170552253723,0.245457574725151,0.6436454653739929,0.582033097743988,0.3713464140892029,0.2185873389244079,0.6360381841659546,0.7501419186592102,0.215898796916008
478,478,train,23119,0.2667014300823211,0.619037389755249,0.2671044468879699,0.631544291973114,0.2963855266571045,0.5587088465690613,0.3868386149406433,0.4660499393939972,0.6508097052574158,0.3008769750595093,0.8206485509872437,0.1415985822677612,0.3142107725143432,0.5685840845108032,0.2677145600318908,0.6394258141517639,0.2246954143047332,0.6822029948234558,0.3427487313747406,0.5547198057174683,0.2774898707866668,0.5765923261642456,0.8169017434120178,0.2126872539520263
479,479,train,24066,0.2616390585899353,0.6251890063285828,0.2608771920204162,0.6290882229804993,0.2980687022209167,0.5694583654403687,0.3986634612083435,0.4590272903442383,0.652077853679657,0.2961646020412445,0.8204720616340637,0.1382384300231933,0.3163925111293793,0.5738285779953003,0.2708362936973572,0.6453397870063782,0.217804417014122,0.6817859411239624,0.3485319316387176,0.5465347170829773,0.2756761312484741,0.5757132768630981,0.8064584136009216,0.2022681534290313
480,480,train,24187,0.2719263434410095,0.6035904288291931,0.3012189865112304,0.584165632724762,0.3483350276947021,0.5142520070075989,0.5023992657661438,0.3677850663661957,0.694279134273529,0.2730658054351806,0.8494194149971008,0.1219172030687332,0.3597503304481506,0.5235853791236877,0.2952723801136017,0.6069318056106567,0.2237826287746429,0.6521159410476685,0.4731076955795288,0.4314824342727661,0.2455164045095443,0.5965665578842163,0.7885900735855103,0.1978419572114944
481,481,train,23892,0.3370242714881897,0.5511413812637329,0.3496751189231872,0.5374824404716492,0.5502809882164001,0.3568158745765686,0.6521399617195129,0.2695731818675995,0.7344242930412292,0.2468664795160293,0.8674913048744202,0.1298012435436248,0.4999653100967407,0.4210046231746673,0.365058958530426,0.5394602417945862,0.2635008692741394,0.601445734500885,0.6534112095832825,0.294834554195404,0.1960106641054153,0.6487465500831604,0.7078805565834045,0.2414363026618957
482,482,test,24146,0.6012403964996338,0.3372872471809387,0.5392590761184692,0.3991922736167907,0.8502669334411621,0.1417187303304672,0.8563300371170044,0.1347077935934066,0.8619633316993713,0.1381959915161132,0.9083216190338136,0.1065798699855804,0.7753785848617554,0.1906784474849701,0.7309383749961853,0.2291987389326095,0.4966225326061249,0.4507217705249786,0.8734648823738098,0.1323089301586151,0.1564605385065078,0.6938881874084473,0.5284328460693359,0.3223824501037597
483,483,test,22978,0.4110332727432251,0.4828533232212066,0.4083753228187561,0.488315612077713,0.6625457406044006,0.26231649518013,0.719639003276825,0.2170187532901764,0.7622122764587402,0.2190773785114288,0.8724445104598999,0.1310862302780151,0.5953989028930664,0.3409487009048462,0.4595903754234314,0.4557329416275024,0.3248049318790436,0.5527240037918091,0.7151960134506226,0.2342873811721801,0.1751288920640945,0.6707800030708313,0.6431702375411987,0.2699870467185974
484,484,train,24021,0.7417101860046387,0.231204017996788,0.5972198247909546,0.3590517044067383,0.9197350144386292,0.1143446639180183,0.921343207359314,0.1116688996553421,0.9173160195350648,0.1178737506270408,0.9440549612045288,0.0849972143769264,0.8751620650291443,0.1476078033447265,0.8369986414909363,0.1594688892364502,0.5593613386154175,0.4108710885047912,0.9204126000404358,0.112350009381771,0.1593168973922729,0.6924156546592712,0.5332358479499817,0.3231758773326874
485,485,train,23293,0.588039219379425,0.3534500002861023,0.5142076015472412,0.417910099029541,0.8553290367126465,0.1404877752065658,0.8608801364898682,0.1324077099561691,0.8531225919723511,0.141027420759201,0.914099395275116,0.1000023335218429,0.7713644504547119,0.1986895352602005,0.6935054659843445,0.2411201298236847,0.4762190580368042,0.471924751996994,0.8680710196495056,0.1346829831600189,0.1527632176876068,0.7009783983230591,0.5389982461929321,0.3170161545276642
486,486,train,23807,0.3173697590827942,0.5677860379219055,0.3407820165157318,0.5551756024360657,0.4527144134044647,0.4103986620903015,0.5738347768783569,0.3031885623931885,0.7026140689849854,0.2553408741950989,0.8560008406639099,0.1301517933607101,0.443813145160675,0.4421256780624389,0.3439381718635559,0.5599452257156372,0.255355030298233,0.6209182143211365,0.5863920450210571,0.3243715763092041,0.2087097615003585,0.644688606262207,0.7265630960464478,0.2316432446241378
487,487,test,24365,0.3228871822357178,0.5670227408409119,0.3470461368560791,0.550534188747406,0.5096046924591064,0.3808993399143219,0.6384292244911194,0.2812818586826324,0.7395387291908264,0.2465947866439819,0.8757198452949524,0.1230320408940315,0.4709198474884033,0.4394305646419525,0.3489762842655182,0.5552540421485901,0.2626224458217621,0.6153309941291809,0.6345738172531128,0.305941104888916,0.2006704658269882,0.6479505896568298,0.7111963629722595,0.2409740984439849
488,488,train,23038,0.2887717187404632,0.58854079246521,0.3203610479831695,0.5724361538887024,0.3800338208675384,0.4763815701007843,0.5331631898880005,0.3421651721000671,0.692902684211731,0.2677913904190063,0.8537325859069824,0.125700831413269,0.4015527367591858,0.485740602016449,0.3141182661056518,0.5952215194702148,0.231640487909317,0.6365000009536743,0.5160053372383118,0.394523948431015,0.2326552718877792,0.615003228187561,0.7724036574363708,0.2055460065603256
489,489,train,23027,0.4557368457317352,0.4536303281784057,0.4428562223911285,0.4685519933700561,0.7121014595031738,0.2179938703775406,0.748842716217041,0.1927441656589508,0.7852026224136353,0.1963809579610824,0.8823942542076111,0.1236509606242179,0.6237974762916565,0.2936012744903564,0.507736086845398,0.4060990214347839,0.3674274384975433,0.532235324382782,0.7517092823982239,0.2085751146078109,0.163276731967926,0.6884278655052185,0.5977544784545898,0.2865025699138641
490,490,train,23608,0.3598453402519226,0.5193924903869629,0.3738210499286651,0.518222987651825,0.600622296333313,0.3024899661540985,0.6714960336685181,0.2419665902853012,0.7437409162521362,0.2267129123210907,0.8718245029449463,0.1308890283107757,0.5319163799285889,0.3741935491561889,0.4056195914745331,0.495089590549469,0.2910687923431396,0.5776479840278625,0.673643946647644,0.2607259154319763,0.1895754933357238,0.6613786220550537,0.6701771020889282,0.2593007385730743
491,491,train,23559,0.2639905214309692,0.6195805668830872,0.2658147811889648,0.6403592824935913,0.3024896681308746,0.561760425567627,0.4014021456241607,0.470265656709671,0.6450545191764832,0.3104448020458221,0.8297409415245056,0.1408268958330154,0.3157474994659424,0.5742441415786743,0.2794379889965057,0.6384320855140686,0.231963649392128,0.6766306161880493,0.3433549702167511,0.5544036030769348,0.2809024453163147,0.574964165687561,0.8152996897697449,0.2135791927576065
492,492,test,23104,0.5987176895141602,0.3327845335006714,0.5123988389968872,0.4088099598884582,0.8438044190406799,0.1511495560407638,0.8503132462501526,0.1417619436979293,0.8381720781326294,0.1507099568843841,0.9019346237182616,0.1072487086057663,0.7637333869934082,0.1969377249479293,0.7042613625526428,0.2318341732025146,0.4679876267910003,0.4647928178310394,0.8531832098960876,0.1425639688968658,0.1507129222154617,0.699591338634491,0.5393272042274475,0.3172840178012848
493,493,train,24322,0.490078330039978,0.4305773079395294,0.4646280109882355,0.4495697915554046,0.7796331644058228,0.1917790919542312,0.7962497472763062,0.1778524667024612,0.8160297274589539,0.1868485957384109,0.8952760100364685,0.1181485056877136,0.6672136783599854,0.2695913016796112,0.5706309676170349,0.361474335193634,0.3965479433536529,0.5045446753501892,0.807002067565918,0.1896260976791381,0.1601065844297409,0.6887920498847961,0.5730233192443848,0.2994607985019684
494,494,test,24382,0.3378905653953552,0.5436686873435974,0.3573387265205383,0.536433219909668,0.5281689167022705,0.3605791330337524,0.6341710686683655,0.2751742601394653,0.7235676646232605,0.2412633299827575,0.8678737282752991,0.1277012228965759,0.4937666654586792,0.4133059382438659,0.3645828366279602,0.5419433116912842,0.2690160572528839,0.6075142025947571,0.6316417455673218,0.3009543120861053,0.2036573439836502,0.6414870023727417,0.7132746577262878,0.2351625114679336
495,495,test,23822,0.6702213287353516,0.2907978892326355,0.5545820593833923,0.3873815834522247,0.8946726322174072,0.124574489891529,0.8975015878677368,0.1190821006894111,0.8866991996765137,0.1243854165077209,0.929941177368164,0.0911114141345024,0.8336060047149658,0.1668644994497299,0.7810409665107727,0.1893038749694824,0.518616259098053,0.4382068514823913,0.8992358446121216,0.1199401468038559,0.1523520201444625,0.69536954164505,0.534881591796875,0.3230933547019958
496,496,train,23373,0.41468545794487,0.4817908406257629,0.4021841287612915,0.4903026819229126,0.6996793150901794,0.2271885871887207,0.7430000901222229,0.1964520364999771,0.7861711382865906,0.2033328264951706,0.8740503191947937,0.1281463950872421,0.5972614288330078,0.319901704788208,0.4631505012512207,0.4359592199325561,0.3265402615070343,0.543434202671051,0.7334173917770386,0.2170072793960571,0.1670297533273697,0.678458034992218,0.6145700216293335,0.2786081433296203
497,497,train,24614,0.6106804013252258,0.3370733857154846,0.5286958813667297,0.3990824520587921,0.87018221616745,0.1392499506473541,0.8740962147712708,0.1320358663797378,0.8668947219848633,0.1394538134336471,0.9164665341377258,0.100402146577835,0.789202868938446,0.192915603518486,0.7225616574287415,0.233085498213768,0.4850367605686188,0.4505339562892914,0.8776837587356567,0.1339215636253357,0.1537826061248779,0.693096399307251,0.5374320149421692,0.3168894648551941
498,498,train,24178,0.3413191735744476,0.5489581227302551,0.3603853583335876,0.5384021997451782,0.5519789457321167,0.3495057821273803,0.6552173495292664,0.2588671743869781,0.7347237467765808,0.2464653551578521,0.8718435764312744,0.1290125250816345,0.5017333030700684,0.4114370346069336,0.3739539086818695,0.5351324677467346,0.2735905647277832,0.6029854416847229,0.6517246961593628,0.2847110629081726,0.1941234916448593,0.6539038419723511,0.6935019493103027,0.2461524605751037
499,499,train,22993,0.2712961137294769,0.6117987036705017,0.2990638017654419,0.5886402130126953,0.33343106508255,0.5318978428840637,0.4896216690540313,0.3893952667713165,0.6805086135864258,0.2808878123760223,0.8438185453414917,0.1308638304471969,0.3573144674301147,0.5264712572097778,0.2938225269317627,0.6171707510948181,0.2206644862890243,0.6615583300590515,0.4693844616413116,0.4502715766429901,0.2355515211820602,0.6144805550575256,0.7784410715103149,0.2003840804100036
500,500,train,23292,0.2905042469501495,0.5876151919364929,0.3229746520519256,0.5690038800239563,0.3785446882247925,0.4827297925949096,0.5397629737854004,0.3411044478416443,0.703298807144165,0.2704453766345978,0.8470385074615479,0.1297370642423629,0.3871596753597259,0.4999348521232605,0.3180748224258423,0.582223117351532,0.2414760887622833,0.6288643479347229,0.5460671186447144,0.3778656423091888,0.2292407304048538,0.62067711353302,0.7580442428588867,0.2105794548988342
501,501,train,23910,0.2626857757568359,0.6233354806900024,0.2910676896572113,0.6092689633369446,0.3172012269496918,0.5544058084487915,0.4514333307743072,0.4285109639167785,0.6770251393318176,0.2888190746307373,0.8416361808776855,0.131545290350914,0.3411287069320678,0.5542759895324707,0.2829666435718536,0.6353861689567566,0.2218383550643921,0.6771060824394226,0.4012109935283661,0.5046150088310242,0.2622855305671692,0.5965940356254578,0.8030062317848206,0.1943056434392929
502,502,train,23827,0.7088608145713806,0.2550545036792755,0.570278525352478,0.3748662173748016,0.909576177597046,0.1175949722528457,0.9135674238204956,0.1128953695297241,0.907147228717804,0.1185882166028022,0.9371165037155152,0.0867559015750885,0.857315719127655,0.1551726162433624,0.8089261651039124,0.167635291814804,0.5435318350791931,0.4226303100585937,0.9119572043418884,0.113997533917427,0.1572094410657882,0.6937772631645203,0.5310220122337341,0.3241536021232605
503,503,train,23277,0.3473045229911804,0.5359823703765869,0.3618989884853363,0.5310382843017578,0.5666747689247131,0.3249037563800812,0.6493374109268188,0.2540130317211151,0.7359375953674316,0.2377465665340423,0.8744007349014282,0.1287571936845779,0.5201431512832642,0.3854111731052398,0.388676643371582,0.5187929272651672,0.2798848748207092,0.5913873314857483,0.6509795784950256,0.2735879719257355,0.1955895125865936,0.6530939936637878,0.691221296787262,0.2509198784828186
504,504,train,24744,0.66241854429245,0.3030330538749695,0.5549061894416809,0.3909670710563659,0.8873486518859863,0.1310336589813232,0.8960321545600891,0.1220512241125106,0.8914901614189148,0.1277227252721786,0.9303687810897828,0.0953570380806922,0.8261685371398926,0.1788262575864792,0.7653963565826416,0.2071361541748047,0.5067324638366699,0.4519057869911194,0.8957930207252502,0.1235788986086845,0.1561136841773986,0.6971121430397034,0.5402675271034241,0.3210249543190002
505,505,train,23211,0.3047936856746673,0.5822424292564392,0.3256946802139282,0.5667506456375122,0.415402889251709,0.4449579417705536,0.5462926030158997,0.3253462612628937,0.693763017654419,0.2642686069011688,0.8622217774391174,0.1240300834178924,0.4184631705284118,0.4592960476875305,0.3213641941547394,0.5819130539894104,0.247882455587387,0.6405355930328369,0.5497724413871765,0.3551722168922424,0.2184491902589798,0.6399502158164978,0.7443777918815613,0.2247666120529174
506,506,train,23698,0.2557019293308258,0.6208375692367554,0.2593501806259155,0.627411961555481,0.2923892140388489,0.5617439150810242,0.3891372978687286,0.455750823020935,0.6533842086791992,0.2991905510425567,0.8291040658950806,0.1313344538211822,0.3064190745353699,0.5667432546615601,0.2657921910285949,0.629483163356781,0.2123335897922516,0.6787946224212646,0.3473308980464935,0.5336206555366516,0.2763721644878387,0.576624870300293,0.8117661476135254,0.201744869351387
507,507,train,23049,0.2782849371433258,0.5979546308517456,0.3080088794231415,0.5844033360481262,0.3526710867881775,0.5094984173774719,0.5141890645027161,0.3711644113063812,0.695380449295044,0.2702915966510772,0.8512054085731506,0.1230713054537773,0.3749042153358459,0.5162428617477417,0.3012723922729492,0.6106102466583252,0.2266333103179931,0.6513356566429138,0.4669377207756042,0.4452751576900482,0.2478263825178146,0.5996383428573608,0.7917718887329102,0.1961961984634399
508,508,train,24045,0.4489192366600036,0.4645289182662964,0.431529551744461,0.4756973683834076,0.739477276802063,0.2127768248319625,0.7799159288406372,0.1884684860706329,0.8058773875236511,0.1974638849496841,0.8928280472755432,0.11782006919384,0.6409104466438293,0.301153689622879,0.5235386490821838,0.4070949256420135,0.3614919781684875,0.529620349407196,0.7799128293991089,0.2040507942438125,0.1616013795137405,0.6836374402046204,0.5921809673309326,0.2894155383110046
509,509,train,24473,0.3323139250278473,0.5543275475502014,0.3542080223560333,0.5463942289352417,0.5056141018867493,0.3785069286823272,0.6113545894622803,0.2834473848342895,0.7131377458572388,0.2505896687507629,0.8657563924789429,0.1304167658090591,0.4849374890327453,0.4220098853111267,0.3668140769004822,0.545339047908783,0.2658783495426178,0.6122820973396301,0.6184089183807373,0.3068090081214905,0.2013274133205413,0.6503357291221619,0.717799723148346,0.2349531650543213
510,510,train,24524,0.6857794523239136,0.2691798508167267,0.5551332235336304,0.3865803480148315,0.904223382472992,0.1208962127566337,0.9075373411178588,0.1171431541442871,0.9009689092636108,0.1242390573024749,0.9339209794998168,0.0902826413512229,0.845001757144928,0.1603559851646423,0.7952075600624084,0.1761383116245269,0.5320954918861389,0.4325239956378937,0.9082822799682616,0.1180226728320121,0.1530839800834655,0.6976873278617859,0.5284808874130249,0.3243860006332397
511,511,test,24608,0.4170499742031097,0.4924878180027008,0.4178929328918457,0.4905592799186706,0.6704504489898682,0.2598833739757538,0.7212560772895813,0.2206449806690216,0.769570529460907,0.2164597660303115,0.8736670613288879,0.1296913772821426,0.5958977341651917,0.3364449739456177,0.4690820872783661,0.4472739100456238,0.3391852378845215,0.5500611066818237,0.7215057015419006,0.238629937171936,0.1762783080339431,0.6702930927276611,0.6320750713348389,0.2750996947288513
512,512,train,24482,0.2824674546718597,0.6079161763191223,0.3075531423091888,0.592515230178833,0.3610493540763855,0.5239640474319458,0.5182509422302246,0.3956740498542785,0.6993752717971802,0.28520268201828,0.8509498238563538,0.1256834119558334,0.3815930187702179,0.5298839211463928,0.3048135936260223,0.620801568031311,0.2310669869184494,0.6629019975662231,0.4785976111888885,0.4573085308074951,0.2490960955619812,0.6003808975219727,0.7857927680015564,0.1986087411642074
513,513,train,23503,0.3236595094203949,0.5706932544708252,0.3493909239768982,0.5536442399024963,0.4848649501800537,0.4264555871486664,0.6293793320655823,0.3117277324199676,0.736470103263855,0.2592169940471649,0.8663687109947205,0.1255906075239181,0.4650373160839081,0.4628020823001861,0.3455647528171539,0.5751476883888245,0.2523950636386871,0.6210671663284302,0.6258551478385925,0.3482386469841003,0.2108741998672485,0.6326642036437988,0.7363540530204773,0.2248517274856567
514,514,train,24718,0.2549292743206024,0.6215943098068237,0.2840156853199005,0.6087701320648193,0.308429479598999,0.5527411699295044,0.4494141340255737,0.4153133034706116,0.6837437748908997,0.2792000770568847,0.8422753214836121,0.126184806227684,0.3289857506752014,0.5581112504005432,0.2756221294403076,0.6316612362861633,0.215211272239685,0.6762365102767944,0.3963231742382049,0.5000625252723694,0.2592948675155639,0.5915176272392273,0.8068788647651672,0.1903163790702819
515,515,train,24318,0.420464813709259,0.4825845062732696,0.4139350056648254,0.4898087680339813,0.709642231464386,0.2388936728239059,0.7674365043640137,0.2050932198762893,0.7982792258262634,0.2094856649637222,0.8874278664588928,0.1227806955575943,0.6199662089347839,0.3220750093460083,0.4702956974506378,0.4372329115867615,0.330947995185852,0.5519461631774902,0.7582442164421082,0.2232200056314468,0.1651882380247116,0.6844282150268555,0.6125803589820862,0.2805816829204559
516,516,test,23152,0.6241529583930969,0.3118491172790527,0.5290383100509644,0.3981662392616272,0.8646876215934753,0.1229480281472206,0.8674261569976807,0.1179684996604919,0.8577836155891418,0.1241466626524925,0.910371482372284,0.091180682182312,0.7906731367111206,0.1688275784254074,0.728172242641449,0.2041530907154083,0.4943135678768158,0.44858118891716,0.8739172220230103,0.1168993785977363,0.1547432988882064,0.6934074759483337,0.533330500125885,0.3184564709663391
517,517,train,23917,0.4863355755805969,0.4423311352729797,0.460940271615982,0.4544615149497986,0.7847692370414734,0.211598590016365,0.8168141841888428,0.1893655955791473,0.8237997889518738,0.1977535486221313,0.896270215511322,0.1176926717162132,0.6891155242919922,0.2943258285522461,0.5537653565406799,0.3856320679187774,0.3869765698909759,0.5150406360626221,0.8105843663215637,0.2026142925024032,0.156589463353157,0.688384473323822,0.5813230872154236,0.2950612902641296
518,518,train,23232,0.2644138038158417,0.6064334511756897,0.2907707095146179,0.5894137024879456,0.3261160850524902,0.5238479971885681,0.4927392601966858,0.3797730505466461,0.6895782947540283,0.2760851383209228,0.8421732187271118,0.1283741742372512,0.3487538993358612,0.5251471996307373,0.2855457663536072,0.6138567328453064,0.2167892009019851,0.6581103801727295,0.4500027894973755,0.4522157609462738,0.243190124630928,0.6031827330589294,0.7864569425582886,0.1981630027294159
519,519,train,23612,0.7977831363677979,0.1825242936611175,0.6427944898605347,0.3275437653064728,0.927502989768982,0.1039853692054748,0.927840530872345,0.1031855121254921,0.9272949695587158,0.1040090695023536,0.947958528995514,0.0773990973830223,0.8967069387435913,0.1269707679748535,0.8812522292137146,0.1260956525802612,0.6033681035041809,0.383245974779129,0.9279717206954956,0.1023244187235832,0.1701407134532928,0.6843078136444092,0.5311697721481323,0.3242701888084411
520,520,test,23472,0.4697378277778625,0.4406908750534057,0.4425642192363739,0.4646282196044922,0.7367461323738098,0.1886935085058212,0.754427969455719,0.1732575893402099,0.7803007960319519,0.1818460375070572,0.8765265345573425,0.1253542453050613,0.6467238664627075,0.2605511248111725,0.5408720970153809,0.3685671687126159,0.377669095993042,0.5222226977348328,0.7588375210762024,0.184709295630455,0.1570119559764862,0.6912053823471069,0.5710321068763733,0.2980290949344635
521,521,train,24333,0.2624754011631012,0.6226046681404114,0.2745751142501831,0.6250597834587097,0.3135944604873657,0.5555766820907593,0.4361591041088104,0.4362501502037048,0.6592150330543518,0.2949772477149963,0.8269494771957397,0.1346639543771743,0.3221330940723419,0.563200831413269,0.2746315896511078,0.6367470622062683,0.2174003720283508,0.6783965826034546,0.3789176046848297,0.5174790620803833,0.2706187963485718,0.5764719247817993,0.8077811002731323,0.196371927857399
522,522,train,23066,0.5812806487083435,0.3672931492328644,0.5002534985542297,0.4252509772777557,0.8600187301635742,0.1521986126899719,0.8749094605445862,0.1396456807851791,0.8749464154243469,0.14783376455307,0.9188010692596436,0.105486936867237,0.786119282245636,0.2137625366449356,0.6924840211868286,0.2724614441394806,0.4394310116767883,0.4739161729812622,0.8773275017738342,0.1428573727607727,0.152779147028923,0.6960486173629761,0.5460214018821716,0.3148004114627838
523,523,train,23079,0.5753586292266846,0.3639832735061645,0.5188159942626953,0.4160948097705841,0.8267779350280762,0.1593449115753173,0.8470606803894043,0.1478292644023895,0.8515384793281555,0.1548243165016174,0.9103016257286072,0.1091190576553344,0.7554566264152527,0.2176128923892974,0.6699179410934448,0.2799310386180877,0.4504624903202057,0.4763323068618774,0.8549480438232422,0.1519311815500259,0.1542380601167678,0.6952736973762512,0.5477316975593567,0.3137456774711609
524,524,train,23867,0.4933745563030243,0.4463129937648773,0.4686785936355591,0.4588563442230224,0.7792891263961792,0.1947029829025268,0.8095985054969788,0.1760395318269729,0.8222696185112,0.1807574480772018,0.8945821523666382,0.1203435286879539,0.6897865533828735,0.2803260385990143,0.5740575194358826,0.3748058080673218,0.3866220116615295,0.5199723839759827,0.8031938672065735,0.1873697191476822,0.1607086360454559,0.6862789988517761,0.5926182866096497,0.2919483184814453
525,525,train,23109,0.5309655070304871,0.4055071473121643,0.4762120246887207,0.443419337272644,0.8290241956710815,0.1752936542034149,0.8417579531669617,0.1619457751512527,0.8423948287963867,0.1755639016628265,0.9021754860877992,0.118519589304924,0.7294617891311646,0.249613344669342,0.6366057991981506,0.3139967918395996,0.4299615323543548,0.491272509098053,0.8444149494171143,0.168870523571968,0.1562589108943939,0.6932210326194763,0.5514631271362305,0.3122613131999969
526,526,train,24493,0.6682716608047485,0.2800276577472687,0.5591456294059753,0.3806293606758117,0.8974735140800476,0.1184196025133133,0.9005672931671143,0.1136315986514091,0.8953210711479187,0.1183740720152854,0.9337270855903624,0.0860021263360977,0.8321192264556885,0.1593036204576492,0.7811827063560486,0.1839335411787033,0.5184080004692078,0.4351851940155029,0.903797447681427,0.1134175136685371,0.1532943546772003,0.6958995461463928,0.5348337888717651,0.3209293484687805
527,527,train,23127,0.7058466672897339,0.2461569160223007,0.5782738924026489,0.368560254573822,0.9034234285354614,0.1164396181702613,0.9056941270828248,0.1136143803596496,0.9035773873329164,0.1170269772410392,0.934717893600464,0.0862153321504592,0.8561074137687683,0.1499556750059127,0.8170702457427979,0.1635939925909042,0.5362445116043091,0.4239611029624939,0.9095588326454164,0.1115723028779029,0.1619713604450225,0.6899664402008057,0.5307449102401733,0.3239666223526001
528,528,train,23854,0.4324449598789215,0.478812038898468,0.4246416091918945,0.4858172833919525,0.6988257765769958,0.2479744255542755,0.7470375299453735,0.2160266935825348,0.7735834121704102,0.2214880436658859,0.8775648474693298,0.1329152584075927,0.6144345998764038,0.3327214419841766,0.4793512225151062,0.443708062171936,0.3354124724864959,0.5456755757331848,0.7291110157966614,0.2323327213525772,0.1698782444000244,0.67158043384552,0.6174456477165222,0.2767520844936371
529,529,train,24359,0.350451797246933,0.5373817682266235,0.3649296462535858,0.5287203192710876,0.5542210340499878,0.3335197269916534,0.6338827610015869,0.2624475061893463,0.7095414400100708,0.2416527867317199,0.869000256061554,0.1279097348451614,0.5009443759918213,0.398458182811737,0.3812256753444671,0.5180435180664062,0.2797636687755584,0.6024256348609924,0.6357065439224243,0.2823294103145599,0.1934482008218765,0.65505051612854,0.6939820051193237,0.2470165193080902
530,530,train,23004,0.7396040558815002,0.2382998913526535,0.5871226787567139,0.3697333037853241,0.919599950313568,0.1152584254741668,0.9211654663085938,0.112262949347496,0.9162617325782776,0.1192526593804359,0.9421768188476562,0.0865524932742118,0.8753343820571899,0.1525111943483352,0.8364871740341187,0.1618175208568573,0.5649100542068481,0.4116239547729492,0.9206398725509644,0.1121090874075889,0.1610759794712066,0.694433867931366,0.5326818227767944,0.3232769072055816
531,531,test,24395,0.4555725157260895,0.4564553797245025,0.4246166348457336,0.4753709137439728,0.7739335298538208,0.2001114338636398,0.8098834753036499,0.1784359812736511,0.8210136890411377,0.1925147175788879,0.8944568634033203,0.117275059223175,0.6610347628593445,0.2948394417762756,0.5240387916564941,0.3964562118053436,0.3514717817306518,0.5298402905464172,0.7959433197975159,0.1947963684797287,0.1586793810129165,0.6842811703681946,0.5860106348991394,0.2898192703723907
532,532,train,24051,0.287624329328537,0.6009647250175476,0.3135583400726318,0.5835313200950623,0.3839888870716095,0.4883261919021606,0.5411078929901123,0.3520542681217193,0.6880252361297607,0.2735444009304046,0.8584197163581848,0.1270048022270202,0.4014394581317901,0.4983063042163849,0.314705491065979,0.6090177297592163,0.2358492761850357,0.6569796800613403,0.5274171829223633,0.4054787755012512,0.2335506826639175,0.6251627206802368,0.7679926156997681,0.2106818854808807
533,533,train,24747,0.4423099756240845,0.4604576230049133,0.4286686778068542,0.4758085906505584,0.7112746238708496,0.2148871421813964,0.7567031979560852,0.1873347461223602,0.7946280837059021,0.1971803456544876,0.8816216588020325,0.1218838468194007,0.6343016624450684,0.2995885014533996,0.5024161338806152,0.4055272340774536,0.3518767356872558,0.5318377017974854,0.7549571990966797,0.2039639055728912,0.1665277630090713,0.6788722276687622,0.5986976623535156,0.2854202389717102
534,534,train,24271,0.3699595928192138,0.5161714553833008,0.3850764334201813,0.512691080570221,0.5864952206611633,0.3259190320968628,0.6678906083106995,0.2612575590610504,0.7550871968269348,0.243823692202568,0.8717712163925171,0.127478688955307,0.531714677810669,0.386785626411438,0.4027207791805267,0.499236911535263,0.2998034656047821,0.5627194046974182,0.6831306219100952,0.2803649604320526,0.1873821169137954,0.6556640863418579,0.66864413022995,0.2574171125888824
535,535,train,24152,0.2625513672828674,0.6249004602432251,0.2641942203044891,0.6303771734237671,0.3031576573848724,0.565231442451477,0.4159743189811706,0.4430799186229706,0.653893768787384,0.298428326845169,0.8340751528739929,0.1355697214603424,0.3219791054725647,0.5689806342124939,0.2678857743740082,0.6487815976142883,0.2156746536493301,0.6912369728088379,0.3612731099128723,0.5329577326774597,0.2769520878791809,0.57459557056427,0.8132412433624268,0.2037465274333953
536,536,train,23434,0.2612052857875824,0.6395576596260071,0.2807897329330444,0.620381772518158,0.3138547837734222,0.5700744390487671,0.4455609023571014,0.4377211332321167,0.6781741976737976,0.2902900576591491,0.8324836492538452,0.1317363977432251,0.3378732204437256,0.5686689615249634,0.2793300747871399,0.6495938897132874,0.2165964990854263,0.6912407279014587,0.3917782306671142,0.5200133323669434,0.2661646008491516,0.5928865075111389,0.8024125099182129,0.1945972740650177
537,537,train,24551,0.4472138285636902,0.4737738668918609,0.441548079252243,0.4771443009376526,0.7302422523498535,0.2340604364871978,0.777862012386322,0.2014412879943847,0.8036207556724548,0.2052494287490844,0.8933120369911194,0.1230392307043075,0.6398270726203918,0.3170273005962372,0.5009604096412659,0.4265744984149933,0.3554126024246216,0.5415790677070618,0.7722619771957397,0.2192280143499374,0.1693386435508728,0.6796651482582092,0.6156160235404968,0.2835610806941986
538,538,train,23869,0.252983033657074,0.6273254156112671,0.2815865278244018,0.6186068058013916,0.3029800653457641,0.5622041821479797,0.437627762556076,0.431440532207489,0.6831375360488892,0.2864896655082702,0.8399462699890137,0.1247448772192001,0.3324456214904785,0.5588698387145996,0.2731492221355438,0.6454433798789978,0.2142836451530456,0.686895489692688,0.3790764212608337,0.521891176700592,0.2628304958343506,0.5951181650161743,0.8053579926490784,0.1929086446762085
539,539,train,24196,0.2517935931682586,0.6206986308097839,0.2601752877235412,0.6397256851196289,0.2889661192893982,0.5703384280204773,0.4014940559864044,0.4588062167167663,0.6446148753166199,0.3076262772083282,0.822744607925415,0.1392747014760971,0.304482489824295,0.5813063979148865,0.261389285326004,0.6435787677764893,0.2217082381248474,0.6875633597373962,0.3346932828426361,0.5660554766654968,0.2699981331825256,0.5791423916816711,0.815444827079773,0.2074185162782669
540,540,train,23445,0.2902972400188446,0.6050845384597778,0.3209178149700165,0.5839866399765015,0.4095902442932129,0.4808606207370758,0.5803050994873047,0.3335505425930023,0.7221955060958862,0.2703560590744018,0.8636547923088074,0.1205924302339553,0.4168998301029205,0.5036472082138062,0.312353253364563,0.6108264923095703,0.2380831390619278,0.656550407409668,0.5506438612937927,0.3948096036911011,0.222608134150505,0.6261016130447388,0.7625454068183899,0.214427962899208
541,541,train,23540,0.2690030634403229,0.6193798184394836,0.2968688607215881,0.6003988981246948,0.3275085687637329,0.5439876914024353,0.4804824590682983,0.4030507504940033,0.6902087330818176,0.2810849547386169,0.8468506932258606,0.1288480907678604,0.3533780872821808,0.5447424054145813,0.2926743924617767,0.6231809258460999,0.2221320271492004,0.6657906174659729,0.4352090656757355,0.481044739484787,0.2543739080429077,0.6029123663902283,0.7955689430236816,0.1945324093103408
542,542,train,24137,0.3775713443756103,0.5053823590278625,0.3923938274383545,0.509233832359314,0.5971410870552063,0.2835811376571655,0.6553629636764526,0.2392596006393432,0.7281399965286255,0.2279329746961593,0.8706375956535339,0.1306137889623642,0.5355339050292969,0.3502039313316345,0.4285625517368316,0.4797120690345764,0.3023801445960998,0.5868987441062927,0.6617071032524109,0.2558339536190033,0.1837909519672393,0.6725114583969116,0.6694604754447937,0.2592998147010803
543,543,train,23685,0.8130221366882324,0.1661992818117141,0.6514626145362854,0.3164988756179809,0.9303339123725892,0.1018496006727218,0.9300804734230042,0.1020460054278373,0.9272063970565796,0.1040614545345306,0.9486353397369384,0.0772883519530296,0.901245653629303,0.1222099065780639,0.88588947057724,0.1185859367251396,0.6208038926124573,0.3722289502620697,0.9286305904388428,0.1019106581807136,0.1770184487104416,0.6791401505470276,0.5257149934768677,0.3190313279628753
544,544,test,24474,0.2638274729251861,0.6136538982391357,0.2699973583221435,0.6287195682525635,0.294169545173645,0.5726311802864075,0.3848972022533417,0.4710886776447296,0.6503047943115234,0.3091117441654205,0.809201717376709,0.1481145024299621,0.3151492774486542,0.5670458078384399,0.2726532816886902,0.6316981911659241,0.2307169288396835,0.6745259165763855,0.332694947719574,0.557894229888916,0.2766872048377991,0.573488712310791,0.7987324595451355,0.2107189446687698
545,545,train,23284,0.5740891695022583,0.3665387034416199,0.5033565163612366,0.4189253151416778,0.844143271446228,0.1574575155973434,0.8565270304679871,0.1474635750055313,0.8558259010314941,0.1553421020507812,0.910945475101471,0.109451912343502,0.7542313933372498,0.2224377542734146,0.6734598875045776,0.281037837266922,0.4524887800216675,0.4740056991577148,0.8598893284797668,0.148755133152008,0.154257595539093,0.6964703798294067,0.5442837476730347,0.3132469952106476
546,546,test,23102,0.2986161708831787,0.5840295553207397,0.3308386206626892,0.5619348287582397,0.4138481616973877,0.4650463759899139,0.5823836326599121,0.3279610872268677,0.7249443531036377,0.2620176076889038,0.859511137008667,0.1199014410376548,0.4228665828704834,0.4855187833309173,0.328018844127655,0.5859261751174927,0.2449448853731155,0.6297206878662109,0.5729374885559082,0.3788272440433502,0.2224030494689941,0.6223827600479126,0.7548988461494446,0.2127551883459091
547,547,train,23281,0.4948214888572693,0.4115181267261505,0.465789794921875,0.4397703111171722,0.7869523763656616,0.1751362681388855,0.8022544980049133,0.1602879613637924,0.812926709651947,0.1681010425090789,0.8952016830444336,0.1151285395026207,0.6811461448669434,0.2386501729488372,0.5883647799491882,0.3216088414192199,0.4033440947532654,0.5003948211669922,0.8138579726219177,0.1686677187681198,0.1544797122478485,0.6918178200721741,0.5556938648223877,0.3050533533096313
548,548,train,22958,0.4222976863384247,0.4865050017833709,0.4188027381896972,0.4896710813045501,0.6866242289543152,0.2631876170635223,0.731062114238739,0.2297280579805374,0.7730993032455444,0.230817049741745,0.8753971457481384,0.1371045559644699,0.6109462380409241,0.3370008766651153,0.4797205328941345,0.4454647898674011,0.3334164321422577,0.5529413819313049,0.7274227142333984,0.2494135051965713,0.1708920747041702,0.6730613112449646,0.622616708278656,0.272951990365982
549,549,train,23601,0.3972577452659607,0.5034810900688171,0.4001289308071136,0.5038432478904724,0.6303837895393372,0.276590347290039,0.6910284161567688,0.2314508408308029,0.7575880885124207,0.2284819483757019,0.8735688924789429,0.1353685855865478,0.5708363652229309,0.3528916835784912,0.4355476796627044,0.472616583108902,0.3167897462844848,0.5650832653045654,0.6885635852813721,0.250774085521698,0.1739006638526916,0.6772133708000183,0.6407768726348877,0.2704818844795227
550,550,test,23598,0.3983553946018219,0.503422200679779,0.4086648523807525,0.5037761330604553,0.6437843441963196,0.2713512480258941,0.7087871432304382,0.2234094440937042,0.7599151730537415,0.221513956785202,0.8818178772926331,0.1228445619344711,0.5755175352096558,0.3486340343952179,0.4481008946895599,0.4787595868110657,0.3198846578598022,0.5810797810554504,0.702620804309845,0.2457010447978973,0.1797854453325271,0.6745158433914185,0.6633033752441406,0.2625414133071899
551,551,train,24118,0.2804702520370483,0.5955909490585327,0.3063939213752746,0.5828656554222107,0.3556609451770782,0.5027099847793579,0.49229496717453,0.3734476566314697,0.6795430183410645,0.2767828106880188,0.8514022827148438,0.1226016655564308,0.3768729269504547,0.5120939612388611,0.3024815917015075,0.6037545800209045,0.2249390333890915,0.6530824899673462,0.4692514836788177,0.4376545548439026,0.2426440268754959,0.6100480556488037,0.7815064787864685,0.2011988013982772
552,552,train,23879,0.5756424069404602,0.3612078130245209,0.4995423555374145,0.4154449999332428,0.8333322405815125,0.1556684523820877,0.8450056910514832,0.1431649774312973,0.8460873961448669,0.14872807264328,0.90833181142807,0.107924535870552,0.7546743154525757,0.2133434265851974,0.6834642887115479,0.263671875,0.4528382122516632,0.4675609469413757,0.8532602787017822,0.1457142233848571,0.15521040558815,0.6935009360313416,0.5485163331031799,0.310694009065628
553,553,train,24139,0.3803368806838989,0.5001761317253113,0.3931218683719635,0.5028060078620911,0.5873609185218811,0.2879809737205505,0.6521124243736267,0.2363483309745788,0.7263880372047424,0.220034584403038,0.8677407503128052,0.1319786310195922,0.5309733152389526,0.345620185136795,0.4209333956241607,0.4647293388843536,0.3103290200233459,0.5663914084434509,0.664546549320221,0.2457337826490402,0.1831619888544082,0.6697906255722046,0.6560340523719788,0.2632170915603637
554,554,train,24283,0.5042605996131897,0.421911746263504,0.4727368652820587,0.4439629018306732,0.7813515067100525,0.182969868183136,0.7969720959663391,0.1700989753007888,0.8116205930709839,0.1786671876907348,0.888903021812439,0.1173194870352745,0.6810634136199951,0.2612108290195465,0.5781868100166321,0.3463771939277649,0.4048629701137543,0.5072344541549683,0.7991853952407837,0.1797259896993637,0.1580163389444351,0.6892319917678833,0.5745894908905029,0.2976677715778351
555,555,train,23071,0.7003141641616821,0.2548189759254455,0.5775330662727356,0.3714661002159118,0.912026584148407,0.1154809966683387,0.9140585660934448,0.1123896986246109,0.9105998873710632,0.1168350875377655,0.9391334652900696,0.0849204957485199,0.8586309552192688,0.152461901307106,0.8089658617973328,0.1650862395763397,0.5457033514976501,0.4213877022266388,0.9154376983642578,0.111336849629879,0.1562151759862899,0.6932393908500671,0.5309014320373535,0.3240381181240082
556,556,train,24320,0.3817027807235718,0.5262413024902344,0.3938880264759063,0.5221437811851501,0.6240931153297424,0.3161576390266418,0.6979259848594666,0.2576797008514404,0.7582195997238159,0.2514931261539459,0.8767831325531006,0.1295839995145797,0.5469591617584229,0.3964556455612182,0.4208384752273559,0.5076011419296265,0.3122862577438354,0.5869268178939819,0.6864359378814697,0.282465785741806,0.1858384162187576,0.6644411683082581,0.6733910441398621,0.2557471990585327
557,557,train,24134,0.2627269029617309,0.6223435997962952,0.2785404622554779,0.6164306402206421,0.3254091143608093,0.5464200377464294,0.4504897892475128,0.4182778894901275,0.6514919996261597,0.2826891243457794,0.8353471755981445,0.1269265562295913,0.3414025008678436,0.5489570498466492,0.2817634344100952,0.6315295100212097,0.2179997563362121,0.6798300743103027,0.3964515626430511,0.4993060827255249,0.2648712396621704,0.586395263671875,0.806480884552002,0.1884390115737915
558,558,test,23039,0.3045665621757507,0.5773941874504089,0.3300912976264953,0.5593231320381165,0.4477385282516479,0.4443183243274688,0.6133249402046204,0.3238825798034668,0.737030565738678,0.2688712775707245,0.8585559129714966,0.1251677274703979,0.4345575273036957,0.4811883866786957,0.3265093266963959,0.5826699137687683,0.2463387548923492,0.6230230927467346,0.610670804977417,0.3620594143867492,0.2128250002861023,0.6299384236335754,0.7367530465126038,0.2197759002447128
559,559,train,24179,0.2746270895004272,0.613705039024353,0.3095797896385193,0.5871348977088928,0.3683099448680877,0.5001705884933472,0.5417254567146301,0.3513526022434234,0.7002604007720947,0.2672002613544464,0.8554773330688477,0.1203138679265976,0.3774123787879944,0.5260701775550842,0.2964680790901184,0.6119744777679443,0.2270083278417587,0.6479421854019165,0.5063599944114685,0.4122785627841949,0.2288195788860321,0.6139745712280273,0.7669656276702881,0.2100040465593338
560,560,test,24529,0.2695420682430267,0.6147609353065491,0.2968365252017975,0.6008809208869934,0.3333947956562042,0.5388492345809937,0.4787571728229522,0.4066937267780304,0.6853561997413635,0.2856359183788299,0.8428032398223877,0.1286264061927795,0.3532045185565948,0.5405282974243164,0.2900898456573486,0.6207719445228577,0.2225051969289779,0.6686446666717529,0.4263316988945007,0.47806116938591,0.2552396953105926,0.5969635248184204,0.7961716055870056,0.1915268152952194
561,561,train,24261,0.6695802807807922,0.2887320220470428,0.5572871565818787,0.3873626589775085,0.9011986255645752,0.1276748776435852,0.9050565361976624,0.1227100193500518,0.90097576379776,0.1291222125291824,0.9338905215263368,0.0920898541808128,0.8428876996040344,0.1747451275587082,0.7874953746795654,0.1950392872095108,0.5194661617279053,0.4366454184055328,0.9070078134536744,0.1211283206939697,0.1552716791629791,0.6944432258605957,0.533846378326416,0.3246390521526336
562,562,test,24284,0.2601221799850464,0.6266837120056152,0.2877249121665954,0.6039426922798157,0.3183627724647522,0.546369731426239,0.4612467586994171,0.4105030298233032,0.676593005657196,0.2802609801292419,0.8426496982574463,0.1247241348028183,0.3420506119728088,0.5455113649368286,0.2849122583866119,0.6248512268066406,0.2150206565856933,0.6702402234077454,0.4309478402137756,0.4785270988941192,0.2523146867752075,0.6037166714668274,0.7906091213226318,0.1949692815542221
563,563,train,23891,0.4531798958778381,0.4523449540138244,0.4443688094615936,0.4639248251914978,0.7103386521339417,0.2137826979160308,0.7403504252433777,0.1920573264360427,0.7739937901496887,0.1964526921510696,0.8713013529777527,0.1310698091983795,0.6330766677856445,0.2999363839626312,0.5241335034370422,0.3978093862533569,0.3652334809303283,0.523095965385437,0.7487519383430481,0.2050828486680984,0.1665128618478775,0.6813966035842896,0.5947496891021729,0.2888076901435852
564,564,train,23190,0.6260847449302673,0.3260062038898468,0.5378633141517639,0.4008467495441437,0.8818745017051697,0.1349590718746185,0.888106644153595,0.1289401799440384,0.8825604915618896,0.1378483921289444,0.9265686869621276,0.0953669026494026,0.7986656427383423,0.1917089074850082,0.737464964389801,0.2257314026355743,0.4955395758152008,0.4519989490509033,0.8910917639732361,0.130900040268898,0.1556930840015411,0.6936752796173096,0.5374412536621094,0.3196243047714233
565,565,test,23005,0.2639872133731842,0.6174747347831726,0.2896104753017425,0.5971537232398987,0.3176140189170837,0.5353298187255859,0.4606872498989105,0.4095036089420318,0.6673524975776672,0.2855668067932129,0.8391536474227905,0.128783106803894,0.3494014143943786,0.5332671403884888,0.2883860468864441,0.6195708513259888,0.2191566824913025,0.667704701423645,0.4212549328804016,0.4786404073238373,0.2540035247802734,0.605217695236206,0.7856108546257019,0.1951285004615783
566,566,train,23379,0.7260740995407104,0.2388135343790054,0.5828073024749756,0.3676058948040008,0.9159199595451356,0.1168267577886581,0.9190729856491088,0.112666867673397,0.914802312850952,0.1190157085657119,0.9412488341331482,0.0882421657443046,0.8668388724327087,0.1522843092679977,0.828134298324585,0.1602219194173813,0.5585123300552368,0.4128525853157043,0.919992744922638,0.1125514879822731,0.16278176009655,0.6960605382919312,0.5303575992584229,0.323036789894104
567,567,test,23808,0.6361978054046631,0.3185122013092041,0.5374727249145508,0.3982753753662109,0.8851361870765686,0.1398736238479614,0.8911639451980591,0.1343333423137664,0.8841152787208557,0.1429295390844345,0.923795759677887,0.0998058468103408,0.8107786774635315,0.1937527805566787,0.7419450879096985,0.222314715385437,0.495966225862503,0.4509356915950775,0.8944025039672852,0.1328413933515548,0.1515594571828842,0.6961986422538757,0.5332666635513306,0.3222200274467468
568,568,train,23587,0.8249249458312988,0.1621668487787246,0.6641402244567871,0.3104897737503052,0.932090938091278,0.1013131588697433,0.9319385290145874,0.1008667051792144,0.9296342730522156,0.1027624458074569,0.9494236707687378,0.0772792026400566,0.9052037000656128,0.1219282671809196,0.8895518183708191,0.118259310722351,0.6287527680397034,0.3670111894607544,0.9303595423698424,0.1010022982954979,0.1779905706644058,0.678857684135437,0.530750572681427,0.3215444684028625
569,569,train,22959,0.3518457412719726,0.5292664170265198,0.3680684268474579,0.5226380228996277,0.5932574272155762,0.3131298720836639,0.6803295612335205,0.2479552626609802,0.754314124584198,0.2351660132408142,0.8758017420768738,0.1268114298582077,0.5306446552276611,0.3880909085273742,0.3956579267978668,0.5089332461357117,0.2797915637493133,0.574993371963501,0.6787520051002502,0.2727601826190948,0.1900256723165512,0.6552316546440125,0.6803295612335205,0.2511959373950958
570,570,train,23975,0.3442502021789551,0.546792209148407,0.36102294921875,0.5412371158599854,0.5152769088745117,0.3541666567325592,0.6132849454879761,0.2672093212604522,0.7254695296287537,0.2472052276134491,0.869334876537323,0.1261957287788391,0.4731642603874206,0.4147370755672455,0.3689465820789337,0.5312063694000244,0.2803348004817962,0.6064445376396179,0.6228393316268921,0.2897933721542358,0.1967299729585647,0.6596182584762573,0.6920202970504761,0.2466421723365783
571,571,train,23342,0.3111073970794678,0.5685543417930603,0.3372804820537567,0.5509725213050842,0.449200838804245,0.4027129709720611,0.5633599162101746,0.2972129881381988,0.694177508354187,0.2544918954372406,0.8533390760421753,0.1336878389120102,0.4361094832420349,0.4408218562602997,0.339752584695816,0.5616061091423035,0.2549166679382324,0.6200979351997375,0.569855809211731,0.3238086700439453,0.2039295881986618,0.6461560130119324,0.7264066338539124,0.2313313037157058
572,572,train,23809,0.6326898336410522,0.3239736258983612,0.5327334403991699,0.3979155719280243,0.8813107013702393,0.1435037702322006,0.8899180889129639,0.1352250874042511,0.8841129541397095,0.1440941244363784,0.9262228608131408,0.0998453497886657,0.804019570350647,0.1977653354406356,0.7439537048339844,0.2290361076593399,0.4952315390110016,0.4540824294090271,0.8926721215248108,0.1352824866771698,0.1532462835311889,0.6974260210990906,0.5379846096038818,0.3197698891162872
573,573,train,24415,0.2543057799339294,0.6286512613296509,0.2871054410934448,0.6070515513420105,0.3157464563846588,0.5495008230209351,0.4814097881317138,0.4033288657665252,0.6859232187271118,0.280465692281723,0.8491755723953247,0.1206046864390373,0.3398142158985138,0.5555321574211121,0.2773626148700714,0.6410612463951111,0.2119614332914352,0.6814068555831909,0.4230973720550537,0.4842391908168793,0.2436408698558807,0.6088098883628845,0.795789361000061,0.1968428343534469
574,574,train,24450,0.6623270511627197,0.2837414741516113,0.5563125610351562,0.384788304567337,0.8936322331428528,0.1176095604896545,0.8959478139877319,0.1131041124463081,0.8889056444168091,0.1183807924389839,0.92923104763031,0.0877833813428878,0.8273481726646423,0.1593746542930603,0.7753521800041199,0.1849916130304336,0.521729052066803,0.4367577135562897,0.8997367024421692,0.1136045828461647,0.1543320417404174,0.6952498555183411,0.5334804058074951,0.3233508169651031
575,575,train,24205,0.3505874872207641,0.5431814193725586,0.3661181032657623,0.5316205024719238,0.558977484703064,0.3375148475170135,0.6446225643157959,0.2674663662910461,0.7363063097000122,0.2379181683063507,0.8745973706245422,0.1272221803665161,0.5096738338470459,0.3965455293655395,0.3885895013809204,0.5206003189086914,0.2828934490680694,0.6008483171463013,0.6598950028419495,0.2864323258399963,0.1931282877922058,0.6598246693611145,0.682195246219635,0.2523217797279358
576,576,train,24636,0.2660655379295349,0.6118704676628113,0.2967318296432495,0.5883506536483765,0.33198282122612,0.5195204615592957,0.4941674470901489,0.380107581615448,0.6715415120124817,0.2798974514007568,0.8419417142868042,0.1299650967121124,0.3564510345458984,0.524991512298584,0.2915774583816528,0.6156557202339172,0.2210839390754699,0.6605054140090942,0.4705096185207367,0.4385984539985657,0.2341673821210861,0.61503666639328,0.7753204703330994,0.2021558284759521
577,577,test,23113,0.3734512031078338,0.5257020592689514,0.3844583034515381,0.5201056599617004,0.6083325743675232,0.3123489916324615,0.6951314210891724,0.2396661341190338,0.755341649055481,0.2326590269804,0.8740146160125732,0.124978482723236,0.5432137250900269,0.37954843044281,0.4140923619270324,0.4996545314788818,0.297776311635971,0.58965003490448,0.6908547282218933,0.2644288837909698,0.1857519894838333,0.6682798266410828,0.6708511114120483,0.2593335807323456
578,578,train,23634,0.5304554104804993,0.3909993469715118,0.4756186008453369,0.4373834133148193,0.8275792598724365,0.1694263070821762,0.8432242274284363,0.1572138518095016,0.8379974365234375,0.1671912372112274,0.901650369167328,0.1139707937836647,0.7316983342170715,0.2349385768175125,0.6245867609977722,0.3058483004570007,0.4145898520946502,0.4875191748142242,0.8383741974830627,0.1657482236623764,0.1507530063390731,0.692131757736206,0.5557773113250732,0.3065422475337982
579,579,train,23484,0.6791578531265259,0.2744932174682617,0.5646711587905884,0.3786076605319977,0.9028416872024536,0.1233236119151115,0.9061369299888612,0.1189703345298767,0.9042569398880004,0.1240522265434265,0.9328271746635436,0.0905613824725151,0.8459371328353882,0.1657879501581192,0.7972546815872192,0.1838616132736206,0.519925057888031,0.4341780841350555,0.9076952338218688,0.1189434826374054,0.153973788022995,0.6927943229675293,0.5260540843009949,0.3254435956478119
580,580,train,23215,0.4044547379016876,0.474016010761261,0.407243013381958,0.4786292910575866,0.672796368598938,0.2441575229167938,0.720996618270874,0.2182085812091827,0.7611463665962219,0.224439799785614,0.8752443790435791,0.131276398897171,0.5897591710090637,0.3276127576828003,0.4669210314750671,0.4305926561355591,0.3310715854167938,0.5291210412979126,0.726419985294342,0.2328078597784042,0.1695215851068496,0.674032986164093,0.6150267124176025,0.277853786945343
581,581,train,22996,0.5116083025932312,0.4146894514560699,0.4672674536705017,0.447467565536499,0.808070719242096,0.1826324760913849,0.8341705203056335,0.1654338240623474,0.8332728743553162,0.1724602878093719,0.9004448056221008,0.1144950836896896,0.7085151672363281,0.2668989300727844,0.5745739936828613,0.3601813018321991,0.3980129361152649,0.5125246047973633,0.8221353888511658,0.1766901463270187,0.1545824706554412,0.6960099339485168,0.5729142427444458,0.3002007901668548
582,582,train,23796,0.3062143623828888,0.578469455242157,0.3319602310657501,0.5654796361923218,0.4397477507591247,0.4312997162342071,0.5636072754859924,0.3164494633674621,0.7000055313110352,0.2628088295459747,0.8635926842689514,0.1242792680859565,0.4370374977588653,0.4564677476882934,0.3400405943393707,0.5805323123931885,0.2487047463655471,0.6410095691680908,0.567396342754364,0.3485326468944549,0.2189438641071319,0.6371896266937256,0.7480753064155579,0.2248593121767044
583,583,test,23752,0.2711704671382904,0.611177921295166,0.29884934425354,0.5898762941360474,0.3370715379714966,0.529747724533081,0.4886717200279236,0.3954449892044067,0.6966714262962341,0.2794229686260223,0.8452253341674805,0.126441091299057,0.3668254911899566,0.5257028341293335,0.2904531359672546,0.6062833666801453,0.2229148298501968,0.6537746787071228,0.4599211812019348,0.4544211328029632,0.2434966564178466,0.6078816056251526,0.7842167615890503,0.1969367563724517
584,584,train,24564,0.2811869978904724,0.6074160933494568,0.2810713350772857,0.607805073261261,0.3271512389183044,0.5338553786277771,0.4327720403671264,0.4308195412158966,0.6592081785202026,0.2982119023799896,0.7987412810325623,0.1588325053453445,0.339664489030838,0.5403382182121277,0.2952977418899536,0.6183913350105286,0.2387107461690902,0.6670662760734558,0.3802353143692016,0.5117762684822083,0.275113046169281,0.5687493681907654,0.8005445003509521,0.2003104984760284
585,585,train,24416,0.2705171704292297,0.6052848696708679,0.305081158876419,0.5842116475105286,0.3406485021114349,0.5053421258926392,0.4954354465007782,0.3657394051551819,0.6876700520515442,0.2722709476947784,0.8488697409629822,0.1232943162322044,0.3632038831710815,0.5098490715026855,0.2947443723678589,0.6071776747703552,0.2239859253168106,0.6537210941314697,0.476613849401474,0.4264353215694427,0.2395284473896026,0.6093795299530029,0.7784553170204163,0.1995401680469513
586,586,train,24509,0.2542874813079834,0.6390706896781921,0.2846535146236419,0.6210368871688843,0.3015138208866119,0.5722032785415649,0.4417751133441925,0.4345181882381439,0.6752618551254272,0.2858055830001831,0.8397432565689087,0.1309787929058075,0.3258978426456451,0.574642539024353,0.2743280827999115,0.6514343023300171,0.2127419710159301,0.6919460296630859,0.3894512951374054,0.5159795880317688,0.258293479681015,0.5992787480354309,0.7988260984420776,0.1957746744155883
587,587,train,24512,0.3830803632736206,0.509628415107727,0.3923757076263428,0.511593222618103,0.6123644113540649,0.2961004376411438,0.6723904013633728,0.2476856559514999,0.734038770198822,0.2344420105218887,0.8731006383895874,0.1353921294212341,0.553489625453949,0.3638314008712768,0.427139937877655,0.485489159822464,0.3055907487869262,0.5747325420379639,0.6710457801818848,0.2664962410926819,0.1768529713153839,0.6732839941978455,0.6518793702125549,0.266082227230072
588,588,train,22969,0.2581267058849334,0.6304620504379272,0.2651924788951874,0.6286965608596802,0.2979409098625183,0.5720496773719788,0.3983332514762878,0.4591053128242492,0.6455506086349487,0.2977255582809448,0.8295240998268127,0.1307087838649749,0.3142775893211365,0.5827733278274536,0.2688767611980438,0.6433896422386169,0.217787817120552,0.6836676597595215,0.3520984649658203,0.5522051453590393,0.2697955965995788,0.5839093923568726,0.8102330565452576,0.2011929154396057
589,589,train,24711,0.8378297686576843,0.1499735862016677,0.6793810129165649,0.2971530556678772,0.9340261816978456,0.1010973379015922,0.932716190814972,0.1020114570856094,0.9315912127494812,0.1032415628433227,0.9503425359725952,0.0775185078382492,0.9090730547904968,0.1205253675580024,0.901918649673462,0.1106654778122901,0.6433359384536743,0.3573178350925445,0.9324530959129332,0.1020630523562431,0.1845703274011612,0.6790292859077454,0.5321194529533386,0.3193938434123993
590,590,train,23901,0.5725420713424683,0.3716425597667694,0.4961661696434021,0.4259428977966308,0.8523977994918823,0.1671958565711975,0.8651952743530273,0.1564141362905502,0.860912024974823,0.1642739921808242,0.9108152985572816,0.1124915555119514,0.7661336064338684,0.2310494035482406,0.6802005171775818,0.2847631573677063,0.4510206580162048,0.4800639152526855,0.8655292987823486,0.1566386669874191,0.1501887291669845,0.6975148916244507,0.5426805019378662,0.3128232359886169
591,591,train,24693,0.358590304851532,0.534243643283844,0.371641457080841,0.5253018140792847,0.5778663158416748,0.3478958904743194,0.6826100945472717,0.2540380358695984,0.7477322220802307,0.237391859292984,0.8770319223403931,0.1228356510400772,0.5308501124382019,0.4009991288185119,0.3907003402709961,0.5212402939796448,0.2786177694797516,0.5933452844619751,0.6822782754898071,0.2801666557788849,0.2025976926088333,0.6422050595283508,0.7157449126243591,0.2388637363910675
592,592,train,23603,0.2536132633686065,0.6077540516853333,0.2789688110351562,0.5975067019462585,0.3070754408836365,0.53482985496521,0.435861587524414,0.4092583656311035,0.6701917052268982,0.2837417423725128,0.840225338935852,0.1197995916008949,0.3302294313907623,0.5370041131973267,0.2745583951473236,0.6160227060317993,0.2110454887151718,0.6619563698768616,0.3858699798583984,0.4896676540374756,0.2609966695308685,0.5810717940330505,0.8065068125724792,0.1968435943126678
593,593,test,24378,0.5108411312103271,0.4174952208995819,0.4731385707855224,0.4450974464416504,0.789732038974762,0.1874086707830429,0.8090277910232544,0.1713715940713882,0.8280253410339355,0.1750188022851944,0.8880585432052612,0.1206397116184234,0.6943830251693726,0.2612083554267883,0.595403254032135,0.344237208366394,0.4086906313896179,0.5011796951293945,0.8162517547607422,0.1802604794502258,0.1590637117624282,0.6919910907745361,0.5647885799407959,0.3019917607307434
594,594,train,24543,0.6218916177749634,0.3484163284301758,0.5341593027114868,0.409665048122406,0.8788350224494934,0.1515194177627563,0.8912953734397888,0.1414052546024322,0.8887510299682617,0.1488036960363388,0.9298744201660156,0.1011406108736991,0.8062695264816284,0.2151803076267242,0.7180998921394348,0.2605889439582824,0.4829472303390503,0.4694864749908447,0.8914915919303894,0.1444776505231857,0.155883178114891,0.6970849633216858,0.5479276776313782,0.3193755149841308
595,595,train,23256,0.245091363787651,0.6342398524284363,0.2667831182479858,0.6248602867126465,0.296818733215332,0.5589544177055359,0.4267427325248718,0.4310695827007293,0.6724716424942017,0.2857997119426727,0.8445594906806946,0.1248191222548484,0.3178275525569916,0.5601773262023926,0.2666140496730804,0.642500638961792,0.2033852040767669,0.6861653923988342,0.3721400499343872,0.5123242735862732,0.264086365699768,0.5818895697593689,0.8107390403747559,0.188039481639862
596,596,train,23684,0.5793753862380981,0.3459213078022003,0.5049197673797607,0.4140982925891876,0.8555716276168823,0.136129543185234,0.8599381446838379,0.1283897459506988,0.8535258173942566,0.1352182179689407,0.9136255979537964,0.0979061797261238,0.7659640312194824,0.1877666711807251,0.6914454698562622,0.2327338904142379,0.4612418711185455,0.4689841568470001,0.864640474319458,0.1309973001480102,0.1502425372600555,0.698909342288971,0.5373438000679016,0.3153226375579834
597,597,train,23367,0.3235992789268493,0.5672224760055542,0.3492649495601654,0.5487866401672363,0.4841627776622772,0.4081273674964905,0.6130325794219971,0.2948857843875885,0.7223469614982605,0.2557030618190765,0.8650900721549988,0.1283235698938369,0.461681455373764,0.4542772769927978,0.3517118096351623,0.5632057189941406,0.2556535005569458,0.6128119826316833,0.6135741472244263,0.3217663764953613,0.2091975063085556,0.6381081342697144,0.7277975082397461,0.2274224460124969
598,598,test,24613,0.4435082972049713,0.4583834111690521,0.4317963123321533,0.4702651798725128,0.7309815287590027,0.2085445076227188,0.7585145235061646,0.1860758960247039,0.7792355418205261,0.1968670785427093,0.8818191289901733,0.1235661879181861,0.6250746846199036,0.2891711592674255,0.5114790201187134,0.3977643251419067,0.3586479127407074,0.5329434275627136,0.7623990178108215,0.2036855369806289,0.1594881415367126,0.6854933500289917,0.587540864944458,0.2877770662307739
599,599,train,23763,0.3771548867225647,0.5250126123428345,0.3897416591644287,0.5193474888801575,0.6192629933357239,0.2980493307113647,0.684669554233551,0.234923630952835,0.7476877570152283,0.2249191999435424,0.8760766386985779,0.1262422651052475,0.5520236492156982,0.3754918575286865,0.4247445464134216,0.5029386878013611,0.3001776039600372,0.5876514315605164,0.6826255321502686,0.2567961513996124,0.1833207160234451,0.6689854860305786,0.6617392897605896,0.2602541446685791
600,600,train,23813,0.4605815708637237,0.433353066444397,0.4356856644153595,0.458879142999649,0.7359006404876709,0.1979308724403381,0.7623294591903687,0.1794182509183883,0.7776492238044739,0.1896102279424667,0.8723976016044617,0.1271351724863052,0.6353635191917419,0.2767748236656189,0.535544216632843,0.3707250654697418,0.3639583885669708,0.5083038210868835,0.7584700584411621,0.1953314542770385,0.1612247824668884,0.6815923452377319,0.5765094757080078,0.2904676496982574
601,601,train,23620,0.5400858521461487,0.3914754390716553,0.474848061800003,0.4328006505966186,0.8256242275238037,0.1695474237203598,0.8423064947128296,0.1588313579559326,0.8374992609024048,0.1681748926639557,0.9005013704299927,0.114469364285469,0.7258719801902771,0.2352030277252197,0.6278824806213379,0.2966063916683197,0.4300014674663543,0.4852282106876373,0.8417119979858398,0.1643941551446914,0.1553890854120254,0.6944800019264221,0.549694299697876,0.3117154240608215
602,602,train,23296,0.268937349319458,0.610424816608429,0.2981756031513214,0.5909241437911987,0.3372490108013153,0.526914656162262,0.4904848933219909,0.3800650537014007,0.7033832669258118,0.2727610468864441,0.8509097695350647,0.1235419660806655,0.3602213263511657,0.5282547473907471,0.2924645543098449,0.6110110282897949,0.220560073852539,0.6508058905601501,0.4638608992099762,0.4489483535289764,0.2456031739711761,0.604513943195343,0.7876577973365784,0.1951121985912323
603,603,train,24584,0.6326122283935547,0.3267844319343567,0.5481799840927124,0.3944668769836426,0.8759217262268066,0.1401060223579406,0.8854424953460693,0.1299018412828445,0.8885066509246826,0.1340184062719345,0.9249707460403442,0.0975393205881118,0.8031138181686401,0.1881687194108963,0.7567286491394043,0.2194843888282776,0.497550219297409,0.4480210542678833,0.896334171295166,0.1269901990890503,0.1571163535118103,0.6940445899963379,0.5415707230567932,0.3181389570236206
604,604,train,23311,0.3508845567703247,0.5344843864440918,0.3670224547386169,0.5299755334854126,0.5709835290908813,0.3181250989437103,0.6549135446548462,0.2565100491046905,0.7423072457313538,0.2337304949760437,0.8631066679954529,0.1348326355218887,0.5224237442016602,0.3828112781047821,0.3853368759155273,0.5125355124473572,0.2824147939682007,0.5875442028045654,0.6644195318222046,0.2733843624591827,0.1895004212856292,0.6575421094894409,0.6766787767410278,0.253663420677185
605,605,train,24036,0.4096014499664306,0.4887225031852722,0.4108433127403259,0.4937287271022796,0.6570832133293152,0.2449903339147567,0.6984940767288208,0.2119979560375213,0.7580229640007019,0.2088373899459839,0.8752160668373108,0.1286794245243072,0.5747873783111572,0.3268834948539734,0.4566194117069244,0.4457899034023285,0.3344250321388244,0.5516508221626282,0.7053400874137878,0.2288690209388733,0.1761199831962585,0.6720702052116394,0.6219542026519775,0.2778246700763702
606,606,train,24506,0.5550817251205444,0.3940675854682922,0.5069453716278076,0.4299623668193817,0.8368763327598572,0.1765215545892715,0.8550710678100586,0.1606298685073852,0.8607099056243896,0.1726108938455581,0.9136521816253662,0.1158452853560447,0.7551156282424927,0.239853024482727,0.6519567370414734,0.309123545885086,0.4351344108581543,0.4856351912021637,0.8606160283088684,0.1671554297208786,0.1506378650665283,0.699781060218811,0.5552030205726624,0.3100480437278747
607,607,train,24596,0.2598433792591095,0.6064516305923462,0.273165225982666,0.6083588600158691,0.3122146427631378,0.541878879070282,0.4443128407001495,0.4211371541023254,0.6863630414009094,0.280932754278183,0.8423086404800415,0.1214030385017395,0.3337481617927551,0.5421978831291199,0.2785019278526306,0.6238029599189758,0.2132532000541687,0.6659157276153564,0.3860379755496979,0.5042893886566162,0.2693767249584198,0.5781665444374084,0.8058519959449768,0.1900925785303115
608,608,train,24569,0.4072145819664001,0.4830005168914795,0.4037279784679413,0.4938167929649353,0.6662124991416931,0.254034548997879,0.7049521207809448,0.2195561975240707,0.7563264966011047,0.2195094972848892,0.8696174025535583,0.1304927617311477,0.5907912850379944,0.3315567970275879,0.4545641243457794,0.4515569508075714,0.3186175525188446,0.5493908524513245,0.7095478177070618,0.2347041219472885,0.1746027320623397,0.6693236827850342,0.635040283203125,0.2690022885799408
609,609,train,24687,0.2654153406620025,0.6078116297721863,0.2798256874084472,0.6061132550239563,0.3234491348266601,0.5468822121620178,0.4596640467643738,0.4173972904682159,0.6894953846931458,0.2819096446037292,0.8471401333808899,0.1240071430802345,0.3352434039115906,0.5472050905227661,0.2831324636936188,0.6217738389968872,0.219340905547142,0.6685710549354553,0.4044850170612335,0.4981649816036224,0.2642112374305725,0.5790256857872009,0.8085143566131592,0.1892204731702804
610,610,train,22975,0.4530134797096252,0.4418492615222931,0.4345262348651886,0.4631843566894531,0.7229297161102295,0.1929912120103836,0.7446732521057129,0.1739386618137359,0.7706403732299805,0.1822334975004196,0.8741328716278076,0.1224888563156127,0.6313982605934143,0.269367903470993,0.529988169670105,0.369821697473526,0.3696236908435821,0.5189113616943359,0.7569669485092163,0.185154378414154,0.1601921468973159,0.6871749758720398,0.579986572265625,0.2922601401805877
611,611,train,23936,0.7308651804924011,0.2443465888500213,0.5872302055358887,0.3703615665435791,0.9176104068756104,0.1165247559547424,0.918447196483612,0.1136825084686279,0.914705455303192,0.1205891147255897,0.9413504004478456,0.0869804993271827,0.866680920124054,0.156821459531784,0.8390353322029114,0.1604887396097183,0.5650784969329834,0.4198494851589203,0.9187564849853516,0.11494080722332,0.1591766774654388,0.696849524974823,0.5334191918373108,0.3236171007156372
612,612,train,24697,0.2897233963012695,0.5908499956130981,0.3185492753982544,0.569303572177887,0.3829790651798248,0.4833508431911468,0.5410715937614441,0.3566516041755676,0.7008220553398132,0.274466872215271,0.8505334258079529,0.1316465586423874,0.3957296013832092,0.4954910576343536,0.3161293864250183,0.5871191620826721,0.2376770973205566,0.6371405124664307,0.5444822907447815,0.3900976181030273,0.2263657301664352,0.6284525394439697,0.7644656300544739,0.2143032550811767
613,613,train,23565,0.656926155090332,0.2890019714832306,0.5476610660552979,0.3854006826877594,0.8955788612365723,0.120297260582447,0.8992133736610413,0.114821009337902,0.8890221118927002,0.1205964758992195,0.93134868144989,0.0875732898712158,0.8224242925643921,0.164227545261383,0.7686945199966431,0.1867337971925735,0.5189613103866577,0.4326603710651397,0.8988868594169617,0.1177206039428711,0.1541078239679336,0.6951257586479187,0.5331003069877625,0.321115642786026
614,614,train,23014,0.6863974928855896,0.2777210175991058,0.5703835487365723,0.377044141292572,0.9007555842399596,0.1210948750376701,0.9040631651878356,0.1158038154244422,0.9013184905052184,0.1203053891658783,0.9343346953392028,0.0879308804869651,0.8444405198097229,0.1620857715606689,0.8010682463645935,0.181090235710144,0.5312101244926453,0.4322355389595032,0.9076551795005798,0.1148583367466926,0.155136689543724,0.6945372819900513,0.5334449410438538,0.3241438567638397
615,615,train,23236,0.3471235334873199,0.541792631149292,0.361702024936676,0.5323479771614075,0.5767014622688293,0.3402753472328186,0.676242470741272,0.2637346386909485,0.7545115351676941,0.2501915991306305,0.8761062026023865,0.1302296370267868,0.5231689214706421,0.4001261591911316,0.380588561296463,0.5238368511199951,0.2761380076408386,0.587683379650116,0.6791743040084839,0.2879513204097748,0.1911006420850753,0.6571208238601685,0.6934952735900879,0.2471879571676254
616,616,test,24038,0.3921347260475158,0.5063554048538208,0.3943092823028564,0.5077548623085022,0.6326166391372681,0.2738438844680786,0.6965370178222656,0.2261122465133667,0.762526273727417,0.2265371978282928,0.8748462200164795,0.1270491182804107,0.5584008693695068,0.3614933490753174,0.4265856146812439,0.4787849485874176,0.3131162226200104,0.5749239325523376,0.6918807625770569,0.2519000172615051,0.1815407127141952,0.6672024130821228,0.6527099609375,0.2661044597625732
617,617,test,23112,0.2721257507801056,0.6070393919944763,0.3046676814556122,0.5862990021705627,0.3426849842071533,0.5163688063621521,0.4902467429637909,0.3844892084598541,0.6903725862503052,0.2763103246688843,0.8494433164596558,0.1209442913532257,0.3660707473754883,0.5225927829742432,0.2986194491386413,0.6049335598945618,0.2241167426109314,0.6517041325569153,0.4784676730632782,0.4340627491474151,0.2419462651014328,0.6073194146156311,0.778502345085144,0.1984524875879287
618,618,train,24239,0.448068231344223,0.4583572149276733,0.4444046020507812,0.4686799943447113,0.6869211792945862,0.228202223777771,0.7166157364845276,0.2014160305261612,0.7577481269836426,0.2035112380981445,0.8717567920684814,0.1314389705657959,0.6201509237289429,0.2995271980762481,0.5061111450195312,0.4147733151912689,0.3605623245239258,0.5363457798957825,0.7232820987701416,0.21689373254776,0.164704144001007,0.6829575896263123,0.6133758425712585,0.2806490361690521
619,619,train,24161,0.4564358592033386,0.4614962339401245,0.4388388395309448,0.4720759391784668,0.7285187840461731,0.2159413695335388,0.7597128748893738,0.1928283870220184,0.7879900336265564,0.1966088414192199,0.8869290947914124,0.1251246035099029,0.6286846399307251,0.2974463999271393,0.5041098594665527,0.4124384522438049,0.3664412498474121,0.5311818718910217,0.7667250037193298,0.2062962502241134,0.1601877212524414,0.6872504949569702,0.5966147780418396,0.2903002798557281
620,620,train,22976,0.4240688681602478,0.4864705801010132,0.4211112558841705,0.4903743267059326,0.6884068846702576,0.2640907168388366,0.7468596696853638,0.2230679988861084,0.7788444757461548,0.2240077257156372,0.8799706697463989,0.1301386505365371,0.5995537042617798,0.3505854308605194,0.4735245108604431,0.4506809711456299,0.3410699665546417,0.5492265224456787,0.7378041744232178,0.2435183972120285,0.1723124384880066,0.6801827549934387,0.6197202801704407,0.2802521288394928
621,621,train,24598,0.2531335949897766,0.6211332082748413,0.2837691605091095,0.604081928730011,0.3085904419422149,0.5480890870094299,0.4543028771877289,0.4065006971359253,0.672919511795044,0.2800676226615906,0.8424144387245178,0.1236027181148529,0.3305283188819885,0.5455559492111206,0.2782443761825561,0.6240829229354858,0.2110627144575119,0.6705321669578552,0.4030978381633758,0.4882701337337494,0.2517983615398407,0.5954034924507141,0.7979011535644531,0.1938250958919525
622,622,train,23130,0.7255234718322754,0.2523688673973083,0.5836042761802673,0.3677413761615753,0.912956714630127,0.1222935542464256,0.9165781140327454,0.1172912716865539,0.9118744134902954,0.1235405653715133,0.9403758645057678,0.0902320221066474,0.862285852432251,0.1634693592786789,0.824009358882904,0.1704285442829132,0.5581473112106323,0.416526049375534,0.91704261302948,0.1168988719582557,0.1592486202716827,0.6947662830352783,0.5359501838684082,0.3249492347240448
623,623,train,24332,0.2533838748931885,0.6376193761825562,0.2787177562713623,0.6164210438728333,0.3066877126693725,0.56460040807724,0.4510588645935058,0.4200901985168457,0.6716524958610535,0.2841429114341736,0.8413845300674438,0.1281256228685379,0.3283589780330658,0.5642536878585815,0.275816947221756,0.6426211595535278,0.2113810330629348,0.6850836873054504,0.4024194777011871,0.5045081377029419,0.2548797130584717,0.5975568294525146,0.8001388907432556,0.1971502602100372
624,624,train,23122,0.4546217620372772,0.463319331407547,0.4403582513332367,0.4751599133014679,0.7337406873703003,0.2192923128604889,0.7657666802406311,0.1964230686426162,0.7950682640075684,0.2050523906946182,0.8894596695899963,0.1233571544289588,0.6379619836807251,0.3066896200180053,0.5050666928291321,0.4189682006835937,0.3605364859104156,0.5405138731002808,0.7617844343185425,0.2147019803524017,0.1609016209840774,0.6856727600097656,0.6041549444198608,0.2863233685493469
625,625,train,23369,0.3294842541217804,0.5703366994857788,0.3513714373111725,0.5541960597038269,0.4943163692951202,0.4069633483886719,0.6282914280891418,0.2936071157455444,0.7279912829399109,0.2540502250194549,0.8724024295806885,0.1253072023391723,0.4734728932380676,0.4452658295631408,0.3590326011180877,0.5653616189956665,0.267011284828186,0.6334314346313477,0.6179901361465454,0.3211740553379059,0.2127045542001724,0.6434358358383179,0.7309615015983582,0.2339372485876083
626,626,test,23426,0.6794062852859497,0.2788964807987213,0.5579186677932739,0.3803083896636963,0.8999212384223938,0.1222922131419181,0.9016103744506836,0.1180257052183151,0.8939785361289978,0.1215512230992317,0.9328425526618958,0.0891742259263992,0.8379998207092285,0.162312239408493,0.7934364080429077,0.1889256238937378,0.5281707048416138,0.431645005941391,0.9042563438415528,0.1171223744750022,0.1523827612400055,0.6974114179611206,0.5326603055000305,0.3230825364589691
627,627,train,23618,0.6334533095359802,0.3185289204120636,0.5514516830444336,0.3880543708801269,0.8738948106765747,0.1318509876728058,0.8783730268478394,0.1245709210634231,0.8774876594543457,0.1302161961793899,0.9226388931274414,0.0946697071194648,0.79622882604599,0.1811723858118057,0.7457139492034912,0.2161586284637451,0.5023038387298584,0.4432507455348968,0.8896479606628418,0.1232912763953208,0.1557801365852356,0.6951284408569336,0.537708044052124,0.319365918636322
628,628,train,24722,0.2531443834304809,0.6285081505775452,0.2626242339611053,0.6296097636222839,0.2947538197040558,0.5753685235977173,0.4056346416473388,0.4511116147041321,0.6458322405815125,0.2995717525482178,0.826840341091156,0.1364667415618896,0.3085256516933441,0.5763741135597229,0.2651298940181732,0.6480429768562317,0.2142138034105301,0.6886942386627197,0.3480388224124908,0.5473920702934265,0.2780196070671081,0.5718546509742737,0.8092747926712036,0.2007666677236557
629,629,test,24047,0.502315104007721,0.4199166297912597,0.4689412117004394,0.445469319820404,0.7955081462860107,0.1818823963403701,0.8077083826065063,0.1664560884237289,0.8189753293991089,0.1743907481431961,0.889106035232544,0.122284784913063,0.6977072358131409,0.2516770958900451,0.6037506461143494,0.3325594961643219,0.4081832468509674,0.5001951456069946,0.8179407119750977,0.1761217415332794,0.1598440706729889,0.6913942694664001,0.5601264238357544,0.3040731251239776
630,630,train,23667,0.803096354007721,0.1770803034305572,0.6509708166122437,0.3214840888977051,0.9277729988098145,0.1037712395191192,0.9279977679252625,0.1026739105582237,0.9262880086898804,0.1035908907651901,0.9478912353515624,0.0781538262963295,0.8975350260734558,0.1271143108606338,0.8809344172477722,0.1245156601071357,0.6141713857650757,0.3769116699695587,0.9281823039054872,0.1020308956503868,0.1756968349218368,0.6798201203346252,0.532396137714386,0.3233543634414673
631,631,train,23837,0.3301546573638916,0.5469591021537781,0.3583826124668121,0.537478506565094,0.5168893933296204,0.3636519312858581,0.6086931824684143,0.2844186425209045,0.7118762731552124,0.2543897330760956,0.8682485818862915,0.1300220042467117,0.481061726808548,0.4091283977031708,0.3689538836479187,0.5333102941513062,0.269380658864975,0.6050142645835876,0.6200472712516785,0.3064381182193756,0.1982346624135971,0.6538292169570923,0.7034860849380493,0.2441150397062301
632,632,train,23255,0.3056402206420898,0.5685661435127258,0.3352899849414825,0.5557131767272949,0.4692497551441192,0.4076082110404968,0.6014003753662109,0.3007660210132599,0.7256548404693604,0.2609853744506836,0.8643351793289185,0.1286319345235824,0.4429970383644104,0.451242446899414,0.3334616720676422,0.5655458569526672,0.2461665570735931,0.6100872755050659,0.6083818674087524,0.3321850299835205,0.2037122696638107,0.6396551728248596,0.7175055146217346,0.2322718352079391
633,633,train,23686,0.3968287110328674,0.4897007942199707,0.4028249979019165,0.4964424073696136,0.6489342451095581,0.2602207064628601,0.7054128050804138,0.2194311320781707,0.7621845602989197,0.216791957616806,0.8794971108436584,0.1304515302181244,0.5756864547729492,0.3365244269371032,0.4470313191413879,0.4505742788314819,0.3218796849250793,0.5507428646087646,0.710798978805542,0.2395870089530944,0.1770964711904525,0.6692582368850708,0.6405534744262695,0.2705598771572113
634,634,train,23068,0.2519107758998871,0.6378656625747681,0.2776155471801758,0.6201953887939453,0.2950359880924225,0.5714813470840454,0.4309812188148498,0.4356557130813598,0.6726976037025452,0.2870639562606811,0.8280616402626038,0.1325846463441848,0.3183861970901489,0.5677767395973206,0.2724869549274444,0.6387812495231628,0.211556538939476,0.6830997467041016,0.3788685798645019,0.51973557472229,0.2611250579357147,0.5976534485816956,0.7971041798591614,0.1957408189773559
635,635,train,23093,0.2966288030147552,0.5778619647026062,0.3234893977642059,0.561742901802063,0.3987318277359009,0.470358669757843,0.5659562349319458,0.3339269459247589,0.725084662437439,0.2727361619472503,0.8533895015716553,0.1284708678722381,0.4003481566905975,0.4879246950149536,0.3225912153720855,0.5643694996833801,0.2431908100843429,0.6133489608764648,0.571855902671814,0.3709730803966522,0.2188866138458252,0.6306038498878479,0.7475804090499878,0.2191991060972213
636,636,train,24128,0.7189059257507324,0.2544153034687042,0.5958927273750305,0.3627346158027649,0.9100858569145204,0.119007334113121,0.9123706817626952,0.1154512166976928,0.9113432168960572,0.1180415153503418,0.9373829364776612,0.0871342197060585,0.8555722832679749,0.156887486577034,0.8267612457275391,0.169398620724678,0.5568430423736572,0.4125388264656067,0.9173209071159364,0.1121237576007843,0.1618870347738266,0.6903825402259827,0.5263126492500305,0.3242590129375458
637,637,test,23153,0.5332564115524292,0.4036399126052856,0.4929386377334595,0.4371923804283142,0.811374843120575,0.1841128021478653,0.8348746299743652,0.1663031280040741,0.8338054418563843,0.1752513498067855,0.9022504091262816,0.115328311920166,0.7180063724517822,0.2577225565910339,0.6113305687904358,0.3348806500434875,0.4251229166984558,0.5008165836334229,0.8276417851448059,0.1785459518432617,0.1538801193237304,0.6981244087219238,0.5593497157096863,0.3040473163127899
638,638,train,24501,0.799471914768219,0.1726988554000854,0.6517184972763062,0.3161002993583679,0.9279528856277466,0.1015856564044952,0.927613377571106,0.1007895618677139,0.9264777302742004,0.1016678512096405,0.947921633720398,0.0761889070272445,0.8991978764533997,0.1234689354896545,0.8831024765968323,0.1201356351375579,0.6150914430618286,0.3755812048912048,0.9281893968582152,0.1003744080662727,0.1765910983085632,0.6784650087356567,0.5303676724433899,0.3213252425193786
639,639,train,24635,0.6281220316886902,0.3122916221618652,0.5430294275283813,0.3907855153083801,0.8799687027931213,0.1348385512828827,0.8854539394378662,0.1293510496616363,0.88396155834198,0.1340756267309188,0.9257449507713318,0.0941909030079841,0.7965058088302612,0.184381753206253,0.7393552660942078,0.2074347287416458,0.504359781742096,0.4445023834705353,0.8925290107727051,0.1270983070135116,0.1553848981857299,0.6955810785293579,0.5366299748420715,0.3213664889335632
640,640,train,24489,0.3765915334224701,0.522715151309967,0.3859514892101288,0.5176336765289307,0.6197541952133179,0.3175379931926727,0.7163947820663452,0.2549623847007751,0.7664861083030701,0.23984295129776,0.8837827444076538,0.1273920685052871,0.5521737337112427,0.3876720666885376,0.4152796864509582,0.4962160587310791,0.2999927699565887,0.5800997018814087,0.7053995728492737,0.2724219560623169,0.1895994246006012,0.6576579809188843,0.6773262023925781,0.2586642205715179
641,641,train,23841,0.3617584407329559,0.5184326171875,0.3765661418437958,0.5148025751113892,0.59065181016922,0.2971272766590118,0.6488772630691528,0.2482784539461136,0.7203156352043152,0.2307324558496475,0.8665035367012024,0.132251039147377,0.5305262207984924,0.3637133538722992,0.4061039388179779,0.4847021400928497,0.294879674911499,0.5691051483154297,0.667698085308075,0.2609253227710724,0.1822983771562576,0.6653410792350769,0.6578502655029297,0.2594606280326843
642,642,train,23279,0.2607610821723938,0.6111711859703064,0.2763135135173797,0.6018728017807007,0.3186916410923004,0.5381832718849182,0.4425976872444153,0.419495016336441,0.6768953204154968,0.2842779457569122,0.8417172431945801,0.1283497959375381,0.3318631649017334,0.5375044345855713,0.2770561277866363,0.6159245371818542,0.2143918424844741,0.6578394174575806,0.3966241776943207,0.5022419691085815,0.2639236450195312,0.577849268913269,0.798949122428894,0.1955406963825225
643,643,test,24132,0.4214958250522613,0.4793618619441986,0.4249359965324402,0.4827446937561035,0.6656759977340698,0.2405101656913757,0.6976958513259888,0.2120038866996765,0.7529844045639038,0.2120380401611328,0.8675822615623474,0.1328113079071045,0.5953546166419983,0.3136138617992401,0.4777772724628448,0.4328109323978424,0.3400904238224029,0.5474844574928284,0.7119747400283813,0.2261789888143539,0.1712258756160736,0.6754010319709778,0.6190387606620789,0.2778209745883941
644,644,train,23537,0.2581327855587005,0.6280609369277954,0.2656996250152588,0.6369569897651672,0.291067898273468,0.5788892507553101,0.3751146197319031,0.4789401590824127,0.6304606199264526,0.3142425417900085,0.8036848902702332,0.154219314455986,0.3105410933494568,0.5829898118972778,0.2700059413909912,0.6385331749916077,0.222987413406372,0.6820335388183594,0.3254692554473877,0.5768166780471802,0.2784032523632049,0.5834879875183105,0.8043165802955627,0.2207017540931701
645,645,train,23371,0.3254459798336029,0.5672263503074646,0.3496036231517792,0.5497798323631287,0.4883059561252594,0.4100096821784973,0.6153469681739807,0.2967672944068908,0.7270731329917908,0.2532266080379486,0.858439028263092,0.1285392791032791,0.467814028263092,0.4475870132446289,0.3568300306797027,0.5629850029945374,0.2639189660549164,0.6181598901748657,0.6166006922721863,0.3256856501102447,0.2078318744897842,0.644257128238678,0.730697751045227,0.2287280112504959
646,646,train,23760,0.2541562616825104,0.624476432800293,0.2786937654018402,0.6093428730964661,0.306480199098587,0.5493132472038269,0.4590952098369598,0.4075546562671661,0.6741593480110168,0.2837978005409241,0.847364604473114,0.1219597607851028,0.3348076939582824,0.5526512265205383,0.2736647725105285,0.6369052529335022,0.2094160318374633,0.6740438938140869,0.4008983969688415,0.4935550093650818,0.2569268643856048,0.5919268131256104,0.7991875410079956,0.1922900676727295
647,647,train,23625,0.2589784562587738,0.6202954649925232,0.2683549523353576,0.6344032883644104,0.3036748468875885,0.5614765286445618,0.417096734046936,0.4458481967449188,0.6524791121482849,0.2991253435611725,0.8284991979598999,0.1314670890569687,0.3162305653095245,0.5753369331359863,0.2721690833568573,0.638862133026123,0.2293291240930557,0.6786837577819824,0.3546959459781647,0.5300403237342834,0.2727417647838592,0.5743285417556763,0.8039329648017883,0.2110144644975662
648,648,train,24307,0.5842021703720093,0.3482379615306854,0.5046600699424744,0.4124173521995544,0.8673001527786255,0.1441536396741867,0.8774092197418213,0.1354783624410629,0.8710079789161682,0.1469146609306335,0.9183815121650696,0.0995712354779243,0.7740291357040405,0.2051300555467605,0.6866359114646912,0.2486955672502517,0.4577487409114837,0.4649744629859924,0.8771805167198181,0.1387724578380584,0.1506152749061584,0.6968340873718262,0.5370567440986633,0.3177843689918518
649,649,train,23814,0.2607570588588714,0.618826687335968,0.2944526374340057,0.6019150018692017,0.3266666829586029,0.5502296686172485,0.4789390563964844,0.3923728168010711,0.7036243677139282,0.2746057510375976,0.8402767777442932,0.1229952871799469,0.3371286988258362,0.5583680272102356,0.2814362943172455,0.6219810247421265,0.2168787866830825,0.6646795868873596,0.4236360490322113,0.4759795367717743,0.2529665827751159,0.5935062766075134,0.7995292544364929,0.1925520598888397
650,650,test,23358,0.33907350897789,0.5483383536338806,0.3604634404182434,0.5385478138923645,0.5338575839996338,0.3646833896636963,0.6385405659675598,0.2847395539283752,0.7369760870933533,0.2510488331317901,0.871353030204773,0.1290359795093536,0.4909601509571075,0.4187189936637878,0.3728292882442474,0.5337849259376526,0.2735085487365722,0.5984756350517273,0.6475884318351746,0.304137110710144,0.2019769549369812,0.6453806757926941,0.695656955242157,0.2455429881811142
651,651,train,23486,0.3289828896522522,0.5562185049057007,0.3559269905090332,0.5457153916358948,0.4968104064464569,0.3950718939304352,0.6320986151695251,0.2986741364002228,0.7262070775032043,0.2626389563083648,0.8725572824478149,0.1259911209344864,0.4818636476993561,0.4244097471237182,0.3616900444030761,0.5434499979019165,0.2643040120601654,0.6058199405670166,0.6353766918182373,0.3166850805282593,0.2062302231788635,0.6449888944625854,0.7272601127624512,0.2337051182985305
652,652,test,23694,0.3593558967113495,0.5288569927215576,0.376849353313446,0.522468626499176,0.5905721783638,0.3148500323295593,0.6689759492874146,0.2487285733222961,0.7488744258880615,0.2288218736648559,0.865082323551178,0.1297807842493057,0.5285921692848206,0.3854510188102722,0.4001236259937286,0.5068261027336121,0.2884110808372497,0.5773928165435791,0.6709058284759521,0.2678503394126892,0.189433291554451,0.6568370461463928,0.6746785044670105,0.2547388672828674
653,653,train,23928,0.4738882184028625,0.4411195516586303,0.4499093294143677,0.4589580595493316,0.7211064696311951,0.2004369348287582,0.7436401844024658,0.1816603392362594,0.7671862840652466,0.1888619512319564,0.8719620704650879,0.1235053837299346,0.6350606083869934,0.2788244187831878,0.5347692966461182,0.3817183077335357,0.3782630860805511,0.5190560817718506,0.7480551600456238,0.1949686259031295,0.1604235470294952,0.6844356060028076,0.5876724123954773,0.2900106012821197
654,654,test,24123,0.2795146703720093,0.5928505063056946,0.3110609948635101,0.5710854530334473,0.3655661642551422,0.4836296141147613,0.5276291370391846,0.3460655212402344,0.7033926248550415,0.2701477408409118,0.8560126423835754,0.1259800046682357,0.378155380487442,0.499227225780487,0.3018796145915985,0.5929576754570007,0.228912815451622,0.6316818594932556,0.5226263999938965,0.3894775509834289,0.2270250469446182,0.6173166036605835,0.7628759145736694,0.2096496224403381
655,655,test,23924,0.6551700234413147,0.296590119600296,0.5718132853507996,0.3794561922550201,0.8834787607192993,0.1319613009691238,0.8913962244987488,0.1247723251581192,0.8914791941642761,0.129090741276741,0.9295188188552856,0.0930654555559158,0.8246968984603882,0.1739810854196548,0.7681956887245178,0.2073470056056976,0.5170074105262756,0.4441894888877868,0.8974311947822571,0.1235280185937881,0.1592181921005249,0.6935645341873169,0.5394107699394226,0.3226624727249145
656,656,train,24517,0.4102331697940826,0.4753715991973877,0.4148596525192261,0.4813311696052551,0.6434459090232849,0.2512014806270599,0.6895812153816223,0.2170157432556152,0.745711624622345,0.2089436948299408,0.8688850402832031,0.1290678083896637,0.5750651359558105,0.3227694034576416,0.4616990983486175,0.442646324634552,0.3303170502185821,0.5462170243263245,0.6952651143074036,0.2298788428306579,0.1713912189006805,0.6769811511039734,0.6326495409011841,0.2717717587947845
657,657,train,24733,0.7878606915473938,0.1889103055000305,0.635291576385498,0.3357362449169159,0.9244945049285888,0.1105168685317039,0.9232383370399476,0.1098832041025161,0.9231835603713988,0.1117707341909408,0.944212019443512,0.0832744315266609,0.8893033266067505,0.1361066401004791,0.876816987991333,0.1311375498771667,0.6069320440292358,0.3928015530109405,0.924884796142578,0.109687328338623,0.1716920882463455,0.6883670091629028,0.529079258441925,0.3249656856060028
658,658,train,23057,0.3183585405349731,0.577050507068634,0.3482476770877838,0.5583081841468811,0.4624101817607879,0.4396009147167206,0.5969335436820984,0.3197949528694153,0.7164350152015686,0.263192355632782,0.8627249598503113,0.1336636990308761,0.4443220198154449,0.4733821451663971,0.3442927896976471,0.574176549911499,0.2591956853866577,0.62256920337677,0.6088027358055115,0.3512341976165771,0.2046903371810913,0.6412914395332336,0.7278339862823486,0.2280938923358917
659,659,train,23682,0.3254723250865936,0.5488874316215515,0.3457288444042206,0.5391788482666016,0.4992211759090423,0.3870302438735962,0.6274209022521973,0.2887302339076996,0.737179696559906,0.2562490999698639,0.8616175055503845,0.1301159262657165,0.475096732378006,0.4289782643318176,0.3589905500411987,0.540824830532074,0.2593085169792175,0.593941867351532,0.6308359503746033,0.3129658997058868,0.2049171477556228,0.6359239220619202,0.7201110124588013,0.2283011823892593
660,660,test,23977,0.5131710171699524,0.4145914018154144,0.4742841124534607,0.4433435499668121,0.7822091579437256,0.1634631603956222,0.8023757934570312,0.1486530900001526,0.8209781646728516,0.1613239198923111,0.8929672241210938,0.1126869693398475,0.7018139958381653,0.2396974414587021,0.6068922281265259,0.3243408799171448,0.4042941033840179,0.4924376308917999,0.8061829209327698,0.1577441692352295,0.1514525860548019,0.6915994882583618,0.5603989362716675,0.3034184575080871
661,661,test,24694,0.7092259526252747,0.2447737604379654,0.5765398740768433,0.373223602771759,0.9059261679649352,0.1114941462874412,0.9082927107810974,0.1077552214264869,0.9056380987167358,0.1090389639139175,0.9347808361053468,0.0842123329639434,0.8592255711555481,0.1431705504655838,0.8201938271522522,0.1586438864469528,0.5364261865615845,0.4259729981422424,0.9086205959320068,0.1083891540765762,0.1561522632837295,0.6936653852462769,0.5307744145393372,0.3233304619789123
662,662,train,24684,0.3530064523220062,0.5338241457939148,0.3655277788639068,0.5278909206390381,0.5690956115722656,0.3461307287216186,0.6712632775306702,0.2650378942489624,0.7420173287391663,0.2445689737796783,0.8669247031211853,0.1301192492246627,0.5228704214096069,0.4052661955356598,0.3880262374877929,0.5228736996650696,0.2754473984241485,0.5834870934486389,0.6720359325408936,0.286549299955368,0.1991586685180664,0.6442154049873352,0.695647656917572,0.2420428842306137
663,663,test,24717,0.4883985817432403,0.443133533000946,0.4539334177970886,0.4578932523727417,0.7873123288154602,0.1970983743667602,0.8204456567764282,0.1759961694478988,0.8282300233840942,0.1840562522411346,0.900979459285736,0.114482045173645,0.6865565776824951,0.2832190990447998,0.5552728772163391,0.3744514286518097,0.387483537197113,0.5151256918907166,0.8148443102836609,0.1912200152873993,0.1584396660327911,0.6889994740486145,0.5807738304138184,0.2958258390426636
664,664,train,23619,0.3578545749187469,0.5332081317901611,0.3773733079433441,0.5268309116363525,0.5809326767921448,0.3324105441570282,0.6692167520523071,0.2622123956680298,0.7466968894004822,0.2429254949092865,0.8761313557624817,0.1276914924383163,0.5329508781433105,0.3902408480644226,0.3960841298103332,0.514978289604187,0.2840796113014221,0.5895567536354065,0.6790997982025146,0.2813643515110016,0.1929178237915039,0.6578538417816162,0.6821200847625732,0.2544780373573303
665,665,train,24339,0.5632954239845276,0.3791691660881042,0.5028442144393921,0.4219765663146972,0.8383760452270508,0.157624289393425,0.8476699590682983,0.1482861936092376,0.8351576328277588,0.1615875512361526,0.9070211052894592,0.1088344901800155,0.7525374293327332,0.2201271206140518,0.6647540330886841,0.282007485628128,0.4478319883346557,0.4785965085029602,0.8557764291763306,0.1505281180143356,0.1558737605810165,0.6958421468734741,0.5481419563293457,0.3126952946186065
666,666,train,22984,0.4810932874679565,0.442798376083374,0.4532055556774139,0.4603168368339538,0.7604400515556335,0.2064690589904785,0.7987473011016846,0.1850325316190719,0.8111066818237305,0.195351243019104,0.8944322466850281,0.1162711232900619,0.6642903685569763,0.2945765256881714,0.5271077156066895,0.3965217471122741,0.3755189776420593,0.5326906442642212,0.7864270210266113,0.2007197886705398,0.1631138026714325,0.686623215675354,0.6000939011573792,0.2866981625556946
667,667,train,24738,0.2662957906723022,0.6116604208946228,0.2945139706134796,0.589138925075531,0.3308646082878113,0.5292111039161682,0.4982136189937591,0.3855851590633392,0.6921805143356323,0.2770632207393646,0.8399608731269836,0.1299266517162323,0.3592334985733032,0.5308966636657715,0.2921085655689239,0.6162889003753662,0.2188080549240112,0.6523346900939941,0.4619962871074676,0.4562008380889892,0.2448887377977371,0.6042699217796326,0.7823563814163208,0.201688677072525
668,668,train,23001,0.252504289150238,0.6191649436950684,0.2761358618736267,0.609574556350708,0.3092591166496277,0.5518776178359985,0.456556886434555,0.4139026403427124,0.6694462299346924,0.2832530438899994,0.8364529013633728,0.1260024607181549,0.3318524956703186,0.5509719252586365,0.2718399167060852,0.6333037614822388,0.2076011896133422,0.6708308458328247,0.3873955309391022,0.5031043887138367,0.2606948614120483,0.5806335210800171,0.8062679171562195,0.1959366202354431
669,669,train,23169,0.4195937812328338,0.4887928366661072,0.4145275056362152,0.4947649538516998,0.6911429762840271,0.2392389327287674,0.7352368235588074,0.2112383991479873,0.7812597155570984,0.212340772151947,0.8809302449226379,0.1256696730852127,0.5944352149963379,0.3312965035438537,0.4751501083374023,0.4379342496395111,0.3419548571109772,0.5455794930458069,0.7352381944656372,0.2268155962228775,0.1672713905572891,0.6851088404655457,0.6076244711875916,0.2832232415676117
670,670,train,24376,0.2479003816843032,0.631787121295929,0.2651671767234802,0.6285480260848999,0.2921957373619079,0.5700818300247192,0.4183646440505981,0.4450495541095733,0.6669259667396545,0.2881747782230377,0.8334974646568298,0.128401517868042,0.3147408962249756,0.5696579813957214,0.2660895884037018,0.6514926552772522,0.2113561034202575,0.688895583152771,0.3546347618103027,0.5343065857887268,0.2708443701267242,0.5801777839660645,0.8096215724945068,0.1921163648366928
671,671,train,23314,0.4272834062576294,0.4702995121479034,0.4218305349349975,0.4857620894908905,0.6784346103668213,0.2320341765880584,0.7105475664138794,0.2041161358356475,0.7455323338508606,0.2039197534322738,0.8673479557037354,0.1271337419748306,0.6028801202774048,0.310994029045105,0.4830629229545593,0.4201383292675018,0.3449210822582245,0.543189525604248,0.7162861824035645,0.2170975655317306,0.1645042896270752,0.6856511235237122,0.605035662651062,0.2810416519641876
672,672,train,23253,0.2723135948181152,0.6085224747657776,0.2709859609603882,0.6206226944923401,0.3143431544303894,0.5433077216148376,0.4117323160171509,0.4428988099098205,0.6346544027328491,0.3002805411815643,0.8214138150215149,0.1363492459058761,0.3276732265949249,0.5410572290420532,0.2789378464221954,0.6209713816642761,0.2218673378229141,0.6731418371200562,0.3687306642532348,0.520481526851654,0.2767425775527954,0.5740106701850891,0.8051623702049255,0.2048885226249694
673,673,train,24247,0.2819474935531616,0.6031984090805054,0.3146162033081054,0.582211434841156,0.3579408228397369,0.507299542427063,0.5247797966003418,0.3632440268993377,0.6991627812385559,0.2706797420978546,0.8555448651313782,0.1232359483838081,0.377323567867279,0.5206186771392822,0.3017964363098144,0.608893871307373,0.2293481528759002,0.6516411900520325,0.4997656345367431,0.421755313873291,0.2330375462770462,0.6140152812004089,0.7704475522041321,0.2088575959205627
674,674,train,23687,0.2841033935546875,0.5883387327194214,0.3131048381328583,0.5669502019882202,0.3666387498378753,0.4893255531787872,0.525547444820404,0.3549569249153137,0.7038682699203491,0.2764908373355865,0.8514575958251953,0.1244082897901535,0.3780785202980041,0.4989101886749267,0.3052082359790802,0.5831927061080933,0.2305487394332885,0.6325861215591431,0.5142889022827148,0.4012213945388794,0.2308230251073837,0.6124017238616943,0.7702606916427612,0.2092165350914001
675,675,train,24093,0.3993217647075653,0.5042117834091187,0.4099574685096741,0.5031604170799255,0.6543179750442505,0.2692336440086365,0.7030443549156189,0.2309052348136901,0.7569115161895752,0.2287479490041732,0.8808851838111877,0.12985560297966,0.5777776837348938,0.347054123878479,0.4495953619480133,0.4753987491130829,0.3238736093044281,0.5721960067749023,0.7097725868225098,0.2478543817996978,0.1745925992727279,0.6779787540435791,0.642197847366333,0.2690196931362152
676,676,train,23800,0.7232828140258789,0.2491518557071685,0.587257444858551,0.3702747225761413,0.9144108891487122,0.1173784434795379,0.9160768389701844,0.1135216653347015,0.9134877324104308,0.1186459437012672,0.9408200979232788,0.0876656547188758,0.8668842911720276,0.1557740271091461,0.8316102623939514,0.1646804958581924,0.5604480504989624,0.4148113131523132,0.9193456768989564,0.1120617315173149,0.1624984890222549,0.6933319568634033,0.5354635119438171,0.3238554000854492
677,677,train,24432,0.256713330745697,0.6185758113861084,0.2803285717964172,0.5990630388259888,0.3103938698768616,0.5428261160850525,0.4591649174690246,0.4031969010829925,0.6758993268013,0.2806516885757446,0.8418737649917603,0.1290515214204788,0.3332214951515198,0.5443688035011292,0.2788704633712768,0.6260665059089661,0.2123763412237167,0.6645665764808655,0.4094384312629699,0.4854387044906616,0.2509719729423523,0.597525417804718,0.7966348528862,0.1979279965162277
678,678,train,23739,0.3334424197673797,0.564575731754303,0.3567980527877807,0.5470309257507324,0.5048155188560486,0.3822981715202331,0.6353661417961121,0.2782275080680847,0.7348859310150146,0.2479805946350097,0.8694331049919128,0.1263414770364761,0.4843150675296783,0.4290681779384613,0.361576110124588,0.5492686629295349,0.2666504085063934,0.6163625717163086,0.6322758197784424,0.3047003746032715,0.2016441076993942,0.6522306203842163,0.7191583514213562,0.2390489429235458
679,679,test,23611,0.3259111046791076,0.5535000562667847,0.3475848734378814,0.5395796895027161,0.4939362406730652,0.4087647497653961,0.623471736907959,0.3022794723510742,0.7230978012084961,0.260549396276474,0.8632237315177917,0.1284064799547195,0.4745881855487823,0.444040983915329,0.356940358877182,0.5460137724876404,0.2616635262966156,0.5941085815429688,0.6289634108543396,0.3261288106441498,0.2082340866327285,0.6342164874076843,0.7260962128639221,0.2275511175394058
680,680,train,24688,0.3058957755565643,0.5712063312530518,0.331341952085495,0.5584566593170166,0.4330925643444061,0.4269329905509949,0.5679323077201843,0.3156928122043609,0.7117817401885986,0.262846976518631,0.8618236780166626,0.1243444681167602,0.4277235269546509,0.45462766289711,0.3337357938289642,0.5653017163276672,0.2476075440645218,0.6164223551750183,0.5855337977409363,0.3440934121608734,0.2106457501649856,0.6380385756492615,0.7336388230323792,0.2239575833082199
681,681,train,24277,0.3033642470836639,0.5748953819274902,0.3329348266124725,0.557665228843689,0.4102314412593841,0.4567217230796814,0.5704167485237122,0.3238027393817901,0.7115801572799683,0.2684680819511413,0.8547971248626709,0.1294059157371521,0.4133734405040741,0.4789173603057861,0.3265455961227417,0.5700562000274658,0.2452774941921234,0.6153813004493713,0.5775308012962341,0.3556816875934601,0.2133324146270752,0.631750226020813,0.7386618256568909,0.2192930877208709
682,682,train,23528,0.5350713729858398,0.3912595510482788,0.4817190170288086,0.4339784979820251,0.8149415850639343,0.1537341475486755,0.8239342570304871,0.144721582531929,0.8218486905097961,0.1565392762422561,0.9018385410308838,0.1070631667971611,0.7151424884796143,0.2215678840875625,0.6202102899551392,0.2961533367633819,0.4322415590286255,0.491126537322998,0.8265519738197327,0.1508451104164123,0.1533320546150207,0.6959684491157532,0.5531530380249023,0.3087557554244995
683,683,train,24710,0.2648810446262359,0.623281717300415,0.2936084866523742,0.606040894985199,0.3241461217403412,0.5446775555610657,0.4726013541221618,0.4103545844554901,0.690427303314209,0.2798023223876953,0.8478169441223145,0.1264182478189468,0.3518810272216797,0.5459432005882263,0.2856134176254272,0.6339156031608582,0.218507781624794,0.6732861995697021,0.4250216484069824,0.4861491620540619,0.2533788979053497,0.597777783870697,0.7956322431564331,0.1989041119813919
684,684,train,24294,0.2600383758544922,0.6267872452735901,0.2634867429733276,0.64388507604599,0.2913209199905395,0.5919645428657532,0.3755000531673431,0.4920033514499664,0.6378329396247864,0.3207738995552063,0.8024613857269287,0.162285715341568,0.3044673502445221,0.5899971723556519,0.2679384648799896,0.6520227789878845,0.2273236662149429,0.6897825598716736,0.3245573341846466,0.5792891383171082,0.2790413200855255,0.5807772874832153,0.8017605543136597,0.223220944404602
685,685,train,23362,0.5033903121948242,0.4103760421276092,0.4710924327373504,0.4381064474582672,0.790095329284668,0.1683087348937988,0.8040573596954346,0.1561234593391418,0.818867027759552,0.1630414128303527,0.8931575417518616,0.1121489182114601,0.6851740479469299,0.2355770617723465,0.5853074789047241,0.3281256854534149,0.4142778515815735,0.493810623884201,0.8182010054588318,0.1630362421274185,0.1589311361312866,0.6885206699371338,0.5550946593284607,0.304602563381195
686,686,train,23506,0.3560842871665954,0.5266228318214417,0.375200480222702,0.5146898627281189,0.6022037267684937,0.3338060677051544,0.6857360601425171,0.2645455002784729,0.7858164310455322,0.2439135015010833,0.8686338067054749,0.1289967447519302,0.5254586338996887,0.4019078910350799,0.3900849223136902,0.5158430933952332,0.2890254557132721,0.5742758512496948,0.7206797003746033,0.2879950106143951,0.2104048579931259,0.6360675692558289,0.7068115472793579,0.2476695775985717
687,687,train,24090,0.2616620063781738,0.615536093711853,0.2902276217937469,0.599804162979126,0.3177823722362518,0.540726363658905,0.4495893120765686,0.4045762717723846,0.6850606799125671,0.2775437235832214,0.8437182307243347,0.1252719163894653,0.3348042666912079,0.5482836365699768,0.2803193032741546,0.6208927631378174,0.216774508357048,0.665302574634552,0.4066677391529083,0.4869763553142547,0.2596758008003235,0.5912997722625732,0.797256350517273,0.1948463767766952
688,688,train,23346,0.3334670662879944,0.5574884414672852,0.3472066819667816,0.5453556180000305,0.5133689045906067,0.3765156269073486,0.6105132102966309,0.2853587567806244,0.7149462103843689,0.2461211085319519,0.8698474764823914,0.1267791539430618,0.485341876745224,0.4216170608997345,0.3652924001216888,0.545324981212616,0.268183559179306,0.6118742227554321,0.619150698184967,0.3022673428058624,0.1991520375013351,0.6524804830551147,0.7026930451393127,0.2455943822860717
689,689,train,24745,0.4927980303764343,0.4391253590583801,0.4528600871562958,0.4636042714118957,0.8086873292922974,0.1943163126707077,0.8301592469215393,0.1785634011030197,0.8325865268707275,0.1876985132694244,0.8974706530570984,0.1218016743659973,0.7024943828582764,0.2755517661571502,0.5809246897697449,0.3567831218242645,0.3868857622146606,0.5177754759788513,0.8257274627685547,0.1885649859905243,0.1505858898162841,0.6996696591377258,0.5592232942581177,0.3067595064640045
690,690,train,23662,0.6854457855224609,0.2792641520500183,0.5652821660041809,0.3796727359294891,0.90184086561203,0.1181840598583221,0.9049252271652222,0.1132802218198776,0.9003113508224487,0.1183668822050094,0.9349467754364014,0.086718812584877,0.843388020992279,0.1609766334295272,0.7926583290100098,0.1829153895378112,0.5284037590026855,0.4309048652648926,0.9076415300369264,0.1140255779027938,0.1571933776140213,0.6929556727409363,0.5359047055244446,0.3221859037876129
691,691,test,23756,0.3382764756679535,0.5467635989189148,0.3639028966426849,0.5386832356452942,0.5183537602424622,0.3552989363670349,0.6097708344459534,0.2772586643695831,0.7078632116317749,0.2460029423236847,0.8695260286331177,0.1281700134277343,0.4839793145656585,0.4073605239391327,0.3830656111240387,0.5341690182685852,0.2776664793491363,0.6179792881011963,0.6186639070510864,0.2955494523048401,0.2024939358234405,0.6569849848747253,0.7139538526535034,0.2410773634910583
692,692,test,23599,0.7875791788101196,0.1850859075784683,0.6323795914649963,0.3338880836963653,0.9240091443061828,0.1066430211067199,0.9248213768005372,0.1059538424015045,0.9216654300689696,0.1076209545135498,0.9444066286087036,0.0803892388939857,0.889868438243866,0.1330697536468505,0.8693929314613342,0.130940094590187,0.5977094173431396,0.3900106549263,0.9234293699264526,0.1053450852632522,0.1695279031991958,0.6872817277908325,0.5296909213066101,0.3237217366695404
693,693,train,23108,0.2739328444004059,0.5970048904418945,0.3079237341880798,0.579060971736908,0.3554039597511291,0.4889102578163147,0.5165976285934448,0.3576112389564514,0.6922693252563477,0.2755716145038605,0.8546118140220642,0.1246128752827644,0.366735428571701,0.5062626004219055,0.2967489659786224,0.5976049900054932,0.2265421599149704,0.6441022753715515,0.4995899498462677,0.4028112590312958,0.2287705838680267,0.621874213218689,0.7675841450691223,0.2099097818136215
694,694,test,24159,0.5968809723854065,0.3480497300624847,0.5112549662590027,0.4160675704479217,0.8666889071464539,0.1492012590169906,0.8773048520088196,0.1400603353977203,0.8715093731880188,0.1485931575298309,0.9215893745422364,0.1035997420549392,0.7832658886909485,0.206538587808609,0.7056441307067871,0.2541038990020752,0.4614730477333069,0.4664194583892822,0.8765817880630493,0.1424386948347091,0.1528657227754593,0.6964346766471863,0.5443114638328552,0.3158029913902282
695,695,train,23994,0.3613115847110748,0.546183168888092,0.3772726953029632,0.5300345420837402,0.5754660367965698,0.3423828482627868,0.685822606086731,0.2572019100189209,0.7611708045005798,0.2381843775510788,0.8722984194755554,0.1285523623228073,0.523160994052887,0.3988421559333801,0.3903535008430481,0.518072247505188,0.2862446308135986,0.5971445441246033,0.6827319860458374,0.2746957540512085,0.1918181627988815,0.6619067788124084,0.6725121140480042,0.2553203403949737
696,696,train,23179,0.4127986133098602,0.492226630449295,0.4153707325458526,0.4931665956974029,0.6698669195175171,0.2531685829162597,0.7204938530921936,0.2177271842956543,0.7809489965438843,0.2133740782737732,0.8822520971298218,0.1253124624490738,0.5792832970619202,0.3354622721672058,0.4648898243904114,0.4439139068126678,0.3361750841140747,0.5541064143180847,0.7241520881652832,0.2339656502008438,0.1699463278055191,0.6801682710647583,0.6206638813018799,0.2788930237293243
697,697,train,23819,0.4214564263820648,0.467368483543396,0.4178032279014587,0.4820553064346313,0.6722069382667542,0.2315193116664886,0.7162074446678162,0.2045672088861465,0.7540134787559509,0.2054543793201446,0.8685450553894043,0.1298135668039322,0.5889240503311157,0.3084603548049927,0.4725761115550995,0.4295323193073272,0.3351216912269592,0.5490477085113525,0.7159254550933838,0.2179836630821228,0.1677299439907074,0.6816036105155945,0.6160531044006348,0.2757729887962341
698,698,train,23986,0.371928721666336,0.5312080383300781,0.3858272433280945,0.518983781337738,0.610483705997467,0.3146214485168457,0.6846580505371094,0.2493892312049865,0.7596050500869751,0.2409829348325729,0.8744693398475647,0.1301937103271484,0.5600268840789795,0.3805282413959503,0.4200921654701233,0.5077012777328491,0.2985681891441345,0.5813064575195312,0.6879162788391113,0.2672317028045654,0.1867676228284835,0.6580838561058044,0.682258665561676,0.2554635405540466
699,699,train,24278,0.5188154578208923,0.4133718609809875,0.472698837518692,0.4468423128128052,0.8052583932876587,0.1874407231807708,0.8320650458335876,0.1718818247318267,0.8316757678985596,0.1822160184383392,0.9040087461471558,0.1153911352157592,0.7067450284957886,0.265135645866394,0.5877618789672852,0.3532206118106842,0.4032689034938812,0.5110756754875183,0.8234780430793762,0.1836952418088913,0.1563711464405059,0.6985341310501099,0.5713235139846802,0.3026089668273926
700,700,train,24611,0.5381922721862793,0.394256055355072,0.4839708209037781,0.4328581690788269,0.7869699597358704,0.1739503741264343,0.8036170601844788,0.1602420061826706,0.8143945932388306,0.1691286861896515,0.8858057856559753,0.1192738190293312,0.7041489481925964,0.2367857843637466,0.6197254657745361,0.312772125005722,0.4256982207298279,0.4901400506496429,0.8092318177223206,0.16646808385849,0.1555347442626953,0.6958984732627869,0.5572432279586792,0.3052746653556824
701,701,test,24234,0.2918382585048675,0.5754774808883667,0.3196155428886413,0.5615752935409546,0.3871749937534332,0.4567099511623382,0.535335123538971,0.3272006809711456,0.6983081102371216,0.2672771215438843,0.8502887487411499,0.1318261176347732,0.3936032652854919,0.4734285175800323,0.3122252523899078,0.5759551525115967,0.2336237728595733,0.6216656565666199,0.5358338952064514,0.3663296699523926,0.2242664545774459,0.6175962686538696,0.7530386447906494,0.214220255613327
702,702,train,22983,0.263871282339096,0.6183168292045593,0.2907508611679077,0.6035083532333374,0.3172649443149566,0.5442764759063721,0.468489795923233,0.401758462190628,0.6847595572471619,0.2815382480621338,0.8383883833885193,0.1291303634643554,0.3335843682289123,0.5483888387680054,0.2797561883926391,0.6218797564506531,0.2188938856124878,0.6661574840545654,0.4169601500034332,0.4775537550449371,0.2491689026355743,0.6016029119491577,0.7863348722457886,0.1976183801889419
703,703,train,23323,0.4178115129470825,0.473676323890686,0.4072930812835693,0.4799539446830749,0.6814713478088379,0.2473456263542175,0.7378988265991211,0.2093963325023651,0.7805179953575134,0.2106726914644241,0.8769463300704956,0.132477581501007,0.6048880219459534,0.3184146881103515,0.4770525395870209,0.4202914237976074,0.3324256241321563,0.5383237600326538,0.7370796799659729,0.2256081253290176,0.1756953448057174,0.6680907607078552,0.6220491528511047,0.2773553133010864
704,704,test,24660,0.2868072688579559,0.5809986591339111,0.3106128573417663,0.5662919282913208,0.3879798948764801,0.4718433618545532,0.5229690074920654,0.3397841155529022,0.7057328820228577,0.2662058770656585,0.8389637470245361,0.1276494264602661,0.3871662020683288,0.4945339858531952,0.310368925333023,0.576691746711731,0.2286499738693237,0.6265925765037537,0.5380664467811584,0.377776950597763,0.2305966764688491,0.6098589897155762,0.7635174989700317,0.2042531818151474
705,705,test,24430,0.3541127443313598,0.5321374535560608,0.3736404478549957,0.5289579629898071,0.5476163625717163,0.3169424831867218,0.6242245435714722,0.2533677518367767,0.720280647277832,0.2335061132907867,0.8664037585258484,0.1309310048818588,0.4987896382808685,0.3839341104030609,0.3868263959884643,0.5108951330184937,0.2891891002655029,0.5907844305038452,0.6344972252845764,0.271762877702713,0.1926602721214294,0.6582045555114746,0.6775877475738525,0.2535147070884704
706,706,train,24523,0.2788493931293487,0.6029277443885803,0.3112344443798065,0.585303008556366,0.359719306230545,0.5249454975128174,0.5075646042823792,0.385962426662445,0.6992440819740295,0.2753942906856537,0.8490965962409973,0.1209680512547493,0.3643004596233368,0.5413146018981934,0.2975650727748871,0.606268048286438,0.2243127524852752,0.6485618948936462,0.4770615398883819,0.4476134777069092,0.2433618456125259,0.5952904224395752,0.7809962630271912,0.1985110193490982
707,707,train,23541,0.3757443428039551,0.5259193181991577,0.387867122888565,0.5193776488304138,0.6075103282928467,0.3019108474254608,0.6885189414024353,0.2456927150487899,0.7402932643890381,0.2374968230724334,0.8754612803459167,0.1308528333902359,0.5393580794334412,0.3762200176715851,0.4093060791492462,0.4938142299652099,0.3049653172492981,0.5847084522247314,0.6808838248252869,0.2638429701328277,0.1862491518259048,0.6640586256980896,0.6623457670211792,0.2601658999919891
708,708,train,23392,0.2555457353591919,0.6247702240943909,0.2722167074680328,0.6265891790390015,0.3004793226718902,0.5574344992637634,0.4229985475540161,0.4345203340053558,0.6628773212432861,0.2923047244548797,0.8420610427856445,0.1267903447151184,0.3176275491714477,0.5619804263114929,0.271896481513977,0.6419373750686646,0.2156180739402771,0.6870627403259277,0.3637326657772064,0.5263922214508057,0.2720356285572052,0.5796607732772827,0.8082864880561829,0.1976471096277237
709,709,train,23820,0.4104399681091308,0.4816447496414184,0.4136934578418731,0.4915879964828491,0.6562036871910095,0.237027421593666,0.7023532390594482,0.2066961973905563,0.75508052110672,0.2064255177974701,0.8717743754386902,0.1295205503702163,0.5703315138816833,0.3095635771751404,0.4598158299922943,0.439384788274765,0.3286277949810028,0.5581173300743103,0.7086237072944641,0.2232101559638977,0.1658185571432113,0.6878426671028137,0.6159930229187012,0.2787995636463165
710,710,train,23551,0.5506893396377563,0.3775143027305603,0.4919197857379913,0.4263901114463806,0.8328064680099487,0.1563807129859924,0.8442227840423584,0.1447426527738571,0.8352072834968567,0.1518755853176117,0.9045596718788148,0.1086404919624328,0.7398841381072998,0.2153804749250412,0.6493871808052063,0.2778815329074859,0.4411603808403015,0.4785074591636657,0.843547523021698,0.1515576839447021,0.1492460370063781,0.6976584792137146,0.5475896596908569,0.3103809356689453
711,711,train,23080,0.4658887386322021,0.4554726183414459,0.4454429447650909,0.468589574098587,0.7292936444282532,0.2009039372205734,0.7575945854187012,0.1806629449129104,0.7837368249893188,0.1910719871520996,0.8810384273529053,0.1216602697968483,0.6448609828948975,0.2805729806423187,0.5155784487724304,0.3997091948986053,0.368040382862091,0.5366674661636353,0.7557750940322876,0.1963689774274826,0.1623625457286834,0.6881192326545715,0.5934929847717285,0.289439707994461
712,712,train,23842,0.307339459657669,0.5822380185127258,0.3345142304897308,0.5640590190887451,0.4340003132820129,0.4562387466430664,0.5837013721466064,0.3273861706256866,0.7107997536659241,0.2641896307468414,0.8576124906539917,0.1277586221694946,0.4315729141235351,0.4792929291725158,0.3354775607585907,0.5812650322914124,0.250457614660263,0.6277443766593933,0.5913827419281006,0.3600731492042541,0.2163480818271637,0.6367067098617554,0.7465121150016785,0.2201544344425201
713,713,train,23856,0.2599514126777649,0.6193751692771912,0.2850333154201507,0.6101179718971252,0.3183621764183044,0.5479522943496704,0.4582787752151489,0.4109489023685455,0.6830610632896423,0.2883169949054718,0.8468109965324402,0.125161126255989,0.3464030027389526,0.5401641726493835,0.2845844626426697,0.6281567215919495,0.2182929962873459,0.6756484508514404,0.3958728015422821,0.5035271644592285,0.2640402615070343,0.5878848433494568,0.8031070232391357,0.1933777630329132
714,714,train,24037,0.4027127027511596,0.4949977993965149,0.4068352282047272,0.4939485788345337,0.6802388429641724,0.2711748480796814,0.7410082817077637,0.2277498394250869,0.7856477499008179,0.2252137511968612,0.8827454447746277,0.1277292519807815,0.591515302658081,0.3498117327690124,0.4572072327136993,0.4517306685447693,0.3211601376533508,0.5565298199653625,0.7327767610549927,0.243705153465271,0.1785318553447723,0.6670942306518555,0.6471455097198486,0.2656817734241485
715,715,train,23092,0.7915685176849365,0.1765048652887344,0.638949453830719,0.3212294280529022,0.9265886545181274,0.1041166856884956,0.9269154667854308,0.1035912185907363,0.9257455468177797,0.1051484197378158,0.947195291519165,0.0778654366731643,0.8966819643974304,0.1266251355409622,0.878902792930603,0.1243910193443298,0.6035340428352356,0.3793881237506866,0.9268866777420044,0.1029211357235908,0.1715970933437347,0.6847984790802002,0.5290287733078003,0.3235354721546173
716,716,train,24054,0.3906819820404053,0.5141729116439819,0.3965449631214142,0.5085124969482422,0.6396887302398682,0.3136130273342132,0.718360960483551,0.2551946938037872,0.7761280536651611,0.2417093962430954,0.8807116746902466,0.1270263493061065,0.5664376020431519,0.3903021514415741,0.4301113188266754,0.49235999584198,0.3066106140613556,0.5671765208244324,0.7120147943496704,0.276463121175766,0.1905668973922729,0.6517446041107178,0.6789290308952332,0.2562880218029022
717,717,train,24632,0.3192557692527771,0.5762667059898376,0.3448651134967804,0.5573828220367432,0.4679025709629059,0.4111347794532776,0.5912401676177979,0.3021270036697387,0.7002972364425659,0.2603719532489776,0.8633548617362976,0.129972219467163,0.4502315521240234,0.4509056806564331,0.3464072942733764,0.5725951194763184,0.2636527419090271,0.6323586702346802,0.5967108011245728,0.3285452425479889,0.20668825507164,0.6472150683403015,0.7191715240478516,0.2360915392637252
718,718,train,23451,0.4561416804790497,0.4672639369964599,0.4261732399463653,0.4759513735771179,0.7508786916732788,0.2296938747167587,0.7878414988517761,0.2038996815681457,0.8087155222892761,0.2113909423351287,0.8905474543571472,0.124657042324543,0.6615059971809387,0.3100884556770324,0.5210920572280884,0.4150464236736297,0.358257919549942,0.538293719291687,0.7825842499732971,0.2226544022560119,0.1600738018751144,0.6885086894035339,0.5989194512367249,0.2897741198539734
719,719,train,24483,0.6277772188186646,0.3089301884174347,0.5333176255226135,0.3962068259716034,0.8694494962692261,0.1246663630008697,0.8765774965286255,0.1184805408120155,0.8691961169242859,0.1261487454175949,0.916629195213318,0.0908882394433021,0.7860682010650635,0.1751125752925872,0.7294382452964783,0.2097952514886856,0.4945990741252899,0.4496552348136902,0.8825454711914062,0.1200353652238845,0.1526288986206054,0.6957560181617737,0.537195086479187,0.3190370798110962
720,720,train,23505,0.7617777585983276,0.2086902856826782,0.6141499876976013,0.347978264093399,0.9234837889671326,0.1092117503285408,0.9235914349555968,0.1079118177294731,0.9208843111991882,0.1113587021827697,0.9446273446083068,0.0812856405973434,0.8860764503479004,0.1378624737262725,0.8575590252876282,0.1440943628549575,0.5814367532730103,0.3994332551956177,0.9225265979766846,0.1078573912382125,0.1625728011131286,0.6887108683586121,0.5278363823890686,0.3244062066078186
721,721,train,24425,0.2912603318691253,0.5913587808609009,0.322376400232315,0.5749284029006958,0.3718920946121216,0.4976468980312347,0.5199397206306458,0.3666141033172607,0.6873478293418884,0.2781683504581451,0.849223256111145,0.128813236951828,0.3833432793617248,0.5096250176429749,0.3187214732170105,0.5934678912162781,0.2379105538129806,0.6380817294120789,0.5072137713432312,0.4133960604667663,0.2347809225320816,0.615036129951477,0.7719240784645081,0.2024978548288345
722,722,train,23513,0.5556885004043579,0.3700635433197021,0.4963317513465881,0.421277791261673,0.8137704730033875,0.1472328752279281,0.8254894614219666,0.1364767253398895,0.827315092086792,0.145905315876007,0.8951129913330078,0.1049862504005432,0.7308389544487,0.2047998011112213,0.6555719375610352,0.271798312664032,0.432899922132492,0.4793162643909454,0.83460533618927,0.1421912461519241,0.1530978977680206,0.6921709179878235,0.5461626052856445,0.3120580315589905
723,723,train,23409,0.2555118799209595,0.6252601146697998,0.2540808320045471,0.6313924193382263,0.285698801279068,0.5731496810913086,0.393588662147522,0.458696573972702,0.6442652940750122,0.2990994453430176,0.8103635311126709,0.1426667422056198,0.3093173801898956,0.5829417705535889,0.2633590400218963,0.6504492163658142,0.2198269367218017,0.6858212947845459,0.342376172542572,0.5462039113044739,0.2755653858184814,0.5719969868659973,0.8078669309616089,0.2026225626468658
724,724,test,23773,0.3427184820175171,0.5381802320480347,0.3624868392944336,0.5335023999214172,0.5504188537597656,0.3443215191364288,0.6460452675819397,0.2618273794651031,0.7333860397338867,0.2379018366336822,0.862113893032074,0.1298273503780365,0.5052180886268616,0.4001083672046661,0.3804494440555572,0.5245885848999023,0.2778410613536834,0.5877593159675598,0.6577504277229309,0.2764256000518799,0.1941750198602676,0.6539562940597534,0.6837412118911743,0.2471444308757782
725,725,test,23149,0.2667427062988281,0.6244543194770813,0.2665787935256958,0.6319159865379333,0.3005888760089874,0.5677416324615479,0.3968833088874817,0.4606001377105713,0.6398663520812988,0.301222950220108,0.8174353837966919,0.1419765949249267,0.3149040341377258,0.5672914385795593,0.2785783410072326,0.6400183439254761,0.2250848263502121,0.6849616169929504,0.3506934940814972,0.5473229885101318,0.2745439708232879,0.5814929604530334,0.8122659921646118,0.205555260181427
726,726,train,24111,0.7411880493164062,0.2282481789588928,0.5920974612236023,0.3599182069301605,0.9164774417877196,0.1148730963468551,0.9191550612449646,0.1116325780749321,0.9133517742156982,0.1182938292622566,0.9429292678833008,0.0852159708738327,0.8710344433784485,0.1475535780191421,0.8373738527297974,0.1532783210277557,0.5702725648880005,0.4048822522163391,0.9192761182785034,0.1122018620371818,0.1630076318979263,0.6896722912788391,0.5324203372001648,0.3246950507164001
727,727,test,23055,0.2932935059070587,0.5824146866798401,0.3237349092960357,0.5663703680038452,0.3935588896274566,0.474506139755249,0.5286867022514343,0.3577727675437927,0.6560375094413757,0.2718243896961212,0.8552033305168152,0.1238318309187889,0.4021379947662353,0.4926135540008545,0.3165540993213653,0.5860479474067688,0.2382780760526657,0.6361321210861206,0.5341190695762634,0.3924552202224731,0.2292159348726272,0.6203750371932983,0.7584689855575562,0.2131370306015014
728,728,test,23806,0.3800022900104522,0.5149884819984436,0.3853230774402618,0.5162870287895203,0.6188480854034424,0.292086124420166,0.681236207485199,0.2437318861484527,0.7482490539550781,0.2302811294794082,0.8677389621734619,0.1315916776657104,0.5621446967124939,0.3614567816257477,0.4273652136325836,0.4818738400936126,0.3046571016311645,0.5706932544708252,0.6883223652839661,0.2568778991699219,0.1792645007371902,0.6685541272163391,0.6466668844223022,0.2667369544506073
729,729,train,24592,0.2852009236812591,0.6041539311408997,0.3116190135478973,0.5817993879318237,0.3710497319698334,0.4945429563522339,0.5210450291633606,0.3537209630012512,0.689132571220398,0.2686422765254974,0.8507318496704102,0.1287288814783096,0.3875256776809692,0.5060924291610718,0.310396134853363,0.606616199016571,0.2332360744476318,0.6465690732002258,0.5198349356651306,0.4004472494125366,0.231306716799736,0.62541663646698,0.7573004364967346,0.2142617255449295
730,730,train,23176,0.3655504882335663,0.543274462223053,0.3808537125587463,0.5308651924133301,0.5694752931594849,0.338657796382904,0.6746898889541626,0.2631246447563171,0.7505621910095215,0.2460591793060302,0.8764506578445435,0.1263128668069839,0.5210034847259521,0.3907965719699859,0.3992503583431244,0.5126605033874512,0.2907994091510772,0.6061784625053406,0.6728763580322266,0.283772200345993,0.1939767599105835,0.6671111583709717,0.6861404776573181,0.2560072839260101
731,731,train,24231,0.7034034132957458,0.2574799656867981,0.5824105739593506,0.3702386021614074,0.9103084802627563,0.1178552284836769,0.9141789078712464,0.1142641678452491,0.913298487663269,0.1178897470235824,0.9400575160980223,0.0864732190966606,0.8578650951385498,0.1533867865800857,0.8128822445869446,0.1673701256513595,0.5471770763397217,0.422919750213623,0.9177916049957277,0.1123219802975654,0.1601893454790115,0.6943723559379578,0.5309544801712036,0.3224231302738189
732,732,train,24072,0.2618466317653656,0.609295666217804,0.2646520435810089,0.617297887802124,0.3040136694908142,0.5541226267814636,0.4389245808124542,0.4215027987957001,0.6839507222175598,0.2879707813262939,0.8368678689002991,0.1263187527656555,0.3281969726085663,0.552136242389679,0.2710311412811279,0.6408543586730957,0.2174201607704162,0.678147554397583,0.3615037798881531,0.5254492163658142,0.2743926048278808,0.5702753067016602,0.8060410618782043,0.1948868334293365
733,733,train,23602,0.3900911808013916,0.4932369589805603,0.3914084136486053,0.5016577839851379,0.6637503504753113,0.2812449932098388,0.7274361848831177,0.2384369820356369,0.7770143151283264,0.2365317791700363,0.8742031455039978,0.1295236051082611,0.5746151208877563,0.3645738661289215,0.4302376210689544,0.468118816614151,0.3050849437713623,0.5422764420509338,0.7250561714172363,0.2585824429988861,0.1765076667070388,0.659984827041626,0.6442435383796692,0.2640465795993805
734,734,train,23526,0.2636708617210388,0.618937075138092,0.2603344321250915,0.6285380125045776,0.2966260910034179,0.5583779215812683,0.3950569033622741,0.4560762047767639,0.6525506377220154,0.3005609810352325,0.8277459144592285,0.1337597966194152,0.3135623335838318,0.5577653050422668,0.2697733044624328,0.633804976940155,0.2182446420192718,0.6821230053901672,0.3481598496437073,0.535090446472168,0.2787829935550689,0.5759869813919067,0.8098821640014648,0.2000406682491302
735,735,train,22974,0.3002065420150757,0.5841294527053833,0.3258498311042785,0.56905597448349,0.4134117364883423,0.4789283871650696,0.5754982233047485,0.350195437669754,0.7073315382003784,0.2712505161762237,0.8615861535072327,0.1245433762669563,0.4227681159973144,0.4950423240661621,0.3265362381935119,0.5926497578620911,0.2396006882190704,0.638855516910553,0.5640667676925659,0.3939048945903778,0.2278047204017639,0.623200535774231,0.7624349594116211,0.2125564813613891
736,736,train,23672,0.4600484371185303,0.4578266739845276,0.4413653910160064,0.4712956249713897,0.735909104347229,0.2032702714204788,0.761688232421875,0.1808924674987793,0.7850437164306641,0.1861233562231063,0.8794570565223694,0.1219779923558235,0.63897305727005,0.2877159118652344,0.524114727973938,0.3981850445270538,0.366628348827362,0.5311442017555237,0.7640906572341919,0.1965421885251999,0.1626274585723877,0.6868013143539429,0.5943676829338074,0.2862722277641296
737,737,train,23387,0.5728967189788818,0.3533802926540375,0.4953414797782898,0.4154036939144134,0.8360956907272339,0.1474612355232238,0.8439781665802002,0.1388681381940841,0.8383683562278748,0.1475720107555389,0.907465636730194,0.1035661622881889,0.7483645081520081,0.1983295977115631,0.6707337498664856,0.2480440288782119,0.4562332928180694,0.4687508046627044,0.8501914739608765,0.1428623050451278,0.1532920747995376,0.6956904530525208,0.5411802530288696,0.3139777481555938
738,738,train,23642,0.6482592821121216,0.3021488487720489,0.5481800436973572,0.3897047042846679,0.8904611468315125,0.1257877498865127,0.8940653800964355,0.1197324097156524,0.890995979309082,0.1245340853929519,0.9303227066993712,0.0915513038635253,0.8199571967124939,0.1736185699701309,0.7682731747627258,0.1992393732070922,0.5120037794113159,0.4412219226360321,0.9006150960922241,0.1191585063934326,0.1559088975191116,0.6963024735450745,0.5361846089363098,0.3212076425552368
739,739,train,23902,0.7444009780883789,0.2309981882572174,0.5981360673904419,0.3597436547279358,0.9143951535224916,0.1139062941074371,0.916348934173584,0.1104721575975418,0.9147919416427612,0.1132506281137466,0.9410035610198976,0.0848049893975257,0.8714982271194458,0.1473402678966522,0.838491678237915,0.1536726951599121,0.5701002478599548,0.407977283000946,0.9203360080718994,0.1087921783328056,0.1639448404312133,0.6911235451698303,0.53254234790802,0.3242006301879883
740,740,train,24210,0.256788969039917,0.6185287237167358,0.2645924985408783,0.6379469633102417,0.290492296218872,0.5670492053031921,0.3776026666164398,0.476169615983963,0.622869074344635,0.3119785785675049,0.8166125416755676,0.14536714553833,0.3118030726909637,0.575005829334259,0.2638244926929474,0.6447327136993408,0.2199711501598358,0.680733859539032,0.3283776342868805,0.5643541812896729,0.2804388403892517,0.5806050300598145,0.8115910291671753,0.2130527198314666
741,741,train,24270,0.2511534690856933,0.6255310773849487,0.2748091518878937,0.6093055605888367,0.3068148493766784,0.5538716912269592,0.4585067331790924,0.4084250628948211,0.6842408776283264,0.2829076647758484,0.8395374417304993,0.1253575682640075,0.3308847546577453,0.5571084022521973,0.2747780382633209,0.6335989236831665,0.2072838097810745,0.6724311113357544,0.4110025465488434,0.4907453060150146,0.2533953487873077,0.591977596282959,0.7965753078460693,0.1948616057634353
742,742,train,24229,0.8319178819656372,0.1562512516975402,0.6718772649765015,0.3020665943622589,0.9334455132484436,0.1002165451645851,0.9329361319541932,0.100546047091484,0.930984914302826,0.1021499782800674,0.9503476023674012,0.0767478570342063,0.908123791217804,0.1205327659845352,0.8956658244132996,0.1140384599566459,0.6353763937950134,0.3583270311355591,0.9320785403251648,0.1000576615333557,0.1830673068761825,0.6755083203315735,0.5326053500175476,0.3200017809867859
743,743,test,23353,0.5627365708351135,0.364221453666687,0.4931458532810211,0.4247024953365326,0.8512775301933289,0.1523581892251968,0.8583228588104248,0.1453773230314254,0.8432195782661438,0.1582795828580856,0.9089207649230956,0.1055024117231369,0.7457315921783447,0.2149708569049835,0.6594101190567017,0.2624813616275787,0.4514854252338409,0.4767247438430786,0.8558270335197449,0.148567795753479,0.151895135641098,0.6978004574775696,0.5376594066619873,0.3151790201663971
744,744,train,23319,0.35969939827919,0.5297349691390991,0.3796309232711792,0.5259782075881958,0.5553110241889954,0.3217630684375763,0.6256330609321594,0.2651817798614502,0.7129441499710083,0.2353623062372207,0.863979697227478,0.1339533329010009,0.513575553894043,0.3830048143863678,0.3970444798469543,0.5062198638916016,0.2952764332294464,0.5853402614593506,0.6388923525810242,0.2772792875766754,0.1914045065641403,0.6574192643165588,0.6733906865119934,0.2582821547985077
745,745,train,23185,0.2594577372074127,0.6196843981742859,0.2634216845035553,0.6330714225769043,0.2940710484981537,0.5677030086517334,0.3971831500530243,0.4703877866268158,0.6463543772697449,0.3069256544113159,0.8267555236816406,0.1336537152528762,0.3125842809677124,0.5751661658287048,0.2685714960098266,0.6431486010551453,0.2204786390066146,0.6849647164344788,0.340616762638092,0.5588611960411072,0.2806690037250519,0.574188232421875,0.8096522092819214,0.2104776352643966
746,746,test,23552,0.3631182014942169,0.529273509979248,0.3809182643890381,0.5234667062759399,0.6007004976272583,0.3164274394512176,0.6857342720031738,0.2495338022708892,0.7608076930046082,0.2367505431175232,0.8752983212471008,0.1298055052757263,0.5335962772369385,0.3874698579311371,0.4046311676502228,0.505185067653656,0.30007404088974,0.578419029712677,0.6861235499382019,0.2741987109184265,0.1877666115760803,0.6595684885978699,0.6659840941429138,0.2585037648677826
747,747,train,24546,0.253157377243042,0.6231260895729065,0.2586709856986999,0.6297377347946167,0.2918435633182525,0.561447024345398,0.4106137156486511,0.4456515908241272,0.6635685563087463,0.2923538982868194,0.8282039761543274,0.1322869211435318,0.310351014137268,0.5642775297164917,0.2661152184009552,0.6440514326095581,0.2143608778715133,0.687601625919342,0.3553279936313629,0.5347242951393127,0.2738448977470398,0.5762463212013245,0.8137420415878296,0.1984612494707107
748,748,train,23525,0.3364774584770202,0.5570789575576782,0.3325564563274383,0.5774618983268738,0.3580954074859619,0.5340120792388916,0.4070636332035064,0.488651841878891,0.5974549651145935,0.3817076086997986,0.539417564868927,0.359164297580719,0.3652493059635162,0.5444779992103577,0.3541272282600403,0.571357786655426,0.3163730800151825,0.6059036254882812,0.3691570162773132,0.5473182201385498,0.3080663383007049,0.5595779418945312,0.587814450263977,0.3202247321605682
749,749,train,23361,0.3186582624912262,0.5580847859382629,0.3431760668754577,0.5436919331550598,0.4799274206161499,0.3824812173843384,0.600816011428833,0.2866258323192596,0.715234100818634,0.2514562904834747,0.861985981464386,0.131853312253952,0.4593272507190704,0.4253287613391876,0.346253365278244,0.5496134757995605,0.2562882602214813,0.6030188798904419,0.6121791005134583,0.3077499568462372,0.2013652622699737,0.6440579891204834,0.7180288434028625,0.2361819297075271
750,750,train,23871,0.3966274857521057,0.5017407536506653,0.3945707082748413,0.5010420083999634,0.6549484133720398,0.2533656358718872,0.7163249850273132,0.2196655720472335,0.7686461806297302,0.2169422656297683,0.878380298614502,0.1272442787885666,0.5596038699150085,0.3403624892234802,0.4288754463195801,0.4499736130237579,0.3200100064277649,0.5615174174308777,0.7142611742019653,0.2371589541435241,0.1653516739606857,0.6813895106315613,0.6210381984710693,0.2782520055770874
751,751,test,23330,0.4227940738201141,0.48945152759552,0.418058842420578,0.4890423417091369,0.6804147362709045,0.2599520981311798,0.7237647175788879,0.2298659086227417,0.7636516690254211,0.2281475365161895,0.8753809928894043,0.1377953290939331,0.5916478633880615,0.3434922397136688,0.4680875241756439,0.4494766592979431,0.3260982930660248,0.552250325679779,0.7189796566963196,0.2430219650268554,0.1700579077005386,0.6707488894462585,0.6290866136550903,0.2732746601104736
752,752,train,23921,0.6471693515777588,0.3065603077411651,0.5390631556510925,0.3990536034107208,0.8944573402404785,0.131587952375412,0.8994290828704834,0.1260838657617569,0.8901041746139526,0.1344006657600402,0.9312546849250792,0.093214027583599,0.8241420984268188,0.1823184937238693,0.7559150457382202,0.2103789001703262,0.5006760954856873,0.4508780241012573,0.8973591923713684,0.1275449246168136,0.1506175696849823,0.700394868850708,0.534644365310669,0.3216159343719482
753,753,train,24337,0.2588774859905243,0.6231042146682739,0.2736616730690002,0.6224509477615356,0.3025408983230591,0.5561127662658691,0.423390120267868,0.4357321858406067,0.6717113256454468,0.2874022126197815,0.8321223855018616,0.127314805984497,0.3256987929344177,0.5605109333992004,0.2716696560382843,0.6413244009017944,0.2147428393363952,0.6832804679870605,0.3655472099781036,0.5195213556289673,0.2712034285068512,0.5828341245651245,0.801896333694458,0.1957800686359405
754,754,train,24423,0.3137457072734833,0.5619723796844482,0.3424049019813537,0.5516408085823059,0.4356208145618438,0.4294652342796325,0.5778352618217468,0.3080460727214813,0.7015494704246521,0.2534791529178619,0.8643454313278198,0.1231302395462989,0.4412777125835418,0.4518731236457824,0.3373626172542572,0.5675706267356873,0.2509910464286804,0.6204036474227905,0.5702505707740784,0.3480012416839599,0.2207349091768264,0.6190903186798096,0.7585201859474182,0.2131061255931854
755,755,train,23023,0.2691125869750976,0.6114376783370972,0.2980367243289947,0.5872172713279724,0.3380888104438782,0.5225341320037842,0.5035465359687805,0.38330939412117,0.6864222288131714,0.2763514816761017,0.8410496115684509,0.1298563331365585,0.3660808801651001,0.526993989944458,0.2983861565589905,0.6078164577484131,0.2209998071193695,0.6516556143760681,0.4772388041019439,0.4343822598457336,0.2387808412313461,0.6133620738983154,0.7788907885551453,0.2020924687385559
756,756,test,23221,0.5076773166656494,0.4263381958007812,0.4630529582500458,0.4543784260749817,0.7864070534706116,0.196378692984581,0.8099175095558167,0.1798760443925857,0.8186665773391724,0.1929138749837875,0.8966587781906128,0.126209482550621,0.69107985496521,0.2731785774230957,0.5816141366958618,0.3614921569824219,0.3935699462890625,0.5128426551818848,0.8107268214225769,0.1897509843111038,0.1535005271434784,0.6984895467758179,0.5715532302856445,0.3042571544647217
757,757,train,24281,0.3578271865844726,0.5213478803634644,0.3711735308170318,0.5203717947006226,0.5621065497398376,0.3316583335399627,0.6534290909767151,0.2624900937080383,0.7420858144760132,0.2410971522331237,0.8701658248901367,0.127418652176857,0.521676778793335,0.383622944355011,0.390464574098587,0.5015233159065247,0.2856960892677307,0.5798588395118713,0.6612138152122498,0.2791841924190521,0.1891572475433349,0.660024881362915,0.6886242032051086,0.2455123215913772
758,758,train,23363,0.5183269381523132,0.3921914100646972,0.4710775017738342,0.4337175786495209,0.8040763139724731,0.157823160290718,0.8163589835166931,0.1479170769453048,0.8260478973388672,0.157543197274208,0.8958619236946106,0.110376238822937,0.7008700370788574,0.2248018980026245,0.6104308366775513,0.3005461394786834,0.4131980240345001,0.4911983013153076,0.8240441679954529,0.1544082164764404,0.1561128348112106,0.6929831504821777,0.5582136511802673,0.3052792251110077
759,759,train,23674,0.4270188808441162,0.461822360754013,0.4200503826141357,0.4782826006412506,0.6896039843559265,0.2270481437444687,0.7297459840774536,0.199996680021286,0.7599675059318542,0.2040984779596328,0.8747468590736389,0.1245560050010681,0.5962842702865601,0.3113621473312378,0.4739079773426056,0.4276345670223236,0.3434049487113952,0.5467831492424011,0.7192574739456177,0.2182792276144027,0.1643518954515457,0.6871030330657959,0.6094781756401062,0.2833118140697479
760,760,test,24034,0.5775099396705627,0.3651721775531769,0.5058866143226624,0.4198456406593323,0.8518710136413574,0.145680084824562,0.8615039587020874,0.1343431919813156,0.8574023246765137,0.1427677869796753,0.9109129905700684,0.1013780012726783,0.7665705680847168,0.2093852907419204,0.6712468266487122,0.2694677114486694,0.45293128490448,0.4778096675872803,0.8636612892150879,0.1394571363925933,0.1524967402219772,0.6962628960609436,0.548041045665741,0.3116358518600464
761,761,test,23247,0.8330451250076294,0.1532558351755142,0.6716870069503784,0.3031989932060241,0.9322844743728638,0.1007134839892387,0.9311484098434448,0.1011845469474792,0.9298492670059204,0.1027123779058456,0.9497667551040648,0.0765344426035881,0.907598614692688,0.1203945949673652,0.8984070420265198,0.1125479117035865,0.6366434097290039,0.3612717986106872,0.930425465106964,0.1012138724327087,0.1827279180288314,0.6780046820640564,0.5321336984634399,0.3200403749942779
762,762,train,23913,0.414964497089386,0.4713904559612274,0.4044239223003387,0.4870937764644623,0.6661503911018372,0.2350656688213348,0.7070149779319763,0.2031937390565872,0.7664117217063904,0.1993534862995147,0.877423107624054,0.1246318221092224,0.5900818109512329,0.3114807605743408,0.4663689434528351,0.4257973432540893,0.3279584050178528,0.5378508567810059,0.7175399661064148,0.2176142483949661,0.1723388284444809,0.6735273599624634,0.6134662628173828,0.2799782752990722
763,763,train,23498,0.46768918633461,0.4531739056110382,0.4480934143066406,0.4650820195674896,0.7401202917098999,0.2148367762565612,0.7674130201339722,0.1935764551162719,0.7963418960571289,0.1957669407129287,0.8832376599311829,0.128001183271408,0.6523515582084656,0.2923705279827118,0.5397424697875977,0.3893545567989349,0.3731599748134613,0.5208849906921387,0.7719573378562927,0.2053182274103164,0.1635638326406479,0.6843458414077759,0.5883323550224304,0.2909784018993377
764,764,train,23539,0.3391522467136383,0.5356546640396118,0.3614009916782379,0.533374547958374,0.5148769617080688,0.3563368320465088,0.6069774627685547,0.2666680812835693,0.7078535556793213,0.236760601401329,0.8644098043441772,0.1262294501066208,0.4847337305545807,0.4010142087936401,0.3717331290245056,0.526689887046814,0.2750444412231445,0.6079307794570923,0.6155379414558411,0.2938885688781738,0.2016498744487762,0.6491597890853882,0.7234916687011719,0.235120490193367
765,765,test,23787,0.34091717004776,0.5513285994529724,0.3618869185447693,0.5367931127548218,0.5509183406829834,0.3686847686767578,0.6638284921646118,0.2691790163516998,0.7440467476844788,0.24423848092556,0.8745090961456299,0.1230533942580223,0.5143481492996216,0.4194595515727997,0.37580206990242,0.5456593036651611,0.2733659148216247,0.6041182279586792,0.6652559041976929,0.2935910224914551,0.200608804821968,0.645219087600708,0.7145727276802063,0.2372818738222122
766,766,train,24368,0.6681075692176819,0.2895309925079345,0.5693076252937317,0.3807200491428375,0.8920624256134033,0.1300279051065445,0.8969591856002808,0.1242825984954834,0.8957281708717346,0.1270705908536911,0.9276036024093628,0.0943765789270401,0.8307985067367554,0.1731436550617218,0.7823352217674255,0.1998621970415115,0.5231696367263794,0.435971736907959,0.9002317786216736,0.1237027496099472,0.1545580774545669,0.695837140083313,0.5279677510261536,0.325831800699234
767,767,train,24561,0.5199941396713257,0.3987545371055603,0.4755673110485077,0.4397501647472381,0.7993475794792175,0.1669294983148574,0.8147292733192444,0.1533498913049698,0.8180761933326721,0.1617263108491897,0.9006123542785645,0.1079727783799171,0.7039070129394531,0.2333335429430008,0.5966563820838928,0.3235794603824615,0.4081026017665863,0.5091166496276855,0.8174676895141602,0.1627586781978607,0.1553462892770767,0.6973521709442139,0.5595479607582092,0.3048802316188812
768,768,train,23202,0.2656271755695343,0.617444634437561,0.2765027284622192,0.6338655948638916,0.3036389350891113,0.5561860203742981,0.3893972039222717,0.4711023271083832,0.6435072422027588,0.3064027726650238,0.8198944926261902,0.1423607170581817,0.3218530714511871,0.565004289150238,0.2780591547489166,0.6380184888839722,0.2393448501825332,0.6759060025215149,0.3511595726013183,0.5451509952545166,0.2808629870414734,0.5790610313415527,0.8069719076156616,0.2117386609315872
769,769,train,23187,0.4144711792469024,0.4940202534198761,0.4127494692802429,0.4933059811592102,0.6747891902923584,0.2360449731349945,0.7144152522087097,0.2088054567575454,0.7595720887184143,0.2118731290102005,0.8672643899917603,0.1317426711320877,0.5967077612876892,0.3258705735206604,0.4661979377269745,0.446740448474884,0.3376321196556091,0.5530477166175842,0.7207005023956299,0.2230288684368133,0.1714914888143539,0.6763350367546082,0.6104979515075684,0.2817941009998321
770,770,test,23269,0.6314787268638611,0.3313938677310943,0.5352145433425903,0.4035664200782776,0.8825759291648865,0.1406546831130981,0.8906828761100769,0.1332156807184219,0.8852462768554688,0.1391846984624862,0.926206111907959,0.1003660410642623,0.8108126521110535,0.1920675337314605,0.7417530417442322,0.2303784936666488,0.4912871420383453,0.4558107554912567,0.8915784955024719,0.1339273452758789,0.1532910615205764,0.6994483470916748,0.5417411923408508,0.3181461691856384
771,771,train,23532,0.2824866473674774,0.5991425514221191,0.2824323773384094,0.6238150596618652,0.3060276508331299,0.5767454504966736,0.3897646367549896,0.4856533110141754,0.652382493019104,0.330707311630249,0.7870673537254333,0.1771799921989441,0.33229860663414,0.5666466951370239,0.2885399758815765,0.6319245100021362,0.2487353384494781,0.6648056507110596,0.3381754755973816,0.573038637638092,0.2869056463241577,0.5736043453216553,0.7696168422698975,0.2393225878477096
772,772,train,23943,0.3377566635608673,0.5494499206542969,0.3583830296993255,0.5379927754402161,0.5251803398132324,0.3635150790214538,0.6196743249893188,0.2787349820137024,0.7048604488372803,0.2461403310298919,0.8592032790184021,0.1278343200683593,0.4973559975624084,0.4090034365653991,0.3752884864807129,0.5349688529968262,0.2731606960296631,0.6118621826171875,0.6251197457313538,0.2953352630138397,0.1999385207891464,0.652479887008667,0.7025789618492126,0.2400317043066024
773,773,train,23557,0.3166039586067199,0.5527034401893616,0.3414214253425598,0.5425943732261658,0.4766749739646911,0.3996002078056335,0.6089820861816406,0.2921503484249115,0.7263951301574707,0.2553727328777313,0.8583793044090271,0.130565732717514,0.4634619653224945,0.4393396079540252,0.3462357819080353,0.5473923087120056,0.251355767250061,0.5925219655036926,0.6206388473510742,0.3171894252300262,0.2044214159250259,0.6365762948989868,0.7201259732246399,0.2312491238117218
774,774,test,23370,0.5250121355056763,0.4090454578399658,0.4775140583515167,0.4439910054206848,0.8286152482032776,0.1648689955472946,0.8394362926483154,0.1518216431140899,0.8402972221374512,0.1640776246786117,0.9024133682250975,0.1109057590365409,0.7312045097351074,0.2404969930648803,0.622859537601471,0.3192775845527649,0.416400671005249,0.4952477812767029,0.8382328152656555,0.1628187894821167,0.1537541300058365,0.6913203001022339,0.5554746985435486,0.303465873003006
775,775,train,23745,0.3482482433319092,0.5297118425369263,0.3667738735675812,0.526846706867218,0.535484254360199,0.3371793925762176,0.6219830513000488,0.2691526114940643,0.7267221212387085,0.2453993558883667,0.8614683151245117,0.1354886144399643,0.4959323108196258,0.3913294374942779,0.383944422006607,0.5121740102767944,0.2845823168754577,0.5881367921829224,0.630558431148529,0.2856087982654571,0.1923157423734665,0.6601468324661255,0.6872836947441101,0.2494323700666427
776,776,train,24268,0.2795488238334656,0.6133973002433777,0.3130379319190979,0.5893996953964233,0.3487974405288696,0.527538001537323,0.5040631294250488,0.3766522109508514,0.6973411440849304,0.2790385782718658,0.8468208909034729,0.1274526566267013,0.364522635936737,0.5318508744239807,0.3003863394260406,0.6157055497169495,0.2285332977771759,0.6602653861045837,0.4886375665664673,0.4326197504997253,0.2356965243816375,0.6139642000198364,0.7734004259109497,0.2053721100091934
777,777,train,24304,0.7523136138916016,0.213456705212593,0.611611545085907,0.3491520583629608,0.9166886806488036,0.1109165474772453,0.9180534482002258,0.1081110388040542,0.915743887424469,0.110396534204483,0.9424362182617188,0.0812031552195549,0.8721102476119995,0.1438434720039367,0.8422447443008423,0.1486159563064575,0.5665456652641296,0.4101726412773132,0.9188107252120972,0.106438897550106,0.1651597321033477,0.6892654299736023,0.5275667905807495,0.3269190490245819
778,778,train,24035,0.5797616839408875,0.3478640615940094,0.5100449919700623,0.4115853309631347,0.8560704588890076,0.1385392099618911,0.8600557446479797,0.1321241408586502,0.8557774424552917,0.1392605602741241,0.9132495522499084,0.0987205579876899,0.7577157616615295,0.1973409354686737,0.6791531443595886,0.2455369532108307,0.4713537991046905,0.4644776284694671,0.86757493019104,0.1336937695741653,0.1542158871889114,0.6972973346710205,0.5395259857177734,0.31490358710289
779,779,train,23272,0.2771967947483063,0.6035493612289429,0.3054137825965881,0.5846776962280273,0.3484100103378296,0.5168169736862183,0.4921942353248596,0.3826615810394287,0.6730726361274719,0.2783796489238739,0.8393707871437073,0.1333881914615631,0.3674150705337524,0.521277666091919,0.2956785559654236,0.6038612723350525,0.226792961359024,0.6498298645019531,0.4762861132621765,0.4364680051803589,0.2384059429168701,0.6119101643562317,0.7770125865936279,0.2023896723985672
780,780,test,24170,0.6449036598205566,0.3097144663333893,0.5407224297523499,0.396149069070816,0.8920226693153381,0.1320101916790008,0.8968176245689392,0.1265410631895065,0.8876233696937561,0.1352436989545822,0.928742527961731,0.095602348446846,0.8224883675575256,0.1832817196846008,0.7528649568557739,0.2132203727960586,0.5027793049812317,0.4472108781337738,0.8949818015098572,0.1272958368062973,0.1526239812374115,0.6963618993759155,0.534848153591156,0.3226224184036255
781,781,test,23593,0.3560168147087097,0.5246573686599731,0.3753466010093689,0.5201427340507507,0.5613590478897095,0.3202157318592071,0.6363517045974731,0.2539945542812347,0.708159327507019,0.2341184914112091,0.8573921322822571,0.1302230060100555,0.5055724382400513,0.3785481750965118,0.3944374322891235,0.502988874912262,0.294114351272583,0.5930743217468262,0.636087954044342,0.271164208650589,0.1953315734863281,0.6567782163619995,0.6908963322639465,0.2487291097640991
782,782,train,23920,0.4959297478199005,0.4080213010311126,0.4598991274833679,0.4473406672477722,0.7767428159713745,0.1723737120628357,0.7964850068092346,0.1582245528697967,0.796463131904602,0.1681548953056335,0.891269862651825,0.1128803193569183,0.668298602104187,0.2440672814846038,0.560287356376648,0.3436781764030456,0.3951473832130432,0.51130610704422,0.789762020111084,0.1712355315685272,0.1561972647905349,0.6937134861946106,0.5649276375770569,0.3010506927967071
783,783,train,23536,0.3018089830875397,0.5806105136871338,0.3302868902683258,0.5644853711128235,0.4491196274757385,0.4296801686286926,0.5848287343978882,0.317579060792923,0.6939588785171509,0.2672942280769348,0.8612695932388306,0.1281713545322418,0.444509357213974,0.46232470870018,0.3371791243553161,0.5710158944129944,0.2479760199785232,0.6371262073516846,0.5794245004653931,0.3528315424919128,0.2181226909160614,0.6340729594230652,0.7458590269088745,0.2244574278593063
784,784,train,23028,0.2663015127182007,0.6147465705871582,0.2942804098129272,0.5935083627700806,0.3221062421798706,0.5300361514091492,0.4656785130500793,0.3966956436634063,0.6743119955062866,0.2791064381599426,0.8443188071250916,0.1258574724197387,0.3429387509822845,0.5395320653915405,0.2861811816692352,0.617350161075592,0.2188045084476471,0.6616824865341187,0.4417517483234405,0.4582708775997162,0.2454131692647934,0.6059630513191223,0.7814708352088928,0.2003402560949325
785,785,train,23729,0.3277946710586548,0.5696397423744202,0.3499455451965332,0.5522720813751221,0.5138534307479858,0.4067597091197967,0.634189248085022,0.3023608326911926,0.7328346967697144,0.2606907486915588,0.8701392412185669,0.1292642503976822,0.4833927750587463,0.4552746415138244,0.3691694438457489,0.5668556094169617,0.2626425325870514,0.6213310360908508,0.6313138008117676,0.3335181474685669,0.2083980143070221,0.642283022403717,0.7251303791999817,0.2325404435396194
786,786,train,23019,0.7141826748847961,0.2428666353225708,0.5758074522018433,0.3723365664482116,0.9151465892791748,0.1158204451203346,0.9175392389297484,0.112225592136383,0.912927508354187,0.1186447888612747,0.940597414970398,0.0854313522577285,0.8649792075157166,0.154028445482254,0.8169927597045898,0.1630503237247467,0.5520954132080078,0.4192569553852081,0.917448341846466,0.1128804683685302,0.1584691256284713,0.693744421005249,0.5295654535293579,0.32595095038414
787,787,train,22961,0.2501081228256225,0.6275514364242554,0.2624596059322357,0.6288496255874634,0.2856225967407226,0.5707617402076721,0.4062214493751526,0.4535437822341919,0.6527409553527832,0.2961218953132629,0.8374898433685303,0.1284792274236679,0.3069823682308197,0.575505256652832,0.2650132179260254,0.649088442325592,0.2145818769931793,0.6896032094955444,0.3444541394710541,0.5432258248329163,0.2711549997329712,0.5813257694244385,0.8072666525840759,0.199775829911232
788,788,test,24216,0.3505526483058929,0.5418611764907837,0.3696367740631103,0.5318447351455688,0.547101616859436,0.3332616984844208,0.6331927180290222,0.2644400894641876,0.7235607504844666,0.2431983649730682,0.8693874478340149,0.1309791356325149,0.4957796633243561,0.3984591066837311,0.3817169964313507,0.520744800567627,0.2846018373966217,0.6022648215293884,0.6407690644264221,0.2807344496250152,0.1876940131187439,0.6690002679824829,0.6772505044937134,0.2562686204910278
789,789,train,24369,0.2723116874694824,0.6043363809585571,0.3010236620903015,0.5844992995262146,0.342186689376831,0.5102976560592651,0.5100927352905273,0.36553955078125,0.6979420185089111,0.2736077904701233,0.850304901599884,0.1250556111335754,0.3627828061580658,0.5165320634841919,0.2917414009571075,0.6077796220779419,0.2233623713254928,0.6522228717803955,0.4798348546028137,0.4279239177703857,0.2357269376516342,0.6122002005577087,0.7759563326835632,0.201362058520317
790,790,train,24032,0.3127379417419433,0.5675153136253357,0.3371526300907135,0.5526818037033081,0.4551725089550018,0.4166712164878845,0.5979881882667542,0.2995626330375671,0.720389187335968,0.2549889087677002,0.8571149706840515,0.1280533373355865,0.4497713446617126,0.4418469369411468,0.3427575826644897,0.5604757070541382,0.2523432672023773,0.6150770783424377,0.603223979473114,0.3259251415729522,0.2098555862903595,0.6372999548912048,0.7314565777778625,0.2271369695663452
791,791,train,24120,0.81755131483078,0.1676243245601654,0.6563780307769775,0.3146702647209167,0.9300776124000548,0.1020144298672676,0.92956280708313,0.101962000131607,0.9277823567390442,0.1034359261393547,0.9483599662780762,0.0769877880811691,0.9026228189468384,0.1229633390903472,0.888954758644104,0.1194506213068962,0.6218253374099731,0.3711464703083038,0.928769826889038,0.101939707994461,0.1754190474748611,0.679232120513916,0.5300825834274292,0.3217361569404602
792,792,train,24094,0.3136897683143616,0.5722687840461731,0.3415341079235077,0.5552071332931519,0.4402771592140198,0.4475846290588379,0.5975841879844666,0.3285746872425079,0.7300571799278259,0.264644980430603,0.8640843033790588,0.1227345243096351,0.4416704475879669,0.4727931022644043,0.3405041694641113,0.5683454871177673,0.2517982125282287,0.6123735904693604,0.5965545177459717,0.3631231486797333,0.2212032526731491,0.6211101412773132,0.7543770670890808,0.2174521088600158
793,793,train,23737,0.4199466407299042,0.4791687428951263,0.4130217432975769,0.4881878495216369,0.68776535987854,0.2525564134120941,0.7234959602355957,0.2225546389818191,0.758177638053894,0.2253205329179763,0.8709847927093506,0.1351775079965591,0.6053392887115479,0.3374499082565307,0.4762295484542846,0.442782998085022,0.3332292735576629,0.5432947874069214,0.7196363210678101,0.2429629862308502,0.1689185798168182,0.6738258004188538,0.6162550449371338,0.2781304121017456
794,794,train,23983,0.3606575727462768,0.5147038698196411,0.370576411485672,0.5111355781555176,0.6136993765830994,0.2948772013187408,0.6747362613677979,0.2456142753362655,0.7499256134033203,0.2338305860757827,0.8712978959083557,0.1317607313394546,0.5382436513900757,0.366005539894104,0.3992373049259186,0.4887607097625732,0.2899654805660248,0.5682079792022705,0.6914993524551392,0.2655136883258819,0.1821495443582534,0.660873532295227,0.6569891571998596,0.2589827179908752
795,795,train,23605,0.2514474093914032,0.6294187307357788,0.2796500623226166,0.6095700263977051,0.3048497438430786,0.5544545650482178,0.4531253576278686,0.410849392414093,0.6763060688972473,0.2825439274311065,0.8390641212463379,0.1259435415267944,0.3308682739734649,0.5523339509963989,0.2711552381515503,0.6348235607147217,0.2086734175682068,0.6738172769546509,0.3998017311096191,0.4933952987194061,0.2494841814041137,0.596562922000885,0.7978402376174927,0.1928898990154266
796,796,train,24667,0.2826921045780182,0.5902820229530334,0.3105001151561737,0.5729397535324097,0.3686011135578155,0.4871015846729278,0.5285638570785522,0.3525513410568237,0.6864904165267944,0.2764276266098022,0.8567189574241638,0.12518110871315,0.3846789002418518,0.4986602365970611,0.3052204847335815,0.5989270210266113,0.2320098578929901,0.6453061103820801,0.5060160756111145,0.4068005383014679,0.2361087054014206,0.6111566424369812,0.7774154543876648,0.2062525153160095
797,797,train,24212,0.4315796792507171,0.4679340720176697,0.4213162958621979,0.4778887033462524,0.7129596471786499,0.2242493331432342,0.7488648295402527,0.1982621699571609,0.7885648608207703,0.2056239396333694,0.8822900056838989,0.125073492527008,0.6293425559997559,0.3137084543704986,0.5059828162193298,0.4155700802803039,0.3418906033039093,0.5335007309913635,0.7494380474090576,0.2149101346731186,0.1684389561414718,0.6773126721382141,0.6032514572143555,0.283096045255661
798,798,train,24735,0.3611172437667846,0.518716037273407,0.3746815323829651,0.5199989080429077,0.5996211767196655,0.2999966442584991,0.6968056559562683,0.2334961295127868,0.7648799419403076,0.2299868315458297,0.8711632490158081,0.1242577359080314,0.5453880429267883,0.3758144974708557,0.3975854516029358,0.4978288412094116,0.2875174582004547,0.577398419380188,0.6909275650978088,0.2535019814968109,0.1827237904071808,0.661914050579071,0.6778897047042847,0.2492604106664657
799,799,train,24207,0.275105208158493,0.5835790038108826,0.3057520687580108,0.5674840807914734,0.3672423958778381,0.4816481173038482,0.5266225337982178,0.3497406244277954,0.7108766436576843,0.262838065624237,0.852112352848053,0.1199954971671104,0.3733777403831482,0.4994238615036011,0.2972147762775421,0.5884765386581421,0.2208803445100784,0.6280916333198547,0.521501898765564,0.3985373675823211,0.23477603495121,0.6053106188774109,0.771923303604126,0.2005318254232406
800,800,test,23064,0.3023260235786438,0.5647087097167969,0.3356016278266907,0.5522608757019043,0.425581157207489,0.4229811131954193,0.5587932467460632,0.3126454651355743,0.7093340754508972,0.2635026574134826,0.8537121415138245,0.1308114379644394,0.422591894865036,0.449939876794815,0.3292395770549774,0.5594025254249573,0.2485836446285247,0.6129559874534607,0.5695582628250122,0.3415899574756622,0.2147521078586578,0.6322482824325562,0.7356761693954468,0.2233757376670837
801,801,train,24435,0.308005154132843,0.5944958329200745,0.3343056142330169,0.5695178508758545,0.420285552740097,0.4909007251262665,0.5762180685997009,0.349941074848175,0.7249638438224792,0.2711496949195862,0.8502936959266663,0.1283397674560547,0.419629693031311,0.5068762898445129,0.3295091688632965,0.5935000777244568,0.247101828455925,0.6363428235054016,0.5650199055671692,0.3979002237319946,0.234178826212883,0.6132073402404785,0.7653519511222839,0.2088101953268051
802,802,train,24400,0.3336614966392517,0.5497414469718933,0.3534837663173675,0.5374087691307068,0.5332353711128235,0.3698506355285644,0.6703391671180725,0.2684145271778106,0.7558068037033081,0.2507936358451843,0.8750737309455872,0.123458981513977,0.4997962415218353,0.4177054166793823,0.3618149161338806,0.538134753704071,0.257926732301712,0.5947907567024231,0.6681309342384338,0.2926448881626129,0.1958907693624496,0.6418946385383606,0.7133021354675293,0.2366002798080444
803,803,train,23530,0.6010159850120544,0.3262480795383453,0.5166494250297546,0.4016775786876678,0.8578900098800659,0.1377670168876648,0.8656043410301208,0.1294369101524353,0.8605813384056091,0.1371523737907409,0.9124797582626344,0.0991456434130668,0.778843879699707,0.1855882108211517,0.7163305878639221,0.2285012453794479,0.4624556005001068,0.45734503865242,0.8667011260986328,0.1323795467615127,0.149357259273529,0.6972745656967163,0.5349552631378174,0.3164162337779999
804,804,train,23212,0.6873452663421631,0.2624126076698303,0.5785331130027771,0.3712025880813598,0.8947427868843079,0.118007056415081,0.8965917229652405,0.1139395162463188,0.8947476148605347,0.1150987669825553,0.9305313229560852,0.086714282631874,0.8387516736984253,0.1520037353038787,0.7968825697898865,0.1729606539011001,0.5275054574012756,0.4307622015476227,0.9028355479240416,0.1119967401027679,0.1588382124900818,0.6920704245567322,0.5296199917793274,0.3246006667613983
805,805,train,24004,0.3259287774562835,0.5628265142440796,0.3520477414131164,0.5516752004623413,0.4887144863605499,0.4016201198101043,0.6108458638191223,0.2960981726646423,0.7195169925689697,0.2495380192995071,0.8661331534385681,0.1291923969984054,0.4586888551712036,0.4393545985221863,0.3519764840602875,0.5565654039382935,0.2641263008117676,0.6159917116165161,0.6192811727523804,0.319014698266983,0.2113879919052124,0.6399176120758057,0.7245852947235107,0.2293499857187271
806,806,train,23059,0.300138920545578,0.567213237285614,0.3286518156528473,0.5533080697059631,0.4250138401985168,0.4523410201072693,0.5825523138046265,0.3301713764667511,0.7269918918609619,0.2724955976009369,0.8549990653991699,0.127690851688385,0.420904278755188,0.4750118255615234,0.3297829031944275,0.5618190765380859,0.2438040524721145,0.6091892719268799,0.592650294303894,0.3663497865200043,0.2190721184015274,0.626379132270813,0.7473779320716858,0.2163168936967849
807,807,train,24260,0.7151525616645813,0.2440903186798095,0.5833156704902649,0.3679445087909698,0.9082612991333008,0.1144114881753921,0.9109891057014464,0.1102889701724052,0.9066962003707886,0.1120065972208976,0.9384772777557372,0.0849111750721931,0.860376238822937,0.1483033746480941,0.8210727572441101,0.159371331334114,0.5528828501701355,0.4178425073623657,0.9144240617752076,0.1090223267674446,0.1599281430244445,0.6930269002914429,0.5296105146408081,0.3239705562591553
808,808,test,23912,0.7445381879806519,0.2297696769237518,0.6144515872001648,0.3495711088180542,0.9167893528938292,0.113503523170948,0.9189113974571228,0.1105073764920234,0.9183968305587769,0.1122546568512916,0.9426956176757812,0.0844546183943748,0.874146044254303,0.1464755982160568,0.8446071743965149,0.1567116826772689,0.5719143748283386,0.4054769575595855,0.9211767911911012,0.1082063466310501,0.1663588583469391,0.6890482902526855,0.5350226163864136,0.3234263062477112
809,809,train,23981,0.3646925985813141,0.5258617997169495,0.3790106773376465,0.521848201751709,0.5674809813499451,0.3089023232460022,0.6277197599411011,0.2549100518226623,0.7179774641990662,0.2380130738019943,0.863368570804596,0.1380027830600738,0.5175061821937561,0.3739327192306518,0.4004526734352112,0.4980631172657013,0.2984410226345062,0.5853050947189331,0.6398395299911499,0.2733240723609924,0.1839160174131393,0.6670793890953064,0.6641483306884766,0.2605766355991363
810,810,test,24526,0.3256345987319946,0.5456902384757996,0.3472038507461548,0.5367100238800049,0.507719874382019,0.3827771246433258,0.6229747533798218,0.2887771725654602,0.7397236824035645,0.2528699040412903,0.8640983700752258,0.1277263611555099,0.4750019609928131,0.4272333979606628,0.3531060218811035,0.5351144671440125,0.2552579343318939,0.5879275798797607,0.6380637884140015,0.3153204619884491,0.2015603184700012,0.635673463344574,0.7105081677436829,0.2303315848112106
811,811,train,24585,0.2841934561729431,0.6002499461174011,0.31571826338768,0.576944887638092,0.3761593699455261,0.4954772293567657,0.5383601188659668,0.3501493036746979,0.6944898366928101,0.2715908586978912,0.8530216217041016,0.1265946328639984,0.3960764408111572,0.5018312931060791,0.3100506365299225,0.6030648350715637,0.2316631823778152,0.6407222747802734,0.5249295830726624,0.399792730808258,0.2246936559677124,0.6237818002700806,0.7655698657035828,0.20864999294281
812,812,test,24289,0.7434727549552917,0.2313645929098129,0.5951816439628601,0.3643284142017364,0.9219642877578736,0.1123537644743919,0.922744870185852,0.1102040484547615,0.920429527759552,0.116508699953556,0.9445754289627076,0.0846294909715652,0.877486526966095,0.1485991179943084,0.8468774557113647,0.1520918309688568,0.5697186589241028,0.4138721525669098,0.9232720732688904,0.1106896996498107,0.16178759932518,0.6945996880531311,0.5355695486068726,0.3231431841850281
813,813,test,23343,0.259687215089798,0.6215161085128784,0.263473242521286,0.6271761059761047,0.297666996717453,0.5660999417304993,0.4227254092693329,0.4474305212497711,0.6462644338607788,0.3036940693855285,0.8408799171447754,0.1251918524503708,0.3203617036342621,0.5661293268203735,0.2699171900749206,0.6482723355293274,0.2204263508319854,0.6908930540084839,0.3624734282493591,0.5270004868507385,0.2724700272083282,0.583184003829956,0.8086312413215637,0.1970870494842529
814,814,train,23993,0.5269438624382019,0.4060017168521881,0.4847474098205566,0.440137654542923,0.7928668260574341,0.1859244853258133,0.8169329166412354,0.1689815521240234,0.8291580080986023,0.1780601441860199,0.899210512638092,0.117863081395626,0.7043801546096802,0.2539610862731933,0.6104906797409058,0.33181232213974,0.415695458650589,0.5014100074768066,0.820992648601532,0.1772440075874328,0.1542307287454605,0.695105791091919,0.5621471405029297,0.3063042759895324
815,815,train,24647,0.2490262985229492,0.6285670399665833,0.2659070193767547,0.6254852414131165,0.2981599867343902,0.5638337731361389,0.4217081367969513,0.4523630142211914,0.6639696955680847,0.2953900098800659,0.8342012166976929,0.1276582479476928,0.316573292016983,0.5685461759567261,0.269547551870346,0.6435461640357971,0.213970735669136,0.6856969594955444,0.3661157190799713,0.5285682678222656,0.2680346071720123,0.5836701393127441,0.8063892722129822,0.1984529346227646
816,816,train,24172,0.3881969153881073,0.5079830288887024,0.3949459493160248,0.5050866603851318,0.6519893407821655,0.2852079570293426,0.7082874178886414,0.2341528385877609,0.7622871994972229,0.2270752340555191,0.8763710856437683,0.1258917599916458,0.5757502317428589,0.3693712055683136,0.4364551603794098,0.4790396988391876,0.3130524754524231,0.5618084669113159,0.7098437547683716,0.2567130327224731,0.1829637289047241,0.6639971733093262,0.643112301826477,0.2710396647453308
817,817,train,23790,0.5643852353096008,0.3767950534820556,0.5024954676628113,0.4219657480716705,0.8459011316299438,0.1634032577276229,0.8595563173294067,0.1506071388721466,0.8616572618484497,0.1588315367698669,0.9106144905090332,0.1086781471967697,0.7612448930740356,0.2279982417821884,0.6661357879638672,0.2850971817970276,0.4432547092437744,0.4743190705776214,0.861041247844696,0.1555613577365875,0.1513720154762268,0.6964319944381714,0.5490549206733704,0.3108434677124023
818,818,train,23759,0.4366025030612945,0.4507201611995697,0.4291728436946869,0.466251403093338,0.700710654258728,0.2012788653373718,0.7238888740539551,0.1840561777353286,0.7466691136360168,0.1914317905902862,0.8700658679008484,0.1241129860281944,0.600834310054779,0.2775152623653412,0.501146137714386,0.3817659020423889,0.3602381646633148,0.5256244540214539,0.7323829531669617,0.1959265619516372,0.1610297560691833,0.6872646808624268,0.5835439562797546,0.2929110527038574
819,819,train,23566,0.3647069633007049,0.5121985673904419,0.3752281963825226,0.5148085355758667,0.5897711515426636,0.3154522478580475,0.6647087335586548,0.2545536756515503,0.7334480285644531,0.2417385429143905,0.8598284721374512,0.1335649192333221,0.5350733995437622,0.3843004703521728,0.4049009084701538,0.4923988282680511,0.2939730584621429,0.569230318069458,0.6600632667541504,0.2721641659736633,0.1930598616600036,0.6482347846031189,0.6695494055747986,0.2541471719741821
820,820,train,23069,0.2959677577018738,0.5832750201225281,0.3248413801193237,0.5664435625076294,0.411476194858551,0.4610182046890259,0.555806040763855,0.3305865526199341,0.696769118309021,0.2689883112907409,0.8490902185440063,0.1295372396707534,0.4183378219604492,0.4787145555019378,0.3265154063701629,0.5802755355834961,0.2402981668710708,0.6271067261695862,0.5625676512718201,0.368476927280426,0.2171829491853714,0.6331430673599243,0.7488815784454346,0.2166123986244201
821,821,test,23597,0.3037331104278564,0.5758525133132935,0.327799916267395,0.562876284122467,0.4211501181125641,0.4455505907535553,0.556792140007019,0.3206282258033752,0.6928118467330933,0.2546433806419372,0.8543913960456848,0.1275596916675567,0.4251055121421814,0.4684925973415375,0.3331007957458496,0.5754135251045227,0.2446283102035522,0.6271948218345642,0.5626517534255981,0.3555009663105011,0.217923417687416,0.6317009925842285,0.7466340065002441,0.2157382220029831
822,822,train,23390,0.2773379385471344,0.6137388348579407,0.3031098842620849,0.5864116549491882,0.361852765083313,0.523145854473114,0.5220851898193359,0.3878311514854431,0.6900356411933899,0.2805947363376617,0.8486492037773132,0.1283187866210937,0.3820765912532806,0.5268257856369019,0.3011950850486755,0.6152933239936829,0.2221160233020782,0.6572378277778625,0.5038628578186035,0.4361837804317474,0.2318138778209686,0.6249936819076538,0.771030068397522,0.2039431929588318
823,823,train,23991,0.5409243702888489,0.3957328200340271,0.4888928234577179,0.4386656284332275,0.8198960423469543,0.1756716668605804,0.8427024483680725,0.1614674925804138,0.8446849584579468,0.1679150015115738,0.903141438961029,0.1162900254130363,0.732365071773529,0.2465047836303711,0.6265219449996948,0.3250608444213867,0.4191932678222656,0.5028804540634155,0.8395334482192993,0.1667909920215606,0.1554660201072693,0.6972953081130981,0.5606136322021484,0.3065505921840668
824,824,train,24065,0.2621902823448181,0.6291282773017883,0.2682639360427856,0.6465907692909241,0.2936642467975616,0.5941892266273499,0.3751756548881531,0.5017861723899841,0.6205890774726868,0.3184033930301666,0.7929322719573975,0.1578232496976852,0.3139608800411224,0.5934467315673828,0.27274289727211,0.6557766199111938,0.2289944738149643,0.6905282139778137,0.3314220309257507,0.5838254690170288,0.2858176827430725,0.584110677242279,0.7974363565444946,0.2241404354572296
825,825,train,24098,0.6130542755126953,0.3509542644023895,0.5296320915222168,0.4147521555423736,0.8648638129234314,0.1544001847505569,0.8723540306091309,0.1457361727952957,0.8629047870635986,0.1591093242168426,0.9193432331085204,0.1075849905610084,0.7900955677032471,0.2070141583681106,0.7148939967155457,0.2506293058395386,0.4793804883956909,0.4722247421741485,0.8764870762825012,0.1479753404855728,0.1562534123659134,0.698989748954773,0.5457786321640015,0.3195312321186065
826,826,train,24727,0.3771978318691253,0.5302992463111877,0.3918714225292206,0.5191027522087097,0.592684805393219,0.3233601152896881,0.6594541072845459,0.2553162276744842,0.7313775420188904,0.2411632239818573,0.8721361756324768,0.1344255805015564,0.5440109968185425,0.382583349943161,0.4197170734405517,0.5026654601097107,0.2975012958049774,0.5926744937896729,0.6593676209449768,0.2710506618022918,0.1862852573394775,0.667567253112793,0.6775130033493042,0.2555530071258545
827,827,train,23784,0.3629432320594787,0.5371748208999634,0.3727926909923553,0.5270201563835144,0.6022360920906067,0.3508892953395843,0.7096112370491028,0.2676478624343872,0.772472083568573,0.2455900907516479,0.8718417882919312,0.1294708102941513,0.5439770817756653,0.4191354513168335,0.3983607888221741,0.5249277949333191,0.2879173457622528,0.591415524482727,0.7001409530639648,0.2927108705043793,0.1963322013616562,0.649294912815094,0.692034125328064,0.2487646341323852
828,828,train,23199,0.2671621739864349,0.6293515563011169,0.2942480742931366,0.6082841157913208,0.3303281962871551,0.558424711227417,0.4755372405052185,0.4092404246330261,0.6887574195861816,0.2780377566814422,0.8396389484405518,0.1248865276575088,0.3492190539836883,0.5533785820007324,0.2842723131179809,0.6356114745140076,0.2217399775981903,0.6777876615524292,0.4150426387786865,0.4961831867694855,0.2552398145198822,0.595208466053009,0.8028941750526428,0.1922014355659485
829,829,train,23965,0.491655021905899,0.437516450881958,0.4518717229366302,0.464090883731842,0.7576186060905457,0.204055517911911,0.785936176776886,0.1850734502077102,0.8023812770843506,0.1893448531627655,0.8842155933380127,0.126032069325447,0.6676917672157288,0.276242196559906,0.5571020245552063,0.369636595249176,0.3907984793186188,0.5185229182243347,0.7869690656661987,0.1988937854766845,0.1606782525777816,0.6921716332435608,0.5765926241874695,0.2995277643203735
830,830,train,24300,0.2536477744579315,0.625089704990387,0.2817826569080353,0.6077917218208313,0.3088095784187317,0.5500290393829346,0.4488400518894195,0.4127069115638733,0.6852993369102478,0.280875027179718,0.8374373316764832,0.1272557973861694,0.3252604305744171,0.5542181134223938,0.2770454287528991,0.6279694437980652,0.210931196808815,0.6704736351966858,0.4128073453903198,0.4890126585960388,0.2536592185497284,0.5959762930870056,0.7952877283096313,0.1909379363059997
831,831,train,23017,0.3382293879985809,0.5565099716186523,0.3594893515110016,0.5451446771621704,0.505608320236206,0.380355954170227,0.6124820709228516,0.2881326973438263,0.7132167816162109,0.2526206374168396,0.8642915487289429,0.1295103579759597,0.4849428236484527,0.4197723567485809,0.372468501329422,0.5400782823562622,0.2723572552204132,0.6154727339744568,0.6175962686538696,0.3085213899612427,0.2004283368587494,0.6507750749588013,0.7176865339279175,0.2388718575239181
832,832,train,23548,0.4245535731315613,0.4781828224658966,0.4254486262798309,0.4851022958755493,0.6839687824249268,0.2339957505464553,0.7221396565437317,0.2043315768241882,0.7608503103256226,0.207657516002655,0.8763538599014282,0.1261502802371978,0.5972586870193481,0.3115774691104889,0.4743641912937164,0.4313879013061523,0.3414009511470794,0.5571770071983337,0.7185346484184265,0.222654640674591,0.1630512773990631,0.6852555871009827,0.6127529144287109,0.2781465649604797
833,833,train,24609,0.2996516525745392,0.5832998752593994,0.3261337876319885,0.5643720030784607,0.4254091084003448,0.4415450394153595,0.5695608854293823,0.3194594979286194,0.700509786605835,0.266527771949768,0.8632386326789856,0.1263910084962844,0.4235523641109466,0.4726731479167938,0.3238106071949005,0.5856614112854004,0.2412836700677871,0.6328473687171936,0.5739459991455078,0.3527662456035614,0.2163359671831131,0.6275132298469543,0.7415547370910645,0.2242124378681183
834,834,train,24338,0.432003915309906,0.476521372795105,0.4271681308746338,0.4837471544742584,0.6979483962059021,0.236744612455368,0.7439516186714172,0.2046201974153518,0.7781804800033569,0.2043139189481735,0.8833873867988586,0.1232846155762672,0.6027119159698486,0.3234694302082062,0.4758525192737579,0.4331177771091461,0.3458054959774017,0.5472995638847351,0.7372027635574341,0.2225483208894729,0.165725901722908,0.6822326183319092,0.6151896715164185,0.2816546857357025
835,835,train,23140,0.6845560073852539,0.2671571969985962,0.5781118273735046,0.3695609271526336,0.8950074911117554,0.1200939714908599,0.8981417417526245,0.1158492118120193,0.8986932635307312,0.117070659995079,0.9280800223350524,0.089542843401432,0.8411465287208557,0.1541707068681717,0.8018208742141724,0.1744293570518493,0.5305551290512085,0.4288147389888763,0.9055070281028748,0.1138592958450317,0.1590281128883361,0.6914986968040466,0.529070258140564,0.3250079154968261
836,836,test,24301,0.2976545393466949,0.59267258644104,0.3250091969966888,0.5724853873252869,0.3938604891300201,0.4791992008686065,0.5414895415306091,0.3454116582870483,0.701391875743866,0.2702350616455078,0.8517624735832214,0.1315955221652984,0.4024405777454376,0.4915826916694641,0.3221550285816192,0.591607928276062,0.2424930334091186,0.6375995874404907,0.5514983534812927,0.3848291039466858,0.2218407541513443,0.6319425702095032,0.7449144124984741,0.2191691249608993
837,837,test,23615,0.3535290360450744,0.5456842184066772,0.3710170388221741,0.5339968800544739,0.5447289943695068,0.3718427121639251,0.6461658477783203,0.280798077583313,0.7282167077064514,0.2458048015832901,0.8666151762008667,0.1346089243888855,0.5095499157905579,0.4174366295337677,0.3846842348575592,0.5311250686645508,0.2791580259799957,0.5976757407188416,0.6506271958351135,0.2983924746513366,0.205448493361473,0.641671359539032,0.7040637731552124,0.2404535561800003
838,838,test,24367,0.3901083469390869,0.5178670883178711,0.4007251262664795,0.5119832754135132,0.653746485710144,0.3105829656124115,0.728476881980896,0.2501019537448883,0.7718555331230164,0.2388833314180374,0.8746431469917297,0.1307512074708938,0.581593930721283,0.3883797526359558,0.4395842850208282,0.4930343627929687,0.3123071789741516,0.5684566497802734,0.7217267155647278,0.2709313333034515,0.1821142882108688,0.6639837026596069,0.656823456287384,0.2633760571479797
839,839,train,23893,0.2607569098472595,0.6155654191970825,0.2866284847259521,0.6010364294052124,0.317461758852005,0.5393639206886292,0.4576145708560943,0.4010713100433349,0.6872093677520752,0.2844995558261871,0.844475269317627,0.1248844712972641,0.336176335811615,0.5410897731781006,0.2809384763240814,0.6197173595428467,0.2166046649217605,0.6681288480758667,0.4130612015724182,0.4780241549015045,0.2545426487922668,0.5920623540878296,0.7955154776573181,0.1931180655956268
840,840,train,23499,0.4552956819534302,0.4518087804317474,0.4424939751625061,0.4653606712818146,0.7445441484451294,0.2017238140106201,0.7686399817466736,0.1819437146186828,0.7991700768470764,0.1885915696620941,0.8851576447486877,0.1208913475275039,0.6479244828224182,0.281943529844284,0.5418074727058411,0.3816495239734649,0.3742510378360748,0.5160800218582153,0.78080815076828,0.1959398239850998,0.1624611169099807,0.6873800754547119,0.5778200030326843,0.2941228449344635
841,841,train,23183,0.5289105176925659,0.3827177286148071,0.476898044347763,0.4298858344554901,0.8055866956710815,0.1655686944723129,0.822884202003479,0.1525781899690628,0.830173671245575,0.1621549874544143,0.8965092301368713,0.1102959364652633,0.7161111831665039,0.228201687335968,0.62626713514328,0.2969056069850921,0.4105040729045868,0.4818836152553558,0.8326802849769592,0.1570063233375549,0.1535167247056961,0.6930480003356934,0.5540114045143127,0.3059211075305938
842,842,train,23794,0.2870075106620788,0.6126815676689148,0.3195447325706482,0.5858793258666992,0.3695273697376251,0.5286134481430054,0.5236862897872925,0.3951048254966736,0.7039148807525635,0.2776318192481994,0.847715437412262,0.1297571659088134,0.3775083124637604,0.5395339727401733,0.3101870417594909,0.610059380531311,0.2302215844392776,0.656011164188385,0.5034468173980713,0.442051500082016,0.2367422580718994,0.6176289319992065,0.7723455429077148,0.1988285630941391
843,843,train,23301,0.6401161551475525,0.3146001994609833,0.5298147201538086,0.4019950628280639,0.8815797567367554,0.1328028440475464,0.8890549540519714,0.1262748092412948,0.8844910860061646,0.1352597326040268,0.9271981120109558,0.0931324064731597,0.814005970954895,0.1854000240564346,0.7458563446998596,0.2189051210880279,0.4813100099563598,0.4571981132030487,0.8908339142799377,0.1272815018892288,0.1510824561119079,0.6983165144920349,0.5377141237258911,0.3193393051624298
844,844,train,23467,0.2623388469219208,0.6107414960861206,0.2893452644348144,0.5934373736381531,0.3292682468891144,0.5297379493713379,0.4815332591533661,0.3910999894142151,0.6832194924354553,0.2812053561210632,0.8452056050300598,0.1266682147979736,0.3466814458370209,0.532163143157959,0.2853637337684631,0.614608645439148,0.2137688994407653,0.6555270552635193,0.4508025646209717,0.4633627533912658,0.2483667880296707,0.5951076149940491,0.7797638177871704,0.1969156116247177
845,845,test,23996,0.3844347298145294,0.5138643383979797,0.3954823315143585,0.5125531554222107,0.622056245803833,0.3021929860115051,0.6865453720092773,0.2414418160915374,0.7559384107589722,0.233086809515953,0.8790395259857178,0.1252504736185073,0.5630260705947876,0.3785371780395508,0.428221046924591,0.5003941059112549,0.3063209652900696,0.5883912444114685,0.6882663369178772,0.2668064534664154,0.185892641544342,0.6684510111808777,0.6780657768249512,0.2554999887943268
846,846,test,24606,0.6591376066207886,0.2920529246330261,0.5546371340751648,0.3861033916473388,0.8933483362197876,0.12245874106884,0.8963959813117981,0.1171966195106506,0.8884237408638,0.12342519313097,0.9299742579460144,0.0888335704803466,0.8231196999549866,0.1674137264490127,0.7717152237892151,0.1933524161577224,0.5128092765808105,0.4374582767486572,0.8986585140228271,0.1180589124560356,0.1545137763023376,0.6935379505157471,0.5335597395896912,0.3229696452617645
847,847,train,23173,0.3529620468616485,0.5305117964744568,0.3678342401981354,0.5261780023574829,0.5621724724769592,0.3253280818462372,0.6488201022148132,0.2533400356769562,0.73558509349823,0.2343562543392181,0.8693894147872925,0.1293699294328689,0.518932044506073,0.3816343247890472,0.3943948447704315,0.5053815841674805,0.2838109731674194,0.5897544622421265,0.6557636260986328,0.2735962569713592,0.1893851906061172,0.6607604026794434,0.6866079568862915,0.246679425239563
848,848,test,23661,0.3073984384536743,0.5794253349304199,0.3317731916904449,0.5643569231033325,0.4235873222351074,0.4407313764095306,0.5572987794876099,0.315407782793045,0.6874324679374695,0.2540199756622314,0.8568801283836365,0.1291120797395706,0.4258890151977539,0.4630570411682129,0.3345192372798919,0.5778422951698303,0.2481216490268707,0.6309449076652527,0.5675299763679504,0.3437542021274566,0.2148134112358093,0.6390845775604248,0.7411632537841797,0.2240268439054489
849,849,test,23228,0.4146156013011932,0.4717144668102264,0.4227804243564605,0.4847530126571655,0.6629760265350342,0.2390424609184265,0.7088726758956909,0.2088167518377304,0.7507715821266174,0.2076612263917923,0.8780839443206787,0.1251264661550521,0.5830054879188538,0.3193548619747162,0.4634115397930145,0.4481939673423767,0.3343825042247772,0.5588130950927734,0.7074486017227173,0.2275123298168182,0.1703377515077591,0.6814670562744141,0.63509202003479,0.2723044157028198
850,850,train,24442,0.3171623647212982,0.5786641240119934,0.3381920158863067,0.5630171895027161,0.4429666697978973,0.4448511898517608,0.5911478996276855,0.3233726024627685,0.7148677110671997,0.2656407952308655,0.8640239238739014,0.124698206782341,0.4436716437339782,0.4729284346103668,0.3382554948329925,0.5784751176834106,0.2535046935081482,0.628485381603241,0.5950056314468384,0.3544431924819946,0.2157211750745773,0.6357271671295166,0.7407278418540955,0.2226897776126861
851,851,train,23632,0.271386444568634,0.610284149646759,0.3062154054641723,0.5898246169090271,0.3345467150211334,0.5240674614906311,0.4903413653373718,0.3926514983177185,0.683115541934967,0.277234822511673,0.8431583642959595,0.1281540840864181,0.3563638925552368,0.5304163098335266,0.2915034294128418,0.6151157021522522,0.2260234206914901,0.6585193276405334,0.4582684636116028,0.4526652991771698,0.2389897257089615,0.610421895980835,0.7843903303146362,0.1998462527990341
852,852,test,23240,0.2456351071596145,0.63671875,0.2635673582553863,0.6267990469932556,0.2861242294311523,0.56917405128479,0.4107081592082977,0.4462052583694458,0.6594303250312805,0.2895268499851227,0.8392149209976196,0.1230776607990264,0.3065453767776489,0.5727500915527344,0.2651484310626983,0.6440339684486389,0.2037263810634613,0.6880943775177002,0.3642831742763519,0.5257401466369629,0.2693674266338348,0.582290530204773,0.8145391345024109,0.1930083930492401
853,853,train,23942,0.2649839520454407,0.6196032166481018,0.272554337978363,0.6407603025436401,0.3069910705089569,0.5683814883232117,0.3980948030948639,0.4721796810626983,0.6450493335723877,0.3005678951740265,0.8206066489219666,0.1475344747304916,0.32752525806427,0.5712087154388428,0.2694251835346222,0.6501957178115845,0.2189302146434784,0.6888468265533447,0.3464952409267425,0.5566024780273438,0.281802624464035,0.5810259580612183,0.8076462149620056,0.2140059769153595
854,854,test,24279,0.3756757378578186,0.5402477979660034,0.3867311179637909,0.525553822517395,0.6249247789382935,0.3307844400405884,0.7077167630195618,0.2594128251075744,0.7565197348594666,0.2398923337459564,0.881222128868103,0.1240002810955047,0.5541561841964722,0.4040952920913696,0.4119154214859009,0.521385669708252,0.2951475381851196,0.6006640195846558,0.7000676989555359,0.2804065942764282,0.1818395406007766,0.6713736653327942,0.6753727197647095,0.2567335367202759
855,855,train,24394,0.7097541093826294,0.2629395127296448,0.575508713722229,0.3735023736953735,0.9120721817016602,0.1194273307919502,0.915326714515686,0.1146987378597259,0.9124324917793274,0.1193607822060585,0.9400874376296996,0.0873484462499618,0.8630868792533875,0.1561103165149688,0.8217272758483887,0.1711717694997787,0.541992723941803,0.4242703020572662,0.9170647859573364,0.1138809919357299,0.1553114652633667,0.6955819129943848,0.5329306125640869,0.3250297904014587
856,856,train,23845,0.5017260909080505,0.4332065284252167,0.4640616178512573,0.4570479989051819,0.7866584062576294,0.196233183145523,0.8112228512763977,0.1786279380321502,0.8213405609130859,0.1881823390722274,0.8937852382659912,0.1197396889328956,0.6891932487487793,0.2786459624767303,0.5629148483276367,0.3769868314266205,0.3949946761131286,0.5187540650367737,0.808536171913147,0.1917807608842849,0.1563126444816589,0.6911472082138062,0.5718449354171753,0.2993781566619873
857,857,train,24356,0.575458824634552,0.3643482327461242,0.5064389109611511,0.4203344583511352,0.8529735207557678,0.1512431651353836,0.8601031303405762,0.1418960094451904,0.8585484027862549,0.1485078781843185,0.9139678478240968,0.1051180064678192,0.7584373354911804,0.2117828428745269,0.6822197437286377,0.2630562782287597,0.4648690223693847,0.4737196266651153,0.8692895174026489,0.1448172926902771,0.1516683250665664,0.6998407244682312,0.5395687818527222,0.3141762912273407
858,858,train,23223,0.2403808832168579,0.6417393088340759,0.2615160942077636,0.6369416117668152,0.2799719572067261,0.5794649124145508,0.4003892540931701,0.4537676274776459,0.6565438508987427,0.2908181548118591,0.8309379816055298,0.1312545835971832,0.3055154681205749,0.5762214064598083,0.2587765753269195,0.6579618453979492,0.2046574354171753,0.698728084564209,0.3432500064373016,0.542336106300354,0.2681353986263275,0.5810527205467224,0.8189818263053894,0.1942688077688217
859,859,train,23213,0.3651289939880371,0.5427194833755493,0.3826879858970642,0.5320935845375061,0.5865717530250549,0.3500451445579529,0.6843490600585938,0.2620324492454529,0.7553706169128418,0.2428717613220214,0.8780319094657898,0.1271287053823471,0.5384035110473633,0.4114455878734588,0.4016736447811126,0.5309348106384277,0.2915261089801788,0.5957594513893127,0.6803361773490906,0.2872531712055206,0.1966328918933868,0.653900682926178,0.6980215907096863,0.2460740655660629
860,860,train,24438,0.4160931706428528,0.4938183724880218,0.4123592674732208,0.4972164332866668,0.6986618638038635,0.2500486671924591,0.7526562809944153,0.2081378102302551,0.7912810444831848,0.2133115082979202,0.8782404661178589,0.1258506625890731,0.6117417812347412,0.3379255533218384,0.4648174941539764,0.4555547535419464,0.3314011693000793,0.5558309555053711,0.7398859858512878,0.2285600155591964,0.1731447130441665,0.6729819774627686,0.6210933923721313,0.2758069336414337
861,861,train,24375,0.396103173494339,0.5069183707237244,0.4016931653022766,0.5078231692314148,0.6347907185554504,0.2749442756175995,0.6871351599693298,0.2265019863843917,0.7542336583137512,0.2227752953767776,0.8754338026046753,0.1287666410207748,0.565717339515686,0.3564497828483581,0.4382639527320862,0.4836637377738952,0.3156235516071319,0.5723770260810852,0.6909794807434082,0.2490454316139221,0.1766043603420257,0.6758151650428772,0.6457263827323914,0.2690774500370025
862,862,train,24597,0.3992846012115478,0.5113703608512878,0.4036096930503845,0.5092651844024658,0.651541531085968,0.2756946086883545,0.7074341773986816,0.2335727959871292,0.7733684778213501,0.228533461689949,0.86920565366745,0.1308686733245849,0.5740563869476318,0.3574934303760528,0.4356080591678619,0.4740101993083954,0.3200013935565948,0.5747361183166504,0.7045843601226807,0.2519386410713196,0.1830944418907165,0.6687259674072266,0.6438848376274109,0.2687007784843445
863,863,train,24327,0.2428130954504013,0.6283261775970459,0.2689001560211181,0.6240415573120117,0.2904628217220306,0.5655695796012878,0.4203088879585266,0.4381225407123565,0.6709287166595459,0.2903095781803131,0.8403768539428711,0.1245675235986709,0.3164598047733307,0.5683864951133728,0.2659096419811249,0.6490501761436462,0.2061178237199783,0.6902837753295898,0.3654376268386841,0.5234873294830322,0.2681178748607635,0.5891156792640686,0.8110455274581909,0.2013332098722458
864,864,train,23403,0.4919249415397644,0.4315605759620666,0.4601008892059326,0.4535001814365387,0.7720919847488403,0.1984850019216537,0.8014560341835022,0.1791973561048507,0.8167229294776917,0.1851721405982971,0.8961799144744873,0.1150293424725532,0.6746276021003723,0.2714288532733917,0.5624702572822571,0.3726709187030792,0.3899134397506714,0.5132625699043274,0.8037309050559998,0.1934282332658767,0.162162184715271,0.6878086924552917,0.5778630375862122,0.2963201701641083
865,865,train,23380,0.2624975442886352,0.6133021712303162,0.2952734529972076,0.592981219291687,0.3266510367393493,0.535087525844574,0.4877064824104309,0.3888943791389465,0.6918665766716003,0.2780036628246307,0.8427262306213379,0.1267381310462951,0.3477354347705841,0.5344695448875427,0.2864928543567657,0.618457555770874,0.2178120166063308,0.6573912501335144,0.4475602209568023,0.4607015550136566,0.2454125434160232,0.6021835207939148,0.7762278914451599,0.1975743174552917
866,866,test,23699,0.332181841135025,0.5677213072776794,0.3529724776744842,0.5538086295127869,0.4771963953971863,0.4406042397022247,0.6023486852645874,0.3231083750724792,0.7074151635169983,0.2641038000583648,0.8693079352378845,0.1280306428670883,0.4720889925956726,0.4649673402309418,0.3629834949970245,0.5708791017532349,0.2657542824745178,0.6274229884147644,0.6046761870384216,0.3531170487403869,0.2142796963453292,0.640779972076416,0.7445770502090454,0.2259446233510971
867,867,train,23708,0.697834312915802,0.2482141852378845,0.5744411945343018,0.36808642745018,0.9008841514587402,0.1216734871268272,0.9043352007865906,0.1180932819843292,0.8961165547370911,0.1228471547365188,0.9342435002326964,0.0881731137633323,0.8456963896751404,0.1587523818016052,0.7988620400428772,0.1737271547317505,0.5396593809127808,0.4217998683452606,0.9031851887702942,0.1173856556415557,0.156091496348381,0.6931236982345581,0.5297873616218567,0.3241412937641144
868,868,train,24671,0.3278530538082123,0.5503376126289368,0.3467047214508056,0.5402291417121887,0.496275782585144,0.4060665071010589,0.6304992437362671,0.3005879521369934,0.7477124333381653,0.2544764280319214,0.8623166680335999,0.1266407519578933,0.4722208082675934,0.443421721458435,0.3585952818393707,0.5409180521965027,0.2634086310863495,0.5981523394584656,0.6460208892822266,0.3229609429836273,0.2066105455160141,0.6393903493881226,0.7163986563682556,0.2309528142213821
869,869,train,23860,0.2446698397397995,0.6299092769622803,0.2647063136100769,0.621946394443512,0.2906456291675567,0.5599474310874939,0.4092923402786255,0.4368056058883667,0.6640706658363342,0.287231981754303,0.8344578742980957,0.1240067481994628,0.3106058835983276,0.5622072815895081,0.2632070481777191,0.6351346373558044,0.2059001177549362,0.6807781457901001,0.3551627695560455,0.5196682214736938,0.2681838572025299,0.5823231339454651,0.8107828497886658,0.1914952844381332
870,870,train,22985,0.2676010429859161,0.6158630847930908,0.2737610936164856,0.627022922039032,0.3004526495933532,0.5722799897193909,0.4051319658756256,0.4645014405250549,0.661331295967102,0.300872653722763,0.8128100037574768,0.1504114717245102,0.3181095123291015,0.5761443972587585,0.2729299962520599,0.6442910432815552,0.2296847254037857,0.6854637265205383,0.3461715877056122,0.5658414363861084,0.2796377837657928,0.5737462639808655,0.811525285243988,0.2081262767314911
871,871,test,23421,0.3168717920780182,0.5563690066337585,0.3417147099971771,0.5427848696708679,0.4933344721794128,0.371425598859787,0.6028090715408325,0.2805372774600982,0.7218914031982422,0.2451495081186294,0.8615251779556274,0.1299026161432266,0.4587598741054535,0.4222083687782287,0.3493217825889587,0.5438911318778992,0.2579304873943329,0.5973694920539856,0.6137953400611877,0.3036985099315643,0.2012322545051574,0.6435981392860413,0.7086168527603149,0.2379226386547088
872,872,train,24250,0.3808052539825439,0.51349937915802,0.3936775624752044,0.5128204822540283,0.6138936281204224,0.3045553863048553,0.6803852319717407,0.2487589567899704,0.7552951574325562,0.2348415553569793,0.8723496794700623,0.1285536289215088,0.5555182695388794,0.3712358772754669,0.425792932510376,0.4896799921989441,0.3050518035888672,0.5743629932403564,0.6861526966094971,0.2675186693668365,0.1883655190467834,0.6601026058197021,0.6743888258934021,0.2556303441524505
873,873,train,24276,0.2766190469264984,0.6121663451194763,0.2847697734832763,0.6253688931465149,0.3022037744522095,0.5822117924690247,0.3875963091850281,0.4915135204792022,0.6449191570281982,0.3282566666603088,0.78150475025177,0.180691048502922,0.3268414437770843,0.5758330225944519,0.2891684472560882,0.6268159747123718,0.2602702677249908,0.6662409901618958,0.3389464318752289,0.5720386505126953,0.2885240018367767,0.579720675945282,0.7628928422927856,0.2470213770866394
874,874,train,24022,0.5540927052497864,0.3823044598102569,0.4821747243404388,0.435934841632843,0.832877516746521,0.1689666807651519,0.8515426516532898,0.1572275608778,0.8437640070915222,0.1672548949718475,0.9095283150672911,0.1111239194869995,0.7463226318359375,0.2401388138532638,0.635364294052124,0.3152556121349334,0.417910099029541,0.5025933980941772,0.843754768371582,0.1611035466194152,0.1519393473863601,0.700351357460022,0.5549274682998657,0.3091443181037903
875,875,train,24040,0.3550633192062378,0.5247417092323303,0.3753338456153869,0.5243749022483826,0.5783190727233887,0.3385225832462311,0.6615623831748962,0.2693200409412384,0.743503749370575,0.2429169416427612,0.8739452362060547,0.1262967735528946,0.5270300507545471,0.3985685408115387,0.3960430026054382,0.5194647908210754,0.2837133407592773,0.5917108654975891,0.6622956395149231,0.2928719520568847,0.2029722929000854,0.6454204320907593,0.7096208930015564,0.2412296831607818
876,876,train,23060,0.2587268352508545,0.6193300485610962,0.2831402122974396,0.5993980169296265,0.3157109916210174,0.5465604662895203,0.467018187046051,0.3993066251277923,0.68851637840271,0.2772977352142334,0.8364048004150391,0.1305601000785827,0.3335171341896057,0.5478426218032837,0.2790004909038543,0.6225630640983582,0.2118187248706817,0.661254346370697,0.4211107194423675,0.4864662885665893,0.2527281641960144,0.5920122265815735,0.7956147789955139,0.1954553574323654
877,877,test,24390,0.3740927278995514,0.512264609336853,0.3838334083557129,0.5138415098190308,0.6142200827598572,0.2832406759262085,0.6889005303382874,0.231816291809082,0.7517386674880981,0.2239809483289718,0.8678714632987976,0.1278855204582214,0.5450066328048706,0.3635320961475372,0.4170543253421783,0.4837598800659179,0.3021607100963592,0.5748832821846008,0.6858495473861694,0.2490298748016357,0.1791334003210067,0.6687899231910706,0.6500353217124939,0.2644465267658233
878,878,train,24073,0.383725643157959,0.5122961401939392,0.3923980593681335,0.5088198184967041,0.6062273383140564,0.2949196696281433,0.6868147850036621,0.2445589005947113,0.759910523891449,0.2309593707323074,0.8803781867027283,0.1242231875658035,0.5374659895896912,0.3693751096725464,0.4209019541740417,0.4762319028377533,0.3089619278907776,0.5766680240631104,0.6895557045936584,0.2624322772026062,0.1800443679094314,0.6721224784851074,0.6539145708084106,0.2649375796318054
879,879,train,24086,0.3715664744377136,0.5171887278556824,0.3811616897583008,0.5131131410598755,0.5979918241500854,0.313271015882492,0.6793389916419983,0.2482443898916244,0.7556242942810059,0.2380494177341461,0.8761206269264221,0.1278995126485824,0.5427266359329224,0.3750152587890625,0.4119288027286529,0.4905179142951965,0.295766532421112,0.5662031173706055,0.6872274875640869,0.2660004794597626,0.1843105554580688,0.6580376029014587,0.6695975065231323,0.2589768469333648
880,880,train,23006,0.4933875203132629,0.4096561968326568,0.4560997188091278,0.4445027410984039,0.7866174578666687,0.1703826636075973,0.7999885678291321,0.1582249253988266,0.8013435006141663,0.1688062846660614,0.8921852707862854,0.1136851608753204,0.6708248853683472,0.2433793246746063,0.5772033929824829,0.3269573450088501,0.4046317934989929,0.498664379119873,0.8050243258476257,0.1692104488611221,0.1541141271591186,0.6965785026550293,0.5542055368423462,0.3054016530513763
881,881,train,24612,0.4650079607963562,0.462224394083023,0.4456744194030761,0.4741236567497253,0.7672173976898193,0.2070507854223251,0.7980872392654419,0.1843466311693191,0.8137500286102295,0.1949118226766586,0.8877370357513428,0.124988317489624,0.652833104133606,0.3095223903656006,0.533368706703186,0.4020591974258423,0.3853311836719513,0.5271733999252319,0.7879664897918701,0.2006222605705261,0.1612852662801742,0.6906773447990417,0.5784329175949097,0.2936543524265289
882,882,train,24113,0.6291753649711609,0.3166862726211548,0.5235611796379089,0.3997334539890289,0.8705407381057739,0.1374845653772354,0.8780010342597961,0.1299896091222763,0.8707844614982605,0.139787957072258,0.9173401594161988,0.099808394908905,0.7909470200538635,0.1912372261285781,0.7334203124046326,0.2256815433502197,0.475780189037323,0.4542697966098785,0.876953661441803,0.1338654458522796,0.1495670974254608,0.6937128901481628,0.5321959257125854,0.3178502917289734
883,883,test,24334,0.2792141139507293,0.603291928768158,0.3101363778114319,0.5819336771965027,0.3664596676826477,0.5009274482727051,0.5288034081459045,0.359376311302185,0.7022426128387451,0.2757128179073334,0.8515702486038208,0.1253063827753067,0.3857994079589844,0.5110504627227783,0.306118369102478,0.6055905818939209,0.2279566079378128,0.6510399580001831,0.5155472755432129,0.4083488285541534,0.2330576479434967,0.6175418496131897,0.7722560167312622,0.2079804837703704
884,884,train,23206,0.3043037950992584,0.578464925289154,0.3318243324756622,0.5628833174705505,0.4206613898277282,0.45064577460289,0.5689420700073242,0.3250657618045807,0.7089405655860901,0.2653624415397644,0.8590149879455566,0.1276063770055771,0.4199773371219635,0.4744580388069153,0.330308586359024,0.5769374966621399,0.2461865544319152,0.6279469132423401,0.5846433043479919,0.3540444076061249,0.215828850865364,0.6321726441383362,0.7394631505012512,0.2208068817853927
885,885,train,23070,0.2559500932693481,0.6276669502258301,0.2826146185398102,0.6166803240776062,0.3053748905658722,0.5578387975692749,0.4363017082214355,0.429206520318985,0.6639806032180786,0.2900960743427276,0.8397053480148315,0.1258546411991119,0.3291138112545013,0.560005784034729,0.2771773040294647,0.6337558627128601,0.2231685072183609,0.684860110282898,0.3762547969818115,0.5115039944648743,0.2637265026569366,0.5908891558647156,0.8033234477043152,0.2009389102458953
886,886,train,23982,0.2661634385585785,0.6098558306694031,0.2998315095901489,0.5886857509613037,0.332339882850647,0.5150154232978821,0.4837302565574646,0.3787667453289032,0.6613077521324158,0.2796127498149872,0.8488222360610962,0.1247270256280899,0.3553126156330108,0.5222700238227844,0.2921406924724579,0.6166839599609375,0.2214921563863754,0.6543205380439758,0.4553161561489105,0.4438876211643219,0.24373160302639,0.6090996265411377,0.7802911996841431,0.2024305015802383
887,887,test,24306,0.2801939845085144,0.6144044995307922,0.3066839575767517,0.5971344113349915,0.3507611155509949,0.5243743658065796,0.506890058517456,0.3804624676704407,0.6908594965934753,0.2753039002418518,0.8516152501106262,0.1276446282863617,0.3743513822555542,0.5290188789367676,0.3029341995716095,0.6202154159545898,0.2302419543266296,0.6635773777961731,0.4734959304332733,0.4470301270484924,0.2478714436292648,0.609367311000824,0.7798131704330444,0.1985886394977569
888,888,train,24241,0.3029443919658661,0.5901976823806763,0.3286348879337311,0.5706931352615356,0.4196774959564209,0.4589880108833313,0.5491917133331299,0.3424417972564697,0.6863033771514893,0.2730148732662201,0.8592532873153687,0.1297406107187271,0.4331424832344055,0.4761353135108948,0.331244945526123,0.5923842787742615,0.243552878499031,0.6441156268119812,0.5494294166564941,0.3798520565032959,0.2281864285469055,0.6296526789665222,0.7608124017715454,0.2083607465028762
889,889,train,23416,0.5836236476898193,0.3569257259368896,0.5153019428253174,0.4097603857517242,0.8544912338256836,0.1475449651479721,0.8633626103401184,0.1406849175691604,0.861542820930481,0.1485359221696853,0.9135258197784424,0.1029954850673675,0.76373690366745,0.2047943174839019,0.6885663270950317,0.2567598223686218,0.4610197842121124,0.4681026935577392,0.86551833152771,0.1430323868989944,0.1540564000606537,0.6953113079071045,0.5428874492645264,0.3147103488445282
890,890,test,24616,0.2554270327091217,0.6248822212219238,0.2795705497264862,0.6138916015625,0.3031138181686401,0.5582947731018066,0.4359562397003174,0.4298836588859558,0.6655778884887695,0.2875521183013916,0.8361403346061707,0.1265593767166137,0.3274343609809875,0.556915283203125,0.2719444036483764,0.6357648372650146,0.2133869081735611,0.6824086308479309,0.3726749718189239,0.5135641098022461,0.2603073418140411,0.5876572728157043,0.8062163591384888,0.1909808665513992
891,891,train,24329,0.449276715517044,0.4485889971256256,0.4370068907737732,0.4648288488388061,0.708460807800293,0.2059160470962524,0.7403560280799866,0.1755920648574829,0.7903865575790405,0.1795247346162796,0.8822430968284607,0.118812471628189,0.6245461106300354,0.2897916138172149,0.504249095916748,0.3979391455650329,0.3606124222278595,0.5272856950759888,0.7471036314964294,0.1926885396242141,0.1609165519475937,0.6846296191215515,0.6024930477142334,0.2833922505378723
892,892,train,22990,0.2588886618614197,0.6220374703407288,0.2723850309848785,0.6357909440994263,0.3042788207530975,0.56302410364151,0.4002944529056549,0.4665896296501159,0.6535300016403198,0.3068051040172577,0.8268283605575562,0.1371544450521469,0.3178373575210571,0.5725470781326294,0.2721514105796814,0.6442940831184387,0.2258316725492477,0.6823245882987976,0.3475974500179291,0.5509413480758667,0.2778858244419098,0.5768457055091858,0.8164639472961426,0.2085324823856353
893,893,train,24112,0.2712543904781341,0.613375723361969,0.3020072281360626,0.5915122032165527,0.3386809229850769,0.529934823513031,0.4845450222492218,0.3832269608974457,0.6827804446220398,0.2808830440044403,0.8436540961265564,0.1277344822883606,0.3537876009941101,0.5338106751441956,0.2950335144996643,0.6127399206161499,0.2244880944490432,0.6590598225593567,0.4645732045173645,0.4438109695911407,0.2425608485937118,0.607422411441803,0.7733943462371826,0.1986298263072967
894,894,train,23872,0.592866063117981,0.3683582544326782,0.5194646716117859,0.4196418523788452,0.864908754825592,0.1459318399429321,0.8710086941719055,0.1379269063472747,0.8738147020339966,0.1422301232814788,0.9186144471168518,0.1023121550679206,0.7884580492973328,0.208319753408432,0.7085378766059875,0.2659549713134765,0.4682332873344421,0.4731751978397369,0.8808408975601196,0.1377150118350982,0.1555615067481994,0.6963404417037964,0.5488530397415161,0.3158735036849975
895,895,test,23436,0.3728470802307129,0.4978565573692322,0.3842982053756714,0.5091405510902405,0.5886536836624146,0.3032234907150268,0.657741904258728,0.2500044703483581,0.7370805144309998,0.2388633638620376,0.8688022494316101,0.1332064270973205,0.5437848567962646,0.3565900027751922,0.4114784598350525,0.4795910120010376,0.2938788831233978,0.5677836537361145,0.6672540903091431,0.2715074121952057,0.1857159733772277,0.6602485179901123,0.6717171669006348,0.2556820809841156
896,896,train,23553,0.4526568055152893,0.4670791029930115,0.4301947653293609,0.4806755185127258,0.7535311579704285,0.2118677347898483,0.7888809442520142,0.1845826506614685,0.8085613250732422,0.1951516717672348,0.8873628973960876,0.1195549741387367,0.6519800424575806,0.3085981905460357,0.5260076522827148,0.4129309952259063,0.3571418821811676,0.5359696745872498,0.7807294130325317,0.2043477147817611,0.1598576456308365,0.6898619532585144,0.5911517143249512,0.2889817059040069
897,897,train,23143,0.3899370431900024,0.5043107867240906,0.387616217136383,0.5014028549194336,0.6017934083938599,0.2989389598369598,0.6703994870185852,0.2489091902971267,0.7361722588539124,0.2343841344118118,0.8570027947425842,0.1350190043449401,0.5456421971321106,0.3724885582923889,0.4273186922073364,0.4729912579059601,0.3080677986145019,0.5624420046806335,0.6707932949066162,0.2658556401729584,0.182699978351593,0.6637924909591675,0.6492527723312378,0.2626159787178039
898,898,test,22966,0.4701325893402099,0.4610242843627929,0.4464999139308929,0.4700436592102051,0.7857518792152405,0.2064982503652572,0.8202170729637146,0.1822574436664581,0.8266362547874451,0.1958168596029281,0.8947769403457642,0.1198809221386909,0.6710261702537537,0.3015399575233459,0.5406658053398132,0.3950202763080597,0.3781627714633941,0.5292690396308899,0.8086109161376953,0.2007777839899063,0.1600896567106247,0.6886137127876282,0.5769674181938171,0.2979782819747925
899,899,train,24599,0.8337305784225464,0.1542740166187286,0.6737381815910339,0.299931138753891,0.93407541513443,0.099907785654068,0.9335593581199646,0.1002221927046775,0.9308412075042723,0.1028050333261489,0.9508858919143676,0.0760565102100372,0.9094974398612976,0.1198021546006202,0.8972135782241821,0.1136484295129776,0.6381227970123291,0.3581094145774841,0.9318701028823853,0.1007174104452133,0.1813746392726898,0.6763957142829895,0.5327019691467285,0.3208327293395996
900,900,train,23690,0.2707255184650421,0.6208732724189758,0.3019796907901764,0.5996731519699097,0.3231099545955658,0.5398332476615906,0.4653057754039764,0.3996546864509582,0.6801025867462158,0.2829427719116211,0.8386425971984863,0.1301532238721847,0.3502700626850128,0.5414108037948608,0.2877933084964752,0.6203426718711853,0.2221179753541946,0.665219783782959,0.4390335083007812,0.4582076966762543,0.2401962727308273,0.6109088659286499,0.7858878970146179,0.1976291984319687
901,901,train,24723,0.5241237878799438,0.3981357216835022,0.4801289141178131,0.4320966601371765,0.8067677617073059,0.1714294254779815,0.822778046131134,0.1571303457021713,0.8267887830734253,0.1667833775281906,0.8994802832603455,0.1126493737101554,0.7022416591644287,0.2400550842285156,0.6139539480209351,0.3196765482425689,0.4158136546611786,0.4869351387023926,0.8246025443077087,0.1671696305274963,0.1541106551885604,0.6953097581863403,0.5545617341995239,0.3074173033237457
902,902,train,23244,0.3729338943958282,0.5175127387046814,0.3841176927089691,0.5197146534919739,0.5711534023284912,0.3161616921424866,0.6430395245552063,0.2680072486400604,0.7147634029388428,0.2442679554224014,0.8649213314056396,0.1351189762353897,0.5151781439781189,0.3877972364425659,0.4089744091033935,0.4969396591186523,0.3008661866188049,0.5744426250457764,0.6527667045593262,0.2755450308322906,0.1888790130615234,0.6602497696876526,0.6645129919052124,0.2604964673519134
903,903,train,24374,0.4180515706539154,0.4881568849086761,0.416035383939743,0.4875639379024505,0.6829779148101807,0.2256080210208892,0.7277196645736694,0.198099210858345,0.770567774772644,0.1990239173173904,0.8654119968414307,0.1298606991767883,0.6029937863349915,0.3120961487293243,0.4749245345592499,0.4322858154773712,0.3396314084529876,0.5535880327224731,0.7256394028663635,0.2125360667705536,0.1731636822223663,0.6765860915184021,0.6210474967956543,0.2761121392250061
904,904,test,24746,0.2913776934146881,0.5879088640213013,0.3221379816532135,0.5703588724136353,0.3847651481628418,0.4894164502620697,0.5353295207023621,0.3639513850212097,0.7026388645172119,0.2723468840122223,0.8444231748580933,0.1278372406959533,0.3955357372760772,0.5020296573638916,0.3169867396354675,0.584846019744873,0.2383161336183548,0.632503092288971,0.5318398475646973,0.4072334468364715,0.2321924567222595,0.6155948638916016,0.7578781843185425,0.2060579806566238
905,905,train,23702,0.2585510909557342,0.6298083066940308,0.2657875418663025,0.6284232139587402,0.2976390123367309,0.5696278810501099,0.4239441454410553,0.450836718082428,0.6714601516723633,0.297304093837738,0.832261323928833,0.1325277686119079,0.3199762105941772,0.5705721974372864,0.2682577073574066,0.6525492668151855,0.2199494540691375,0.6908748149871826,0.3564625680446625,0.5374023914337158,0.2706425189971924,0.5820441842079163,0.8117392659187317,0.195931389927864
906,906,train,24595,0.3008807003498077,0.5912961363792419,0.3274655342102051,0.5697273015975952,0.4268432557582855,0.4616566002368927,0.5824591517448425,0.3330210447311401,0.7023144960403442,0.2658416628837585,0.8639448285102844,0.1224741786718368,0.4326112866401672,0.48304483294487,0.3298553228378296,0.5981107354164124,0.2422900795936584,0.6426772475242615,0.5737032294273376,0.3737735152244568,0.2208734154701233,0.6303184628486633,0.7634842395782471,0.2111206352710724
907,907,test,24403,0.2540794312953949,0.6227484345436096,0.2871328592300415,0.6029608845710754,0.3088273704051971,0.5467823147773743,0.4526858329772949,0.4098459482192993,0.6819020509719849,0.2825086712837219,0.8311997056007385,0.1322635412216186,0.3313422501087188,0.5545927286148071,0.2792220115661621,0.6248079538345337,0.2119606286287307,0.6672531366348267,0.423619657754898,0.4785584509372711,0.2474583983421325,0.6009388566017151,0.7832683324813843,0.1956179141998291
908,908,train,23673,0.3110189139842987,0.5820401310920715,0.342881441116333,0.5636630058288574,0.4489564597606659,0.4533925950527191,0.5976591110229492,0.3287811577320099,0.71448814868927,0.2620182037353515,0.8637233972549438,0.1226953864097595,0.4407485127449035,0.4842537641525268,0.3462111353874206,0.5859332084655762,0.2547649443149566,0.634433925151825,0.5833077430725098,0.3785522878170013,0.2239450067281723,0.625148594379425,0.7617319226264954,0.2130736708641052
909,909,train,24471,0.2523628771305084,0.628454327583313,0.2714852392673492,0.621478796005249,0.2918964922428131,0.5651883482933044,0.4341060817241668,0.4349391162395477,0.6810063123703003,0.2918075621128082,0.8411585092544556,0.1233507692813873,0.324159562587738,0.5553544759750366,0.2685591876506805,0.6441683769226074,0.2135239839553833,0.6856145262718201,0.3685722649097442,0.518406867980957,0.266922116279602,0.5819061398506165,0.810299277305603,0.1887446343898773
910,910,train,23644,0.366336315870285,0.5182380676269531,0.3786215186119079,0.5141242146492004,0.5987251996994019,0.3063211143016815,0.6677588820457458,0.248372197151184,0.7347837090492249,0.2308412343263626,0.8736652731895447,0.129596933722496,0.5360401272773743,0.3744910359382629,0.4127263724803924,0.4895519018173218,0.2971021831035614,0.5750235319137573,0.6732075810432434,0.2681421935558319,0.1838949471712112,0.6632336974143982,0.6682512760162354,0.2584826946258545
911,911,train,24052,0.447129487991333,0.4642706215381622,0.4343458414077759,0.4743201434612274,0.7129485607147217,0.2143778800964355,0.7468341588973999,0.1888832002878189,0.7805598974227905,0.1915787011384964,0.8825671076774597,0.1210229620337486,0.6238973736763,0.3000485599040985,0.4962427914142608,0.4180405735969543,0.3565157651901245,0.5379523634910583,0.7514240741729736,0.206652894616127,0.1658091843128204,0.6821926832199097,0.5992607474327087,0.2871672809123993
912,912,train,24062,0.3128305375576019,0.5637094974517822,0.33537358045578,0.5486113429069519,0.4666836559772491,0.4209944903850555,0.5897210836410522,0.3146096169948578,0.7036243677139282,0.2650318443775177,0.8577829599380493,0.1298620998859405,0.4514142870903015,0.4512196481227875,0.3426729738712311,0.5560798645019531,0.250834584236145,0.6039619445800781,0.6050261855125427,0.3370216488838196,0.2080305516719818,0.6364052295684814,0.7240484356880188,0.2273028492927551
913,913,train,24721,0.3059448599815368,0.5646705031394958,0.334730863571167,0.5455458164215088,0.4353789389133453,0.4312198162078857,0.5817341208457947,0.3089199066162109,0.7152991890907288,0.2595128417015075,0.8596362471580505,0.1235809102654457,0.4278584420681,0.4566333591938019,0.334693431854248,0.5614043474197388,0.2452802509069442,0.6036607623100281,0.5872246026992798,0.3447744846343994,0.2134783118963241,0.6271579265594482,0.7471462488174438,0.2125378251075744
914,914,train,23874,0.3401497602462768,0.5330647826194763,0.3584310412406921,0.5291080474853516,0.5167987942695618,0.3536848425865173,0.6136573553085327,0.2760235369205475,0.7226769924163818,0.2420277446508407,0.863660991191864,0.1300473362207412,0.4904404878616333,0.395547479391098,0.3726818263530731,0.5151352882385254,0.2702457010746002,0.5878960490226746,0.633330225944519,0.291642278432846,0.1961185187101364,0.6513222455978394,0.7021929621696472,0.2393435835838318
915,915,train,24145,0.742520809173584,0.236004501581192,0.5982713103294373,0.3577136695384979,0.9119943380355836,0.1163718402385711,0.9168134331703186,0.1121718287467956,0.9169760942459106,0.1156640946865081,0.940777063369751,0.0848571136593818,0.8651219010353088,0.1507787406444549,0.8383459448814392,0.1575307101011276,0.5683155655860901,0.4080885648727417,0.920540452003479,0.1104612201452255,0.1627307832241058,0.6926572322845459,0.5341443419456482,0.3251941502094269
916,916,train,23877,0.3643185496330261,0.5294026732444763,0.3794865906238556,0.5255748629570007,0.5827940106391907,0.3096465170383453,0.6608789563179016,0.2470939457416534,0.7386671304702759,0.2328439652919769,0.8661195635795593,0.1321241408586502,0.5283401608467102,0.3772170841693878,0.3992609083652496,0.5070611834526062,0.2953407764434814,0.5873429179191589,0.6584959030151367,0.2662145793437958,0.1848854422569275,0.6673136353492737,0.6747634410858154,0.2549325227737427
917,917,test,23337,0.2628487944602966,0.6151273846626282,0.2757080197334289,0.6345802545547485,0.3018408715724945,0.5674781203269958,0.3961665630340576,0.4597485065460205,0.6434521079063416,0.3028175830841064,0.8205087780952454,0.14336459338665,0.3134501576423645,0.5743390917778015,0.2778717577457428,0.638752818107605,0.2378980219364166,0.6794129610061646,0.3473463058471679,0.5529871582984924,0.2788074016571045,0.5758374929428101,0.810772180557251,0.2127267718315124
918,918,train,24055,0.5958837270736694,0.3465359508991241,0.5014373064041138,0.4223865270614624,0.8709462881088257,0.1373391300439834,0.8769152164459229,0.1291097998619079,0.8719801902770996,0.1363275647163391,0.9221155643463136,0.0963849574327468,0.7886597514152527,0.199745699763298,0.70991051197052,0.2438728660345077,0.4561253190040588,0.4695830941200256,0.8788602948188782,0.1311317980289459,0.1509041488170623,0.698027491569519,0.5407702922821045,0.315251350402832
919,919,train,23905,0.258117139339447,0.6194711923599243,0.2599687576293945,0.6358644962310791,0.2998961210250854,0.559783935546875,0.4054498374462127,0.4624272584915161,0.6507641673088074,0.3025582134723663,0.8255400657653809,0.1348904818296432,0.3190082013607025,0.568775475025177,0.2684517502784729,0.651595413684845,0.2139716148376464,0.6885780692100525,0.3449920117855072,0.5495613813400269,0.2801588177680969,0.5709888339042664,0.8137943744659424,0.2074598222970962
920,920,train,23114,0.2451570332050323,0.6313207149505615,0.2550764083862304,0.6361037492752075,0.2813300490379333,0.5730095505714417,0.3995416164398193,0.4568538069725036,0.652995228767395,0.2970138192176819,0.8312579393386841,0.1298970431089401,0.3061008155345917,0.5774528980255127,0.2605983316898346,0.653893768787384,0.2065639793872833,0.6917954087257385,0.3402037620544433,0.5486057996749878,0.2723619043827057,0.581063985824585,0.8136101365089417,0.1955618560314178
921,921,train,23425,0.4007377028465271,0.4948846101760864,0.4014779031276703,0.4932974576950073,0.6288264393806458,0.2752496004104614,0.6711490750312805,0.2379486113786697,0.7383924722671509,0.2216048836708068,0.872079074382782,0.1333230584859848,0.572460412979126,0.3443627059459686,0.4514457583427429,0.4525023400783539,0.3249205350875854,0.5572566986083984,0.6912343502044678,0.2480610758066177,0.1784320175647735,0.6720876693725586,0.638425350189209,0.2717282176017761
922,922,train,24379,0.4614991843700409,0.438546746969223,0.4435106217861175,0.4585408270359039,0.7170480489730835,0.1947540044784546,0.7347252368927002,0.180391788482666,0.7633032202720642,0.1851953268051147,0.8659573793411255,0.1222544163465499,0.6362451314926147,0.2684402763843536,0.5356990694999695,0.3649239242076874,0.3775905668735504,0.5155539512634277,0.7429509162902832,0.1906363666057586,0.1619331091642379,0.6865407228469849,0.5793249011039734,0.2922862768173218
923,923,test,23677,0.2501620352268219,0.6286455988883972,0.2590687870979309,0.6319971680641174,0.2856701612472534,0.5653524994850159,0.4092383980751037,0.4443641006946563,0.6637565493583679,0.2967018485069275,0.8329067826271057,0.1317752301692962,0.3117663264274597,0.5650372505187988,0.2617020308971405,0.6457070708274841,0.2098609656095504,0.6870309710502625,0.3492544293403625,0.5323081612586975,0.2719557881355285,0.5766335129737854,0.8119776248931885,0.1943517327308654
924,924,train,23007,0.3820506632328033,0.4980778992176056,0.3974310457706451,0.5030015110969543,0.6206083297729492,0.2770012021064758,0.6888412237167358,0.2265732884407043,0.7482584118843079,0.2229316085577011,0.8784809112548828,0.1260894238948822,0.5394107103347778,0.3525912463665008,0.4213992059230804,0.4755236506462097,0.3127262890338897,0.5710198283195496,0.685779333114624,0.2481301128864288,0.1813697218894958,0.6727919578552246,0.6592236161231995,0.2633109092712402
925,925,train,23717,0.4471522271633148,0.4592592418193817,0.4395653903484344,0.4774852395057678,0.7167007923126221,0.2218748331069946,0.7567771673202515,0.1919751465320587,0.7873309850692749,0.1980091333389282,0.8887032866477966,0.1178539991378784,0.6241138577461243,0.3117980659008026,0.4924503564834595,0.4320980310440063,0.3551737666130066,0.5457271933555603,0.7558131814002991,0.2097715586423874,0.1610434800386428,0.68940669298172,0.6150094866752625,0.2772533297538757
926,926,train,24305,0.2506099641323089,0.631920576095581,0.2673943638801574,0.6241980791091919,0.29244264960289,0.5601375699043274,0.4187353849411011,0.4393588900566101,0.6605632305145264,0.2943194508552551,0.8264910578727722,0.1300952732563018,0.3135325014591217,0.5626339912414551,0.2641732096672058,0.6425379514694214,0.2079093754291534,0.6870632171630859,0.3592405021190643,0.5214313268661499,0.2668447494506836,0.5809139609336853,0.8061626553535461,0.1942630112171173
927,927,train,24121,0.7062076330184937,0.2458460330963134,0.5787336826324463,0.3659593462944031,0.9073032140731812,0.114962100982666,0.9092336893081664,0.1108720898628234,0.9051873087882996,0.1133560836315155,0.9368405342102052,0.0851625129580497,0.8555779457092285,0.150252565741539,0.8178965449333191,0.1609052568674087,0.5511661767959595,0.4136274456977844,0.9127519130706788,0.1103313565254211,0.1603654772043228,0.6919829845428467,0.530643880367279,0.3241240680217743
928,928,train,24603,0.4402875602245331,0.4703529775142669,0.4280956983566284,0.4811203181743622,0.707119345664978,0.2402092367410659,0.7516841292381287,0.2091308087110519,0.7958713173866272,0.2070032060146331,0.8823554515838623,0.1255777478218078,0.6320881247520447,0.318204253911972,0.5013682842254639,0.4219116270542145,0.3480783104896545,0.5327003598213196,0.752537190914154,0.2260550409555435,0.1715738624334335,0.67481529712677,0.6118559241294861,0.2806356549263
929,929,test,24361,0.3126803636550903,0.5838679075241089,0.3376761376857757,0.5639922618865967,0.4382741153240204,0.4584049582481384,0.5819382071495056,0.3283127844333648,0.7112432718276978,0.2625200748443603,0.8595268130302429,0.1234076619148254,0.4357090592384338,0.4828351438045501,0.3402736186981201,0.5827672481536865,0.2500163316726684,0.6288410425186157,0.5783870220184326,0.369320273399353,0.2264569401741027,0.6267356276512146,0.7523697018623352,0.2138872444629669
930,930,train,24291,0.2599982321262359,0.623447835445404,0.2834779322147369,0.6086440682411194,0.3167752027511596,0.5475780963897705,0.4471248686313629,0.4175930023193359,0.6713210940361023,0.2881046533584595,0.8368192911148071,0.129758208990097,0.3425478935241699,0.5468294620513916,0.2844778597354889,0.6329910755157471,0.21834197640419,0.6784988641738892,0.4010061025619507,0.501435399055481,0.2645083367824554,0.5917864441871643,0.8025280833244324,0.1992638111114502
931,931,train,23298,0.590251624584198,0.3655301928520202,0.5141140818595886,0.4168394804000854,0.865244448184967,0.1562650799751281,0.8757039308547974,0.1468466520309448,0.8702937364578247,0.1565687507390976,0.9225671887397766,0.1061491817235946,0.7686657905578613,0.2251828461885452,0.6934162974357605,0.266836404800415,0.466927170753479,0.4709370732307434,0.8775061964988708,0.14784936606884,0.152316614985466,0.6989910006523132,0.5457465052604675,0.3172836899757385
932,932,train,24262,0.2481862306594848,0.6203756332397461,0.2801567614078522,0.6141694784164429,0.2929926216602325,0.5508236289024353,0.4301964938640594,0.4133298993110657,0.6673759818077087,0.2862918376922607,0.8430596590042114,0.1254813522100448,0.31836599111557,0.5534564256668091,0.2677448689937591,0.6359294652938843,0.2087703049182891,0.6806120276451111,0.3789093196392059,0.4988000690937042,0.254939466714859,0.5920563340187073,0.8027152419090271,0.1948948502540588
933,933,train,23276,0.6472040414810181,0.3148663341999054,0.5423241257667542,0.40056973695755,0.8847112059593201,0.1395376473665237,0.892464816570282,0.1319540143013,0.8878400325775146,0.1390894651412964,0.927435338497162,0.0977735966444015,0.816185712814331,0.1931808888912201,0.7498252987861633,0.2233291268348693,0.505555272102356,0.4534582197666168,0.8940545320510864,0.131782665848732,0.1552804112434387,0.6977168321609497,0.5393362641334534,0.3209529519081116
934,934,train,23675,0.3019089102745056,0.5729225277900696,0.3299130797386169,0.559201180934906,0.4357417523860931,0.4231746196746826,0.5724108815193176,0.3124613463878631,0.7052062153816223,0.2567302584648132,0.860563337802887,0.1308003365993499,0.4297577440738678,0.4547384679317474,0.3276308476924896,0.5666521787643433,0.244594469666481,0.6163297891616821,0.585607647895813,0.3364251554012298,0.2043069154024124,0.6374902725219727,0.7262144684791565,0.2294893264770507
935,935,train,23164,0.3780557811260223,0.5208659172058105,0.3893479704856872,0.5171132683753967,0.5936917066574097,0.3076886534690857,0.6667473912239075,0.2447914630174636,0.7484942078590393,0.2309561371803283,0.8772421479225159,0.128699779510498,0.5350029468536377,0.3686503469944,0.4148474633693695,0.490008145570755,0.3057239353656769,0.5800039768218994,0.6777828335762024,0.2622822225093841,0.1920811980962753,0.6619980931282043,0.6627014875411987,0.2637801468372345
936,936,train,23381,0.6873018145561218,0.2779988944530487,0.5624235272407532,0.3816096782684326,0.9068378210067748,0.1242759525775909,0.9113015532493592,0.1196121945977211,0.9045951962471008,0.1280376315116882,0.9383140206336976,0.089587464928627,0.845780611038208,0.1705100089311599,0.7899743914604187,0.1901105791330337,0.5279419422149658,0.4329240918159485,0.9100747108459472,0.1197253465652465,0.1551339477300644,0.6953362226486206,0.5363187193870544,0.3226746022701263
937,937,train,23129,0.4025917947292328,0.4868663549423218,0.4053466320037842,0.4936842620372772,0.6482930779457092,0.2403991669416427,0.7035001516342163,0.2095788419246673,0.7608718872070312,0.2104739546775818,0.8772554397583008,0.1261726766824722,0.559613823890686,0.3177908957004547,0.4490026235580444,0.435014545917511,0.3360330760478973,0.5537018179893494,0.7062028646469116,0.2239457368850708,0.1692093759775161,0.6834621429443359,0.6153184771537781,0.2821802198886871
938,938,train,23374,0.4184470772743225,0.4900888502597809,0.4091512262821197,0.493158608675003,0.7051174640655518,0.2293600738048553,0.7448310852050781,0.1953220516443252,0.7852588891983032,0.2012818902730941,0.8852559924125671,0.1226587742567062,0.6165924072265625,0.3243886232376098,0.4668377637863159,0.4487063884735107,0.3270447552204132,0.5538445115089417,0.749502956867218,0.2136678844690323,0.1668516397476196,0.6816031336784363,0.6175824999809265,0.2824632525444031
939,939,train,23782,0.3470253646373749,0.5372443795204163,0.3632960021495819,0.5321401357650757,0.5265305042266846,0.3552898466587066,0.6192318797111511,0.2720139026641845,0.7225412130355835,0.2422581762075424,0.8673177361488342,0.1301248967647552,0.4979735910892486,0.3907631635665893,0.3839839696884155,0.5190275311470032,0.2779350578784942,0.5960352420806885,0.6340900659561157,0.2882993817329407,0.1955665349960327,0.6540741324424744,0.6962644457817078,0.2437989264726638
940,940,train,23631,0.3125457167625427,0.5747700929641724,0.3378640711307525,0.5591745376586914,0.4644151329994201,0.4219817817211151,0.5986263155937195,0.3154504299163818,0.7201699018478394,0.2623196244239807,0.8605910539627075,0.1307446956634521,0.4507808983325958,0.4621602594852447,0.343867152929306,0.571580708026886,0.2551909983158111,0.6190224885940552,0.6060323119163513,0.3423716723918915,0.2118586599826812,0.6377917528152466,0.7279198169708252,0.2300350219011306
941,941,train,23519,0.3626774251461029,0.5327943563461304,0.3799425065517425,0.5207218527793884,0.5762284994125366,0.3357106745243072,0.6708723902702332,0.2703679502010345,0.7424497008323669,0.2481299340724945,0.8722462058067322,0.1313347369432449,0.5298466682434082,0.3920650482177734,0.3962880373001098,0.5045633912086487,0.2917475998401642,0.5873640179634094,0.6703506112098694,0.2834330797195434,0.1937015652656555,0.6575382351875305,0.6793161630630493,0.2573079466819763
942,942,train,23257,0.6622430682182312,0.270485371351242,0.5564279556274414,0.3769698739051819,0.8936820030212402,0.116834357380867,0.8975033760070801,0.1127415969967842,0.8900349736213684,0.1169683933258056,0.931486189365387,0.084629088640213,0.8274860382080078,0.1564472615718841,0.7754984498023987,0.179023340344429,0.5191107392311096,0.4308544099330902,0.8998134136199951,0.112995833158493,0.1564245671033859,0.6936360597610474,0.5318187475204468,0.3215589225292206
943,943,train,24402,0.2553626596927643,0.6364700794219971,0.2639704346656799,0.6375574469566345,0.2929138839244842,0.5861209630966187,0.3891980350017547,0.4758529365062713,0.6504383087158203,0.304809033870697,0.8192334175109863,0.1387800723314285,0.3114548027515411,0.5924875140190125,0.27138552069664,0.6499270796775818,0.2237737476825714,0.6953859925270081,0.3348883092403412,0.5740304589271545,0.2815693020820617,0.5753908753395081,0.8063727617263794,0.2061464190483093
944,944,train,24168,0.6632564663887024,0.3072613775730133,0.5588968992233276,0.3905763328075409,0.9004414677619934,0.1344040930271148,0.9060408473014832,0.1293079853057861,0.9027364253997804,0.134017676115036,0.9346661567687988,0.0954874008893966,0.8387269973754883,0.1821778863668441,0.7876890301704407,0.2046999633312225,0.5175309777259827,0.4434565305709839,0.9089123010635376,0.126292735338211,0.1546651870012283,0.6982648968696594,0.5391554236412048,0.322174608707428
945,945,train,23583,0.3772316575050354,0.5256745219230652,0.3893672823905945,0.5170636773109436,0.5828215479850769,0.2941309809684753,0.6468812823295593,0.2427519112825393,0.7332496643066406,0.2359072268009185,0.8624046444892883,0.1328012347221374,0.5300952792167664,0.3721481263637543,0.4084564447402954,0.4967408776283264,0.3065956234931946,0.5912426710128784,0.6550334095954895,0.2605203688144684,0.1809461265802383,0.67525714635849,0.6565915942192078,0.2631840705871582
946,946,test,24082,0.4742176234722137,0.4450438320636749,0.4457940459251404,0.4612331688404083,0.7760518193244934,0.1987636238336563,0.8023317456245422,0.1765943169593811,0.8203827738761902,0.1845560222864151,0.8943780660629272,0.1212414130568504,0.6827975511550903,0.275642842054367,0.5574731230735779,0.3835006952285766,0.3667674362659454,0.5135602951049805,0.8099112510681152,0.189084991812706,0.1588178128004074,0.6855561137199402,0.5854420065879822,0.291796326637268
947,947,train,24251,0.3297276496887207,0.5464663505554199,0.3554615378379822,0.5402141213417053,0.4932371079921722,0.3733974993228912,0.5949862599372864,0.284354567527771,0.7141852378845215,0.247587502002716,0.8713597059249878,0.1278628408908844,0.4691841900348663,0.4143634438514709,0.3631016314029693,0.5408381819725037,0.2691209018230438,0.6030311584472656,0.6105884313583374,0.3088800609111786,0.2005001008510589,0.6488646864891052,0.7161080837249756,0.2343358397483825
948,948,train,23501,0.5519487261772156,0.3852919936180115,0.5029242634773254,0.4252491295337677,0.8249456882476807,0.1660283803939819,0.8445796370506287,0.1538165509700775,0.8477323055267334,0.1601683348417282,0.9101819396018982,0.1051676049828529,0.7282604575157166,0.2338584661483764,0.6258819103240967,0.3069213926792145,0.443385511636734,0.4885613918304443,0.8443830013275146,0.1598278880119323,0.1525292247533798,0.6979607939720154,0.5563676953315735,0.3074957132339477
949,949,train,24311,0.7248744368553162,0.232437402009964,0.5901632905006409,0.3599880337715149,0.91358882188797,0.1127059981226921,0.9167470932006836,0.1094610393047332,0.9142195582389832,0.1131394281983375,0.9414502382278442,0.0829000622034072,0.866280198097229,0.1458909213542938,0.8319260478019714,0.1545888632535934,0.5644922852516174,0.4088824689388275,0.9184839725494384,0.1088589876890182,0.1625058054924011,0.6908155679702759,0.5303715467453003,0.324763536453247
950,950,train,23477,0.2963468432426452,0.5981931686401367,0.3222369253635406,0.5800952911376953,0.3880575895309448,0.4878603219985962,0.5643669962882996,0.3397929966449737,0.6969187259674072,0.2751559913158417,0.8437135219573975,0.1340096443891525,0.4182515144348144,0.4841457307338714,0.3208961486816406,0.6001023650169373,0.2387321889400482,0.6501861214637756,0.5550963282585144,0.3809762597084045,0.2296170741319656,0.6245060563087463,0.7657012343406677,0.2093681693077087
951,951,train,24716,0.2780295610427856,0.5996737480163574,0.3014475107192993,0.5843958258628845,0.3561548590660095,0.5038985013961792,0.5144815444946289,0.3664869368076324,0.6897557973861694,0.267875611782074,0.8503561615943909,0.124061107635498,0.3784515261650085,0.5090728402137756,0.3048314452171325,0.6076166033744812,0.2262719720602035,0.653548002243042,0.4796637892723083,0.4333800375461578,0.2451771795749664,0.6049807667732239,0.7840433120727539,0.2012215256690979
952,952,test,24707,0.4622786343097687,0.4489381611347198,0.4414113759994507,0.4626487195491791,0.7144351005554199,0.2131484746932983,0.7387576699256897,0.1933861076831817,0.7593718767166138,0.1997982859611511,0.8693946599960327,0.1292846649885177,0.6359778046607971,0.2890124917030334,0.5110608339309692,0.3978747725486755,0.3685084879398346,0.5275751948356628,0.7435061931610107,0.2089222222566604,0.1627336740493774,0.6852348446846008,0.590427041053772,0.2884160578250885
953,953,train,23189,0.4181969761848449,0.4741808474063873,0.4091512560844421,0.4849801063537597,0.6691244840621948,0.2299800813198089,0.704270601272583,0.1980579793453216,0.7475822567939758,0.2047038823366165,0.8697497248649597,0.1280241459608078,0.5902953147888184,0.3081544637680053,0.4638597071170807,0.4296382069587707,0.3321365416049957,0.5436069369316101,0.7103207111358643,0.2113273292779922,0.1713062822818756,0.6730469465255737,0.6099221706390381,0.2804647982120514
954,954,train,23165,0.4723910987377167,0.4385347664356231,0.4483702778816223,0.4590864777565002,0.7275353670120239,0.1953767389059066,0.7467959523200989,0.1782145202159881,0.7733154892921448,0.1880656331777572,0.8780320882797241,0.120807446539402,0.6379486918449402,0.2731106877326965,0.525856077671051,0.3764394223690033,0.3761115968227386,0.5253194570541382,0.748306930065155,0.1919701099395752,0.157802402973175,0.6918769478797913,0.5790481567382812,0.2928296625614166
955,955,train,23497,0.3406716585159302,0.5475184321403503,0.3662810921669006,0.5372134447097778,0.5089760422706604,0.379898190498352,0.628034770488739,0.2840502262115478,0.7413482069969177,0.2485102862119674,0.8641013503074646,0.1288754940032959,0.4880493581295013,0.4201288223266601,0.376504510641098,0.5382025241851807,0.2767290472984314,0.6010322570800781,0.640773594379425,0.3043127357959747,0.2097171992063522,0.6411619782447815,0.7226777076721191,0.2340179681777954
956,956,train,23431,0.4893721044063568,0.4263592362403869,0.4573134183883667,0.4536830186843872,0.7778723239898682,0.1784907281398773,0.7963367104530334,0.1616488546133041,0.7996434569358826,0.1746577322483062,0.8893367052078247,0.11599151045084,0.6762524247169495,0.2515009343624115,0.5718942880630493,0.339881420135498,0.3945289552211761,0.5145888924598694,0.7955945134162903,0.1765487790107727,0.1518130153417587,0.6966012716293335,0.5605899691581726,0.3009814321994781
957,957,test,23297,0.2562236487865448,0.6265541315078735,0.2670894563198089,0.6204942464828491,0.300944060087204,0.5655443668365479,0.4152495563030243,0.4430364370346069,0.666233479976654,0.2923114597797394,0.8344237804412842,0.1279936730861663,0.3217946290969848,0.5661947727203369,0.2686773538589477,0.638049304485321,0.2110394686460495,0.6847238540649414,0.3646237850189209,0.5316331386566162,0.2711440324783325,0.5769166350364685,0.8011155724525452,0.198027566075325
958,958,train,24355,0.4033738374710083,0.4980809688568115,0.4070366322994232,0.4975136816501617,0.6369413733482361,0.2689316570758819,0.6851109266281128,0.2271243780851364,0.7468333840370178,0.2239330410957336,0.8732646107673645,0.1318283379077911,0.5692309737205505,0.3440480530261993,0.4530355930328369,0.4619278609752655,0.3244039118289947,0.565274178981781,0.6916385889053345,0.2444926053285598,0.1777530759572982,0.6766924262046814,0.64200359582901,0.2727386653423309
959,959,train,23302,0.4269846081733703,0.4821375906467438,0.4169083833694458,0.4882377386093139,0.7153723239898682,0.2486296445131302,0.7673486471176147,0.2121563106775283,0.79412442445755,0.2221817821264267,0.8875864744186401,0.1245752424001693,0.6203341484069824,0.336595743894577,0.4787020981311798,0.4458849728107452,0.3381931483745575,0.5459392666816711,0.7536407709121704,0.2377516329288482,0.1719532310962677,0.6756400465965271,0.631061851978302,0.2767727971076965
960,960,train,23133,0.3385855853557586,0.5213916301727295,0.3530524373054504,0.5197954177856445,0.5373144149780273,0.3315451741218567,0.6143165230751038,0.2686344385147095,0.7130231261253357,0.2412926852703094,0.8602684140205383,0.1310745179653167,0.4944925904273987,0.3818880319595337,0.3708608448505401,0.4998326897621155,0.2722214758396148,0.5758126378059387,0.631939172744751,0.285463273525238,0.1991890668869018,0.6451501846313477,0.6936477422714233,0.2471230924129486
961,961,train,23464,0.3327579498291015,0.5585650205612183,0.354675829410553,0.5447941422462463,0.5061390995979309,0.3864463865756988,0.6112938523292542,0.2919456362724304,0.7220397591590881,0.2530661821365356,0.8680364489555359,0.1299643665552139,0.4831809997558594,0.4348795711994171,0.3684785962104797,0.5513859391212463,0.2663958370685577,0.6113473773002625,0.6175152659416199,0.3180453479290008,0.20286925137043,0.6494216322898865,0.7214813828468323,0.2317716777324676
962,962,train,23789,0.2539811730384826,0.6252274513244629,0.2790473699569702,0.6131382584571838,0.3055827915668487,0.5540597438812256,0.4445864260196686,0.4201233386993408,0.680374264717102,0.281848669052124,0.8441367149353027,0.1233630552887916,0.334390252828598,0.5533590912818909,0.2759469449520111,0.6382676959037781,0.2124044597148895,0.678311288356781,0.390187919139862,0.5073085427284241,0.260286271572113,0.5912491083145142,0.8043026328086853,0.1933077722787857
963,963,train,24029,0.8352710604667664,0.1520884186029434,0.6734173893928528,0.3017840385437011,0.9338244795799256,0.1012189537286758,0.932688295841217,0.1018591523170471,0.9314363598823548,0.103445366024971,0.9504018425941468,0.0775298625230789,0.9086425304412842,0.1208511367440223,0.8996942639350891,0.1118954643607139,0.6387580037117004,0.359354704618454,0.9323424696922302,0.101818062365055,0.1831600219011306,0.6796716451644897,0.532131552696228,0.3198679983615875
964,964,train,24259,0.303589254617691,0.5675877332687378,0.3338632881641388,0.5527013540267944,0.4429434239864349,0.4339171946048736,0.5950353741645813,0.3132216334342956,0.7281340956687927,0.2614318430423736,0.8594730496406555,0.1224940493702888,0.4237536489963531,0.4749208092689514,0.3269321024417877,0.5681636333465576,0.2442415207624435,0.6126852631568909,0.5951980948448181,0.3494189977645874,0.2118141055107116,0.6299419403076172,0.7407715320587158,0.217261791229248
965,965,train,23780,0.3611644506454468,0.5289382934570312,0.3786489963531494,0.5244954824447632,0.5736819505691528,0.3047153949737549,0.6401112675666809,0.2485634237527847,0.726869523525238,0.2364065945148468,0.8628410696983337,0.1354401707649231,0.5185399055480957,0.3797502815723419,0.3971181213855743,0.5079857110977173,0.2968273162841797,0.5894865989685059,0.6483339667320251,0.2667285203933716,0.1815568953752517,0.6734064817428589,0.6662346124649048,0.256936639547348
966,966,train,24562,0.2685081958770752,0.6223757266998291,0.3031359910964966,0.5989353060722351,0.3354380130767822,0.5425021648406982,0.4852640330791473,0.4101527035236358,0.6888614296913147,0.2845664024353027,0.8391965627670288,0.1287251114845276,0.3579964339733124,0.5481404066085815,0.2959561347961426,0.6212664246559143,0.2240597009658813,0.6637354493141174,0.4529408812522888,0.4726772010326385,0.2464377284049987,0.6039161682128906,0.785180389881134,0.1985764354467392
967,967,train,23512,0.6774359345436096,0.2893259823322296,0.5539901852607727,0.3914964199066162,0.8946850299835205,0.1284741312265396,0.9002203345298767,0.1223923042416572,0.8954232335090637,0.1284188479185104,0.931173861026764,0.0937592238187789,0.8310893774032593,0.174869567155838,0.7796356678009033,0.1948695033788681,0.5194743275642395,0.438884973526001,0.9031943678855896,0.1214294657111167,0.157569870352745,0.6963062882423401,0.533494770526886,0.3234318196773529
968,968,train,24214,0.6243553161621094,0.3347789049148559,0.5360458493232727,0.4024060070514679,0.8842543363571167,0.1364043653011322,0.8907873630523682,0.1297225803136825,0.8925848603248596,0.1348820328712463,0.9269821047782898,0.0962209552526474,0.8120989203453064,0.1889907419681549,0.7493594288825989,0.2246423959732055,0.486869066953659,0.4585182070732116,0.8974100947380066,0.1294207721948623,0.1510903239250183,0.6982910633087158,0.5368165373802185,0.3197247684001922
969,969,train,22956,0.6482900977134705,0.2866815626621246,0.5483629703521729,0.3880179822444916,0.8949964046478271,0.1220492646098136,0.8977843523025513,0.1181078478693962,0.8901509642601013,0.1236585155129432,0.929493486881256,0.0896702259778976,0.8213205933570862,0.1659387201070785,0.7711033225059509,0.187372624874115,0.5203965306282043,0.4368494153022766,0.9005992412567139,0.1180691048502922,0.155190959572792,0.6969507932662964,0.5282806754112244,0.3246900141239166
970,970,train,24578,0.2597501873970032,0.6174615621566772,0.2698354125022888,0.6312107443809509,0.2951464056968689,0.5714770555496216,0.3900109827518463,0.4746048152446747,0.6548427939414978,0.3068877458572387,0.821570098400116,0.1403915584087371,0.3094238340854645,0.5769176483154297,0.2761820256710052,0.6389002203941345,0.2334837019443512,0.6782313585281372,0.3281610906124115,0.5703827142715454,0.2749549746513366,0.5762954950332642,0.7985758185386658,0.2131587415933609
971,971,test,23354,0.4639798402786255,0.4569850265979767,0.438773363828659,0.4745443761348724,0.7607532143592834,0.2263379991054535,0.7992538809776306,0.205321118235588,0.8152523040771484,0.2146969586610794,0.8885660171508789,0.1288644671440124,0.6624893546104431,0.3129899501800537,0.5321868658065796,0.4056142568588257,0.3563195168972015,0.52480149269104,0.789860188961029,0.2216862142086029,0.1634657979011535,0.6810023188591003,0.5877050757408142,0.2931977212429046
972,972,test,24016,0.2690923810005188,0.6070993542671204,0.2988645732402801,0.5814136266708374,0.3402402997016907,0.5169880986213684,0.5037823915481567,0.3792415559291839,0.6919395923614502,0.2817498445510864,0.8479282259941101,0.1258979588747024,0.3627281785011291,0.5208151340484619,0.2905395030975342,0.6061065793037415,0.2206557542085647,0.6501498818397522,0.4898398816585541,0.4299992620944977,0.2309294939041137,0.6148889660835266,0.7641333937644958,0.2021731287240982
973,973,train,24140,0.2485396265983581,0.6281232833862305,0.2631786465644836,0.6351708173751831,0.2890643775463104,0.5707211494445801,0.4030070304870605,0.4547898471355438,0.6484963893890381,0.2983005344867706,0.8313389420509338,0.1283342689275741,0.3067744970321655,0.5767436027526855,0.2643515467643738,0.6477944254875183,0.2110334783792495,0.6881810426712036,0.3498165607452392,0.5345658659934998,0.2694158256053924,0.5803385376930237,0.8085526823997498,0.1953457444906234
974,974,train,24236,0.517373263835907,0.3958880603313446,0.4672760963439941,0.4358890056610107,0.7950276732444763,0.1619599461555481,0.8017854690551758,0.1527778059244156,0.7908322811126709,0.1668604016304016,0.8866734504699707,0.1122719943523407,0.6954255700111389,0.2292593270540237,0.6076209545135498,0.3033919036388397,0.4188040494918823,0.4894199967384338,0.8058035373687744,0.1616354435682296,0.1535694897174835,0.6937628388404846,0.5478262305259705,0.3083307147026062
975,975,train,24126,0.2962404787540436,0.5825801491737366,0.3244001269340515,0.5670427680015564,0.3826295733451843,0.4648062884807586,0.5284239649772644,0.334417849779129,0.6863189935684204,0.2677005231380462,0.8571023344993591,0.1278867870569229,0.4000545442104339,0.4778494536876678,0.3175433874130249,0.5868644714355469,0.2382826656103134,0.6364706158638,0.5347386002540588,0.3744956851005554,0.2220776826143264,0.6283940672874451,0.7548323273658752,0.2156938463449478
976,976,train,23623,0.4319261014461517,0.460771769285202,0.4209671914577484,0.4669036269187927,0.6849977970123291,0.2225824296474456,0.7251131534576416,0.2002178728580474,0.7665828466415405,0.2011449784040451,0.8789964914321899,0.1241314709186554,0.5948598980903625,0.3034238815307617,0.4892911911010742,0.3992713987827301,0.352442055940628,0.5255929231643677,0.7274567484855652,0.2117665559053421,0.1673238724470138,0.6776371002197266,0.6000434160232544,0.2840203642845154
977,977,train,23595,0.2834627330303192,0.595291018486023,0.3135812282562256,0.5792949795722961,0.3596492111682892,0.5044927000999451,0.5115838050842285,0.3730266094207763,0.6978782415390015,0.2727939784526825,0.8472961187362671,0.1240842118859291,0.3742516040802002,0.5186468958854675,0.3045851290225982,0.6016864776611328,0.2325928658246994,0.6446588635444641,0.4967910945415497,0.4259033203125,0.2385674268007278,0.608989953994751,0.7742213010787964,0.2022368013858795
978,978,train,23161,0.6871476769447327,0.275536447763443,0.5646587014198303,0.3828772902488708,0.904483437538147,0.1182262748479843,0.9066729545593262,0.1139412447810173,0.9016405940055848,0.1176769211888313,0.9356404542922974,0.0873207002878189,0.8483583331108093,0.159292921423912,0.796061635017395,0.1788896024227142,0.5327965021133423,0.4323391020298004,0.9090148210525512,0.1139040887355804,0.1542089432477951,0.6979387998580933,0.5352621674537659,0.3231094181537628
979,979,test,23933,0.7731451392173767,0.1981922686100006,0.625787615776062,0.3409435153007507,0.9202099442481996,0.1061108633875846,0.9198222756385804,0.1052169352769851,0.9188154935836792,0.1055122390389442,0.942524254322052,0.0793548747897148,0.8858135342597961,0.1310435682535171,0.867293655872345,0.1315217763185501,0.5913693904876709,0.3946447372436523,0.9215223789215088,0.1041144505143165,0.1662048399448394,0.6859831809997559,0.528095006942749,0.3248165249824524
980,980,test,24472,0.4726803600788116,0.441115140914917,0.446519523859024,0.4578499495983124,0.7499090433120728,0.1935552209615707,0.7777091860771179,0.1747369617223739,0.797420859336853,0.1828842908143997,0.8850417733192444,0.1202534139156341,0.6484440565109253,0.2720338106155395,0.531239926815033,0.3826113045215606,0.377077579498291,0.523774266242981,0.7768303751945496,0.1912050694227218,0.1608213931322097,0.6879783272743225,0.5813664197921753,0.2949142456054687
981,981,train,23995,0.4357595443725586,0.4610414803028106,0.4285311996936798,0.4779430031776428,0.6939628720283508,0.2189787030220031,0.7345306873321533,0.1931178271770477,0.7698349952697754,0.2007628679275512,0.8797969818115234,0.1240938603878021,0.6050688624382019,0.2966901063919067,0.4834291636943817,0.4149974286556244,0.3479436635971069,0.5448961853981018,0.7342265844345093,0.2128392606973648,0.1616007834672927,0.6880472898483276,0.6055021286010742,0.2827785015106201
982,982,train,23704,0.263655811548233,0.6236973404884338,0.2883037626743316,0.6100221276283264,0.31704181432724,0.5521925091743469,0.4571101665496826,0.4150276482105255,0.6785447001457214,0.2847209572792053,0.8379204273223877,0.127423346042633,0.3400534689426422,0.5509583353996277,0.2867155969142914,0.6280161738395691,0.2203978449106216,0.6755784749984741,0.4127170145511627,0.4947240352630615,0.2614012062549591,0.5974512696266174,0.7992466688156128,0.1898969262838363
983,983,train,24166,0.3434569239616394,0.5547481179237366,0.3559928238391876,0.5379658341407776,0.5640381574630737,0.3456718921661377,0.6576594710350037,0.2631644308567047,0.7390270829200745,0.2424033433198928,0.8682147264480591,0.1329399347305297,0.5172897577285767,0.4125161468982696,0.3774303495883941,0.5360917448997498,0.2698439955711365,0.6006563305854797,0.6628751158714294,0.2847757637500763,0.1899071484804153,0.6582629680633545,0.6917365789413452,0.2482713460922241
984,984,train,24615,0.2561530768871307,0.6291110515594482,0.2585513293743133,0.6338069438934326,0.291875809431076,0.5770769119262695,0.3916371166706085,0.4646134972572326,0.6488327980041504,0.3020913600921631,0.8284922242164612,0.1386178880929947,0.3068402111530304,0.5836886167526245,0.2685559093952179,0.648097038269043,0.2132306098937988,0.6893808245658875,0.3375820517539978,0.5601251125335693,0.2785046100616455,0.5752761960029602,0.8127245306968689,0.204690620303154
985,985,train,24500,0.3689309656620025,0.5163241624832153,0.3865581750869751,0.5132083296775818,0.5973549485206604,0.3049480617046356,0.6612418293952942,0.2465094178915023,0.7395998239517212,0.2302338778972625,0.8695216178894043,0.1293221563100814,0.5405296087265015,0.3737566769123077,0.4124301373958587,0.4907037317752838,0.2975389361381531,0.5767822861671448,0.6713664531707764,0.2645826339721679,0.1863951236009597,0.658369243144989,0.6694268584251404,0.2554967403411865
986,986,test,23969,0.3237728774547577,0.5527949333190918,0.3500413596630096,0.5423189401626587,0.4706111550331116,0.4135781824588775,0.6206231713294983,0.3003401458263397,0.7287814021110535,0.2534026503562927,0.8727767467498779,0.1226141974329948,0.4620548188686371,0.4407928884029388,0.3509501516819,0.5511505007743835,0.260804146528244,0.6076303720474243,0.6143366098403931,0.3379962742328644,0.2156036794185638,0.6324934363365173,0.7496523261070251,0.2244423925876617
987,987,train,23188,0.2792315781116485,0.6030219793319702,0.3125353455543518,0.5813929438591003,0.3555939495563507,0.5099435448646545,0.5210503935813904,0.3627842366695404,0.6959097385406494,0.2722280025482178,0.8547829985618591,0.12554632127285,0.3706801235675812,0.5213707089424133,0.3044252693653106,0.6082430481910706,0.227807879447937,0.6519479155540466,0.4967654645442962,0.42184579372406,0.2391721457242965,0.6087498068809509,0.7825167775154114,0.2039409428834915
988,988,test,24522,0.3170996308326721,0.566966712474823,0.3424944579601288,0.5513929128646851,0.4889612793922424,0.4011140763759613,0.6199522018432617,0.2989905178546905,0.7345167398452759,0.2612382769584656,0.8685959577560425,0.1263096928596496,0.465565413236618,0.4406220316886902,0.3480797111988067,0.5594305992126465,0.2542932331562042,0.6105433702468872,0.6252560615539551,0.3283882737159729,0.2047977596521377,0.638988733291626,0.7162830233573914,0.2352639138698578
989,989,train,23325,0.3661645948886871,0.5254797339439392,0.3815471231937408,0.5173405408859253,0.5940212607383728,0.3112228214740753,0.6772236227989197,0.240345224738121,0.7480145692825317,0.2265394181013107,0.876700758934021,0.1268747001886367,0.5340805053710938,0.3776346445083618,0.4063741564750671,0.5061596632003784,0.2947811186313629,0.591223955154419,0.6781055927276611,0.2596056461334228,0.1858296394348144,0.6650649309158325,0.6858822703361511,0.2542198002338409
990,990,train,24743,0.2617608904838562,0.6217830181121826,0.2652257680892944,0.6263643503189087,0.2996045649051666,0.5622586011886597,0.3880956470966339,0.4654203653335571,0.6463616490364075,0.3011323809623718,0.8126591444015503,0.1435150802135467,0.3203060328960418,0.564763605594635,0.2754549980163574,0.6337001323699951,0.2253804951906204,0.6766080856323242,0.348455399274826,0.5454968810081482,0.2763873040676117,0.5784310698509216,0.805436372756958,0.2031837403774261
991,991,train,23046,0.4086140692234039,0.495436429977417,0.4157041013240814,0.4933742880821228,0.6749716997146606,0.2770353853702545,0.7358985543251038,0.2362017780542373,0.7814903259277344,0.2286791503429412,0.8773387670516968,0.1299047917127609,0.6118211150169373,0.3436270356178283,0.4677180349826813,0.4604568183422088,0.3282285630702972,0.5489065051078796,0.7335984110832214,0.2508595287799835,0.1804454922676086,0.6672636866569519,0.6418407559394836,0.2686081528663635
992,992,train,23533,0.7531698942184448,0.2202055305242538,0.6129584312438965,0.3519097864627838,0.9164038896560668,0.1156583055853843,0.917173445224762,0.1135329604148864,0.9133806824684144,0.1171461641788482,0.9404852390289308,0.0857766717672348,0.8749626278877258,0.1463788002729416,0.8478323817253113,0.1514365673065185,0.5802068710327148,0.4015185832977295,0.917571783065796,0.113219179213047,0.1649349331855774,0.68873530626297,0.5284156799316406,0.3268504738807678
993,993,train,23626,0.7053048610687256,0.2644696235656738,0.5736769437789917,0.3781822919845581,0.9077549576759338,0.1204499378800392,0.9104548692703248,0.1160795912146568,0.9048787355422974,0.1221889853477478,0.9386931657791138,0.0878752544522285,0.851272702217102,0.1635163426399231,0.8043657541275024,0.1802702844142913,0.5408455729484558,0.4263246655464172,0.9123548269271852,0.1154084727168083,0.1581213325262069,0.6942209601402283,0.5350530743598938,0.3243442475795746
994,994,train,23614,0.2608302235603332,0.6277351379394531,0.2714899182319641,0.6330494284629822,0.3083363771438598,0.5730117559432983,0.399663895368576,0.4825173616409302,0.6525940299034119,0.3101933002471924,0.8079054951667786,0.1500449329614639,0.3162183761596679,0.5798909664154053,0.2769162952899933,0.6444295644760132,0.2326823472976684,0.6829746961593628,0.3408847451210022,0.5674434304237366,0.2783867716789245,0.574485719203949,0.8041287064552307,0.2098734080791473
995,995,train,23712,0.6979579925537109,0.2750433087348938,0.5744366645812988,0.3792567551136017,0.9098889231681824,0.1244870424270629,0.9132723808288574,0.1195175498723983,0.909936785697937,0.124740295112133,0.9394447803497314,0.0909556820988655,0.855889081954956,0.167427197098732,0.8091830611228943,0.1796811670064926,0.5404708385467529,0.4293980598449707,0.9163082838058472,0.1174304708838462,0.1589120626449585,0.6941406726837158,0.5388756394386292,0.323788583278656
996,996,train,23495,0.4881739914417267,0.428434282541275,0.4597833752632141,0.4538557231426239,0.7708544731140137,0.1943320482969284,0.7945322394371033,0.1748060137033462,0.810272753238678,0.1854379028081894,0.8907430171966553,0.1222432702779769,0.6802937984466553,0.2752236127853393,0.5653416514396667,0.3697776198387146,0.3850454092025757,0.5020843744277954,0.7961305379867554,0.188487634062767,0.1568069905042648,0.6878279447555542,0.5705310702323914,0.2956218421459198
997,997,train,23834,0.5282662510871887,0.3920792639255523,0.4814562201499939,0.4333254098892212,0.8178434371948242,0.158584251999855,0.826092541217804,0.1475780457258224,0.8247166872024536,0.1582433581352234,0.8998943567276001,0.1073538437485694,0.7163029313087463,0.220665231347084,0.6237457394599915,0.2872802913188934,0.4286841452121734,0.489873856306076,0.8309863805770874,0.155177965760231,0.1510795652866363,0.6990215182304382,0.5454906821250916,0.3116983771324157
998,998,test,24676,0.2950547635555267,0.5669050216674805,0.3263976275920868,0.5555408000946045,0.3977337777614593,0.4456652998924255,0.5521626472473145,0.3238305151462555,0.7111033797264099,0.264496237039566,0.8490357995033264,0.1264902651309967,0.4099868535995483,0.4615975618362427,0.3225079178810119,0.5666933655738831,0.2401997148990631,0.6177765130996704,0.5584531426429749,0.3645381927490234,0.230595126748085,0.6145377159118652,0.7583351731300354,0.2109282910823822
999,999,test,24668,0.3662895858287811,0.5092383027076721,0.3812047243118286,0.5138534903526306,0.5835928320884705,0.3021670579910278,0.6529495716094971,0.2444397211074829,0.7362673282623291,0.2302003055810928,0.8674792647361755,0.1324741095304489,0.5316317081451416,0.3698503971099853,0.4054056107997894,0.4914801120758056,0.2941843867301941,0.5684422254562378,0.6608213782310486,0.2630877196788788,0.1829829514026641,0.6632093787193298,0.6711199879646301,0.2536684572696686
1000,1000,train,23250,0.2869182825088501,0.6012452244758606,0.3169845342636108,0.5787988901138306,0.3744141161441803,0.5047631859779358,0.5422423481941223,0.3552630543708801,0.7125474214553833,0.2697276175022125,0.8541755676269531,0.1249205693602562,0.386933833360672,0.5190636515617371,0.30861297249794,0.6027423739433289,0.2310161888599395,0.6408336162567139,0.5165903568267822,0.4129271209239959,0.2370021045207977,0.6091076731681824,0.7819924354553223,0.206067681312561
1001,1001,train,24686,0.3031299412250519,0.573516845703125,0.3363267481327057,0.5607566237449646,0.4166674315929413,0.4426545798778534,0.5635479688644409,0.3158488571643829,0.7128377556800842,0.2620960474014282,0.8577685952186584,0.1279698759317398,0.4093007743358612,0.4663154780864715,0.3271058797836303,0.5696660876274109,0.2476571053266525,0.6203091144561768,0.5778089761734009,0.3455687463283539,0.2135811448097229,0.6365253925323486,0.7356249690055847,0.2206990420818328
1002,1002,train,24326,0.4336183965206146,0.4716689586639404,0.4281957447528839,0.4825142621994018,0.6819210648536682,0.2203589826822281,0.7221640944480896,0.1936549544334411,0.7741451263427734,0.1959635615348816,0.8746538162231445,0.1259160339832306,0.6058622002601624,0.3012590706348419,0.4836911857128143,0.4257978796958923,0.3517143428325653,0.5482779145240784,0.7308028340339661,0.2079749107360839,0.1664335876703262,0.6875585317611694,0.601830780506134,0.2872441411018371
1003,1003,train,24677,0.6631075739860535,0.3009260594844818,0.5498660206794739,0.3928948044776916,0.891586184501648,0.124728225171566,0.8977888822555542,0.1184814199805259,0.8947561979293823,0.1225729137659072,0.9302027821540833,0.0930623114109039,0.827495813369751,0.1659995168447494,0.778001070022583,0.192786231637001,0.5079823732376099,0.4462760984897613,0.9013268947601318,0.1192797124385833,0.153779536485672,0.6963838338851929,0.5335686802864075,0.3219088315963745
1004,1004,train,24049,0.3057340383529663,0.5815013647079468,0.3307355940341949,0.5638222694396973,0.4178327023983001,0.4431844651699066,0.5481503009796143,0.3221106827259063,0.6865168213844299,0.2628291249275207,0.8616949319839478,0.1278600096702575,0.4214322865009308,0.4619775712490082,0.3337999582290649,0.5794220566749573,0.2461864948272705,0.6380085349082947,0.5545402765274048,0.3515333533287048,0.2164271175861358,0.6404426693916321,0.7458906173706055,0.2234304845333099
1005,1005,train,23765,0.4656032621860504,0.4322853088378906,0.4399620592594147,0.4567062258720398,0.7469895482063293,0.1871576458215713,0.7689443826675415,0.1718611717224121,0.775146484375,0.1831855326890945,0.8818063735961914,0.1183904334902763,0.6394261717796326,0.2606538832187652,0.5346699357032776,0.3605414628982544,0.3738391995429992,0.5145961046218872,0.7693144083023071,0.1848672479391098,0.15574511885643,0.6903668642044067,0.5732095837593079,0.2964187562465668
1006,1006,train,23725,0.5264492034912109,0.3969146311283111,0.4743873178958893,0.4378080070018768,0.7996684312820435,0.161931112408638,0.813007116317749,0.1514678448438644,0.8187336325645447,0.1602160930633545,0.8966562151908875,0.1105161011219024,0.7079613208770752,0.2277256548404693,0.6099112033843994,0.3091062307357788,0.4149114191532135,0.4946835339069366,0.821609616279602,0.1575606614351272,0.1564954221248626,0.6953960657119751,0.5567721128463745,0.3061444461345672
1007,1007,train,23036,0.6586481928825378,0.303986519575119,0.5521131753921509,0.3924678266048431,0.8848901987075806,0.1308401674032211,0.8905779123306274,0.1235245838761329,0.8898013234138489,0.1291769444942474,0.9275715351104736,0.0940399765968322,0.8188459277153015,0.1781656444072723,0.7650179266929626,0.2083203494548797,0.5038118958473206,0.4488610029220581,0.898384153842926,0.1224315762519836,0.1537161022424698,0.6972053050994873,0.5382142663002014,0.3217964172363281
1008,1008,train,24248,0.2589219510555267,0.6208051443099976,0.2902357876300812,0.608060359954834,0.3145425021648407,0.5504788160324097,0.4532607495784759,0.4076324999332428,0.6735168695449829,0.2799753546714782,0.8402727246284485,0.1259176731109619,0.3333379924297333,0.5560213923454285,0.2797465026378631,0.626293957233429,0.216490238904953,0.6691374182701111,0.4007247686386108,0.4915897846221924,0.2580118477344513,0.5891245603561401,0.8001346588134766,0.1922734379768371
1009,1009,train,23935,0.4269928634166717,0.4799102246761322,0.419034868478775,0.4853524267673492,0.6916000843048096,0.2458604127168655,0.7451320290565491,0.2035025507211685,0.7870416641235352,0.204832449555397,0.8799863457679749,0.1258011758327484,0.610578179359436,0.3304156064987182,0.4801652133464813,0.4445016384124756,0.3372533023357391,0.5435867309570312,0.7420868873596191,0.2219657748937606,0.1715293079614639,0.6759373545646667,0.6289677619934082,0.2715839147567749
1010,1010,train,23803,0.2616903185844421,0.62664395570755,0.2775518298149109,0.6342653036117554,0.3023930788040161,0.5759157538414001,0.399993896484375,0.4653797149658203,0.6612271666526794,0.2982949912548065,0.8333517909049988,0.1354918330907821,0.3229201436042785,0.5870307683944702,0.276568055152893,0.6514241099357605,0.2335299253463745,0.6881403923034668,0.3476563692092895,0.5502062439918518,0.2754541635513305,0.5766643285751343,0.8098433017730713,0.20932437479496
1011,1011,train,23985,0.2799498438835144,0.6093536019325256,0.3074089586734772,0.5838311910629272,0.3783507049083709,0.5103298425674438,0.5532278418540955,0.3629044890403747,0.7079331874847412,0.2723853886127472,0.8492975831031799,0.1305611878633499,0.405859500169754,0.5117637515068054,0.3057340383529663,0.6109532117843628,0.2256364226341247,0.6519213914871216,0.5292142629623413,0.4192129671573639,0.2323224991559982,0.6135914325714111,0.7812160849571228,0.2008246928453445
1012,1012,train,23736,0.2722528278827667,0.61194908618927,0.2998651564121246,0.5953251123428345,0.3433179259300232,0.5221680998802185,0.4911461472511291,0.3892015814781189,0.6847934722900391,0.2780746221542358,0.8468444347381592,0.1255494505167007,0.3675726950168609,0.5277482271194458,0.29397714138031,0.6256345510482788,0.2202884703874588,0.6644413471221924,0.4630824625492096,0.4565234780311584,0.2471140921115875,0.6078928112983704,0.7823096513748169,0.2028506994247436
1013,1013,train,23855,0.6278612613677979,0.3059567809104919,0.5328496694564819,0.3933221101760864,0.8835339546203613,0.1259367913007736,0.88764488697052,0.1205367818474769,0.8822754621505737,0.1263299882411956,0.9256864786148072,0.090592473745346,0.8070195317268372,0.1731142252683639,0.7458301186561584,0.2044609189033508,0.4934505522251129,0.4483534097671509,0.8909759521484375,0.1212199702858924,0.1519331336021423,0.6969989538192749,0.5335896611213684,0.3202330470085144
1014,1014,test,23997,0.3330104351043701,0.554828941822052,0.3531962931156158,0.543459951877594,0.4877527058124542,0.3951538503170013,0.5939657092094421,0.2982334792613983,0.6966149806976318,0.2511420547962188,0.8590421676635742,0.1328714191913604,0.4719769060611725,0.4350477457046509,0.3655732572078705,0.5465794801712036,0.2681054472923279,0.6104369163513184,0.6005102396011353,0.3201768696308136,0.2076263129711151,0.6467700004577637,0.7286497950553894,0.2309572696685791
1015,1015,train,22982,0.6453137993812561,0.3140292763710022,0.529013991355896,0.399974912405014,0.8826298117637634,0.1388019621372223,0.8897842168807983,0.1333192139863968,0.8856775164604187,0.1416112035512924,0.9256135821342468,0.0988951176404953,0.8214996457099915,0.1883162856101989,0.7615751028060913,0.2180653810501098,0.484845221042633,0.448741465806961,0.8911643028259277,0.1327769607305526,0.1540537178516388,0.7001068592071533,0.5377204418182373,0.3204822540283203
1016,1016,train,23076,0.3226450383663177,0.5549206733703613,0.3471063375473022,0.5407743453979492,0.4669933319091797,0.4027954339981079,0.5847403407096863,0.2994397580623626,0.7103217840194702,0.2492911666631698,0.8623449802398682,0.1235934793949127,0.4558510184288025,0.4340133368968963,0.3532065153121948,0.5471593737602234,0.257237821817398,0.6043866276741028,0.6030837297439575,0.3200002908706665,0.2103283256292343,0.6362662315368652,0.7266042828559875,0.2264603525400161
1017,1017,train,23940,0.4651388525962829,0.4457477927207947,0.4304926991462707,0.4673124551773071,0.767779529094696,0.1998905837535858,0.8020454049110413,0.1775434613227844,0.8117054104804993,0.1885787844657898,0.8924239873886108,0.1192751750349998,0.6614846587181091,0.2862740457057953,0.5263554453849792,0.3882011771202087,0.3631900548934936,0.5191320180892944,0.7909451127052307,0.1944215893745422,0.1569085866212844,0.6857209205627441,0.5884161591529846,0.2890998423099518
1018,1018,train,24068,0.2703092694282532,0.6018964648246765,0.3015448153018951,0.5786694884300232,0.3460914194583893,0.5035780072212219,0.5216970443725586,0.3558762073516845,0.7170830965042114,0.2669287919998169,0.8520731329917908,0.124229297041893,0.3597616255283355,0.5140713453292847,0.2905552089214325,0.5980187654495239,0.2200203835964203,0.6396774053573608,0.505378782749176,0.4066087901592254,0.2295073568820953,0.6138824820518494,0.7679680585861206,0.204671636223793
1019,1019,train,24025,0.6893527507781982,0.265429139137268,0.5729126930236816,0.3711439371109009,0.9034417867660522,0.1158895939588546,0.9060064554214478,0.1114933043718338,0.9006283283233643,0.1163550242781639,0.9356807470321656,0.0853740647435188,0.8478841781616211,0.1533339768648147,0.803979218006134,0.1717550307512283,0.5385354161262512,0.4225307703018188,0.9089587926864624,0.1120408996939659,0.1564823240041732,0.6930232048034668,0.5352769494056702,0.3220394849777221
1020,1020,train,23466,0.2967856824398041,0.5773423910140991,0.3246813416481018,0.5692108869552612,0.4147948920726776,0.4436710774898529,0.5438959002494812,0.3234236538410187,0.6924864649772644,0.2618210315704345,0.8590916395187378,0.1234580352902412,0.4161172807216644,0.4669071137905121,0.3253496289253235,0.5869719982147217,0.2428205460309982,0.6435196399688721,0.5370297431945801,0.3691455721855163,0.2275817990303039,0.6258640885353088,0.7594959735870361,0.215050995349884
1021,1021,test,24699,0.2851798832416534,0.5958472490310669,0.3199459910392761,0.5791480541229248,0.3673570156097412,0.49779012799263,0.5133456587791443,0.3607242107391357,0.6939948201179504,0.2717405557632446,0.8537722826004028,0.1226984709501266,0.38577401638031,0.5054280757904053,0.3100976645946502,0.6001153588294983,0.2352826595306396,0.6476564407348633,0.4923709034919739,0.4191236793994903,0.2398971170186996,0.6161554455757141,0.7766755223274231,0.2019431740045547
1022,1022,train,24683,0.2522006928920746,0.6146256923675537,0.2560356259346008,0.6314176321029663,0.2859406769275665,0.5616050958633423,0.3990010023117065,0.4478084743022918,0.6565133929252625,0.2980029284954071,0.8253694176673889,0.1316218078136444,0.3124881386756897,0.5662712454795837,0.2616626620292663,0.6468008160591125,0.2140904664993286,0.6833502650260925,0.3437264263629913,0.5391038656234741,0.280858963727951,0.5698351263999939,0.8134467005729675,0.2008435130119323
1023,1023,train,23710,0.2598011791706085,0.6233667731285095,0.2897670865058899,0.6014342904090881,0.3252415657043457,0.5387437343597412,0.463516354560852,0.4033490419387817,0.6695377826690674,0.2801544368267059,0.8486297130584717,0.1212540864944458,0.3420815765857696,0.545446515083313,0.2822192311286926,0.6220909357070923,0.213396206498146,0.6682566404342651,0.4335258305072784,0.4705528616905212,0.2532296180725097,0.5958664417266846,0.7841932773590088,0.2002767622470855
1024,1024,train,23033,0.3364365100860595,0.5651083588600159,0.3595797717571258,0.5508124232292175,0.5018389225006104,0.404850035905838,0.6445849537849426,0.2958742678165436,0.7386290431022644,0.2538410127162933,0.8690833449363708,0.1274460107088089,0.4784590899944305,0.4491518437862396,0.3623580634593963,0.5588844418525696,0.2751156687736511,0.6189135313034058,0.6391698718070984,0.3213707506656647,0.2026897072792053,0.6514496803283691,0.712416410446167,0.2382357120513916
1025,1025,train,23971,0.4098553657531738,0.4852430820465088,0.414691299200058,0.4879222512245178,0.6737657785415649,0.2501205205917358,0.7158738374710083,0.2196339964866638,0.7695655226707458,0.2186541706323623,0.8781448602676392,0.1276246756315231,0.5890045166015625,0.3330946862697601,0.4604976773262024,0.444781094789505,0.33372762799263,0.5523006916046143,0.7203859090805054,0.2372684776782989,0.170314073562622,0.6777854561805725,0.6228744983673096,0.277475506067276
1026,1026,train,23647,0.5803303122520447,0.3650816977024078,0.5153481364250183,0.4170961081981659,0.8367440700531006,0.1682292073965072,0.8567107319831848,0.1561020165681839,0.8537750840187073,0.1652329117059707,0.9157435297966005,0.1097545847296714,0.7498081922531128,0.2329980880022049,0.6590440273284912,0.2893127202987671,0.4568054974079132,0.4777621924877167,0.8618904948234558,0.157816469669342,0.1524296253919601,0.699696958065033,0.5474071502685547,0.3154125213623047
1027,1027,train,24013,0.3417904376983642,0.5508917570114136,0.3585154712200165,0.5411900281906128,0.524573028087616,0.3676058948040008,0.6127190589904785,0.2765747606754303,0.7169533371925354,0.2455156594514846,0.8565950393676758,0.1346269249916076,0.4955605864524841,0.4124323725700378,0.3790619075298309,0.5381436944007874,0.2682833075523376,0.6008940935134888,0.6257625818252563,0.2981810271739959,0.1994208544492721,0.6493731141090393,0.7059814929962158,0.2356783300638198
1028,1028,train,24586,0.4253679513931274,0.4825912714004516,0.4187396466732025,0.4914895594120025,0.7067869901657104,0.261724442243576,0.7529826760292053,0.2312995642423629,0.7866796255111694,0.2318513393402099,0.8844402432441711,0.1311814486980438,0.6146734356880188,0.343347817659378,0.4773922562599182,0.4467665255069732,0.3317323327064514,0.5452189445495605,0.746488094329834,0.2456492632627487,0.1678793132305145,0.6752420663833618,0.6194190979003906,0.2812813520431518
1029,1029,train,23693,0.5940512418746948,0.339443564414978,0.511909544467926,0.4110506772994995,0.8653838634490967,0.1368838548660278,0.8717522621154785,0.1292290836572647,0.8676705956459045,0.1365052163600921,0.919118583202362,0.0964386686682701,0.7828832268714905,0.1907752603292465,0.7101945877075195,0.2368147075176239,0.4643996655941009,0.462267518043518,0.8760523796081543,0.1303176283836364,0.1530609726905822,0.6961512565612793,0.541729748249054,0.3171801269054413
1030,1030,test,23990,0.6646342277526855,0.3013269901275635,0.5572144985198975,0.3910207450389862,0.8979300260543823,0.1275339424610138,0.9015673398971558,0.1228504031896591,0.8957202434539795,0.1262050420045852,0.9306141138076782,0.0944613441824913,0.8375774621963501,0.1734783500432968,0.7857718467712402,0.1964856833219528,0.5146222710609436,0.4440605640411377,0.9037398099899292,0.1215232759714126,0.1547451466321945,0.6975016593933105,0.5371154546737671,0.3226025402545929
1031,1031,train,23271,0.4251127541065216,0.4911671280860901,0.4190269708633423,0.4895953238010406,0.6940279603004456,0.2424096167087555,0.7453629374504089,0.2087630182504654,0.7736295461654663,0.2109672129154205,0.8825170397758484,0.1218870505690574,0.5966922044754028,0.3338282406330108,0.4645911753177643,0.4510523378849029,0.3375100195407867,0.5632855892181396,0.7359911799430847,0.2286851406097412,0.1642047464847564,0.6855283975601196,0.6186121106147766,0.2793392837047577
1032,1032,train,24393,0.4471310675144195,0.4549376368522644,0.4388485848903656,0.4667672216892242,0.7005153894424438,0.217085376381874,0.7241363525390625,0.1985621750354766,0.7588491439819336,0.2025785595178604,0.8704950213432312,0.1299443691968917,0.6154471635818481,0.2931270599365234,0.5051197409629822,0.4039107859134674,0.3662942945957184,0.5284638404846191,0.7334486246109009,0.2105781435966491,0.1662839651107788,0.6816236972808838,0.5960655212402344,0.2878440022468567
1033,1033,train,23653,0.3206638693809509,0.5611360669136047,0.3438761234283447,0.5476077198982239,0.4944625794887543,0.3988386690616607,0.6028924584388733,0.3029103279113769,0.7166836857795715,0.2559138536453247,0.8549062609672546,0.1333719789981842,0.4686682224273681,0.4436139166355133,0.3500345647335052,0.5515493154525757,0.2606055736541748,0.6046536564826965,0.6208280920982361,0.3217014372348785,0.2068243771791458,0.6430530548095703,0.7142841219902039,0.2339727729558944
1034,1034,test,23757,0.4867289662361145,0.4353523552417755,0.4577977955341339,0.4550586640834808,0.7823854088783264,0.1840773820877075,0.8033794164657593,0.1653977036476135,0.825279176235199,0.1789650470018386,0.8830522894859314,0.1234049871563911,0.6995096802711487,0.2554167211055755,0.5871948003768921,0.3491942286491394,0.3893206417560577,0.5060958862304688,0.8136134147644043,0.177198514342308,0.1598054319620132,0.6864625215530396,0.5735055804252625,0.2934807240962982
1035,1035,train,23588,0.246279239654541,0.6271855235099792,0.2734089493751526,0.6122303009033203,0.3021905422210693,0.5603694319725037,0.4449832141399383,0.4243592917919159,0.6727755069732666,0.2858896255493164,0.8390820622444153,0.1229341700673103,0.3269658982753753,0.5574042201042175,0.2708644270896911,0.6377649903297424,0.2051936388015747,0.6766119599342346,0.3901887238025665,0.5058054327964783,0.255715548992157,0.5895313620567322,0.8016612529754639,0.1929519772529602
1036,1036,train,24478,0.2716733813285827,0.6124851107597351,0.3029417395591736,0.5953316688537598,0.337115466594696,0.5240345001220703,0.5011578798294067,0.3776431381702423,0.6748036742210388,0.2751175165176391,0.8427796363830566,0.1292827576398849,0.3721280097961426,0.5285740494728088,0.2966185510158539,0.6236499547958374,0.226186528801918,0.6612434387207031,0.4542016685009002,0.4527740478515625,0.2406894266605377,0.6099684238433838,0.7874200940132141,0.2001572698354721
1037,1037,train,24691,0.6032835841178894,0.3531938791275024,0.51863032579422,0.4112134873867035,0.8808724284172058,0.1503230184316635,0.8813861012458801,0.1478188335895538,0.8832401633262634,0.1570126265287399,0.9208753108978271,0.1102300211787223,0.7888525724411011,0.2180146723985672,0.7283568382263184,0.2478228956460952,0.4891317784786224,0.4592540264129638,0.8881982564926147,0.1482021212577819,0.1531141251325607,0.697984516620636,0.5429863333702087,0.319684088230133
1038,1038,train,23657,0.2638575136661529,0.6128339171409607,0.2744601964950561,0.6295292973518372,0.3015221953392029,0.5659414529800415,0.3981304168701172,0.4642447829246521,0.6541051268577576,0.3061178028583526,0.8224653005599976,0.1440931409597396,0.3142960667610168,0.5671730041503906,0.2725084722042084,0.6321678161621094,0.2369721084833145,0.6734296679496765,0.3455699980258941,0.5515996813774109,0.2770590484142303,0.572869062423706,0.8058915138244629,0.2184561938047409
1039,1039,train,23988,0.5969433188438416,0.3456443250179291,0.5126268267631531,0.4125904440879822,0.8695083856582642,0.1402214169502258,0.8752256631851196,0.1331318169832229,0.8678833246231079,0.1442736536264419,0.9201167821884156,0.0995931476354599,0.7846711277961731,0.1975459605455398,0.6977952718734741,0.2488983720541,0.4721528887748718,0.462882786989212,0.8791738152503967,0.1359239518642425,0.149270474910736,0.7003222107887268,0.53766268491745,0.3171414732933044
1040,1040,test,23529,0.5943896174430847,0.3383687436580658,0.5231857299804688,0.4047211408615112,0.8626904487609863,0.134889930486679,0.8670610785484314,0.1274375468492508,0.8632166385650635,0.1321718841791153,0.9179269671440125,0.0968749597668647,0.7750184535980225,0.1864683181047439,0.714503288269043,0.227762684226036,0.4802219867706299,0.458505630493164,0.8763095140457153,0.1273155957460403,0.1539395153522491,0.6973794102668762,0.5385602116584778,0.3189492523670196
1041,1041,train,23804,0.2561145722866058,0.6181053519248962,0.2672494649887085,0.6221126317977905,0.2994473874568939,0.5541934370994568,0.4208549857139587,0.4363673031330108,0.6608896851539612,0.2932901084423065,0.8365271687507629,0.1257607489824295,0.3183617889881134,0.5605268478393555,0.2692562639713287,0.6367066502571106,0.2172000855207443,0.6798800826072693,0.3575390875339508,0.5213174819946289,0.2723016440868377,0.5765479803085327,0.8100640773773193,0.2002707868814468
1042,1042,train,23167,0.3569828867912292,0.5125334858894348,0.3706676363945007,0.5139658451080322,0.584922730922699,0.2983546257019043,0.6598710417747498,0.2347420901060104,0.7565836906433105,0.228212758898735,0.864746630191803,0.1295118629932403,0.5189400315284729,0.3734402954578399,0.3954726755619049,0.4973299205303192,0.289171040058136,0.5649112462997437,0.6670106053352356,0.2570865154266357,0.1906954497098922,0.6521294713020325,0.6749274730682373,0.2471600472927093
1043,1043,test,24591,0.3435252606868744,0.5376116037368774,0.3635185062885284,0.5277647972106934,0.5204162001609802,0.388462483882904,0.64837646484375,0.2882431745529175,0.7477568984031677,0.2517891824245453,0.8650509715080261,0.1273135989904403,0.4840902388095855,0.4330723583698272,0.3774114847183227,0.5207194089889526,0.2700052559375763,0.5861179232597351,0.6582842469215393,0.3051997423171997,0.2092346101999282,0.6302211284637451,0.7249075770378113,0.2309455871582031
1044,1044,test,23575,0.3269735276699066,0.547364354133606,0.3553539216518402,0.5368381142616272,0.4994198977947235,0.3737916350364685,0.6017249822616577,0.2859750986099243,0.726033627986908,0.2499669194221496,0.8622085452079773,0.1299677640199661,0.4738949537277221,0.4210768043994903,0.3621465563774109,0.5368184447288513,0.2661278545856476,0.5902482271194458,0.6188291907310486,0.3068379461765289,0.2054531127214431,0.6360106468200684,0.711031436920166,0.2325332462787628
1045,1045,test,24496,0.2690702974796295,0.6151298880577087,0.2769988477230072,0.6286916136741638,0.3073092401027679,0.5658954381942749,0.3917384147644043,0.4732708930969238,0.6506239771842957,0.3070077002048492,0.8046281933784485,0.1560385972261428,0.3183029592037201,0.5715524554252625,0.2799700498580932,0.6388117671012878,0.2410825192928314,0.6769514679908752,0.3425447344779968,0.555324137210846,0.2818661630153656,0.573458194732666,0.798689603805542,0.2200279980897903
1046,1046,train,24346,0.4950502216815948,0.4254069030284881,0.4609136283397674,0.4533253014087677,0.8047842383384705,0.1772586554288864,0.823356568813324,0.1613424718379974,0.8286306858062744,0.1697475016117096,0.8987642526626587,0.1144521832466125,0.7030200362205505,0.2522625625133514,0.5878802537918091,0.3450145423412323,0.3936449587345123,0.5064198970794678,0.8250685334205627,0.1730251163244247,0.1561958193778991,0.6895421743392944,0.568501353263855,0.2966931760311126
1047,1047,train,24042,0.6075353026390076,0.31480872631073,0.5192015171051025,0.4032671749591827,0.8724520206451416,0.1267008930444717,0.8774574995040894,0.1205774545669555,0.8655686974525452,0.1260223388671875,0.919622004032135,0.0910692885518074,0.7932195663452148,0.1719363629817962,0.7256385684013367,0.2087529152631759,0.4752043783664703,0.4596235156059265,0.8798619508743286,0.1213379949331283,0.152139350771904,0.6971933245658875,0.5322667956352234,0.3188776671886444
1048,1048,train,24189,0.6824484467506409,0.2780869603157043,0.564603865146637,0.3782442212104797,0.8881036639213562,0.123810164630413,0.8932062387466431,0.1183589994907379,0.8884513974189758,0.1222020834684372,0.9258414506912231,0.0901080444455146,0.8254854679107666,0.1669661849737167,0.7824963331222534,0.1847674697637558,0.5293134450912476,0.4303759038448334,0.8978308439254761,0.1153202131390571,0.154928058385849,0.6932100057601929,0.5370701551437378,0.3213034272193908
1049,1049,train,23479,0.4025633633136749,0.4832072257995605,0.4033600091934204,0.4934174716472626,0.6703255772590637,0.2458142191171646,0.7225291132926941,0.2089334279298782,0.7714616060256958,0.2126930803060531,0.8743131756782532,0.1243602335453033,0.5923216342926025,0.3240831792354584,0.4494041204452514,0.4482526779174804,0.3187302649021148,0.5592271089553833,0.7198233008384705,0.2286045104265213,0.1733239889144897,0.6747996211051941,0.6311074495315552,0.274866372346878
1050,1050,train,23776,0.3793546855449676,0.5203555822372437,0.3910500705242157,0.5132884383201599,0.5972777009010315,0.3135526776313782,0.6774932742118835,0.2430081963539123,0.7391858696937561,0.2281838506460189,0.8713136911392212,0.1312864869832992,0.5431662201881409,0.3754865229129791,0.4187352061271667,0.5001370906829834,0.3070599734783172,0.5831490755081177,0.6726489663124084,0.2631159722805023,0.1842087060213089,0.6680823564529419,0.6713070273399353,0.2566994428634643
1051,1051,train,24024,0.4628235399723053,0.4511776864528656,0.4461666643619537,0.4711529016494751,0.7356829047203064,0.2126383781433105,0.7606309652328491,0.1922980397939682,0.7857615947723389,0.1982044428586959,0.8804137110710144,0.1264273077249527,0.6478996276855469,0.2919670343399048,0.5258510708808899,0.4007385373115539,0.3644987046718597,0.538430392742157,0.7665256261825562,0.2037388831377029,0.1627966463565826,0.6886752843856812,0.5950888991355896,0.2891840636730194
1052,1052,train,24097,0.3526059985160827,0.5336509943008423,0.3703071475028991,0.527779221534729,0.5669789910316467,0.339887797832489,0.6450092792510986,0.2618430256843567,0.7215384840965271,0.2377919852733612,0.8725644946098328,0.1264921277761459,0.5191832184791565,0.4000624120235443,0.3965003192424774,0.5162495970726013,0.2818913757801056,0.5997023582458496,0.6403488516807556,0.2810944318771362,0.1932587027549743,0.6531257033348083,0.7061926126480103,0.2431066185235977
1053,1053,test,23389,0.2593915462493896,0.6156818270683289,0.2630987167358398,0.6361433863639832,0.2959978878498077,0.5718514323234558,0.3959007263183594,0.4681398868560791,0.6457487344741821,0.3046832680702209,0.8223361968994141,0.1419091373682022,0.312258243560791,0.5690340995788574,0.2648423016071319,0.6486963629722595,0.2179879248142242,0.6844989061355591,0.3332729041576385,0.5671709179878235,0.2798763215541839,0.5770284533500671,0.8108705282211304,0.2102851569652557
1054,1054,train,24264,0.3766239285469055,0.50724858045578,0.3905299305915832,0.5076369047164917,0.6077563166618347,0.2868024408817291,0.6690061688423157,0.2401406615972519,0.7373591065406799,0.2274479568004608,0.872572124004364,0.1306120604276657,0.5442191958427429,0.3513018786907196,0.4216614961624145,0.4703500270843506,0.3073142468929291,0.5651031136512756,0.6816917061805725,0.2553205192089081,0.1839086413383484,0.6665586233139038,0.6496951580047607,0.2649162709712982
1055,1055,train,24535,0.5145412087440491,0.3955025970935821,0.4726093411445617,0.434300422668457,0.7863900065422058,0.1657577902078628,0.8016705513000488,0.15181565284729,0.7980214357376099,0.1625879555940628,0.890335738658905,0.1105356961488723,0.6921219229698181,0.232687771320343,0.593416690826416,0.3193555176258087,0.4154590368270874,0.4971500635147095,0.7994678020477295,0.1630889773368835,0.1537084579467773,0.6961466670036316,0.556189239025116,0.3039153516292572
1056,1056,train,23105,0.252786785364151,0.6249886751174927,0.2749144434928894,0.6117571592330933,0.304874449968338,0.5546069145202637,0.4413056075572967,0.4211204946041107,0.6759635210037231,0.2799797654151916,0.8369871973991394,0.1262392699718475,0.3266012370586395,0.5547340512275696,0.2714478373527527,0.6387798190116882,0.207308754324913,0.6756147146224976,0.3847611844539642,0.509634792804718,0.2622493505477905,0.5875565409660339,0.8016913533210754,0.1969844698905944
1057,1057,train,23962,0.5878803730010986,0.3599676489830017,0.50847989320755,0.4190478026866913,0.8703428506851196,0.145447239279747,0.8807235956192017,0.1362202763557434,0.8701092004776001,0.1471417248249054,0.9198048114776612,0.1010245531797409,0.7766180038452148,0.2133417725563049,0.6754401922225952,0.2685255110263824,0.4622471630573272,0.4758215248584747,0.8730571269989014,0.1412888616323471,0.1485694944858551,0.6973804831504822,0.547801673412323,0.3128737807273865
1058,1058,train,23318,0.6627764701843262,0.2902082800865173,0.5493527054786682,0.3910371959209442,0.894188642501831,0.1307476907968521,0.8989730477333069,0.1249751821160316,0.8944351077079773,0.1302603036165237,0.9316613674163818,0.0942755118012428,0.8304408192634583,0.1691446751356125,0.7779248356819153,0.193214401602745,0.5034645795822144,0.4450606405735016,0.9010011553764344,0.1243655383586883,0.1540297418832779,0.6976131200790405,0.5327108502388,0.3222664892673492
1059,1059,train,23439,0.4787240028381347,0.4370677471160888,0.4598695337772369,0.4615041613578796,0.7677507400512695,0.1892849653959274,0.7845410704612732,0.1719356626272201,0.8055914044380188,0.1831480413675308,0.8854057192802429,0.1206457614898681,0.6642982959747314,0.2709881365299225,0.5655049085617065,0.3675055801868438,0.3929417729377746,0.5119773149490356,0.7932851910591125,0.1842866241931915,0.1569312363862991,0.6916800141334534,0.56703782081604,0.3020965754985809
1060,1060,test,23832,0.2844051122665405,0.6031461358070374,0.3116128742694855,0.5807012915611267,0.3601913452148437,0.5152331590652466,0.512776792049408,0.3781619071960449,0.6979377269744873,0.2807723581790924,0.8465455770492554,0.1264820843935012,0.3802660405635834,0.516744077205658,0.311097115278244,0.6011760234832764,0.2323019355535507,0.6548172831535339,0.489013671875,0.4315769672393799,0.2434832602739334,0.607701301574707,0.7845865488052368,0.2034851014614105
1061,1061,train,23535,0.2970559597015381,0.5778210759162903,0.325747549533844,0.558413565158844,0.41801518201828,0.4481327533721924,0.570015549659729,0.3155199587345123,0.716289758682251,0.2559179961681366,0.8571776747703552,0.1237066015601158,0.4130259454250335,0.4699429273605346,0.3224820494651794,0.5707588791847229,0.242712527513504,0.6179085373878479,0.5818164348602295,0.3489481210708618,0.2163587510585785,0.6274170279502869,0.7411859035491943,0.2183703482151031
1062,1062,train,23821,0.6923545598983765,0.2655676603317261,0.5700094699859619,0.3721898794174194,0.9001351594924927,0.1220490336418151,0.9037806391716005,0.1168837696313858,0.8987258076667786,0.1202300712466239,0.9343592524528505,0.0895565524697303,0.8378617167472839,0.1633318960666656,0.7957792282104492,0.1783277094364166,0.5384536385536194,0.4239942729473114,0.9083166718482972,0.1152838468551635,0.1581982970237732,0.6934342384338379,0.5338324308395386,0.3248421847820282
1063,1063,train,24330,0.6995428204536438,0.2647513449192047,0.5884339213371277,0.3670459985733032,0.8946868181228638,0.1301569193601608,0.899778425693512,0.1250624507665634,0.9039656519889832,0.124191865324974,0.9299641847610474,0.0952982679009437,0.8421450853347778,0.1677960604429245,0.8029894828796387,0.1864144206047058,0.5407797694206238,0.4240066111087799,0.9075904488563538,0.1216483265161514,0.1605655401945114,0.6928343176841736,0.5305597186088562,0.3262210190296173
1064,1064,train,23002,0.246364563703537,0.6465706825256348,0.2609520554542541,0.6387855410575867,0.2887418568134308,0.5774058103561401,0.4115558862686157,0.448882132768631,0.6598643064498901,0.2963272035121918,0.8352360129356384,0.1278576701879501,0.3074976205825805,0.5817179679870605,0.2629070580005646,0.6576222777366638,0.2069831937551498,0.698532223701477,0.3511420786380768,0.5385330319404602,0.2709243595600128,0.5805383324623108,0.8128087520599365,0.1934818923473358
1065,1065,train,24230,0.4594649076461792,0.4519970715045929,0.4310646057128906,0.4657178521156311,0.7225160598754883,0.2253154516220092,0.7584104537963867,0.1960259675979614,0.7829623818397522,0.2076737284660339,0.8824430108070374,0.1287188827991485,0.6307472586631775,0.3135126233100891,0.5212382078170776,0.404205173254013,0.3574796617031097,0.511427104473114,0.7528788447380066,0.219436228275299,0.1660474389791488,0.6766370534896851,0.6013857126235962,0.285012274980545
1066,1066,train,23408,0.4407696425914764,0.4577307403087616,0.4305219352245331,0.4692558944225311,0.6737496852874756,0.236106127500534,0.7206076383590698,0.2048495709896087,0.7568507194519043,0.2051171362400055,0.8742204904556274,0.1234076172113418,0.5829751491546631,0.3190009891986847,0.4776042103767395,0.4208552539348602,0.355726420879364,0.5366532206535339,0.7132752537727356,0.2234070599079132,0.1664546132087707,0.6826720237731934,0.6054529547691345,0.2836604416370392
1067,1067,train,24443,0.3485121726989746,0.535570502281189,0.3670116364955902,0.5291950106620789,0.5570809841156006,0.3327839374542236,0.6326722502708435,0.2562185227870941,0.7255617380142212,0.2356170862913131,0.8684315085411072,0.1264649927616119,0.5057591199874878,0.3982433080673218,0.3824126422405243,0.5233624577522278,0.2833120822906494,0.5948431491851807,0.6404821276664734,0.2830531597137451,0.1957646608352661,0.65312659740448,0.6938328146934509,0.2478120326995849
1068,1068,train,23665,0.4021696150302887,0.5048896074295044,0.4065923690795898,0.5069082379341125,0.6673920154571533,0.2895075976848602,0.7391592860221863,0.2292867749929428,0.7820942997932434,0.2322032004594802,0.8837472796440125,0.1223439797759056,0.5894882082939148,0.3698891401290893,0.448186308145523,0.4850997626781463,0.316569983959198,0.5693076252937317,0.7225100994110107,0.2551451921463012,0.187552198767662,0.6538801789283752,0.672701358795166,0.2572389245033264
1069,1069,train,24203,0.3015687465667724,0.5708346366882324,0.3287270069122314,0.5544580221176147,0.443200945854187,0.4406846165657043,0.595975935459137,0.3165819644927978,0.7241277098655701,0.2646090388298034,0.855138897895813,0.1297743171453476,0.4348656833171844,0.4688107669353485,0.3311607837677002,0.5645586252212524,0.2415081560611724,0.6076194643974304,0.6073935031890869,0.3432715535163879,0.2136815935373306,0.628617525100708,0.7349652051925659,0.218840017914772
1070,1070,train,23948,0.3052113652229309,0.5845271944999695,0.3331721127033233,0.5683914422988892,0.4140599966049194,0.4494381248950958,0.5457237362861633,0.3297663629055023,0.6911658048629761,0.2609767019748688,0.8516648411750793,0.1306805163621902,0.4138307273387909,0.4716111421585083,0.3272694945335388,0.5808055400848389,0.2505962252616882,0.6360411047935486,0.561683714389801,0.3584074378013611,0.2158332467079162,0.6416146159172058,0.7348770499229431,0.2246665358543396
1071,1071,train,23714,0.4015369415283203,0.4970731139183044,0.4080030918121338,0.5000145435333252,0.6455619931221008,0.2635332345962524,0.6948646903038025,0.2184616327285766,0.7468785643577576,0.2143274843692779,0.8732898831367493,0.1244078576564788,0.5734869241714478,0.345128059387207,0.4464114308357239,0.4688416123390198,0.3194214701652527,0.5705488324165344,0.6946613788604736,0.2365837842226028,0.1753867715597152,0.6758508682250977,0.6447127461433411,0.2675175368785858
1072,1072,train,24534,0.2626752555370331,0.6162053346633911,0.2917129397392273,0.6001510620117188,0.3254388868808746,0.5386545658111572,0.4770020842552185,0.3972209095954895,0.6893945932388306,0.278052270412445,0.8432711362838745,0.1289061605930328,0.3443393409252167,0.545245885848999,0.2841029465198517,0.6206664443016052,0.2164521366357803,0.6660773158073425,0.4265735149383545,0.4772070944309234,0.2494475841522216,0.5987012386322021,0.8010658025741577,0.1927239596843719
1073,1073,train,24050,0.499390035867691,0.4248444139957428,0.4625016450881958,0.448346883058548,0.7671091556549072,0.192472755908966,0.7904279828071594,0.1726978123188018,0.810479998588562,0.1831742227077484,0.8932958245277405,0.1185632273554802,0.6835207343101501,0.2661170065402984,0.5874449610710144,0.3610529005527496,0.3806802630424499,0.5002366900444031,0.7955455183982849,0.1876251697540283,0.1594155877828598,0.6853668093681335,0.5805065631866455,0.2962750792503357
1074,1074,test,24105,0.4138619601726532,0.46420419216156,0.4105574190616607,0.4755337238311767,0.6779674887657166,0.2535453736782074,0.731593132019043,0.2231438159942627,0.7550320029258728,0.2202241718769073,0.8745610117912292,0.1333547383546829,0.6043859720230103,0.3248008191585541,0.459876537322998,0.4354471564292907,0.319410502910614,0.5240632891654968,0.7317404747009277,0.2402694523334503,0.176239013671875,0.663110613822937,0.6271462440490723,0.2697189748287201
1075,1075,train,23469,0.2569360435009002,0.6099136471748352,0.2670389115810394,0.6241264939308167,0.2906814813613891,0.5661479830741882,0.3770074546337127,0.4674975574016571,0.6484499573707581,0.3091855645179748,0.8137128949165344,0.1423620730638504,0.307915598154068,0.5690773129463196,0.2721857130527496,0.62799072265625,0.2267795950174331,0.6691001057624817,0.330893725156784,0.5639208555221558,0.278361439704895,0.5697445869445801,0.7971324920654297,0.2048099040985107
1076,1076,train,23774,0.4713643789291382,0.4315109848976135,0.4421671628952026,0.4537416100502014,0.7570821046829224,0.1831181496381759,0.7731215953826904,0.1697571277618408,0.7899494767189026,0.181058183312416,0.8865442276000977,0.1169731691479682,0.6588669419288635,0.2581327259540558,0.5497016310691833,0.3532997667789459,0.3783004879951477,0.5129351019859314,0.7788470387458801,0.1810701489448547,0.156985267996788,0.6888439059257507,0.5752671360969543,0.2964171767234802
1077,1077,train,23226,0.3741680383682251,0.5235571265220642,0.3889312744140625,0.5195569396018982,0.5995418429374695,0.3193272352218628,0.6714274287223816,0.2553786039352417,0.73485267162323,0.2324591428041458,0.8719480633735657,0.1292436122894287,0.5414636135101318,0.3915203213691711,0.4081727564334869,0.507542073726654,0.2964891493320465,0.5811899900436401,0.6778717637062073,0.2704639732837677,0.1873356997966766,0.6600650548934937,0.6686106324195862,0.2567650079727173
1078,1078,test,23336,0.3910633325576782,0.5068508386611938,0.3966263234615326,0.5043132901191711,0.650866687297821,0.2982895374298095,0.7247714400291443,0.2367092967033386,0.7725955843925476,0.2341782599687576,0.88348388671875,0.1243348717689514,0.573321521282196,0.3716610968112945,0.4309616982936859,0.4849360585212707,0.3106684684753418,0.5709402561187744,0.7177172303199768,0.2622181475162506,0.1859917193651199,0.6629852056503296,0.6692672967910767,0.2603359520435333
1079,1079,train,24708,0.3258037865161896,0.5750581622123718,0.3499171435832977,0.5538609027862549,0.4856290817260742,0.4239251017570495,0.6104908585548401,0.307012677192688,0.7178529500961304,0.2559484243392944,0.8681375980377197,0.1287246942520141,0.4756346344947815,0.4562906622886657,0.3593741059303283,0.5710265636444092,0.2589844167232513,0.6234356164932251,0.6138476133346558,0.3372045457363128,0.2052774727344513,0.6478381156921387,0.7308455109596252,0.2289597690105438
1080,1080,train,23162,0.3826129138469696,0.5159083008766174,0.3948093056678772,0.5118145942687988,0.6337409019470215,0.2961727380752563,0.7087827920913696,0.2398608177900314,0.7718020081520081,0.2336125969886779,0.8824952244758606,0.1264778077602386,0.561684787273407,0.3673484623432159,0.4240784347057342,0.4910344779491424,0.3069142401218414,0.573432981967926,0.706615686416626,0.2572358846664428,0.1841885298490524,0.6667816638946533,0.6609030365943909,0.2640304863452911
1081,1081,train,23275,0.715603768825531,0.251948595046997,0.5869307518005371,0.3683030605316162,0.9097332954406738,0.1186780631542205,0.9130179286003112,0.1151948645710945,0.910879909992218,0.1173120215535163,0.9392088651657104,0.0871870815753936,0.857721745967865,0.1560336649417877,0.8235766291618347,0.1662361025810241,0.5506892800331116,0.4214481115341186,0.915935516357422,0.1125955730676651,0.159456267952919,0.6947454810142517,0.5315400958061218,0.3252958059310913
1082,1082,train,24588,0.5321568846702576,0.4060077369213104,0.4809272289276123,0.4408170878887176,0.8209764957427979,0.1788264662027359,0.8390957713127136,0.1648504734039306,0.8396123647689819,0.1733685433864593,0.9029195308685304,0.1159525290131568,0.7296050786972046,0.2502101063728332,0.6128557920455933,0.3327730000019073,0.4152416884899139,0.4977420568466186,0.8329966068267822,0.1747010052204132,0.1530034691095352,0.6960410475730896,0.560918390750885,0.3022195398807525
1083,1083,train,23273,0.4606634080410003,0.4314039647579193,0.4395723938941955,0.4534395337104797,0.7239109873771667,0.190005362033844,0.7517157196998596,0.175768107175827,0.7755059003829956,0.182339996099472,0.8746634125709534,0.1215928047895431,0.6318710446357727,0.261950820684433,0.5365997552871704,0.3532366156578064,0.3784351944923401,0.5093403458595276,0.7584974765777588,0.1834230273962021,0.1597597002983093,0.6874816417694092,0.5769563913345337,0.2943432629108429
1084,1084,train,24653,0.3215679824352264,0.57026207447052,0.3430055379867553,0.5549879670143127,0.4846372902393341,0.4003208875656128,0.5943151712417603,0.2980570197105407,0.7089749574661255,0.2539705336093902,0.860906183719635,0.1324948668479919,0.4630162417888641,0.447585254907608,0.3515067100524902,0.5645794868469238,0.2573389708995819,0.6278233528137207,0.6038128137588501,0.3244380056858063,0.2076376676559448,0.6435610055923462,0.7263738512992859,0.2343378812074661
1085,1085,train,24619,0.2672573924064636,0.6178688406944275,0.3004127442836761,0.5969910025596619,0.3373269438743591,0.5298219323158264,0.4996245205402374,0.3847689032554626,0.6934330463409424,0.281053751707077,0.8458249568939209,0.123581126332283,0.3610552549362182,0.5374680757522583,0.2932944893836975,0.6273697018623352,0.2229150980710983,0.6680589318275452,0.4598096013069153,0.4544167518615722,0.2444429695606231,0.6108836531639099,0.787568211555481,0.2018468081951141
1086,1086,train,24554,0.4713843166828155,0.4371655881404876,0.4437919557094574,0.4566646516323089,0.7467995285987854,0.1838628947734832,0.7688581347465515,0.1675306111574173,0.7857882380485535,0.1787411570549011,0.8808580636978149,0.1196541488170623,0.6571526527404785,0.2590118944644928,0.5438622832298279,0.3629202842712402,0.3752996027469635,0.5138304233551025,0.7759169936180115,0.1792543232440948,0.1567743867635727,0.6865648031234741,0.5731070637702942,0.2960214018821716
1087,1087,train,23534,0.5685655474662781,0.3761056065559387,0.4920310080051422,0.4291862845420837,0.8471265435218811,0.1666488349437713,0.8594064712524414,0.1543820202350616,0.8603500127792358,0.1618106812238693,0.9142385721206664,0.1080151721835136,0.7610926032066345,0.2254674881696701,0.6808748245239258,0.2834165692329407,0.4346893429756164,0.4812323153018951,0.8625979423522949,0.1589472293853759,0.1506934762001037,0.6954795718193054,0.547179639339447,0.3136081397533417
1088,1088,train,23333,0.2785491943359375,0.601168155670166,0.3081586360931396,0.5809118747711182,0.3670850694179535,0.5088040232658386,0.5170727372169495,0.3748866617679596,0.7040632367134094,0.2780511379241943,0.8480005264282227,0.1225045248866081,0.3779631555080414,0.5183886289596558,0.3025667369365692,0.5976179838180542,0.2277849465608596,0.6417354345321655,0.5045608878135681,0.4299657344818115,0.2375038117170334,0.6054093837738037,0.7795189619064331,0.2000059634447097
1089,1089,train,23097,0.3326771259307861,0.560321033000946,0.347426563501358,0.5464813113212585,0.5144830942153931,0.3680626153945923,0.624733030796051,0.2756420969963074,0.7308811545372009,0.2455153167247772,0.8591452240943909,0.1304309219121933,0.4812431931495666,0.4263171255588531,0.3608282804489136,0.5486714839935303,0.2681998908519745,0.6127722263336182,0.6273834705352783,0.300929456949234,0.1963997483253479,0.6570908427238464,0.6994968056678772,0.2438866794109344
1090,1090,train,22967,0.4310705959796905,0.4668641686439514,0.4284064471721649,0.4767341911792755,0.6812573671340942,0.2271499037742614,0.7094676494598389,0.2035213857889175,0.7524435520172119,0.2087917178869247,0.8731774687767029,0.1286912709474563,0.6050363183021545,0.3024093210697174,0.4891838729381561,0.4175718426704407,0.3507499694824219,0.5385425090789795,0.7184353470802307,0.2196905612945556,0.1669718325138092,0.6784530878067017,0.6036714315414429,0.2847699820995331
1091,1091,train,23967,0.2611096203327179,0.5988340377807617,0.292475938796997,0.5799065232276917,0.329833984375,0.5195077061653137,0.4953624904155731,0.3778205811977386,0.6965069770812988,0.2784896194934845,0.8395892381668091,0.1271636635065078,0.3498530983924866,0.5212836265563965,0.2852208316326141,0.5991091132164001,0.212593138217926,0.6373116374015808,0.4647399485111236,0.4432223439216614,0.2382670193910598,0.5973587036132812,0.7771564722061157,0.1992959678173065
1092,1092,test,23980,0.5976632833480835,0.357062965631485,0.5208572149276733,0.4184869229793548,0.8658692240715027,0.1507021337747573,0.8775978684425354,0.1418547481298446,0.8773554563522339,0.1481279134750366,0.9230976104736328,0.1004576757550239,0.7823871374130249,0.215228796005249,0.6934065222740173,0.2692670524120331,0.4653829634189605,0.4833540618419647,0.8760405778884888,0.1438660472631454,0.1544800698757171,0.6970948576927185,0.5463533401489258,0.3171423375606537
1093,1093,train,23828,0.6372169852256775,0.309857577085495,0.5305991172790527,0.3994453847408294,0.8860236406326294,0.1298551559448242,0.8914203643798828,0.1250863373279571,0.8818452954292297,0.135018989443779,0.9259708523750304,0.0933275520801544,0.8144732713699341,0.1808980405330658,0.7412055134773254,0.2107745110988617,0.4985446631908417,0.4503147006034851,0.8905706405639648,0.1266586929559707,0.1531680822372436,0.695914626121521,0.5337652564048767,0.3199204206466675
1094,1094,test,23749,0.3338450193405151,0.5566108226776123,0.3572846949100494,0.5420891046524048,0.5037083029747009,0.3836497068405151,0.6103005409240723,0.2860608100891113,0.7082038521766663,0.249514564871788,0.867916464805603,0.1245535835623741,0.4757586121559143,0.4264421463012695,0.3668810129165649,0.5480977296829224,0.27165687084198,0.6166648268699646,0.6150993704795837,0.3085110187530517,0.2033035159111023,0.6477553248405457,0.7204506993293762,0.237501710653305
1095,1095,train,23775,0.347685843706131,0.5606869459152222,0.3711337149143219,0.5429860353469849,0.5372194051742554,0.4052402973175049,0.6780657172203064,0.2963611185550689,0.7636744976043701,0.2555629312992096,0.8774999380111694,0.1242868080735206,0.502902090549469,0.4570470750331878,0.3809250891208648,0.5564020872116089,0.2754145860671997,0.6093915700912476,0.6742679476737976,0.3265194892883301,0.2106669098138809,0.6394330263137817,0.7302846908569336,0.2338960319757461
1096,1096,train,24552,0.2581446170806885,0.6306890249252319,0.278421014547348,0.6177852153778076,0.3120067417621612,0.5563207864761353,0.442327469587326,0.4246764183044433,0.6734018325805664,0.2857618927955627,0.8308327794075012,0.1325451880693435,0.3255240619182586,0.5602722764015198,0.2811008393764496,0.631164014339447,0.2146903425455093,0.6786855459213257,0.3878614902496338,0.5042901039123535,0.262707769870758,0.5803003907203674,0.8004460334777832,0.1901949942111969
1097,1097,train,23115,0.2484512329101562,0.6349114775657654,0.278438001871109,0.6153584122657776,0.2979655563831329,0.5635007619857788,0.4323150813579559,0.4258957207202911,0.6652916669845581,0.2871996164321899,0.839392364025116,0.127774029970169,0.315833181142807,0.569698691368103,0.2699009776115417,0.6388580203056335,0.2098007351160049,0.6856956481933594,0.3821122348308563,0.5090352296829224,0.2574340999126434,0.5972934365272522,0.7969529032707214,0.1966138929128646
1098,1098,train,23768,0.3130829036235809,0.5542666912078857,0.3380659520626068,0.5487352609634399,0.45758718252182,0.3982585072517395,0.578426718711853,0.29622283577919,0.7093703746795654,0.2562824785709381,0.8602694869041443,0.1309951990842819,0.4512476921081543,0.4324434995651245,0.3417873084545135,0.5431627035140991,0.2553580999374389,0.6032355427742004,0.5893886089324951,0.3174247145652771,0.2102797329425811,0.6372854113578796,0.7148213386535645,0.2304372489452362
1099,1099,train,23951,0.68045973777771,0.2924468517303467,0.5670517683029175,0.3799892663955688,0.9026343822479248,0.1256789416074752,0.90910667181015,0.1207328885793685,0.909600794315338,0.1237835064530372,0.9352737665176392,0.0916299000382423,0.8479717373847961,0.1707289367914199,0.8006106019020081,0.1906118392944336,0.5274719595909119,0.433707982301712,0.9112725257873536,0.1191006824374198,0.1562211662530899,0.6963231563568115,0.5373846888542175,0.3227223753929138
1100,1100,train,23163,0.4741389751434326,0.4280979335308075,0.4452246725559234,0.4615089893341064,0.7732820510864258,0.175370842218399,0.8076136708259583,0.1585344821214676,0.8298543691635132,0.165077805519104,0.8936752676963806,0.1160517185926437,0.6606176495552063,0.253053605556488,0.5593247413635254,0.3483927547931671,0.3904947638511657,0.5083081126213074,0.8102045059204102,0.167564108967781,0.1557449549436569,0.6975143551826477,0.5659652352333069,0.3003947734832763
1101,1101,train,23405,0.5040362477302551,0.4156395196914673,0.4666259884834289,0.4428576231002807,0.786479115486145,0.1747460812330246,0.8056243062019348,0.1619064807891845,0.8130398988723755,0.1757639348506927,0.8936258554458618,0.1135447025299072,0.6759266257286072,0.2463950514793396,0.5813485980033875,0.3330487608909607,0.4043835997581482,0.5015785098075867,0.8066286444664001,0.1749821305274963,0.1565465480089187,0.6916161179542542,0.5614965558052063,0.3025133013725281
1102,1102,train,23574,0.2657759487628937,0.6196146011352539,0.2973372042179107,0.6022078394889832,0.3187150657176971,0.5365013480186462,0.4664074182510376,0.3998554646968841,0.672161340713501,0.281587153673172,0.8477074503898621,0.1266818195581436,0.3479059338569641,0.5334017276763916,0.2835934162139892,0.6251679062843323,0.2191306501626968,0.6704633235931396,0.4240362048149109,0.471485823392868,0.2511084973812103,0.6000169515609741,0.7913529276847839,0.199424535036087
1103,1103,train,23894,0.8288978338241577,0.1602215468883514,0.6608291864395142,0.3100511729717254,0.9315155744552612,0.1010674759745597,0.9310244917869568,0.1011891886591911,0.928643524646759,0.1027712598443031,0.9486953616142272,0.0774781480431556,0.9026970267295836,0.1234039962291717,0.8930341005325317,0.1148348897695541,0.6230820417404175,0.3680395185947418,0.9297990798950196,0.1006330177187919,0.179445743560791,0.678949773311615,0.5290160179138184,0.3204181790351867
1104,1104,test,23703,0.5720431804656982,0.3616023063659668,0.4995251595973968,0.4195386469364166,0.8628883361816406,0.1461314857006073,0.8719715476036072,0.1371734738349914,0.8606323003768921,0.1482270956039428,0.9093276858329772,0.1054261103272438,0.766994059085846,0.2117493450641632,0.6850529313087463,0.2635011672973633,0.4504352211952209,0.4729838967323303,0.8661710023880005,0.1434967517852783,0.150358036160469,0.6952438354492188,0.5360261797904968,0.3166517913341522
1105,1105,train,23683,0.4634938240051269,0.4629535973072052,0.4469290375709533,0.4701705873012543,0.7425095438957214,0.221133604645729,0.7765220999717712,0.1920514106750488,0.7981083989143372,0.194916620850563,0.8834616541862488,0.1227837279438972,0.6551816463470459,0.3086684346199035,0.5278626680374146,0.4101214110851288,0.3692314028739929,0.530264675617218,0.7738375663757324,0.2087595462799072,0.1649564653635025,0.6835418343544006,0.6037675142288208,0.28614142537117
1106,1106,train,23144,0.5696514844894409,0.3673692643642425,0.4964177906513214,0.4218966960906982,0.8459472060203552,0.1573474109172821,0.861734926700592,0.1458667814731598,0.8545286059379578,0.1547242999076843,0.9086183309555054,0.1075988113880157,0.7549974918365479,0.2225351780653,0.681092381477356,0.271558940410614,0.4455292820930481,0.4654038250446319,0.8585101962089539,0.152395874261856,0.1489664614200592,0.6944736242294312,0.5449085831642151,0.312269777059555
1107,1107,test,24095,0.2918153703212738,0.6031094193458557,0.282979816198349,0.6323151588439941,0.3238926529884338,0.5536960363388062,0.4170551002025604,0.4498100280761719,0.6516452431678772,0.3013645112514496,0.8239076733589172,0.1420183479785919,0.3387423753738403,0.5606028437614441,0.2962570488452911,0.6336854100227356,0.2624924778938293,0.6693200469017029,0.3638571500778198,0.5295768976211548,0.2881027162075043,0.5704599618911743,0.81150221824646,0.2037892490625381
1108,1108,train,23475,0.2685783803462982,0.6021823883056641,0.2777892351150512,0.612874448299408,0.3110012710094452,0.5410538911819458,0.4120390117168426,0.438835084438324,0.6612080931663513,0.2987447381019592,0.8350822329521179,0.1343095004558563,0.332813024520874,0.5379647612571716,0.2821002602577209,0.6187211871147156,0.2292089909315109,0.6558347344398499,0.3557563722133636,0.5216915011405945,0.2800561785697937,0.5708383321762085,0.8088204264640808,0.1960858255624771
1109,1109,train,24060,0.2514736354351043,0.6275985836982727,0.2670080363750458,0.6208612322807312,0.2992745637893677,0.5584914088249207,0.417892187833786,0.4420433938503265,0.648647129535675,0.2987064123153686,0.8337782621383667,0.1284878104925155,0.3195574879646301,0.5614271759986877,0.2677765488624573,0.6363656520843506,0.2082930207252502,0.6823550462722778,0.3694774210453033,0.5220016837120056,0.267424464225769,0.5862735509872437,0.8044208288192749,0.1961879581212997
1110,1110,train,23866,0.4748327434062958,0.4473774433135986,0.4514133930206299,0.4678025245666504,0.7096360921859741,0.198609322309494,0.7439842224121094,0.1736846566200256,0.7742022275924683,0.1806797832250595,0.882809042930603,0.1145855188369751,0.630989134311676,0.2865673899650574,0.522100567817688,0.3966001868247986,0.3753166496753692,0.5349984765052795,0.7405001521110535,0.190004214644432,0.1640319228172302,0.6879445910453796,0.6009440422058105,0.2877521216869354
1111,1111,test,22992,0.2756794095039367,0.5982010364532471,0.3049323856830597,0.5767672061920166,0.343919962644577,0.500521183013916,0.4985354542732239,0.3645226955413818,0.6881599426269531,0.2711355984210968,0.844802737236023,0.1268036812543869,0.3623403310775757,0.512380838394165,0.2955321371555328,0.5988817811012268,0.2247484028339386,0.6415117383003235,0.4894672930240631,0.417924702167511,0.2376783937215805,0.6108332872390747,0.768100917339325,0.2048465311527252
1112,1112,train,24201,0.414046972990036,0.4864811301231384,0.4160615503787994,0.4929803013801574,0.6675679087638855,0.2378075420856475,0.7082595825195312,0.2056872844696045,0.7631330490112305,0.213777095079422,0.8764320611953735,0.1293829083442688,0.583346426486969,0.3232405185699463,0.4585317969322204,0.4464380741119385,0.3332448899745941,0.553091287612915,0.7129197120666504,0.2256949692964553,0.1703023910522461,0.6796867251396179,0.6158904433250427,0.2764091193675995
1113,1113,train,24357,0.3460877239704132,0.538240373134613,0.349058598279953,0.5589531064033508,0.3557293117046356,0.5225536227226257,0.3786274194717407,0.4942592680454254,0.4567985236644745,0.4417118430137634,0.5208830237388611,0.3861037790775299,0.3631313741207123,0.5282968878746033,0.358445256948471,0.5541072487831116,0.3418193459510803,0.5653319954872131,0.3635410666465759,0.521584689617157,0.3201678097248077,0.553067684173584,0.4273912310600281,0.4393402338027954
1114,1114,train,23474,0.2919975221157074,0.5692784190177917,0.3209088444709778,0.5541831254959106,0.3973076343536377,0.4503520727157593,0.5473273396492004,0.3328297734260559,0.7093862295150757,0.2664271593093872,0.8468839526176453,0.1283054500818252,0.4047710597515106,0.4686304628849029,0.3168776333332062,0.5638114809989929,0.2360655516386032,0.6131604909896851,0.5562204718589783,0.3654519617557525,0.2253417074680328,0.6156865358352661,0.754446268081665,0.2125189155340194
1115,1115,train,23110,0.5172502398490906,0.4021547138690948,0.4761336743831634,0.4370050728321075,0.7931585907936096,0.1594190150499344,0.8015006184577942,0.1489554792642593,0.8027934432029724,0.1605439782142639,0.886231541633606,0.1139254122972488,0.6974997520446777,0.2220534235239029,0.6086633205413818,0.2992056012153625,0.4206222891807556,0.4933513402938843,0.8160654902458191,0.1544878780841827,0.1544551700353622,0.6930021047592163,0.5521009564399719,0.3079618513584137
1116,1116,test,24537,0.3404889702796936,0.5435384511947632,0.3560138344764709,0.5341989398002625,0.5423187613487244,0.3467332124710083,0.6298261880874634,0.2733232378959656,0.7246192097663879,0.2457641214132309,0.8659988641738892,0.1323866546154022,0.4990772902965545,0.4075322449207306,0.3745532929897308,0.5274860858917236,0.2706123888492584,0.5938332080841064,0.6390940546989441,0.2885003387928009,0.191008448600769,0.6549510359764099,0.685801088809967,0.2507655024528503
1117,1117,train,23627,0.763792097568512,0.2047214359045028,0.6094796657562256,0.3492867052555084,0.9219129085540771,0.1082404255867004,0.9226620197296144,0.1069898232817649,0.9196946024894714,0.1091323345899581,0.9432765245437622,0.0802799090743064,0.8835074305534363,0.1378871351480484,0.8569421768188477,0.1416576951742172,0.5805713534355164,0.3980325758457184,0.9214983582496644,0.1062464416027069,0.1605605036020279,0.6880033016204834,0.5259619355201721,0.3257306516170501
1118,1118,train,23810,0.2740800082683563,0.5999438166618347,0.3040578365325928,0.5790227055549622,0.3597821891307831,0.5017843246459961,0.5337361693382263,0.3648895025253296,0.6962270736694336,0.2830704748630523,0.8505123257637024,0.1264571398496627,0.3803706467151642,0.5120248198509216,0.298413336277008,0.6069691181182861,0.2216551452875137,0.6442460417747498,0.504668116569519,0.4217512011528015,0.2335898280143737,0.6121326684951782,0.7740700244903564,0.2043233662843704
1119,1119,train,23150,0.3865143656730652,0.505424976348877,0.3965181410312652,0.5039967894554138,0.6102933883666992,0.2892808318138122,0.6685240864753723,0.2356550991535186,0.7365272045135498,0.2246409952640533,0.87412029504776,0.1295983046293258,0.5488719940185547,0.3575372695922851,0.429550439119339,0.4762118458747864,0.3095030486583709,0.5709733366966248,0.6752347946166992,0.2544892132282257,0.1797962784767151,0.6699214577674866,0.6626484990119934,0.2607595026493072
1120,1120,train,24169,0.2434646636247635,0.6363131999969482,0.2581248879432678,0.6256036758422852,0.2884218096733093,0.572428286075592,0.4019020497798919,0.456202894449234,0.6528627276420593,0.2934004962444305,0.8286961913108826,0.1282268762588501,0.3131809830665588,0.5690398812294006,0.2619684040546417,0.647149920463562,0.2029645144939422,0.6879509687423706,0.3532884418964386,0.5376548171043396,0.2693994641304016,0.5798944234848022,0.8078538179397583,0.1942522376775741
1121,1121,train,24695,0.535365104675293,0.4130860567092895,0.4878260493278503,0.4398095905780792,0.8233281373977661,0.1802699267864227,0.8343603610992432,0.167219653725624,0.843210756778717,0.1751218140125274,0.9056380391120912,0.1136520132422447,0.7315365076065063,0.2595717310905456,0.6294944882392883,0.3331300020217895,0.4242857694625854,0.4913702607154846,0.841258704662323,0.1728199422359466,0.1544183790683746,0.6928294897079468,0.5607894062995911,0.3082275390625
1122,1122,train,23989,0.3288503587245941,0.5715804100036621,0.3525853753089905,0.5556058883666992,0.5051655769348145,0.383352518081665,0.6179805994033813,0.2747284173965454,0.715631902217865,0.2478577941656112,0.8667792677879333,0.1307845711708068,0.4773459732532501,0.4348931908607483,0.361226737499237,0.5604776740074158,0.2704203426837921,0.6217464208602905,0.6237431168556213,0.2977153360843658,0.197915107011795,0.6577718257904053,0.7030696272850037,0.2422193437814712
1123,1123,train,23555,0.342844158411026,0.5387799143791199,0.3597375750541687,0.5320728421211243,0.5309265851974487,0.3641009330749511,0.6145277619361877,0.2799359560012817,0.7121117115020752,0.2481512725353241,0.8658244609832764,0.1305326372385025,0.498155266046524,0.4067547917366028,0.3738671243190765,0.5258100628852844,0.2759367525577545,0.5967046618461609,0.6248111128807068,0.2966552078723907,0.1997528821229934,0.6496753692626953,0.7025914192199707,0.2458550631999969
1124,1124,train,22964,0.3539359867572784,0.529980480670929,0.3708737194538116,0.526206910610199,0.5690261721611023,0.3140003383159637,0.6481289863586426,0.249755859375,0.7379405498504639,0.2365553379058838,0.8731458187103271,0.129536896944046,0.5133078098297119,0.3899877369403839,0.392171710729599,0.5146788358688354,0.2838827073574066,0.5859732031822205,0.648184061050415,0.2723540663719177,0.1932885348796844,0.6532657742500305,0.6829139590263367,0.2518479824066162
1125,1125,train,24235,0.6976961493492126,0.2455373257398605,0.5768543481826782,0.3693049550056457,0.9073402285575868,0.1133221387863159,0.9093863368034364,0.1091482862830162,0.903954267501831,0.1137202233076095,0.936414897441864,0.0849561467766761,0.8513072729110718,0.1502928435802459,0.8087610602378845,0.1616582125425338,0.5513595938682556,0.4161584675312042,0.912255585193634,0.1093389689922332,0.1612271070480346,0.6951918601989746,0.5313673615455627,0.3242375552654266
1126,1126,train,23689,0.453141838312149,0.4544825851917267,0.4463501870632171,0.4678696990013122,0.7133827805519104,0.2110529392957687,0.7405565977096558,0.1941630989313125,0.7807536125183105,0.196417823433876,0.8792815208435059,0.126730591058731,0.6211751103401184,0.2864450216293335,0.5209481716156006,0.3941684365272522,0.3752766251564026,0.5277273058891296,0.7557678818702698,0.2053286433219909,0.1625047177076339,0.6918803453445435,0.588110625743866,0.2951383590698242
1127,1127,train,23740,0.559248149394989,0.3777642250061035,0.4956090748310089,0.4285843074321747,0.8308259844779968,0.1704665273427963,0.8480786681175232,0.1607090532779693,0.8465811014175415,0.1668338924646377,0.9118333458900452,0.10662342607975,0.7373517751693726,0.2383617609739303,0.6342597603797913,0.3018424212932586,0.4284911751747131,0.4958231747150421,0.8450025320053101,0.165294736623764,0.1526490300893783,0.6995341181755066,0.5512756705284119,0.3111726641654968
1128,1128,test,24323,0.6209421753883362,0.3240405321121216,0.5278828740119934,0.4024664461612701,0.8818049430847168,0.1352652013301849,0.8856602311134338,0.1276966333389282,0.8822756409645081,0.1343421936035156,0.9232406616210938,0.0964303612709045,0.8074972033500671,0.1875978261232376,0.7395142912864685,0.2190703302621841,0.4879098236560821,0.4504963457584381,0.8902458548545837,0.1276024281978607,0.1526073664426803,0.6929895281791687,0.5325396060943604,0.3225505948066711
1129,1129,train,23607,0.4237010478973388,0.4826869070529938,0.4235641360282898,0.4841268956661224,0.7112769484519958,0.2230118811130523,0.7609686851501465,0.1913903802633285,0.797968864440918,0.1973661333322525,0.8847036957740784,0.123042419552803,0.6133866310119629,0.3156672418117523,0.482777863740921,0.4329647123813629,0.3449952602386474,0.5488152503967285,0.7554241418838501,0.21207195520401,0.1690154373645782,0.6810553669929504,0.6134637594223022,0.2822780609130859
1130,1130,train,22998,0.4265769422054291,0.4805133938789367,0.4209597110748291,0.4847654402256012,0.6925273537635803,0.2282285839319229,0.7347602248191833,0.1985833197832107,0.7702031135559082,0.2001415938138961,0.8781112432479858,0.1235651224851608,0.6058015823364258,0.3224879503250122,0.4788655638694763,0.4317548871040344,0.3463474810123443,0.5463412404060364,0.7395050525665283,0.2130457460880279,0.1676016449928283,0.6840847134590149,0.6116795539855957,0.2836191356182098
1131,1131,test,24638,0.477546364068985,0.4388513267040252,0.4514344036579132,0.4668677151203155,0.7638536691665649,0.2026898264884948,0.7891120910644531,0.1794167459011078,0.7969639301300049,0.1936768889427185,0.8903337717056274,0.119642749428749,0.6758394837379456,0.2844005823135376,0.5328675508499146,0.3972780108451843,0.3709173798561096,0.5317970514297485,0.7782204747200012,0.1978372484445572,0.1588690429925918,0.6860252618789673,0.5946581363677979,0.287554532289505
1132,1132,test,23154,0.4719337821006775,0.4554273784160614,0.4533900320529938,0.4666290879249573,0.7787112593650818,0.2118014395236969,0.8097811341285706,0.1897481828927993,0.8223190307617188,0.1978639662265777,0.8918394446372986,0.1232582330703735,0.6742909550666809,0.3083032071590423,0.5516777038574219,0.3966756463050842,0.3796412050724029,0.5208619832992554,0.8038989305496216,0.2079400569200515,0.1574646085500717,0.6873515248298645,0.5818338394165039,0.294633150100708
1133,1133,train,23488,0.25679612159729,0.6227977275848389,0.260996550321579,0.6392510533332825,0.2906774580478668,0.5691602826118469,0.3901109993457794,0.4657274186611175,0.6414950489997864,0.3030116856098175,0.8228220343589783,0.1364450305700302,0.3085547983646393,0.5763192772865295,0.2721172273159027,0.6480863690376282,0.2204490154981613,0.6895982623100281,0.3433021008968353,0.5435603260993958,0.2744691073894501,0.5748697519302368,0.8109990954399109,0.2079853862524032
1134,1134,train,24441,0.428873062133789,0.4869048595428467,0.4185786843299866,0.4895592629909515,0.7077311277389526,0.2569344937801361,0.7567839622497559,0.2194215804338455,0.7921702861785889,0.2184823304414749,0.8856935501098633,0.1275559216737747,0.6167658567428589,0.336618036031723,0.4780426323413849,0.4517365097999573,0.3404147624969482,0.5512597560882568,0.7504000663757324,0.2370190620422363,0.1678656786680221,0.6822329163551331,0.6213288903236389,0.2787685990333557
1135,1135,train,23666,0.782029390335083,0.197256401181221,0.6323646306991577,0.3372571468353271,0.9207183718681335,0.1076182797551155,0.9222992062568665,0.1057813242077827,0.9222450256347656,0.1069983839988708,0.9461344480514526,0.080005370080471,0.8873754143714905,0.1326835602521896,0.8681320548057556,0.1364174336194992,0.5870097875595093,0.3978921771049499,0.923620104789734,0.1040021181106567,0.1699532121419906,0.6859258413314819,0.5281447172164917,0.3220565319061279
1136,1136,train,23124,0.3178902864456177,0.5778235197067261,0.3382726907730102,0.5607264637947083,0.4734152257442474,0.4265651702880859,0.6373441815376282,0.3048028349876404,0.7337721586227417,0.2598336637020111,0.8701197504997253,0.1247220560908317,0.4633959233760834,0.4602972567081451,0.3455478847026825,0.573487401008606,0.2536354660987854,0.6313523054122925,0.6243094801902771,0.3388395607471466,0.2144087851047516,0.6343595385551453,0.7386897802352905,0.2241344600915908
1137,1137,train,23858,0.681911051273346,0.2814623415470123,0.5657718777656555,0.3784071803092956,0.8954427242279053,0.1207499578595161,0.8990550637245178,0.1155697330832481,0.8939695358276367,0.1204331219196319,0.9310725331306458,0.0887499451637268,0.8357266783714294,0.1639664322137832,0.7889530658721924,0.1844336837530136,0.5288185477256775,0.4277253746986389,0.9028085470199584,0.1161223277449607,0.1570720672607422,0.694341778755188,0.536849319934845,0.3219881057739258
1138,1138,train,23636,0.6771773099899292,0.2825442552566528,0.5604788661003113,0.3830765187740326,0.8965256214141846,0.1202580109238624,0.8987452983856201,0.114884927868843,0.8894912600517273,0.1195057854056358,0.9309712648391724,0.0879519134759903,0.8363239169120789,0.1577151268720626,0.7878086566925049,0.1809552609920501,0.5239859223365784,0.4346230924129486,0.900235116481781,0.1154219284653663,0.1535864472389221,0.6943888068199158,0.5324952006340027,0.3253798186779022
1139,1139,train,24675,0.3758412301540375,0.5143719911575317,0.39109006524086,0.5090763568878174,0.6216869950294495,0.2899053692817688,0.6783269047737122,0.2378579080104828,0.7380414009094238,0.2257338911294937,0.8698408603668213,0.1291975677013397,0.5559921264648438,0.3613512217998504,0.4211477935314178,0.4881761372089386,0.3029414415359497,0.5741096138954163,0.6758856177330017,0.2556144595146179,0.1863037198781967,0.6594387292861938,0.6574509143829346,0.2563385367393493
1140,1140,train,23432,0.2995439171791076,0.5863494277000427,0.3282472193241119,0.5724242925643921,0.4337469637393951,0.4550503194332123,0.5858751535415649,0.3285757005214691,0.7135913372039795,0.2640332877635956,0.8636450171470642,0.121784783899784,0.4417030215263366,0.4782083928585052,0.3278244137763977,0.59494948387146,0.2441393285989761,0.6418008208274841,0.5733957886695862,0.3711514770984649,0.2233127653598785,0.6331403255462646,0.7613710165023804,0.2160313576459884
1141,1141,train,23085,0.3556657135486603,0.5311741828918457,0.3725013732910156,0.5255048871040344,0.5704417824745178,0.3214189708232879,0.6452996730804443,0.2578710317611694,0.7305906414985657,0.24287910759449,0.87197345495224,0.1313271969556808,0.5139930844306946,0.3902214765548706,0.3897829949855804,0.5061336159706116,0.2873820662498474,0.5921164751052856,0.646790623664856,0.2809327244758606,0.1923196166753769,0.6604605317115784,0.6846376061439514,0.2548922598361969
1142,1142,train,23208,0.4495110511779785,0.4680469930171966,0.4355926811695099,0.4766976237297058,0.7301246523857117,0.2286420315504074,0.7724517583847046,0.1928132325410843,0.7980183959007263,0.1955872178077697,0.8893671631813049,0.1184289008378982,0.6386503577232361,0.3161236345767975,0.5000775456428528,0.4314692914485931,0.3535305261611938,0.5439966320991516,0.7684850692749023,0.2111188918352127,0.1672910302877426,0.6770037412643433,0.6161289811134338,0.2804043292999267
1143,1143,test,23880,0.666166365146637,0.2778003513813019,0.5575678944587708,0.3806639313697815,0.8992803692817688,0.1182570978999137,0.901742160320282,0.1143537163734436,0.8962694406509399,0.1185945197939872,0.9317155480384828,0.0866143330931663,0.8375617265701294,0.1569136381149292,0.7851782441139221,0.1784634739160537,0.5226713418960571,0.4361043274402618,0.9056198596954346,0.113301396369934,0.15390045940876,0.697032630443573,0.530013918876648,0.3236188292503357
1144,1144,train,24224,0.276917815208435,0.6098814010620117,0.3037977516651153,0.5866637229919434,0.3514289557933807,0.5198145508766174,0.5094461441040039,0.3779719471931457,0.6845759749412537,0.279130756855011,0.849774181842804,0.1260679215192794,0.3751257956027984,0.5261438488960266,0.301675796508789,0.6186937093734741,0.226308062672615,0.6608214378356934,0.4895378947257995,0.4396469891071319,0.2389358580112457,0.6077250242233276,0.7758756875991821,0.2046484649181366
1145,1145,train,23581,0.2562260627746582,0.6234220862388611,0.2818675339221954,0.6087076663970947,0.310604989528656,0.5520986318588257,0.4457149803638458,0.4245418012142181,0.6716108322143555,0.2868895232677459,0.8367853760719299,0.1254881471395492,0.332586258649826,0.5521289706230164,0.2775541841983795,0.6294341683387756,0.2116081416606903,0.6738343834877014,0.3941769003868103,0.5041401982307434,0.2583275735378265,0.5949628949165344,0.8015278577804565,0.1904022246599197
1146,1146,test,24703,0.3464625775814056,0.5377117395401001,0.3626063168048858,0.5328693389892578,0.5260913968086243,0.3553621470928192,0.624841570854187,0.2758767902851105,0.7211760878562927,0.2454049289226532,0.8665953278541565,0.1320881247520446,0.4926888942718506,0.4070823192596435,0.3772249519824981,0.5275471806526184,0.2717520594596863,0.6013942360877991,0.6298607587814331,0.2946102023124695,0.1980616897344589,0.6551353931427002,0.7061380743980408,0.2416879832744598
1147,1147,train,23797,0.6958893537521362,0.2714940309524536,0.5712080001831055,0.3781806528568268,0.909089207649231,0.1222713515162468,0.9115076065063475,0.1178119704127311,0.9060168266296388,0.124292142689228,0.9369046688079834,0.0896424129605293,0.8533655405044556,0.1654805392026901,0.8049108386039734,0.1828708946704864,0.5387389063835144,0.4280043244361877,0.9111809730529784,0.1174061074852943,0.1547694057226181,0.6955038905143738,0.5310831665992737,0.3247947990894317
1148,1148,train,23999,0.3222332000732422,0.5657667517662048,0.345923900604248,0.5486972332000732,0.4607568383216858,0.4283928871154785,0.6066271066665649,0.3038823008537292,0.7275266647338867,0.2629137933254242,0.8650956749916077,0.1265008598566055,0.4511477053165436,0.4573115706443786,0.3427766561508178,0.5587183833122253,0.2531408369541168,0.6144234538078308,0.6100203990936279,0.3403376042842865,0.2094461470842361,0.635891318321228,0.7423378825187683,0.2226125746965408
1149,1149,train,23493,0.4539615213871002,0.455204963684082,0.4333598017692566,0.4711737632751465,0.7550729513168335,0.2259586453437805,0.7952085137367249,0.1964598596096038,0.8096580505371094,0.2107954174280166,0.8922099471092224,0.1216904819011688,0.6570243239402771,0.3167070746421814,0.5148916244506836,0.4154414236545563,0.3481520712375641,0.5194495916366577,0.7867722511291504,0.2189888507127761,0.16312175989151,0.6758273839950562,0.602250874042511,0.284595638513565
1150,1150,train,24336,0.3499696850776672,0.5305228233337402,0.3659878373146057,0.5249138474464417,0.5647140145301819,0.3405773937702179,0.6603792905807495,0.2583606243133545,0.7447606921195984,0.2422519922256469,0.8675498962402344,0.1323053389787674,0.5102691650390625,0.4034957587718963,0.3854857981204986,0.5213643908500671,0.2827912867069244,0.5806482434272766,0.664623498916626,0.280366986989975,0.1894586533308029,0.6553401350975037,0.6859950423240662,0.2475923746824264
1151,1151,train,23174,0.5082311630249023,0.4137933254241943,0.47038134932518,0.4465003907680511,0.7727712988853455,0.1791521608829498,0.798564612865448,0.1625883281230926,0.8164235949516296,0.1702346503734588,0.892194390296936,0.1177028939127922,0.6869702935218811,0.2448939681053161,0.5780645608901978,0.3426010906696319,0.4016001522541046,0.5068445801734924,0.8031104207038879,0.1726940423250198,0.1557512134313583,0.6953219771385193,0.5695436000823975,0.2996253073215484
1152,1152,test,23407,0.2725405395030975,0.6068455576896667,0.3026921153068542,0.589252769947052,0.3468829393386841,0.5136447548866272,0.5000038743019104,0.3723643124103546,0.6916261315345764,0.2747754752635956,0.8521608114242554,0.120857797563076,0.3676971197128296,0.5228853821754456,0.2965334057807922,0.6185892224311829,0.2252563089132309,0.6581634879112244,0.4788267612457275,0.4338382482528686,0.2409112900495529,0.6110747456550598,0.7778012156486511,0.2003119438886642
1153,1153,train,23939,0.2442692369222641,0.6200535297393799,0.2674752473831177,0.6150893568992615,0.2968896329402923,0.5538443326950073,0.4349693357944488,0.426915168762207,0.6719913482666016,0.2857197225093841,0.8335705995559692,0.1268573105335235,0.3179117739200592,0.556177020072937,0.2659357190132141,0.6349769234657288,0.2041210532188415,0.6722442507743835,0.3775726854801178,0.5142478346824646,0.2642931938171386,0.5796894431114197,0.8031120300292969,0.1933575272560119
1154,1154,train,24280,0.4635514616966247,0.4453103244304657,0.4438950419425964,0.4628905355930328,0.7466880083084106,0.2070930749177932,0.783452033996582,0.1868853420019149,0.8041266202926636,0.1950236409902572,0.8897453546524048,0.1200903952121734,0.6405936479568481,0.2867341041564941,0.5311209559440613,0.3895607590675354,0.3786105811595917,0.5278812050819397,0.779220700263977,0.2036364078521728,0.1588698625564575,0.692288875579834,0.5799216032028198,0.2940717041492462
1155,1155,test,24604,0.32691290974617,0.5600568056106567,0.3508340120315552,0.5490475296974182,0.4927963316440582,0.3957085013389587,0.6027177572250366,0.2966616451740265,0.7120116353034973,0.254145085811615,0.8660301566123962,0.1268853992223739,0.4712323546409607,0.4366136789321899,0.3630754351615906,0.5572020411491394,0.2647018730640411,0.6223733425140381,0.6065285801887512,0.3259320259094238,0.2093094885349273,0.6449716091156006,0.7279442548751831,0.234421357512474
1156,1156,train,24579,0.3527446389198303,0.5309863090515137,0.3635347485542297,0.5280554890632629,0.5539485812187195,0.319044828414917,0.6329700946807861,0.2521744966506958,0.7270742058753967,0.2328671813011169,0.8604952096939087,0.1322788894176483,0.5091906785964966,0.3840253055095672,0.3893216550350189,0.5076024532318115,0.2815819084644317,0.5854187607765198,0.6383993625640869,0.2707051038742065,0.1902082413434982,0.6560716032981873,0.6720402240753174,0.2528849244117737
1157,1157,train,24455,0.2960053384304046,0.5984868407249451,0.3278343379497528,0.5779596567153931,0.4018951654434204,0.4868513941764831,0.5506700277328491,0.3556373119354248,0.6983286142349243,0.2696278691291809,0.8599006533622742,0.1255537569522857,0.4119832217693329,0.4959725439548492,0.32429039478302,0.6001388430595398,0.2401471734046936,0.6535607576370239,0.5396925210952759,0.4000354707241058,0.2284307926893234,0.6251997351646423,0.7703810930252075,0.2106589525938034
1158,1158,train,23976,0.4031456112861633,0.4999873638153076,0.4061608016490936,0.4998663365840912,0.6461206674575806,0.2632530331611633,0.6916290521621704,0.2173958569765091,0.7459008693695068,0.2154850214719772,0.8737216591835022,0.1263335347175598,0.5690187215805054,0.3494156002998352,0.4355497062206268,0.4787837862968445,0.3215854167938232,0.5742812156677246,0.6929041743278503,0.2426308393478393,0.1746133714914322,0.6779898405075073,0.6456825137138367,0.268643170595169
1159,1159,train,24153,0.5433428287506104,0.3845814764499664,0.4913266599178314,0.4272933602333069,0.8074930906295776,0.1633298695087433,0.8158438801765442,0.1489430069923401,0.8246699571609497,0.1600614041090011,0.8975406885147095,0.10759799182415,0.7208577990531921,0.229509100317955,0.6292074918746948,0.2988043427467346,0.4292884171009063,0.4905529320240021,0.8225864171981812,0.1569889336824417,0.1528276205062866,0.6963527798652649,0.5501778721809387,0.3098292052745819
1160,1160,train,23429,0.4792507588863373,0.419653058052063,0.4471315443515777,0.450550377368927,0.7447257041931152,0.180914357304573,0.7702096104621887,0.1647069752216339,0.7767961621284485,0.176859438419342,0.8795633912086487,0.1196988150477409,0.643064022064209,0.2580941021442413,0.5357893109321594,0.3478844165802002,0.3889593482017517,0.5150736570358276,0.7667132616043091,0.1788371503353119,0.1561189442873001,0.6891027092933655,0.5657182335853577,0.2992182075977325
1161,1161,train,24157,0.4173174798488617,0.4895543754100799,0.4205131232738495,0.4898442327976227,0.6772719025611877,0.2394469976425171,0.7127867937088013,0.2081409841775894,0.7608540058135986,0.2073098421096801,0.8762064576148987,0.1261548697948455,0.5921685695648193,0.3278921544551849,0.4676818251609802,0.4497511982917785,0.3406547605991363,0.5584872364997864,0.72182297706604,0.2243830561637878,0.1680506020784378,0.6819021701812744,0.6193020343780518,0.2776373326778412
1162,1162,test,23118,0.2833916246891022,0.5899549722671509,0.3138231039047241,0.571118950843811,0.3749869465827942,0.4852379858493805,0.5320637226104736,0.3528866469860077,0.6777591109275818,0.2669289708137512,0.8532042503356934,0.1237795874476432,0.3969335258007049,0.4901009500026703,0.3097536265850067,0.5848204493522644,0.2338174283504486,0.6362130045890808,0.5364858508110046,0.3919610679149627,0.2285029590129852,0.6178693175315857,0.7659813761711121,0.2085098475217819
1163,1163,train,24041,0.3901263773441314,0.510995090007782,0.3974190652370453,0.5114302039146423,0.6252657771110535,0.313581109046936,0.694220781326294,0.2506659924983978,0.7514755129814148,0.2370417863130569,0.8708268404006958,0.1349009573459625,0.5701963305473328,0.3781717121601105,0.4322540760040283,0.4886690378189087,0.3056898117065429,0.5703458786010742,0.6948615908622742,0.2698316872119903,0.1891583055257797,0.6567227840423584,0.6696471571922302,0.258800208568573
1164,1164,train,23396,0.3136608898639679,0.5561178922653198,0.3363426625728607,0.5469511151313782,0.4341133832931518,0.4174062311649322,0.5518003106117249,0.3110442459583282,0.6946170330047607,0.2587728798389435,0.8504631519317627,0.1320694833993911,0.4358685314655304,0.4428854286670685,0.3390456140041351,0.5504576563835144,0.2500306367874145,0.6058922410011292,0.5676770210266113,0.3358505666255951,0.2130491584539413,0.6369792222976685,0.7428547739982605,0.2187620848417282
1165,1165,train,24295,0.2683009803295135,0.6329715847969055,0.2964134216308594,0.6066247820854187,0.3285474479198456,0.5497787594795227,0.4792663156986236,0.4041468501091003,0.663627028465271,0.282753974199295,0.8412143588066101,0.13022181391716,0.3562337160110473,0.5477457642555237,0.2905150353908539,0.6384113430976868,0.2217744588851928,0.6774017810821533,0.4371352195739746,0.474785715341568,0.2444658726453781,0.6151187419891357,0.7939994931221008,0.2003726661205291
1166,1166,train,24560,0.4321317970752716,0.4569734632968902,0.4226463139057159,0.4664710760116577,0.6916670203208923,0.2146523296833038,0.7266212105751038,0.1929630190134048,0.7651317119598389,0.1934971213340759,0.8763410449028015,0.1247090622782707,0.6004565358161926,0.2926449477672577,0.4925251305103302,0.3992007076740265,0.3500141203403473,0.5258616209030151,0.7360525131225586,0.2057919055223465,0.1658631563186645,0.677939772605896,0.6016582250595093,0.2836569845676422
1167,1167,train,24731,0.4660818874835968,0.4405221045017242,0.44997039437294,0.4589089751243591,0.7235966920852661,0.2028860300779342,0.751104474067688,0.1851628571748733,0.7830517888069153,0.1883807182312011,0.8799017667770386,0.1219193488359451,0.63569575548172,0.2778633236885071,0.5320660471916199,0.3838563561439514,0.3748269379138946,0.5196154117584229,0.7569447159767151,0.1958508938550949,0.1621195524930954,0.6876025199890137,0.5920352339744568,0.2884905934333801
1168,1168,test,23462,0.2754642069339752,0.5965327620506287,0.3072284162044525,0.5760361552238464,0.3686579167842865,0.4889076948165893,0.5296288728713989,0.3470208942890167,0.7082422971725464,0.2685977518558502,0.8478972911834717,0.1266117841005325,0.3824580907821655,0.4996198415756225,0.3048008978366852,0.5944676399230957,0.2268424332141876,0.6408849358558655,0.5185353755950928,0.4002277851104736,0.2330852150917053,0.6114699244499207,0.7711342573165894,0.2056331783533096
1169,1169,train,23697,0.2904692888259887,0.5957337617874146,0.3208637535572052,0.5721017718315125,0.4040866196155548,0.4625099599361419,0.5602001547813416,0.3280531466007232,0.703812301158905,0.2672558128833771,0.8566091656684875,0.1260522603988647,0.4053562581539154,0.4821068942546844,0.3135759532451629,0.5907016396522522,0.2361563444137573,0.6373763084411621,0.5545186400413513,0.3672215938568115,0.2173585444688797,0.6331318616867065,0.747329592704773,0.2176027148962021
1170,1170,train,23304,0.3145189881324768,0.5867210030555725,0.3424288332462311,0.563635528087616,0.4509333372116089,0.4663951694965362,0.5957769155502319,0.3383703529834747,0.7118762135505676,0.2734041810035705,0.8587035536766052,0.1300954222679138,0.4485184252262115,0.4838025569915771,0.3440435826778412,0.5885486006736755,0.2483062595129013,0.635010302066803,0.5902108550071716,0.3739472031593323,0.2151292562484741,0.6337432265281677,0.7458155155181885,0.2237708568572998
1171,1171,train,24253,0.754298210144043,0.2216317355632782,0.603101909160614,0.356550931930542,0.9245255589485168,0.1106679663062095,0.9262003898620604,0.1083752885460853,0.9218059182167052,0.1147153824567794,0.9464820623397828,0.0824826583266258,0.8831899762153625,0.1451222002506256,0.8489450216293335,0.1501972079277038,0.5747004151344299,0.4057826399803161,0.9247057437896729,0.10971499979496,0.160252571105957,0.6923078298568726,0.5356793999671936,0.324398010969162
1172,1172,train,24462,0.259869635105133,0.6271317601203918,0.283731073141098,0.6198845505714417,0.3133711814880371,0.5558733940124512,0.446678876876831,0.4259251058101654,0.6688788533210754,0.2914488315582275,0.8386919498443604,0.1314759254455566,0.3336552083492279,0.5584043264389038,0.2794362902641296,0.6417673826217651,0.2144577205181121,0.6883754730224609,0.3864222764968872,0.5185382962226868,0.2639161646366119,0.5935609936714172,0.8026114702224731,0.1984322816133499
1173,1173,test,23746,0.281324177980423,0.5881733298301697,0.3071507215499878,0.5770606398582458,0.3635695278644562,0.4914931356906891,0.5208698511123657,0.3558357954025268,0.7089563012123108,0.2648362219333648,0.8495060205459595,0.1213606595993042,0.3744418025016784,0.5028423070907593,0.3015824854373932,0.5945058465003967,0.2261074036359787,0.637155294418335,0.4929939806461334,0.4187383949756622,0.2394677251577377,0.604213535785675,0.7798103094100952,0.1987158209085464
1174,1174,train,23072,0.4863183200359344,0.4468353390693664,0.4631116390228271,0.4597261250019073,0.7683165073394775,0.2058050483465194,0.801906943321228,0.1897565871477127,0.8237114548683167,0.1987748444080352,0.8961651921272278,0.1219769120216369,0.671180248260498,0.288896769285202,0.5538182854652405,0.3874107897281647,0.3939371407032013,0.5187203884124756,0.8043467402458191,0.2030051350593567,0.1574341803789138,0.6976170539855957,0.5788070559501648,0.2973658442497253
1175,1175,train,23227,0.3223756551742553,0.5558207631111145,0.3508943915367126,0.544907808303833,0.5139601230621338,0.3820433318614959,0.6370987296104431,0.2836053073406219,0.74455326795578,0.2507530152797699,0.8666830658912659,0.1273706257343292,0.4727666079998016,0.4368921518325805,0.3593553304672241,0.5434515476226807,0.2657787799835205,0.5939379930496216,0.6464132070541382,0.3083758652210235,0.1977133303880691,0.6498885154724121,0.7040252089500427,0.2375459372997284
1176,1176,train,23263,0.2569457590579986,0.6314585208892822,0.2726114392280578,0.6265348196029663,0.2967493832111358,0.5662325620651245,0.4173456728458404,0.4458804726600647,0.664596676826477,0.2951079905033111,0.8266975283622742,0.1332060396671295,0.320645809173584,0.567996084690094,0.2709724307060241,0.6450075507164001,0.214712992310524,0.6894240379333496,0.3611218631267547,0.5346394777297974,0.2691279053688049,0.5863966345787048,0.8099249601364136,0.1932527124881744
1177,1177,train,23437,0.4543064534664154,0.4517769515514374,0.4294474422931671,0.4716408550739288,0.7305499911308289,0.1897889822721481,0.7519147396087646,0.17350734770298,0.7810600996017456,0.1790456920862198,0.8811786770820618,0.1200211569666862,0.6327791213989258,0.2676886618137359,0.5324406623840332,0.37515389919281,0.3637586534023285,0.5240404605865479,0.7626851797103882,0.1840729862451553,0.1609593629837036,0.6891306042671204,0.5763433575630188,0.2949208915233612
1178,1178,train,23029,0.2486020624637603,0.6410855054855347,0.2524685263633728,0.6458521485328674,0.2787691354751587,0.5914421081542969,0.3789433240890503,0.4842478930950165,0.6348580718040466,0.3076488673686981,0.8191516995429993,0.1395681649446487,0.3009749054908752,0.5909626483917236,0.2550317943096161,0.667381227016449,0.2064768224954605,0.705670177936554,0.3325486183166504,0.5730331540107727,0.2737292945384979,0.582577645778656,0.8144515156745911,0.2120831310749054
1179,1179,train,23401,0.4374562203884125,0.4571838080883026,0.425853967666626,0.4688003361225128,0.7099447250366211,0.2138778120279312,0.7411363124847412,0.1921837329864502,0.771844744682312,0.195290982723236,0.8782652020454407,0.1268728524446487,0.6182536482810974,0.2857199311256408,0.5055397152900696,0.3950453698635101,0.3473897874355316,0.5255486965179443,0.7520111799240112,0.2063357979059219,0.1620942205190658,0.6835125088691711,0.5939710736274719,0.2869046330451965
1180,1180,train,24046,0.3268518149852752,0.5542665719985962,0.3514932990074157,0.5440453886985779,0.5024813413619995,0.3853982090950012,0.6137060523033142,0.2883714139461517,0.7316296696662903,0.2535209357738495,0.8691446781158447,0.1276427805423736,0.4734549224376678,0.4332912266254425,0.3629980087280273,0.5504850149154663,0.2669840157032013,0.6101781129837036,0.6214628219604492,0.3153010010719299,0.2094244360923767,0.640701174736023,0.7275921702384949,0.2302820533514022
1181,1181,train,23733,0.5754359364509583,0.3696535527706146,0.4990316331386566,0.4238075613975525,0.8590750098228455,0.1516962051391601,0.865402102470398,0.1401618421077728,0.8686069250106812,0.147309198975563,0.9152248501777648,0.1056236550211906,0.7781931757926941,0.2178469449281692,0.6971931457519531,0.2700416147708893,0.4487254917621612,0.4675813615322113,0.8734006285667419,0.1446034759283065,0.1518464833498001,0.6934475898742676,0.5452146530151367,0.3138975799083709
1182,1182,train,24185,0.3865522444248199,0.4943979382514953,0.4044445157051086,0.4992397725582123,0.5981987118721008,0.2763212025165558,0.6574641466140747,0.2347601354122162,0.7294228076934814,0.2231465429067611,0.868698239326477,0.1303021609783172,0.5351746678352356,0.346689760684967,0.4329796433448791,0.4705429375171661,0.3225266635417938,0.573783278465271,0.6643423438072205,0.2520269155502319,0.1805215179920196,0.6752269268035889,0.650006115436554,0.2670934796333313
1183,1183,train,24233,0.3126404583454132,0.5768972635269165,0.3362908363342285,0.5592988729476929,0.4581472277641296,0.4236515760421753,0.5929650068283081,0.3047046959400177,0.7144830226898193,0.2552331984043121,0.8665800094604492,0.1244717463850975,0.4469678997993469,0.4623605906963348,0.333330750465393,0.572856605052948,0.2492711097002029,0.6212708950042725,0.5912060141563416,0.3375938534736633,0.2125935852527618,0.6370751261711121,0.7235621809959412,0.2284037470817566
1184,1184,train,23970,0.8374913334846497,0.153631716966629,0.6829317808151245,0.2966879308223724,0.933914601802826,0.1007645651698112,0.9333853721618652,0.1009978875517845,0.9329814910888672,0.1014187112450599,0.9512486457824708,0.0766082108020782,0.9099977016448976,0.119816169142723,0.9011268615722656,0.1130928620696067,0.6407908201217651,0.3593340814113617,0.9339304566383362,0.0999238044023513,0.1829036623239517,0.6768883466720581,0.5347552299499512,0.3204084038734436
1185,1185,train,23616,0.3694967031478882,0.5550404787063599,0.3611398935317993,0.5769479870796204,0.3888219594955444,0.5254745483398438,0.4306343793869018,0.4773950278759002,0.5964297652244568,0.3679766058921814,0.6572827696800232,0.2834320366382599,0.4041801989078522,0.5285229682922363,0.3892050087451935,0.5658836364746094,0.3461697697639465,0.6038768291473389,0.4015658497810364,0.5316768884658813,0.3337096571922302,0.5558738112449646,0.6500799059867859,0.2855013906955719
1186,1186,test,24138,0.3531647026538849,0.5390400290489197,0.370961993932724,0.5320324897766113,0.5551345944404602,0.3503092527389526,0.6387333273887634,0.2732596695423126,0.7386425733566284,0.2493595778942108,0.8725495934486389,0.1310301423072815,0.4998663961887359,0.4136501252651214,0.3822524547576904,0.528880774974823,0.2832279205322265,0.5917075872421265,0.6533423066139221,0.2939402461051941,0.1921610981225967,0.6563205122947693,0.6843488812446594,0.2529007494449615
1187,1187,train,23604,0.3783563673496246,0.5013315677642822,0.3879166841506958,0.5017544031143188,0.6285365223884583,0.2737509608268738,0.6985865831375122,0.2243340164422989,0.7535594701766968,0.2232217639684677,0.8738437294960022,0.1278421878814697,0.5457153916358948,0.3521992266178131,0.4153832495212555,0.4727506041526794,0.3026737570762634,0.566195011138916,0.691231906414032,0.2462736666202545,0.1790217757225036,0.667618989944458,0.6481361389160156,0.2660460770130157
1188,1188,test,24273,0.4849037528038025,0.430759072303772,0.4556817412376404,0.4526686370372772,0.7784022688865662,0.1892110705375671,0.7923973798751831,0.1733407825231552,0.8224173784255981,0.1822637170553207,0.89112788438797,0.1193894445896148,0.686268150806427,0.2652231454849243,0.5809181332588196,0.3555717766284942,0.3851500451564789,0.4997839629650116,0.8062853217124939,0.1848037987947464,0.160746693611145,0.6833941340446472,0.5702674388885498,0.2979345619678497
1189,1189,test,24741,0.4565507471561432,0.4436794221401214,0.4405029714107513,0.4608605802059173,0.7175359725952148,0.1924923211336136,0.7429537177085876,0.1758793741464615,0.7747634649276733,0.1808377206325531,0.878142237663269,0.1196484044194221,0.628405749797821,0.2649876177310943,0.5316442251205444,0.3735987842082977,0.3692173361778259,0.5187317728996277,0.7595207095146179,0.1871130764484405,0.1606588363647461,0.6881492733955383,0.5803232789039612,0.2937114536762237
1190,1190,train,23755,0.5441440343856812,0.4021969139575958,0.490862637758255,0.4369106292724609,0.839361310005188,0.1755236387252807,0.8569940328598022,0.1616911441087722,0.8576664924621582,0.172446459531784,0.9087014198303224,0.1150380671024322,0.7423954010009766,0.2521190345287323,0.6494181156158447,0.3151212036609649,0.4340119957923889,0.4837962388992309,0.8574674129486084,0.1693714261054992,0.1508586406707763,0.6972699761390686,0.5476177930831909,0.3093287646770477
1191,1191,train,22952,0.4171340465545654,0.4854908585548401,0.4172500073909759,0.4884933531284332,0.6702659130096436,0.238201156258583,0.7127915620803833,0.2033049762248993,0.7650941014289856,0.2064429968595504,0.8789627552032471,0.1233898252248764,0.5883670449256897,0.3292753994464874,0.4652614891529083,0.4507213830947876,0.3351403772830963,0.5505451560020447,0.7128587961196899,0.2224550247192382,0.1731085032224655,0.6741805672645569,0.6237742304801941,0.2747470140457153
1192,1192,train,23435,0.560732901096344,0.3781442940235138,0.4939713776111603,0.4303576946258545,0.8374460339546204,0.1571760028600692,0.8466185331344604,0.14359712600708,0.851218044757843,0.1574387848377227,0.9096789360046388,0.1082531809806823,0.7523519396781921,0.2240029126405716,0.6482453346252441,0.2975704371929168,0.43040531873703,0.486518919467926,0.8532404899597168,0.1527583748102188,0.1518144458532333,0.6976025700569153,0.5531365871429443,0.3105582594871521
1193,1193,train,24014,0.4124855399131775,0.4820405840873718,0.4127695262432098,0.4927924573421478,0.6927126049995422,0.2397302389144897,0.7286350131034851,0.2073953598737716,0.7758747935295105,0.2098020166158676,0.8770451545715332,0.1305500566959381,0.6126083731651306,0.3265931010246277,0.4788888692855835,0.4392617046833038,0.3387290835380554,0.5391302704811096,0.7326037883758545,0.2259634882211685,0.1735435128211975,0.6713773608207703,0.618485152721405,0.2743707597255707
1194,1194,train,24285,0.2591813802719116,0.6294617652893066,0.2632700800895691,0.6439632773399353,0.2845417857170105,0.5756719708442688,0.3731558322906494,0.4865721464157104,0.6364927291870117,0.3095125555992126,0.8249342441558838,0.1366861462593078,0.3076682090759277,0.5832628607749939,0.2654037773609161,0.6464239954948425,0.2220518738031387,0.6842989921569824,0.3277936279773712,0.5599827766418457,0.2804697751998901,0.5856240391731262,0.8141618371009827,0.2139099985361099
1195,1195,train,24174,0.2659429013729095,0.6153106689453125,0.2940045297145843,0.5943374037742615,0.3263180255889892,0.5287838578224182,0.487954318523407,0.3872183263301849,0.6926615238189697,0.2749253213405609,0.8432384133338928,0.1266753673553466,0.3547394573688507,0.5281444191932678,0.2886438965797424,0.6234820485115051,0.219636857509613,0.6649089455604553,0.4563000500202179,0.4531863033771515,0.2416892945766449,0.6124571561813354,0.7815878987312317,0.2004478424787521
1196,1196,train,23897,0.2623358368873596,0.6311668157577515,0.282944917678833,0.6170414090156555,0.3160653114318847,0.5578458905220032,0.4495738744735718,0.419988065958023,0.6788439750671387,0.2846059501171112,0.8334726691246033,0.13088059425354,0.3357443809509277,0.5598413348197937,0.2760269343852997,0.6394975781440735,0.215391457080841,0.682125985622406,0.3976128995418548,0.5005606412887573,0.2613939642906189,0.5904679298400879,0.7905458807945251,0.1950354427099228
1197,1197,train,24572,0.5987187623977661,0.3216261565685272,0.5283377766609192,0.3966089189052582,0.8571866154670715,0.1339767426252365,0.8613178730010986,0.127337098121643,0.8494056463241577,0.1334832459688186,0.9096606969833374,0.09836957603693,0.7720975875854492,0.1810944527387619,0.7219238877296448,0.213975578546524,0.4900838136672973,0.4474743902683258,0.8693568110466003,0.1276035606861114,0.1551375389099121,0.6989907622337341,0.5327705144882202,0.3193569481372833
1198,1198,train,24154,0.4002293050289154,0.5107843279838562,0.4028408825397491,0.5048487186431885,0.6407678127288818,0.2875440716743469,0.697669506072998,0.2321709543466568,0.7629637718200684,0.2198448777198791,0.8804894685745239,0.1294753849506378,0.5738441348075867,0.3625296354293823,0.4436157941818237,0.4785493910312652,0.3160562813282013,0.5679807662963867,0.7040995955467224,0.2508825361728668,0.184738203883171,0.6646803617477417,0.6563960909843445,0.2633592188358307
1199,1199,train,23340,0.5572704076766968,0.3525091707706451,0.4924239814281463,0.4207496047019958,0.8471304774284363,0.139271005988121,0.8621274828910828,0.1293184608221054,0.861017644405365,0.1346157640218734,0.9093377590179444,0.1017849370837211,0.754858136177063,0.1914760470390319,0.6781566739082336,0.2464366257190704,0.4463343620300293,0.4771562814712524,0.8647735714912415,0.1320778429508209,0.1534882932901382,0.696994423866272,0.5413999557495117,0.3141703605651855
1200,1200,train,24734,0.2688223421573639,0.6096386909484863,0.2720937728881836,0.6274607181549072,0.3026891946792602,0.5509763360023499,0.4039925634860992,0.4544076025485992,0.646758496761322,0.3081770837306976,0.8235058188438416,0.1368316411972046,0.3188438415527344,0.5627662539482117,0.2756111919879913,0.6304606795310974,0.2360541671514511,0.6703318357467651,0.3417055308818817,0.5422558784484863,0.27671679854393,0.570456862449646,0.8088232278823853,0.212385356426239
1201,1201,train,24366,0.5439388155937195,0.3932304382324219,0.494601160287857,0.4310267567634582,0.8306769132614136,0.1601725369691848,0.8435341715812683,0.1505116373300552,0.8443666696548462,0.160546064376831,0.9029674530029296,0.1107040345668792,0.7369177937507629,0.2248007953166961,0.6345666646957397,0.2975971698760986,0.4330795109272003,0.491747111082077,0.8471693396568298,0.1549855023622512,0.1536060869693756,0.6944135427474976,0.5513074398040771,0.3105756640434265
1202,1202,train,24044,0.3265037536621094,0.5512821078300476,0.3419989347457886,0.5476710200309753,0.4982371628284454,0.3726146817207336,0.5946935415267944,0.2817468643188476,0.7085484862327576,0.2495191991329193,0.8643539547920227,0.1307925432920456,0.4748872518539428,0.4147526919841766,0.3556504547595978,0.537826657295227,0.2563993036746979,0.6089113354682922,0.609520435333252,0.3056037724018097,0.2015308737754821,0.6506867408752441,0.708515465259552,0.2391276359558105
1203,1203,train,23096,0.360526442527771,0.5079197287559509,0.3716935813426971,0.5143817663192749,0.5705142021179199,0.2957026660442352,0.6338033676147461,0.2442386150360107,0.7198329567909241,0.2292135208845138,0.866182267665863,0.1317810714244842,0.5193126201629639,0.3532473146915436,0.3967801332473755,0.4840620160102844,0.2896707355976105,0.5732817053794861,0.649941623210907,0.2586073279380798,0.1891358941793441,0.6588830947875977,0.6709001660346985,0.2580350637435913
1204,1204,test,24460,0.467024028301239,0.4422448873519897,0.445233404636383,0.4627786874771118,0.741941511631012,0.193044975399971,0.7648020386695862,0.1758134663105011,0.7926711440086365,0.183464229106903,0.8850771188735962,0.1216683462262153,0.6427741050720215,0.2737480700016022,0.5399608612060547,0.3716835975646972,0.3743602037429809,0.5183742642402649,0.7742196321487427,0.1888000667095184,0.1593683511018753,0.6884644627571106,0.5774157643318176,0.2944574058055877
1205,1205,train,23613,0.5216178894042969,0.4147994220256805,0.4736716747283935,0.4460781216621399,0.8068578839302063,0.1803614795207977,0.8250907063484192,0.1638891994953155,0.8244374394416809,0.1750672906637191,0.8930519223213196,0.1217781752347946,0.7087380290031433,0.2560622692108154,0.6067156195640564,0.3322907388210296,0.4143533408641815,0.5022393465042114,0.8220683932304382,0.175783097743988,0.1541626304388046,0.6957706809043884,0.5553966164588928,0.3083588480949402
1206,1206,train,24316,0.2899630963802337,0.583280622959137,0.3183517456054687,0.5675941705703735,0.3924503028392792,0.4574524760246277,0.5543857216835022,0.3216248452663421,0.7069656252861023,0.2605513036251068,0.85870760679245,0.1240725517272949,0.4069929420948028,0.4747093617916107,0.3160660862922668,0.5888237357139587,0.2354000508785247,0.6309040784835815,0.5547307133674622,0.3684783279895782,0.2242882847785949,0.6244457364082336,0.7521259188652039,0.2130414545536041
1207,1207,train,23850,0.4411320686340332,0.4687235653400421,0.4308975338935852,0.4736000001430511,0.7087399363517761,0.2230573296546936,0.7485470771789551,0.1960500180721283,0.7824902534484863,0.1976894289255142,0.8795649409294128,0.1305060088634491,0.6222327351570129,0.3034316301345825,0.4983516633510589,0.4111142158508301,0.3522254526615143,0.5352197289466858,0.7492210865020752,0.20848248898983,0.1662117689847946,0.6799214482307434,0.6058234572410583,0.2858370840549469
1208,1208,train,24429,0.4223700165748596,0.4754883348941803,0.4215303659439087,0.4793212115764618,0.6952890157699585,0.2272064089775085,0.7359943985939026,0.1966606676578521,0.776628851890564,0.1973370760679245,0.8832445740699768,0.1224476471543312,0.6111987233161926,0.3031021356582641,0.4773300588130951,0.4317929446697235,0.3391425013542175,0.548349916934967,0.7401615977287292,0.2144113034009933,0.1723116785287857,0.6760469675064087,0.6220471262931824,0.2784693241119385
1209,1209,train,24565,0.7024850249290466,0.2586539089679718,0.57383131980896,0.3723407685756683,0.9054718613624572,0.1144372299313545,0.9078560471534728,0.1100552305579185,0.9072306752204896,0.1135594099760055,0.9375759363174438,0.0855134576559066,0.8537390232086182,0.1510630548000335,0.8099929094314575,0.1667661666870117,0.5424344539642334,0.4226189851760864,0.9122580885887146,0.1097842827439308,0.1577261239290237,0.6927539110183716,0.533178985118866,0.3233526647090912
1210,1210,train,24669,0.3347749710083008,0.5450502634048462,0.358431726694107,0.5344792604446411,0.5390992760658264,0.3706825077533722,0.6402459144592285,0.2800791561603546,0.7339261174201965,0.2483920603990554,0.8655381798744202,0.1294199377298355,0.5071188807487488,0.4201864004135132,0.3758785426616668,0.5361388921737671,0.2644340991973877,0.5951036214828491,0.6496562361717224,0.3021101653575897,0.1994552016258239,0.6421911120414734,0.7086451053619385,0.2328747361898422
1211,1211,train,23178,0.3916220366954803,0.4976253509521484,0.3952589929103851,0.5021636486053467,0.6469492316246033,0.2783990502357483,0.7027837634086609,0.2372218817472458,0.7562069892883301,0.2275920808315277,0.8696275949478149,0.1422519981861114,0.5810820460319519,0.3455057144165039,0.4427469968795776,0.4635419249534607,0.3132944405078888,0.5578381419181824,0.7093716859817505,0.2538102269172668,0.1724181324243545,0.675910234451294,0.635119616985321,0.2727008163928985
1212,1212,train,24005,0.3878699243068695,0.5227269530296326,0.3967150449752807,0.5151307582855225,0.6735025644302368,0.3019427359104156,0.742680549621582,0.2467170059680938,0.7798880338668823,0.2403190433979034,0.8837040066719055,0.1261487752199173,0.58585125207901,0.3835783302783966,0.4427595734596252,0.4929154217243194,0.3089914917945862,0.586707592010498,0.731692910194397,0.2721728086471557,0.1805700361728668,0.6675617694854736,0.672228991985321,0.2614794075489044
1213,1213,train,23554,0.4470041990280151,0.4599215686321258,0.4381237924098968,0.4703891575336456,0.7089558243751526,0.217068076133728,0.7473160624504089,0.1905865669250488,0.7808725237846375,0.1997559070587158,0.8803033828735352,0.1252674013376236,0.6274928450584412,0.2969107031822204,0.5029390454292297,0.4180701673030853,0.3542084395885467,0.5377010107040405,0.7410057783126831,0.2083511650562286,0.1630096137523651,0.6850123405456543,0.6109247803688049,0.2830443084239959
1214,1214,train,23870,0.2522943019866943,0.6280966997146606,0.2877306938171386,0.6096370816230774,0.2987645268440246,0.5551654100418091,0.4363705813884735,0.4232863783836365,0.6657015681266785,0.2861519753932953,0.8378922939300537,0.1315401047468185,0.3204056322574615,0.5546021461486816,0.2727713286876678,0.635123610496521,0.2082061618566513,0.6802811026573181,0.387715995311737,0.503430962562561,0.2491830587387085,0.602117657661438,0.7925975322723389,0.1965706199407577
1215,1215,test,23650,0.3534723818302154,0.5504592657089233,0.3757883906364441,0.5435462594032288,0.552929162979126,0.3626941740512848,0.6331804990768433,0.2874312996864319,0.7160158157348633,0.2529030442237854,0.874273955821991,0.127950444817543,0.505887508392334,0.4152893722057342,0.3910534083843231,0.5422574281692505,0.2825650572776794,0.6152938008308411,0.6449324488639832,0.3060429692268371,0.1922100335359573,0.6662397980690002,0.6930972933769226,0.2483028173446655
1216,1216,test,24209,0.358504980802536,0.5394960641860962,0.374672532081604,0.5314921736717224,0.5601943731307983,0.3405386209487915,0.6394079923629761,0.267568290233612,0.7241040468215942,0.2456490993499755,0.8712676167488098,0.1291674226522445,0.5170219540596008,0.3900378048419952,0.3970104157924652,0.520244836807251,0.2881039977073669,0.6003702878952026,0.6464284658432007,0.2873933315277099,0.1893837451934814,0.6672516465187073,0.6859219670295715,0.2531271576881408
1217,1217,test,24190,0.4277074337005615,0.4784363806247711,0.4232221841812134,0.4886519610881805,0.6730656027793884,0.2373936027288437,0.7209402322769165,0.1992670148611068,0.75947505235672,0.2017800509929657,0.8788504004478455,0.1235749274492263,0.5930317044258118,0.3161155581474304,0.4704020321369171,0.4413749575614929,0.3376193642616272,0.5591208338737488,0.716714084148407,0.215851828455925,0.1653296947479248,0.6854183077812195,0.6236007809638977,0.2757501602172851
1218,1218,train,24310,0.4290165305137634,0.4762004017829895,0.4209766387939453,0.4828672409057617,0.7137611508369446,0.2271124273538589,0.7470982074737549,0.1991956532001495,0.7877234220504761,0.2080126106739044,0.882061243057251,0.1236829459667205,0.6178425550460815,0.3222163319587707,0.4804943203926086,0.4363585710525512,0.3388133347034454,0.5418250560760498,0.7492804527282715,0.2199507355690002,0.1719236224889755,0.6708964705467224,0.6081435680389404,0.2803053259849548
1219,1219,train,24409,0.3298171162605285,0.5497120022773743,0.346896082162857,0.5400664210319519,0.4974348545074463,0.3723576664924621,0.5970260500907898,0.2845019400119781,0.7127217054367065,0.2522937953472137,0.8612996339797974,0.1301526576280594,0.4722005128860473,0.4167014956474304,0.3617618083953857,0.5378212928771973,0.2643091678619385,0.6050014495849609,0.6091188192367554,0.3058267533779144,0.2036513984203338,0.6478919386863708,0.707796573638916,0.2388190180063247
1220,1220,train,23826,0.3679370284080505,0.5232639312744141,0.3819475173950195,0.522382378578186,0.5996995568275452,0.3010852634906769,0.6703640818595886,0.2390832304954528,0.7289295792579651,0.2294369637966156,0.8735045194625854,0.1256023794412613,0.5288217663764954,0.3778403103351593,0.4044137895107269,0.5049871206283569,0.2952630221843719,0.5951607823371887,0.6645855903625488,0.2625112235546112,0.1860339045524597,0.6675044894218445,0.6775739789009094,0.2591855823993683
1221,1221,train,23818,0.2570381462574005,0.6417942047119141,0.2729667127132416,0.6339083909988403,0.3003935515880584,0.5781956315040588,0.4182656109333038,0.4541103541851043,0.6498788595199585,0.2950299680233001,0.8289618492126465,0.1326377540826797,0.3248355090618133,0.5748406648635864,0.2752571702003479,0.6590507626533508,0.2181022316217422,0.701765239238739,0.3630011677742004,0.5441838502883911,0.2734161615371704,0.5886200666427612,0.8108571767807007,0.1963353455066681
1222,1222,test,24639,0.3248487412929535,0.5435530543327332,0.3445109128952026,0.5347583889961243,0.4848297536373138,0.3909906446933746,0.5990536212921143,0.2993204593658447,0.720396876335144,0.2548227310180664,0.8625005483627319,0.1281339228153228,0.4711170196533203,0.4240663647651672,0.3549034893512726,0.5318297147750854,0.2623319029808044,0.5937103629112244,0.6156933903694153,0.3198829591274261,0.2094581723213195,0.6396125555038452,0.7207968235015869,0.229336068034172
1223,1223,train,24353,0.3375314474105835,0.562628448009491,0.333014965057373,0.5740424990653992,0.3689859807491302,0.5497024059295654,0.4143739640712738,0.5046464204788208,0.5714656710624695,0.3835765421390533,0.5859841108322144,0.3453534543514251,0.3707893490791321,0.5570759177207947,0.3409324288368225,0.6012811660766602,0.3053988516330719,0.6209632158279419,0.3831104636192322,0.5557191371917725,0.3117521107196808,0.568560779094696,0.6459617018699646,0.2885078191757202
1224,1224,train,24313,0.3304076194763183,0.5579394698143005,0.3523933589458465,0.5418257713317871,0.503603994846344,0.4148122668266296,0.6526424288749695,0.2966310977935791,0.7576788663864136,0.2535996437072754,0.8681159615516663,0.124159924685955,0.4763178527355194,0.4574891924858093,0.3616476953029632,0.553255558013916,0.2612446248531341,0.602455735206604,0.6525363326072693,0.3290465474128723,0.2135357409715652,0.6301429867744446,0.7382089495658875,0.2283649146556854
1225,1225,test,24678,0.5231244564056396,0.4075689315795898,0.4718557298183441,0.4455597102642059,0.8082783818244934,0.1758253872394561,0.8292078971862793,0.1630700528621673,0.832194447517395,0.1745790839195251,0.904263973236084,0.112575002014637,0.6942633390426636,0.2511869668960571,0.5864078998565674,0.3355879485607147,0.4142252504825592,0.5047619938850403,0.8268964290618896,0.1725286990404129,0.1557266116142273,0.6970483064651489,0.5598171353340149,0.3055755496025085
1226,1226,train,23307,0.4297092258930206,0.4796744287014007,0.4233418703079223,0.4850871860980987,0.6736778020858765,0.2466344535350799,0.7139726877212524,0.2118208706378936,0.747273325920105,0.2151044458150863,0.8751254081726074,0.1268510669469833,0.5888274908065796,0.3294574618339538,0.4762985408306122,0.4477932155132293,0.3403701782226562,0.5537626147270203,0.7074446082115173,0.2304499000310897,0.1731031835079193,0.6731964349746704,0.6252935528755188,0.2762551605701446
1227,1227,test,23047,0.396869421005249,0.5037921667098999,0.4030629098415375,0.5042028427124023,0.6215160489082336,0.2582008838653564,0.6573718786239624,0.216504618525505,0.7268854379653931,0.2179833501577377,0.8660476207733154,0.1288128644227981,0.5516731142997742,0.3417483270168304,0.4354330897331238,0.4669950604438782,0.3197243809700012,0.5706930756568909,0.6660944819450378,0.2365450412034988,0.1724835336208343,0.6777994632720947,0.6325221061706543,0.2723142802715301
1228,1228,test,24249,0.5333917140960693,0.3846535980701446,0.4833166301250458,0.427706778049469,0.8188359141349792,0.1548283845186233,0.8277388215065002,0.1453232765197754,0.825026273727417,0.1563255041837692,0.8952061533927917,0.1092314943671226,0.7174898982048035,0.2241364121437072,0.623123049736023,0.2870709002017975,0.434108018875122,0.4827902615070343,0.8349125981330872,0.1491323709487915,0.1538579165935516,0.6940610408782959,0.5454913973808289,0.3117379546165466
1229,1229,train,23044,0.2713788449764251,0.6131606101989746,0.3018266856670379,0.5929520726203918,0.3378978371620178,0.5359057188034058,0.4979466199874878,0.3904869854450226,0.6902642250061035,0.2871823012828827,0.8478955626487732,0.1273432224988937,0.3646251261234283,0.5332954525947571,0.2942681610584259,0.6172642707824707,0.2216608524322509,0.6616207957267761,0.4697315692901611,0.4556940793991089,0.2415226250886917,0.6063299775123596,0.7856124639511108,0.2000914067029953
1230,1230,train,24445,0.5789010524749756,0.3621655404567718,0.5078064799308777,0.4137098789215088,0.8572163581848145,0.1514864116907119,0.8673776388168335,0.1408745795488357,0.8659524917602539,0.1515295207500457,0.9146978259086608,0.1035575717687606,0.7731137871742249,0.2167379707098007,0.6822733283042908,0.2723015248775482,0.4520909488201141,0.4686205089092254,0.870430052280426,0.1464254856109619,0.1526612639427185,0.6927390694618225,0.5423462390899658,0.3154245913028717
1231,1231,train,24213,0.444129079580307,0.4660101234912872,0.4315098822116852,0.4763180017471313,0.7156906127929688,0.2334194630384445,0.7482023239135742,0.2100799977779388,0.7893438339233398,0.214382916688919,0.8839385509490967,0.1277024000883102,0.6311817765235901,0.3139829933643341,0.5122077465057373,0.4149207174777984,0.3519567549228668,0.5299949049949646,0.7532792687416077,0.2255482822656631,0.1698897331953048,0.67485511302948,0.612068772315979,0.2798250019550323
1232,1232,train,24519,0.3348611891269684,0.5576823949813843,0.3586238622665405,0.545113742351532,0.530794620513916,0.3680693507194519,0.6483915448188782,0.2685278952121734,0.7431492209434509,0.2397897839546203,0.8732321858406067,0.1254705190658569,0.481904000043869,0.4364458918571472,0.358851820230484,0.5531688332557678,0.270391583442688,0.6050950288772583,0.6496163606643677,0.2989488542079925,0.1985310912132263,0.6494081020355225,0.7057971954345703,0.2398825138807296
1233,1233,train,24130,0.4555006921291351,0.4635863900184631,0.4314843118190765,0.4746884703636169,0.7522608041763306,0.2063419073820114,0.7865286469459534,0.1853836476802826,0.8058961629867554,0.1983971446752548,0.8838480710983276,0.1262705326080322,0.6499627828598022,0.2976380288600921,0.5327189564704895,0.3924052119255066,0.3656700253486633,0.5243597030639648,0.7784571051597595,0.1999778896570205,0.1616777181625366,0.6850901246070862,0.5796808004379272,0.2945300638675689
1234,1234,train,23716,0.5108151435852051,0.4224969744682312,0.4646749794483185,0.4511649012565613,0.7982033491134644,0.1955224424600601,0.8246338963508606,0.1776079833507537,0.8327744007110596,0.187527522444725,0.8963606357574463,0.117707759141922,0.7070236206054688,0.2743932902812958,0.5883844494819641,0.3578017055988312,0.3995943069458008,0.5039871335029602,0.8189334273338318,0.1905777305364608,0.1593078225851059,0.6879398822784424,0.5695099234580994,0.300980657339096
1235,1235,train,24269,0.5814321637153625,0.3558571636676788,0.5031878352165222,0.4172167778015136,0.8603258728981018,0.149817869067192,0.8682650327682495,0.1409104019403457,0.8634424805641174,0.1527411341667175,0.9125431776046752,0.1048709377646446,0.7758014798164368,0.2073472589254379,0.6874822378158569,0.2581170499324798,0.4534801840782165,0.4711702764034271,0.8684006929397583,0.1460561007261276,0.1477498859167099,0.6989317536354065,0.5401779413223267,0.3149581849575043
1236,1236,train,24709,0.4313616156578064,0.4683955907821655,0.4221757352352142,0.4772763550281524,0.6943143606185913,0.2192888259887695,0.7335403561592102,0.1943875700235366,0.778523325920105,0.1987790316343307,0.8758327960968018,0.1261087954044342,0.6125508546829224,0.2982079982757568,0.4964586496353149,0.4159433841705322,0.3446077704429626,0.5350198149681091,0.7389967441558838,0.2102667987346649,0.166737288236618,0.6820388436317444,0.601320743560791,0.2845958471298218
1237,1237,test,23972,0.271681398153305,0.6031675338745117,0.3046605885028839,0.5836428999900818,0.3393371105194092,0.5160733461380005,0.4905368685722351,0.3812034130096435,0.6922825574874878,0.2758646011352539,0.8486425876617432,0.1246845796704292,0.3573368787765503,0.5225785374641418,0.2955449223518371,0.6006007194519043,0.2262231558561325,0.6489913463592529,0.4669991731643677,0.4459547102451324,0.2431609481573104,0.6050208210945129,0.783390462398529,0.2014560252428054
1238,1238,train,24510,0.4699510335922241,0.4373027384281158,0.437118262052536,0.4649736881256103,0.7635738253593445,0.1897576004266739,0.7866473197937012,0.1739948093891143,0.7981579303741455,0.1906894445419311,0.881878137588501,0.1204478666186332,0.6604502201080322,0.2733319103717804,0.5424213409423828,0.3728195428848266,0.3688789308071136,0.5177708864212036,0.7771840691566467,0.190414011478424,0.1593285202980041,0.6873629093170166,0.5742950439453125,0.2934284508228302
1239,1239,train,23707,0.3903429806232452,0.5027583241462708,0.401496946811676,0.5040343403816223,0.6184646487236023,0.2715667486190796,0.6911118626594543,0.2213632762432098,0.760644257068634,0.2169253230094909,0.8767700791358948,0.126602292060852,0.5494510531425476,0.3497810363769531,0.4346901178359985,0.4728047549724579,0.3176443874835968,0.5698201060295105,0.6873170137405396,0.2420817464590072,0.1785081326961517,0.6692939400672913,0.6493390798568726,0.2664410173892975
1240,1240,train,23660,0.2407122999429702,0.6329888701438904,0.2622155547142029,0.6260259747505188,0.2873161137104034,0.5712376832962036,0.4158466756343841,0.4512756466865539,0.669955313205719,0.2936203479766845,0.8379753828048706,0.1245592013001442,0.3131416738033294,0.5743187069892883,0.2625171542167663,0.6469853520393372,0.2056292295455932,0.6887837648391724,0.3609094321727752,0.5349899530410767,0.2672768235206604,0.5840023756027222,0.8085134029388428,0.1993157863616943
1241,1241,train,23419,0.3315085172653198,0.5343118906021118,0.3495500385761261,0.528950035572052,0.5225268602371216,0.3618977069854736,0.6358476877212524,0.2739682197570801,0.7393763661384583,0.2438507974147796,0.8662572503089905,0.1272992491722107,0.487697958946228,0.4092747867107391,0.3652579188346863,0.5212552547454834,0.2634937763214111,0.5771344900131226,0.645806074142456,0.2952063679695129,0.2020888477563858,0.6378433704376221,0.708901584148407,0.2326828092336654
1242,1242,train,24171,0.4046695232391357,0.4982756376266479,0.4064072370529175,0.4985940754413605,0.6277255415916443,0.2559291422367096,0.6690136194229126,0.2207367420196533,0.7349110245704651,0.2167661637067794,0.8628763556480408,0.1337479948997497,0.5696752071380615,0.3321782350540161,0.4487634301185608,0.4537729322910309,0.3270158469676971,0.5606875419616699,0.6786940097808838,0.2345490157604217,0.1767867803573608,0.67536860704422,0.6259923577308655,0.2768098413944244
1243,1243,train,24625,0.4499673843383789,0.4538604915142059,0.433277815580368,0.4695467054843902,0.7329585552215576,0.2029414176940918,0.7698627710342407,0.1802929937839508,0.7992649674415588,0.1855562478303909,0.8807085752487183,0.120766706764698,0.6388795971870422,0.2775011658668518,0.5180327892303467,0.3929225206375122,0.3624139726161957,0.5286207795143127,0.7708435654640198,0.1953166723251342,0.1643635779619217,0.6855231523513794,0.591475248336792,0.2892717719078064
1244,1244,train,23423,0.5459064841270447,0.3927474021911621,0.4876796007156372,0.4395096600055694,0.8300610780715942,0.174294501543045,0.8504131436347961,0.1602014750242233,0.849774956703186,0.1670562922954559,0.9125763177871704,0.1090741232037544,0.7434114813804626,0.2372304201126098,0.6316649913787842,0.3220143020153045,0.4140103459358215,0.4977217316627502,0.8452695608139038,0.1687774807214737,0.1531511396169662,0.6948306560516357,0.5637457370758057,0.3042097091674804
1245,1245,train,23926,0.2518211901187897,0.6355347633361816,0.2788271009922027,0.6165496706962585,0.2954528927803039,0.5685616731643677,0.4296777844429016,0.4291481673717499,0.664082944393158,0.2925963997840881,0.8383483290672302,0.1283044964075088,0.315312772989273,0.567361056804657,0.271740972995758,0.645634651184082,0.2132936120033264,0.6882045269012451,0.3821046650409698,0.5151423811912537,0.2570022642612457,0.5939150452613831,0.8006994724273682,0.1951991021633148
1246,1246,test,23973,0.7139552235603333,0.2481064796447754,0.5830420255661011,0.3716378211975097,0.9078519940376282,0.1176826581358909,0.9093971848487854,0.1151083335280418,0.905670166015625,0.117518663406372,0.9365055561065674,0.0856352895498275,0.8572987914085388,0.1557125747203827,0.8087137341499329,0.1729830205440521,0.5414655208587646,0.4277380108833313,0.9082329869270324,0.1129458546638488,0.1565194875001907,0.6939296126365662,0.5296356081962585,0.3224321007728576
1247,1247,train,24299,0.3479959368705749,0.5294222831726074,0.3674018979072571,0.5239933729171753,0.569296658039093,0.3244892060756683,0.6565898656845093,0.2544776499271393,0.7410582900047302,0.2365521639585495,0.8713381886482239,0.1284936219453811,0.5169618725776672,0.3891152143478393,0.3892695307731628,0.5134228467941284,0.2777704000473022,0.580476701259613,0.6646360754966736,0.2763702869415283,0.1915480345487594,0.6491377949714661,0.6974465250968933,0.2410171329975128
1248,1248,train,23937,0.3597955703735351,0.5165989995002747,0.371749073266983,0.5185278058052063,0.5605124235153198,0.3162567615509033,0.632077693939209,0.2563164830207824,0.7222445607185364,0.23891082406044,0.8655765652656555,0.1320499330759048,0.5176144242286682,0.379022479057312,0.3941233456134796,0.4985710680484772,0.2834590971469879,0.5768334865570068,0.6439948678016663,0.2699636816978454,0.191193088889122,0.6526006460189819,0.6811525821685791,0.2518588304519653
1249,1249,test,23727,0.2574765980243683,0.6220884919166565,0.2598065733909607,0.638282835483551,0.2929427921772003,0.5749894380569458,0.4061932563781738,0.4713152348995209,0.6333112716674805,0.3108926713466644,0.8273634314537048,0.1322835683822631,0.3121971786022186,0.5808524489402771,0.2698487937450409,0.6550571322441101,0.2213625907897949,0.6863489747047424,0.343792974948883,0.559266984462738,0.2773482501506805,0.573681652545929,0.806247353553772,0.207745686173439
1250,1250,train,24739,0.5809186100959778,0.3435845077037811,0.5103721022605896,0.4147717654705047,0.8543170094490051,0.1451539248228073,0.86279296875,0.1370640099048614,0.8639690279960632,0.1422368884086609,0.9136368632316588,0.1037901416420936,0.7702019214630127,0.1911872923374176,0.7054473161697388,0.2294329106807708,0.4681361317634582,0.4665345251560211,0.8732597231864929,0.1366786360740661,0.1539227962493896,0.6982372999191284,0.5334900617599487,0.3218220472335815
1251,1251,train,24538,0.4704160690307617,0.4376418590545654,0.4429874420166015,0.4581987857818603,0.7701448798179626,0.2009310573339462,0.7980963587760925,0.18345707654953,0.8056846261024475,0.1966898888349533,0.8898419141769409,0.1242261156439781,0.6643702387809753,0.2883182466030121,0.5362860560417175,0.3812281489372253,0.371050626039505,0.5091638565063477,0.793449342250824,0.1991526782512664,0.1543277204036712,0.6913467645645142,0.5715516805648804,0.2961149215698242
1252,1252,test,24319,0.3847523629665375,0.5142686367034912,0.3950903117656708,0.5123684406280518,0.6381316184997559,0.2801797688007355,0.705827534198761,0.2282145023345947,0.7452498078346252,0.2212778031826019,0.8747642636299133,0.1217709258198738,0.5697638392448425,0.3656621277332306,0.4354120790958404,0.4855791926383972,0.3071069717407226,0.5826078653335571,0.6910783052444458,0.2481244653463363,0.1806758195161819,0.6668645739555359,0.6681292653083801,0.2583649158477783
1253,1253,test,22986,0.2993161082267761,0.5836979746818542,0.3283182084560394,0.5656943321228027,0.4066348969936371,0.4729306399822235,0.5601606965065002,0.3460065722465515,0.7110225558280945,0.2663999795913696,0.8595877885818481,0.1209813132882118,0.4154306352138519,0.4911859929561615,0.3290177583694458,0.5871833562850952,0.2421529740095138,0.634793221950531,0.5452465415000916,0.397646427154541,0.2300612181425094,0.6125051975250244,0.7779762744903564,0.2028077691793441
1254,1254,train,23116,0.3629411160945892,0.5185290575027466,0.3687209486961365,0.5190422534942627,0.5860006809234619,0.3020339012145996,0.6504194736480713,0.2548388838768005,0.7209966778755188,0.2381307184696197,0.859398603439331,0.1379487961530685,0.535348117351532,0.3693990111351013,0.4008777737617492,0.4913572371006012,0.2864964008331299,0.5781610608100891,0.6630067229270935,0.266790509223938,0.185153916478157,0.6642827987670898,0.6509223580360413,0.263415664434433
1255,1255,train,23946,0.3247815668582916,0.5605506896972656,0.3476898670196533,0.5479899048805237,0.5104213356971741,0.3745743632316589,0.6154921054840088,0.2774244248867035,0.7177478671073914,0.251585453748703,0.868259608745575,0.1286622583866119,0.4756620228290558,0.433564692735672,0.3513992726802826,0.5518074035644531,0.2568301260471344,0.6123550534248352,0.6162707209587097,0.3061533272266388,0.2022888511419296,0.6446102261543274,0.7184629440307617,0.2323717921972274
1256,1256,train,23629,0.2619810104370117,0.6214271783828735,0.2900690138339996,0.6058400273323059,0.3248160481452942,0.5488103628158569,0.4773779213428497,0.4085702300071716,0.6841751337051392,0.283750832080841,0.8470761775970459,0.1247084140777587,0.3559624850749969,0.5437712073326111,0.2864368259906769,0.6326515674591064,0.2150099873542785,0.6739274859428406,0.4231561124324798,0.4907389879226684,0.2537243962287903,0.600003719329834,0.7941780686378479,0.1964742690324783
1257,1257,train,23878,0.7145126461982727,0.2552941143512726,0.5740976333618164,0.3754148781299591,0.9124941229820251,0.1213324591517448,0.9146904945373536,0.1182049065828323,0.9054712653160096,0.1278389245271682,0.9402267336845398,0.0889907255768776,0.8586811423301697,0.1629966497421264,0.8164831399917603,0.1714285016059875,0.5521196722984314,0.4218262434005737,0.9154573082923888,0.1184543296694755,0.1582093238830566,0.6969395279884338,0.5338298082351685,0.3244034051895141
1258,1258,train,23621,0.6165329813957214,0.3381329476833343,0.5368503928184509,0.4020735323429107,0.8516449332237244,0.1451475173234939,0.8572733998298645,0.1383991688489914,0.8620712161064148,0.1420462727546692,0.910668671131134,0.1047490909695625,0.784996509552002,0.1952549070119857,0.7232916951179504,0.2339879870414734,0.4873043894767761,0.4559530615806579,0.8721098303794861,0.1332729756832122,0.1531469672918319,0.6980526447296143,0.5428443551063538,0.3161541521549225
1259,1259,train,24186,0.2468524724245071,0.621404767036438,0.2689524292945862,0.6144739389419556,0.2919245064258575,0.5551947355270386,0.433975338935852,0.425610214471817,0.6747093200683594,0.2877062559127807,0.8357504606246948,0.1267407685518264,0.3195167779922485,0.5506955981254578,0.2677316665649414,0.6376059651374817,0.2072306275367736,0.6785750985145569,0.3687123656272888,0.5116704106330872,0.2629905939102173,0.5794715285301208,0.8036680221557617,0.1924683451652526
1260,1260,train,24017,0.6592814922332764,0.2868481278419494,0.5594348311424255,0.3847443163394928,0.8893066048622131,0.1180888563394546,0.8919873237609863,0.1132192760705947,0.889613151550293,0.1152456328272819,0.9283570051193236,0.0861184820532798,0.8289284110069275,0.1597949713468551,0.7787640690803528,0.1824102103710174,0.5171852111816406,0.4391416311264038,0.8994014859199524,0.1114232391119003,0.1547405421733856,0.6949139833450317,0.5342923402786255,0.3213744759559631
1261,1261,train,23645,0.693574070930481,0.2483577877283096,0.5749413371086121,0.3689073324203491,0.9054034352302552,0.1141369044780731,0.9081116914749146,0.1100003719329834,0.9017661809921264,0.1136572360992431,0.9362395405769348,0.0843139216303825,0.8517405390739441,0.1489816009998321,0.8082805275917053,0.1603662222623825,0.5472794771194458,0.417712926864624,0.9101073741912842,0.1105040237307548,0.1594692021608352,0.6936922073364258,0.530319094657898,0.3245366811752319
1262,1262,test,23908,0.2491503059864044,0.63913893699646,0.2745048403739929,0.6255411505699158,0.2938351631164551,0.5755352973937988,0.4280079901218414,0.4413083493709564,0.6732644438743591,0.2931393980979919,0.8336759805679321,0.1311070173978805,0.3202095925807953,0.5724750757217407,0.2715916931629181,0.6498482823371887,0.2119903862476349,0.6922281980514526,0.3680151402950287,0.5286240577697754,0.26471808552742,0.5933381915092468,0.8086457252502441,0.1970154643058776
1263,1263,test,23331,0.5976408123970032,0.3448412418365478,0.5202096700668335,0.4109886586666107,0.8569949865341187,0.1357299983501434,0.8622576594352722,0.1283340007066726,0.8636184334754944,0.1353184431791305,0.9130554795265198,0.1004708632826805,0.7828838229179382,0.1823944896459579,0.7138256430625916,0.234964832663536,0.4629300832748413,0.4680366218090057,0.8736668825149536,0.1292084455490112,0.1527474969625473,0.6968343257904053,0.5384498238563538,0.3158132135868072
1264,1264,train,23898,0.663995087146759,0.2936986684799194,0.5634770393371582,0.3858169913291931,0.8992503881454468,0.1206111833453178,0.9024707078933716,0.1158572733402252,0.903121292591095,0.1183178275823593,0.9341655969619752,0.088359996676445,0.8404574990272522,0.163811445236206,0.7889367341995239,0.187232956290245,0.517941951751709,0.4417848587036133,0.9094418287277222,0.1140073239803314,0.157449796795845,0.6941068172454834,0.5376622676849365,0.3234569728374481
1265,1265,train,23388,0.4850732386112213,0.439845323562622,0.4514103829860687,0.458382099866867,0.7681330442428589,0.205331414937973,0.8031918406486511,0.1842769235372543,0.8083314895629883,0.1890452206134796,0.8930249214172363,0.120874635875225,0.6655888557434082,0.2872819602489471,0.5451703667640686,0.3794924318790436,0.3875424861907959,0.5233022570610046,0.7862595915794373,0.2017233669757843,0.1545860469341278,0.6945298314094543,0.5759395360946655,0.296011358499527
1266,1266,train,23021,0.5445060729980469,0.3888985216617584,0.4898580908775329,0.4271006286144256,0.8136380314826965,0.156479150056839,0.8235612511634827,0.1465529203414917,0.8219223618507385,0.1570184975862503,0.8974668383598328,0.1085408553481102,0.7237206697463989,0.218100443482399,0.643060564994812,0.2874523103237152,0.4327681362628937,0.4843228757381439,0.8327972888946533,0.1531171947717666,0.1557816118001938,0.6916002035140991,0.5503324270248413,0.3093945980072021
1267,1267,train,24574,0.7143206000328064,0.2391248345375061,0.5986440181732178,0.3557330071926117,0.9048442244529724,0.1116720512509346,0.9056959748268129,0.1098395586013794,0.9057586789131165,0.1104826852679252,0.9338125586509703,0.0821925997734069,0.8532291054725647,0.1445958167314529,0.825976550579071,0.1548134386539459,0.5584522485733032,0.4134025871753692,0.9108362793922424,0.1082293763756752,0.1570693105459213,0.6915618181228638,0.5255627632141113,0.3267345130443573
1268,1268,train,23448,0.6175655722618103,0.3213441669940948,0.5343384146690369,0.4011112749576568,0.8761568069458008,0.1307572275400161,0.8823850750923157,0.1246406063437461,0.8755199313163757,0.130439281463623,0.9240575432777404,0.0946295633912086,0.7961897850036621,0.1790451109409332,0.7420563101768494,0.213134303689003,0.4971347451210022,0.4552427530288696,0.8883098363876343,0.1240521967411041,0.1539984345436096,0.7005460858345032,0.5356385707855225,0.3206631243228912
1269,1269,train,24497,0.3042807579040527,0.5840050578117371,0.3362657725811004,0.5701742172241211,0.4297079741954803,0.4487773776054382,0.5584105849266052,0.3309325873851776,0.6845018863677979,0.2646099030971527,0.860295295715332,0.1278301030397415,0.4322153329849243,0.4743323922157287,0.3383761346340179,0.5914812088012695,0.2491159290075302,0.6453010439872742,0.5599590539932251,0.3641379177570343,0.223492294549942,0.6314584016799927,0.7543058395385742,0.2217601984739303
1270,1270,train,24127,0.4365388453006744,0.4587658047676086,0.4236268103122711,0.4744130074977875,0.733848512172699,0.1969213038682937,0.7579151391983032,0.1791862398386001,0.7845208644866943,0.1873655170202255,0.8701838254928589,0.1282330006361007,0.634347677230835,0.2816885113716125,0.5122190713882446,0.3971921801567077,0.3431816399097442,0.5288795828819275,0.7640767693519592,0.1919697076082229,0.161584734916687,0.6831759214401245,0.5904157161712646,0.2865301370620727
1271,1271,test,23743,0.2826695740222931,0.5958912372589111,0.3132264018058777,0.5802138447761536,0.3678633868694305,0.5111041069030762,0.5176168084144592,0.3713877499103546,0.7040874361991882,0.2736661434173584,0.845366895198822,0.1238385736942291,0.3730918765068054,0.5200261473655701,0.3041117787361145,0.5972453951835632,0.2332265377044677,0.6403499841690063,0.4849412143230438,0.4335340559482574,0.2511137723922729,0.5887725949287415,0.7832478284835815,0.1982300728559494
1272,1272,train,23026,0.2713568210601806,0.6064475774765015,0.3008247017860412,0.5859402418136597,0.3509872257709503,0.51642245054245,0.5245057344436646,0.3687586188316345,0.7104505300521851,0.2738152146339416,0.8508656024932861,0.1259311139583587,0.3701233565807342,0.5268022418022156,0.2960288822650909,0.6102682948112488,0.2223798632621765,0.6476127505302429,0.5010881423950195,0.428506851196289,0.2395527362823486,0.6108834743499756,0.777413010597229,0.2041030526161193
1273,1273,train,23229,0.4019390046596527,0.4819228947162628,0.4025596976280212,0.4915927648544311,0.6536921858787537,0.243837758898735,0.6995960474014282,0.2068065553903579,0.7533230185508728,0.2075484842061996,0.8761832118034363,0.1250062733888626,0.5680261850357056,0.3283804059028625,0.4493823647499084,0.4486867487430572,0.3160664141178131,0.5489182472229004,0.6955798268318176,0.2274349331855774,0.1771909743547439,0.6656994819641113,0.6431986093521118,0.2642028629779815
1274,1274,train,23135,0.2494592517614364,0.631219208240509,0.2782197594642639,0.610525906085968,0.2980278134346008,0.5593641996383667,0.4389722943305969,0.4187391400337219,0.6712439656257629,0.283423513174057,0.8250420093536377,0.1316058784723281,0.3243398070335388,0.5581241250038147,0.271718293428421,0.6338511109352112,0.2084785401821136,0.6749125123023987,0.4004808068275451,0.4979501664638519,0.24759441614151,0.6016338467597961,0.7918897271156311,0.19639652967453
1275,1275,train,23285,0.2637003660202026,0.6173909306526184,0.293766051530838,0.5956352353096008,0.3316108584403991,0.5409820079803467,0.4733926057815552,0.3998993933200836,0.6951603889465332,0.2801971435546875,0.8444516658782959,0.1214492693543434,0.3472172021865845,0.5507035255432129,0.2856885492801666,0.6189109086990356,0.2183789014816284,0.6618037819862366,0.4385815560817718,0.4717306196689605,0.2508589923381805,0.5955215096473694,0.794822096824646,0.1959877461194992
1276,1276,test,23393,0.4820252358913421,0.4413049519062042,0.4470897018909454,0.4627078771591186,0.7946041822433472,0.1815486848354339,0.8140000104904175,0.1626945585012436,0.830309271812439,0.1708966046571731,0.9020307064056396,0.1128991320729255,0.6955162286758423,0.263189435005188,0.5586161613464355,0.3697803914546966,0.3789222836494446,0.5191389918327332,0.8162307739257812,0.1754534840583801,0.151437297463417,0.6955485939979553,0.5774832963943481,0.2991974651813507
1277,1277,train,24645,0.6710843443870544,0.268724113702774,0.5604468584060669,0.375618427991867,0.8984047174453735,0.1161079332232475,0.9017031788825988,0.1121719479560852,0.8960186243057251,0.1163970157504081,0.9332712888717652,0.0847634226083755,0.832970380783081,0.1553628891706466,0.7847797274589539,0.1761519163846969,0.5289043188095093,0.4264211058616638,0.905226707458496,0.1125122234225273,0.1567123085260391,0.6940184831619263,0.5321300029754639,0.3228259980678558
1278,1278,train,24664,0.5898075103759766,0.3498170375823974,0.5102916955947876,0.4190331101417541,0.8648239374160767,0.1484274119138717,0.8748429417610168,0.1401826292276382,0.8650193214416504,0.1503726094961166,0.9196591973304749,0.1004500240087509,0.7682237029075623,0.212161511182785,0.6732504963874817,0.2594983577728271,0.4657764136791229,0.4759778976440429,0.8699654340744019,0.1447176784276962,0.1492267996072769,0.6993799805641174,0.5419177412986755,0.3168396353721618
1279,1279,train,23836,0.5058117508888245,0.4221067130565643,0.4692871868610382,0.4483477175235748,0.8016237616539001,0.1885726600885391,0.8268567323684692,0.1711759120225906,0.8329136967658997,0.1812060177326202,0.9007197022438049,0.1159754693508148,0.7033671736717224,0.2682121098041534,0.586381733417511,0.3557153046131134,0.3973983526229858,0.5079513788223267,0.8192861080169678,0.184802308678627,0.1560617089271545,0.69121915102005,0.5744388103485107,0.296146959066391
1280,1280,train,23753,0.3517376482486725,0.5397984385490417,0.3694241046905517,0.5309659838676453,0.5583342909812927,0.3341365158557892,0.6388152837753296,0.2646265029907226,0.7178472280502319,0.2406227588653564,0.8659850358963013,0.1323639303445816,0.5144872665405273,0.3983077108860016,0.3900964856147766,0.5240074992179871,0.2820025086402893,0.5989014506340027,0.6447267532348633,0.2802136838436126,0.187072604894638,0.6644744873046875,0.6870135068893433,0.2509447336196899
1281,1281,test,24075,0.2527883946895599,0.6308240294456482,0.2841127812862396,0.6130611896514893,0.3030964136123657,0.5564133524894714,0.4359959661960602,0.4221733510494232,0.6687659621238708,0.2823641002178192,0.846298336982727,0.1237237676978111,0.3273539841175079,0.5576669573783875,0.2748109996318817,0.6357677578926086,0.2125868946313858,0.6811710000038147,0.390787661075592,0.5018097758293152,0.2581389546394348,0.5993025302886963,0.7972730994224548,0.194744199514389
1282,1282,train,23160,0.4131271243095398,0.4733999967575073,0.4105246961116791,0.48628631234169,0.6644704937934875,0.2255241721868515,0.7013559341430664,0.2041327059268951,0.7523484230041504,0.211015373468399,0.8706518411636353,0.1264354139566421,0.5734297633171082,0.3077410757541656,0.4645841717720032,0.4244974851608276,0.3359844088554382,0.5446571111679077,0.7030450105667114,0.2210515141487121,0.166210800409317,0.6768608093261719,0.6081979274749756,0.2788039743900299
1283,1283,train,23155,0.2619431316852569,0.6256439089775085,0.26710906624794,0.6372181177139282,0.298673003911972,0.5750588774681091,0.3939670622348785,0.4671473503112793,0.6485130190849304,0.3073261678218841,0.8225062489509583,0.1413726359605789,0.3177777230739593,0.5809742212295532,0.2714006900787353,0.6481630802154541,0.227711021900177,0.6882274746894836,0.3494310975074768,0.5564672350883484,0.2777965068817138,0.5741792321205139,0.815422773361206,0.209680438041687
1284,1284,train,24583,0.6514954566955566,0.2955506145954132,0.5417317152023315,0.3933010399341583,0.8931462168693542,0.1298540532588958,0.8971859812736511,0.1242895796895027,0.8856870532035828,0.1328925341367721,0.9295239448547364,0.0942123383283615,0.819813072681427,0.1769925504922866,0.763751745223999,0.1994947046041488,0.5093555450439453,0.4438997507095337,0.8952858448028564,0.1265196651220321,0.1510148495435714,0.6982139945030212,0.5317040681838989,0.3229665458202362
1285,1285,train,23713,0.701726496219635,0.256333589553833,0.5696864724159241,0.3751201033592224,0.9075391888618468,0.1134543269872665,0.9098150134086608,0.1094963252544403,0.9023893475532532,0.1137794330716133,0.937153935432434,0.0837714001536369,0.8555812239646912,0.1497070640325546,0.8079699873924255,0.1641558110713958,0.541661262512207,0.4225441217422485,0.9117001891136168,0.1106500849127769,0.1557513773441314,0.6935871839523315,0.530437707901001,0.3221831321716308
1286,1286,test,23502,0.6896726489067078,0.2618624269962311,0.5578520894050598,0.38643279671669,0.9071124792099,0.1207315847277641,0.9093273282051086,0.1172634661197662,0.8995267748832703,0.125959575176239,0.935849130153656,0.0904718041419982,0.8461946845054626,0.1616249233484268,0.7995761632919312,0.175741896033287,0.5415529012680054,0.4265130758285522,0.9086905121803284,0.1181273385882377,0.158474862575531,0.6972382068634033,0.5272808074951172,0.3243968486785888
1287,1287,train,23569,0.5925723910331726,0.3506787121295929,0.5117583274841309,0.4126865267753601,0.867174506187439,0.1409715563058853,0.8749058842658997,0.1343841254711151,0.856716513633728,0.1430435180664062,0.9182684421539308,0.0967927128076553,0.7717713117599487,0.1976678222417831,0.6912392973899841,0.2436113804578781,0.4709620177745819,0.4675812721252441,0.8672724962234497,0.138293370604515,0.1507325172424316,0.6989768743515015,0.5394716262817383,0.3165462613105774
1288,1288,train,24680,0.3197850883007049,0.5689656138420105,0.3488806188106537,0.5548233985900879,0.4707285165786743,0.3996779322624206,0.5914724469184875,0.2989837229251861,0.7140735983848572,0.2526563704013824,0.8587959408760071,0.132808431982994,0.4549988508224487,0.4399966299533844,0.3514578342437744,0.5600887537002563,0.2625873684883117,0.6169512271881104,0.6002331972122192,0.3223841786384582,0.2078131288290023,0.6439138054847717,0.7169528603553772,0.2339228987693786
1289,1289,train,24160,0.3816764056682586,0.5232633948326111,0.3921000361442566,0.518664538860321,0.606637716293335,0.3264316022396087,0.6964805722236633,0.2574850916862488,0.7555620670318604,0.2385803163051605,0.8752316832542419,0.1278176456689834,0.5532477498054504,0.3872129023075104,0.4193575978279114,0.5072156190872192,0.3000962734222412,0.581100344657898,0.6888711452484131,0.2739718556404114,0.1874388456344604,0.659417450428009,0.6785016059875488,0.2534280121326446
1290,1290,train,23137,0.5501730442047119,0.3595003187656402,0.4957469701766968,0.4179106950759887,0.8186473846435547,0.1546162366867065,0.8345084190368652,0.1417947858572006,0.8221526145935059,0.1511241942644119,0.900321900844574,0.1044154092669487,0.7270762324333191,0.2128550708293914,0.6350862383842468,0.2800885438919067,0.4385691583156585,0.4818489253520965,0.8252560496330261,0.1487303227186203,0.1522731930017471,0.6977172493934631,0.5466163158416748,0.3081182837486267
1291,1291,train,23949,0.6662955284118652,0.2891119122505188,0.5509973764419556,0.3889467716217041,0.9040800333023072,0.122441828250885,0.9074420928955078,0.1184308677911758,0.9004324674606323,0.1253081709146499,0.9342212677001952,0.0890145450830459,0.8376390337944031,0.1664715707302093,0.7787990570068359,0.1887848824262619,0.5152003169059753,0.4438527822494507,0.9061111211776732,0.1189348325133323,0.1528065502643585,0.697812020778656,0.5299250483512878,0.3224726021289825
1292,1292,train,24575,0.6345084309577942,0.3181032538414001,0.5334810018539429,0.3987496495246887,0.8724251985549927,0.1395383179187774,0.8793396353721619,0.1341436505317688,0.8713715076446533,0.1423750817775726,0.9184890389442444,0.0997553914785385,0.7960309982299805,0.1900283694267273,0.7291426658630371,0.2226467430591583,0.4989382028579712,0.4503847062587738,0.8759608864784241,0.1367415636777877,0.1524277180433273,0.6971368193626404,0.531585693359375,0.3218863606452942
1293,1293,test,24389,0.3383688926696777,0.5432523488998413,0.3616882562637329,0.5382503271102905,0.5086216926574707,0.3589626550674438,0.6086758971214294,0.2739355862140655,0.7130364179611206,0.2489109635353088,0.863949179649353,0.1311050206422805,0.4894866049289703,0.3968453705310821,0.3731541931629181,0.5262232422828674,0.2740235328674316,0.6043909192085266,0.6167188882827759,0.2924062609672546,0.1989014446735382,0.6519350409507751,0.7097114324569702,0.2394512295722961
1294,1294,train,23459,0.3769329786300659,0.5198513865470886,0.3881537914276123,0.5159410238265991,0.611947774887085,0.2838284969329834,0.6676198244094849,0.2436560988426208,0.7393099665641785,0.2338890582323074,0.8648762106895447,0.1351767480373382,0.5437412261962891,0.3648818731307983,0.4213974475860595,0.4834053814411163,0.3093762397766113,0.570680558681488,0.6806387305259705,0.2535082697868347,0.1777508109807968,0.674548327922821,0.6341317892074585,0.2741648256778717
1295,1295,test,24702,0.2567450106143951,0.6277449131011963,0.2798667252063751,0.615888774394989,0.3075032830238342,0.5591791272163391,0.4308748543262481,0.4354766309261322,0.6596963405609131,0.29376021027565,0.8385721445083618,0.1280577927827835,0.3265603482723236,0.5618071556091309,0.2771083414554596,0.6369677782058716,0.2148204892873764,0.6841732263565063,0.3710313737392425,0.5202565789222717,0.2644176483154297,0.5922778844833374,0.8033416867256165,0.1959105283021927
1296,1296,train,23268,0.6291332840919495,0.3323883712291717,0.5427088737487793,0.3988975882530212,0.8821973204612732,0.1450165510177612,0.8886224031448364,0.1372051537036895,0.8878532648086548,0.1444149017333984,0.92571222782135,0.1017472445964813,0.810225248336792,0.1996763199567794,0.7498174905776978,0.2311365604400634,0.4938924908638,0.4523312449455261,0.8940610289573669,0.1357281953096389,0.153977483510971,0.6954497694969177,0.5391871333122253,0.3203869163990021
1297,1297,train,23020,0.2532609105110168,0.6297428011894226,0.2778321802616119,0.6117541790008545,0.3040829598903656,0.5519400835037231,0.4488219618797302,0.4102061688899994,0.6781819462776184,0.281968742609024,0.8303330540657043,0.1307819783687591,0.3287791311740875,0.5518583059310913,0.2718248069286346,0.6308728456497192,0.209703117609024,0.6737371683120728,0.4013040065765381,0.4895831048488617,0.2542591392993927,0.596782386302948,0.7940307855606079,0.1937835067510604
1298,1298,train,24255,0.2697311043739319,0.607405424118042,0.2986671030521393,0.5860204100608826,0.3402516543865204,0.5175812840461731,0.4918047785758972,0.3808667063713074,0.6873292922973633,0.2775025367736816,0.8472591042518616,0.1223065182566642,0.3598916828632355,0.522635281085968,0.293686032295227,0.6091876029968262,0.2207759916782379,0.6536447405815125,0.4606256186962127,0.4485986530780792,0.2427223026752472,0.6061280369758606,0.784843385219574,0.1965185105800628
1299,1299,train,24594,0.4470191299915313,0.4625875651836395,0.438392162322998,0.4755426347255707,0.7104291915893555,0.2210463881492614,0.7439114451408386,0.1941276788711547,0.7732465267181396,0.1998965442180633,0.8850370049476624,0.1220764890313148,0.6234793066978455,0.3089381754398346,0.4914090633392334,0.4296796321868896,0.353868305683136,0.548525333404541,0.7408187985420227,0.2130848318338394,0.1657484918832779,0.6859241127967834,0.6197296380996704,0.2792185246944427
1300,1300,train,24195,0.581440806388855,0.3536953330039978,0.5130710005760193,0.4143054783344269,0.844679057598114,0.1443314254283905,0.8524835705757141,0.1346333175897598,0.8494418859481812,0.1441255956888198,0.9085049629211426,0.1014609113335609,0.7592345476150513,0.2008440196514129,0.6807551383972168,0.2545832991600036,0.4626233279705047,0.4671449065208435,0.8576266765594482,0.1401857882738113,0.1520078033208847,0.6976668238639832,0.5395830273628235,0.3147130906581878
1301,1301,train,23825,0.6322984099388123,0.3179656863212585,0.5281311273574829,0.3991593420505523,0.8810731768608093,0.1390662044286728,0.8873714208602905,0.1335480064153671,0.8773317933082581,0.1427055150270462,0.9262394309043884,0.0982487201690673,0.8046451210975647,0.1907228976488113,0.7384844422340393,0.2228243052959442,0.4932763278484344,0.4468553364276886,0.8865039348602295,0.1342285871505737,0.1557483524084091,0.6931512951850891,0.5376154780387878,0.3183957636356354
1302,1302,test,24061,0.4821431338787079,0.4363958239555359,0.4499803781509399,0.4567432701587677,0.7603974938392639,0.1967683136463165,0.785137951374054,0.179284781217575,0.7991536259651184,0.1852427870035171,0.8914827108383179,0.1186501160264015,0.6621600985527039,0.2707048952579498,0.5460095405578613,0.3717920184135437,0.3844002485275268,0.5181670784950256,0.7844558954238892,0.1937233209609985,0.1574037820100784,0.6906716823577881,0.5703753232955933,0.2984442114830017
1303,1303,train,23062,0.3071903884410858,0.589594841003418,0.3322338163852691,0.5675113201141357,0.4260063171386719,0.4489916861057281,0.5593048334121704,0.325493186712265,0.7014163136482239,0.2623201906681061,0.8510133624076843,0.1304052025079727,0.4333676397800445,0.4675157070159912,0.33661949634552,0.58316969871521,0.2484641522169113,0.6361673474311829,0.5688503384590149,0.3495883643627167,0.2161029279232025,0.6400459408760071,0.7407287955284119,0.2243852168321609
1304,1304,train,23030,0.3329265713691711,0.5444345474243164,0.3553525805473327,0.5360226631164551,0.5215644240379333,0.3637569546699524,0.6210407018661499,0.2780971229076385,0.7212308049201965,0.2452360689640045,0.8647958636283875,0.1285690665245056,0.4862424433231354,0.4130981862545013,0.3638688623905182,0.532951831817627,0.2724382579326629,0.599052369594574,0.6300147771835327,0.3010105192661285,0.2001646310091018,0.6449175477027893,0.7046533823013306,0.2410080730915069
1305,1305,train,23207,0.3742977678775787,0.4970494508743286,0.3867614567279815,0.4957091212272644,0.591801643371582,0.3003091514110565,0.6477958559989929,0.2571877241134643,0.7252036929130554,0.2405842840671539,0.8599503040313721,0.1376792937517166,0.5406849384307861,0.3591609299182892,0.4153917133808136,0.4718705117702484,0.293718159198761,0.5558347105979919,0.6637762188911438,0.2704198956489563,0.1883215457201004,0.6510006189346313,0.6714811325073242,0.2505345046520233
1306,1306,test,23198,0.7257454991340637,0.2215009778738021,0.5972039699554443,0.3531397879123688,0.9106523394584656,0.1098503768444061,0.9124129414558412,0.1080507561564445,0.9093710780143738,0.1101587936282157,0.9386496543884276,0.0813242122530937,0.8658316135406494,0.1391702890396118,0.8320853114128113,0.1485157757997512,0.5576639771461487,0.4111562073230743,0.9147568941116332,0.1065068170428276,0.1627568006515503,0.6908021569252014,0.5276430249214172,0.324150800704956
1307,1307,test,23812,0.3976888656616211,0.4951022267341614,0.4061824083328247,0.4982685446739197,0.6320765018463135,0.2498825788497924,0.684284508228302,0.2013904899358749,0.7439447641372681,0.2014092653989792,0.8752816319465637,0.1193522065877914,0.5605294704437256,0.3314990103244781,0.4388487637042999,0.4584390223026275,0.3240881860256195,0.5694273710250854,0.6938509345054626,0.2201157808303833,0.1757272183895111,0.6771683096885681,0.6379642486572266,0.2709473967552185
1308,1308,train,23624,0.3815606534481048,0.5235849618911743,0.3931277096271515,0.5165311098098755,0.6252357363700867,0.2994827926158905,0.7017235159873962,0.2363361269235611,0.763382613658905,0.2283119410276413,0.8773462176322937,0.1290832906961441,0.5631018877029419,0.3736079335212707,0.4244455695152282,0.4942956268787384,0.3016470074653625,0.5778008103370667,0.7008742094039917,0.2566019892692566,0.1868133395910263,0.6598950028419495,0.6694728136062622,0.2579039335250854
1309,1309,train,24302,0.5551179051399231,0.3760351538658142,0.4915176033973694,0.4249168038368225,0.8339471817016602,0.1663569957017898,0.848520040512085,0.1550406962633133,0.8486593961715698,0.1648182123899459,0.9064175486564636,0.1112294197082519,0.7524443864822388,0.2189089357852935,0.666662335395813,0.2750329077243805,0.4329902231693268,0.479589432477951,0.8509471416473389,0.1587535887956619,0.1514758467674255,0.695334792137146,0.539366602897644,0.3149906694889068
1310,1310,train,23147,0.7012984156608582,0.2650170028209686,0.5749452114105225,0.3772739470005035,0.9066841006278992,0.1251395046710968,0.9105848073959352,0.1212936118245124,0.904490053653717,0.1271824836730957,0.9376457929611206,0.0916805565357208,0.8529695868492126,0.1655866354703903,0.8114559650421143,0.1778923422098159,0.5489487051963806,0.4223004281520843,0.9128748774528505,0.1199211329221725,0.160730093717575,0.694537341594696,0.5340157747268677,0.3257265985012054
1311,1311,train,23347,0.2645117342472076,0.6212717890739441,0.2941392958164215,0.601874589920044,0.3227887451648712,0.5435687899589539,0.4795816540718078,0.3979217112064361,0.6783356070518494,0.2837414443492889,0.8444147109985352,0.1274908483028412,0.3504330813884735,0.5473432540893555,0.2888739109039306,0.6292746067047119,0.2209994792938232,0.6702273488044739,0.4353220462799072,0.4719700515270233,0.245449960231781,0.6048613786697388,0.7921637296676636,0.1962119936943054
1312,1312,train,24700,0.5602430105209351,0.3617362082004547,0.4894333183765411,0.4215048849582672,0.8507280945777893,0.1443929076194763,0.862897515296936,0.1353687494993209,0.8606060743331909,0.1440458744764328,0.913728415966034,0.1000938042998313,0.7490257024765015,0.2050275653600692,0.6734439134597778,0.2613833844661712,0.4378069639205932,0.472740113735199,0.8646049499511719,0.1393977552652359,0.1522963345050811,0.6930264830589294,0.5406457185745239,0.3142527043819427
1313,1313,test,23848,0.4307414591312408,0.4712505340576172,0.4296899437904358,0.4785604178905487,0.7011067867279053,0.2375498116016388,0.7343052625656128,0.2069832682609558,0.7737624645233154,0.2183539867401123,0.8773828148841858,0.1311612129211425,0.6174340844154358,0.3150345087051391,0.493972897529602,0.4256196618080139,0.3478673994541168,0.5418307185173035,0.7383401989936829,0.2277757972478866,0.1703613996505737,0.6745871305465698,0.6172535419464111,0.2786299288272857
1314,1314,train,24143,0.3978192806243896,0.493283748626709,0.4015829265117645,0.4953623116016388,0.6445316672325134,0.2625468373298645,0.704191267490387,0.2263877093791961,0.7600293159484863,0.2256951183080673,0.8751527667045593,0.1357693374156952,0.5730931758880615,0.332148015499115,0.4452075958251953,0.4532235562801361,0.3180120885372162,0.5484892725944519,0.7130422592163086,0.2419798225164413,0.1740975230932235,0.6712049245834351,0.6309793591499329,0.2741049230098724
1315,1315,train,24663,0.2595861554145813,0.6157016754150391,0.2600112557411194,0.632607102394104,0.2986411452293396,0.5645425319671631,0.4215580821037292,0.4503937065601349,0.6612640023231506,0.2935819625854492,0.8300542831420898,0.1337073445320129,0.3188631534576416,0.5672465562820435,0.2636975049972534,0.6532046794891357,0.2103787362575531,0.6880860924720764,0.3592314720153808,0.5435726046562195,0.2727392911911011,0.5722362995147705,0.8176036477088928,0.2053707391023636
1316,1316,train,24244,0.2540279328823089,0.6245797276496887,0.269940048456192,0.6216759085655212,0.2979626059532165,0.5574370622634888,0.4308168888092041,0.4261130094528198,0.6730897426605225,0.2926120460033417,0.83847576379776,0.1273614019155502,0.3231185674667358,0.5563833713531494,0.2714169919490814,0.639248251914978,0.2113886773586273,0.6871849298477173,0.3650357723236084,0.5241227746009827,0.2683826088905334,0.5802939534187317,0.8104366064071655,0.1947245299816131
1317,1317,train,24092,0.3454020917415619,0.5294515490531921,0.3600901067256927,0.5283770561218262,0.5508989095687866,0.3209358751773834,0.6331578493118286,0.2570774257183075,0.7248626351356506,0.231765478849411,0.8632763028144836,0.1311424970626831,0.4962774813175201,0.3895826935768127,0.3789586126804352,0.5137689113616943,0.2817910611629486,0.5877819061279297,0.6390877962112427,0.272293359041214,0.1908654123544693,0.6581960916519165,0.6813700199127197,0.2503207623958587
1318,1318,train,23324,0.3061043918132782,0.569155752658844,0.3329415023326874,0.5547513961791992,0.4373576045036316,0.4293877184391022,0.5773828029632568,0.3174975216388702,0.7173946499824524,0.2636347413063049,0.8599553108215332,0.1271546483039856,0.4314957857131958,0.4578377604484558,0.3375605344772339,0.566174328327179,0.2493256032466888,0.6136350035667419,0.5919278264045715,0.3452712297439575,0.2142213433980941,0.6328498125076294,0.7337170839309692,0.2257377505302429
1319,1319,train,23483,0.3560882806777954,0.5407404899597168,0.377156913280487,0.530132532119751,0.56341153383255,0.3525963723659515,0.653510332107544,0.2738515436649322,0.7261738777160645,0.2485056966543197,0.8738874197006226,0.1300572454929351,0.5164123773574829,0.4084249436855316,0.3914497196674347,0.5303511619567871,0.2796505987644195,0.6028803586959839,0.6586212515830994,0.2953763008117676,0.1936499625444412,0.6561488509178162,0.701024055480957,0.2468269020318985
1320,1320,train,23788,0.6645821928977966,0.2800745666027069,0.5595094561576843,0.3790115714073181,0.8979904055595398,0.1160094588994979,0.9011842608451844,0.1117048636078834,0.8962185978889465,0.1159045174717903,0.9328951239585876,0.0842934921383857,0.8320712447166443,0.1567742526531219,0.7793183326721191,0.1810009181499481,0.5237924456596375,0.4319579601287842,0.9048179388046264,0.1122395992279052,0.1554649174213409,0.6930179595947266,0.5334962606430054,0.3217939436435699
1321,1321,train,24158,0.4280093312263489,0.476130723953247,0.4147604405879974,0.485664039850235,0.7062559127807617,0.2286999225616455,0.7439542412757874,0.2005121707916259,0.7695329785346985,0.2005420625209808,0.8768613338470459,0.126722440123558,0.6132648587226868,0.3228465914726257,0.4770813882350921,0.4321354329586029,0.3394219279289245,0.5417936444282532,0.7428527474403381,0.2150966972112655,0.1655434370040893,0.681225061416626,0.6045323014259338,0.2830492258071899
1322,1322,train,24033,0.3471088409423828,0.5458459854125977,0.3665800392627716,0.5313263535499573,0.5681337118148804,0.3525457084178924,0.6855267286300659,0.2665991187095642,0.7523926496505737,0.2428590506315231,0.8737245202064514,0.1267594546079635,0.5132728219032288,0.4158928990364074,0.3827928006649017,0.5257763266563416,0.2775875031948089,0.5979989767074585,0.6769250631332397,0.2865365743637085,0.1871985346078872,0.6609231233596802,0.6863241195678711,0.2526731193065643
1323,1323,test,23964,0.4578984975814819,0.4461892545223236,0.4416092038154602,0.4670833051204681,0.7221786975860596,0.2074649333953857,0.7536778450012207,0.185590773820877,0.781501054763794,0.1925859153270721,0.8768399953842163,0.1241266801953315,0.6245614290237427,0.2873633801937103,0.5165019631385803,0.3934375643730163,0.3686464130878448,0.5294481515884399,0.7531301379203796,0.1997367441654205,0.1611234247684478,0.6910803914070129,0.591924786567688,0.2902750372886657
1324,1324,train,23846,0.5240562558174133,0.4017565250396728,0.4789058566093445,0.4390754699707031,0.8224723935127258,0.1773840487003326,0.8416393995285034,0.1639887988567352,0.8276364207267761,0.1743770986795425,0.9071978330612184,0.110229454934597,0.726042628288269,0.2508896887302398,0.5931528806686401,0.3360781073570251,0.409210056066513,0.5052180886268616,0.8319443464279175,0.1761839091777801,0.1519051790237426,0.6956310868263245,0.5697914958000183,0.3005669713020324
1325,1325,train,23210,0.4104724526405334,0.5048512816429138,0.413545161485672,0.5025581121444702,0.6746875047683716,0.2848028540611267,0.7369990944862366,0.2343323826789856,0.7727462649345398,0.2259513586759567,0.8873263001441956,0.1255620867013931,0.5899800062179565,0.3614350259304046,0.4527663588523865,0.4779713749885559,0.3239378929138183,0.5733354687690735,0.7321832776069641,0.2531295716762543,0.1746586412191391,0.6783458590507507,0.6436645984649658,0.2691608667373657
1326,1326,train,23067,0.7120019793510437,0.259050965309143,0.5775085687637329,0.3753319680690765,0.9160031080245972,0.1206352710723877,0.9187031984329224,0.1169322580099105,0.9137465357780457,0.1220021471381187,0.9410112500190736,0.0882759764790535,0.8651704788208008,0.1613577455282211,0.8239228129386902,0.1717433780431747,0.5470238327980042,0.4228858053684234,0.9179418683052064,0.1158315762877464,0.1559106558561325,0.6962673664093018,0.5333116054534912,0.3247449696063995
1327,1327,train,23567,0.350655198097229,0.5378462076187134,0.3704216778278351,0.5328831672668457,0.5492212176322937,0.3274902701377868,0.6283608675003052,0.2713952362537384,0.7147949934005737,0.2468747943639755,0.8593432307243347,0.1353820562362671,0.4951832294464111,0.3934869766235351,0.3814058303833008,0.5143516659736633,0.2888878583908081,0.5887789726257324,0.645188570022583,0.2851299941539764,0.1847627311944961,0.6654481291770935,0.6626368761062622,0.2606683373451233
1328,1328,train,23640,0.2494259625673294,0.617219865322113,0.2680252492427826,0.6110618114471436,0.3028382956981659,0.5440806746482849,0.4262778759002685,0.4237866401672363,0.668714702129364,0.2855264842510223,0.8376556634902954,0.123130165040493,0.3231023848056793,0.5430079102516174,0.269314557313919,0.624029815196991,0.2043630182743072,0.6696901321411133,0.3770943284034729,0.5060685276985168,0.2676692903041839,0.579557478427887,0.799908459186554,0.1914290934801101
1329,1329,train,23180,0.3558109104633331,0.5350850224494934,0.3720079660415649,0.5291602611541748,0.5671154856681824,0.3358263075351715,0.6609837412834167,0.2624728381633758,0.741775631904602,0.242923691868782,0.8758162260055542,0.1276383846998214,0.511818528175354,0.4005816280841827,0.388614684343338,0.51524817943573,0.2920759320259094,0.5890852212905884,0.6598535776138306,0.2833190858364105,0.1912713795900344,0.6579630970954895,0.6771981120109558,0.2549393773078918
1330,1330,train,23706,0.26705202460289,0.614163339138031,0.2934880554676056,0.5937495827674866,0.3355268239974975,0.5267433524131775,0.4762455523014068,0.3951660990715027,0.6659693717956543,0.28245609998703,0.8424805998802185,0.1253352016210556,0.3575400710105896,0.5356202125549316,0.2912487089633941,0.6182062029838562,0.2202959656715393,0.6647359728813171,0.4418550729751587,0.4652870297431946,0.2481049746274948,0.6045569181442261,0.7883541584014893,0.2001372724771499
1331,1331,train,23329,0.3587379157543182,0.5190988779067993,0.3735151588916778,0.5179483294487,0.5553206205368042,0.3072888255119324,0.6322953701019287,0.2491381764411926,0.7241541743278503,0.2316904366016388,0.86385577917099,0.1344495564699173,0.513965904712677,0.3671760261058807,0.3973149061203003,0.4894125759601593,0.2916114628314972,0.5792607665061951,0.6385611295700073,0.2634832561016083,0.1831106692552566,0.6668151617050171,0.6683387756347656,0.258488118648529
1332,1332,test,24081,0.4134199023246765,0.4927617311477661,0.4176958799362182,0.4914583265781402,0.647344172000885,0.2524001002311706,0.6826062202453613,0.2156598567962646,0.7464811205863953,0.209316685795784,0.8755401372909546,0.1236791685223579,0.587904691696167,0.3309389948844909,0.4612953066825866,0.4559462666511535,0.33335080742836,0.5583145618438721,0.6976888179779053,0.2289503514766693,0.1757538914680481,0.6716070175170898,0.6317775845527649,0.2726348042488098
1333,1333,train,23264,0.3831744492053985,0.4943686723709106,0.390622466802597,0.4984906017780304,0.6422569751739502,0.2861873805522918,0.7132782936096191,0.2330201566219329,0.7758917808532715,0.2251732796430587,0.8708147406578064,0.1311444044113159,0.5839062333106995,0.3461605310440063,0.4272918105125427,0.4727318584918976,0.3002133965492248,0.5406618714332581,0.7199451327323914,0.250844657421112,0.1907017827033996,0.6500199437141418,0.6681139469146729,0.2518461942672729
1334,1334,train,23385,0.3982062041759491,0.4997769892215729,0.4033338725566864,0.5067721605300903,0.6303520798683167,0.2819006443023681,0.6889469623565674,0.2310391366481781,0.7510344386100769,0.2257044464349746,0.8779939413070679,0.1262486726045608,0.56926029920578,0.3568983972072601,0.4398092329502105,0.4828387200832367,0.3136767148971557,0.583471953868866,0.697834312915802,0.2533821761608124,0.1837022006511688,0.6727931499481201,0.6661257147789001,0.2592006325721741
1335,1335,train,23249,0.5031327605247498,0.414389967918396,0.4612768888473511,0.4471190571784973,0.8104791045188904,0.1829123944044113,0.8315343260765076,0.1693259328603744,0.8390858173370361,0.1792502701282501,0.8993450999259949,0.1189937591552734,0.7200565338134766,0.2505536079406738,0.6036465764045715,0.3315744400024414,0.3884442746639251,0.4991956651210785,0.8314551115036011,0.1777205914258957,0.1538420915603637,0.6920143961906433,0.5652034878730774,0.3013923168182373
1336,1336,train,24541,0.355027437210083,0.5247157216072083,0.3701655566692352,0.5218239426612854,0.5585512518882751,0.3259617686271667,0.6272186636924744,0.2632468044757843,0.7195770144462585,0.2460179477930069,0.8633971810340881,0.1334742605686187,0.5181547403335571,0.3743747174739837,0.3860926032066345,0.5119028091430664,0.2800790667533874,0.5844981670379639,0.6448692083358765,0.2815251648426056,0.18865467607975,0.6563137769699097,0.68397057056427,0.2505264282226562
1337,1337,train,22977,0.4341553449630737,0.4624953866004944,0.4211716949939728,0.4772811830043793,0.7060675621032715,0.2210484147071838,0.7457482814788818,0.1941064596176147,0.7798734903335571,0.199575275182724,0.8819427490234375,0.1245307996869087,0.6103950142860413,0.3064287900924682,0.482402890920639,0.4234559535980224,0.3448389768600464,0.5400643348693848,0.7437761425971985,0.2129753828048706,0.1671192795038223,0.6780518889427185,0.6077868938446045,0.2823953032493591
1338,1338,train,22955,0.3742362856864929,0.5110489130020142,0.3858061730861664,0.5097217559814453,0.5860045552253723,0.2883947193622589,0.6503476500511169,0.2422489076852798,0.7268993854522705,0.2318899780511856,0.8598705530166626,0.1351366341114044,0.5338183641433716,0.3513592481613159,0.417303204536438,0.4772469699382782,0.3056077063083648,0.5764280557632446,0.6574429869651794,0.2577201128005981,0.1818292886018753,0.6708644032478333,0.6570128202438354,0.2617591917514801
1339,1339,train,24713,0.3150021135807037,0.5656075477600098,0.3401294946670532,0.5553270578384399,0.4496394395828247,0.4290315806865692,0.5851014852523804,0.307048350572586,0.7196133732795715,0.2613974809646606,0.8550024628639221,0.129240334033966,0.4333188831806183,0.4618396162986755,0.3394894599914551,0.5567221641540527,0.2552309334278106,0.6079763174057007,0.6052651405334473,0.3305582106113434,0.2106712609529495,0.641252338886261,0.7222709059715271,0.231567233800888
1340,1340,train,23817,0.3199470043182373,0.5658276677131653,0.3446883857250213,0.5480009317398071,0.4780047237873077,0.4045214653015136,0.5997474789619446,0.3005019724369049,0.7178081274032593,0.2595583498477936,0.861254096031189,0.1292143166065216,0.4617678225040436,0.4408060908317566,0.3506723940372467,0.5564830303192139,0.2612084448337555,0.6189517378807068,0.607996940612793,0.3204500079154968,0.2046346515417099,0.6464275121688843,0.7224336862564087,0.2365345507860183
1341,1341,test,23835,0.2491274029016494,0.6285191178321838,0.2619260549545288,0.6161403656005859,0.2986321747303009,0.5717341303825378,0.4125596582889557,0.4474347531795501,0.6647444367408752,0.2908231914043426,0.8354951739311218,0.1257615089416504,0.3202429413795471,0.5725271105766296,0.2680409550666809,0.6355355381965637,0.2018010467290878,0.6738579273223877,0.3711383044719696,0.5312780737876892,0.2685983180999756,0.5775734782218933,0.803982138633728,0.1941174864768982
1342,1342,train,24009,0.5284821391105652,0.4019155502319336,0.4644849896430969,0.4400460422039032,0.8311015367507935,0.1791812032461166,0.8485944271087646,0.1686552315950393,0.8431941270828247,0.1796928346157074,0.9072015881538392,0.1134934276342392,0.7250449657440186,0.2561257183551788,0.6076297163963318,0.3258581459522247,0.4096412062644958,0.4939227402210235,0.8405389189720154,0.1749621480703354,0.1514982432126999,0.6928948163986206,0.5543389916419983,0.3055550754070282
1343,1343,train,24144,0.4044089019298553,0.4916813969612121,0.4062218070030212,0.4925539791584015,0.6426956653594971,0.2730643451213836,0.6914886832237244,0.2332420498132705,0.746147632598877,0.2303342819213867,0.869690477848053,0.1332190632820129,0.57593834400177,0.3417939245700836,0.4609799087047577,0.4508736133575439,0.3219435513019562,0.5543431043624878,0.6927143335342407,0.2489538639783859,0.1812262088060379,0.6646986603736877,0.6405303478240967,0.2702439427375793
1344,1344,train,23771,0.8062436580657959,0.1777982711791992,0.6586084961891174,0.3192231059074402,0.9284054040908812,0.1061644330620765,0.9291632771492004,0.1048526912927627,0.9299392104148864,0.1054413840174675,0.948737382888794,0.0800388753414154,0.8980263471603394,0.1313619464635849,0.8841344714164734,0.1276161968708038,0.6169101595878601,0.3773798048496246,0.930985152721405,0.1030253544449806,0.1776245534420013,0.680856466293335,0.5336387753486633,0.3240998685359955
1345,1345,train,23013,0.2792044878005981,0.598552942276001,0.3149757981300354,0.5754011869430542,0.3677944540977478,0.4931328594684601,0.5440703630447388,0.3452993929386139,0.7094127535820007,0.2681930661201477,0.8599536418914795,0.1235775500535965,0.3920706510543823,0.4964804351329803,0.3070188164710998,0.601259708404541,0.2291055768728256,0.6422432661056519,0.5286835432052612,0.4022445678710937,0.224152460694313,0.6196750402450562,0.7676301002502441,0.2055167406797409
1346,1346,test,24078,0.2717064321041107,0.6203176379203796,0.2631291151046753,0.6342461705207825,0.3067971169948578,0.561251699924469,0.3995274603366852,0.4659985303878784,0.6449645757675171,0.3077403604984283,0.8139951825141907,0.1426272243261337,0.3221726417541504,0.5643762350082397,0.2768701612949371,0.6376118063926697,0.2255393862724304,0.6788237690925598,0.3586071729660034,0.5377717018127441,0.2797816097736358,0.5765478014945984,0.8156734704971313,0.2080976217985153
1347,1347,train,24223,0.2959749400615692,0.5813782811164856,0.3192472457885742,0.5619131326675415,0.4086076915264129,0.4490616917610168,0.560768187046051,0.3154107332229614,0.6967522501945496,0.2604687511920929,0.853047251701355,0.1292898952960968,0.4154721200466156,0.4702451825141907,0.3198980689048767,0.5820143818855286,0.2336251437664032,0.6260877847671509,0.5596410632133484,0.3528019189834595,0.2171270251274109,0.6245677471160889,0.7545167207717896,0.2137815803289413
1348,1348,train,23156,0.3117641508579254,0.5873412489891052,0.3370189666748047,0.5680243372917175,0.4518898725509643,0.450625866651535,0.5987463593482971,0.3205633461475372,0.7210967540740967,0.2680114805698395,0.8654435276985168,0.1291103363037109,0.4516765773296356,0.471671462059021,0.3416362106800079,0.5829396843910217,0.2502892315387726,0.6364251375198364,0.5984137058258057,0.3537043929100036,0.2106137573719024,0.6458024382591248,0.7438955307006836,0.2231471836566925
1349,1349,test,24641,0.5356363654136658,0.3938274383544922,0.4869050085544586,0.4384151399135589,0.7962038516998291,0.1657828688621521,0.8181115388870239,0.1529991775751114,0.8315397500991821,0.1596724241971969,0.8936744928359985,0.1118717119097709,0.707651674747467,0.2292362749576568,0.6145788431167603,0.306099385023117,0.418441504240036,0.5001993775367737,0.8221801519393921,0.1594547033309936,0.1553788632154464,0.6960721015930176,0.5558426380157471,0.3061297237873077
1350,1350,train,24557,0.2503259479999542,0.6307075023651123,0.2762578427791595,0.6085817217826843,0.2975756227970123,0.5618022680282593,0.4251964092254638,0.426639050245285,0.6694304347038269,0.2830797135829925,0.8309284448623657,0.126722827553749,0.3182060122489929,0.5618425607681274,0.2706341743469238,0.6336669325828552,0.2095510363578796,0.6753086447715759,0.3821999132633209,0.5065955519676208,0.2572317123413086,0.5915342569351196,0.7979059815406799,0.1909875571727752
1351,1351,train,23944,0.7824808359146118,0.1963537037372589,0.621242105960846,0.3427882194519043,0.9295048117637634,0.1059542074799537,0.9301264882087708,0.1046484485268592,0.9271827340126038,0.1095674782991409,0.9490992426872252,0.0800274536013603,0.8954620361328125,0.1352581083774566,0.8690152168273926,0.1356535106897354,0.5942634344100952,0.3914074897766113,0.929437220096588,0.1050524935126304,0.1665463149547577,0.688503623008728,0.5357484817504883,0.3235823214054107
1352,1352,test,23564,0.561301052570343,0.3597333431243896,0.5033173561096191,0.4177561104297638,0.8252795934677124,0.1364850848913192,0.8316324949264526,0.1290960609912872,0.8270569443702698,0.1358455419540405,0.899307370185852,0.0975666344165802,0.747591495513916,0.193511888384819,0.6683213710784912,0.2517986297607422,0.4484215676784515,0.4729511737823486,0.8370575308799744,0.1309860050678253,0.1495808064937591,0.6967947483062744,0.537118136882782,0.3135507702827453
1353,1353,train,23414,0.4358308017253876,0.4646221399307251,0.4253539741039276,0.4728825986385345,0.7156875133514404,0.2046966552734375,0.7400832176208496,0.183428093791008,0.7759639620780945,0.1904373317956924,0.8801639676094055,0.1218605637550354,0.6241862177848816,0.2882052361965179,0.5004338622093201,0.4062594771385193,0.3542924523353576,0.5358725190162659,0.7511680126190186,0.1970295906066894,0.1643800586462021,0.6844228506088257,0.5938149690628052,0.2849874198436737
1354,1354,train,23077,0.251103401184082,0.6247173547744751,0.274670273065567,0.6157623529434204,0.3009790778160095,0.5595925450325012,0.4293164312839508,0.4298349022865295,0.6622741222381592,0.2885366082191467,0.8353139162063599,0.1275488287210464,0.3207602202892303,0.5588589310646057,0.2696486711502075,0.63949054479599,0.2120497375726699,0.6852740049362183,0.3735004663467407,0.5165810585021973,0.264511376619339,0.5848049521446228,0.8062668442726135,0.1911949515342712
1355,1355,train,23356,0.6041278839111328,0.3339843153953552,0.515135645866394,0.4051949977874756,0.8739771246910095,0.1399737000465393,0.8804604411125183,0.1329551637172699,0.8697225451469421,0.1455468982458114,0.9186747074127196,0.1013028547167778,0.7878854274749756,0.1950505375862121,0.713958740234375,0.2340510785579681,0.4759292006492615,0.4550489485263824,0.8790740370750427,0.1365334540605545,0.1503012329339981,0.6973171234130859,0.5320509672164917,0.3196481764316559
1356,1356,train,24530,0.2768876552581787,0.6002187728881836,0.2803952693939209,0.6211531162261963,0.3034633994102478,0.5721437335014343,0.3858197927474975,0.491996705532074,0.6372095346450806,0.3304830491542816,0.7608618140220642,0.1954660564661026,0.3275494873523712,0.5682810544967651,0.2873796820640564,0.6256127953529358,0.2497397363185882,0.6678239703178406,0.3355021774768829,0.5702220797538757,0.2799431979656219,0.5752218961715698,0.754755973815918,0.2479622364044189
1357,1357,test,23633,0.2679465115070343,0.616245448589325,0.2989249527454376,0.5955212712287903,0.3304878175258636,0.5299764275550842,0.4819412529468536,0.3884923458099365,0.6784698367118835,0.2739720642566681,0.8462709188461304,0.1255599707365036,0.3559477031230926,0.5339404940605164,0.292233407497406,0.6221730709075928,0.2254585474729538,0.6613309383392334,0.4491984248161316,0.4566235244274139,0.2468975782394409,0.6098812222480774,0.7855148911476135,0.2003158181905746
1358,1358,train,23751,0.4196406304836273,0.4896571338176727,0.4124224483966827,0.4928222894668579,0.6878183484077454,0.2477152645587921,0.7247244119644165,0.2176336646080017,0.7638983726501465,0.2162336707115173,0.8738732933998108,0.1289671957492828,0.6081348061561584,0.3358723521232605,0.4734752178192138,0.4490862488746643,0.3363701701164245,0.5504950881004333,0.721017062664032,0.2325788587331771,0.1728604733943939,0.6703179478645325,0.6264433860778809,0.2736763954162597
1359,1359,test,24352,0.4182983040809631,0.4780589938163757,0.4154931008815765,0.4830407798290252,0.6990094780921936,0.2462082654237747,0.7368966341018677,0.2140942811965942,0.7818998694419861,0.2117625772953033,0.8731197714805603,0.1325650066137313,0.6214728355407715,0.3240946531295776,0.4753032922744751,0.4352996349334717,0.3346574008464813,0.5435633063316345,0.746048629283905,0.2283123284578323,0.1711679995059967,0.6742443442344666,0.6206653118133545,0.2737901508808136
1360,1360,train,23861,0.5329650044441223,0.3875482678413391,0.4839842021465301,0.42901211977005,0.8085629940032959,0.162707433104515,0.819831907749176,0.1541653573513031,0.8233807682991028,0.1615396589040756,0.8974643349647522,0.1106054186820983,0.7188099026679993,0.2226136624813079,0.6330145001411438,0.289641410112381,0.4318843781948089,0.4846846163272857,0.8317524790763855,0.1569302827119827,0.1539180874824524,0.6952255964279175,0.5493526458740234,0.3114906549453735
1361,1361,train,24682,0.4670616388320923,0.44980588555336,0.4413665235042572,0.4663533866405487,0.7424335479736328,0.2023888677358627,0.7647334337234497,0.1855334043502807,0.7816581726074219,0.1949881762266159,0.8801522850990295,0.1272598505020141,0.6448299288749695,0.2881632447242737,0.5378924012184143,0.3807210326194763,0.3762836456298828,0.5188215374946594,0.7694883346557617,0.195955216884613,0.1598905324935913,0.689568281173706,0.5816169381141663,0.2922021746635437
1362,1362,train,23338,0.3396709263324737,0.5392975211143494,0.3607286512851715,0.5335556864738464,0.5317988395690918,0.3477958142757416,0.6217244267463684,0.2704247832298279,0.722678005695343,0.2430212050676345,0.8691667318344116,0.1266229599714279,0.4897539913654327,0.3990899920463562,0.3750354945659637,0.5225796699523926,0.2785205245018005,0.599582850933075,0.6313958764076233,0.2894252836704254,0.195548340678215,0.6547430157661438,0.6971766352653503,0.2448370158672332
1363,1363,train,23128,0.4128249883651733,0.4903994500637054,0.4077131450176239,0.4948967099189758,0.6866245865821838,0.2336477637290954,0.7257009744644165,0.2050454169511795,0.7659188508987427,0.2045062184333801,0.8793882727622986,0.1253149956464767,0.5916000008583069,0.3233098089694977,0.4684392511844635,0.4445488452911377,0.3262420892715454,0.5552701354026794,0.7269182801246643,0.2213195562362671,0.1707754582166671,0.677617609500885,0.6245231628417969,0.2777393162250519
1364,1364,train,24373,0.3593817949295044,0.5176158547401428,0.3740947544574737,0.5181728005409241,0.5908031463623047,0.3113261759281158,0.654752790927887,0.253643274307251,0.7282641530036926,0.2347517609596252,0.87179034948349,0.129345566034317,0.5261707901954651,0.3799303472042084,0.3982605934143066,0.4981266260147095,0.2907710969448089,0.5795749425888062,0.6667878031730652,0.2718819677829742,0.1866129040718078,0.659916877746582,0.6637250185012817,0.2590323686599731
1365,1365,train,23384,0.3017950057983398,0.5708005428314209,0.3255626857280731,0.5591114163398743,0.4239602386951446,0.4408988356590271,0.5758169293403625,0.3178975582122803,0.7170266509056091,0.2596800327301025,0.8593671917915344,0.1235227510333061,0.4236803948879242,0.4705601036548614,0.3249828815460205,0.5712733864784241,0.2412633001804351,0.6200318336486816,0.575134813785553,0.359003871679306,0.2195603996515274,0.6256999373435974,0.742195725440979,0.218770146369934
1366,1366,train,23805,0.660480260848999,0.2790177464485168,0.5537406206130981,0.380197525024414,0.8860188126564026,0.1219957023859024,0.8886582851409912,0.1170517057180404,0.8796788454055786,0.1216749250888824,0.925187885761261,0.0892525315284729,0.8161014318466187,0.1620579659938812,0.7750838994979858,0.181680142879486,0.5217957496643066,0.4305022358894348,0.892942488193512,0.1165222823619842,0.1559464633464813,0.69374018907547,0.5306407809257507,0.3225438594818115
1367,1367,train,23844,0.5383588075637817,0.3987068235874176,0.4801086485385895,0.440753161907196,0.8181801438331604,0.172466441988945,0.8311194777488708,0.1606798470020294,0.8361137509346008,0.1695266366004943,0.9049682021141052,0.1133361905813217,0.7286258339881897,0.2342914342880249,0.6344541311264038,0.3044316172599792,0.4280252456665039,0.4945076406002044,0.839460015296936,0.166588008403778,0.1549017280340194,0.6977916359901428,0.5565219521522522,0.3071621358394623
1368,1368,train,23194,0.5605084300041199,0.3703837096691131,0.4954745471477508,0.4226159453392029,0.837203323841095,0.1466168910264969,0.8423730731010437,0.138719767332077,0.8287190198898315,0.15035480260849,0.9056950211524964,0.1026790961623191,0.7423950433731079,0.2077380716800689,0.6536477208137512,0.2659569978713989,0.4512441158294678,0.4769276678562164,0.8438678979873657,0.1469754576683044,0.1528277546167373,0.6963430643081665,0.5411401987075806,0.3130398690700531
1369,1369,train,23649,0.2716330289840698,0.5954476594924927,0.3026643097400665,0.577536404132843,0.3548688888549804,0.4988797903060913,0.5122625231742859,0.3645900785923004,0.6940948367118835,0.2702758312225342,0.8490970134735107,0.1230665519833564,0.3699385523796081,0.5116586685180664,0.2984768152236938,0.6013887524604797,0.2209224700927734,0.6357015371322632,0.4959567785263061,0.4225183427333832,0.2383333891630172,0.6053223609924316,0.7682427167892456,0.202662706375122
1370,1370,train,24107,0.3241397738456726,0.564739465713501,0.3474308848381042,0.5504562854766846,0.4947892129421234,0.3966090083122253,0.6059561371803284,0.3011715710163116,0.7184327244758606,0.2611050009727478,0.8626871109008789,0.1294824630022049,0.4723167419433594,0.4408245086669922,0.3577797412872314,0.5579786896705627,0.260187417268753,0.6205034852027893,0.6160616278648376,0.3272943794727325,0.2088846713304519,0.6413319706916809,0.7210213541984558,0.2313789278268814
1371,1371,train,24581,0.5757667422294617,0.354102611541748,0.5055420994758606,0.4206367135047912,0.8477442264556885,0.150318294763565,0.8597351908683777,0.1414894759654998,0.8518251776695251,0.1491841077804565,0.9119412899017334,0.1018439754843711,0.7528495192527771,0.2105987817049026,0.6620981097221375,0.2639275789260864,0.4596281945705414,0.4772738516330719,0.8565071821212769,0.1447116434574127,0.1540061682462692,0.697454571723938,0.5383398532867432,0.3162921369075775
1372,1372,train,24476,0.5300514101982117,0.4020512104034424,0.4800434112548828,0.4400091767311096,0.8135910630226135,0.1683915704488754,0.8274390697479248,0.1542665958404541,0.8296875953674316,0.1621263176202774,0.9058548212051392,0.1069466322660446,0.7242152094841003,0.2381382584571838,0.6067535281181335,0.323928952217102,0.4194672405719757,0.5001550912857056,0.8300348520278931,0.1621506512165069,0.1538668572902679,0.7001219987869263,0.5583376288414001,0.3060350716114044
1373,1373,train,23413,0.349225252866745,0.5341230630874634,0.36545330286026,0.5298132300376892,0.5390560626983643,0.3401229679584503,0.6239080429077148,0.2693792879581451,0.7219404578208923,0.2424813061952591,0.8707118034362793,0.1311847567558288,0.495549589395523,0.3991500735282898,0.3797815144062042,0.5198053121566772,0.2787956297397613,0.5930582284927368,0.6351982951164246,0.2856198251247406,0.1917420476675033,0.6567329168319702,0.691280722618103,0.2459099143743515
1374,1374,train,24690,0.671846866607666,0.2671496272087097,0.5586666464805603,0.3771778047084808,0.8970233201980591,0.1187301203608512,0.9002788066864014,0.1151900812983512,0.8957135081291199,0.1188351288437843,0.9306129813194276,0.0870574787259101,0.8377779126167297,0.1558585613965988,0.7894286513328552,0.1781799495220184,0.5146435499191284,0.4299930930137634,0.9022030234336852,0.1141212061047554,0.1553391218185424,0.6928651332855225,0.5276920199394226,0.3220608830451965
1375,1375,train,24410,0.2621996402740478,0.6152526140213013,0.2642506659030914,0.6408172249794006,0.2960587441921234,0.5728165507316589,0.3897545039653778,0.4725338518619537,0.6460678577423096,0.3126504719257355,0.8022187352180481,0.1567989140748977,0.3114020526409149,0.5756750702857971,0.2694814503192901,0.6498578190803528,0.2268985956907272,0.6862933039665222,0.3345649242401123,0.567152738571167,0.280873954296112,0.5780499577522278,0.806728720664978,0.2166796773672104
1376,1376,train,23136,0.2863264977931976,0.5974704623222351,0.3137995600700378,0.5762386322021484,0.3743362128734588,0.4880547523498535,0.5400807857513428,0.3456870019435882,0.7052664756774902,0.2710285782814026,0.8508119583129883,0.1313551813364029,0.3882182836532593,0.4984980821609497,0.3126158714294433,0.5941752791404724,0.2337270528078079,0.6383135318756104,0.5353919863700867,0.3873479962348938,0.2258766591548919,0.6249954104423523,0.7552085518836975,0.2173457741737365
1377,1377,train,24019,0.3047317564487457,0.5605219602584839,0.334674596786499,0.5464745759963989,0.4617407321929931,0.3924424350261688,0.6013789772987366,0.2910097539424896,0.7205184698104858,0.2545299232006073,0.8628960847854614,0.1274968236684799,0.4491873681545257,0.4295859038829803,0.3411916196346283,0.5473294854164124,0.2524009644985199,0.6002588868141174,0.6044781804084778,0.3161135613918304,0.2037448585033416,0.6369621157646179,0.7191230058670044,0.2335701137781143
1378,1378,train,23724,0.4417201280593872,0.4723758995532989,0.4312967658042907,0.4779951274394989,0.7172598838806152,0.2562541663646698,0.7692694664001465,0.2238007187843322,0.7955181002616882,0.2271318584680557,0.8906486630439758,0.1283501535654068,0.6397863626480103,0.3292068243026733,0.5065662860870361,0.4267237782478332,0.3394747376441955,0.5327149033546448,0.7688376307487488,0.2391341477632522,0.169090062379837,0.6732765436172485,0.6197395324707031,0.2794419527053833
1379,1379,train,23563,0.4119642972946167,0.4813472032546997,0.4001738429069519,0.4878345131874084,0.6904612183570862,0.2305055111646652,0.7292033433914185,0.1997351199388504,0.7692961096763611,0.2046428769826889,0.872993528842926,0.1268147081136703,0.6075193285942078,0.3187398314476013,0.4601815342903137,0.4441035389900207,0.3248269557952881,0.5460837483406067,0.7269274592399597,0.217906653881073,0.1721831411123275,0.6691703796386719,0.6214873194694519,0.2756791114807129
1380,1380,train,23457,0.3597867786884308,0.5275149941444397,0.3702446818351745,0.5219417214393616,0.5862343311309814,0.3123203814029693,0.6570468544960022,0.2484286874532699,0.7199232578277588,0.2262902408838272,0.8671762943267822,0.1282157599925995,0.5258649587631226,0.3778164088726043,0.4054571688175201,0.4911749362945556,0.2929140627384186,0.5871684551239014,0.661611795425415,0.2644654512405395,0.1898884326219558,0.65831458568573,0.6710098385810852,0.2558982074260711
1381,1381,train,22957,0.4755068123340606,0.4333045184612274,0.4409631490707397,0.4577652513980865,0.7569846510887146,0.188586875796318,0.777015209197998,0.1719982475042343,0.7950648069381714,0.178151860833168,0.8850715160369873,0.1210242062807083,0.6568486094474792,0.2631556093692779,0.552060604095459,0.363429993391037,0.3706333041191101,0.5116950273513794,0.7806435823440552,0.1838350743055343,0.1582489013671875,0.6886588335037231,0.5794873237609863,0.2940977811813354
1382,1382,test,23476,0.3241367936134338,0.5606789588928223,0.3499225080013275,0.5449211597442627,0.4933963418006897,0.3840628564357757,0.5974860191345215,0.2915131151676178,0.7064972519874573,0.2564040720462799,0.8603466749191284,0.1346219331026077,0.4678223133087158,0.4339259266853332,0.3555666208267212,0.5499366521835327,0.2651417851448059,0.6045798063278198,0.6091718077659607,0.3068870007991791,0.2037806957960128,0.6457847952842712,0.7058488726615906,0.2410982549190521
1383,1383,train,23053,0.2643216550350189,0.6227773427963257,0.2975921332836151,0.6025519967079163,0.3321817815303802,0.5365533828735352,0.4793277680873871,0.398792415857315,0.6833218932151794,0.281369149684906,0.850379467010498,0.1226146817207336,0.3511936664581299,0.5440777540206909,0.2856604158878326,0.6313830614089966,0.2213331013917923,0.6745702028274536,0.4330093264579773,0.4740425646305084,0.2513933479785919,0.605819046497345,0.7916725873947144,0.2005156278610229
1384,1384,train,22979,0.4948409497737884,0.4397311210632324,0.4494568109512329,0.465357095003128,0.8180529475212097,0.1893017739057541,0.8443228006362915,0.1690616607666015,0.840559720993042,0.1801473200321197,0.9012684226036072,0.1182237118482589,0.7118890881538391,0.2746486961841583,0.584911048412323,0.3624476194381714,0.3858590722084045,0.519389808177948,0.8337551951408386,0.1827726662158966,0.1519341915845871,0.6970876455307007,0.5625081658363342,0.3019351065158844
1385,1385,train,24080,0.5742208361625671,0.3810420930385589,0.5030269026756287,0.4257833361625671,0.8157452940940857,0.1609150916337967,0.8283213376998901,0.1475368738174438,0.821137547492981,0.1592790931463241,0.8977137207984924,0.1131816357374191,0.7339840531349182,0.2294011265039444,0.6596775650978088,0.2924327254295349,0.4523192048072815,0.4798470735549927,0.8336383700370789,0.1522056609392166,0.1554325371980667,0.6960666179656982,0.5488525629043579,0.3123133182525635
1386,1386,train,23300,0.7379106283187866,0.2325870096683502,0.5867254734039307,0.3602848947048187,0.9093840718269348,0.1159943863749504,0.9128071069717408,0.1126226633787155,0.9065993428230286,0.11668411642313,0.9360974431037904,0.0851752609014511,0.862693190574646,0.1496556997299194,0.8271539807319641,0.1601547449827194,0.5516945123672485,0.41261887550354,0.9100971221923828,0.1124002411961555,0.1583774089813232,0.6896584630012512,0.5262628793716431,0.3232330679893493
1387,1387,train,23668,0.4947577714920044,0.4230419099330902,0.4610755741596222,0.4483395218849182,0.7656540274620056,0.1882650852203369,0.7884756922721863,0.1774778366088867,0.8062350749969482,0.1855755299329757,0.8882142305374146,0.1169761791825294,0.6621368527412415,0.2666211128234863,0.5539793372154236,0.354609340429306,0.3995034992694855,0.5071161389350891,0.7919071316719055,0.186171218752861,0.1592660546302795,0.6893407702445984,0.5668606758117676,0.2999037504196167
1388,1388,train,24000,0.293823629617691,0.571445882320404,0.3218985497951507,0.5567818880081177,0.3985040485858917,0.4437536597251892,0.5540384650230408,0.3193002939224243,0.699964165687561,0.2605811059474945,0.8551845550537109,0.1280463635921478,0.4001795947551727,0.4636821746826172,0.3171222507953644,0.5714622139930725,0.2376085668802261,0.6185077428817749,0.5679588317871094,0.3501259684562683,0.2166186571121215,0.6319013833999634,0.7435443997383118,0.2202171981334686
1389,1389,train,23470,0.2994064688682556,0.580752968788147,0.3273885250091553,0.5677323937416077,0.399827092885971,0.4642450511455536,0.5555707812309265,0.3333275914192199,0.7021049857139587,0.2656226754188537,0.8528250455856323,0.1297795325517654,0.4077410101890564,0.4827003479003906,0.3253147304058075,0.5842690467834473,0.2464447617530822,0.6344329118728638,0.5503787994384766,0.3723650872707367,0.2203392535448074,0.6328768730163574,0.7580537796020508,0.2138877660036087
1390,1390,train,23922,0.2710804939270019,0.6152043342590332,0.2744331359863281,0.6265367865562439,0.3055979609489441,0.5718191266059875,0.3932854831218719,0.4755317270755768,0.6550359725952148,0.3152401745319366,0.8140580654144287,0.1428678333759308,0.3249537944793701,0.5744808316230774,0.2791453599929809,0.6369626522064209,0.2433226257562637,0.6752949953079224,0.3416201472282409,0.5656417608261108,0.2852647602558136,0.572835385799408,0.7869364023208618,0.2246532440185547
1391,1391,train,23123,0.3885138630867004,0.4982345700263977,0.3926827311515808,0.5012576580047607,0.6321007013320923,0.2673920094966888,0.6875064373016357,0.2232304662466049,0.7499310374259949,0.2228396534919738,0.8749428987503052,0.1286851614713668,0.5605483055114746,0.3479171693325043,0.4304378926753998,0.4736448228359222,0.307383120059967,0.569517195224762,0.6890085339546204,0.2461413592100143,0.1757248938083648,0.6714088320732117,0.6551459431648254,0.2615182399749756
1392,1392,train,24162,0.2786245346069336,0.606666088104248,0.3032483458518982,0.5842517018318176,0.3492729961872101,0.5187476277351379,0.5029346346855164,0.3843847513198852,0.7055981159210205,0.2803472578525543,0.8450865745544434,0.1297353059053421,0.3704840540885925,0.5254538059234619,0.2997828125953674,0.6040565371513367,0.2222711592912674,0.642248272895813,0.5002325177192688,0.4360935688018799,0.2354997396469116,0.614291250705719,0.7701843976974487,0.2052638232707977
1393,1393,train,23664,0.4326085150241852,0.4685144126415252,0.4258071184158325,0.4778387248516083,0.6906458139419556,0.2237816900014877,0.7244555950164795,0.2026811093091964,0.7688488364219666,0.2070236653089523,0.8743500709533691,0.1265670657157898,0.5970306396484375,0.3136883080005646,0.4905795454978943,0.4182415902614593,0.3630915880203247,0.5322183966636658,0.733026385307312,0.2132925391197204,0.1667570322751999,0.6861485838890076,0.5936915278434753,0.2900012731552124
1394,1394,train,24272,0.568474292755127,0.3858153223991394,0.5017228126525879,0.4271467626094818,0.8523424863815308,0.1668416112661361,0.8651859760284424,0.1554282009601593,0.856378436088562,0.1608031243085861,0.906646966934204,0.1128092557191848,0.7633594870567322,0.2320501655340194,0.6716501116752625,0.2890565991401672,0.448313444852829,0.4814966022968292,0.8599565029144287,0.1587031036615371,0.1517208069562912,0.69537353515625,0.5503284335136414,0.3115380108356476
1395,1395,train,23328,0.2730576992034912,0.6058868765830994,0.3046168982982635,0.5825656056404114,0.3575583696365356,0.5192127823829651,0.5275297164916992,0.37140953540802,0.7097316384315491,0.2730872333049774,0.841688871383667,0.1292573660612106,0.3686089217662811,0.5197952389717102,0.2971463203430176,0.6057199239730835,0.2227576673030853,0.6442680358886719,0.5056927800178528,0.4314863979816437,0.2356384694576263,0.6058090925216675,0.7743573188781738,0.2020081132650375
1396,1396,train,24164,0.2523990571498871,0.6205822825431824,0.2571392953395843,0.6237178444862366,0.2882342040538788,0.568695068359375,0.3933024406433105,0.4528806209564209,0.6437414884567261,0.3003021478652954,0.8270629048347473,0.13428895175457,0.3007417619228363,0.5779657959938049,0.2637264132499695,0.6383088231086731,0.2091156840324401,0.6832824349403381,0.3493251800537109,0.5417942404747009,0.2707441747188568,0.5785819292068481,0.8133708834648132,0.2014375030994415
1397,1397,train,24197,0.540833592414856,0.3765809237957001,0.4882226288318634,0.4235170781612396,0.8073412775993347,0.1540800184011459,0.8218997716903687,0.1415989696979522,0.8239569664001465,0.1501014232635498,0.8983412384986877,0.1050362884998321,0.7120239734649658,0.2142466604709625,0.6395901441574097,0.2742575109004974,0.4318918585777282,0.4793284833431244,0.8318228125572205,0.1460404396057129,0.1533235609531402,0.6947081089019775,0.544033408164978,0.3076199293136596
1398,1398,train,23658,0.7179285287857056,0.2566503286361694,0.5841003060340881,0.3739604651927948,0.9120603799819946,0.120800070464611,0.9141604900360109,0.1154320016503334,0.9119871258735656,0.1210261732339859,0.9386963248252868,0.0892995148897171,0.8630790710449219,0.1611500382423401,0.8243892788887024,0.1710584610700607,0.555656373500824,0.4196139276027679,0.917586088180542,0.1144929975271225,0.1627625375986099,0.6938623189926147,0.5359407067298889,0.3231521844863891
1399,1399,train,24298,0.457556813955307,0.4486767649650574,0.4351658225059509,0.4695578217506408,0.7308793067932129,0.2124325484037399,0.7560412287712097,0.1965315639972686,0.7858394384384155,0.1966473013162613,0.8799555897712708,0.1299167424440384,0.6430867910385132,0.2832199037075043,0.5290409326553345,0.3830678164958954,0.3706640899181366,0.520481288433075,0.7692427635192871,0.2053181231021881,0.1560463160276413,0.693484365940094,0.5705158114433289,0.2950605750083923
1400,1400,train,23884,0.2699935734272003,0.6033286452293396,0.3076770603656769,0.5752484202384949,0.3509216010570526,0.4998919069766998,0.5229217410087585,0.3573124706745147,0.7061832547187805,0.2716584801673889,0.8505141139030457,0.1275780349969864,0.3642064929008484,0.5109514594078064,0.2958372235298157,0.5999166965484619,0.2251160144805908,0.6388400197029114,0.5157129168510437,0.4006560444831848,0.2222418636083603,0.6269744038581848,0.7540464401245117,0.216209664940834
1401,1401,test,23517,0.6382947564125061,0.2933752834796905,0.5382631421089172,0.3884726762771606,0.8852455615997314,0.1228103339672088,0.8888896703720093,0.1173743680119514,0.8791596293449402,0.122465893626213,0.92654287815094,0.088617131114006,0.8117806315422058,0.1661557704210281,0.7553874254226685,0.1956987231969833,0.5001053810119629,0.4393717646598816,0.891829788684845,0.1180552542209625,0.1527812927961349,0.6961665153503418,0.5313351154327393,0.320891797542572
1402,1402,train,23125,0.5394453406333923,0.3830485939979553,0.4816071391105652,0.4330529570579529,0.835735559463501,0.162412479519844,0.852332592010498,0.1518254876136779,0.8489211797714233,0.1671946197748184,0.9064180254936218,0.1093180701136589,0.7268578410148621,0.2339842021465301,0.62642902135849,0.2978434860706329,0.4258717894554138,0.4854911863803863,0.8472765684127808,0.160656601190567,0.1526100486516952,0.6945733428001404,0.5455413460731506,0.3094166815280914
1403,1403,train,23294,0.2590539455413818,0.6268051862716675,0.2637461721897125,0.6326677203178406,0.2978507578372955,0.5670909881591797,0.4022791981697082,0.4533372521400451,0.6558434367179871,0.2982936501502991,0.8262543082237244,0.1358350217342376,0.3137805461883545,0.5669016242027283,0.279432088136673,0.6296757459640503,0.2289063483476638,0.6739768385887146,0.350833386182785,0.5417574644088745,0.2771782875061035,0.5744614005088806,0.808902382850647,0.2071627229452133
1404,1404,train,24749,0.2777471840381622,0.6195695996284485,0.3072555065155029,0.5982221364974976,0.3571365773677826,0.5288643836975098,0.5083003044128418,0.3783990442752838,0.6856504082679749,0.2767379283905029,0.8499228954315186,0.1269336491823196,0.3815225064754486,0.5270484685897827,0.3043990433216095,0.6319683790206909,0.2287357002496719,0.6754195094108582,0.4777579605579376,0.4496724903583526,0.2434594929218292,0.6158026456832886,0.7887109518051147,0.202421098947525
1405,1405,train,24155,0.40555140376091,0.4937623143196106,0.4025563299655914,0.5002314448356628,0.6590709090232849,0.2388888895511627,0.6973581910133362,0.2041512280702591,0.7743614315986633,0.2045464813709259,0.8698056936264038,0.1235452219843864,0.5843645930290222,0.325581818819046,0.4534747302532196,0.4477011561393738,0.3239041268825531,0.5567313432693481,0.7054035663604736,0.2214585989713668,0.1710724830627441,0.6798245906829834,0.6099105477333069,0.2825615108013153
1406,1406,test,24136,0.4184077382087707,0.4787540137767792,0.4207884967327118,0.4825540781021118,0.6617668271064758,0.2421767711639404,0.6964957118034363,0.2127900868654251,0.7449525594711304,0.2087413817644119,0.8691715002059937,0.1266141384840011,0.58973228931427,0.3156925141811371,0.4755425751209259,0.4300671517848968,0.3418156802654266,0.5418415069580078,0.7078681588172913,0.2276347428560257,0.1723885238170623,0.6742897629737854,0.6149040460586548,0.2773165106773376
1407,1407,train,23670,0.8233742713928223,0.1666308790445327,0.6600356101989746,0.3136008679866791,0.9324235320091248,0.1023962721228599,0.9322630167007446,0.1025244519114494,0.930026352405548,0.1044777929782867,0.9499671459197998,0.0774501040577888,0.9066082835197448,0.1237044557929039,0.8928753137588501,0.1184182912111282,0.6260037422180176,0.3692677021026611,0.9310444593429564,0.102172777056694,0.1780592948198318,0.6791049838066101,0.5326420068740845,0.3226059675216675
1408,1408,train,24525,0.2598774433135986,0.6238823533058167,0.2833493947982788,0.6042330265045166,0.3131478726863861,0.5433716177940369,0.4520101249217987,0.4134977757930755,0.67075514793396,0.2826685905456543,0.8398466110229492,0.127746045589447,0.3424187302589416,0.5413676500320435,0.2809947729110718,0.6282714605331421,0.2154316306114196,0.6691915988922119,0.4081162810325622,0.4862821400165558,0.2541491389274597,0.5976011157035828,0.7926255464553833,0.1901162713766098
1409,1409,test,23204,0.6626630425453186,0.2982792854309082,0.55412757396698,0.3891817033290863,0.902722954750061,0.1280427575111389,0.9077173471450806,0.1228746324777603,0.8998802304267883,0.1332846730947494,0.9360159635543824,0.0914870351552963,0.8374555706977844,0.1799081414937973,0.7740577459335327,0.2048376053571701,0.510184109210968,0.4426676034927368,0.906250298023224,0.124198630452156,0.1529217064380645,0.6974930763244629,0.5382248163223267,0.3216448724269867
1410,1410,train,24345,0.3196069300174713,0.5712302923202515,0.3477493822574615,0.5576840043067932,0.4940871596336365,0.400007963180542,0.6143288016319275,0.2867843806743622,0.7134137153625488,0.2477040886878967,0.8677628636360168,0.1240422055125236,0.4721195697784424,0.4379006624221802,0.3612329661846161,0.5645094513893127,0.261356920003891,0.6355034708976746,0.6110572814941406,0.3184331655502319,0.2147474437952041,0.6450923681259155,0.7388514280319214,0.2294620126485824
1411,1411,train,23009,0.7095086574554443,0.2553331553936004,0.5865619778633118,0.368338018655777,0.9050710201263428,0.1185496598482132,0.910335123538971,0.1135253980755806,0.9047278761863708,0.118537425994873,0.9374558329582214,0.0849465429782867,0.8559631109237671,0.1572534441947937,0.8073421120643616,0.1767007261514663,0.5449312329292297,0.4291020929813385,0.9072504043579102,0.1140432879328727,0.1568298041820526,0.6938129663467407,0.5311243534088135,0.3249190747737884
1412,1412,train,23799,0.289907693862915,0.5929105877876282,0.3169582486152649,0.5766448378562927,0.3947348296642303,0.4669770300388336,0.5537784099578857,0.3313087224960327,0.7068274021148682,0.2639424800872803,0.8520290851593018,0.1237912476062774,0.4055586457252502,0.4803281426429748,0.3102353811264038,0.5910329818725586,0.2338059097528457,0.6407871246337891,0.5343387126922607,0.3869417011737823,0.2280022054910659,0.6140841245651245,0.7673493027687073,0.2064273059368133
1413,1413,test,23651,0.2554884254932403,0.6292644143104553,0.263328343629837,0.6341051459312439,0.2906107306480407,0.573425829410553,0.3961690962314605,0.4581988751888275,0.6483411192893982,0.2989396750926971,0.8284871578216553,0.1369466930627823,0.3011575937271118,0.5830762982368469,0.2678158581256866,0.6461467742919922,0.2162471413612365,0.686438798904419,0.3474768996238708,0.5438083410263062,0.2739041149616241,0.5766960978507996,0.8174165487289429,0.2003349959850311
1414,1414,test,24074,0.4346301555633545,0.468716412782669,0.4232936203479767,0.4789580404758453,0.7032936811447144,0.2190496921539306,0.7374825477600098,0.1940771490335464,0.7797060012817383,0.1993685662746429,0.8806648850440979,0.1271034777164459,0.6147125959396362,0.3019033372402191,0.4922057688236236,0.4151549637317657,0.3422652781009674,0.5437725782394409,0.7369964718818665,0.2097198367118835,0.1631825715303421,0.6861289143562317,0.6120169758796692,0.2798555195331573
1415,1415,train,24026,0.6180505752563477,0.3427717983722687,0.5213887691497803,0.400013118982315,0.8682417273521423,0.1453844457864761,0.8784148693084717,0.1369257420301437,0.8796619176864624,0.1419015079736709,0.9206657409667968,0.1021046638488769,0.7932761311531067,0.2063976526260376,0.7357593178749084,0.2387994676828384,0.4823569655418396,0.4463079571723938,0.8856567144393921,0.1357326805591583,0.1522793024778366,0.695015549659729,0.5370891094207764,0.3220656216144562
1416,1416,train,24457,0.531140148639679,0.3915293216705322,0.4735870063304901,0.4380813539028168,0.8213813304901123,0.160210520029068,0.8307059407234192,0.149212971329689,0.8272526264190674,0.1580583900213241,0.9010829329490662,0.1119647920131683,0.7295017838478088,0.2160724401473999,0.637140691280365,0.2853119075298309,0.4217889606952667,0.493657648563385,0.838300883769989,0.1542472839355468,0.1536543667316436,0.6962941884994507,0.5522880554199219,0.3072775304317474
1417,1417,train,24449,0.2715651094913482,0.6105188131332397,0.2996083796024322,0.5908515453338623,0.3473349213600158,0.5189632177352905,0.5169649124145508,0.3656935095787048,0.6882760524749756,0.2718041837215423,0.8458977341651917,0.1284021884202957,0.3668425381183624,0.5240411162376404,0.2946616113185882,0.6193646192550659,0.2227115482091903,0.6580442786216736,0.4773979187011719,0.4331510663032532,0.2386818379163742,0.6081879138946533,0.7782940864562988,0.2048186957836151
1418,1418,train,23688,0.6310747861862183,0.3147436082363128,0.5233215689659119,0.4121219217777252,0.8888265490531921,0.1359372586011886,0.8936548233032227,0.1286013126373291,0.8853645920753479,0.135397270321846,0.9289483428001404,0.0961398333311081,0.8162215352058411,0.1848759353160858,0.7522949576377869,0.2148176729679107,0.4867483973503113,0.4569710791110992,0.8921773433685303,0.1295331269502639,0.1507125496864318,0.7027514576911926,0.5343838930130005,0.3205380737781524
1419,1419,test,24480,0.7427464127540588,0.2113317251205444,0.6040356159210205,0.3492801487445831,0.9125427007675172,0.1106504872441291,0.913917064666748,0.1085698381066322,0.9091480374336244,0.1125872805714607,0.9381818771362304,0.0818507820367813,0.8705878853797913,0.1386955231428146,0.8418787717819214,0.14374540746212,0.5764046907424927,0.4039630889892578,0.9139683246612548,0.1094427704811096,0.1627170294523239,0.6886537075042725,0.5262694358825684,0.325450986623764
1420,1420,test,23231,0.6635449528694153,0.3009414970874786,0.5525769591331482,0.3889643847942352,0.8974409699440002,0.1284114718437194,0.9016709327697754,0.122584693133831,0.8960940837860107,0.1297845989465713,0.9334514737129213,0.0916862338781356,0.8349974155426025,0.17775259912014,0.7718007564544678,0.2044936716556549,0.5129867792129517,0.4413972496986389,0.9022423028945924,0.1240860223770141,0.1521483212709427,0.6944872736930847,0.5391415357589722,0.3214120268821716
1421,1421,test,24012,0.2477708160877227,0.6283670663833618,0.2633095681667328,0.6306015849113464,0.2904213666915893,0.5678067803382874,0.3996116518974304,0.4512727856636047,0.6586475372314453,0.2940871715545654,0.8306402564048767,0.1313733011484146,0.3103015720844269,0.5673398971557617,0.264299601316452,0.6418585777282715,0.2096221297979354,0.6875284910202026,0.3420832455158233,0.5398258566856384,0.2723704278469085,0.5812330842018127,0.8124415278434753,0.1984339356422424
1422,1422,test,24602,0.2547763586044311,0.6214345693588257,0.2639481127262115,0.6317768096923828,0.296746551990509,0.5635899305343628,0.4023485779762268,0.4477013647556305,0.6591870784759521,0.2955146133899688,0.8368863463401794,0.1276296973228454,0.3110587000846863,0.5699374675750732,0.2686515748500824,0.642370343208313,0.2173720896244049,0.6864346861839294,0.3506266474723816,0.5365721583366394,0.27374067902565,0.5740692615509033,0.8116104006767273,0.2003383189439773
1423,1423,train,23310,0.2752993404865265,0.6077601909637451,0.3006658256053924,0.5890471935272217,0.3440942764282226,0.5137084126472473,0.4940506219863891,0.3793010711669922,0.6761979460716248,0.2718302607536316,0.8496603965759277,0.1225275546312332,0.3673999011516571,0.5210841298103333,0.294922798871994,0.6117904186248779,0.2248931676149368,0.6576023101806641,0.4718014001846313,0.4350843429565429,0.2430488914251327,0.6101061105728149,0.7811100482940674,0.1965337544679641
1424,1424,test,24348,0.3472024798393249,0.5388352870941162,0.3662770092487335,0.5301235914230347,0.5707525610923767,0.3506591916084289,0.672394871711731,0.2728029787540436,0.7477838397026062,0.2498705983161926,0.8766940832138062,0.1226248890161514,0.514040470123291,0.411480188369751,0.3816026151180267,0.5195060968399048,0.277757316827774,0.5918897390365601,0.6648488640785217,0.2988315224647522,0.1979662030935287,0.6492461562156677,0.7009893655776978,0.2431211173534393
1425,1425,train,23628,0.3791727125644684,0.5288704037666321,0.3945406377315521,0.518092930316925,0.5984576344490051,0.3328537046909332,0.6605913043022156,0.2649448215961456,0.7342652678489685,0.2406484633684158,0.8686628937721252,0.1326221972703933,0.5456117391586304,0.38636314868927,0.4350990951061249,0.5020788311958313,0.3013908863067627,0.5945026874542236,0.6629443764686584,0.283513993024826,0.1902911067008972,0.663031816482544,0.6925380825996399,0.2461986988782882
1426,1426,train,24002,0.2953849732875824,0.5869450569152832,0.3264864385128021,0.5709393620491028,0.396446168422699,0.466940313577652,0.5525568723678589,0.3379932343959808,0.713970959186554,0.2689776718616485,0.8491121530532837,0.128368079662323,0.3953025639057159,0.4885602593421936,0.3189795613288879,0.5825961828231812,0.2438223659992218,0.6321775913238525,0.5601869821548462,0.374141126871109,0.2179116010665893,0.6336373686790466,0.7407593727111816,0.2186229526996612
1427,1427,train,23025,0.6062641739845276,0.3267616927623749,0.5258331894874573,0.4048891365528106,0.8686977624893188,0.1278310120105743,0.873764157295227,0.1215855628252029,0.8660603165626526,0.1273825019598007,0.9185063242912292,0.0931458324193954,0.7933960556983948,0.1734887063503265,0.7227509617805481,0.2149841636419296,0.4809817969799042,0.4619906544685364,0.8799950480461121,0.1222183182835578,0.1495692729949951,0.6997671127319336,0.5358400344848633,0.3177209198474884
1428,1428,train,23568,0.3318275809288025,0.5654832124710083,0.3503738939762115,0.5510483980178833,0.4997076392173767,0.4016369581222534,0.6234837770462036,0.2951826155185699,0.7328586578369141,0.252462089061737,0.8658439517021179,0.1277797520160675,0.4779139757156372,0.4436801970005035,0.3582130074501037,0.5563486218452454,0.2634290158748626,0.6169698238372803,0.6293696165084839,0.3212031126022339,0.2063018530607223,0.6460173726081848,0.7243316769599915,0.2326082736253738
1429,1429,train,24119,0.3614807724952698,0.5180948376655579,0.3789667189121246,0.5205211043357849,0.5581576824188232,0.3107121586799621,0.6303312182426453,0.2446995228528976,0.7120767831802368,0.2248735874891281,0.8701504468917847,0.1296384632587433,0.5053700804710388,0.3765180706977844,0.3994006812572479,0.5038836598396301,0.2939461171627044,0.5920470952987671,0.6322005391120911,0.2681393027305603,0.1916391104459762,0.663743257522583,0.6892690658569336,0.2500931918621063
1430,1430,train,23291,0.8057529926300049,0.1713109463453292,0.6605380773544312,0.3138125538825989,0.9249144792556764,0.1045149341225624,0.9252230525016784,0.1037933230400085,0.9240862131118774,0.1048323959112167,0.94746071100235,0.0793989077210426,0.8938487768173218,0.1259697675704956,0.8818581104278564,0.1203748434782028,0.621272087097168,0.3733651340007782,0.926952302455902,0.1026980355381965,0.1793073862791061,0.6799682974815369,0.5328967571258545,0.3229301273822784
1431,1431,train,23722,0.3207908272743225,0.5536878108978271,0.3470621109008789,0.5423024296760559,0.4625985622406006,0.4043968021869659,0.5885865092277527,0.3068283200263977,0.7172166705131531,0.258449375629425,0.8589861392974854,0.1299139559268951,0.4496418237686157,0.4428018927574157,0.3479205369949341,0.5477052330970764,0.2572948932647705,0.6038431525230408,0.6007431745529175,0.3326462209224701,0.2102073580026626,0.6339282989501953,0.7321915030479431,0.2276747226715088
1432,1432,test,24167,0.8401877880096436,0.1489482223987579,0.680794358253479,0.2948582768440246,0.9345834255218506,0.099269688129425,0.9339845180511476,0.0998409315943718,0.9319230318069458,0.1017856299877166,0.9511408805847168,0.0760623961687088,0.9110506176948548,0.1182428002357482,0.9005521535873413,0.1108278632164001,0.6423576474189758,0.3552543520927429,0.932884156703949,0.0999538749456405,0.1857805848121643,0.6742607355117798,0.5327578783035278,0.3200938403606415
1433,1433,train,24464,0.3883917927742004,0.4959798157215118,0.3945525288581848,0.5036112666130066,0.6055887341499329,0.2774341106414795,0.6538243293762207,0.2351065874099731,0.718536913394928,0.2253735959529876,0.8599942922592163,0.1369596421718597,0.5473206639289856,0.3471440970897674,0.4265807569026947,0.4705416858196258,0.3123191893100738,0.5689193606376648,0.6538754105567932,0.2530291080474853,0.1793756037950515,0.6716580986976624,0.6556100249290466,0.2618963420391083
1434,1434,train,23974,0.7161420583724976,0.2522943913936615,0.5828050374984741,0.3715801239013672,0.9115678071975708,0.1209227740764617,0.9154969453811646,0.1167841330170631,0.912055730819702,0.1219973042607307,0.9401038885116576,0.0878706276416778,0.8615083694458008,0.1617777645587921,0.8147093057632446,0.1742847561836242,0.5447155833244324,0.4251518249511719,0.9163188934326172,0.1152280271053314,0.1591559648513794,0.6932749152183533,0.5338422656059265,0.3244254887104034
1435,1435,test,24444,0.4174170792102813,0.491294264793396,0.4177154004573822,0.4909970462322235,0.6913511157035828,0.2601508200168609,0.7536911368370056,0.2140890210866928,0.7894585132598877,0.2131010293960571,0.8894029259681702,0.122074156999588,0.6068992614746094,0.3439519107341766,0.4662351012229919,0.4548191428184509,0.3331633508205414,0.552265465259552,0.7441492080688477,0.2346300035715103,0.1725416183471679,0.6739099025726318,0.6355945467948914,0.2728557884693146
1436,1436,train,23084,0.6891104578971863,0.2663609385490417,0.5716712474822998,0.3731132745742798,0.9021737575531006,0.1157264411449432,0.9053967595100404,0.1112427115440368,0.9021475315093994,0.1137143969535827,0.9351788759231568,0.0850045680999755,0.8479114174842834,0.1523275077342987,0.8046092987060547,0.170692041516304,0.532768726348877,0.427277535200119,0.9095034003257751,0.1102937832474708,0.1561159044504165,0.6946098804473877,0.5308753848075867,0.3226859867572784
1437,1437,test,24451,0.3526773750782013,0.5460130572319031,0.3757652044296264,0.5362144112586975,0.5714206099510193,0.3389686346054077,0.6721664667129517,0.2533197700977325,0.7500694990158081,0.2370496839284896,0.8722478151321411,0.1260570436716079,0.5124877691268921,0.4092386364936828,0.389253169298172,0.5320974588394165,0.2924259305000305,0.5993821024894714,0.6722902655601501,0.2761791348457336,0.188085600733757,0.666295051574707,0.6856662631034851,0.2529622912406921
1438,1438,train,23184,0.3972247540950775,0.4889441728591919,0.3958772420883178,0.4912269413471222,0.6585457921028137,0.2477346360683441,0.7055423259735107,0.2082051336765289,0.7610352635383606,0.2118192166090011,0.8734664916992188,0.1256449073553085,0.5676940679550171,0.3381074070930481,0.4411680698394775,0.4562268853187561,0.3182591795921325,0.5520474314689636,0.711054801940918,0.2283956557512283,0.1725793331861496,0.6706074476242065,0.6260454654693604,0.2727512717247009
1439,1439,test,23830,0.4047178924083709,0.4912784993648529,0.4130299091339111,0.4913513660430908,0.6727607250213623,0.2591889500617981,0.7217658162117004,0.223401591181755,0.7702544927597046,0.220860406756401,0.8822299838066101,0.1245921477675437,0.5813421607017517,0.3387984931468963,0.457196831703186,0.4528014957904815,0.3280051350593567,0.5534753203392029,0.7223542928695679,0.2431346923112869,0.1725490540266037,0.6739886403083801,0.6303359270095825,0.272643506526947
1440,1440,train,23192,0.6746643781661987,0.2914275527000427,0.5646056532859802,0.3862383067607879,0.895691454410553,0.1305626928806305,0.9029201865196228,0.124788612127304,0.8987715840339661,0.1322125345468521,0.9341151118278505,0.0917690843343734,0.8350652456283569,0.1824691295623779,0.7735978960990906,0.2084586918354034,0.5232493877410889,0.4431867599487304,0.9015442728996276,0.1257580071687698,0.1547004878520965,0.6936588287353516,0.5395386815071106,0.3231671750545501
1441,1441,train,24266,0.3506911396980285,0.5341300964355469,0.3692621290683746,0.5244611501693726,0.5522293448448181,0.3425224721431732,0.6367404460906982,0.2700734138488769,0.7237341403961182,0.2434049248695373,0.8657816648483276,0.1303231567144394,0.5153821706771851,0.39075368642807,0.3873260617256164,0.5156199336051941,0.2826481163501739,0.5904098153114319,0.6456778645515442,0.2848145663738251,0.1972744017839431,0.6502546668052673,0.6969265341758728,0.246793046593666
1442,1442,test,24252,0.4262397587299347,0.4738895893096924,0.4194505214691162,0.483010858297348,0.6990177035331726,0.2466683983802795,0.7526297569274902,0.2093038558959961,0.7918155789375305,0.2129403054714203,0.8840733766555786,0.1270637065172195,0.6236074566841125,0.3267852663993835,0.4925067126750946,0.4322895109653473,0.3330181837081909,0.5325570702552795,0.7474144697189331,0.228077694773674,0.1730118989944458,0.6669530272483826,0.6281157732009888,0.2757930755615234
1443,1443,train,24405,0.7717075347900391,0.1977783590555191,0.6281288862228394,0.3343254029750824,0.9210036396980286,0.1056052297353744,0.9219029545783995,0.1041223108768463,0.9211161136627196,0.1050028279423713,0.9440529346466064,0.0781731978058815,0.8848289251327515,0.1306719779968261,0.8621954321861267,0.134636789560318,0.5893256664276123,0.3926190733909607,0.9228202700614928,0.1033140942454338,0.1664595752954483,0.6855238080024719,0.5293405652046204,0.324481725692749
1444,1444,train,23571,0.4254995584487915,0.4691377580165863,0.4120788276195526,0.4776057302951813,0.6990967988967896,0.2240258306264877,0.731478750705719,0.1993811577558517,0.7748157978057861,0.2052114307880401,0.875538170337677,0.1269775032997131,0.6115083694458008,0.3027921915054321,0.4904325902462005,0.4092927575111389,0.3450682163238525,0.5387411713600159,0.737265408039093,0.2178523391485214,0.1627300977706909,0.6847270727157593,0.5989863276481628,0.2848743498325348
1445,1445,test,24258,0.2463721185922622,0.6359861493110657,0.259641021490097,0.6392638683319092,0.2858550250530243,0.5820170044898987,0.394087016582489,0.470814436674118,0.6567071080207825,0.2962570488452911,0.8332247734069824,0.131569892168045,0.3086970150470733,0.5788052082061768,0.2615857124328613,0.6601243615150452,0.2046648114919662,0.6996374130249023,0.3415505290031433,0.5531390905380249,0.2734308540821075,0.583268940448761,0.8164728879928589,0.1966723352670669
1446,1446,train,23357,0.2485122084617614,0.6249359846115112,0.276480495929718,0.6123171448707581,0.2978723645210266,0.5540978908538818,0.4399349689483642,0.4185374975204468,0.6706175804138184,0.2797238826751709,0.8407999277114868,0.1227982491254806,0.3147867918014526,0.5572794079780579,0.2683862149715423,0.6331639885902405,0.2089671045541763,0.6804269552230835,0.3810696899890899,0.5032056570053101,0.2588781416416168,0.5876539349555969,0.7971702218055725,0.194768950343132
1447,1447,test,23514,0.6186231374740601,0.3370818495750427,0.5307096242904663,0.4056794047355652,0.87527996301651,0.1453557461500167,0.8840677738189697,0.1371487975120544,0.8792991638183594,0.1451693475246429,0.9244239926338196,0.1002925410866737,0.8048352599143982,0.2023918479681015,0.7259682416915894,0.2451944500207901,0.4793274998664856,0.4614088833332062,0.8851590156555176,0.1396572142839431,0.152487650513649,0.6951389908790588,0.5452799201011658,0.3174996972084045
1448,1448,train,24151,0.6827271580696106,0.2815243303775787,0.5532806515693665,0.3896355926990509,0.9013655185699464,0.1290696263313293,0.9056362509727478,0.1245927736163139,0.8968305587768555,0.1329313218593597,0.9324106574058532,0.0952842459082603,0.8389524817466736,0.1728891879320144,0.790009081363678,0.1871386617422104,0.528525710105896,0.4358732402324676,0.906289041042328,0.1236586049199104,0.1540538370609283,0.695371150970459,0.5303916931152344,0.3257247805595398
1449,1449,train,23730,0.7012174129486084,0.2647126317024231,0.5794250965118408,0.3725946247577667,0.9004111289978027,0.1248048469424247,0.9033370018005372,0.1196251586079597,0.9015136361122132,0.1215271055698394,0.9296048283576964,0.0932996347546577,0.845589816570282,0.1613227277994156,0.8149759769439697,0.1738771945238113,0.5368176698684692,0.4230917394161224,0.9082547426223756,0.1177872717380523,0.1582760214805603,0.6936213374137878,0.5308409929275513,0.3246681690216064
1450,1450,train,24582,0.2461270987987518,0.6286092400550842,0.2675553262233734,0.6193903684616089,0.2888038754463196,0.5668676495552063,0.4191009998321533,0.4366879463195801,0.6689052581787109,0.2923333346843719,0.8397068977355957,0.1267267316579818,0.3102668225765228,0.5672416687011719,0.2637430429458618,0.637346088886261,0.2053247541189193,0.6823684573173523,0.3630720674991607,0.5227087736129761,0.2639356553554535,0.5870704054832458,0.8023778796195984,0.1918583065271377
1451,1451,train,23758,0.4088544845581054,0.493774801492691,0.4153177440166473,0.4914752542972564,0.6760400533676147,0.2507000565528869,0.7159324884414673,0.2171334773302078,0.767956018447876,0.2177591770887375,0.877041220664978,0.1286834925413131,0.5984039306640625,0.3320481181144714,0.4742274880409241,0.4457817673683166,0.3359592854976654,0.5542474389076233,0.7272281050682068,0.2343214899301529,0.1710437685251236,0.678708553314209,0.6159965395927429,0.2805903851985931
1452,1452,train,24412,0.4157522320747375,0.4942214787006378,0.4136448800563812,0.4970506131649017,0.7030962705612183,0.2566986382007599,0.7570809125900269,0.2218276560306549,0.7940091490745544,0.2247697561979293,0.8869884610176086,0.129601314663887,0.6076251864433289,0.3410601615905761,0.4624842703342438,0.4523170590400696,0.3284416198730469,0.5586129426956177,0.7524142265319824,0.2408348768949508,0.1671133935451507,0.6763052940368652,0.6298938393592834,0.2711744606494903
1453,1453,train,23637,0.2765094339847564,0.6019466519355774,0.3030364215373993,0.5824150443077087,0.3497998118400574,0.5126508474349976,0.5136715769767761,0.3708397150039673,0.6968349814414978,0.2806919813156128,0.8436065912246704,0.1294525414705276,0.3711882531642914,0.5166674256324768,0.3017308712005615,0.6019664406776428,0.2237339168787002,0.6421347260475159,0.4961011409759521,0.4314656257629394,0.2412834167480468,0.6061779260635376,0.7796087265014648,0.2020917683839798
1454,1454,train,23859,0.5487886667251587,0.3938562273979187,0.485334575176239,0.434669017791748,0.8400996327400208,0.1638858914375305,0.8552526831626892,0.1524324566125869,0.8527756929397583,0.1641232818365097,0.9050610661506652,0.1130344346165657,0.7417260408401489,0.2330251485109329,0.6475840210914612,0.2935403287410736,0.4335210621356964,0.489431083202362,0.852192223072052,0.1600992679595947,0.1545723229646682,0.6927106380462646,0.549772322177887,0.3119312226772308
1455,1455,test,23906,0.7175121903419495,0.2525202333927154,0.5828725099563599,0.3737366795539856,0.9135255217552184,0.117691159248352,0.9156909584999084,0.1146656796336174,0.9111120700836182,0.1196572110056877,0.9399412274360656,0.0876616463065147,0.8627837896347046,0.1570357382297516,0.8236691355705261,0.1673600524663925,0.5580105185508728,0.4196709990501404,0.9173086881637572,0.1129851788282394,0.1608224064111709,0.6955434083938599,0.5327435731887817,0.3239991664886474
1456,1456,test,23411,0.2748091518878937,0.609563946723938,0.3096531927585602,0.58684241771698,0.3490762412548065,0.5145189762115479,0.5114235877990723,0.3686465322971344,0.7021967768669128,0.2747475802898407,0.8526886701583862,0.123429000377655,0.3677958250045776,0.5214666128158569,0.2984133064746856,0.6123897433280945,0.2264763563871383,0.6537548303604126,0.4934969246387481,0.4273912310600281,0.2324087023735046,0.6183724999427795,0.7728811502456665,0.2054063081741333
1457,1457,train,24015,0.2525492012500763,0.6273394227027893,0.2813327312469482,0.6085965037345886,0.3018182516098022,0.5528776049613953,0.4526688754558563,0.4151644110679626,0.6799109578132629,0.280878871679306,0.8408756256103516,0.1245708614587783,0.3293164372444153,0.557148814201355,0.2760679721832275,0.6374989151954651,0.2110586762428283,0.6777941584587097,0.4007183611392975,0.4950994253158569,0.2521248459815979,0.5993227362632751,0.7978424429893494,0.1922662854194641
1458,1458,test,24008,0.3457157909870147,0.5503888130187988,0.3708756566047668,0.5373382568359375,0.539643406867981,0.3734980821609497,0.6390976309776306,0.2813128530979156,0.730485200881958,0.2507035732269287,0.8694507479667664,0.1283778250217437,0.5054547190666199,0.4157192707061767,0.3813939690589905,0.5454341173171997,0.2761573791503906,0.6095072627067566,0.6396193504333496,0.3084414601325989,0.2007880806922912,0.6484843492507935,0.7124158143997192,0.2347263246774673
1459,1459,train,23260,0.4196369349956512,0.4744694232940674,0.4152829647064209,0.4824261963367462,0.6742968559265137,0.2372785359621048,0.7172014713287354,0.2102192789316177,0.7607094645500183,0.2075701653957367,0.8739731311798096,0.1286742389202118,0.5945907831192017,0.3141512870788574,0.4807927906513214,0.425382524728775,0.3400022089481354,0.5407300591468811,0.7201932668685913,0.2245667427778244,0.1707349568605423,0.6759285926818848,0.6169014573097229,0.2791296243667602
1460,1460,test,23352,0.3805917799472809,0.514689028263092,0.3886599540710449,0.5154678225517273,0.6003780961036682,0.3050267100334167,0.6697874665260315,0.2501131892204284,0.7447426915168762,0.2352335005998611,0.8676033020019531,0.1317929625511169,0.5448506474494934,0.374772161245346,0.4245705008506775,0.4933099746704101,0.3044030964374542,0.5813586711883545,0.6730759143829346,0.2637612223625183,0.1818081736564636,0.667210042476654,0.6694353222846985,0.2593337297439575
1461,1461,train,23547,0.25543013215065,0.6152288317680359,0.2600456774234772,0.6358165740966797,0.2931011021137237,0.5667407512664795,0.3957505524158478,0.452389121055603,0.6483772993087769,0.2984399795532226,0.8231735825538635,0.1360804885625839,0.3077552616596222,0.5744273066520691,0.2697810232639313,0.6421884894371033,0.2177316397428512,0.6847156882286072,0.3379318416118622,0.5509517788887024,0.2772644162178039,0.571467936038971,0.8138415217399597,0.2009744942188263
1462,1462,train,24101,0.5453841686248779,0.3994420170783996,0.4905592203140259,0.4305096864700317,0.8351525664329529,0.1697506308555603,0.8480104804039001,0.1582071632146835,0.8468336462974548,0.1680096685886383,0.9047955870628356,0.1105638220906257,0.7405703663825989,0.2426997423171997,0.6410839557647705,0.3111731112003326,0.4283752143383026,0.4925439059734344,0.845525324344635,0.1651976555585861,0.1546369642019271,0.6967946887016296,0.5574749112129211,0.3070167303085327
1463,1463,train,23558,0.7929503917694092,0.2034600228071212,0.6404919624328613,0.336729496717453,0.9245292544364928,0.1106570586562156,0.9256898760795592,0.1081816628575325,0.9243313074111938,0.1096066161990165,0.9456278681755066,0.0818965286016464,0.8902225494384766,0.1413878947496414,0.8718163371086121,0.1407721042633056,0.6006126999855042,0.3913444578647613,0.926041305065155,0.1059353649616241,0.1706286072731018,0.6867921948432922,0.5329530239105225,0.3268467783927917
1464,1464,test,24651,0.2490022778511047,0.6341627240180969,0.2630106210708618,0.6303678154945374,0.2893527448177337,0.5672040581703186,0.4037740528583526,0.4508759677410126,0.6592963337898254,0.2898495197296142,0.8119635581970215,0.1376354843378067,0.314070463180542,0.5628594756126404,0.2589044272899627,0.6477921605110168,0.2088717818260193,0.690924882888794,0.3508569598197937,0.528931736946106,0.2703528106212616,0.5780560374259949,0.8127467632293701,0.192163273692131
1465,1465,train,24380,0.3769153356552124,0.5300174951553345,0.3859696090221405,0.5239969491958618,0.582312285900116,0.3431229591369629,0.6812211871147156,0.2715932130813598,0.7530848979949951,0.2497441470623016,0.8749157190322876,0.1307699382305145,0.5329316258430481,0.4001185595989227,0.4082258343696594,0.5090876817703247,0.2985430955886841,0.5859118103981018,0.6800490021705627,0.288625031709671,0.1970997005701065,0.6551289558410645,0.6916908025741577,0.2504823505878448
1466,1466,test,24590,0.4785037338733673,0.4360419511795044,0.4532276690006256,0.4575514495372772,0.7623225450515747,0.1962538659572601,0.7844288349151611,0.179468497633934,0.7989319562911987,0.1883901208639145,0.8869087100028992,0.1172393560409545,0.6616277694702148,0.2778708934783935,0.5369117259979248,0.3807428479194641,0.3779906630516052,0.5250789523124695,0.7812829613685608,0.195269301533699,0.1555896997451782,0.6921494007110596,0.5749267339706421,0.2952915728092193
1467,1467,train,24514,0.2982631623744964,0.5746650695800781,0.3309864103794098,0.5608438849449158,0.4279232323169708,0.4368912875652313,0.5809565186500549,0.3129232227802276,0.7143075466156006,0.2632076144218445,0.8634548187255859,0.124953880906105,0.4335266947746277,0.4598294496536255,0.3287942707538605,0.5770671963691711,0.2418733835220337,0.6210905909538269,0.5801832675933838,0.3516816794872284,0.217269167304039,0.6265208721160889,0.7518236637115479,0.2160637527704239
1468,1468,train,24672,0.2642066180706024,0.6283766627311707,0.2693785727024078,0.6376512050628662,0.3117131888866424,0.5679976344108582,0.435505598783493,0.4462713003158569,0.6508916616439819,0.2998944818973541,0.8061202764511108,0.1488512903451919,0.3308730125427246,0.5637751817703247,0.2750421464443207,0.6547170281410217,0.2229720652103424,0.6966628432273865,0.3691684603691101,0.5345954895019531,0.2761549055576324,0.5837467312812805,0.8141228556632996,0.2027114629745483
1469,1469,train,22997,0.5259827375411987,0.4089758396148681,0.4712479710578918,0.440690129995346,0.8041046857833862,0.17845319211483,0.8295966982841492,0.1650547236204147,0.8341104388237,0.1751376688480377,0.9036871790885924,0.1161258965730667,0.6986850500106812,0.2491191178560257,0.5959952473640442,0.3311413526535034,0.4102824926376343,0.5005232095718384,0.8226485252380371,0.1746678054332733,0.1541863232851028,0.6920042037963867,0.5605221390724182,0.3038006424903869
1470,1470,train,24422,0.5470715761184692,0.3952826559543609,0.4924359619617462,0.4333631992340088,0.8372473120689392,0.1663835942745208,0.8509065508842468,0.1538178324699401,0.8493230938911438,0.1625794321298599,0.9072415232658386,0.1117737367749214,0.7398024201393127,0.2362795919179916,0.6460503935813904,0.3049333393573761,0.436519980430603,0.4920912683010101,0.8497121334075928,0.1599678993225097,0.1548105031251907,0.6941705346107483,0.5479782223701477,0.3119703233242035
1471,1471,train,24558,0.2678656876087188,0.5967544913291931,0.2756619751453399,0.6114189624786377,0.3038280606269836,0.5578213334083557,0.4181556105613708,0.4468739926815033,0.6706968545913696,0.2991212606430053,0.8139797449111938,0.1469216346740722,0.3324379324913025,0.5533697009086609,0.276272177696228,0.6246094107627869,0.2286015748977661,0.6646690964698792,0.3463036715984344,0.5456274151802063,0.2720191180706024,0.5713436603546143,0.7936345338821411,0.2213580161333084
1472,1472,test,24643,0.2594763040542602,0.6184747219085693,0.2847505211830139,0.6012583374977112,0.3273924887180328,0.5447317957878113,0.4615832865238189,0.4054582417011261,0.6831970810890198,0.2796379923820495,0.8470268249511719,0.125271663069725,0.3444185853004455,0.5396785736083984,0.2845052480697632,0.624850869178772,0.2121551483869552,0.6696316003799438,0.4269348978996277,0.4784599542617798,0.2529373466968536,0.5933908224105835,0.8004292845726013,0.1946809142827987
1473,1473,train,24463,0.7931358218193054,0.1861129701137542,0.6313118934631348,0.3367173373699188,0.9314427375793456,0.1049060598015785,0.931594729423523,0.1038904190063476,0.9284309148788452,0.1090561673045158,0.9501025080680848,0.0802193582057952,0.9000945687294006,0.1322338134050369,0.8743728399276733,0.1317417621612548,0.6064918041229248,0.3838809430599212,0.9309119582176208,0.1047297045588493,0.1720502376556396,0.6864672899246216,0.5364160537719727,0.32274129986763
1474,1474,train,24384,0.3696112930774688,0.5072859525680542,0.3754529356956482,0.5093616247177124,0.5886472463607788,0.2873398661613464,0.644460916519165,0.2395752817392349,0.7094489336013794,0.2235507071018219,0.8653207421302795,0.1319061070680618,0.5319809913635254,0.3497897088527679,0.4115788042545318,0.4742330014705658,0.2913795709609985,0.5703586339950562,0.6573235392570496,0.2577223479747772,0.1812239438295364,0.6672208905220032,0.661644458770752,0.259395956993103
1475,1475,train,23793,0.3340674340724945,0.5334470868110657,0.3531196117401123,0.5296542644500732,0.509857714176178,0.3498145937919616,0.6059920787811279,0.2741289734840393,0.7119389772415161,0.2424770444631576,0.8667672276496887,0.1311566680669784,0.4830029010772705,0.3983328640460968,0.3693232238292694,0.5195044279098511,0.2692528069019317,0.589774489402771,0.6147623658180237,0.2911137342453003,0.1919465214014053,0.6540611386299133,0.6991919279098511,0.2445982992649078
1476,1476,test,23050,0.617424488067627,0.320481926202774,0.5188219547271729,0.40500408411026,0.8719059228897095,0.1417863219976425,0.8806222081184387,0.1331708580255508,0.8711639046669006,0.1417578905820846,0.9200133085250854,0.098531536757946,0.7941035628318787,0.1902873963117599,0.7283983826637268,0.2244808077812194,0.4854073524475097,0.4581711590290069,0.8821247220039368,0.1338254064321518,0.1519266963005066,0.6984204053878784,0.5321793556213379,0.3192960917949676
1477,1477,train,23606,0.8318091630935669,0.1546889245510101,0.6765941381454468,0.2958232462406158,0.9339008927345276,0.0995985940098762,0.933343768119812,0.0999932587146759,0.9318317770957948,0.1013677939772605,0.9508797526359558,0.0761612430214881,0.9083213210105896,0.1190554946660995,0.8952896595001221,0.1130117326974868,0.6382817625999451,0.3546806573867798,0.9326573014259338,0.0992593690752983,0.1823369115591049,0.6757873892784119,0.5333212018013,0.32025346159935
1478,1478,train,23766,0.2531465888023376,0.6194193363189697,0.2654362320899963,0.6236788630485535,0.2946545779705047,0.5533581376075745,0.4061228930950165,0.4430240988731384,0.6567897796630859,0.2931183576583862,0.834519624710083,0.1257365345954895,0.3164230287075043,0.5534191727638245,0.2659596800804138,0.6341937780380249,0.2141591012477874,0.6798694729804993,0.3536379337310791,0.5238925218582153,0.276744931936264,0.5769419074058533,0.8105292916297913,0.1921496987342834
1479,1479,train,23041,0.8162688612937927,0.1660900861024856,0.6594500541687012,0.3152718544006347,0.92951101064682,0.1013074740767479,0.9294939637184144,0.1009721010923385,0.9279845356941224,0.1028552576899528,0.9486582279205322,0.0777485445141792,0.8996781706809998,0.1241955384612083,0.8835011124610901,0.1213661357760429,0.623316764831543,0.3708464503288269,0.929611086845398,0.1002996042370796,0.1778482645750045,0.6803861260414124,0.5312865972518921,0.3212555348873138
1480,1480,test,24452,0.7082594633102417,0.2666789591312408,0.5831006765365601,0.3719345033168793,0.9110962748527528,0.1233823746442794,0.9141793847084044,0.1198520511388778,0.9126442670822144,0.1238103210926055,0.9397040009498596,0.0897988900542259,0.8603367805480957,0.1628530025482177,0.8236947655677795,0.1755255907773971,0.5470577478408813,0.4246873557567596,0.9177682399749756,0.1162149086594581,0.1584161818027496,0.6938189268112183,0.536557137966156,0.3236756026744842
1481,1481,train,24511,0.5993337631225586,0.347529649734497,0.4985190629959106,0.4211709201335907,0.874264657497406,0.1434458196163177,0.8830767869949341,0.1367710828781128,0.8745412826538086,0.1473101377487182,0.9208964705467224,0.1003273800015449,0.7865970730781555,0.2086620181798935,0.7034953236579895,0.250168889760971,0.4704654514789581,0.4655340909957886,0.8821766376495361,0.1386002600193023,0.1520195603370666,0.7005310654640198,0.5378056764602661,0.3162249624729156
1482,1482,test,24544,0.6031275391578674,0.3354370892047882,0.5247989892959595,0.4068927466869354,0.8735544681549072,0.1378649622201919,0.8820740580558777,0.1312406212091446,0.8782683610916138,0.1376399248838424,0.9205589294433594,0.0972414910793304,0.7848467826843262,0.1885045319795608,0.7133045196533203,0.2302939444780349,0.4777972996234894,0.4628004431724548,0.8858242034912109,0.1307162642478943,0.1542560458183288,0.6984623074531555,0.5365091562271118,0.3192091882228851
1483,1483,test,23177,0.4541523456573486,0.4582597017288208,0.4430951774120331,0.4696749150753021,0.7141842246055603,0.2169355750083923,0.7373353242874146,0.1955870687961578,0.7815901637077332,0.1962596029043197,0.8781160116195679,0.1277044266462326,0.638513445854187,0.2941681742668152,0.5285080075263977,0.3933467864990234,0.3728334903717041,0.5224389433860779,0.7533755302429199,0.2083444446325302,0.1680439114570617,0.6806390285491943,0.5940228700637817,0.2911801934242248
1484,1484,train,23126,0.6187622547149658,0.3258353471755981,0.5382879376411438,0.4021138846874237,0.8803449273109436,0.1352610290050506,0.8868008255958557,0.1281465590000152,0.884219229221344,0.1335600167512893,0.9236373901367188,0.097561739385128,0.8060247302055359,0.1845032125711441,0.7388082146644592,0.2187810689210891,0.4945178925991058,0.453822374343872,0.8923600912094116,0.1280746012926101,0.1517039090394973,0.6979503035545349,0.5347328186035156,0.3207815289497375
1485,1485,test,24542,0.5201421976089478,0.4208664894104004,0.4841033518314361,0.4440150558948517,0.8034234046936035,0.17939393222332,0.8269250988960266,0.1641864478588104,0.8289073705673218,0.1727059930562973,0.8969473838806152,0.1159451603889465,0.7099750638008118,0.2592946290969848,0.6020583510398865,0.342719167470932,0.4091096818447113,0.5023263692855835,0.8202721476554871,0.1760077178478241,0.1582335829734802,0.6892216205596924,0.5718052983283997,0.2994216084480285
1486,1486,train,24470,0.2571500837802887,0.620147705078125,0.2639930844306946,0.6341760754585266,0.2945604920387268,0.5623612403869629,0.4082203805446625,0.454522430896759,0.65800541639328,0.3029257357120514,0.8315719962120056,0.1331415474414825,0.3191051185131073,0.5593615174293518,0.2668685019016266,0.6446678638458252,0.2106633931398391,0.6840919852256775,0.3484802544116974,0.5475323796272278,0.2796203792095184,0.5759195685386658,0.8137436509132385,0.2047138214111328
1487,1487,train,23061,0.370485246181488,0.5254737734794617,0.3855455219745636,0.5204799771308899,0.6127834916114807,0.3192687034606933,0.6950864791870117,0.2609276473522186,0.7717285752296448,0.2499097287654876,0.8763384819030762,0.1288083791732788,0.5487013459205627,0.3889139592647552,0.4089490473270416,0.5057731866836548,0.3008160591125488,0.5705631971359253,0.6976926326751709,0.2879594564437866,0.1874802112579345,0.6533874869346619,0.6764975190162659,0.2538794577121734
1488,1488,train,24715,0.3295405209064483,0.5509640574455261,0.354634016752243,0.5406938791275024,0.4960739314556122,0.3925102055072784,0.6221513152122498,0.300981730222702,0.7271872162818909,0.26505047082901,0.8674468398094177,0.1272015273571014,0.4735987186431885,0.4257077276706695,0.3597337305545807,0.5387803912162781,0.264062762260437,0.6045239567756653,0.6259577870368958,0.3261056542396545,0.2072141319513321,0.6412041783332825,0.7294943928718567,0.2295375615358352
1489,1489,train,23052,0.3178799152374267,0.5659199953079224,0.3400254845619201,0.5553233027458191,0.4605609178543091,0.4145004153251648,0.5890101194381714,0.3047088384628296,0.7199373841285706,0.2538395524024963,0.8623279333114624,0.1268200576305389,0.4532730281352997,0.441467672586441,0.3487655818462372,0.555614709854126,0.2545753419399261,0.618658185005188,0.5978603959083557,0.3309229016304016,0.2077106833457946,0.6408671140670776,0.7296887636184692,0.2289077639579773
1490,1490,test,24106,0.5278137922286987,0.4192537367343902,0.4768859446048736,0.4472306966781616,0.835880696773529,0.1702276021242141,0.8562456965446472,0.1548261791467666,0.8540604114532471,0.1633027195930481,0.906646192073822,0.1130955964326858,0.74169921875,0.2458372414112091,0.6271020770072937,0.3280002474784851,0.4149354100227356,0.5026082396507263,0.8524394035339355,0.1626027971506118,0.1543913036584854,0.6933985352516174,0.5582510232925415,0.3067819476127624
1491,1491,train,23496,0.3725738823413849,0.5069612860679626,0.3832242786884308,0.5117920637130737,0.6147621870040894,0.2928754091262817,0.6876117587089539,0.2375563830137252,0.747176468372345,0.2259881496429443,0.8762146234512329,0.1278223842382431,0.5407552123069763,0.3721691370010376,0.4048399031162262,0.4901385307312011,0.2942993640899658,0.5674404501914978,0.682295560836792,0.258452445268631,0.186521977186203,0.6584845185279846,0.6697891354560852,0.2563155889511108
1492,1492,test,23767,0.438453733921051,0.4656053185462951,0.427179604768753,0.479987770318985,0.7252861857414246,0.2161640673875808,0.7631063461303711,0.1898978799581527,0.8004403710365295,0.1967151015996933,0.8849791884422302,0.118967518210411,0.6238813400268555,0.307554543018341,0.4915374219417572,0.4160085916519165,0.3535117208957672,0.537895143032074,0.7679014205932617,0.2055196762084961,0.1623391509056091,0.6859583854675293,0.5937249660491943,0.2830794155597687
1493,1493,train,23309,0.3324709832668304,0.5483264923095703,0.354000061750412,0.5389128923416138,0.5164068937301636,0.374339610338211,0.6171701550483704,0.2918861806392669,0.7094293832778931,0.2504895627498626,0.8670434355735779,0.128090500831604,0.4776403307914734,0.4294592142105102,0.3613936901092529,0.5415152907371521,0.2693005800247192,0.6054703593254089,0.6200802326202393,0.3139700293540954,0.1993826329708099,0.6483889818191528,0.7034846544265747,0.2460301369428634
1494,1494,test,24208,0.6832690238952637,0.2723464667797088,0.566474974155426,0.377921313047409,0.9045230150222778,0.1212910041213035,0.9073228240013124,0.1165950521826744,0.903800904750824,0.1226788088679313,0.9353074431419371,0.0887463241815567,0.846391499042511,0.1632524877786636,0.7973595261573792,0.1818111538887024,0.5314077138900757,0.4297057688236236,0.9093579649925232,0.11634411662817,0.1555254906415939,0.6927910447120667,0.532741904258728,0.3244692087173462
1495,1495,train,24053,0.3857806026935577,0.5039077997207642,0.3929579854011535,0.5076618790626526,0.630264163017273,0.2904578745365143,0.7031223773956299,0.2322546243667602,0.7601278424263,0.2261271476745605,0.880263090133667,0.1264495998620987,0.5691840052604675,0.3557806611061096,0.4261081218719482,0.4817984402179718,0.3001808226108551,0.5671514868736267,0.701688289642334,0.251529186964035,0.1813241839408874,0.6639779210090637,0.6734244227409363,0.2561644911766052
1496,1496,train,24404,0.3017328083515167,0.582571268081665,0.3318685293197632,0.56642085313797,0.4219347536563873,0.447613000869751,0.5589368939399719,0.3231213986873626,0.6869878172874451,0.2631348073482513,0.8622819185256958,0.1256100684404373,0.4215257167816162,0.4717708826065063,0.327918142080307,0.5849376916885376,0.2459754198789596,0.6393023133277893,0.5605837106704712,0.3602417111396789,0.218101754784584,0.6352499723434448,0.7516344785690308,0.2180477678775787
1497,1497,test,24135,0.2719309628009796,0.6048879623413086,0.3046606183052063,0.5855899453163147,0.3497441411018371,0.5083717703819275,0.5210692882537842,0.3698161542415619,0.7019794583320618,0.2732001841068268,0.8476176261901855,0.12557253241539,0.368781179189682,0.5221476554870605,0.2981927096843719,0.6129757165908813,0.2219456881284713,0.6496156454086304,0.4961753785610199,0.4287105202674866,0.2402900904417038,0.6116310358047485,0.7744449377059937,0.2019304633140564
1498,1498,train,24456,0.4520871341228485,0.4554691612720489,0.4438582360744476,0.4700494706630707,0.7171971201896667,0.2079744935035705,0.7495773434638977,0.1858260631561279,0.7811563014984131,0.1911042779684066,0.8853464722633362,0.1197600737214088,0.628698468208313,0.2871480882167816,0.5105144381523132,0.4079063236713409,0.363464742898941,0.5325376987457275,0.7578911781311035,0.2002136558294296,0.159164622426033,0.6904401779174805,0.589519739151001,0.2896563708782196
1499,1499,train,23218,0.3877309560775757,0.5059483647346497,0.3964921832084656,0.5067290663719177,0.6322445869445801,0.2866654992103576,0.6987850069999695,0.2245751172304153,0.7541520595550537,0.2232946902513504,0.8775945901870728,0.1246587410569191,0.5658762454986572,0.365839421749115,0.4313821792602539,0.486716628074646,0.3091886937618255,0.5714789628982544,0.6980308890342712,0.2430272698402404,0.1801637858152389,0.6693372130393982,0.6699023246765137,0.2570927739143371
1500,1500,train,24220,0.6642858386039734,0.2923497259616852,0.5507135987281799,0.3949159383773803,0.8989994525909424,0.1260269433259964,0.90309739112854,0.1209163293242454,0.9006138443946838,0.1243070289492607,0.9352567791938782,0.0905151516199112,0.8382625579833984,0.1705224812030792,0.7823505401611328,0.1933424174785614,0.5086122155189514,0.4482445120811462,0.9068627953529358,0.1186606064438819,0.1540824472904205,0.6975398063659668,0.5347921252250671,0.3231025636196136
1501,1501,train,23692,0.4869280755519867,0.4570057690143585,0.4598605036735534,0.4658303558826446,0.7746700644493103,0.2158232629299163,0.8090049624443054,0.19375741481781,0.819934070110321,0.2044782787561416,0.897075891494751,0.1241985410451889,0.6721165776252747,0.3045180737972259,0.5512900352478027,0.3974621593952179,0.3854516148567199,0.530486524105072,0.7972715497016907,0.2116895616054535,0.1641477793455124,0.6834253072738647,0.5922468304634094,0.2950980365276336
1502,1502,train,23582,0.646454393863678,0.2846920490264892,0.5469317436218262,0.3849692344665527,0.888508141040802,0.1178785040974617,0.8919440507888794,0.1131351068615913,0.8832396268844604,0.1174602210521698,0.9269015192985536,0.0864364802837371,0.81289142370224,0.1596214473247528,0.7607937455177307,0.1840893775224685,0.5157958269119263,0.436837762594223,0.8955033421516418,0.1131977960467338,0.1544055938720703,0.696523129940033,0.5305845737457275,0.32256019115448
1503,1503,test,22953,0.594762921333313,0.3619647622108459,0.5120862722396851,0.4131682217121124,0.8681331872940063,0.1528316736221313,0.878692090511322,0.1444209516048431,0.8782258033752441,0.1541745364665985,0.9213907718658448,0.1023939922451973,0.7896066904067993,0.2198342531919479,0.692945659160614,0.2722436189651489,0.462465763092041,0.4721885025501251,0.8785738348960876,0.1492010205984115,0.1510385572910308,0.6942437291145325,0.5519611835479736,0.3127079904079437
1504,1504,train,23531,0.2477267980575561,0.6393047571182251,0.2636570930480957,0.6348444819450378,0.2896774709224701,0.5763672590255737,0.4121089577674866,0.4455489218235016,0.6634860634803772,0.2911685407161712,0.834347665309906,0.124703548848629,0.311193585395813,0.5757899880409241,0.2682611644268036,0.6524373888969421,0.2094080001115799,0.6954175233840942,0.3573618829250335,0.5350044369697571,0.270210325717926,0.5835598707199097,0.8114315867424011,0.1938302367925644
1505,1505,test,23968,0.3830576837062835,0.5021603107452393,0.3885319232940674,0.5058218836784363,0.6349416375160217,0.283435195684433,0.6960898041725159,0.2393792122602462,0.7541236281394958,0.2372980117797851,0.8724266290664673,0.1303971111774444,0.5588093996047974,0.3638501167297363,0.4228463172912597,0.4753157496452331,0.3011996448040008,0.5584090352058411,0.6940227746963501,0.2585751116275787,0.1763821989297866,0.6657798886299133,0.6567901968955994,0.2623522281646728
1506,1506,train,23480,0.4514560103416443,0.4508309960365295,0.4279424250125885,0.4674273431301117,0.717577338218689,0.2014670521020889,0.7452271580696106,0.1789971888065338,0.7706144452095032,0.1878205984830856,0.879783570766449,0.1172372847795486,0.6198708415031433,0.2872703075408935,0.5035157799720764,0.3970483839511871,0.3607302010059356,0.5327106714248657,0.7456242442131042,0.1929306536912918,0.1624225676059723,0.6851004362106323,0.5936204791069031,0.2878579497337341
1507,1507,train,23945,0.6889014840126038,0.2770690321922302,0.5719965696334839,0.381078839302063,0.8906807899475098,0.1355684101581573,0.8930915594100952,0.1289141476154327,0.8975619077682495,0.1315429359674453,0.9267463088035583,0.09783286601305,0.8359431028366089,0.176121711730957,0.8041249513626099,0.1898782104253769,0.5294325947761536,0.4354608356952667,0.9029781222343444,0.1259393244981765,0.1569393724203109,0.6980135440826416,0.5295230150222778,0.3245038688182831
1508,1508,test,23095,0.403901606798172,0.5091572403907776,0.4074750542640686,0.5057098865509033,0.678128719329834,0.2714887857437134,0.7429812550544739,0.2254799455404281,0.7889750599861145,0.2239173352718353,0.8840608596801758,0.1268326342105865,0.5876895189285278,0.3656519055366516,0.4536177515983581,0.4744569659233093,0.3337624669075012,0.5608681440353394,0.7328588962554932,0.2488239854574203,0.1704419106245041,0.6845448017120361,0.6259782314300537,0.2756235897541046
1509,1509,train,23507,0.2590765058994293,0.6088470220565796,0.2855445444583893,0.6030021905899048,0.3167571425437927,0.5325939059257507,0.4581164121627807,0.4056068658828735,0.6715853810310364,0.2800731956958771,0.8434562087059021,0.1220634132623672,0.3325605988502502,0.53898024559021,0.278708666563034,0.6163994073867798,0.2138121426105499,0.662026047706604,0.4116371273994446,0.483618676662445,0.2561973929405212,0.5841402411460876,0.7958154678344727,0.1925456672906875
1510,1510,train,23585,0.3592196106910705,0.5187358856201172,0.3709846436977386,0.5182005167007446,0.5630089640617371,0.3387831151485443,0.645264744758606,0.2717894613742828,0.7255680561065674,0.2490402460098266,0.8595682978630066,0.1390134841203689,0.5206568837165833,0.3949693143367767,0.3948023915290832,0.502269983291626,0.2865116000175476,0.5723965167999268,0.6506823301315308,0.2877624332904815,0.1943453997373581,0.6499618291854858,0.6857268810272217,0.2503310739994049
1511,1511,test,23911,0.4295650422573089,0.4860944747924804,0.4218161106109619,0.4886624217033386,0.691210925579071,0.2367959469556808,0.7385057210922241,0.2072697728872299,0.7735880017280579,0.2107698023319244,0.8787009119987488,0.1275976151227951,0.5990378260612488,0.3325461745262146,0.472845047712326,0.435642272233963,0.3478882908821106,0.5536631345748901,0.7357911467552185,0.2225685268640518,0.1714186519384384,0.6812200546264648,0.6132162809371948,0.2815448045730591
1512,1512,train,23241,0.4252558052539825,0.4805335104465484,0.4170054197311401,0.4895727634429931,0.7205618619918823,0.2207317501306533,0.7535228133201599,0.1941050887107849,0.7879992127418518,0.1987999528646469,0.8835598230361938,0.1241821572184562,0.622050940990448,0.3068551421165466,0.4818174839019775,0.4292975962162018,0.3437339961528778,0.5456902980804443,0.7620164155960083,0.2122925221920013,0.1590390801429748,0.6894251704216003,0.591042160987854,0.287856251001358
1513,1513,train,23831,0.4517261981964111,0.4477369487285614,0.4342096447944641,0.4636955261230469,0.7323975563049316,0.209309846162796,0.776940643787384,0.186199203133583,0.8023994565010071,0.1908634454011917,0.8883724808692932,0.1200837269425392,0.6402885317802429,0.2834871411323547,0.5123461484909058,0.3939622640609741,0.3609480559825897,0.5313005447387695,0.7726253271102905,0.2019113302230835,0.1614566892385482,0.6881128549575806,0.5941768884658813,0.2873997986316681
1514,1514,train,23382,0.2789053320884704,0.602410614490509,0.2928470969200134,0.6078882217407227,0.3377473652362823,0.5356075763702393,0.4401987195014953,0.4300072789192199,0.6693815588951111,0.2959156632423401,0.833339512348175,0.1322423815727234,0.3504907488822937,0.5323776006698608,0.2911656498908996,0.611416757106781,0.2303224802017212,0.6633061766624451,0.3809430599212646,0.5149354338645935,0.2710994780063629,0.5762335062026978,0.8080480694770813,0.1994915306568145
1515,1515,test,23823,0.3987171947956085,0.4970843195915222,0.3970200419425964,0.5051112174987793,0.691757082939148,0.245389774441719,0.7480202913284302,0.2089135199785232,0.7936320304870605,0.2195107340812683,0.8835498690605164,0.1238396540284156,0.6005672216415405,0.3381222784519195,0.452057272195816,0.4598231613636017,0.3211102187633514,0.5525689721107483,0.7437698245048523,0.2317255139350891,0.1698340475559234,0.6750492453575134,0.6290296316146851,0.2706141173839569
1516,1516,test,23289,0.3495030999183655,0.5347233414649963,0.3715525269508362,0.5274194478988647,0.5325981378555298,0.353091835975647,0.6186705827713013,0.2701269090175628,0.7023832201957703,0.2403464466333389,0.8665387630462646,0.1306863725185394,0.492493599653244,0.4104946553707123,0.3876954615116119,0.5286123156547546,0.2848677337169647,0.6022558808326721,0.6228607892990112,0.2918693721294403,0.1989369690418243,0.6571767926216125,0.7049940824508667,0.2424634844064712
1517,1517,train,24692,0.2654784321784973,0.6090297102928162,0.2628577649593353,0.6382420659065247,0.3061724305152893,0.5605155825614929,0.4173993468284607,0.4546866118907928,0.6554352641105652,0.2997549474239349,0.8268657326698303,0.1380060315132141,0.3179727494716644,0.5758586525917053,0.2721174657344818,0.6444279551506042,0.227630004286766,0.6868806481361389,0.3544301390647888,0.5429304242134094,0.2773683667182922,0.5751871466636658,0.81735759973526,0.2058538794517517
1518,1518,train,23643,0.389322966337204,0.5041422843933105,0.3953075706958771,0.505633533000946,0.6314233541488647,0.2789909243583679,0.6788791418075562,0.2407801151275634,0.7404711246490479,0.2354163080453872,0.8655571937561035,0.1403382569551468,0.5630192160606384,0.3475775718688965,0.4393611252307892,0.4685550332069397,0.3155529201030731,0.5707632303237915,0.6861104369163513,0.2572613060474396,0.1746290326118469,0.6770186424255371,0.6425414681434631,0.2685667872428894
1519,1519,train,23527,0.2652958333492279,0.6113190650939941,0.2967591285705566,0.5917524099349976,0.3322004675865173,0.5359050035476685,0.4817472398281097,0.3963468372821808,0.6894988417625427,0.2764818370342254,0.845115065574646,0.1256079524755478,0.3520472347736358,0.5417996048927307,0.2881929278373718,0.6181393265724182,0.2205528169870376,0.6614800691604614,0.4309682846069336,0.4735898375511169,0.2557763457298279,0.5923531651496887,0.7991679906845093,0.1900905966758728
1520,1520,test,23815,0.4324382245540619,0.4860325157642364,0.4273695051670074,0.4858049154281616,0.7061284780502319,0.2443590611219406,0.7593742609024048,0.2154754996299743,0.7905528545379639,0.2200925201177597,0.8842427134513855,0.127794936299324,0.6093837022781372,0.3372498452663421,0.4868148267269134,0.4400055110454559,0.3516519963741302,0.5435088276863098,0.7491557598114014,0.2335425168275833,0.1708441823720932,0.6781940460205078,0.6166282296180725,0.2821889817714691
1521,1521,train,22980,0.260966420173645,0.6265987157821655,0.2637156844139099,0.6296438574790955,0.3026236295700073,0.5602280497550964,0.4179987609386444,0.4419093132019043,0.653364360332489,0.2947884798049927,0.7219409942626953,0.1959427148103714,0.3213173151016235,0.5596741437911987,0.2711345255374908,0.6432540416717529,0.2144488990306854,0.6870478391647339,0.3668828308582306,0.5247559547424316,0.2747107148170471,0.5793570280075073,0.8049540519714355,0.1994696408510208
1522,1522,train,23883,0.3052081167697906,0.5845082998275757,0.3286035358905792,0.5677350759506226,0.444200724363327,0.4480175077915191,0.5989156365394592,0.3224355280399322,0.7185897827148438,0.266762912273407,0.8627089262008667,0.127954751253128,0.4387156367301941,0.4797131717205047,0.3286465406417846,0.5897471904754639,0.2444776743650436,0.6345165967941284,0.5971223711967468,0.3646817207336426,0.2161684483289718,0.6340144276618958,0.746856689453125,0.217457041144371
1523,1523,test,24321,0.2762404084205627,0.5991814732551575,0.3094802796840668,0.5770399570465088,0.370602935552597,0.4882736802101135,0.5370572805404663,0.3431999683380127,0.704062283039093,0.2676475048065185,0.856408417224884,0.1260891556739807,0.3785026371479034,0.5049802660942078,0.2995619475841522,0.5990795493125916,0.2261572927236557,0.6372873783111572,0.5319346189498901,0.3907410502433777,0.2250569313764572,0.6222571134567261,0.7611513733863831,0.2092286348342895
1524,1524,train,22995,0.3516839742660522,0.5477221012115479,0.3697126805782318,0.5379136800765991,0.5474659204483032,0.3637621998786926,0.6475376486778259,0.2716543972492218,0.7303646802902222,0.2419726401567459,0.8648893237113953,0.131149560213089,0.5145125389099121,0.408808022737503,0.3873516917228699,0.5346875190734863,0.2815893888473511,0.6101832389831543,0.6453406810760498,0.2906354367733001,0.2013544142246246,0.6514180898666382,0.7104007005691528,0.239609807729721
1525,1525,train,23896,0.3411980271339416,0.5557225346565247,0.3632526099681854,0.5427223443984985,0.5058863162994385,0.3955253362655639,0.6177071928977966,0.2945107817649841,0.7165169715881348,0.2502388060092926,0.8677338361740112,0.1276781260967254,0.4854402840137481,0.4325644969940185,0.37474524974823,0.5483830571174622,0.2678206264972687,0.6189761161804199,0.6196296215057373,0.3148235976696014,0.2058855593204498,0.6440788507461548,0.7302724719047546,0.229238674044609
1526,1526,test,23715,0.2888222932815552,0.5901411175727844,0.3200184106826782,0.5689869523048401,0.3922930657863617,0.4756864011287689,0.5527609586715698,0.3350757360458374,0.7132388949394226,0.2667048573493957,0.8558268547058105,0.1240492612123489,0.4023953974246979,0.4910024404525757,0.317539632320404,0.587407648563385,0.2346560359001159,0.633105456829071,0.5549020767211914,0.3774788379669189,0.2226742208003997,0.6283175945281982,0.7624220848083496,0.2120540142059326
1527,1527,train,23078,0.6145499348640442,0.3081700801849365,0.5303112864494324,0.3892147541046142,0.8514983057975769,0.1310349404811859,0.8580834269523621,0.1235756799578666,0.8542819619178772,0.1282327473163604,0.9151185154914856,0.0936428681015968,0.7670593857765198,0.1748058944940567,0.7128057479858398,0.2079087644815445,0.4946247339248657,0.4439918398857116,0.8689247369766235,0.1227991729974746,0.1561769396066665,0.6939943432807922,0.5394636988639832,0.3176047801971435
1528,1528,train,23923,0.3065037429332733,0.5833529829978943,0.3348245918750763,0.5645511746406555,0.4151876866817474,0.4692201018333435,0.5733773708343506,0.3428009450435638,0.7171404957771301,0.2682525515556335,0.8583737015724182,0.1255945712327957,0.4290251135826111,0.4788357019424438,0.3349805772304535,0.5861939787864685,0.2493965029716491,0.6359328031539917,0.564212441444397,0.3843258321285248,0.2287399172782898,0.6255559325218201,0.7565944194793701,0.207332044839859
1529,1529,train,24701,0.6777639389038086,0.2791200280189514,0.5603784918785095,0.3801645934581756,0.8943653106689453,0.115915909409523,0.8967331647872925,0.1109763011336326,0.8877686858177185,0.1173681244254112,0.9294252991676332,0.0863193720579147,0.8291893005371094,0.1567367166280746,0.7797330021858215,0.1812025755643844,0.526375949382782,0.4340808391571045,0.9010045528411864,0.1125312373042106,0.1545551419258117,0.6932786703109741,0.534333348274231,0.3210694193840027
1530,1530,train,24505,0.3569101393222809,0.5186067223548889,0.3707640171051025,0.5182276368141174,0.5665504932403564,0.3014011979103088,0.6359586119651794,0.2440936118364334,0.7173193097114563,0.2276485562324524,0.8687846064567566,0.1298477798700332,0.5062649250030518,0.3632242381572723,0.3920768499374389,0.4943834841251373,0.2866967916488647,0.5849443078041077,0.6434813141822815,0.2615323066711426,0.1893554031848907,0.6631901264190674,0.6752431392669678,0.2564562261104584
1531,1531,train,24571,0.4160375297069549,0.4883674681186676,0.4138455986976623,0.4963791370391845,0.6900852918624878,0.2618030607700348,0.7417140007019043,0.229041188955307,0.7722338438034058,0.231166809797287,0.8801746964454651,0.1295754164457321,0.6046566963195801,0.3462831377983093,0.4632329046726227,0.4563671052455902,0.327735424041748,0.5627961754798889,0.7333068251609802,0.246195837855339,0.1739906668663025,0.6791734099388123,0.6297562122344971,0.2772021889686584
1532,1532,train,23299,0.3659105002880096,0.5106849074363708,0.3734452128410339,0.5127192139625549,0.5881417989730835,0.295850396156311,0.6544942259788513,0.2424057424068451,0.7330203652381897,0.2263453900814056,0.8677490949630737,0.1324244737625122,0.5258376598358154,0.3627363741397857,0.4107372164726257,0.4839813113212585,0.2936344742774963,0.5739946365356445,0.6612224578857422,0.2556535303592682,0.1869862824678421,0.6625216603279114,0.6626564264297485,0.2562155127525329
1533,1533,train,22988,0.5825185179710388,0.3601877987384796,0.5093492865562439,0.4194466769695282,0.8587647080421448,0.1524209529161453,0.8686153888702393,0.1425370424985885,0.8617290258407593,0.1502160131931305,0.9155538082122804,0.1043067798018455,0.7662817239761353,0.2119182348251342,0.689105212688446,0.2588761746883392,0.459520936012268,0.4713899195194244,0.868655800819397,0.1459140628576278,0.1516887545585632,0.7001485824584961,0.5401105880737305,0.3161685168743133
1534,1534,train,23099,0.5941608548164368,0.3487880527973175,0.5160132646560669,0.4107419848442077,0.8505082726478577,0.1378593891859054,0.8568124175071716,0.1307659596204757,0.8552677631378174,0.1376380324363708,0.905140221118927,0.1029399409890174,0.7763317227363586,0.187890276312828,0.7013061046600342,0.2388820797204971,0.4601438343524933,0.4670599102973938,0.8669636249542236,0.1314659118652343,0.1524842977523803,0.6942582130432129,0.5404165387153625,0.3172626197338104
1535,1535,train,24426,0.5316694378852844,0.4042651951313019,0.4843042194843292,0.4379841387271881,0.8063293695449829,0.179471954703331,0.8277049660682678,0.1667462140321731,0.825140118598938,0.1784122735261917,0.8993304371833801,0.1160355061292648,0.7094163298606873,0.2493610382080078,0.6073420643806458,0.3267540633678436,0.4229128658771515,0.4986584484577179,0.8185049295425415,0.1774606555700302,0.1520798057317733,0.694121778011322,0.555587649345398,0.3065418303012848
1536,1536,train,24618,0.2764820158481598,0.6043870449066162,0.2759685218334198,0.6173433065414429,0.3127276003360748,0.5356181263923645,0.4204021692276001,0.4334236085414886,0.6673014760017395,0.2925595641136169,0.8382253646850586,0.1320595294237136,0.3299852013587951,0.5472027063369751,0.2802094221115112,0.6261295676231384,0.2341726571321487,0.6672652959823608,0.3622912168502807,0.5213799476623535,0.2779330313205719,0.57343590259552,0.8109536170959473,0.2028031945228576
1537,1537,test,23560,0.3863668739795685,0.5182793736457825,0.3993275463581085,0.5150436758995056,0.6158159375190735,0.2986751496791839,0.6747442483901978,0.2426314055919647,0.7331422567367554,0.2329813241958618,0.8681246638298035,0.1325839161872863,0.5463452935218811,0.3732172846794128,0.4261530041694641,0.4972360134124756,0.313852459192276,0.5865508913993835,0.6732586622238159,0.2635604441165924,0.1857496052980423,0.6665815114974976,0.6644263863563538,0.2621113955974579
1538,1538,train,23146,0.2580178081989288,0.6183011531829834,0.2892991602420807,0.6013598442077637,0.3098417818546295,0.5423094630241394,0.4569777548313141,0.4071964919567108,0.6735061407089233,0.2751595377922058,0.840012788772583,0.1276824623346328,0.3314527869224548,0.5502626895904541,0.2774986624717712,0.627403199672699,0.2142324000597,0.668612003326416,0.408607006072998,0.4898013472557068,0.2506668865680694,0.6011167168617249,0.793519914150238,0.1955816596746444
1539,1539,train,23433,0.5008512139320374,0.4014588594436645,0.4707821905612945,0.4392672777175903,0.768464207649231,0.1715807467699051,0.789066731929779,0.1585063189268112,0.7960525155067444,0.1664043962955474,0.8896670341491699,0.1116825640201568,0.6638436913490295,0.2389070689678192,0.5679576396942139,0.3316066265106201,0.408444881439209,0.5017459392547607,0.7928594946861267,0.1678898632526397,0.1565526574850082,0.6966409683227539,0.5616853833198547,0.3018916547298431
1540,1540,train,24539,0.2494264841079712,0.6308060884475708,0.2744784355163574,0.6165676712989807,0.2975700795650482,0.5667688250541687,0.4371733367443084,0.4273480772972107,0.6786566972732544,0.2871573567390442,0.8425053954124451,0.1266456544399261,0.3203134834766388,0.5643256306648254,0.2705954313278198,0.6373952627182007,0.206641286611557,0.6806989312171936,0.386412113904953,0.5163500308990479,0.2577081620693207,0.5894593596458435,0.8013882637023926,0.1933819502592086
1541,1541,train,23916,0.2614038288593292,0.6281166076660156,0.2690634131431579,0.6413620710372925,0.2932446599006653,0.5885533690452576,0.3707441985607147,0.4994874000549316,0.6401657462120056,0.3189510703086853,0.7916901707649231,0.17173832654953,0.3073345422744751,0.5924001932144165,0.2743534743785858,0.6545225977897644,0.2343423813581466,0.6847613453865051,0.3238724172115326,0.5867530107498169,0.285820335149765,0.5784609913825989,0.791205644607544,0.2284861654043197
1542,1542,train,23003,0.4658190310001373,0.4435392916202545,0.4452867805957794,0.4633290767669678,0.747310221195221,0.201029285788536,0.7865551114082336,0.1782747656106948,0.7956315279006958,0.1873681098222732,0.8893340826034546,0.1188576519489288,0.6400545239448547,0.2844046950340271,0.5196200609207153,0.3929709494113922,0.370806336402893,0.5267776250839233,0.7721840739250183,0.1962730139493942,0.1614429652690887,0.6848574876785278,0.5893006920814514,0.2919627130031585
1543,1543,test,23718,0.2923202216625213,0.5909720063209534,0.3260949552059173,0.5700458884239197,0.4190170764923095,0.4512688517570495,0.5648743510246277,0.3232726752758026,0.6952221989631653,0.2596251368522644,0.8573993444442749,0.1298571676015854,0.4236921370029449,0.4788804948329925,0.322620689868927,0.5954519510269165,0.2398407608270645,0.6377431154251099,0.5641257166862488,0.3578999936580658,0.2142504602670669,0.634726345539093,0.7460721731185913,0.2176473140716552
1544,1544,train,23372,0.3867546021938324,0.500156044960022,0.4024246335029602,0.4898468554019928,0.6472289562225342,0.2829941511154175,0.7079121470451355,0.2436180114746093,0.7923362255096436,0.2316619008779525,0.8767617344856262,0.1311103701591491,0.5448691248893738,0.3783757984638214,0.4311212003231048,0.4704848825931549,0.3168881237506866,0.5489313006401062,0.7338979840278625,0.2553652822971344,0.1859658658504486,0.6604976654052734,0.6654812097549438,0.2641515433788299
1545,1545,train,24238,0.7674412131309509,0.2085264772176742,0.6172831654548645,0.3462788462638855,0.9201878309249878,0.1108525171875953,0.9220073223114014,0.1085135489702224,0.916658103466034,0.1132969409227371,0.9427633881568908,0.0828675106167793,0.8796736001968384,0.1435755789279937,0.853015661239624,0.1468226164579391,0.5842244625091553,0.3960146009922027,0.919464945793152,0.1092980429530143,0.1646055728197097,0.6883441209793091,0.5278943181037903,0.3267724812030792
1546,1546,train,23669,0.6899409294128418,0.2678249478340149,0.5586110353469849,0.3777901530265808,0.9039762020111084,0.11710075289011,0.9086521863937378,0.1126231476664543,0.901445746421814,0.1186646074056625,0.9328967928886414,0.0875926092267036,0.8464347124099731,0.1548363417387008,0.7994073033332825,0.1726254522800445,0.5340377688407898,0.4279006421566009,0.9076526165008544,0.113670028746128,0.1546022742986679,0.6941754817962646,0.5279971361160278,0.3231814801692962
1547,1547,train,24142,0.4527232050895691,0.4566873610019684,0.4400329291820526,0.469089537858963,0.72384113073349,0.2153828293085098,0.7624183297157288,0.1885219365358352,0.7893269062042236,0.1960878223180771,0.8859030604362488,0.1204112023115158,0.6266517043113708,0.307195246219635,0.5034950971603394,0.4148114621639251,0.3624241352081299,0.5333110690116882,0.7533847689628601,0.207188069820404,0.1603724956512451,0.6878816485404968,0.5984304547309875,0.2877950966358185
1548,1548,test,24110,0.8265444040298462,0.1589491665363311,0.6638227105140686,0.308163583278656,0.9321449995040894,0.1010910123586654,0.9317843914031982,0.1012226715683937,0.9293583631515504,0.1040698513388633,0.9496860504150392,0.076749563217163,0.9059327244758606,0.1221678555011749,0.8927410244941711,0.1166167929768562,0.6300831437110901,0.364589512348175,0.9303666353225708,0.1020051166415214,0.1789601445198059,0.6785329580307007,0.5318316221237183,0.3217827081680298
1549,1549,train,23088,0.7009497880935669,0.2660208940505981,0.5694569945335388,0.3777838349342346,0.91204172372818,0.1231219694018364,0.9151480793952942,0.1196457669138908,0.9098342657089232,0.1259945631027221,0.9393704533576964,0.0895290449261665,0.8545283079147339,0.1687244474887848,0.807772159576416,0.1790755540132522,0.5385855436325073,0.424327403306961,0.9148849248886108,0.1187946498394012,0.1554249972105026,0.6948217749595642,0.5338033437728882,0.3252574801445007
1550,1550,train,23335,0.4194172620773315,0.4690442085266113,0.4172993302345276,0.4805923104286194,0.6685915589332581,0.2341861277818679,0.7029931545257568,0.2056680023670196,0.750673234462738,0.2049665004014969,0.8664822578430176,0.1296192109584808,0.5953686237335205,0.3077836036682129,0.4786470830440521,0.423807829618454,0.340130865573883,0.5375273823738098,0.7117835283279419,0.220367819070816,0.1726889312267303,0.6763017177581787,0.6167812943458557,0.2786316871643066
1551,1551,test,24642,0.7731522917747498,0.1994736492633819,0.6256802678108215,0.3417612016201019,0.9201540946960448,0.1092441603541374,0.9211140871047974,0.1076143532991409,0.9190289974212646,0.109251394867897,0.944455862045288,0.0805366262793541,0.8836719989776611,0.1375982463359832,0.8594309091567993,0.1392600387334823,0.5831454396247864,0.4016455709934234,0.9212671518325806,0.1060884594917297,0.1698142439126968,0.6877158284187317,0.5303273797035217,0.3254354000091553
1552,1552,test,24657,0.8289660215377808,0.1629114598035812,0.6670678853988647,0.3073065280914306,0.9329270124435424,0.1009411364793777,0.932606279850006,0.1005589365959167,0.9301902055740356,0.1031147986650466,0.9500765800476074,0.0766195952892303,0.9073957800865172,0.1217911466956138,0.8949117064476013,0.1172362715005874,0.6290346384048462,0.3651347756385803,0.9310683012008668,0.1011871099472045,0.1783050298690796,0.6759523749351501,0.5314426422119141,0.3222546279430389
1553,1553,test,24028,0.3311407268047333,0.5533475279808044,0.3558516800403595,0.5401343703269958,0.5270872712135315,0.3730971813201904,0.6309671998023987,0.2835696339607239,0.7308829426765442,0.2507834732532501,0.8629693984985352,0.1328759342432022,0.4889865815639496,0.4298874139785766,0.3672029972076416,0.5425413846969604,0.2705394625663757,0.5905699729919434,0.6430653929710388,0.3044533133506775,0.196520134806633,0.6500016450881958,0.6908836364746094,0.2449326962232589
1554,1554,train,23427,0.2708004117012024,0.6075104475021362,0.2760965824127197,0.6309205293655396,0.3050179183483124,0.5744727849960327,0.4084074795246124,0.4611633718013763,0.6599290370941162,0.3045089542865753,0.8173746466636658,0.1445850729942321,0.3195184469223022,0.5813509225845337,0.278862863779068,0.6404145956039429,0.2394481748342514,0.6841893792152405,0.3525824248790741,0.5601840615272522,0.2804603576660156,0.574726939201355,0.8101086616516113,0.21261066198349
1555,1555,train,23428,0.5040607452392578,0.4244862794876098,0.4736281931400299,0.4497077763080597,0.7917038202285767,0.1707652360200882,0.8118618726730347,0.1601269245147705,0.8273937702178955,0.1690777093172073,0.8972192406654358,0.1157975494861602,0.6945593953132629,0.2507295608520508,0.5950421094894409,0.3284451961517334,0.4079241752624511,0.5052869915962219,0.8163920640945435,0.1663055717945099,0.1528792530298233,0.695570170879364,0.5581851601600647,0.307850182056427
1556,1556,train,23151,0.2545548379421234,0.6235533952713013,0.2799956202507019,0.6143093109130859,0.3039692938327789,0.5562953352928162,0.4520102143287658,0.4185251593589782,0.6783398389816284,0.2791301906108856,0.8343087434768677,0.1293146014213562,0.3289699256420135,0.5599077939987183,0.2727780342102051,0.6389655470848083,0.214518740773201,0.6805341243743896,0.3866438269615173,0.5106770396232605,0.25819993019104,0.5923938751220703,0.8067429065704346,0.1964749246835708
1557,1557,test,24547,0.2510665655136108,0.6217444539070129,0.259950578212738,0.6245299577713013,0.2902763783931732,0.5662252902984619,0.4084126651287079,0.4451380968093872,0.6624370217323303,0.2961987555027008,0.823502779006958,0.1351677328348159,0.3040434718132019,0.577321469783783,0.2601367235183716,0.6400629878044128,0.2038388103246688,0.6868616938591003,0.3527624905109405,0.5439894795417786,0.2698886096477508,0.5786945223808289,0.8056128621101379,0.1971490383148193
1558,1558,train,24453,0.7635829448699951,0.2152621150016784,0.6085343956947327,0.3528459072113037,0.9238418936729432,0.1115053445100784,0.9258987903594972,0.109050802886486,0.921384334564209,0.1148305386304855,0.946420967578888,0.0836535394191742,0.8829379677772522,0.1449107676744461,0.8529775738716125,0.1478913873434066,0.5826616883277893,0.3978219926357269,0.92511385679245,0.109554223716259,0.1665812283754348,0.688218355178833,0.5343778729438782,0.3252567946910858
1559,1559,train,24181,0.6850379705429077,0.2830084264278412,0.5675724148750305,0.382710337638855,0.8986364006996155,0.1316582858562469,0.9046284556388856,0.1261552721261978,0.8970473408699036,0.1352995038032531,0.9352765083312988,0.092985488474369,0.838607132434845,0.1786068677902221,0.784216582775116,0.1988049298524856,0.5333226919174194,0.4305077195167541,0.9046537280082704,0.1260021775960922,0.1568724960088729,0.6926442384719849,0.5391075611114502,0.3225990831851959
1560,1560,train,23322,0.6938825845718384,0.2669341266155243,0.5769386291503906,0.3718706965446472,0.902044415473938,0.1280752122402191,0.9040294885635376,0.1242599487304687,0.9022340774536132,0.1284862607717514,0.9309980273246764,0.0960352346301078,0.8413366079330444,0.1714955568313598,0.8020553588867188,0.1844451129436493,0.5489867925643921,0.4194376170635223,0.9091468453407288,0.1220789924263954,0.1592492759227752,0.695582389831543,0.5231468677520752,0.3285030126571655
1561,1561,train,23172,0.254528135061264,0.616837203502655,0.2693934142589569,0.6150695085525513,0.3061127662658691,0.5487913489341736,0.4309931695461273,0.4300960600376129,0.6705424189567566,0.2895779609680176,0.8398441076278687,0.1233394518494606,0.3295077979564667,0.5512987971305847,0.2729347944259643,0.6294728517532349,0.20943683385849,0.6764666438102722,0.3745351135730743,0.5122213363647461,0.2728020846843719,0.5778186917304993,0.8111545443534851,0.1936138570308685
1562,1562,train,23509,0.2527256608009338,0.6271714568138123,0.2793225049972534,0.6124705076217651,0.3042474091053009,0.558367908000946,0.4458520710468292,0.417574942111969,0.6777521967887878,0.2868121564388275,0.8349155187606812,0.1287841349840164,0.3286134302616119,0.5546445846557617,0.2744573950767517,0.6334911584854126,0.2106848210096359,0.6802021265029907,0.3974723517894745,0.501055896282196,0.2584841847419739,0.5943975448608398,0.8013359308242798,0.1933604627847671
1563,1563,train,23853,0.4514480829238891,0.4471343159675598,0.4316032528877258,0.4630596041679382,0.7159817218780518,0.2032676786184311,0.7450687289237976,0.1846912652254104,0.7684594392776489,0.1911792755126953,0.8750720620155334,0.1252210438251495,0.6214308738708496,0.2776882648468017,0.5185597538948059,0.3788212835788727,0.3653793334960937,0.5213894844055176,0.7496620416641235,0.1975707411766052,0.1611510515213012,0.6882835626602173,0.5835984349250793,0.293060153722763
1564,1564,test,24056,0.3636244535446167,0.5279049873352051,0.3778502345085144,0.5222251415252686,0.6042100787162781,0.3263193666934967,0.6925638914108276,0.2634034156799316,0.7691552042961121,0.2474865466356277,0.8737450838088989,0.1312272846698761,0.5382237434387207,0.3969612121582031,0.3987376987934112,0.5116099715232849,0.2922985851764679,0.5797894597053528,0.6933934092521667,0.2812167406082153,0.1869701296091079,0.6597274541854858,0.6811501383781433,0.2522660791873932
1565,1565,train,23764,0.6860461235046387,0.278872936964035,0.5751993060112,0.3791171312332153,0.899796724319458,0.1263546794652938,0.9024133682250975,0.1208070963621139,0.9032758474349976,0.1241958066821098,0.9309240579605104,0.0945495292544364,0.8453819155693054,0.1656571179628372,0.8085156083106995,0.182517796754837,0.5296747088432312,0.4308550357818603,0.9070464968681335,0.1197903379797935,0.1578801274299621,0.6955797076225281,0.5268900394439697,0.3263318538665771
1566,1566,test,24088,0.3987505435943603,0.5085911750793457,0.404895931482315,0.5054355263710022,0.6369147300720215,0.263593465089798,0.6854263544082642,0.2181837409734726,0.7532764077186584,0.2147668600082397,0.8686367273330688,0.1268240809440612,0.5614091753959656,0.3517171740531921,0.4357116222381592,0.4781493842601776,0.3215202689170837,0.5780636072158813,0.6874639391899109,0.2408552318811416,0.1786755919456482,0.6786758303642273,0.6472288966178894,0.2674587368965149
1567,1567,train,23142,0.5460733771324158,0.38725346326828,0.4831317067146301,0.4351161122322082,0.8117614388465881,0.1673803627490997,0.8340080976486206,0.1534267961978912,0.8351593613624573,0.1611197292804718,0.9039239883422852,0.1107789129018783,0.7210289835929871,0.2299871891736984,0.6252264380455017,0.3034189641475677,0.4216888844966888,0.4938199818134308,0.8317399621009827,0.1608718186616897,0.1532723605632782,0.6968897581100464,0.5535807013511658,0.3089852631092071
1568,1568,train,24714,0.2546375691890716,0.6223256587982178,0.2808046340942383,0.6039938926696777,0.3065550029277801,0.5504535436630249,0.4391179978847503,0.4133520126342773,0.6713461875915527,0.2822434306144714,0.8396856784820557,0.1248380690813064,0.3272226452827453,0.5480977296829224,0.2781544029712677,0.6253635287284851,0.2090938538312912,0.6688823699951172,0.4043126702308655,0.492963045835495,0.2535974979400635,0.5947120785713196,0.7932880520820618,0.1947350203990936
1569,1569,test,24176,0.5808234810829163,0.346697598695755,0.5080500245094299,0.4111304879188537,0.8532323837280273,0.1370300352573394,0.8591782450675964,0.1297476589679718,0.8518953323364258,0.1375990509986877,0.9110187888145448,0.0986417606472969,0.7639595866203308,0.1905757188796997,0.694273054599762,0.2373694032430648,0.4614450633525848,0.4678615629673004,0.8659297823905945,0.1311595141887664,0.148980438709259,0.7019748091697693,0.5388078093528748,0.3172850608825683
1570,1570,train,23863,0.3212380707263946,0.5519722104072571,0.3491495251655578,0.5402037501335144,0.49144446849823,0.3792351484298706,0.5989110469818115,0.2882310450077057,0.717345118522644,0.2475898116827011,0.865793764591217,0.1269459426403045,0.4635699689388275,0.4191714227199554,0.3543013632297516,0.5396592617034912,0.2616059482097626,0.602267861366272,0.6203948259353638,0.3093323111534118,0.2024465352296829,0.6466078758239746,0.7135605812072754,0.2349119186401367
1571,1571,test,23515,0.2924399673938751,0.5973901748657227,0.3254710733890533,0.5789525508880615,0.3886661529541015,0.4734006822109222,0.539600133895874,0.3379295766353607,0.6999281644821167,0.2670761346817016,0.8612446188926697,0.1240798532962799,0.4034104347229004,0.4840655326843261,0.3188688158988952,0.5990501046180725,0.2411665171384811,0.6499006152153015,0.5361544489860535,0.3791106939315796,0.2242840826511383,0.6362547278404236,0.7583858966827393,0.2129699140787124
1572,1572,train,23925,0.3092527687549591,0.5813038945198059,0.3319107592105865,0.5645086169242859,0.438545823097229,0.4458983540534973,0.5792689323425293,0.3263965845108032,0.7099589109420776,0.2629165053367615,0.8585412502288818,0.1304780095815658,0.4437559843063354,0.4676624238491058,0.3376466035842895,0.5792304873466492,0.2484978288412094,0.6312010884284973,0.5887664556503296,0.3542010486125946,0.2114441096782684,0.6427543759346008,0.7434476017951965,0.221556156873703
1573,1573,test,24580,0.5455864667892456,0.3741812705993652,0.490349680185318,0.4229573607444763,0.8202102780342102,0.1566002368927002,0.8309863805770874,0.1461660712957382,0.8291971683502197,0.1542752981185913,0.9034134149551392,0.1060725674033165,0.7231186628341675,0.2204219996929168,0.6352676749229431,0.289864182472229,0.4354147911071777,0.4823619425296783,0.8331642746925354,0.1506935209035873,0.1552970558404922,0.6951662302017212,0.551325798034668,0.3095124363899231
1574,1574,train,24109,0.5338623523712158,0.3992283642292022,0.4846310019493103,0.4346513748168945,0.8026564121246338,0.1748899221420288,0.8259040713310242,0.1634708046913147,0.8286254405975342,0.1730317324399948,0.905144214630127,0.1111935079097747,0.7078580856323242,0.241757720708847,0.6065714359283447,0.3199077844619751,0.4283362030982971,0.4977441728115082,0.82427978515625,0.1695263683795929,0.1547737568616867,0.6982721090316772,0.5591191053390503,0.3059026598930359
1575,1575,train,22963,0.3401889503002167,0.5464144945144653,0.3569133877754211,0.5384892821311951,0.5290778279304504,0.3450362682342529,0.6188050508499146,0.2674818038940429,0.7209693193435669,0.235451191663742,0.8595467209815979,0.1325347125530243,0.4886869192123413,0.4016317725181579,0.3765518963336944,0.5276169180870056,0.2716386616230011,0.5962775349617004,0.6329017281532288,0.2818880975246429,0.1971883326768875,0.6525685787200928,0.6862956285476685,0.2489432543516159
1576,1576,test,24447,0.3782166838645935,0.4982169270515442,0.3893392980098724,0.5067301392555237,0.5950655341148376,0.2958205640316009,0.6681121587753296,0.2387002855539322,0.7335427403450012,0.2255719155073166,0.8700559735298157,0.1266642361879348,0.5493484735488892,0.355140745639801,0.4232683777809143,0.4800119400024414,0.3009998798370361,0.5732541680335999,0.669733464717865,0.2557463347911834,0.1867754757404327,0.6626445055007935,0.6796676516532898,0.252202957868576
1577,1577,train,23577,0.2881292700767517,0.599743664264679,0.3164151012897491,0.5742141604423523,0.3931083381175995,0.4938002228736877,0.5620836019515991,0.3594456613063812,0.6995752453804016,0.2782443761825561,0.8511843085289001,0.1292385458946228,0.4098835587501526,0.5104576945304871,0.3187797367572784,0.5997071862220764,0.2330481112003326,0.6395004987716675,0.5538458824157715,0.3972952663898468,0.2274152040481567,0.6205512285232544,0.757297694683075,0.2148254513740539
1578,1578,train,24408,0.5218490362167358,0.401390016078949,0.4728787541389465,0.4357686638832092,0.7999663352966309,0.1608625501394271,0.808286726474762,0.1527399122714996,0.8116694092750549,0.1607705801725387,0.897391140460968,0.107146069407463,0.7063419818878174,0.2299363613128662,0.6061705946922302,0.3113682568073272,0.4115819334983825,0.4932608902454376,0.8133849501609802,0.1589084565639495,0.1544341593980789,0.6932015419006348,0.5541054010391235,0.3048692047595978
1579,1579,test,23635,0.2486272305250167,0.6311511397361755,0.2664812207221985,0.6302101612091064,0.2977647483348846,0.5716158747673035,0.4136694371700287,0.453753799200058,0.6627979278564453,0.2952698767185211,0.8343075513839722,0.1293218582868576,0.3192723989486694,0.5703418850898743,0.2643812298774719,0.6500762104988098,0.2051269263029098,0.6925297379493713,0.357439249753952,0.5386366248130798,0.2723985016345978,0.58267742395401,0.8164815306663513,0.1946707218885421
1580,1580,train,23348,0.3220293521881103,0.5662134885787964,0.3475866615772247,0.5492686629295349,0.4811587333679199,0.4353208243846893,0.6314438581466675,0.3202633857727051,0.7468822002410889,0.2630235552787781,0.8577173948287964,0.1285777688026428,0.4725383222103119,0.4661891758441925,0.3559046983718872,0.5544683337211609,0.2598952949047088,0.6037871837615967,0.6343355178833008,0.3473929166793823,0.2179602682590484,0.6257336735725403,0.7380080819129944,0.2234669327735901
1581,1581,test,24200,0.2745595276355743,0.5967097878456116,0.3044520914554596,0.5746912956237793,0.3569851219654083,0.5013729929924011,0.5262116193771362,0.3598287403583526,0.70351642370224,0.27203568816185,0.8485516905784607,0.1282600164413452,0.3766758739948272,0.5089128017425537,0.3017293512821197,0.595367431640625,0.2245687544345855,0.6313766837120056,0.520102322101593,0.4035709202289581,0.2318199276924133,0.6147438883781433,0.7646505236625671,0.2093246430158615
1582,1582,train,24240,0.6581963896751404,0.2870130836963653,0.5529504418373108,0.3889431059360504,0.8829893469810486,0.1244219690561294,0.8906543254852295,0.1183762922883033,0.8855028748512268,0.1218797415494918,0.9268916845321656,0.0909420922398567,0.8275011777877808,0.1647666692733764,0.768704354763031,0.1957624405622482,0.50340735912323,0.4511187970638275,0.8919157981872559,0.1177588626742363,0.1544025093317031,0.6955339312553406,0.5312069058418274,0.3203849494457245
1583,1583,train,23915,0.3304644823074341,0.5497528314590454,0.3483403921127319,0.5363565683364868,0.5113270878791809,0.3737733066082001,0.6354987025260925,0.2740097045898437,0.7259578108787537,0.2422168552875518,0.8689480423927307,0.1276372969150543,0.4820969402790069,0.4223731160163879,0.3545372486114502,0.5376049876213074,0.2587395906448364,0.5998968482017517,0.6434004902839661,0.2909574508666992,0.1976098716259002,0.6459767818450928,0.7054981589317322,0.241209402680397
1584,1584,train,23610,0.2536078989505768,0.6214395761489868,0.2822994291782379,0.6108180284500122,0.3112279772758484,0.5471640825271606,0.4481565058231354,0.4157364964485168,0.683948814868927,0.2797295749187469,0.8397356271743774,0.1229494363069534,0.3366086483001709,0.5485618710517883,0.2754273414611816,0.6299563646316528,0.2103751450777053,0.6731774806976318,0.3942699730396271,0.5016298294067383,0.2594231069087982,0.5886836051940918,0.7901844382286072,0.1935802102088928
1585,1585,test,24202,0.4608711004257202,0.4478353857994079,0.4399880468845367,0.4618016183376312,0.7397557497024536,0.1993866264820099,0.7745389342308044,0.1806007027626037,0.8005636930465698,0.1869865506887436,0.8909531235694885,0.1193716526031494,0.634551465511322,0.2779370844364166,0.5294614434242249,0.3822576403617859,0.3692445755004883,0.5207139849662781,0.7785868048667908,0.1943063586950302,0.1603532880544662,0.6912732720375061,0.5843966007232666,0.2925756573677063
1586,1586,train,24064,0.2927427589893341,0.5887922048568726,0.3235528171062469,0.5718134641647339,0.406184583902359,0.4786774516105652,0.57075434923172,0.3412598073482513,0.7170310616493225,0.2662903070449829,0.8617112040519714,0.1212674081325531,0.4254819750785827,0.4866154491901397,0.3252214193344116,0.5962666869163513,0.2349881827831268,0.640200138092041,0.5565946102142334,0.3937872052192688,0.2302806228399276,0.6191102266311646,0.7693199515342712,0.2102057784795761
1587,1587,train,24567,0.5047107934951782,0.4184332191944122,0.4617906510829925,0.450733870267868,0.7908645272254944,0.1796962916851043,0.8187134265899658,0.1620104163885116,0.8174957036972046,0.1746685057878494,0.8934199810028076,0.1176446303725242,0.6944859623908997,0.255533754825592,0.5707001686096191,0.3506347239017486,0.3938828408718109,0.5075749754905701,0.8070694208145142,0.1761677861213684,0.150783509016037,0.6962394118309021,0.5634596943855286,0.3035792708396911
1588,1588,train,23473,0.2684374749660492,0.6186506152153015,0.2992449998855591,0.599894106388092,0.3243609666824341,0.5404526591300964,0.4707595109939575,0.4090655446052551,0.6835715174674988,0.2781325280666351,0.8443806767463684,0.1270563006401062,0.3469817340373993,0.5445078015327454,0.2925523221492767,0.6255795955657959,0.2237647622823715,0.6721569895744324,0.4334710538387298,0.4727333486080169,0.2494172602891922,0.6051846146583557,0.7895723581314087,0.1944953054189682
1589,1589,train,24634,0.3203030228614807,0.5555840730667114,0.344605952501297,0.543654203414917,0.4661272168159485,0.3983120024204254,0.5878419280052185,0.2977294325828552,0.7116082906723022,0.2511239349842071,0.8621537685394287,0.1290373057126999,0.4588106572628021,0.4338006675243377,0.3506885766983032,0.5454233884811401,0.2558669745922088,0.6052716970443726,0.6025166511535645,0.3197955787181854,0.2084673196077346,0.6386626362800598,0.7241250276565552,0.2307699024677276
1590,1590,train,23930,0.7933576107025146,0.1896740496158599,0.6281107664108276,0.3395326733589172,0.93067467212677,0.1059605330228805,0.931085765361786,0.1047837659716606,0.9280361533164978,0.1098130792379379,0.9499603509902954,0.0803780183196067,0.8984974026679993,0.1334480196237564,0.8752675652503967,0.1328052729368209,0.6023465991020203,0.3871755301952362,0.9302009344100952,0.1052913442254066,0.168578565120697,0.6864206790924072,0.535031795501709,0.3238326013088226
1591,1591,train,23195,0.540151834487915,0.3882890045642853,0.4835770428180694,0.433362752199173,0.8241634964942932,0.1541527807712555,0.8320520520210266,0.1450045704841613,0.8278875350952148,0.1541077047586441,0.9038508534431458,0.1063773930072784,0.7278389930725098,0.217166393995285,0.6332562565803528,0.2924568653106689,0.4331492781639099,0.490068256855011,0.838225781917572,0.1512517035007476,0.1542833298444748,0.6971362829208374,0.5500836968421936,0.3075431585311889
1592,1592,train,24502,0.3862919509410858,0.5229301452636719,0.3980610370635986,0.5142679214477539,0.6052122712135315,0.2936279773712158,0.6547850966453552,0.2399467676877975,0.7298253178596497,0.2269471436738968,0.8685463070869446,0.1295585632324218,0.5520570874214172,0.366843432188034,0.4305130541324615,0.4869332313537597,0.313386857509613,0.586516261100769,0.664823055267334,0.2597191333770752,0.1804779767990112,0.6747961640357971,0.6545496582984924,0.2684002816677093
1593,1593,train,23521,0.2505781650543213,0.6313790082931519,0.2668180465698242,0.6299300193786621,0.2885837852954864,0.5705974102020264,0.4141115248203277,0.4433689415454864,0.6599053144454956,0.2939221262931824,0.8341906070709229,0.1302407532930374,0.3120883703231811,0.5720894932746887,0.2668575644493103,0.6442488431930542,0.2139423638582229,0.6869208812713623,0.3532381057739258,0.5291368961334229,0.2686943709850311,0.5875349640846252,0.8068375587463379,0.1981954127550125
1594,1594,train,23932,0.3672550618648529,0.5270559191703796,0.3799419105052948,0.5210179686546326,0.5915029644966125,0.3164081871509552,0.6593397259712219,0.2551715970039367,0.735633134841919,0.2360520660877227,0.8675282597541809,0.131482645869255,0.5360377430915833,0.3860171437263489,0.4058961570262909,0.5063236951828003,0.2974360883235931,0.585888147354126,0.6641251444816589,0.2721838057041168,0.1898343116044998,0.6574568748474121,0.6778974533081055,0.251486986875534
1595,1595,train,23556,0.3020137250423431,0.5843623280525208,0.3276109993457794,0.5639209747314453,0.4067350924015045,0.4573803544044494,0.560739278793335,0.3247141540050506,0.7067365646362305,0.2660669386386871,0.851085364818573,0.1299558281898498,0.4155178070068359,0.474396288394928,0.3286304473876953,0.5749255418777466,0.2429401278495788,0.6272813677787781,0.5726656317710876,0.3539333939552307,0.2161925882101059,0.6340833306312561,0.7402829527854919,0.2212488055229187
1596,1596,test,23141,0.4064465463161468,0.4995574653148651,0.4091857671737671,0.4991934299468994,0.6843136548995972,0.2452663332223892,0.7183973789215088,0.2122196853160858,0.7679680585861206,0.2057727724313736,0.8479570150375366,0.1444658041000366,0.6280243992805481,0.3139833807945251,0.4655086696147918,0.4524801969528198,0.3253247141838074,0.5655863881111145,0.7258287668228149,0.2238212674856186,0.1707611978054046,0.6814367771148682,0.6292194724082947,0.2759720385074615
1597,1597,train,23705,0.3179380893707275,0.5727301239967346,0.3443410396575928,0.5491864085197449,0.4520565271377563,0.4489652514457702,0.5927804708480835,0.3303722441196441,0.7145141363143921,0.2676824629306793,0.8628522157669067,0.1275220662355423,0.4522578418254852,0.471678078174591,0.3520072102546692,0.5733463168144226,0.2596325278282165,0.6236324906349182,0.5916973948478699,0.3666639924049377,0.2225059121847152,0.6299880146980286,0.7496330142021179,0.2196327149868011
1598,1598,test,23966,0.2604768276214599,0.6193631887435913,0.2797432839870453,0.6159530878067017,0.305580586194992,0.5561424493789673,0.4486957788467407,0.4313924014568329,0.6799400448799133,0.293059229850769,0.8376206755638123,0.1289141029119491,0.3283428251743316,0.5528905987739563,0.2755632102489471,0.6384353041648865,0.2195152342319488,0.6804742217063904,0.3815979063510895,0.5136720538139343,0.2642312347888946,0.5865293741226196,0.8058108687400818,0.1962391436100006
1599,1599,train,23422,0.513526976108551,0.3945877850055694,0.4696416556835174,0.4408144056797027,0.8042060136795044,0.1609884202480316,0.8163465261459351,0.1494732499122619,0.8180957436561584,0.1587832421064376,0.8972097635269165,0.1088192090392112,0.7041370272636414,0.2222230285406112,0.6044403314590454,0.3048817813396454,0.4103845059871673,0.5018608570098877,0.8206847906112671,0.1577592492103576,0.1528318375349044,0.6946768760681152,0.5503658652305603,0.3066210150718689
1600,1600,test,23415,0.3823091089725494,0.5192452669143677,0.391831636428833,0.5144184231758118,0.6026402711868286,0.3240397274494171,0.6760405898094177,0.2610353827476501,0.7395501732826233,0.2377209067344665,0.8774967193603516,0.1289768666028976,0.5542564988136292,0.3797235488891601,0.4238803088665008,0.4979045391082763,0.3093486726284027,0.5831015706062317,0.6746301651000977,0.2748990058898926,0.1846522688865661,0.6669304370880127,0.6720026731491089,0.2582400143146515
1601,1601,train,23954,0.288257896900177,0.6001293063163757,0.3184983432292938,0.5793846249580383,0.3714940547943115,0.4900588691234588,0.5309703946113586,0.3472294211387634,0.6958833336830139,0.2700544595718384,0.8482691049575806,0.1310673207044601,0.392589658498764,0.4940808713436126,0.3127129375934601,0.599079966545105,0.2334850579500198,0.6473643779754639,0.528874933719635,0.3893095552921295,0.2228433489799499,0.629714846611023,0.7571209669113159,0.2138304561376571
1602,1602,test,24315,0.5957168936729431,0.3536973595619201,0.5229212641716003,0.4109022617340088,0.8671326041221619,0.1463350057601928,0.8754321336746216,0.1373110860586166,0.8744671940803528,0.1428938657045364,0.9181941747665404,0.1014131754636764,0.7856134176254272,0.2011585980653762,0.7116377353668213,0.2450681179761886,0.4708565473556518,0.4682044386863708,0.8830969929695129,0.1379044204950332,0.1526491194963455,0.6962462067604065,0.5387164950370789,0.3184975683689117
1603,1603,test,24531,0.3954235315322876,0.5018890500068665,0.395784854888916,0.5036970973014832,0.6378173828125,0.2636792659759521,0.6884171366691589,0.2243644744157791,0.7406072020530701,0.2183074951171875,0.8645675182342529,0.132709801197052,0.5680486559867859,0.3483212292194366,0.4372990131378174,0.4693881273269653,0.3122663199901581,0.5674923062324524,0.6867048144340515,0.2397512048482895,0.1735093146562576,0.6752542853355408,0.6416786313056946,0.2708516716957092
1604,1604,test,24003,0.2748846709728241,0.608551025390625,0.2679357826709747,0.63283371925354,0.304962694644928,0.5427635908126831,0.4045478105545044,0.4523968398571014,0.6393762230873108,0.3070918023586273,0.8233166933059692,0.1390359997749328,0.3198952078819275,0.5625793933868408,0.2728261649608612,0.6386618614196777,0.2403814494609832,0.6756048202514648,0.3490546345710754,0.5325961709022522,0.2834708392620086,0.5710545182228088,0.808991551399231,0.2196617424488067
1605,1605,train,24325,0.3777171969413757,0.5011429786682129,0.3903636634349823,0.5029727220535278,0.6073912978172302,0.2710466980934143,0.6683626770973206,0.2239933013916015,0.7349359393119812,0.2207166403532028,0.8711429238319397,0.1293091624975204,0.5327336192131042,0.3498191833496094,0.4165565371513366,0.4680877327919006,0.3128955960273742,0.5663241147994995,0.6723455786705017,0.2361895143985748,0.1818920820951461,0.6652775406837463,0.646629273891449,0.2678802609443664
1606,1606,train,23663,0.2551347911357879,0.6258195638656616,0.2657317519187927,0.6230390667915344,0.3005542457103729,0.5594276189804077,0.4354919493198395,0.4372642338275909,0.676811933517456,0.2914848327636719,0.8405696153640747,0.1241728663444519,0.3328156471252441,0.5495193004608154,0.2706104815006256,0.6403110027313232,0.210509642958641,0.6838281750679016,0.3691566884517669,0.5275943279266357,0.2697413265705108,0.5827571749687195,0.8067610859870911,0.1946988701820373
1607,1607,train,24343,0.2508554458618164,0.628307580947876,0.2699633240699768,0.6235728859901428,0.2991549968719482,0.5606412291526794,0.4293472170829773,0.4316736459732055,0.6695163249969482,0.2844098210334778,0.8321080207824707,0.1300365924835205,0.317808985710144,0.561601459980011,0.2694969773292541,0.6380184292793274,0.2096990048885345,0.6797849535942078,0.3742587268352508,0.5181779861450195,0.2657209932804107,0.5756255388259888,0.8048326373100281,0.1931552588939666
1608,1608,test,24549,0.5688760280609131,0.3605757653713226,0.4994120895862579,0.4183102548122406,0.8522359728813171,0.1411896347999572,0.8580822944641113,0.1340667903423309,0.851976215839386,0.1423148214817047,0.9142181277275084,0.0988776087760925,0.754514753818512,0.203306570649147,0.6707468032836914,0.2584114372730255,0.455409973859787,0.4729067981243133,0.8626719117164612,0.1383729577064514,0.1536826640367508,0.6968493461608887,0.5414647459983826,0.3130984306335449
1609,1609,train,23239,0.3881585896015167,0.5117975473403931,0.393951952457428,0.5084429383277893,0.6725862622261047,0.3014692962169647,0.7591729164123535,0.2442877888679504,0.7914145588874817,0.2397589087486267,0.8876020312309265,0.1285522580146789,0.5985796451568604,0.370308518409729,0.4360999763011932,0.4818495810031891,0.3036952316761017,0.5636841654777527,0.7506679892539978,0.262506902217865,0.1755789518356323,0.6714504957199097,0.6601575613021851,0.2650302648544311
1610,1610,train,23234,0.4440352022647857,0.4610189199447632,0.4245901107788086,0.4786127805709839,0.7218109369277954,0.2150688171386718,0.7527623772621155,0.1922482550144195,0.7856090068817139,0.2013099491596222,0.8818067908287048,0.129165843129158,0.6283513903617859,0.2915032505989074,0.5042330622673035,0.4029444456100464,0.3457039296627044,0.5327010750770569,0.7499809861183167,0.2100446820259094,0.1603293865919113,0.6865453720092773,0.5935418009757996,0.2877649068832397
1611,1611,train,24655,0.5836357474327087,0.3322478830814361,0.5052688121795654,0.4117242693901062,0.8491003513336182,0.1335043311119079,0.8571153283119202,0.1256952136754989,0.8502137660980225,0.1328744739294052,0.9115013480186462,0.0973033532500267,0.7633264660835266,0.180933192372322,0.693169355392456,0.2244991213083267,0.4676486253738403,0.467421293258667,0.8632215261459351,0.1272928714752197,0.1511694639921188,0.6997944116592407,0.5345491170883179,0.3178668916225433
1612,1612,train,23453,0.3018922805786133,0.5603806376457214,0.3253834247589111,0.5539501309394836,0.4655645787715912,0.4017875790596008,0.5999758243560791,0.3006258904933929,0.7195537090301514,0.2572398781776428,0.8648178577423096,0.1235042735934257,0.4492293894290924,0.4384463429450989,0.3311592936515808,0.5629441142082214,0.2399734258651733,0.6140118837356567,0.6048484444618225,0.3353844881057739,0.2145639806985855,0.6323466300964355,0.7424420714378357,0.218090534210205
1613,1613,train,23111,0.3383208513259887,0.5398995280265808,0.3601478636264801,0.5340637564659119,0.5403452515602112,0.3332676887512207,0.6210435628890991,0.2682519853115082,0.7153366208076477,0.2447252571582794,0.8550299406051636,0.135319784283638,0.4932678043842315,0.3904169201850891,0.3781265318393707,0.5210220813751221,0.27997687458992,0.5980139970779419,0.6296378970146179,0.2863959372043609,0.1940780282020568,0.6593098640441895,0.6847054958343506,0.2502991259098053
1614,1614,train,23609,0.3570465743541717,0.508100152015686,0.3729563653469085,0.5101984739303589,0.5741853713989258,0.3051902055740356,0.6500946879386902,0.2460232079029083,0.7228882908821106,0.2288788557052612,0.8702423572540283,0.1295056343078613,0.5126206874847412,0.3705426156520843,0.3985363245010376,0.4849331378936767,0.2891974747180938,0.5764539241790771,0.6520357131958008,0.2655583322048187,0.1903761625289917,0.6560882329940796,0.6766660809516907,0.2528252601623535
1615,1615,train,23010,0.3616381287574768,0.5259242057800293,0.3751745223999023,0.5223349332809448,0.5811076760292053,0.3177812099456787,0.6616411209106445,0.2486994862556457,0.7388399243354797,0.2312203794717788,0.866943895816803,0.1315512210130691,0.5324409604072571,0.3765162825584411,0.4045890569686889,0.5017856955528259,0.2891103625297546,0.5818178057670593,0.6688874363899231,0.2661206424236297,0.1911987364292144,0.6599686741828918,0.6768960952758789,0.2530009746551513
1616,1616,train,24267,0.7046217322349548,0.2414853721857071,0.5852248668670654,0.3585935533046722,0.9055607914924622,0.11668461561203,0.9088447690010072,0.1139620542526245,0.9060712456703186,0.1164500936865806,0.9330417513847352,0.0863108038902282,0.8523916602134705,0.1526263654232025,0.8147109746932983,0.1629611551761627,0.5507529377937317,0.413896769285202,0.9110147356987,0.1119140163064003,0.1589000225067138,0.6929907202720642,0.5241281986236572,0.3265978693962097
1617,1617,train,23465,0.7197155356407166,0.2526544034481048,0.5826936960220337,0.3689840137958526,0.9128458499908448,0.1208912879228591,0.916869819164276,0.1164654791355133,0.911675989627838,0.1225698962807655,0.9397722482681274,0.0884194001555442,0.8648971319198608,0.1595103144645691,0.8217266201972961,0.1706482470035553,0.5518661737442017,0.4190256595611572,0.9155300259590148,0.116273857653141,0.1578832566738128,0.694237470626831,0.5331953167915344,0.3251576721668243
1618,1618,train,23520,0.2632927596569061,0.6139607429504395,0.2952295839786529,0.5964435935020447,0.3268413841724396,0.5226236581802368,0.487604409456253,0.3749734163284302,0.6731287837028503,0.279803991317749,0.8548457026481628,0.1226414144039154,0.3590783178806305,0.5207595229148865,0.2855788171291351,0.622771680355072,0.2167077958583831,0.665958821773529,0.4525752067565918,0.4481827914714813,0.2396920472383499,0.6119988560676575,0.7887889742851257,0.198318749666214
1619,1619,train,23769,0.6813192963600159,0.2846375107765198,0.5609462857246399,0.3843183815479278,0.9039415121078492,0.1284747421741485,0.9083818793296814,0.1222542896866798,0.9025521874427797,0.1309917271137237,0.9341444969177246,0.0942274034023284,0.8430494666099548,0.1779445558786392,0.79554283618927,0.1945540159940719,0.527691125869751,0.4349636137485504,0.9084837436676024,0.1224053353071212,0.15340256690979,0.6978023052215576,0.5295507907867432,0.3262940347194671
1620,1620,test,23182,0.5410048961639404,0.3879223465919494,0.4856652915477752,0.4308306872844696,0.8191811442375183,0.1647313833236694,0.8325692415237427,0.1496251076459884,0.8402149081230164,0.1557547450065612,0.9049739241600036,0.1083627566695213,0.726554811000824,0.2255361080169677,0.6355605125427246,0.2993803322315216,0.4246995151042938,0.480385273694992,0.8402633666992188,0.154866874217987,0.1534915715456009,0.6936267614364624,0.5558141469955444,0.3066504597663879
1621,1621,train,22968,0.2990671396255493,0.5836933851242065,0.323056161403656,0.5663872361183167,0.4130011200904846,0.4602625966072082,0.5616492033004761,0.332322895526886,0.688169002532959,0.2598152160644531,0.8555176258087158,0.1278420537710189,0.4197796583175659,0.4776921272277832,0.323837399482727,0.5777583718299866,0.2380650639533996,0.629034698009491,0.5622102618217468,0.3673807978630066,0.2252517640590667,0.6238093972206116,0.7572352886199951,0.211288034915924
1622,1622,train,24377,0.6811828017234802,0.2937462925910949,0.5645279884338379,0.3855428993701935,0.9012143015861512,0.1291296184062957,0.9053015112876892,0.1238389387726783,0.9025737643241882,0.1310266554355621,0.93619567155838,0.0924129709601402,0.8440229892730713,0.1759680956602096,0.7899309992790222,0.1980434656143188,0.5172951817512512,0.4401682317256927,0.9093642830848694,0.1221138536930084,0.1571917533874511,0.6964237689971924,0.5379704833030701,0.3232665359973907
1623,1623,train,23350,0.6378586888313293,0.3212841749191284,0.5294241905212402,0.4007340669631958,0.8882428407669067,0.1383660435676574,0.8958856463432312,0.1310399770736694,0.885919451713562,0.139663428068161,0.9274333715438844,0.096613697707653,0.8153388500213623,0.1940610110759735,0.7436824440956116,0.2271439582109451,0.4878597557544708,0.4517228007316589,0.8926770687103271,0.1334906220436096,0.1517407894134521,0.695722222328186,0.5397267937660217,0.3182176351547241
1624,1624,train,23032,0.3746384680271148,0.5284160375595093,0.3851116299629211,0.5211899876594543,0.6008841395378113,0.3011045455932617,0.6664060354232788,0.2393452823162078,0.7446731925010681,0.2279617637395858,0.8721350431442261,0.1265025436878204,0.524972140789032,0.379951924085617,0.411163717508316,0.4905167818069458,0.3055502772331238,0.5831189155578613,0.663853108882904,0.2587794363498688,0.1866215765476226,0.6664220094680786,0.6584351658821106,0.2669220268726349
1625,1625,train,23709,0.2737226486206054,0.6040080785751343,0.2733545899391174,0.6155356764793396,0.3076198101043701,0.5416508316993713,0.4198728501796722,0.427219957113266,0.6615526676177979,0.2953916788101196,0.8284658193588257,0.1340052783489227,0.3262766897678375,0.5523605346679688,0.2797114253044128,0.6283172965049744,0.2331855297088623,0.673838198184967,0.3629913330078125,0.5219230651855469,0.278862714767456,0.5703697204589844,0.811394989490509,0.1999729722738266
1626,1626,train,23641,0.3603827059268951,0.5243145227432251,0.3773009777069092,0.5199005603790283,0.561500608921051,0.3248383700847626,0.6388121247291565,0.2548240125179291,0.7211099863052368,0.2328957319259643,0.8628149628639221,0.1331843137741089,0.5082125067710876,0.3851600289344787,0.4015202820301056,0.5071179866790771,0.2911613285541534,0.5946168899536133,0.6390123963356018,0.2753944993019104,0.1954114884138107,0.6601527333259583,0.6965401768684387,0.2456727474927902
1627,1627,train,24237,0.2686759233474731,0.6006214022636414,0.2958441078662872,0.5875503420829773,0.3372646272182464,0.520042359828949,0.4734649658203125,0.3869202733039856,0.6883903741836548,0.2780740559101105,0.8447704911231995,0.1232998967170715,0.3512840270996094,0.5296739935874939,0.286261111497879,0.6047405004501343,0.2155850380659103,0.6476803421974182,0.4470968544483185,0.4510273933410644,0.254724770784378,0.585874617099762,0.7891302704811096,0.2003345340490341
1628,1628,train,23376,0.3898105025291443,0.5034883618354797,0.3913933932781219,0.5053138732910156,0.6316086649894714,0.2771589159965515,0.682952880859375,0.2271655648946762,0.7555044889450073,0.222029447555542,0.8706403970718384,0.1318966895341873,0.5690383911132812,0.3498996198177337,0.4352190494537353,0.4696381986141205,0.3077622056007385,0.5592221021652222,0.6874201893806458,0.2450597286224365,0.1782064139842987,0.667549729347229,0.6458238959312439,0.2659627795219421
1629,1629,test,24448,0.2454716265201568,0.6273257732391357,0.2596687078475952,0.637313187122345,0.2854869961738586,0.5773333311080933,0.4056448936462402,0.4554160535335541,0.6627491116523743,0.2973186075687408,0.8298847675323486,0.1342726051807403,0.3025669753551483,0.5783832669258118,0.2576142251491546,0.6562054753303528,0.209684357047081,0.6953497529029846,0.3420834541320801,0.5471087694168091,0.2729419469833374,0.5801904201507568,0.8144428133964539,0.1981793344020843
1630,1630,test,23538,0.2630840241909027,0.6074014902114868,0.2685160636901855,0.6177294850349426,0.3000351786613464,0.5446877479553223,0.4175792634487152,0.4329873323440552,0.6568459272384644,0.2930986881256103,0.8262104988098145,0.1350935846567154,0.3206385374069214,0.5504010319709778,0.2724571824073791,0.6266770362854004,0.2187577784061432,0.6719642877578735,0.3571017384529114,0.5215571522712708,0.2718634009361267,0.5759616494178772,0.808928906917572,0.1989086270332336
1631,1631,train,23224,0.5202316045761108,0.4021280407905578,0.4657061398029327,0.4434228241443634,0.8106200695037842,0.1652074158191681,0.8215327262878418,0.150273859500885,0.8275201916694641,0.1601267457008361,0.8970267176628113,0.1100266277790069,0.7134985327720642,0.2396593391895294,0.6084043979644775,0.3218246400356293,0.407177209854126,0.4948717057704925,0.825107753276825,0.1592976599931717,0.1556917577981948,0.6889694929122925,0.5606530904769897,0.3019551336765289
1632,1632,test,24349,0.2726381123065948,0.6106921434402466,0.3072357177734375,0.5864118337631226,0.3462455868721008,0.5162057876586914,0.5210912227630615,0.3701584339141845,0.6981670260429382,0.2697807252407074,0.8558117151260376,0.1224989965558052,0.375036358833313,0.5203543901443481,0.2993495464324951,0.6155100464820862,0.2254781275987625,0.6580967307090759,0.4907748997211456,0.4330163300037384,0.2327005267143249,0.617637038230896,0.7817184329032898,0.202107548713684
1633,1633,train,23386,0.2502208948135376,0.6274141073226929,0.2718712091445923,0.6180214881896973,0.2938054800033569,0.5647131204605103,0.4441904127597809,0.4205464124679565,0.6879637241363525,0.2871415019035339,0.8441382646560669,0.1246300563216209,0.3190521597862243,0.5599097013473511,0.2671062052249908,0.6440261602401733,0.2103709280490875,0.6828976273536682,0.3672240078449249,0.5173105597496033,0.2627388834953308,0.5843437314033508,0.8091920018196106,0.1961552649736404
1634,1634,train,24617,0.3141872882843017,0.5721971988677979,0.3431585431098938,0.5583726167678833,0.4484352767467499,0.434828370809555,0.5826120376586914,0.3148401379585266,0.7091783285140991,0.2612506449222564,0.8620331883430481,0.1301943957805633,0.4406172931194305,0.4628166258335113,0.3438641726970672,0.570513904094696,0.2572629153728485,0.6265341639518738,0.5867212414741516,0.3538806736469269,0.2156974375247955,0.637539267539978,0.7425419688224792,0.2205033898353576
1635,1635,train,23961,0.32564377784729,0.5586422085762024,0.3480086028575897,0.5378584861755371,0.4887316823005676,0.3985390663146972,0.5996490716934204,0.2857157289981842,0.7275166511535645,0.2498795390129089,0.8680068850517273,0.1259440630674362,0.4608716964721679,0.4350079596042633,0.3590539395809173,0.5452355742454529,0.260859340429306,0.6097917556762695,0.6124044060707092,0.3157892525196075,0.2009361535310745,0.6458884477615356,0.7279022932052612,0.2304633110761642
1636,1636,train,24070,0.7351471185684204,0.2448026686906814,0.5921408534049988,0.3700497448444366,0.9183534979820251,0.1160093173384666,0.9196866154670716,0.1132145076990127,0.9161919951438904,0.1193980798125267,0.9427062273025512,0.0861775875091552,0.8732895255088806,0.1534806787967682,0.8389785289764404,0.163031131029129,0.5637453198432922,0.4172020852565765,0.9200809597969056,0.1135907247662544,0.1598484367132187,0.6934667229652405,0.5352544784545898,0.324804812669754
1637,1637,train,24010,0.3046271800994873,0.571154773235321,0.3286193013191223,0.551715075969696,0.4474908113479614,0.4178859293460846,0.574772298336029,0.3093540072441101,0.6990572214126587,0.2617777287960052,0.8608925938606262,0.1270299106836319,0.433432936668396,0.4531873166561126,0.3328872621059418,0.5696696043014526,0.2479105293750763,0.6241616606712341,0.5822685360908508,0.3362647891044616,0.2100120335817337,0.6408419013023376,0.7329183220863342,0.2281485497951507
1638,1638,train,23262,0.279470682144165,0.5969453454017639,0.306092619895935,0.5744365453720093,0.3667980432510376,0.5022116303443909,0.5397920608520508,0.3611901700496673,0.7079412937164307,0.275169312953949,0.8501599431037903,0.1290085613727569,0.388273149728775,0.5081907510757446,0.3047786951065063,0.5967091917991638,0.2244710773229599,0.635179340839386,0.5193360447883606,0.4125792682170868,0.2333266735076904,0.6115031838417053,0.7727414965629578,0.2033893018960952
1639,1639,train,23410,0.7872896790504456,0.1946845352649688,0.6270819306373596,0.3395718932151794,0.9259659647941588,0.1064573526382446,0.9265285730361938,0.1056396514177322,0.9238360524177552,0.1082649827003479,0.9463757872581482,0.0798245891928672,0.8932541608810425,0.1330403536558151,0.8737421631813049,0.1334214508533477,0.5924553275108337,0.3919008076190948,0.9252361059188844,0.1049974784255027,0.1673013716936111,0.6859830617904663,0.5313000082969666,0.3269543945789337
1640,1640,test,23454,0.5402292609214783,0.380288690328598,0.4887571334838867,0.4230422377586365,0.8197447061538696,0.1522733718156814,0.8284236788749695,0.1437489092350006,0.8240017294883728,0.1536083072423935,0.902521312236786,0.105440504848957,0.7200760841369629,0.2133329361677169,0.6380693912506104,0.2781376242637634,0.4344405829906463,0.4816413223743438,0.8327643275260925,0.1496891230344772,0.1557523608207702,0.6951295137405396,0.5493301749229431,0.3083307147026062
1641,1641,train,23777,0.268746942281723,0.6059897541999817,0.2990460991859436,0.5870665311813354,0.3289166092872619,0.522013247013092,0.4748601615428924,0.388943612575531,0.6904898881912231,0.2784631848335266,0.8468949794769287,0.1233089491724968,0.3506911993026733,0.5226683020591736,0.2896547317504883,0.6043883562088013,0.2203570306301117,0.6513721942901611,0.4538942873477936,0.4467513859272003,0.245300218462944,0.603809118270874,0.7882871627807617,0.1958701163530349
1642,1642,train,23200,0.7620474100112915,0.2166841030120849,0.6104202270507812,0.352061003446579,0.926483154296875,0.1089919283986091,0.9279482960700988,0.1067627593874931,0.92546945810318,0.1114290878176689,0.947595477104187,0.0815143287181854,0.8883767127990723,0.1404069811105728,0.8578922748565674,0.1445642113685608,0.581354022026062,0.4014589190483093,0.927855908870697,0.1065133288502693,0.1634828895330429,0.6903252601623535,0.5357627272605896,0.3241102695465088
1643,1643,train,23518,0.2654646337032318,0.6113588809967041,0.2657102048397064,0.6360064148902893,0.3048281669616699,0.5672410726547241,0.4062317013740539,0.4578838646411896,0.6416730880737305,0.3086030781269073,0.8318870067596436,0.1344415694475174,0.3213465809822082,0.5645167231559753,0.2744825184345245,0.6449419260025024,0.2326604574918747,0.6871548295021057,0.3501400053501129,0.5503904819488525,0.2808722555637359,0.5690786838531494,0.8112055659294128,0.2121703475713729
1644,1644,test,24437,0.6980391144752502,0.2670512497425079,0.5781981348991394,0.3812780380249023,0.9027356505393982,0.1191865503787994,0.9033731818199158,0.1157238483428955,0.9007032513618469,0.1192248612642288,0.9338098168373108,0.0885855928063392,0.8515512347221375,0.1585251986980438,0.8069378733634949,0.1810458898544311,0.5397037863731384,0.4346312880516052,0.9070711731910706,0.1141071990132331,0.1550366282463073,0.6991454362869263,0.5282192826271057,0.3241569697856903
1645,1645,train,23420,0.3225387930870056,0.5605518817901611,0.345358282327652,0.5462885499000549,0.4866579174995422,0.3764882385730743,0.598347544670105,0.2819450199604034,0.7115013599395752,0.2482919543981552,0.8690764904022217,0.1314862668514251,0.4643392562866211,0.4135891497135162,0.3475218415260315,0.5429865717887878,0.2601192593574524,0.6122129559516907,0.6054244637489319,0.3094030320644378,0.20095294713974,0.6500954031944275,0.7112237811088562,0.238327220082283
1646,1646,train,23596,0.2558991312980652,0.6172129511833191,0.2540463507175445,0.646918773651123,0.2851593792438507,0.5787888765335083,0.3890781700611114,0.4719657003879547,0.6466343402862549,0.3129515051841736,0.8290423154830933,0.1348264813423156,0.3040361702442169,0.5841435194015503,0.2642009258270263,0.6572815179824829,0.2184208929538726,0.6883943676948547,0.3319102823734283,0.5722434520721436,0.2804994881153106,0.5736882090568542,0.8120138645172119,0.2080259025096893
1647,1647,test,24243,0.6228827238082886,0.3327681124210357,0.5189329981803894,0.411076933145523,0.8832499384880066,0.1363883912563324,0.8899950981140137,0.129107192158699,0.8824450969696045,0.1397115737199783,0.9248245358467102,0.0996518954634666,0.8020395040512085,0.1970072090625763,0.738426923751831,0.2329517602920532,0.4763409495353699,0.4573891162872314,0.8901697397232056,0.1311094909906387,0.1484524458646774,0.7017186880111694,0.5352123379707336,0.3210758864879608
1648,1648,train,24491,0.2736330926418304,0.5956123471260071,0.3046198189258575,0.5792530179023743,0.3513119220733642,0.512632429599762,0.5271533727645874,0.3704286217689514,0.7144782543182373,0.2746838331222534,0.846855103969574,0.1254298388957977,0.3704231381416321,0.5131146907806396,0.2969951331615448,0.6043334007263184,0.2249169051647186,0.6438819766044617,0.4930936694145202,0.4398072361946106,0.2361392229795456,0.6060187816619873,0.7833957076072693,0.1972902715206146
1649,1649,train,23578,0.6209712028503418,0.3153710067272186,0.5264307856559753,0.3990651369094848,0.8774809241294861,0.1296652108430862,0.8836445212364197,0.1243706047534942,0.8783372044563293,0.1286541670560836,0.9225247502326964,0.0918710753321647,0.8069494962692261,0.1773991733789444,0.7408466339111328,0.2136582136154174,0.4789233207702636,0.453666478395462,0.8869211673736572,0.1231471598148346,0.1527477204799652,0.6982457041740417,0.5351694226264954,0.3189286291599273
1650,1650,train,23063,0.5185726881027222,0.4129736721515655,0.4727663993835449,0.451193630695343,0.8277706503868103,0.1749566048383712,0.8425745964050293,0.1609944850206375,0.8440369963645935,0.1755587011575698,0.9051159024238586,0.1136200726032257,0.7171074151992798,0.2629879713058471,0.6016631126403809,0.3414725065231323,0.4138664305210113,0.4955772161483764,0.8426784873008728,0.1736735254526138,0.1533049046993255,0.6955516934394836,0.5537370443344116,0.3075484335422516
1651,1651,train,23738,0.3940784037113189,0.4934533238410949,0.4041375815868377,0.4958662390708923,0.625095784664154,0.2701347768306732,0.6718264818191528,0.2327049076557159,0.7443912625312805,0.2247188687324524,0.8717623353004456,0.1313696056604385,0.5616488456726074,0.3362837731838226,0.4433800280094147,0.4547024965286255,0.3234781622886657,0.558853268623352,0.6864609718322754,0.2470133155584335,0.1766004562377929,0.6718050837516785,0.6340441107749939,0.2719696462154388
1652,1652,test,24206,0.5599514245986938,0.3784387409687042,0.4909677505493164,0.425361692905426,0.8524761199951172,0.1605635285377502,0.8627289533615112,0.151630699634552,0.8532247543334961,0.1638265699148178,0.911682426929474,0.1107533872127533,0.7515237927436829,0.224486768245697,0.6550004482269287,0.2838298082351684,0.44356170296669,0.4803092181682586,0.8606891632080078,0.1576127558946609,0.1525082290172577,0.6935781240463257,0.5470136404037476,0.3115248382091522
1653,1653,train,23305,0.259767472743988,0.6252745985984802,0.2688522040843963,0.6298390030860901,0.3031549155712127,0.5614334940910339,0.408738762140274,0.4570946395397186,0.6583600640296936,0.2955993115901947,0.8304651379585266,0.130309447646141,0.3224964439868927,0.5690104961395264,0.2739818096160888,0.6354743838310242,0.2176473140716552,0.6827234029769897,0.3560788333415985,0.5352728366851807,0.2747448980808258,0.5801919102668762,0.8141372203826904,0.1959123313426971
1654,1654,train,24115,0.3456359505653381,0.5346755981445312,0.3664537370204925,0.5279127359390259,0.5487377047538757,0.3362765908241272,0.6371466517448425,0.2629546821117401,0.7216706275939941,0.2357520014047622,0.8718234896659851,0.1308649331331253,0.5034141540527344,0.3913399279117584,0.390970766544342,0.5161952376365662,0.2780931890010834,0.5993714928627014,0.6404472589492798,0.2814105451107025,0.1946846693754196,0.6561605930328369,0.6967477202415466,0.2456634789705276
1655,1655,train,23998,0.3195860683917999,0.5695987939834595,0.3400962352752685,0.5546152591705322,0.4848727583885193,0.4091899991035461,0.6077560186386108,0.2899944186210632,0.7185934782028198,0.2468470782041549,0.8612595796585083,0.1314696669578552,0.4724139869213104,0.4478556215763092,0.3526093065738678,0.568754255771637,0.2543856501579284,0.6213836073875427,0.6160211563110352,0.3233031630516052,0.2045418471097946,0.6428280472755432,0.7247376441955566,0.2303619384765625
1656,1656,train,24256,0.7421823740005493,0.2366961389780044,0.600013256072998,0.3568237423896789,0.9073458313941956,0.1188108399510383,0.9086317420005798,0.1144418194890022,0.9078551530838012,0.1153376102447509,0.9380114078521729,0.0856668278574943,0.8628426194190979,0.1478795856237411,0.8318467736244202,0.1547324806451797,0.5646964311599731,0.410716563463211,0.9136044383049012,0.1117512583732605,0.1608093082904815,0.6929157376289368,0.5366091728210449,0.3235210478305816
1657,1657,train,24520,0.4925898313522339,0.4366288185119629,0.4607508182525635,0.4568494260311126,0.7693893909454346,0.1993151009082794,0.7894673943519592,0.1838700771331787,0.8138672709465027,0.1834946423768997,0.8889530301094055,0.1252873092889785,0.6846342086791992,0.267490953207016,0.5601723790168762,0.3692310154438019,0.3909797370433807,0.5214866995811462,0.7925920486450195,0.1930717229843139,0.1600490063428878,0.6889895796775818,0.5811343193054199,0.2970373332500458
1658,1658,train,24328,0.379549890756607,0.5073091983795166,0.3864457905292511,0.5064155459403992,0.6026989221572876,0.2931574881076813,0.6601428389549255,0.2401945143938064,0.7235247492790222,0.2267900109291076,0.8632541298866272,0.1323995292186737,0.5509036779403687,0.3630212545394897,0.4250836372375488,0.4764382243156433,0.2982438206672668,0.566776692867279,0.6632517576217651,0.2554641664028168,0.1804876178503036,0.6645320057868958,0.6613363027572632,0.2580196559429168
1659,1659,train,23890,0.3961333930492401,0.5152596235275269,0.3972631990909576,0.5108878016471863,0.6728520393371582,0.3010775148868561,0.7476544976234436,0.2404279708862304,0.7826806306838989,0.2356507033109665,0.8807916045188904,0.1238078251481056,0.5882742404937744,0.3766472935676574,0.4460879862308502,0.4884360730648041,0.3093061149120331,0.5773967504501343,0.7340094447135925,0.2668174505233764,0.1814261823892593,0.6664608716964722,0.6723188161849976,0.2572281956672668
1660,1660,train,24129,0.5955864191055298,0.3358362913131714,0.5188854336738586,0.4033591449260711,0.8620122671127319,0.1450611501932144,0.8685941696166992,0.137145310640335,0.8651735186576843,0.1451711356639862,0.9181304574012756,0.1018682718276977,0.7742293477058411,0.198417529463768,0.6965752840042114,0.2368298172950744,0.4720735847949981,0.4598464965820312,0.8741668462753296,0.1382068395614624,0.1522742509841919,0.6988639831542969,0.5361157655715942,0.3172594606876373
1661,1661,train,24383,0.2451046258211136,0.6324847936630249,0.2694149017333984,0.6238244771957397,0.2900565266609192,0.5637550950050354,0.4126244485378265,0.4407932758331299,0.6585118174552917,0.2893650233745575,0.8328086137771606,0.1278045624494552,0.3148893713951111,0.5676787495613098,0.2656337320804596,0.6411430239677429,0.2086623311042785,0.6835654973983765,0.361727237701416,0.5261923670768738,0.2676881551742553,0.5869553685188293,0.8023093342781067,0.1923558712005615
1662,1662,train,24175,0.2654630243778229,0.6025715470314026,0.2921727001667022,0.5829936265945435,0.3358600735664367,0.5201922059059143,0.4877960979938507,0.3861861228942871,0.6901132464408875,0.2793695032596588,0.8400977849960327,0.1310145109891891,0.3550877273082733,0.5225015878677368,0.2904786765575409,0.6002320051193237,0.2162373512983322,0.6413865089416504,0.4682690799236297,0.4479118585586548,0.2413147389888763,0.6042240262031555,0.7784199118614197,0.2006485015153885
1663,1663,train,23851,0.2538563311100006,0.6290748715400696,0.260756105184555,0.6328269243240356,0.2916889488697052,0.5707624554634094,0.4120720624923706,0.457160085439682,0.657696008682251,0.3020747900009155,0.8285510540008545,0.1325235068798065,0.314123272895813,0.5702071189880371,0.2689050436019897,0.6523433923721313,0.2155750840902328,0.6892610192298889,0.3505916595458984,0.5466282963752747,0.2731799185276031,0.580739438533783,0.8117268681526184,0.1988372504711151
1664,1664,train,23011,0.6706445217132568,0.2846179008483886,0.5533139109611511,0.3848558664321899,0.8983390927314758,0.126918226480484,0.9023606181144714,0.1220546066761016,0.8936105370521545,0.131444364786148,0.9298450350761414,0.093490682542324,0.8298903703689575,0.1754277646541595,0.7756016254425049,0.1939701288938522,0.5281614065170288,0.4339217245578766,0.9027400612831116,0.123289942741394,0.1548838019371032,0.6957756280899048,0.5308238863945007,0.3241961598396301
1665,1665,test,23424,0.4811349511146545,0.4561285376548767,0.4579401016235351,0.4663051068782806,0.7746362686157227,0.2133619785308838,0.8040300011634827,0.1933087706565857,0.8218262195587158,0.1988507658243179,0.8954564929008484,0.1225024908781051,0.6803336143493652,0.3001643717288971,0.5403286218643188,0.4042981266975403,0.3820858299732208,0.5320193767547607,0.8042435050010681,0.2070730924606323,0.166438415646553,0.6833791136741638,0.5977901220321655,0.2921866178512573
1666,1666,train,23378,0.2569579184055328,0.6099808812141418,0.2735827565193176,0.6122657656669617,0.3024488687515259,0.5438350439071655,0.4338599741458893,0.4196806848049164,0.6841210126876831,0.2798579931259155,0.8402053117752075,0.1235983297228813,0.328450858592987,0.5471804738044739,0.270710676908493,0.6261225938796997,0.2129361182451248,0.6748780012130737,0.3677360415458679,0.5182181000709534,0.2670055329799652,0.5790972113609314,0.8054944276809692,0.1968522667884826
1667,1667,train,23958,0.3860638439655304,0.4847577512264251,0.3852077722549438,0.4937873780727386,0.6321741938591003,0.260008305311203,0.6909071803092957,0.222883403301239,0.7376670241355896,0.217180386185646,0.8681616187095642,0.1304427832365036,0.5549415349960327,0.3350174725055694,0.4328484535217285,0.4540982544422149,0.3029961287975311,0.5524278283119202,0.6896452903747559,0.235552430152893,0.1763956695795059,0.6671916842460632,0.6415696740150452,0.2667034566402435
1668,1668,train,24381,0.7131710052490234,0.2395585924386978,0.5830470323562622,0.3636369705200195,0.915084421634674,0.1126487478613853,0.9185190200805664,0.1096746176481247,0.91493958234787,0.1139554157853126,0.9419609904289246,0.0829050093889236,0.865095853805542,0.1455499976873397,0.8235430717468262,0.1559851169586181,0.5547827482223511,0.4126232266426086,0.9190869927406312,0.1094709709286689,0.1586003601551056,0.6943066716194153,0.5326138138771057,0.3239841163158417
1669,1669,train,24122,0.5110686421394348,0.4003521502017975,0.4689615070819855,0.4378137290477752,0.7884363532066345,0.1663744449615478,0.8094151020050049,0.1509539484977722,0.8151553273200989,0.1595622599124908,0.8931828141212463,0.112028881907463,0.6995384693145752,0.2281949073076248,0.5946186780929565,0.31996750831604,0.4088270664215088,0.4997626543045044,0.8120099902153015,0.1601259708404541,0.1517990529537201,0.6962727904319763,0.5592695474624634,0.3041443228721618
1670,1670,train,23237,0.3219852149486542,0.5639521479606628,0.3481546342372894,0.5516691207885742,0.4821355938911438,0.4070494472980499,0.6083877682685852,0.2988023459911346,0.7173277139663696,0.2533700466156006,0.8650755286216736,0.126377671957016,0.4617959260940552,0.4477861821651459,0.350628525018692,0.5622390508651733,0.2592425644397735,0.6199816465377808,0.6081013083457947,0.331541895866394,0.2132692039012909,0.6399999260902405,0.7309035658836365,0.2278215438127517
1671,1671,test,23098,0.7226373553276062,0.2548564374446869,0.590148389339447,0.3682529926300049,0.9033784866333008,0.1202436834573745,0.909454882144928,0.1142994835972786,0.9068455696105956,0.1172147318720817,0.9362503290176392,0.0879279375076294,0.8501692414283752,0.162853330373764,0.8073626756668091,0.1805410534143448,0.5453885197639465,0.4271145462989807,0.910286545753479,0.112812303006649,0.1610356867313385,0.6915749311447144,0.5319815874099731,0.3245249390602112
1672,1672,train,24689,0.6876533031463623,0.2679323256015777,0.566167950630188,0.3778114914894104,0.9075179696083068,0.1199711039662361,0.9113488793373108,0.1152500137686729,0.9073728919029236,0.120599165558815,0.937717616558075,0.0877949073910713,0.8461875319480896,0.1631783545017242,0.7964112758636475,0.1783168762922287,0.5287781357765198,0.4314454793930053,0.9117190837860109,0.114775151014328,0.1551027745008468,0.6943149566650391,0.5319903492927551,0.3247140944004059
1673,1673,train,24177,0.751508355140686,0.2231326550245285,0.5981799960136414,0.3591554760932922,0.9222514033317566,0.1125884056091308,0.9246577620506288,0.1097925007343292,0.9199462532997132,0.115627072751522,0.944909691810608,0.0836680456995964,0.8787083625793457,0.1482391059398651,0.8446424603462219,0.1516743600368499,0.5701400637626648,0.4104627668857574,0.9229233264923096,0.1105678081512451,0.1616267710924148,0.6940633654594421,0.5344641804695129,0.325653612613678
1674,1674,test,22960,0.4780679047107696,0.4519530236721039,0.4552204608917236,0.4673367738723755,0.7663675546646118,0.2026438862085342,0.7848178744316101,0.1846804469823837,0.8068268895149231,0.1925474256277084,0.8889738321304321,0.1207017824053764,0.6797596216201782,0.2879845201969147,0.5585534572601318,0.3847099840641022,0.3878894746303558,0.5167008638381958,0.7924593091011047,0.1985354572534561,0.1593918204307556,0.6905252933502197,0.5706964135169983,0.2981259822845459
1675,1675,train,24006,0.377063900232315,0.506772518157959,0.3861059844493866,0.5088899731636047,0.61429762840271,0.2684767842292785,0.6667616963386536,0.2231233716011047,0.7279194593429565,0.2192587256431579,0.8653370141983032,0.1293983459472656,0.5395001769065857,0.356869101524353,0.4155840873718261,0.4781277477741241,0.307731419801712,0.5673988461494446,0.6685327291488647,0.2418477237224578,0.1761916130781173,0.6684644222259521,0.6393750309944153,0.2691251635551452
1676,1676,train,24649,0.3773966431617737,0.5099441409111023,0.3917877376079559,0.5074220895767212,0.5818040370941162,0.288750946521759,0.648125410079956,0.2354405671358108,0.7361834049224854,0.2215684503316879,0.8722248077392578,0.130110815167427,0.5232574939727783,0.350027322769165,0.4186063408851623,0.4804106652736664,0.30646812915802,0.5808133482933044,0.6565007567405701,0.2478431463241577,0.1796295195817947,0.6749217510223389,0.6623179316520691,0.2612332999706268
1677,1677,train,23678,0.5759571194648743,0.3704248964786529,0.5043018460273743,0.4225933849811554,0.8570857644081116,0.1495214253664016,0.863425612449646,0.1399847418069839,0.8577728867530823,0.1499227583408355,0.9123721718788148,0.1055671200156211,0.7695267200469971,0.2146630138158798,0.6791035532951355,0.2677006721496582,0.4527902603149414,0.4765436947345733,0.8668144345283508,0.1456846296787262,0.1521089971065521,0.6944998502731323,0.5438545346260071,0.316541314125061
1678,1678,train,24630,0.3638960719108581,0.5188443660736084,0.3812324106693268,0.5146417617797852,0.5886265635490417,0.2904624044895172,0.6584078073501587,0.2361588031053543,0.7257364392280579,0.2243675738573074,0.8660908937454224,0.1272683292627334,0.5286681056022644,0.3610039055347442,0.4051644504070282,0.4831214547157287,0.2919841706752777,0.5814240574836731,0.6577507257461548,0.2554900348186493,0.1847339868545532,0.6659647822380066,0.6635037660598755,0.2599274218082428
1679,1679,train,23839,0.3123584687709808,0.5626106262207031,0.3374371528625488,0.5517475605010986,0.4374290406703949,0.4217856228351593,0.5680557489395142,0.3073973059654236,0.7034788131713867,0.2547434866428375,0.8596273064613342,0.1269696354866027,0.4290913045406341,0.4482310712337494,0.3380928933620453,0.5572060346603394,0.2516555786132812,0.6159476041793823,0.5773126482963562,0.3378359973430633,0.214977815747261,0.6327616572380066,0.7383063435554504,0.2185724526643753
1680,1680,train,24221,0.2770038247108459,0.5989360213279724,0.3109652400016784,0.5826780796051025,0.3617792427539825,0.5009816288948059,0.5305314660072327,0.3614263534545898,0.6902974247932434,0.2713403403759002,0.855857253074646,0.1269861310720443,0.3844449818134308,0.5124465823173523,0.3030526638031006,0.6095216274261475,0.2270436733961105,0.651371419429779,0.5099612474441528,0.4177834987640381,0.237983226776123,0.6144019365310669,0.7756534814834595,0.2103199958801269
1681,1681,train,23984,0.2681960165500641,0.5991048216819763,0.2958815097808838,0.5842815637588501,0.3356831967830658,0.5172029733657837,0.5007506608963013,0.3674878180027008,0.6954352259635925,0.2638371288776397,0.8475396037101746,0.1223308742046356,0.3569038510322571,0.5204148888587952,0.2891086637973785,0.609614908695221,0.2161012887954712,0.6451470255851746,0.4646919965744018,0.4400239288806915,0.2461320608854293,0.599531888961792,0.7834634780883789,0.2000977396965026
1682,1682,train,24317,0.3790179789066314,0.5043270587921143,0.3846028447151184,0.5081116557121277,0.6270739436149597,0.2746203541755676,0.6766842007637024,0.2297308444976806,0.7456578612327576,0.2210127562284469,0.8719757199287415,0.1296788305044174,0.5596185326576233,0.3526335060596466,0.4227165877819061,0.4756073355674743,0.3007390797138214,0.5613611936569214,0.6844198703765869,0.2432462573051452,0.1812180429697036,0.666986346244812,0.6621660590171814,0.2612245976924896
1683,1683,train,24427,0.3249280750751495,0.5741072297096252,0.3487308919429779,0.5547938942909241,0.4731829464435577,0.4278856813907623,0.6141291260719299,0.315266877412796,0.7275040149688721,0.2682139277458191,0.8659110069274902,0.1274645179510116,0.4605290293693542,0.4628674983978271,0.3530922830104828,0.5700531601905823,0.2565406560897827,0.6210412383079529,0.6046246290206909,0.3477932810783386,0.2132773101329803,0.6355410218238831,0.7350934147834778,0.2218527197837829
1684,1684,train,24293,0.587108314037323,0.3678987622261047,0.5194319486618042,0.4135768711566925,0.8520978689193726,0.1538921892642974,0.8585339188575745,0.1463576704263687,0.8592814803123474,0.1555649936199188,0.9140387773513794,0.1109679266810417,0.7752044796943665,0.2139000743627548,0.6977898478507996,0.2671727538108825,0.4639152884483337,0.4683785736560821,0.8684613704681396,0.1482752710580825,0.1524196416139602,0.6958683729171753,0.5459491014480591,0.313471108675003
1685,1685,train,23317,0.2758786976337433,0.6022547483444214,0.3052456676959991,0.5859032273292542,0.3550548851490021,0.5067790746688843,0.5204051733016968,0.3638712465763092,0.6921274065971375,0.274460881948471,0.8544142246246338,0.1246893107891082,0.3763737976551056,0.5134891867637634,0.297916054725647,0.6129600405693054,0.2212490737438202,0.6533094644546509,0.4831218421459198,0.4350085854530334,0.2427699267864227,0.6068262457847595,0.7845638990402222,0.2010372132062912
1686,1686,train,24385,0.6137219667434692,0.3157185018062591,0.5246315002441406,0.3994065225124359,0.8637129068374634,0.1340692043304443,0.8664908409118652,0.1279753297567367,0.8494278788566589,0.1380655020475387,0.9125843644142152,0.0986718907952308,0.7844630479812622,0.1814929097890854,0.716758668422699,0.2149198204278946,0.4913038313388824,0.4519847929477691,0.8667063117027283,0.1315084248781204,0.1495276540517807,0.699098527431488,0.5313896536827087,0.3188672661781311
1687,1687,train,24503,0.288962185382843,0.5807033181190491,0.3187377750873565,0.5650121569633484,0.3977158069610595,0.4613754153251648,0.5594044923782349,0.323009580373764,0.6999140977859497,0.2626219093799591,0.8572112321853638,0.1251042187213897,0.4062547385692596,0.4816722869873047,0.3137590885162353,0.5816688537597656,0.2340518683195114,0.627028226852417,0.5549843311309814,0.3644711971282959,0.218878373503685,0.621746838092804,0.7510637640953064,0.2136693149805069
1688,1688,train,24031,0.5519406199455261,0.374602198600769,0.493592232465744,0.421960175037384,0.8338256478309631,0.1509324312210083,0.8438533544540405,0.1421145498752594,0.8415330648422241,0.1524740755558014,0.9083472490310668,0.1041569337248802,0.7373126745223999,0.2109416723251342,0.6455582976341248,0.2719916701316833,0.4448381662368774,0.4787370562553406,0.8472968339920044,0.1482053697109222,0.1512762904167175,0.6948727369308472,0.5447754263877869,0.3107561469078064
1689,1689,train,24290,0.2946285009384155,0.5876490473747253,0.3263785541057586,0.5673474669456482,0.3848705589771271,0.4748232960700989,0.5316770672798157,0.3496459722518921,0.6975206732749939,0.272836685180664,0.855137288570404,0.1287898123264312,0.395231544971466,0.4886651635169983,0.3180987536907196,0.583836555480957,0.2404109686613083,0.634476900100708,0.5378106832504272,0.3832337558269501,0.2293146103620529,0.6219133734703064,0.7551589012145996,0.2155997157096862
1690,1690,train,23018,0.2797635793685913,0.6187887787818909,0.2795587480068207,0.634339451789856,0.3134451508522033,0.5810355544090271,0.3989752531051636,0.4896236360073089,0.6459974646568298,0.3186659216880798,0.8138685822486877,0.1537670195102691,0.3351914286613464,0.5849301815032959,0.2916238605976105,0.6454542875289917,0.2494016289710998,0.6811776161193848,0.347946435213089,0.5801367163658142,0.2868689000606537,0.5815821290016174,0.7951206564903259,0.2180176228284835
1691,1691,train,24141,0.7070277333259583,0.2575554549694061,0.5700872540473938,0.3758571445941925,0.9120342135429382,0.1197808608412742,0.91557639837265,0.1157634332776069,0.90628319978714,0.1229617521166801,0.9382277727127076,0.088923655450344,0.8569130301475525,0.1589400470256805,0.8075932264328003,0.1732446104288101,0.5443841218948364,0.4223209321498871,0.91322660446167,0.1170967370271682,0.1598203033208847,0.6976181864738464,0.5307605862617493,0.3243552446365356
1692,1692,train,23399,0.527541995048523,0.4049625396728515,0.4911434948444366,0.4347241222858429,0.7900125980377197,0.1695434600114822,0.8076111078262329,0.1555908173322677,0.818010151386261,0.1643167436122894,0.8944403529167175,0.1129589974880218,0.7009391188621521,0.2415513843297958,0.6015620827674866,0.3285546004772186,0.4190261363983154,0.5008220076560974,0.811201810836792,0.1659264862537384,0.1540480107069015,0.6962148547172546,0.5671237111091614,0.3006739914417267
1693,1693,train,24555,0.7062376141548157,0.2643450498580932,0.5717585682868958,0.3722459673881531,0.9070992469787598,0.1204210966825485,0.910631000995636,0.1157714575529098,0.9048668742179872,0.1230006217956543,0.938236653804779,0.0890912637114524,0.8470516800880432,0.1630610972642898,0.8042805790901184,0.1788391023874282,0.5388637781143188,0.4219949543476105,0.910976231098175,0.1157654896378517,0.1555295884609222,0.6952534914016724,0.5345299243927002,0.3229788541793823
1694,1694,train,23089,0.2925323843955993,0.5890149474143982,0.3218696117401123,0.5656753778457642,0.3805747032165527,0.4785547852516174,0.548272430896759,0.3398067057132721,0.7086318731307983,0.2700769305229187,0.8552749752998352,0.1244392022490501,0.3929493129253387,0.4936258196830749,0.3132126629352569,0.5882023572921753,0.2359190136194229,0.6323889493942261,0.5465264320373535,0.382574051618576,0.2213898450136184,0.6254079341888428,0.7549952268600464,0.2137156575918197
1695,1695,train,23720,0.7963771224021912,0.1845696568489074,0.6411876678466797,0.3296602368354797,0.9293799996376038,0.1051320061087608,0.9294043779373168,0.1044008582830429,0.9268370866775512,0.1074574813246727,0.948448657989502,0.078747309744358,0.8976062536239624,0.1303219050168991,0.87760990858078,0.1302878558635711,0.6103715300559998,0.3826722204685211,0.9278333187103271,0.104824349284172,0.1703093945980072,0.6851314902305603,0.5294747948646545,0.3253589570522308
1696,1696,test,24698,0.5754858255386353,0.3672269582748413,0.4948629438877105,0.4216122329235077,0.8560057282447815,0.1618385314941406,0.8670839667320251,0.1518273949623108,0.8694774508476257,0.1555845588445663,0.9161255359649658,0.1110582873225212,0.7722967267036438,0.2256525605916977,0.6808257699012756,0.2746437191963196,0.4464936256408691,0.4733003079891205,0.8722992539405823,0.1513222157955169,0.1508700549602508,0.6991510391235352,0.5466833114624023,0.3143341839313507
1697,1697,train,23811,0.3098054826259613,0.5850768089294434,0.3397462964057922,0.5667995810508728,0.4552446901798248,0.4433009922504425,0.60587477684021,0.3189018666744232,0.7229570746421814,0.2627813220024109,0.8678433895111084,0.1240153685212135,0.4352239966392517,0.4840899109840393,0.3308050632476806,0.5911413431167603,0.2497183829545974,0.6289480924606323,0.6011278629302979,0.3595742285251617,0.213163748383522,0.6366298794746399,0.7382267713546753,0.2224183827638626
1698,1698,test,24246,0.2513128519058227,0.6294755935668945,0.278256893157959,0.6142734289169312,0.2958524525165558,0.5605605244636536,0.4389089941978454,0.4317665696144104,0.6680269837379456,0.2913825511932373,0.8336860537528992,0.1295464783906936,0.3273324072360992,0.5584222674369812,0.2753304839134216,0.6374244689941406,0.2136228531599044,0.6828082799911499,0.3920277059078216,0.5081233978271484,0.2592328190803528,0.6030138731002808,0.7970103621482849,0.1970651000738144
1699,1699,train,23145,0.4442483186721802,0.4638372361660003,0.4335116446018219,0.4719030857086181,0.721497118473053,0.2214939892292022,0.755922794342041,0.1989313513040542,0.7888187766075134,0.2022362649440765,0.8849661350250244,0.1273852288722992,0.6297479867935181,0.3013570308685303,0.5084734559059143,0.4119944274425506,0.351716011762619,0.5339843034744263,0.7612386345863342,0.2149424999952316,0.1633969247341156,0.6798974275588989,0.6053716540336609,0.2854116559028625
1700,1700,train,23889,0.424201637506485,0.4873016774654388,0.4267522692680359,0.4889148771762848,0.6791898608207703,0.2492427825927734,0.7097193002700806,0.2181983143091201,0.76688551902771,0.221022680401802,0.875626802444458,0.1292089521884918,0.6084418892860413,0.3303125500679016,0.4864534735679626,0.4407336711883545,0.3415319919586181,0.551426351070404,0.72159343957901,0.2338394820690155,0.1721106022596359,0.6758540868759155,0.6195889115333557,0.2784030735492706
1701,1701,train,24188,0.4310854971408844,0.4734140932559967,0.4266674816608429,0.4828016459941864,0.6720529794692993,0.2357443422079086,0.7159658074378967,0.2012603729963302,0.763960063457489,0.2020251750946045,0.8787341713905334,0.124424435198307,0.593776285648346,0.3171688318252563,0.4720257818698883,0.4427294731140136,0.3462589383125305,0.5554409027099609,0.7183291912078857,0.2176515311002731,0.166764885187149,0.6873289942741394,0.6205827593803406,0.2769564986228943
1702,1702,train,24084,0.260681688785553,0.6190190315246582,0.2884867191314697,0.6058956980705261,0.3162365257740021,0.5427630543708801,0.4615277349948883,0.4080666303634643,0.6701698303222656,0.2821631133556366,0.8438975811004639,0.126010775566101,0.3354388475418091,0.5544134378433228,0.2825084030628204,0.6266273260116577,0.2180914431810379,0.6727204322814941,0.4097593426704407,0.4919041097164154,0.254624992609024,0.5946551561355591,0.7990745306015015,0.1951730698347091
1703,1703,train,23750,0.4199618101119995,0.4951739907264709,0.4221766591072082,0.4937883019447326,0.6827396750450134,0.2530160546302795,0.7449575066566467,0.212832897901535,0.7827812433242798,0.2134654074907302,0.8816527724266052,0.1242467239499092,0.5911248922348022,0.33465376496315,0.4671542644500732,0.4497226476669311,0.3386315107345581,0.5578864812850952,0.7338125705718994,0.2312903255224228,0.1722376644611358,0.6753484606742859,0.632552444934845,0.2731375396251678
1704,1704,test,24601,0.3326539099216461,0.5414215922355652,0.3489171266555786,0.5341818332672119,0.5391475558280945,0.3691384196281433,0.6689310073852539,0.2681077420711517,0.7651370763778687,0.2414519935846328,0.8665525913238525,0.1278090178966522,0.4951317906379699,0.4232476651668548,0.3619090020656585,0.5387987494468689,0.2615431547164917,0.5825929045677185,0.6758427023887634,0.2976869940757751,0.1996285915374755,0.6399132013320923,0.7097409963607788,0.2312408238649368
1705,1705,train,23798,0.3964340388774872,0.486744076013565,0.3998737335205078,0.4949057400226593,0.6254463195800781,0.276023268699646,0.6807607412338257,0.2351776957511901,0.7469765543937683,0.2256648987531662,0.8642145991325378,0.1340542584657669,0.5660403370857239,0.3404959440231323,0.4388854801654815,0.4580114483833313,0.3103696703910827,0.5536893606185913,0.6900302171707153,0.2474754750728607,0.1793774366378784,0.6667363047599792,0.6578510999679565,0.2617279589176178
1706,1706,train,23732,0.3304776549339294,0.5358024835586548,0.3531002402305603,0.5354512333869934,0.5162573456764221,0.3708110749721527,0.6397267580032349,0.2818050682544708,0.7274101972579956,0.2513965368270874,0.8666306138038635,0.1271194219589233,0.4888597130775451,0.4143432080745697,0.3705795705318451,0.5310469269752502,0.2697690427303314,0.5990020632743835,0.6244978308677673,0.3113208711147308,0.2072890400886535,0.639274537563324,0.7238665223121643,0.2299182564020156
1707,1707,train,23549,0.3780312836170196,0.5106344819068909,0.3926581740379333,0.5072071552276611,0.6198992133140564,0.2762133777141571,0.6789047122001648,0.231672316789627,0.7497937083244324,0.2205451279878616,0.8752506375312805,0.1288614869117736,0.5535368919372559,0.3471279144287109,0.428348958492279,0.4724903106689453,0.3093112707138061,0.5700699090957642,0.6972811222076416,0.2467557042837143,0.1769776344299316,0.6742355227470398,0.6459190845489502,0.2706421315670013
1708,1708,test,23205,0.8177487254142761,0.1663864701986313,0.6658647060394287,0.3099414408206939,0.9295928478240968,0.1026303470134735,0.9299020171165466,0.1021649241447448,0.9293334484100342,0.1025483682751655,0.9483364820480348,0.0776396989822387,0.900550901889801,0.124973826110363,0.890803337097168,0.1189974099397659,0.6247411966323853,0.3702791333198547,0.9307494163513184,0.1004388630390167,0.1768524497747421,0.6799601912498474,0.532649576663971,0.3223431706428528
1709,1709,train,24288,0.4146005511283874,0.4852938055992126,0.4166853725910187,0.4920633733272552,0.6635692715644836,0.2455879002809524,0.7124946117401123,0.2149360626935959,0.7678214907646179,0.2123278528451919,0.8771299123764038,0.1288613379001617,0.575773298740387,0.3239143192768097,0.4637482166290283,0.4327978789806366,0.3349780142307281,0.5516635179519653,0.7118529677391052,0.2288634777069091,0.1668151021003723,0.6794544458389282,0.6149641871452332,0.2816109657287597
1710,1710,train,24439,0.3254702389240265,0.5648302435874939,0.3479831218719482,0.5516024827957153,0.4769159853458404,0.4041354954242706,0.5892685055732727,0.2995112240314483,0.699672520160675,0.2549417912960052,0.8641754388809204,0.1242141351103782,0.4616419076919555,0.4386692345142364,0.3568644225597381,0.5577046275138855,0.2601547837257385,0.6232333183288574,0.5972237586975098,0.3281162679195404,0.2090122103691101,0.6477996110916138,0.7338156700134277,0.2277846783399582
1711,1711,train,24705,0.2641014754772186,0.6092904806137085,0.2684681117534637,0.6336843371391296,0.2969108521938324,0.5802565217018127,0.3933508098125458,0.4787399470806122,0.6542081832885742,0.3083159923553467,0.8139907121658325,0.1542704999446869,0.3157983124256134,0.580997884273529,0.2752186357975006,0.6418803334236145,0.2329994142055511,0.6830804347991943,0.3388842642307281,0.5774811506271362,0.2828355133533478,0.578495979309082,0.8053780198097229,0.2128900289535522
1712,1712,train,24399,0.2753802239894867,0.6145451664924622,0.2774242162704468,0.6316277980804443,0.3075629472732544,0.5681281685829163,0.3984951376914978,0.4723269641399383,0.6442281603813171,0.3129641711711883,0.8169076442718506,0.1452641189098358,0.3283421099185943,0.5700641870498657,0.2851946949958801,0.6389668583869934,0.2471960484981537,0.6765716075897217,0.3390200436115265,0.5596665143966675,0.2863343954086303,0.5763041973114014,0.8048546314239502,0.2150004655122757
1713,1713,train,24388,0.5060489177703857,0.41306272149086,0.4653014838695526,0.4486854970455169,0.7984791398048401,0.1719583123922348,0.8168796300888062,0.1574111133813858,0.8227204084396362,0.1649372279644012,0.8976222276687622,0.1095234081149101,0.7001547813415527,0.2448041588068008,0.5877264142036438,0.3404020071029663,0.3989225625991821,0.50526362657547,0.8161560893058777,0.1694779992103576,0.1532296538352966,0.694647490978241,0.571580171585083,0.2971238791942596
1714,1714,train,24091,0.4296396672725677,0.471567153930664,0.4216668307781219,0.4852594435214996,0.7062997221946716,0.220357283949852,0.7369384169578552,0.1914403438568115,0.7703427672386169,0.1977277994155883,0.8756456971168518,0.1218451932072639,0.6120195388793945,0.3127204179763794,0.4827591776847839,0.4342997968196869,0.340402215719223,0.5470291972160339,0.737726092338562,0.2121416479349136,0.1628418564796447,0.6854701042175293,0.6081414222717285,0.2810640931129455
1715,1715,test,24431,0.7260779142379761,0.2415037900209427,0.5832510590553284,0.3654389977455139,0.9108232855796814,0.1153978556394577,0.9151560068130492,0.1122160330414772,0.9090043902397156,0.1182642579078674,0.9381402134895324,0.0854059755802154,0.8663748502731323,0.1505632549524307,0.8287709951400757,0.1596471220254898,0.5566263794898987,0.4147960543632507,0.9142357110977172,0.1132713630795478,0.1576475203037262,0.6942557096481323,0.531919538974762,0.3255757689476013
1716,1716,train,24488,0.2466618716716766,0.6287996768951416,0.2680822312831878,0.6207963824272156,0.2918490469455719,0.5572731494903564,0.4185074269771576,0.4325963854789734,0.6707836985588074,0.285565972328186,0.83205246925354,0.1279145777225494,0.3126642405986786,0.5624428391456604,0.2650084197521209,0.6373371481895447,0.2073918730020523,0.6785166263580322,0.365515649318695,0.5202423930168152,0.2704642117023468,0.5851183533668518,0.8052883148193359,0.1922140717506408
1717,1717,train,23430,0.3898220956325531,0.5242820978164673,0.3954054117202759,0.5145041942596436,0.6466753482818604,0.2872668206691742,0.7253347635269165,0.2300792336463928,0.7783413529396057,0.2256633788347244,0.8826754689216614,0.1255025714635849,0.560072124004364,0.3719788491725921,0.426311582326889,0.4888106286525726,0.3090759217739105,0.5850591063499451,0.7178245782852173,0.2506996095180511,0.1783427745103836,0.67536461353302,0.6465551257133484,0.2702133953571319
1718,1718,train,24043,0.5187183618545532,0.419670969247818,0.4731919169425964,0.4486024677753448,0.8198030591011047,0.1759973019361496,0.8407885432243347,0.1604311168193817,0.8486318588256836,0.1721703857183456,0.907742977142334,0.1141098067164421,0.720084547996521,0.2548492550849914,0.6083297729492188,0.3358714282512665,0.4127960801124573,0.4947052001953125,0.8411374092102051,0.1696579605340957,0.1542125791311264,0.6948429346084595,0.5618078708648682,0.3072558045387268
1719,1719,train,23900,0.7839751243591309,0.193297877907753,0.6306177973747253,0.3355981707572937,0.925422191619873,0.1063490733504295,0.9257342219352722,0.1053775548934936,0.924530565738678,0.1069394648075103,0.9464832544326782,0.0788126960396766,0.8932574987411499,0.1325332224369049,0.8746168613433838,0.1316241919994354,0.5920639038085938,0.392615258693695,0.9260922074317932,0.1042558476328849,0.1666313260793686,0.6858538389205933,0.5300403237342834,0.3254671394824981
1720,1720,train,24117,0.2857270240783691,0.576808750629425,0.3163459897041321,0.5641932487487793,0.3791171312332153,0.4678364098072052,0.5371532440185547,0.3399398922920227,0.7096002101898193,0.2648530900478363,0.8497752547264099,0.1265446543693542,0.3892784118652344,0.4837139546871185,0.3126557767391205,0.5782390832901001,0.2358711957931518,0.6218838095664978,0.5376830697059631,0.3870973885059356,0.2337301522493362,0.6143901348114014,0.7577258348464966,0.2092707157135009
1721,1721,test,23701,0.6479887962341309,0.2968754470348358,0.5423821210861206,0.3942726552486419,0.8836767077445984,0.1343487203121185,0.8905230760574341,0.1287624835968017,0.8783822655677795,0.1360587775707245,0.9275847673416138,0.0947900339961052,0.8135931491851807,0.1812768131494522,0.7511395215988159,0.2072679698467254,0.5031777620315552,0.4473632574081421,0.8889530301094055,0.1301290690898895,0.1522424072027206,0.6949591636657715,0.5378619432449341,0.3201651871204376
1722,1722,test,24087,0.3865177631378174,0.511496901512146,0.3932719230651855,0.5098429322242737,0.6067724227905273,0.2977578341960907,0.6762301325798035,0.2359617948532104,0.7436603903770447,0.2222740799188614,0.8769226670265198,0.1288134902715683,0.5565588474273682,0.3626720011234283,0.4251019358634949,0.4905698895454407,0.3070106208324432,0.5805371999740601,0.6803992986679077,0.2518923282623291,0.1773808300495147,0.6767234206199646,0.6644243001937866,0.2623854875564575
1723,1723,test,23907,0.4947066009044647,0.4169424772262573,0.4608421325683594,0.4485729336738586,0.7728550434112549,0.1673390418291092,0.7862537503242493,0.1550546288490295,0.7934712171554565,0.1658862233161926,0.8830495476722717,0.1123557612299919,0.6832404136657715,0.2377028316259384,0.5819551944732666,0.3316463828086853,0.4011798799037933,0.4996474981307983,0.7920473217964172,0.1641324311494827,0.1560079902410507,0.6880024075508118,0.5606517791748047,0.3010954856872558
1724,1724,train,24079,0.267315924167633,0.6014132499694824,0.2772670388221741,0.6186977028846741,0.3120698034763336,0.5459675788879395,0.4291246831417084,0.4268849194049835,0.664508581161499,0.2910501956939697,0.8248658776283264,0.1358068883419037,0.3179665207862854,0.5571935176849365,0.275922566652298,0.6185399889945984,0.2310007214546203,0.6648833155632019,0.3653630316257477,0.5157018899917603,0.272426962852478,0.5713765025138855,0.80731201171875,0.1998213976621627
1725,1725,train,23522,0.558401346206665,0.3570781350135803,0.5007020831108093,0.4144352972507477,0.8336998820304871,0.1517290920019149,0.8450459241867065,0.1397804468870163,0.8378351330757141,0.1498480290174484,0.9027913212776184,0.1066823229193687,0.7389640808105469,0.2077566534280777,0.6714059114456177,0.2555879354476928,0.4497388303279876,0.4705636203289032,0.8488272428512573,0.1443395465612411,0.1515711098909378,0.6961154341697693,0.5388277769088745,0.3139871060848236
1726,1726,train,24165,0.3267726302146911,0.5499416589736938,0.3578586876392364,0.5404959917068481,0.5032955408096313,0.3740924298763275,0.6070273518562317,0.2841902673244476,0.714096188545227,0.2482709288597107,0.8691903948783875,0.1240316107869148,0.4679820537567138,0.4213830828666687,0.3647706806659698,0.5386863350868225,0.2694438397884369,0.6069585680961609,0.6122288107872009,0.3107685148715973,0.2029819786548614,0.6440446376800537,0.7141318321228027,0.2375546544790268
1727,1727,train,24184,0.498084157705307,0.437933474779129,0.4710012078285217,0.4554779827594757,0.7812628746032715,0.2162980735301971,0.815546989440918,0.1961248815059662,0.8168586492538452,0.2051206678152084,0.900028645992279,0.1203766539692878,0.6839510798454285,0.300641268491745,0.5505073070526123,0.3957114517688751,0.3929970860481262,0.5221742391586304,0.8063082695007324,0.20949786901474,0.1559980064630508,0.6965056657791138,0.5877501964569092,0.295602023601532
1728,1728,train,23895,0.2711004018783569,0.6123730540275574,0.2805840075016022,0.6130951642990112,0.3249354660511017,0.54989093542099,0.4400930404663086,0.4313520193099975,0.6615666151046753,0.2947130501270294,0.8332743048667908,0.1305443048477172,0.328270673751831,0.5570992827415466,0.2834157645702362,0.620787501335144,0.2223569750785827,0.6653555631637573,0.3776238262653351,0.5169875621795654,0.2765229940414428,0.5733016729354858,0.8017950057983398,0.2011418044567108
1729,1729,train,24067,0.3969965875148773,0.4798415899276733,0.4015057384967804,0.4894624948501587,0.6399765014648438,0.2607260942459106,0.7007361650466919,0.2211344540119171,0.7568162679672241,0.2206480503082275,0.8714500665664673,0.1312207579612732,0.5679894685745239,0.3303253352642059,0.4435135424137115,0.4446925818920135,0.3151808977127075,0.5498359203338623,0.6951974034309387,0.2379821538925171,0.1773116290569305,0.6676940321922302,0.6528463363647461,0.2613555490970611
1730,1730,train,23280,0.2713766396045685,0.6233350038528442,0.2985991239547729,0.5999029278755188,0.3311252295970917,0.5365736484527588,0.4817760288715362,0.3949790596961975,0.6639491319656372,0.2869139313697815,0.8447049856185913,0.1276286244392395,0.3533579111099243,0.5402650833129883,0.2902756929397583,0.6267526149749756,0.2216316759586334,0.6685839891433716,0.4440031349658966,0.4641981422901153,0.2412171512842178,0.6133665442466736,0.7838258743286133,0.2053295075893402
1731,1731,train,24245,0.5070865154266357,0.4105561971664428,0.4721299111843109,0.4396161735057831,0.7857867479324341,0.1717244833707809,0.80170077085495,0.1572627425193786,0.8221609592437744,0.1659336686134338,0.8852654695510864,0.1173314452171325,0.694548487663269,0.2424341589212417,0.608552873134613,0.3177578747272491,0.4078806936740875,0.4936158955097198,0.8138874173164368,0.1646447330713272,0.1559497267007827,0.6921210289001465,0.5529152154922485,0.3049106001853943
1732,1732,train,24494,0.3211526274681091,0.5586221814155579,0.3418690264225006,0.5476414561271667,0.493756502866745,0.4013915061950683,0.6348177194595337,0.2837505042552948,0.7430294752120972,0.2540850937366485,0.8673276901245117,0.1250233501195907,0.4628560245037079,0.4460851550102234,0.3487816751003265,0.5569601655006409,0.2573078870773315,0.6055197715759277,0.6352864503860474,0.3175810873508453,0.2063793838024139,0.6379325985908508,0.7258548140525818,0.2288379520177841
1733,1733,train,24631,0.3921796083450317,0.5017244219779968,0.400089830160141,0.5018776655197144,0.6323521137237549,0.2707052528858185,0.6771544218063354,0.2319139093160629,0.7244071960449219,0.225502997636795,0.8667570948600769,0.1329139024019241,0.5575088858604431,0.347176730632782,0.4313462078571319,0.4746330678462982,0.3120223879814148,0.5701825618743896,0.6743259429931641,0.2509097754955292,0.1752217561006546,0.6707820296287537,0.6535938382148743,0.2649595141410827
1734,1734,train,23166,0.305515855550766,0.5761626362800598,0.3297082185745239,0.5626440048217773,0.4373467564582824,0.4363700747489929,0.5871870517730713,0.3102158606052398,0.7119957804679871,0.2599392533302307,0.8631799221038818,0.1245903745293617,0.428477019071579,0.4683757126331329,0.3271447718143463,0.5822932720184326,0.2458745688199997,0.629986047744751,0.5784918665885925,0.3593252003192901,0.2248063683509826,0.6289592385292053,0.7466490864753723,0.21994349360466
1735,1735,train,23458,0.5670894980430603,0.3473975956439972,0.4934407472610473,0.4172621369361877,0.8467572331428528,0.1437479108572006,0.8559030890464783,0.1349157840013504,0.8420818448066711,0.1429229527711868,0.9107460975646972,0.0990011468529701,0.753959059715271,0.1965775787830352,0.6792872548103333,0.2456470280885696,0.4458962678909302,0.4728894233703613,0.857225775718689,0.1386368721723556,0.1491549015045166,0.700590968132019,0.5410675406455994,0.3116824328899383
1736,1736,train,23960,0.2446933537721634,0.6330541372299194,0.2606337070465088,0.6309759616851807,0.2875495254993438,0.5730054378509521,0.4139350056648254,0.4533884823322296,0.6559070944786072,0.2952793538570404,0.8273967504501343,0.1310390532016754,0.3097734749317169,0.5739946365356445,0.2581226527690887,0.6489006280899048,0.2071597576141357,0.6877676844596863,0.3522608876228332,0.531626284122467,0.2665628790855407,0.581684947013855,0.8132110834121704,0.1941917091608047
1737,1737,train,24679,0.6908714771270752,0.2574729025363922,0.5715089440345764,0.3739402592182159,0.909737467765808,0.1181092709302902,0.9120209217071532,0.1150674670934677,0.9073472619056702,0.1201437935233116,0.9374505877494812,0.0870961770415306,0.8526146411895752,0.1563602685928344,0.8047720789909363,0.1679231077432632,0.5397354960441589,0.4250248372554779,0.9135400652885436,0.1137821227312088,0.1567392945289611,0.6950809955596924,0.5317070484161377,0.3211999833583832
1738,1738,train,23781,0.6724590063095093,0.2650792300701141,0.5648925304412842,0.3744592070579529,0.893221914768219,0.1171513199806213,0.8944096565246582,0.1135786101222038,0.8913036584854126,0.1162832975387573,0.9267500638961792,0.0865002945065498,0.8314216732978821,0.1538994461297989,0.7939906716346741,0.1735477596521377,0.5273259878158569,0.428687036037445,0.8995966911315918,0.1125285625457763,0.1594848781824112,0.6913627982139587,0.5263354778289795,0.3250256478786468
1739,1739,train,23449,0.4511017203330993,0.4705691635608673,0.430737167596817,0.4797792434692383,0.7547751069068909,0.2045560926198959,0.7979065179824829,0.1786308586597442,0.8134635090827942,0.1878397911787033,0.8885963559150696,0.1197822019457817,0.6457972526550293,0.296642005443573,0.5123986005783081,0.4044750034809112,0.3657245337963104,0.5354843735694885,0.7865111231803894,0.1960808336734771,0.1613276749849319,0.6896116137504578,0.5860170722007751,0.2929178774356842
1740,1740,train,23573,0.6602613925933838,0.2835751473903656,0.5499254465103149,0.385284811258316,0.8960135579109192,0.1218712106347084,0.899210512638092,0.1173273250460624,0.8903486728668213,0.1227365881204605,0.931659460067749,0.0884408727288246,0.8305397629737854,0.1647452265024185,0.7688465118408203,0.1883593946695327,0.5111653208732605,0.4416050612926483,0.8999349474906921,0.1183304712176323,0.1522077769041061,0.6981126070022583,0.5323767066001892,0.3212643265724182
1741,1741,test,24487,0.2502457499504089,0.6350107789039612,0.2701452076435089,0.6178789138793945,0.2951244115829468,0.5627400875091553,0.4232349991798401,0.4364460706710815,0.6634256839752197,0.2844255566596985,0.8303613662719727,0.1274584978818893,0.3167013227939605,0.5607340931892395,0.2695997655391693,0.636551022529602,0.2078120410442352,0.6798609495162964,0.3789293467998504,0.516194760799408,0.2609818875789642,0.5862197875976562,0.7978693246841431,0.1949653923511505
1742,1742,train,24274,0.344744861125946,0.545100212097168,0.3557755351066589,0.5379709601402283,0.5210736393928528,0.3645380139350891,0.6142491698265076,0.282133549451828,0.7158728241920471,0.2496798932552337,0.867467999458313,0.1318224370479583,0.4910732805728912,0.414708524942398,0.3758188188076019,0.5360071659088135,0.2730990648269653,0.6073282957077026,0.6250225901603699,0.29939666390419,0.1974927932024002,0.6583827137947083,0.7044306397438049,0.2417578250169754
1743,1743,test,24324,0.409612625837326,0.4851604700088501,0.4096688032150268,0.4873101115226745,0.6591970324516296,0.2560536861419678,0.6984557509422302,0.2286329567432403,0.7470241785049438,0.2267769277095794,0.868722140789032,0.1384575068950653,0.590282142162323,0.3299611806869507,0.4606913030147552,0.4414310455322265,0.3315158188343048,0.5506168603897095,0.70427405834198,0.2436684817075729,0.1724845319986343,0.6728183031082153,0.6293396353721619,0.2739453315734863
1744,1744,train,22991,0.6306121945381165,0.3145003914833069,0.546040952205658,0.3978477120399475,0.8666563034057617,0.1336651742458343,0.8747273087501526,0.1262267827987671,0.8732309937477112,0.1310887038707733,0.9222614765167236,0.0936857610940933,0.788155734539032,0.1844145357608795,0.7230077981948853,0.2209040969610214,0.4972888231277466,0.4575967490673065,0.8830609321594238,0.1269661486148834,0.1539736092090606,0.6980393528938293,0.5404204726219177,0.3203080296516418
1745,1745,train,23847,0.7581902742385864,0.219558760523796,0.6031445264816284,0.3578804731369018,0.9224446415901184,0.1130301058292388,0.9239901304244996,0.1113240122795105,0.9196275472640992,0.1162827536463737,0.944562554359436,0.0843967944383621,0.8818766474723816,0.14697265625,0.8528984785079956,0.1488027572631836,0.5768430233001709,0.4058830440044403,0.923127293586731,0.1110805049538612,0.1643416285514831,0.690961480140686,0.5331894755363464,0.3253849446773529
1746,1746,test,23579,0.3313925266265869,0.5512646436691284,0.3542473018169403,0.5443282723426819,0.5027788877487183,0.3679708540439605,0.6009051203727722,0.2725373208522796,0.7011290788650513,0.2397330850362777,0.8658379912376404,0.1273939162492752,0.4725095331668854,0.4223321974277496,0.3649815022945404,0.5466658473014832,0.2712776958942413,0.6167560815811157,0.5991016626358032,0.3023357093334198,0.2038329839706421,0.6501668691635132,0.7183401584625244,0.2372539341449737
1747,1747,train,24728,0.2607336044311523,0.613777756690979,0.2912907600402832,0.5986138582229614,0.3315795958042145,0.5372716784477234,0.4910049140453338,0.3954701721668243,0.694516658782959,0.2757374048233032,0.8462918996810913,0.1241071969270706,0.355334460735321,0.5415390133857727,0.2872412800788879,0.6270101070404053,0.2146966308355331,0.6590771079063416,0.4493337273597717,0.471258670091629,0.2487810403108596,0.5987471342086792,0.78862464427948,0.1973186731338501
1748,1748,test,23909,0.4023637771606445,0.498633325099945,0.4041951894760132,0.495891273021698,0.6595860123634338,0.2630472779273987,0.7178387641906738,0.2252047657966613,0.7602185606956482,0.2264959663152694,0.8765921592712402,0.1270749270915985,0.5780982375144958,0.3512979447841644,0.4456878900527954,0.454924613237381,0.3248670697212219,0.5629737973213196,0.7099454998970032,0.2412631511688232,0.1782205402851104,0.674059271812439,0.6284428834915161,0.2746360301971435
1749,1749,train,23081,0.4948703050613403,0.4297971129417419,0.4638000130653381,0.4527625441551208,0.7772465348243713,0.19425730407238,0.8070419430732727,0.1769861578941345,0.8173078298568726,0.1873509436845779,0.8985877633094788,0.1160472705960273,0.6803650259971619,0.275387555360794,0.5551905632019043,0.3736915290355682,0.3846049606800079,0.5184468626976013,0.7991420030593872,0.1934073567390442,0.1593185663223266,0.6866047978401184,0.5886721611022949,0.2931757867336273
1750,1750,train,24459,0.625240683555603,0.3143267631530761,0.5325711369514465,0.3981155753135681,0.868052065372467,0.1267761439085006,0.8700514435768127,0.1206261068582534,0.8643021583557129,0.1282026469707489,0.9109150171279908,0.0950642377138137,0.7888628840446472,0.1692081987857818,0.7335470914840698,0.2008504122495651,0.4996779859066009,0.4492671191692352,0.8790308237075806,0.1196821331977844,0.1518470644950866,0.7018687129020691,0.5292928218841553,0.3180825412273407
1751,1751,train,23979,0.3958649635314941,0.5015308260917664,0.4015153050422668,0.5035269260406494,0.6586421728134155,0.2794824540615082,0.7171782851219177,0.2267773598432541,0.7695656418800354,0.2224912941455841,0.8799333572387695,0.1277359724044799,0.5889148712158203,0.355248361825943,0.4456674754619598,0.4757989645004272,0.3145679533481598,0.5628033876419067,0.7183416485786438,0.2481520473957061,0.1754257529973983,0.6732515692710876,0.652127206325531,0.2677423655986786
1752,1752,train,24148,0.255037397146225,0.6257416605949402,0.2807364761829376,0.6123570203781128,0.2991739511489868,0.5557084679603577,0.4262807369232178,0.4271081387996673,0.6597777009010315,0.2858670949935913,0.838295042514801,0.1279367506504058,0.3230066299438476,0.5598774552345276,0.2713454961776733,0.6336069703102112,0.2127513140439987,0.6752793788909912,0.3754351735115051,0.5082678198814392,0.2595881223678589,0.5921118855476379,0.7984157204627991,0.1932547241449356
1753,1753,train,23586,0.2881867289543152,0.587042510509491,0.3188395500183105,0.568108856678009,0.3943496942520141,0.4661914110183716,0.556617021560669,0.3349522352218628,0.710139274597168,0.2686908841133117,0.8600807785987854,0.1245553120970726,0.3985158205032348,0.4919941127300262,0.3126312494277954,0.589180052280426,0.2335852235555648,0.6294551491737366,0.5543110966682434,0.3714701235294342,0.2198805660009384,0.625360906124115,0.7462788224220276,0.2193747460842132
1754,1754,test,23404,0.2704575657844543,0.5929003357887268,0.3028148114681244,0.5757614970207214,0.3418458700180053,0.5023745894432068,0.5041580200195312,0.3643263578414917,0.6982866525650024,0.2731688618659973,0.8418091535568237,0.1274854987859726,0.3592848479747772,0.5163654088973999,0.2926870882511139,0.5915313363075256,0.22028349339962,0.6338009834289551,0.4905543029308319,0.4153893291950226,0.232149064540863,0.6084091663360596,0.7719890475273132,0.2015082091093063
1755,1755,test,23681,0.3521317839622497,0.5264517664909363,0.3655653297901153,0.5209606885910034,0.575160026550293,0.3249816596508026,0.6454796195030212,0.2655110657215118,0.7292900681495667,0.2402248680591583,0.8678261637687683,0.1311810463666916,0.5317168235778809,0.3803770840167999,0.3985470533370971,0.5087565779685974,0.2769997119903564,0.5778674483299255,0.6591508388519287,0.2761311829090118,0.1925404071807861,0.652145504951477,0.6884548664093018,0.2470027357339859
1756,1756,train,24228,0.2903323769569397,0.595034122467041,0.3201062679290771,0.5760370492935181,0.3821763694286346,0.47328782081604,0.5180792808532715,0.3430064916610718,0.6797246336936951,0.2685865461826324,0.8491271138191223,0.1281217336654663,0.3980547785758972,0.4861825406551361,0.318325936794281,0.5919696092605591,0.2372912764549255,0.6413043141365051,0.5317884087562561,0.3741894066333771,0.2211449444293975,0.6296652555465698,0.745756983757019,0.2184294462203979
1757,1757,train,24125,0.278379738330841,0.6047848463058472,0.3085103631019592,0.5855547189712524,0.3610263764858246,0.505918562412262,0.5174319744110107,0.3710722029209137,0.6996752619743347,0.2739424705505371,0.8533914685249329,0.1234006583690643,0.3742812275886535,0.521928608417511,0.3009558320045471,0.6082700490951538,0.2305737286806106,0.6525834202766418,0.5031503438949585,0.4242519736289978,0.236096054315567,0.6156603693962097,0.7748185396194458,0.201564148068428
1758,1758,train,24748,0.7500003576278687,0.2153245061635971,0.6054900288581848,0.3536243438720703,0.9255796670913696,0.1092226728796958,0.9267085194587708,0.1071437671780586,0.9230260252952576,0.1131097972393035,0.9471797943115234,0.0816501453518867,0.8859237432479858,0.1410912424325943,0.8488028049468994,0.1462243199348449,0.579755961894989,0.4025185406208038,0.9252416491508484,0.1082542091608047,0.1634905040264129,0.6906096339225769,0.5337090492248535,0.3243285417556762
1759,1759,test,24386,0.2967620491981506,0.5736384391784668,0.3222953677177429,0.5647221207618713,0.4033277332782745,0.4447316825389862,0.5434486865997314,0.331339955329895,0.6864492893218994,0.2662883698940277,0.8559765815734863,0.1305035203695297,0.4126993417739868,0.4710322618484497,0.323328286409378,0.5779833793640137,0.2395520061254501,0.6320673823356628,0.5390098094940186,0.3705078661441803,0.227297231554985,0.6276034712791443,0.761271595954895,0.2115533649921417
1760,1760,train,23394,0.4911142289638519,0.4392775297164917,0.4623320400714874,0.4584833681583404,0.7593551874160767,0.206483706831932,0.7781355381011963,0.1874671578407287,0.795682966709137,0.193529263138771,0.8916338682174683,0.1209504976868629,0.6647887825965881,0.2895920276641845,0.5347616672515869,0.3940005004405975,0.3910337686538696,0.5256502628326416,0.7811536192893982,0.2002470642328262,0.1548739522695541,0.7005070447921753,0.5760197043418884,0.2950613498687744
1761,1761,train,23083,0.2605214118957519,0.6251955628395081,0.26191046833992,0.6346416473388672,0.2987014055252075,0.5687824487686157,0.4157254695892334,0.4570035934448242,0.6503487229347229,0.3010104596614837,0.8266066312789917,0.1380940228700637,0.3167538344860077,0.5682259202003479,0.2657717168331146,0.6505851149559021,0.2214157432317733,0.6901414394378662,0.3541547358036041,0.5428981184959412,0.2804794609546661,0.5779721736907959,0.8117846846580505,0.1997489780187606
1762,1762,train,24622,0.6097813248634338,0.3276375830173492,0.525634765625,0.4032762050628662,0.8734531998634338,0.1330137103796005,0.8795273303985596,0.1257439404726028,0.874787449836731,0.1319786310195922,0.92276930809021,0.0948379635810852,0.7925482392311096,0.1831983774900436,0.7223836779594421,0.2254886776208877,0.4811252951622009,0.4568902254104614,0.8840879201889038,0.1265754401683807,0.1539603471755981,0.6973404288291931,0.5391680002212524,0.3176518380641937
1763,1763,train,24593,0.2810148596763611,0.5910798907279968,0.3115921020507812,0.5730948448181152,0.3585543632507324,0.4871329665184021,0.5185120105743408,0.3548625707626343,0.7021587491035461,0.2658895552158355,0.8546469211578369,0.1240546479821205,0.3708908259868622,0.5038270354270935,0.302794486284256,0.5966299176216125,0.2301581501960754,0.6377295255661011,0.5077217817306519,0.4072425365447998,0.2339352667331695,0.6169354319572449,0.7650308609008789,0.2039074301719665
1764,1764,train,23887,0.3886343240737915,0.5158581137657166,0.3913083970546722,0.5155795216560364,0.64715576171875,0.2869112491607666,0.7174151539802551,0.2216457277536392,0.7769544720649719,0.2109123021364212,0.8658972978591919,0.1292797178030014,0.5981508493423462,0.3491620421409607,0.4476842582225799,0.4823705852031708,0.3050902485847473,0.5835084915161133,0.715851366519928,0.2382103204727172,0.1899505704641342,0.6602336764335632,0.6706826090812683,0.2546032667160034
1765,1765,train,23258,0.2722559869289398,0.6020092964172363,0.3032175898551941,0.5897310972213745,0.3392690420150757,0.521798312664032,0.4910476207733154,0.3857705593109131,0.6936230063438416,0.2783324718475342,0.8457292914390564,0.1246983259916305,0.3623277842998504,0.5235573053359985,0.2966568171977997,0.6083937287330627,0.2253227680921554,0.6541796922683716,0.4520109891891479,0.4577173590660095,0.245023101568222,0.6050325036048889,0.786555290222168,0.1978589445352554
1766,1766,train,23186,0.6722943782806396,0.2862758636474609,0.5558310747146606,0.3833374679088592,0.893300473690033,0.1203111186623573,0.8966811299324036,0.114864781498909,0.8883674740791321,0.1204517111182212,0.9301205277442932,0.087615743279457,0.8285003900527954,0.1633134186267852,0.7776621580123901,0.1870781332254409,0.5204070806503296,0.4338421523571014,0.8999889492988586,0.1161359846591949,0.1550828516483307,0.6926776170730591,0.5326526761054993,0.3216963410377502
1767,1767,train,23561,0.5086484551429749,0.4169380366802215,0.4692834019660949,0.4447782337665558,0.7968145608901978,0.172271579504013,0.8146727681159973,0.1608420014381408,0.8209680318832397,0.1706975400447845,0.8939331769943237,0.1132665276527404,0.6942188739776611,0.2396863251924514,0.5863330960273743,0.3326221406459808,0.4064923524856567,0.5041617751121521,0.8159076571464539,0.1697728186845779,0.1520074903964996,0.6961758136749268,0.5672217011451721,0.3014959394931793
1768,1768,train,23959,0.5177127718925476,0.4168042838573456,0.4669616818428039,0.4501723945140838,0.8009573221206665,0.1993334889411926,0.8258543610572815,0.1840073466300964,0.8232194781303406,0.1914714574813842,0.8970875144004822,0.1237283498048782,0.7056006789207458,0.2697950303554535,0.5891580581665039,0.353476732969284,0.3984574973583221,0.5140644907951355,0.8139533996582031,0.1944366246461868,0.1530003994703292,0.6954776644706726,0.564287006855011,0.3014242053031921
1769,1769,train,24515,0.4320834577083587,0.4610588550567627,0.423079639673233,0.4759290814399719,0.6921433806419373,0.2227900624275207,0.7257354855537415,0.1946189999580383,0.7603983283042908,0.1979467570781707,0.8776661157608032,0.1234959289431572,0.5997840762138367,0.3059059679508209,0.4840665459632873,0.4239396452903747,0.3465721011161804,0.5371405482292175,0.724984347820282,0.2136532515287399,0.1702603995800018,0.6740907430648804,0.6162760853767395,0.2792033851146698
1770,1770,train,23875,0.4053930640220642,0.496013730764389,0.4122613370418548,0.4937934875488281,0.6692307591438293,0.257740318775177,0.717467725276947,0.2224884331226349,0.7763237357139587,0.2235569357872009,0.8771066069602966,0.1328059732913971,0.5921383500099182,0.3375206887722015,0.4591855406761169,0.4575183987617492,0.326953113079071,0.5636516213417053,0.7220553755760193,0.2419589608907699,0.1724008470773697,0.6773008704185486,0.6379497051239014,0.2712575793266296
1771,1771,train,23772,0.4455357193946838,0.4609670341014862,0.4304416179656982,0.4703457057476043,0.6951937675476074,0.2185424566268921,0.7353333830833435,0.1959589421749115,0.7747249007225037,0.1976062804460525,0.8733792901039124,0.1297419816255569,0.6130370497703552,0.2993292212486267,0.5005567669868469,0.4050354063510895,0.3639063537120819,0.5314355492591858,0.7371217608451843,0.20899698138237,0.163468450307846,0.6874037384986877,0.5975768566131592,0.287011981010437
1772,1772,train,24706,0.4305958449840545,0.4709979891777038,0.4272064566612243,0.4790942072868347,0.6766673922538757,0.2432282865047454,0.7170224189758301,0.2134413719177246,0.7534852623939514,0.2074760943651199,0.8717219233512878,0.1321597099304199,0.5962556600570679,0.3195590674877167,0.4803521633148193,0.4302241206169128,0.3403538465499878,0.5473706126213074,0.719758927822113,0.2261386066675186,0.1654491871595382,0.6868788003921509,0.6038081645965576,0.2893978357315063
1773,1773,test,24732,0.5675342679023743,0.3469784259796142,0.4999605417251587,0.414246916770935,0.8509148359298706,0.1380994915962219,0.8576311469078064,0.1310565322637558,0.8483819365501404,0.1382983326911926,0.9114739298820496,0.0982932448387146,0.7550636529922485,0.1902494430541992,0.6830806732177734,0.2378868013620376,0.4527507722377777,0.4711367189884186,0.8628891706466675,0.1329062134027481,0.1505496799945831,0.7009179592132568,0.5355824828147888,0.3186326622962951
1774,1774,train,23646,0.2541237771511078,0.6213957071304321,0.2589067816734314,0.6288408637046814,0.2873549163341522,0.5722168684005737,0.3880549967288971,0.456486314535141,0.6459186673164368,0.3001089096069336,0.8263498544692993,0.1380001157522201,0.3033374845981598,0.5753573179244995,0.2639248669147491,0.6415636539459229,0.2135098874568939,0.6854990124702454,0.3463638424873352,0.5478126406669617,0.2750211060047149,0.5717024207115173,0.8155564665794373,0.2033125758171081
1775,1775,train,24001,0.2660331130027771,0.6244716644287109,0.2758592665195465,0.6233440041542053,0.3181217014789581,0.5487585663795471,0.4360019564628601,0.4331793487071991,0.6581206321716309,0.2926207780838012,0.7705777287483215,0.1684070378541946,0.344417929649353,0.5462084412574768,0.279531866312027,0.6359449028968811,0.2203085571527481,0.685262143611908,0.3735836744308471,0.51442551612854,0.2701365947723388,0.585294783115387,0.8059846758842468,0.1931172609329223
1776,1776,train,24661,0.3702317178249359,0.5477790236473083,0.3881426453590393,0.5329759120941162,0.6139618158340454,0.3486977517604828,0.7035651803016663,0.2781069278717041,0.7630926966667175,0.2517763376235962,0.8752569556236267,0.1322070658206939,0.5537583827972412,0.4127964675426483,0.4215382039546966,0.5236369371414185,0.2992383241653442,0.5950904488563538,0.7014603018760681,0.2987721562385559,0.191249206662178,0.6579928398132324,0.6806561350822449,0.2537940442562103
1777,1777,test,23139,0.3750565350055694,0.522810697555542,0.377469927072525,0.5156766772270203,0.6451436281204224,0.3125317096710205,0.7375117540359497,0.2460299879312515,0.7784648537635803,0.2381375283002853,0.8832149505615234,0.1241858601570129,0.5547401309013367,0.3991970717906952,0.4087376892566681,0.5061078071594238,0.2951041162014007,0.5798299312591553,0.7210975289344788,0.2706864774227142,0.1825771182775497,0.658953845500946,0.6739934086799622,0.2579371631145477
1778,1778,train,24610,0.7006103992462158,0.2665373682975769,0.5700231790542603,0.3736716508865356,0.905677616596222,0.1176507696509361,0.9079794883728028,0.1121143624186515,0.9020232558250428,0.117922693490982,0.936945915222168,0.0868359506130218,0.8477919697761536,0.1542171537876129,0.8039032816886902,0.172062337398529,0.5373131632804871,0.4225271940231323,0.90950745344162,0.1138820722699165,0.1560535430908203,0.692034125328064,0.5332112908363342,0.323891669511795
1779,1779,test,23168,0.4078115224838257,0.5000410676002502,0.4111242592334747,0.5031524300575256,0.6569377779960632,0.2672689259052276,0.7153676152229309,0.2184355407953262,0.766671895980835,0.2247090190649032,0.8765751719474792,0.1297359466552734,0.5915808081626892,0.3442274928092956,0.457859069108963,0.4706116318702698,0.3184159696102142,0.5646967887878418,0.709747850894928,0.2388924211263656,0.1781074255704879,0.6671842932701111,0.6554690003395081,0.2646490335464477
1780,1780,train,24406,0.2583701610565185,0.6349281072616577,0.2904809117317199,0.6095752716064453,0.3080618977546692,0.560518741607666,0.4495154917240143,0.4241847991943359,0.6671783328056335,0.2861919999122619,0.8349928855895996,0.132015973329544,0.3318792283535003,0.561130166053772,0.282394528388977,0.6337315440177917,0.216351181268692,0.6767213344573975,0.4105105102062225,0.4983649253845215,0.2497173994779586,0.6101930141448975,0.7915701270103455,0.1986762732267379
1781,1781,train,23919,0.2519874572753906,0.6291935443878174,0.2737820148468017,0.6158855557441711,0.2998199462890625,0.55730801820755,0.4451137185096741,0.4174206852912903,0.6686655879020691,0.2801136374473572,0.8353644013404846,0.1269989013671875,0.3267025947570801,0.5553064942359924,0.2675090134143829,0.6429013609886169,0.2093202173709869,0.6835569143295288,0.3862924575805664,0.5023316740989685,0.2546682357788086,0.5937783718109131,0.7997637391090393,0.193634495139122
1782,1782,train,24263,0.7276486158370972,0.2479837536811828,0.5848782658576965,0.3677827417850494,0.9167839288711548,0.1171890497207641,0.9200214147567748,0.1131583526730537,0.9150364995002748,0.1198127195239067,0.9427229166030884,0.0860593989491462,0.8683586120605469,0.1576146483421325,0.8271164298057556,0.1665104180574417,0.5620496273040771,0.413364976644516,0.918798565864563,0.1139408275485038,0.1600549817085266,0.6936358213424683,0.5352151393890381,0.3239864408969879
1783,1783,train,23222,0.8192566633224487,0.1652989685535431,0.6761063933372498,0.2950593531131744,0.9231635332107544,0.1044153869152069,0.923255205154419,0.1034441068768501,0.9215510487556458,0.1025594398379325,0.9433835744857788,0.077787272632122,0.8924854397773743,0.1240080669522285,0.8857187628746033,0.1177911013364791,0.6356435418128967,0.3578116595745086,0.9245694875717164,0.1014605686068534,0.1844901293516159,0.6752848029136658,0.5336185097694397,0.3197954595088959
1784,1784,test,24397,0.3001404404640198,0.5902279019355774,0.3340936005115509,0.5709883570671082,0.4283607006072998,0.4581412374973297,0.5862858891487122,0.3255437910556793,0.7205408215522766,0.2647812068462372,0.8592523336410522,0.1274316161870956,0.4278123676776886,0.4849315583705902,0.3317790925502777,0.5888146758079529,0.2492003738880157,0.6399770379066467,0.5845715403556824,0.3690498769283294,0.2178537845611572,0.6388717293739319,0.7423074841499329,0.2189725190401077
1785,1785,train,24265,0.4832335114479065,0.4451303482055664,0.4562979936599731,0.4628662765026092,0.7652885317802429,0.2054585516452789,0.7907937169075012,0.1847396343946457,0.8139715194702148,0.1922018080949783,0.8917572498321533,0.1264436095952987,0.675797164440155,0.2803212106227875,0.558634340763092,0.383298397064209,0.3868331909179687,0.5153546333312988,0.8010488152503967,0.1964985132217407,0.1642688512802124,0.6867888569831848,0.5846551656723022,0.2956934571266174
1786,1786,train,23680,0.5103977918624878,0.4300188720226288,0.4816981852054596,0.4476356506347656,0.7889376282691956,0.193876564502716,0.8129890561103821,0.1740217059850692,0.8329340815544128,0.1838630437850952,0.9018014669418336,0.1182178184390068,0.7037845253944397,0.2696836292743683,0.6127451658248901,0.3523710370063782,0.4065678417682647,0.5013701915740967,0.8210080862045288,0.183484211564064,0.1578148305416107,0.6908114552497864,0.5745533108711243,0.2988339364528656
1787,1787,train,24740,0.6567978858947754,0.3036058843135834,0.5491007566452026,0.3886360228061676,0.8910563588142395,0.1330118477344513,0.896091103553772,0.1267979443073272,0.8935219049453735,0.1303970515727996,0.9261298179626464,0.0984271913766861,0.8208795785903931,0.1815460473299026,0.7708887457847595,0.2054130285978317,0.5155829787254333,0.4334502518177032,0.900700569152832,0.1250478327274322,0.1550542116165161,0.6957395076751709,0.532845675945282,0.324051558971405
1788,1788,train,24726,0.2549519538879394,0.6233431696891785,0.2645444273948669,0.6219847202301025,0.30063596367836,0.5563972592353821,0.4229529201984405,0.4360133707523346,0.6667555570602417,0.2892252504825592,0.8396456837654114,0.1255737841129303,0.3204658925533294,0.5530295968055725,0.2693209648132324,0.6397066712379456,0.2112668007612228,0.6838782429695129,0.3660230040550232,0.5253552198410034,0.2695765495300293,0.5747048854827881,0.8077543377876282,0.1928401589393615
1789,1789,test,23349,0.2557035386562347,0.6199348568916321,0.2826494872570038,0.6014195084571838,0.3164097666740417,0.5449566841125488,0.4518149495124817,0.4074845016002655,0.6755455136299133,0.283506840467453,0.8392586708068848,0.1245421916246414,0.3350781202316284,0.5449122190475464,0.2805776000022888,0.6236144304275513,0.2114378660917282,0.6672318577766418,0.4154426455497741,0.482690691947937,0.2539233267307281,0.5943900942802429,0.7933330535888672,0.1931053251028061
1790,1790,train,24458,0.2548616230487823,0.6251877546310425,0.2874850630760193,0.6052438020706177,0.3126882910728454,0.5493545532226562,0.4569549858570099,0.4057764410972595,0.6756401062011719,0.2810307145118713,0.8427887558937073,0.1227176859974861,0.3313494026660919,0.5551740527153015,0.2802163660526275,0.6305890083312988,0.2166171371936798,0.6735208034515381,0.4086088538169861,0.4887049496173858,0.2555746436119079,0.5956670045852661,0.7968762516975403,0.1951856166124344
1791,1791,test,24342,0.5751320719718933,0.3601373732089996,0.4960488080978393,0.4168400764465332,0.8590916991233826,0.1526934802532196,0.8691348433494568,0.1453379690647125,0.8569291234016418,0.1586007177829742,0.914787530899048,0.1045012176036834,0.765437662601471,0.2133822739124298,0.6809403896331787,0.2631071507930755,0.4577738046646118,0.4724340438842773,0.8667450547218323,0.147855743765831,0.1523658037185669,0.6975982785224915,0.5422025322914124,0.3137402832508087
1792,1792,train,24096,0.5822843313217163,0.3752672374248504,0.5081893801689148,0.4219328761100769,0.8619498610496521,0.1632468253374099,0.8746457099914551,0.1530577838420868,0.8638132810592651,0.1636604517698288,0.9148296117782592,0.1075772270560264,0.7724161148071289,0.2287861704826355,0.687213122844696,0.2808021605014801,0.4545085430145263,0.4748208224773407,0.8700211048126221,0.1597025990486145,0.1532866507768631,0.6960849165916443,0.5482848286628723,0.3140932917594909
1793,1793,train,24292,0.2632955610752105,0.6148295998573303,0.2868333160877228,0.5991696119308472,0.3243826627731323,0.5424745082855225,0.4713674485683441,0.4108716249465942,0.6970066428184509,0.2860952615737915,0.8436292409896851,0.1275010257959365,0.3449698090553283,0.5411888957023621,0.2823747396469116,0.6180496215820312,0.2127582430839538,0.6611249446868896,0.4275893270969391,0.4874005019664764,0.2498807907104492,0.5974852442741394,0.7931984066963196,0.196559190750122
1794,1794,train,23963,0.7299836874008179,0.2368459552526474,0.5848782658576965,0.3673686683177948,0.9136658310890198,0.1188837587833404,0.91590815782547,0.1163050010800361,0.9090800285339355,0.1241139397025108,0.9404346942901612,0.0878928303718566,0.8672525882720947,0.1527687907218933,0.8293593525886536,0.159198597073555,0.5636624693870544,0.4112971127033233,0.9161218404769896,0.1166778579354286,0.1624243855476379,0.6916264891624451,0.5309682488441467,0.32485431432724
1795,1795,train,24059,0.3163602352142334,0.5800060629844666,0.3420672714710235,0.5628030300140381,0.460423856973648,0.4347308278083801,0.6003028750419617,0.3188105225563049,0.7317086458206177,0.2603386640548706,0.861427903175354,0.1300847232341766,0.4446964859962463,0.4668329060077667,0.3396939635276794,0.571694552898407,0.2511161565780639,0.6278327703475952,0.6109627485275269,0.3495270311832428,0.2181705683469772,0.6308061480522156,0.7394048571586609,0.2322893142700195
1796,1796,test,23591,0.3470355272293091,0.5198798179626465,0.3600121736526489,0.5168886184692383,0.5692025423049927,0.3123720586299896,0.6454942226409912,0.2534141838550567,0.7299057841300964,0.2343071103096008,0.8668728470802307,0.1341766864061355,0.5217989683151245,0.3697609305381775,0.3896945118904114,0.4933266937732696,0.2772738933563232,0.5719685554504395,0.6612825989723206,0.2687081098556518,0.187629297375679,0.657368540763855,0.6723950505256653,0.2547631859779358
1797,1797,train,23987,0.2773839235305786,0.607122004032135,0.3037958443164825,0.5891271233558655,0.3461597263813019,0.5284005999565125,0.4939335584640503,0.4001837968826294,0.6905006766319275,0.2846321165561676,0.8450104594230652,0.128162682056427,0.3701655268669128,0.5307497978210449,0.3004590570926666,0.6106167435646057,0.2265632152557373,0.6572171449661255,0.4614827930927276,0.4642680585384369,0.2475177943706512,0.6082571148872375,0.7845706343650818,0.200922355055809
