,CH,W,CO,UW,NN,DT,RB,JJ,IN,GF,SMOG,RIX,DC,WT,S,LW,CW,NBW,DW,index,split
0,369,69,2,48,7,3,2,2,9,6.099710144927537,5.683917801722854,2.8,9.35547275362319,50,5,12,1,44,8,0,train
1,206,37,1,31,5,3,0,2,6,6.943243243243244,8.07648339933343,2.0,10.92340810810811,31,4,8,3,26,8,1,train
2,408,80,1,56,12,6,3,4,14,7.9,7.554174236665414,2.8,7.390725,56,5,13,3,39,11,2,test
3,219,42,0,37,11,6,1,0,6,10.304761904761905,8.841846274778883,4.0,8.061671428571428,37,2,8,2,21,5,3,train
4,231,38,1,33,6,1,2,1,8,8.010526315789475,9.516144504307135,2.25,10.340594736842105,36,4,9,5,27,8,4,train
5,237,42,2,38,6,2,4,3,7,7.504761904761906,8.841846274778883,3.3333333333333335,8.09042380952381,41,3,10,3,23,6,5,test
6,203,39,0,30,2,2,1,0,6,8.276923076923078,9.725611199111238,3.0,8.734889743589743,30,3,9,4,20,5,6,train
7,68,14,0,14,1,0,0,0,2,2.8000000000000003,3.1291,1.0,9.622985714285715,15,2,2,0,7,1,7,test
8,48,9,0,9,2,1,1,1,1,3.6,3.1291,1.0,7.591788888888889,10,1,1,0,6,1,8,train
9,500,98,6,70,8,6,6,10,14,9.47265306122449,8.238735603445708,1.8,7.8311089795918365,71,5,9,4,42,11,9,test
10,253,48,0,38,5,3,2,1,10,7.300000000000001,8.07648339933343,2.25,8.1792,37,4,9,3,21,8,10,train
11,359,65,2,52,9,6,6,2,11,7.046153846153846,7.554174236665414,2.2,9.625607692307693,50,5,11,3,43,12,11,train
12,937,162,9,110,20,13,14,5,19,7.304485852311939,8.344100000000001,2.1666666666666665,9.964616494133885,105,18,39,15,112,36,12,train
13,430,86,1,54,9,7,2,6,9,7.8102325581395355,6.742157984588678,2.0,8.161713023255814,57,5,10,2,36,12,13,test
14,1435,277,9,125,35,22,19,9,43,6.550830324909747,6.508806274219699,1.9,8.028694657039711,118,20,38,7,154,27,14,train
15,218,42,0,37,6,2,2,2,6,4.2,3.1291,2.25,8.292776190476191,37,4,9,0,22,6,15,train
16,451,91,0,60,7,5,8,2,14,6.506227106227107,5.46131890053228,2.3333333333333335,8.90019523809524,59,6,12,1,49,10,16,train
17,274,52,1,46,3,3,3,3,6,6.738461538461539,7.168621630094336,2.75,8.532453846153846,46,4,11,2,26,8,17,train
18,199,40,1,32,7,6,2,5,6,9.0,7.168621630094336,3.0,6.997,34,2,6,1,18,4,18,train
19,165,27,0,23,5,4,3,2,2,11.007407407407408,10.504223727775692,2.6666666666666665,11.100677777777777,22,3,8,5,16,8,19,train
20,222,46,0,29,7,2,6,1,3,9.200000000000001,3.1291,1.0,6.1503434782608695,31,2,2,0,22,1,20,train
21,184,34,0,31,4,0,6,5,4,8.062745098039215,8.841846274778883,1.6666666666666667,8.842750980392157,32,3,5,3,16,5,21,train
22,38,9,0,9,3,1,0,1,1,3.6,3.1291,0.0,0.44639999999999996,10,1,0,0,3,0,22,train
23,166,34,1,26,4,1,1,1,5,6.886274509803923,7.793537801064561,1.0,8.842750980392157,26,3,3,2,13,3,23,train
24,385,73,0,50,13,5,5,4,7,6.36320939334638,7.447530270364452,1.4285714285714286,8.263483170254403,50,7,9,4,40,7,24,test
25,166,33,0,29,2,2,2,1,5,6.824242424242425,7.793537801064561,1.6666666666666667,8.009978787878788,31,3,4,2,13,3,25,train
26,116,23,0,21,0,1,0,2,3,8.078260869565218,8.841846274778883,2.0,9.012552173913043,21,2,4,2,10,4,26,train
27,86,15,0,14,3,1,0,0,2,5.666666666666668,7.168621630094336,2.0,9.271833333333333,15,2,4,1,9,3,27,train
28,682,116,2,75,21,7,4,4,18,6.327851458885942,7.882392219407189,2.6153846153846154,11.429601856763925,74,13,33,9,84,28,28,train
29,664,121,3,82,18,10,4,5,19,6.823471074380166,7.908726449838941,2.1,8.282031900826446,82,10,21,7,70,16,29,train
30,301,62,2,41,4,4,4,1,11,6.250322580645161,6.742157984588678,1.2,7.307669032258065,38,5,7,2,32,7,30,train
31,398,82,1,58,11,7,1,2,11,17.37560975609756,10.125756701596842,4.0,9.521319512195122,61,2,8,3,38,7,31,train
32,292,51,2,43,8,4,2,5,7,5.648627450980392,6.742157984588678,2.2,8.476929803921568,46,5,11,2,33,8,32,train
33,117,21,0,21,5,2,2,1,2,10.304761904761905,8.841846274778883,5.0,8.43762380952381,23,1,5,1,14,3,33,train
34,227,47,0,37,11,7,0,1,8,11.10212765957447,8.841846274778883,3.0,7.489759574468085,36,2,6,2,19,6,34,test
35,352,64,1,47,7,4,2,2,10,4.891666666666667,5.46131890053228,1.6666666666666667,8.113066666666667,45,6,10,1,36,8,35,train
36,662,118,1,82,18,8,3,5,17,5.628248587570622,7.168621630094336,1.9166666666666667,8.406267231638418,82,12,23,6,74,20,36,train
37,147,27,0,21,3,2,3,2,1,2.7,3.1291,1.25,7.480188888888889,26,4,2,0,15,2,37,test
38,82,16,0,15,1,0,0,1,2,3.2,3.1291,1.0,7.9808,17,2,2,0,12,1,38,test
39,192,35,1,32,4,1,3,3,7,6.9523809523809526,8.841846274778883,3.3333333333333335,9.177738095238094,34,3,10,3,21,7,39,train
40,177,35,1,30,4,3,2,2,5,8.142857142857144,7.168621630094336,3.0,7.6625000000000005,31,2,6,1,14,6,40,test
41,146,32,0,24,2,3,1,3,5,12.8,3.1291,2.0,8.184325000000001,24,1,2,0,9,4,41,train
42,487,89,1,56,10,5,3,2,14,7.7310861423220985,7.793537801064561,3.3333333333333335,8.985042322097378,57,6,20,4,49,15,42,train
43,162,28,0,26,3,1,3,1,5,7.954285714285715,8.238735603445708,1.6,10.681402857142857,28,5,8,4,22,7,43,train
44,114,24,0,20,4,3,0,1,3,2.4000000000000004,3.1291,0.5,5.249933333333333,22,4,2,0,12,1,44,test
45,229,46,1,37,4,2,0,3,7,10.069565217391306,7.168621630094336,3.0,8.896430434782609,39,2,6,1,24,6,45,train
46,518,101,0,72,17,9,4,3,11,11.288118811881189,8.07648339933343,2.75,8.32830594059406,74,4,11,3,47,10,46,train
47,392,72,0,50,10,3,4,1,15,5.780952380952382,7.447530270364452,2.4285714285714284,9.410004761904762,50,7,17,4,38,13,47,train
48,390,68,1,50,16,5,0,1,16,6.886274509803923,7.793537801064561,3.0,10.235986274509806,52,6,17,4,45,11,48,train
49,572,93,7,67,21,11,4,8,13,8.004301075268819,9.994966539143718,3.4444444444444446,9.751936559139786,68,9,31,13,68,20,49,train
50,492,94,0,62,9,5,5,5,9,5.796960486322189,5.288315135182226,2.0,8.334046504559272,61,7,14,1,44,10,50,train
51,315,58,1,32,4,2,4,1,13,2.577777777777778,3.1291,1.4444444444444444,10.48993754789272,32,9,13,0,41,10,51,train
52,767,136,3,92,26,12,3,2,22,7.5925133689839575,8.575989854853784,2.5454545454545454,9.009956951871658,90,11,29,10,85,22,52,test
53,159,33,0,28,6,3,2,2,4,4.4,3.1291,1.6666666666666667,8.966948484848485,30,3,5,0,16,5,53,train
54,324,58,1,38,5,0,1,1,11,4.693596059113301,6.18269132825596,2.142857142857143,8.947816256157637,38,7,14,2,34,10,54,train
55,183,37,3,30,3,3,1,2,8,4.781081081081081,5.985473137389441,1.25,8.362867567567568,30,4,5,1,18,4,55,train
56,322,56,0,48,8,3,6,4,8,8.019047619047619,9.2995712137729,2.0,9.174790476190477,51,6,12,7,39,10,56,train
57,426,75,3,54,13,9,3,1,13,6.419047619047619,7.957251820313856,2.142857142857143,9.220728571428571,54,7,15,5,48,12,57,train
58,85,17,0,14,2,1,0,0,5,3.4000000000000004,3.1291,1.5,9.631041176470589,16,2,3,0,7,3,58,train
59,140,24,1,23,3,1,2,0,5,6.466666666666668,10.125756701596842,2.5,7.521283333333333,25,2,5,3,14,3,59,train
60,45,11,0,11,2,1,0,1,2,4.4,3.1291,0.0,0.5456,12,1,0,0,3,0,60,train
61,285,52,1,39,6,1,4,3,8,6.543589743589743,7.793537801064561,2.0,9.835789743589743,40,6,12,3,32,9,61,test
62,325,61,1,47,7,3,2,1,10,4.797189695550351,6.868970318607317,1.5714285714285714,9.245777751756439,46,7,11,3,33,8,62,test
63,99,18,0,17,1,1,1,1,1,11.644444444444446,11.20814326018867,4.0,8.915411111111112,18,1,4,2,9,2,63,train
64,103,21,0,18,0,0,0,0,3,8.4,3.1291,3.0,9.189528571428571,18,1,3,0,8,3,64,train
65,183,38,0,30,2,0,8,2,6,5.066666666666666,3.1291,0.3333333333333333,6.342398245614035,32,3,1,0,15,1,65,test
66,110,22,0,20,5,4,1,2,2,10.618181818181819,8.841846274778883,2.0,8.316336363636363,19,1,2,1,8,3,66,test
67,525,94,5,67,7,1,7,2,15,4.185531914893618,6.2581,2.1,8.638165531914893,66,10,21,3,64,11,67,train
68,161,30,0,26,7,2,1,2,5,12.0,8.841846274778883,3.0,6.7035,28,1,3,1,16,3,68,test
69,276,46,0,32,5,2,1,5,6,4.805797101449276,6.42735559955562,2.1666666666666665,9.165679710144929,35,6,11,2,33,8,69,test
70,435,76,8,60,9,2,6,1,10,5.905263157894737,7.168621630094336,1.875,8.678489473684209,61,8,14,4,53,10,70,train
71,402,74,2,57,7,4,1,5,13,10.643243243243244,10.686352973137792,3.75,8.39491081081081,54,4,15,7,37,13,71,train
72,340,58,0,46,9,3,6,1,7,8.088275862068967,9.888512548439397,3.4,9.112204827586208,47,5,17,7,40,13,72,train
73,588,112,6,70,17,10,4,4,19,6.314285714285715,6.6274283507984215,1.75,8.560364285714286,71,8,14,3,65,11,73,train
74,17,3,0,3,1,0,0,0,0,1.2000000000000002,3.1291,0.0,9.048633333333335,4,1,0,0,2,0,74,train
75,496,97,2,64,13,6,5,2,23,6.36759941089838,6.868970318607317,2.0,8.067834904270986,60,7,14,3,58,12,75,test
76,237,44,0,33,5,0,3,1,9,4.751515151515152,6.42735559955562,1.6666666666666667,9.024324242424242,33,6,10,2,24,7,76,train
77,305,56,2,47,6,1,4,1,11,5.854545454545455,6.742157984588678,2.8,10.21100909090909,44,5,14,2,35,11,77,train
78,383,73,2,48,8,5,3,5,9,4.197945205479452,5.985473137389441,1.375,9.064031506849314,48,8,11,2,39,9,78,train
79,205,38,0,28,4,1,1,0,3,6.1192982456140355,6.42735559955562,2.0,9.666608771929825,30,3,6,1,21,7,79,test
80,292,52,3,42,7,1,5,1,6,3.740659340659341,6.18269132825596,1.4285714285714286,8.559764835164835,47,7,10,2,41,8,80,train
81,145,26,0,23,3,2,1,1,5,8.276923076923078,8.841846274778883,3.0,10.354376923076924,23,2,6,2,12,6,81,train
82,146,29,1,25,3,1,1,2,4,11.600000000000001,8.841846274778883,4.0,7.2528310344827585,27,1,4,1,10,2,82,test
83,308,55,0,41,11,4,1,1,8,5.121212121212121,6.42735559955562,2.6666666666666665,8.971712121212121,42,6,15,2,34,10,83,train
84,378,70,0,52,11,5,1,2,11,9.285714285714286,8.841846274778883,4.0,9.015928571428573,52,4,15,4,41,12,84,train
85,227,45,1,36,5,4,4,3,7,4.488888888888889,5.683917801722854,1.0,8.995344444444445,37,5,5,1,25,5,85,train
86,442,82,4,65,9,5,4,0,17,6.149128919860627,6.868970318607317,2.0,8.838991986062718,64,7,13,3,52,12,86,test
87,250,47,0,38,8,3,0,2,7,7.1642553191489355,8.238735603445708,2.0,8.47018680851064,37,5,10,4,23,9,87,train
88,107,22,0,21,5,1,0,1,5,10.618181818181819,8.841846274778883,2.0,7.5986090909090915,22,1,2,1,8,2,88,train
89,550,94,0,67,19,9,2,3,16,6.827659574468085,8.07648339933343,3.25,9.090682978723404,66,8,25,6,58,18,89,test
90,170,33,0,29,3,2,1,2,3,3.3000000000000003,5.985473137389441,1.5,7.39509393939394,30,4,6,1,19,3,90,train
91,312,52,1,42,6,3,4,3,5,4.509890109890111,6.18269132825596,1.7142857142857142,10.078034065934066,45,7,11,2,42,9,91,train
92,869,155,5,100,18,8,11,8,23,8.382133995037222,9.057496981413337,2.076923076923077,7.691497518610422,93,13,25,14,95,22,92,train
93,92,20,0,19,3,3,0,1,3,4.0,3.1291,1.5,8.8695,18,2,3,0,7,4,93,train
94,291,51,2,44,10,4,4,2,6,12.55294117647059,10.125756701596842,5.0,10.783849019607844,46,2,10,3,32,12,94,train
95,340,69,0,49,8,2,1,4,9,5.5200000000000005,3.1291,1.6,7.982429275362319,48,5,7,0,31,8,95,train
96,238,43,1,32,4,3,1,2,5,6.587596899224806,7.793537801064561,1.1666666666666667,9.132896899224807,35,6,7,4,30,6,96,train
97,142,26,0,24,2,2,3,2,3,8.082051282051282,8.841846274778883,1.6666666666666667,8.924828205128204,24,3,5,3,18,5,97,train
98,300,54,0,42,10,5,2,2,11,12.281481481481482,10.125756701596842,6.0,8.776996296296296,44,2,12,3,26,9,98,train
99,96,22,1,18,4,3,0,4,0,4.2,3.1291,0.5,5.6611095238095235,20,2,1,0,11,1,99,train
100,99,18,0,17,2,3,0,2,4,11.644444444444446,11.20814326018867,3.0,8.03818888888889,18,1,3,2,11,3,100,train
101,236,48,0,37,11,2,4,2,8,5.633333333333334,5.985473137389441,1.25,6.20545,34,4,5,1,17,3,101,train
102,666,120,3,88,22,13,5,7,17,8.666666666666668,9.150863307647796,3.0,9.429583333333333,85,9,26,10,79,25,102,test
103,280,51,1,40,7,0,4,3,8,6.800000000000001,3.1291,3.3333333333333335,8.504601960784314,42,3,10,0,27,6,103,test
104,112,23,0,18,2,1,1,2,3,4.805797101449276,6.42735559955562,1.3333333333333333,6.7628536231884055,17,3,4,1,8,4,104,train
105,153,28,0,22,2,1,1,0,4,3.733333333333334,3.1291,2.3333333333333335,10.302647619047619,24,3,6,0,21,5,105,test
106,412,71,2,44,14,8,2,3,10,9.714285714285715,10.290406445055957,2.857142857142857,10.448500000000001,45,7,20,11,50,16,106,train
107,88,18,0,17,1,1,1,2,2,7.2,3.1291,3.0,0.8927999999999999,18,1,3,0,5,0,107,train
108,267,53,1,39,5,3,1,2,7,4.24,3.1291,1.2,7.141505283018868,41,5,6,0,22,4,108,train
109,165,32,0,25,5,2,3,1,5,5.516666666666667,7.793537801064561,2.3333333333333335,6.6327541666666665,26,3,7,2,18,2,109,train
110,259,47,1,39,9,6,3,3,6,7.872463768115942,8.841846274778883,2.3333333333333335,7.143120289855072,39,3,6,3,26,5,110,train
111,216,41,2,32,5,4,1,2,7,8.39349593495935,9.725611199111238,3.0,7.395342276422764,32,3,9,4,17,6,111,train
112,487,91,3,60,9,7,3,5,15,6.716923076923077,7.908726449838941,2.1,9.987420439560442,57,10,21,7,53,16,112,train
113,453,74,2,51,14,2,2,3,11,8.024324324324324,8.841846274778883,2.75,11.776921621621621,51,8,22,8,57,22,113,train
114,119,25,0,21,1,1,0,1,5,6.6000000000000005,7.168621630094336,1.0,6.7829,24,2,2,1,10,3,114,train
115,626,103,4,73,19,10,7,7,16,8.391844660194176,9.3871,2.5,9.359613009708738,74,10,25,12,74,21,115,test
116,289,53,0,44,9,4,5,1,8,6.809433962264151,7.168621630094336,2.25,8.464643396226416,43,4,9,2,28,9,116,train
117,189,38,3,30,1,0,2,1,9,15.200000000000001,3.1291,5.0,9.676563157894737,31,1,5,0,19,6,117,train
118,267,50,1,42,7,5,2,1,7,5.800000000000001,7.168621630094336,2.0,7.4145,42,4,8,2,24,7,118,train
119,113,24,0,22,2,0,1,2,5,4.866666666666667,6.42735559955562,1.0,7.9808,23,3,3,1,12,2,119,train
120,151,26,0,25,4,1,1,1,2,5.005128205128205,7.793537801064561,2.6666666666666665,10.139443589743589,25,3,8,2,16,6,120,train
121,225,44,0,30,3,1,3,1,4,4.42909090909091,5.683917801722854,1.2,9.814798181818183,31,5,6,1,24,7,121,test
122,129,26,0,20,3,2,1,0,5,5.2,3.1291,1.5,7.925146153846153,22,2,3,0,11,3,122,train
123,73,15,0,15,1,0,1,1,2,6.0,8.841846274778883,2.0,8.591166666666666,15,1,2,1,8,2,123,train
124,359,70,2,53,4,3,3,1,10,5.80952380952381,6.42735559955562,1.8333333333333333,8.27545238095238,52,6,11,2,33,6,124,train
125,292,60,0,47,6,5,6,6,8,5.466666666666667,5.683917801722854,0.8,7.126533333333334,44,5,4,1,25,5,125,train
126,387,76,1,50,9,3,3,2,13,6.606315789473683,6.742157984588678,2.0,7.71463052631579,48,5,10,2,38,7,126,train
127,572,112,1,71,14,5,2,6,18,6.631081081081081,7.168621630094336,2.0,8.165510810810812,71,8,14,4,55,14,127,train
128,164,32,0,28,0,2,0,0,4,4.45,7.168621630094336,1.25,6.5004875,28,4,5,2,19,3,128,train
129,136,31,1,25,2,0,2,2,4,6.2,3.1291,0.5,8.48013870967742,27,2,1,0,11,3,129,train
130,171,35,0,29,8,4,2,2,6,14.0,3.1291,3.0,8.981642857142857,29,1,3,0,15,6,130,train
131,610,107,4,74,19,4,5,4,21,7.592990654205607,8.472884824447931,3.375,9.464853271028037,73,8,27,7,69,22,131,train
132,69,10,1,10,1,1,2,0,1,4.0,3.1291,3.0,12.0275,13,1,2,0,9,2,132,train
133,193,36,0,28,3,1,1,2,8,2.8800000000000003,3.1291,1.6,9.695564444444447,28,5,8,0,23,5,133,train
134,209,43,0,36,9,2,3,3,4,5.733333333333334,3.1291,1.0,6.183479844961241,35,3,3,0,23,2,134,train
135,135,26,1,26,4,2,1,0,4,5.2,3.1291,3.0,7.925146153846153,27,2,6,0,16,3,135,train
136,484,91,1,60,17,9,4,4,14,5.5068931068931075,6.980632752743321,1.2727272727272727,9.078805294705294,58,11,14,5,54,14,136,train
137,85,18,0,16,1,1,0,2,3,7.2,11.20814326018867,2.0,8.03818888888889,17,1,2,2,7,1,137,train
138,115,23,0,20,0,1,1,2,4,6.339130434782609,8.841846274778883,1.5,8.32603043478261,21,2,3,2,12,2,138,train
139,314,59,0,43,6,2,3,0,11,4.727360774818402,6.18269132825596,1.5714285714285714,8.604218159806296,42,7,11,2,32,9,139,test
140,384,71,5,59,10,2,3,2,12,5.803521126760564,7.168621630094336,1.375,9.414164788732394,61,8,11,4,54,12,140,train
141,209,37,0,32,6,4,0,0,7,11.724324324324325,11.20814326018867,3.0,10.528694594594596,32,2,6,4,17,7,141,test
142,479,90,2,61,12,5,4,3,17,6.031746031746032,6.18269132825596,2.2857142857142856,9.362103174603174,60,7,16,2,51,14,142,train
143,87,16,0,16,1,0,3,0,2,3.2,3.1291,1.5,8.967675,17,2,3,0,9,2,143,train
144,198,40,0,35,5,1,5,2,6,5.333333333333334,3.1291,1.3333333333333333,6.666333333333333,34,3,4,0,19,2,144,train
145,311,60,2,44,6,2,1,0,8,9.333333333333334,8.841846274778883,2.0,8.576,47,3,6,3,33,4,145,train
146,171,36,3,28,0,0,3,0,6,4.800000000000001,3.1291,1.0,6.863366666666667,29,3,3,0,17,3,146,train
147,92,17,0,16,4,2,0,1,3,5.752941176470589,7.168621630094336,1.5,6.844570588235294,18,2,3,1,8,2,147,test
148,722,132,8,88,18,12,3,4,17,7.078787878787878,8.167268648758528,2.7777777777777777,7.713360606060606,84,9,24,7,80,14,148,train
149,96,18,1,18,1,0,0,0,2,3.6,3.1291,1.5,9.346233333333334,19,2,3,0,10,3,149,train
150,243,47,1,39,3,0,5,2,10,7.968794326241135,8.841846274778883,2.0,8.445056028368795,41,3,6,3,20,7,150,train
151,128,26,0,23,5,3,1,2,3,6.543589743589743,7.793537801064561,1.0,10.139443589743589,23,3,3,2,15,5,151,test
152,113,21,0,19,3,1,0,0,2,2.1,3.1291,1.0,9.912138095238095,21,4,4,0,14,3,152,train
153,253,45,0,33,6,2,2,2,7,4.777777777777778,6.42735559955562,1.5,9.271833333333333,34,6,9,1,29,7,153,train
154,41,6,0,6,1,0,0,1,0,9.066666666666668,8.841846274778883,3.0,17.092433333333332,7,1,3,1,6,3,154,train
155,152,29,0,23,1,0,7,3,1,3.8666666666666667,3.1291,1.3333333333333333,7.3828632183908045,25,3,4,0,19,3,155,train
156,151,25,0,23,4,1,2,0,3,6.533333333333335,7.793537801064561,2.3333333333333335,10.365833333333335,25,3,7,2,20,5,156,train
157,306,55,0,45,7,4,1,3,9,5.324675324675325,7.447530270364452,1.7142857142857142,9.48094155844156,45,7,12,4,36,9,157,train
158,328,63,0,42,15,5,1,2,11,6.934920634920636,7.168621630094336,3.25,8.929128571428572,43,4,13,2,35,10,158,train
159,198,40,0,29,3,0,4,4,5,9.0,7.168621630094336,3.0,7.7865,30,2,6,1,16,5,159,train
160,403,80,0,56,7,5,4,3,15,9.5,8.07648339933343,2.0,8.18125,57,4,7,2,35,11,160,test
161,81,17,0,17,2,1,1,0,1,3.4000000000000004,3.1291,0.5,7.773394117647059,19,2,1,0,8,1,161,train
162,223,42,2,33,2,3,0,2,5,3.3600000000000003,3.1291,1.4,9.692425714285715,36,5,7,0,27,7,162,train
163,492,94,6,60,10,4,5,6,20,5.028841607565012,5.82211442006289,2.111111111111111,8.186033806146572,58,9,19,2,55,13,163,train
164,295,57,1,40,3,2,1,2,9,5.963508771929825,7.554174236665414,2.4,8.634220701754385,40,5,12,3,28,6,164,train
165,433,77,1,53,11,3,2,1,10,5.157922077922078,7.168621630094336,1.8,9.555173246753247,52,10,18,5,51,15,165,test
166,45,10,0,9,1,1,2,0,0,8.0,8.841846274778883,1.0,7.2905,9,1,1,1,3,2,166,train
167,281,52,0,39,4,2,2,2,7,9.046153846153846,10.686352973137792,2.25,9.443415384615385,39,4,9,8,30,7,167,test
168,528,93,4,63,8,3,6,7,11,7.160860215053764,8.238735603445708,2.4,9.530898279569893,58,10,21,8,65,17,168,train
169,192,39,2,36,5,4,5,1,6,5.2,3.1291,1.3333333333333333,7.925146153846153,38,3,4,0,24,4,169,train
170,306,58,0,43,5,3,5,2,7,10.491954022988507,10.504223727775692,3.0,7.3178471264367815,42,3,9,5,30,8,170,train
171,53,10,0,10,2,0,0,0,0,6.0,7.168621630094336,1.0,11.7795,12,2,2,1,10,2,171,train
172,212,40,0,34,1,1,3,2,6,5.2,8.238735603445708,1.6,8.770299999999999,34,5,8,4,21,6,172,test
173,483,85,3,63,9,4,8,4,12,3.561497326203209,6.112484441749459,1.7272727272727273,9.778478609625669,62,11,19,3,62,14,173,train
174,26,6,0,6,2,0,0,0,2,2.4000000000000004,3.1291,0.0,9.197433333333334,6,1,0,0,3,0,174,train
175,38,7,0,7,1,0,0,1,1,2.8000000000000003,8.841846274778883,1.0,0.3472,8,1,1,1,2,0,175,train
176,465,81,1,57,16,4,3,6,10,8.085361552028218,9.236282656511921,3.2857142857142856,10.058591005291007,58,7,23,8,51,19,176,train
177,330,61,0,47,5,4,3,2,11,7.3453551912568305,8.841846274778883,1.8333333333333333,8.282406010928963,45,6,11,6,32,8,177,train
178,265,47,1,39,4,2,3,1,6,6.402127659574468,8.07648339933343,2.25,9.93057659574468,38,4,9,3,30,8,178,test
179,191,37,0,29,4,2,0,2,5,5.8621621621621625,7.168621630094336,1.5,9.643137837837838,30,4,6,2,18,5,179,train
180,425,76,0,54,15,7,1,4,10,7.698245614035088,8.344100000000001,3.3333333333333335,10.289898245614035,56,6,19,5,47,15,180,test
181,241,47,0,36,4,4,2,1,9,7.968794326241135,9.725611199111238,3.0,8.109098581560284,34,3,9,4,18,7,181,train
182,217,40,0,35,6,3,3,1,5,6.333333333333334,8.841846274778883,3.0,9.824333333333334,38,3,9,3,26,8,182,train
183,249,44,0,37,3,1,4,2,6,8.945454545454545,9.516144504307135,2.75,8.847327272727274,39,4,11,5,30,9,183,train
184,445,79,1,54,8,4,1,6,9,6.539602169981918,7.447530270364452,2.5714285714285716,9.592853707052441,57,7,14,4,53,12,184,train
185,426,76,0,51,11,7,3,2,10,5.9218045112781965,6.868970318607317,2.4285714285714284,7.291461654135338,53,7,16,3,44,11,185,train
186,86,17,0,16,1,1,0,1,3,3.4000000000000004,3.1291,1.0,5.91574705882353,17,2,2,0,6,2,186,test
187,405,77,0,58,8,5,3,1,11,7.2112554112554115,8.344100000000001,2.5,8.169267099567099,53,6,15,5,35,7,187,train
188,199,37,0,31,4,1,0,0,6,5.8621621621621625,7.168621630094336,1.75,8.362867567567568,31,4,7,2,20,6,188,train
189,231,45,0,36,5,4,1,2,8,5.388888888888889,5.985473137389441,2.0,7.703388888888889,37,4,8,1,22,4,189,test
190,179,35,1,29,4,2,2,0,6,4.642857142857143,7.168621630094336,1.75,10.386500000000002,30,4,7,2,22,6,190,train
191,470,86,2,60,9,6,5,0,14,6.16046511627907,7.6454224807358475,1.625,8.759816279069767,56,8,13,5,52,12,191,test
192,556,100,4,75,13,6,4,2,20,10.4,10.355215969177355,4.4,8.576,76,5,22,8,58,13,192,train
193,204,39,2,36,9,3,1,4,2,6.225641025641026,6.42735559955562,2.0,7.115402564102564,35,3,6,1,20,5,193,train
194,237,48,0,41,6,3,5,3,4,4.673333333333334,5.683917801722854,1.6,8.389118333333332,39,5,8,1,25,7,194,test
195,302,52,0,35,6,3,3,5,7,6.467692307692308,7.554174236665414,3.0,7.492532307692308,34,5,15,3,31,7,195,train
196,228,43,1,34,4,3,1,3,2,9.454263565891473,9.725611199111238,2.6666666666666665,8.753944961240311,37,3,8,4,19,7,196,train
197,380,78,0,53,4,4,2,9,11,5.712820512820514,5.46131890053228,1.6666666666666667,6.305658974358975,48,6,10,1,29,3,197,train
198,185,34,1,26,7,2,0,1,5,5.7098039215686285,6.42735559955562,2.0,7.913927450980393,27,3,6,1,18,5,198,train
199,354,60,5,52,8,3,8,2,8,7.333333333333335,8.344100000000001,1.8333333333333333,8.606333333333334,53,6,11,5,39,9,199,train
200,196,35,1,29,5,3,0,2,6,5.085714285714286,6.742157984588678,1.8,9.848557142857143,29,5,9,2,23,6,200,train
201,330,61,0,42,10,3,5,3,11,8.067213114754098,8.07648339933343,3.5,9.569949180327868,43,4,14,3,33,11,201,train
202,751,131,1,91,20,7,7,9,17,4.409363867684478,6.742157984588678,2.0,7.444635165394402,88,15,30,6,77,17,202,test
203,272,50,1,35,5,2,1,2,6,5.733333333333334,7.168621630094336,1.5,9.734233333333332,36,6,9,3,31,7,203,train
204,341,65,1,41,5,1,2,3,13,6.5,3.1291,3.0,7.357576923076923,44,4,11,0,32,7,204,test
205,249,50,0,36,3,3,1,4,8,4.0,3.1291,1.6,7.9221,38,5,7,0,25,6,205,train
206,285,53,1,42,9,5,3,5,3,5.042767295597485,6.42735559955562,2.0,10.628972955974843,40,6,12,2,34,14,206,test
207,74,11,0,11,4,1,0,0,2,8.036363636363637,8.841846274778883,4.0,7.053009090909091,12,1,4,1,7,1,207,train
208,180,38,0,31,3,2,1,2,5,7.6000000000000005,7.168621630094336,2.0,6.241005263157895,32,2,4,1,13,2,208,train
209,301,58,1,43,9,4,3,1,10,7.86896551724138,8.841846274778883,2.0,10.072768965517241,45,4,8,4,32,9,209,train
210,236,47,0,37,9,5,2,0,5,7.968794326241135,7.793537801064561,2.3333333333333335,7.773141134751773,38,3,6,2,22,5,210,train
211,379,67,1,50,9,6,6,2,9,6.216631130063966,7.957251820313856,2.4285714285714284,10.003033901918977,52,7,16,5,45,15,211,test
212,313,66,1,50,8,7,2,0,10,5.886060606060607,6.742157984588678,0.8,6.683644242424243,49,5,4,2,30,6,212,train
213,55,12,0,11,1,0,0,0,1,4.800000000000001,3.1291,0.0,6.863366666666667,11,1,0,0,2,0,213,train
214,121,22,0,21,3,0,0,0,5,10.618181818181819,8.841846274778883,4.0,10.469518181818183,26,1,3,1,16,3,214,train
215,207,39,0,33,4,2,2,2,6,9.302564102564103,9.725611199111238,2.0,9.544633333333334,31,3,6,4,23,6,215,train
216,527,102,2,62,5,4,8,3,21,4.472156862745098,5.683917801722854,1.6,8.167321960784314,61,10,15,2,56,11,216,train
217,155,30,0,25,2,0,3,1,5,4.0,3.1291,1.3333333333333333,6.237833333333334,27,3,4,0,17,1,217,train
218,370,68,0,47,8,3,5,4,7,8.969411764705882,9.3871,3.6,9.884001176470589,48,5,17,6,37,16,218,train
219,202,41,0,32,6,2,0,1,8,8.200000000000001,3.1291,3.0,6.578909756097561,33,2,6,0,18,1,219,train
220,244,48,0,36,3,2,3,3,5,4.800000000000001,5.985473137389441,1.25,7.521283333333333,34,4,5,1,22,5,220,train
221,243,48,2,32,6,3,2,2,6,4.673333333333334,5.683917801722854,1.6,8.718076666666668,33,5,8,1,30,7,221,train
222,614,120,0,74,21,5,4,7,18,48.66666666666667,15.903189008614273,19.0,12.088583333333334,73,1,19,5,50,11,222,train
223,253,46,0,40,6,4,4,3,2,16.156521739130437,14.554592549557764,5.0,8.209908695652175,40,2,10,8,18,8,223,train
224,221,44,0,38,7,2,2,2,10,5.3090909090909095,5.985473137389441,1.75,8.1296,35,4,7,1,23,4,224,train
225,294,54,0,41,6,1,4,0,11,6.542222222222222,7.554174236665414,2.2,7.6810688888888885,43,5,9,3,30,6,225,train
226,177,35,0,29,5,2,2,1,5,2.8000000000000003,3.1291,0.8,8.043985714285714,29,5,4,0,22,4,226,train
227,134,26,0,19,3,1,0,0,6,6.738461538461539,7.168621630094336,2.0,7.925146153846153,20,2,4,1,11,1,227,train
228,467,81,9,52,15,11,2,3,17,13.301234567901236,12.457975602129121,3.8333333333333335,9.179556790123456,49,6,23,16,48,20,228,train
229,171,32,0,27,5,1,2,0,4,6.766666666666666,7.793537801064561,1.6666666666666667,8.113066666666667,27,3,5,2,13,5,229,test
230,297,53,0,39,7,3,3,1,9,7.564150943396226,8.841846274778883,3.0,9.358416981132075,39,4,12,4,30,11,230,train
231,354,71,1,51,7,3,1,4,10,7.571428571428571,5.985473137389441,2.75,9.2415,50,4,11,1,31,13,231,train
232,331,64,1,50,5,3,1,2,11,5.745000000000001,6.742157984588678,1.8,8.46559875,50,5,7,2,35,9,232,train
233,205,39,0,31,7,5,0,5,5,8.276923076923078,8.841846274778883,2.0,8.330017948717948,29,3,6,3,18,6,233,test
234,125,24,0,21,3,2,0,0,4,4.866666666666667,6.42735559955562,1.6666666666666667,8.638716666666667,21,3,5,1,12,3,234,train
235,325,56,2,41,10,3,1,2,11,5.6571428571428575,7.6454224807358475,1.75,10.186914285714286,43,8,14,5,38,11,235,train
236,469,87,3,61,14,7,3,3,13,5.729310344827586,6.6274283507984215,1.625,8.894750574712644,59,8,13,3,56,13,236,train
237,67,14,0,13,1,0,0,0,1,5.6000000000000005,3.1291,2.0,11.098042857142858,14,1,2,0,7,2,237,train
238,335,59,1,44,5,0,2,3,9,7.323163841807911,8.841846274778883,2.3333333333333335,10.012029943502824,45,6,14,6,38,11,238,test
239,189,33,0,28,9,3,1,0,8,10.236363636363638,10.125756701596842,4.5,9.239748484848485,29,2,9,3,17,6,239,train
240,147,30,1,27,3,2,2,2,4,5.333333333333334,6.42735559955562,1.0,7.2905,29,3,3,1,16,3,240,train
241,231,46,1,39,4,2,2,1,7,6.133333333333334,3.1291,1.0,8.859424637681158,41,3,2,0,21,3,241,test
242,146,25,0,24,7,4,1,1,4,6.6000000000000005,7.168621630094336,4.0,8.677700000000002,24,2,8,1,16,5,242,train
243,462,88,2,59,7,4,2,1,13,6.672727272727272,7.6454224807358475,1.875,9.026759090909092,56,8,15,5,44,15,243,train
244,36,8,0,7,0,0,1,1,1,3.2,3.1291,0.0,0.3968,7,1,0,0,5,0,244,train
245,133,28,1,24,1,1,0,2,5,7.028571428571429,7.168621630094336,0.5,8.278400000000001,25,2,1,1,12,3,245,train
246,248,47,0,39,9,4,2,4,8,11.10212765957447,8.841846274778883,3.0,7.489759574468085,41,2,6,2,21,7,246,train
247,531,98,1,65,11,6,7,4,16,5.196289424860854,7.348242739294969,1.6363636363636365,8.106452133580706,63,11,18,6,59,13,247,train
248,148,30,0,24,5,3,1,1,5,8.666666666666668,8.841846274778883,1.5,8.591166666666666,24,2,3,2,13,3,248,test
249,901,187,0,98,20,12,12,8,34,8.738918597742128,6.937597516519254,1.6666666666666667,6.609163339275104,95,9,14,4,64,11,249,test
250,258,45,0,40,9,5,2,1,7,8.055555555555555,9.516144504307135,2.0,8.405166666666666,42,4,8,5,26,7,250,train
251,144,25,0,23,3,2,0,1,3,9.8,10.125756701596842,3.0,10.572500000000002,23,2,6,3,15,5,251,train
252,148,31,0,26,4,0,0,0,5,4.133333333333334,3.1291,0.6666666666666666,7.7145172043010755,24,3,2,0,15,2,252,test
253,96,18,0,15,3,0,0,0,0,7.2,3.1291,3.0,8.915411111111112,17,1,3,0,10,3,253,train
254,251,49,1,37,5,2,2,2,8,5.55265306122449,6.742157984588678,1.8,7.989518775510204,38,5,9,2,24,6,254,test
255,520,107,0,70,17,9,5,4,14,7.5071651090342675,5.46131890053228,1.8333333333333333,8.210285669781932,68,6,11,1,48,10,255,train
256,541,100,7,73,14,6,8,4,11,8.444444444444445,9.150863307647796,2.0,8.76671111111111,73,9,18,10,65,16,256,train
257,211,39,1,29,5,3,3,0,5,7.251282051282051,7.793537801064561,2.0,7.925146153846153,31,3,6,2,24,6,257,test
258,721,125,2,81,25,17,3,6,16,9.025454545454545,9.80015041476705,2.4545454545454546,10.010856363636364,81,11,26,15,73,32,258,train
259,278,53,0,44,6,3,2,2,9,6.809433962264151,7.168621630094336,2.75,9.358416981132075,45,4,11,1,28,6,259,test
260,272,48,0,39,8,4,1,4,9,6.533333333333335,7.793537801064561,2.1666666666666665,10.283508333333334,40,6,13,4,31,11,260,train
261,284,54,1,41,7,3,2,2,8,7.622222222222224,8.07648339933343,3.0,9.86184074074074,42,4,12,3,30,10,261,train
262,536,102,0,69,16,7,5,8,12,6.101960784313726,7.793537801064561,1.4444444444444444,9.152358823529411,65,9,14,6,50,13,262,train
263,414,77,1,62,11,3,10,3,11,7.730735930735931,8.841846274778883,2.5,9.399656709956709,61,6,15,6,41,14,263,train
264,328,61,2,41,6,3,3,3,9,5.017213114754099,6.6274283507984215,1.5,9.191749180327868,41,8,11,3,37,8,264,test
265,146,27,0,23,5,1,1,0,5,12.281481481481482,8.841846274778883,4.0,7.314959259259259,25,1,4,1,10,2,265,train
266,438,81,1,62,19,6,3,4,12,5.616225749559083,7.447530270364452,2.4285714285714284,8.888961375661376,60,7,17,4,48,15,266,test
267,356,68,1,48,3,2,5,3,9,5.752941176470589,7.168621630094336,1.375,8.23780588235294,45,8,11,4,35,8,267,train
268,172,29,0,21,3,2,0,2,4,5.078620689655172,6.742157984588678,1.4,12.091421379310345,21,5,7,2,25,5,268,train
269,253,40,1,32,6,1,1,0,7,5.2,6.742157984588678,2.6,9.954550000000001,34,5,13,2,31,12,269,train
270,366,67,4,41,8,4,2,3,8,5.063681592039801,5.46131890053228,2.0,9.375142786069652,41,6,12,1,36,9,270,train
271,215,42,1,39,8,2,1,0,2,6.552380952380952,6.42735559955562,2.3333333333333335,7.338519047619048,39,3,7,1,22,3,271,test
272,164,28,0,26,6,4,0,2,3,5.6571428571428575,7.168621630094336,1.75,10.750842857142857,27,4,6,1,17,5,272,train
273,491,94,1,63,13,7,4,2,17,5.551063829787235,6.6274283507984215,1.875,8.250789361702129,59,8,15,3,49,11,273,train
274,478,94,2,62,9,4,3,2,19,7.117730496453901,6.42735559955562,2.1666666666666665,7.773141134751773,65,6,13,2,57,9,274,test
275,10,3,0,3,0,0,0,0,0,1.2000000000000002,3.1291,0.0,0.1488,3,1,0,0,0,0,275,train
276,306,60,4,45,6,4,8,1,12,5.333333333333334,6.42735559955562,1.1666666666666667,7.5536666666666665,47,6,7,2,36,5,276,train
277,516,91,2,59,22,4,3,2,16,5.802686202686203,7.3871296695380915,2.888888888888889,8.822956166056166,58,9,26,5,62,17,277,test
278,97,19,0,17,2,2,0,3,3,9.705263157894738,8.841846274778883,2.0,9.565215789473683,18,1,2,1,7,3,278,train
279,217,44,0,36,5,3,3,2,5,6.775757575757575,6.42735559955562,2.0,7.234875757575757,37,3,5,1,21,4,279,train
280,423,75,3,49,8,3,1,2,13,6.066666666666666,7.793537801064561,3.5,8.256633333333333,48,6,21,4,43,11,280,train
281,403,74,1,52,12,2,4,2,14,4.3699699699699694,5.82211442006289,1.3333333333333333,9.378781681681682,52,9,12,2,44,12,281,train
282,209,42,1,33,4,3,1,2,6,4.312380952380953,5.683917801722854,0.8,9.692425714285715,33,5,4,1,25,5,282,train
283,230,42,0,34,8,1,1,1,7,7.504761904761906,7.793537801064561,3.3333333333333335,9.218280952380953,35,3,10,2,27,7,283,train
284,329,60,2,48,9,4,0,3,11,6.0,7.168621630094336,2.1666666666666665,8.606333333333334,48,6,13,3,35,8,284,train
285,204,37,1,29,3,0,0,2,6,4.781081081081081,5.985473137389441,2.5,10.496651351351352,29,4,10,1,26,7,285,train
286,275,51,0,32,4,2,0,2,6,5.752941176470589,7.168621630094336,1.5,10.869472549019608,33,6,9,3,31,10,286,train
287,132,24,0,23,3,1,2,2,1,4.866666666666667,6.42735559955562,1.3333333333333333,10.612466666666666,22,3,4,1,17,5,287,train
288,114,23,0,19,1,0,1,1,4,4.805797101449276,6.42735559955562,1.0,8.135897101449276,21,3,2,1,11,3,288,train
289,199,36,2,28,2,0,1,1,7,5.911111111111111,8.841846274778883,2.3333333333333335,9.056422222222224,32,3,6,3,20,4,289,test
290,433,73,2,54,13,6,1,3,14,6.207671232876713,7.554174236665414,2.0,11.56912794520548,52,10,20,6,51,18,290,train
291,307,56,0,48,5,1,3,5,11,6.590476190476192,7.793537801064561,2.0,10.302647619047619,49,6,12,4,39,11,291,train
292,183,37,1,30,4,2,2,2,8,3.7,3.1291,1.25,8.789624324324325,30,4,5,0,21,4,292,train
293,411,80,4,59,9,7,4,2,17,5.0,5.985473137389441,1.5,8.47475,60,8,12,2,49,10,293,train
294,453,88,4,63,11,5,2,5,16,6.775757575757575,6.42735559955562,2.0,6.517148484848485,60,6,12,2,40,8,294,train
295,165,27,0,26,3,1,4,2,4,13.762962962962963,13.023866798666859,7.0,9.069403703703703,27,1,7,3,17,4,295,test
296,104,19,0,19,1,0,0,3,1,5.905263157894737,7.168621630094336,2.0,8.262963157894736,20,2,4,1,11,2,296,train
297,230,39,0,34,5,1,6,2,7,7.251282051282051,9.725611199111238,3.3333333333333335,7.925146153846153,34,3,10,4,24,4,297,train
298,350,70,0,51,8,5,4,3,10,4.666666666666667,5.46131890053228,1.1666666666666667,6.696452380952381,51,6,7,1,36,5,298,train
299,228,40,1,32,6,1,1,2,7,7.2,8.238735603445708,2.2,11.1388,31,5,11,4,26,10,299,train
300,399,77,1,57,9,7,7,3,12,8.21948051948052,7.168621630094336,1.75,8.897663636363635,60,4,6,2,41,6,300,train
301,451,88,2,58,10,6,5,2,12,5.3090909090909095,7.168621630094336,2.0,8.309031818181818,56,8,16,4,51,9,301,train
302,292,60,2,47,4,2,8,1,8,4.800000000000001,3.1291,1.2,7.916033333333333,45,5,6,0,31,5,302,test
303,161,28,0,25,2,1,1,4,4,5.161904761904762,7.793537801064561,2.6666666666666665,9.738719047619048,26,3,8,2,17,5,303,test
304,148,32,0,28,2,0,2,0,6,6.4,3.1291,1.5,8.8710375,29,2,2,0,18,2,304,test
305,231,44,1,38,3,2,3,5,6,7.684848484848485,8.841846274778883,2.3333333333333335,7.95260303030303,39,3,7,3,18,6,305,train
306,130,25,1,23,3,2,0,1,2,8.200000000000001,8.841846274778883,1.5,9.3093,26,2,3,2,13,6,306,train
307,177,33,0,26,3,0,2,2,6,3.3000000000000003,3.1291,1.75,7.39509393939394,27,4,6,0,19,3,307,train
308,185,42,0,34,3,3,2,2,7,8.4,3.1291,1.0,6.5578619047619044,35,2,2,0,14,2,308,test
309,333,62,2,44,8,5,2,2,10,3.745161290322581,5.148860815047168,1.25,9.623803225806451,46,8,10,1,38,11,309,test
310,406,77,2,56,8,2,5,3,14,10.297402597402598,9.516144504307135,3.0,8.692598701298701,57,4,12,5,39,9,310,train
311,422,85,3,58,8,7,2,1,19,5.798319327731093,6.18269132825596,1.1428571428571428,8.325609243697478,57,7,8,2,46,10,311,train
312,283,51,1,40,4,3,5,1,10,9.937254901960785,9.725611199111238,4.333333333333333,8.81420980392157,42,3,13,4,27,8,312,train
313,91,17,1,17,1,0,1,1,0,8.105882352941178,8.841846274778883,1.5,8.702217647058824,18,2,3,2,10,4,313,train
314,202,39,0,30,6,1,3,1,6,15.600000000000001,3.1291,7.0,8.000130769230768,32,1,7,0,18,3,314,train
315,17,4,0,4,0,0,0,0,1,1.6,3.1291,0.0,11.7299,5,1,0,0,3,0,315,test
316,225,45,2,36,7,3,2,5,5,9.0,3.1291,4.0,8.963166666666666,38,2,8,0,19,7,316,train
317,505,95,1,71,11,3,5,2,15,5.906432748538013,7.3871296695380915,1.5555555555555556,7.650476608187135,69,9,13,5,56,11,317,train
318,120,22,0,21,3,2,0,1,2,6.218181818181819,7.168621630094336,3.5,7.770736363636364,22,2,6,1,12,4,318,test
319,202,39,0,34,5,3,2,2,6,8.825641025641026,7.168621630094336,3.0,8.65241794871795,33,2,6,1,19,5,319,train
320,106,21,0,21,5,2,1,0,5,4.2,3.1291,1.5,7.91682380952381,23,2,3,0,14,3,320,train
321,91,21,0,14,2,1,0,2,1,2.8000000000000003,3.1291,0.3333333333333333,6.991319047619047,15,3,1,0,10,1,321,test
322,491,92,3,67,10,3,4,4,18,10.504347826086956,8.841846274778883,4.0,8.7248,69,4,16,4,46,14,322,train
323,150,25,0,25,3,2,0,1,4,4.933333333333334,7.793537801064561,2.6666666666666665,10.365833333333335,27,3,7,2,14,6,323,train
324,491,81,4,59,10,7,6,1,12,8.000617283950618,9.188382445141503,2.75,10.181786419753088,58,8,22,9,55,20,324,train
325,254,48,0,35,2,1,2,1,10,10.433333333333334,7.168621630094336,5.0,8.7744,35,2,9,1,27,6,325,train
326,217,41,0,29,6,3,1,2,5,5.0756097560975615,5.985473137389441,2.25,8.381241463414634,28,4,9,1,25,6,326,train
327,378,75,0,57,5,1,2,4,11,8.133333333333333,8.238735603445708,2.4,7.749033333333333,57,5,12,4,36,8,327,train
328,115,22,0,18,2,1,0,0,2,6.218181818181819,7.168621630094336,2.5,11.359372727272728,19,2,5,1,12,4,328,train
329,337,62,2,46,13,6,3,1,6,9.55698924731183,8.841846274778883,5.0,8.227050537634408,44,3,15,3,34,10,329,train
330,163,30,3,25,3,1,0,2,6,3.0,3.1291,1.25,9.798166666666667,26,4,5,0,23,4,330,test
331,247,44,0,36,5,2,1,1,8,7.127272727272729,8.07648339933343,2.25,8.1296,35,4,9,3,24,7,331,train
332,313,57,0,44,8,4,2,2,9,7.3670175438596495,8.841846274778883,2.4,8.911238245614035,44,5,12,5,31,9,332,train
333,98,18,1,18,1,1,1,1,3,8.105882352941178,8.841846274778883,2.0,9.631041176470589,20,2,3,2,10,3,333,train
334,115,21,0,21,3,2,0,1,3,10.304761904761905,8.841846274778883,6.0,9.941433333333334,22,1,5,1,12,3,334,train
335,228,45,0,34,6,5,2,1,7,6.277777777777779,7.168621630094336,1.5,7.703388888888889,33,4,6,2,18,6,335,train
336,154,33,1,24,1,1,3,1,6,7.8121212121212125,7.168621630094336,1.0,7.325809090909091,26,2,2,1,12,3,336,train
337,178,33,1,28,3,2,1,2,4,3.8521212121212116,5.683917801722854,1.2,9.227193333333334,30,5,6,1,22,5,337,train
338,144,26,1,21,8,4,0,1,1,6.543589743589743,7.793537801064561,2.6666666666666665,9.532135897435897,21,3,8,2,17,8,338,train
339,326,64,1,43,8,1,8,2,8,4.45,5.985473137389441,1.125,7.9808,44,8,9,2,42,7,339,train
340,295,54,2,37,8,3,5,0,9,8.362962962962964,10.125756701596842,2.75,9.569433333333334,36,4,11,6,29,11,340,train
341,88,18,0,17,2,1,0,1,3,3.6,3.1291,1.0,6.714566666666667,18,2,2,0,8,2,341,test
342,267,51,0,41,8,6,4,2,7,6.6686274509803924,8.841846274778883,2.25,9.841841176470588,39,4,9,4,30,8,342,train
343,123,22,0,18,1,1,0,1,3,1.7600000000000002,3.1291,0.8,11.032012727272727,19,5,4,0,17,4,343,train
344,273,50,1,42,9,2,1,2,8,8.0,8.841846274778883,2.4,9.501100000000001,44,5,12,4,29,12,344,train
345,414,79,0,53,5,1,3,1,16,5.020614828209766,5.288315135182226,1.4285714285714286,7.394246112115733,50,7,10,1,38,7,345,train
346,245,45,0,36,4,3,2,3,8,8.055555555555555,8.841846274778883,2.0,9.808722222222222,38,4,8,4,26,6,346,train
347,348,66,0,49,6,3,3,4,12,8.31030303030303,8.841846274778883,1.4,7.64061393939394,50,5,7,5,30,7,347,train
348,165,31,1,28,2,0,4,1,2,5.423655913978495,6.42735559955562,1.3333333333333333,8.73322688172043,31,3,5,1,23,3,348,train
349,737,139,4,86,23,9,8,9,28,8.518396711202469,6.18269132825596,3.4285714285714284,8.9381049331963,85,7,24,2,73,25,349,train
350,61,14,0,14,1,1,2,0,2,5.6000000000000005,3.1291,0.0,5.458757142857143,15,1,0,0,5,1,350,train
351,236,45,0,37,5,4,1,4,7,7.777777777777778,9.725611199111238,2.3333333333333335,8.942055555555555,37,3,7,4,19,6,351,test
352,136,26,1,22,3,0,0,0,3,3.466666666666667,3.1291,1.0,8.317520512820513,23,3,3,0,15,4,352,train
353,565,107,5,69,11,8,5,5,15,5.0124044180118945,6.574015621080383,1.2727272727272727,9.283925998300765,68,11,14,4,64,13,353,train
354,143,31,2,27,3,1,3,1,6,6.2,3.1291,0.5,6.44271935483871,27,2,1,0,12,1,354,train
355,1145,213,8,136,31,11,13,8,34,7.578521126760563,8.660442795831768,2.3125,7.85510985915493,128,16,37,15,121,31,355,test
356,221,40,2,29,1,1,4,0,5,3.2,3.1291,1.4,9.5598,29,5,7,0,32,5,356,train
357,263,47,1,35,5,5,0,4,7,6.941033434650456,7.957251820313856,1.5714285714285714,11.696549848024317,36,7,11,5,31,11,357,test
358,45,9,0,9,1,0,0,1,2,3.6,3.1291,1.0,9.346233333333334,10,1,1,0,6,1,358,train
359,552,104,1,74,12,4,9,3,20,8.087179487179487,7.168621630094336,3.1666666666666665,7.836425641025641,78,6,18,3,53,14,359,test
360,426,87,0,55,12,5,7,1,19,12.51954022988506,7.793537801064561,4.0,7.434325287356322,55,3,12,2,40,8,360,test
361,409,68,6,48,12,5,3,4,6,9.15294117647059,9.516144504307135,5.0,10.052641176470589,47,4,20,5,45,13,361,test
362,280,56,0,39,6,4,1,5,7,4.628571428571429,6.18269132825596,1.2857142857142858,9.954550000000001,38,7,9,2,34,9,362,test
363,113,21,0,17,1,0,0,0,1,2.8000000000000003,3.1291,1.3333333333333333,9.247033333333334,18,3,4,0,11,3,363,train
364,406,77,2,53,11,8,3,1,11,4.91948051948052,5.288315135182226,1.5714285714285714,8.693528571428573,51,7,11,1,47,10,364,train
365,403,78,0,58,9,3,1,5,13,5.482783882783883,6.868970318607317,2.0,9.047647252747254,57,7,14,3,38,14,365,train
366,404,67,1,50,6,5,3,3,11,5.022601279317698,7.447530270364452,1.8571428571428572,8.353332409381665,49,7,12,4,39,8,366,train
367,1258,241,10,136,41,26,16,12,36,11.02088520055325,10.31748142421505,2.6666666666666665,8.76030968188105,122,12,32,19,124,35,367,train
368,205,40,0,36,7,2,1,2,3,5.0,5.985473137389441,2.0,8.8695,34,4,8,1,22,7,368,train
369,178,29,1,26,3,1,2,2,1,5.658620689655173,7.168621630094336,2.25,9.985410344827587,28,4,8,2,22,6,369,train
370,238,42,0,30,5,1,4,0,2,4.704761904761905,6.42735559955562,1.6666666666666667,10.750842857142857,31,6,10,2,28,10,370,train
371,133,26,0,26,2,3,1,0,6,8.082051282051282,8.841846274778883,1.6666666666666667,8.924828205128204,25,3,5,3,13,4,371,test
372,111,20,0,17,1,0,2,2,2,4.666666666666667,6.42735559955562,1.6666666666666667,11.072666666666667,16,3,5,1,14,4,372,train
373,765,134,8,88,31,10,2,4,20,12.216915422885572,10.864195022040775,5.666666666666667,9.339830348258706,83,6,34,11,79,27,373,train
374,329,60,1,51,8,4,3,5,14,6.800000000000001,8.238735603445708,2.6,8.442366666666668,51,5,13,4,35,10,374,train
375,381,68,1,41,5,3,4,2,12,5.1647058823529415,6.6274283507984215,2.0,9.166629411764706,41,8,13,3,41,10,375,test
376,261,53,0,40,13,8,2,2,6,12.864150943396226,10.125756701596842,3.0,6.440522641509434,40,2,6,3,20,5,376,train
377,165,27,2,24,4,0,0,2,6,6.562962962962963,7.793537801064561,2.3333333333333335,11.100677777777777,25,3,7,2,23,6,377,train
378,360,68,1,47,6,3,1,1,11,3.308235294117647,4.935628992294339,0.5,10.243338823529411,46,10,5,1,41,14,378,train
379,162,36,1,29,7,4,2,1,6,15.511111111111113,8.841846274778883,3.0,6.737933333333333,31,1,3,1,11,3,379,train
380,104,19,0,17,2,1,3,1,2,3.8000000000000003,3.1291,2.0,8.262963157894736,17,2,4,0,11,4,380,train
381,454,81,2,64,13,5,3,2,13,5.531481481481482,7.6454224807358475,2.0,9.012156790123457,62,8,16,5,57,10,381,train
382,147,26,0,21,3,2,1,0,4,4.138461538461539,5.985473137389441,1.5,11.8539,21,4,6,1,16,5,382,train
383,217,43,1,36,6,2,3,1,7,9.530232558139536,7.168621630094336,2.0,7.27336511627907,38,2,4,1,24,4,383,train
384,148,27,1,25,3,1,3,1,2,6.881481481481481,8.841846274778883,2.0,7.230174074074075,26,2,4,2,13,4,384,train
385,355,62,1,49,13,6,0,2,9,6.7686635944700475,7.957251820313856,1.7142857142857142,10.442749769585253,51,7,12,5,41,13,385,test
386,361,63,0,47,13,7,3,2,10,12.844444444444447,11.855464076750408,4.0,9.440163492063492,47,3,12,7,36,11,386,train
387,176,33,1,28,6,1,3,1,8,10.236363636363638,10.125756701596842,3.5,7.325809090909091,30,2,7,3,17,4,387,train
388,451,77,1,66,11,4,7,3,13,8.005844155844157,9.188382445141503,2.25,8.625328571428572,69,8,18,9,56,14,388,train
389,425,81,2,56,12,5,2,4,14,5.531481481481482,7.168621630094336,2.0,8.037465432098767,56,8,16,4,41,15,389,train
390,146,28,1,25,4,1,0,1,7,7.028571428571429,7.168621630094336,2.5,6.586614285714286,29,2,4,1,16,2,390,train
391,221,42,0,35,5,2,0,1,7,6.104761904761905,7.168621630094336,2.0,9.044680952380952,35,4,8,2,23,7,391,test
392,466,89,0,62,13,6,7,5,10,6.434028892455858,6.868970318607317,1.5714285714285714,7.992858908507223,60,7,11,3,51,11,392,train
393,289,58,1,44,6,2,6,1,12,3.8666666666666667,3.1291,1.0,7.65510459770115,46,6,6,0,34,5,393,test
394,232,37,0,34,9,4,0,5,5,9.105405405405406,9.516144504307135,2.5,10.92340810810811,34,4,10,5,27,11,394,train
395,94,21,0,20,2,1,1,1,3,10.304761904761905,8.841846274778883,1.0,6.181909523809524,20,1,1,1,7,1,395,train
396,452,84,1,54,9,3,1,0,10,5.152380952380953,5.985473137389441,1.75,9.232657142857143,51,8,14,2,53,11,396,test
397,247,45,1,39,7,5,3,3,5,9.555555555555555,9.725611199111238,4.0,7.5385,39,3,12,4,22,6,397,train
398,132,25,0,23,1,1,2,2,4,5.0,7.168621630094336,2.5,8.677700000000002,23,2,5,1,14,3,398,train
399,155,32,1,24,1,1,1,2,3,4.266666666666667,6.42735559955562,0.6666666666666666,6.6327541666666665,24,3,2,1,13,1,399,train
400,110,24,0,20,3,3,1,5,5,6.466666666666668,7.168621630094336,1.0,6.20545,21,2,2,1,9,2,400,train
401,346,64,2,55,7,2,5,2,12,6.104761904761905,7.793537801064561,2.0,9.671268253968254,56,6,12,4,53,9,401,train
402,93,14,0,14,4,1,0,0,2,8.457142857142857,8.841846274778883,6.0,13.353757142857145,14,1,6,1,10,5,402,train
403,324,62,0,49,10,4,0,2,12,5.423655913978495,6.42735559955562,1.8333333333333333,8.478549462365592,45,6,11,2,32,7,403,train
404,443,85,0,61,5,3,5,4,11,5.224784853700517,6.18269132825596,1.5714285714285714,6.697746815834767,56,7,11,2,40,6,404,train
405,178,32,0,26,5,1,2,0,7,4.45,5.985473137389441,1.75,9.954550000000001,26,4,7,1,22,6,405,test
406,508,89,4,71,10,7,6,4,13,6.652184769038702,8.167268648758528,2.111111111111111,9.44946079900125,68,9,19,7,62,18,406,train
407,231,39,1,29,8,3,0,0,6,6.976923076923078,8.841846274778883,2.75,9.788305128205128,31,4,11,4,30,6,407,train
408,264,48,1,40,5,2,3,2,8,7.300000000000001,8.07648339933343,2.5,10.15295,41,4,10,3,29,7,408,train
409,129,24,1,20,3,1,3,0,2,9.8,10.125756701596842,2.5,9.495033333333335,22,2,5,3,12,5,409,train
410,486,91,4,66,15,9,8,4,14,8.159120879120879,7.554174236665414,3.2,8.530099120879122,65,5,15,3,45,13,410,test
411,140,24,0,20,1,0,1,1,4,2.4000000000000004,3.1291,1.5,8.539516666666668,20,4,6,0,12,4,411,test
412,351,62,1,48,8,4,2,2,10,6.068817204301076,7.168621630094336,1.6666666666666667,10.261291397849464,49,6,10,3,40,8,412,train
413,347,65,3,49,7,5,5,5,10,7.046153846153846,7.554174236665414,2.2,8.410992307692307,49,5,10,3,32,11,413,train
414,162,31,0,26,5,1,1,0,4,8.780645161290323,8.841846274778883,3.0,11.536267741935484,27,2,5,2,18,6,414,train
415,593,104,3,69,19,10,1,3,16,6.858741258741259,8.00094639256281,1.9090909090909092,10.78583006993007,69,11,21,8,80,22,415,train
416,44,7,0,7,2,1,0,0,2,2.8000000000000003,3.1291,2.0,6.239414285714286,7,1,2,0,5,0,416,train
417,249,48,0,34,5,3,1,1,10,20.033333333333335,8.841846274778883,8.0,8.977924999999999,34,1,8,1,21,7,417,test
418,71,12,1,12,1,0,1,1,2,2.4000000000000004,7.168621630094336,1.0,6.565766666666667,16,2,2,1,9,1,418,train
419,320,55,3,41,5,3,2,3,6,3.87012987012987,5.288315135182226,2.4285714285714284,10.342214285714286,41,7,15,1,38,13,419,train
420,257,50,0,32,3,0,4,3,6,10.8,7.168621630094336,3.5,8.6661,32,2,7,1,22,6,420,train
421,485,92,2,61,14,3,7,1,14,5.469565217391305,5.985473137389441,1.375,8.669291304347826,60,8,11,2,49,8,421,train
422,543,97,2,60,7,2,5,2,14,7.61008018327606,8.515128840125781,2.2222222222222223,8.891799427262313,58,9,20,8,54,16,422,train
423,176,32,0,30,6,4,0,1,8,8.9,8.841846274778883,3.0,7.8841625,31,2,6,2,17,4,423,train
424,330,60,1,45,3,0,4,3,11,9.333333333333334,7.793537801064561,3.6666666666666665,8.576,48,3,11,2,40,8,424,train
425,239,42,2,33,5,3,2,0,9,4.704761904761905,6.42735559955562,1.1666666666666667,7.367271428571428,36,6,7,2,26,5,425,train
426,148,29,1,25,1,1,1,1,6,5.245977011494253,6.42735559955562,2.0,9.016311494252873,24,3,6,1,17,5,426,train
427,193,36,2,32,5,2,1,1,4,5.911111111111111,7.793537801064561,2.0,8.617811111111113,34,3,6,2,22,4,427,train
428,103,22,0,19,2,1,2,1,3,4.4,3.1291,0.5,8.488463636363637,20,2,1,0,10,1,428,test
429,413,76,2,57,7,2,7,2,11,6.431578947368421,8.07648339933343,2.25,8.886252631578948,55,8,18,6,45,10,429,train
430,769,143,7,92,27,11,5,4,23,7.717482517482518,8.575989854853784,2.909090909090909,8.587663636363636,86,11,31,10,79,22,430,test
431,170,33,1,31,7,2,1,0,6,6.6000000000000005,8.841846274778883,3.0,8.282778787878788,32,2,6,2,21,3,431,test
432,234,46,0,37,4,4,4,3,5,6.339130434782609,7.168621630094336,1.75,7.982769565217391,38,4,7,2,23,7,432,train
433,290,51,2,43,10,4,2,0,8,7.217254901960785,8.238735603445708,2.6,9.405753333333333,45,5,13,4,31,12,433,test
434,311,57,2,41,9,5,0,2,14,9.003508771929825,8.841846274778883,4.0,8.457145614035088,44,3,12,3,29,8,434,train
435,285,56,0,47,9,4,1,3,7,5.908571428571428,6.742157984588678,1.8,8.985412857142858,45,5,9,2,29,9,435,test
436,231,41,1,36,6,3,1,0,9,4.1000000000000005,3.1291,2.75,9.15148536585366,35,4,11,0,31,7,436,train
437,122,22,0,20,1,1,1,2,3,6.56969696969697,7.793537801064561,1.3333333333333333,9.024324242424242,22,3,4,2,12,4,437,train
438,187,35,1,31,3,3,2,3,5,4.642857142857143,5.985473137389441,1.75,9.484214285714286,31,4,7,1,21,8,438,test
439,175,30,0,27,4,0,3,2,5,6.666666666666668,7.793537801064561,2.6666666666666665,9.395833333333334,25,3,8,2,18,6,439,test
440,159,28,1,25,6,3,2,3,4,15.485714285714288,13.023866798666859,7.0,10.100657142857143,27,1,7,3,14,6,440,train
441,228,42,1,32,4,3,3,1,5,5.152380952380953,5.985473137389441,2.0,9.420633333333335,33,4,8,1,25,5,441,train
442,485,85,3,63,8,4,2,10,13,8.009523809523811,8.841846274778883,2.5,9.796585714285715,58,8,20,8,55,15,442,train
443,411,76,4,58,8,3,4,3,6,6.416666666666668,7.6454224807358475,1.875,8.312166666666666,56,8,15,5,49,11,443,train
444,370,72,1,44,4,1,9,0,14,4.800000000000001,5.46131890053228,2.3333333333333335,6.644061111111111,44,6,11,1,39,6,444,train
445,344,69,1,52,11,5,8,3,12,6.339130434782609,7.168621630094336,1.0,6.0376246376811595,52,6,6,3,35,4,445,train
446,123,22,0,21,3,0,2,1,6,6.218181818181819,7.168621630094336,2.5,8.488463636363637,23,2,4,1,13,2,446,train
447,481,87,2,60,12,9,4,5,16,9.47816091954023,9.725611199111238,2.6666666666666665,9.437539080459771,60,6,16,8,47,18,447,test
448,240,43,0,36,4,2,4,1,7,6.230697674418605,8.238735603445708,2.2,9.571199534883721,39,5,10,4,28,6,448,train
449,368,68,4,54,7,4,0,3,13,4.473949579831933,6.18269132825596,1.7142857142857142,7.601416806722689,53,7,12,2,43,8,449,train
450,276,47,1,42,5,3,2,1,8,7.968794326241135,9.725611199111238,4.333333333333333,8.109098581560284,44,3,13,4,25,8,450,train
451,337,60,3,46,4,3,2,3,8,4.333333333333334,5.985473137389441,1.625,9.535,46,8,13,2,39,9,451,train
452,274,55,0,43,8,3,8,0,6,6.581818181818182,7.554174236665414,1.4,8.488463636363637,43,5,7,3,23,8,452,train
453,249,47,1,37,9,5,2,2,4,5.551063829787235,5.985473137389441,2.25,7.578874468085107,39,4,9,1,24,6,453,train
454,171,34,2,29,5,2,0,0,7,3.4000000000000004,3.1291,1.0,7.308982352941177,31,4,4,0,22,3,454,test
455,214,41,1,38,5,2,2,1,8,8.39349593495935,8.841846274778883,2.3333333333333335,8.165586178861789,39,3,7,3,18,6,455,train
456,313,56,1,38,6,4,3,2,12,6.057142857142857,7.957251820313856,1.8571428571428572,9.954550000000001,41,7,11,5,39,8,456,train
457,188,34,0,30,4,0,2,2,8,9.15294117647059,8.841846274778883,4.5,10.517052941176471,30,2,9,2,21,9,457,train
458,365,69,0,49,10,5,3,2,14,6.339130434782609,7.168621630094336,2.3333333333333335,9.470233333333335,47,6,14,3,37,11,458,train
459,333,62,3,41,5,1,1,1,7,5.423655913978495,6.42735559955562,2.0,10.006613978494624,41,6,12,2,40,12,459,train
460,266,52,0,39,5,4,5,0,8,5.698461538461539,8.238735603445708,1.2,7.796186153846154,40,5,6,4,27,6,460,train
461,81,16,0,15,3,1,0,2,3,3.2,3.1291,1.0,6.993925,15,2,2,0,8,2,461,train
462,199,39,1,33,3,2,3,2,4,5.905263157894737,7.168621630094336,1.25,9.094015789473683,34,4,5,2,19,6,462,train
463,329,58,3,46,9,4,2,4,10,9.248275862068965,9.516144504307135,3.5,9.528286206896553,45,4,14,5,35,11,463,test
464,334,63,2,50,7,4,4,3,12,6.104761904761905,7.168621630094336,2.0,9.169998412698414,51,6,12,3,40,11,464,train
465,105,20,0,19,3,2,1,1,4,11.810526315789474,11.20814326018867,4.0,9.565215789473683,19,1,4,2,9,5,465,train
466,153,31,1,28,2,0,0,2,5,7.490322580645162,7.168621630094336,2.0,8.48013870967742,30,2,4,1,14,3,466,test
467,180,38,1,33,3,0,3,1,4,6.1192982456140355,6.42735559955562,1.0,7.173450877192983,34,3,3,1,17,4,467,test
468,58,9,0,9,2,1,0,1,1,8.044444444444444,8.841846274778883,3.0,11.100677777777777,12,1,3,1,8,3,468,train
469,182,32,0,26,5,4,2,4,2,10.15,11.20814326018867,3.0,7.390725,26,2,6,4,14,5,469,train
470,65,12,0,12,2,0,1,1,2,2.4000000000000004,3.1291,1.0,9.197433333333334,13,2,2,0,9,2,470,train
471,372,68,1,47,6,3,4,2,11,6.616470588235294,7.554174236665414,3.2,9.419589411764704,51,5,15,3,38,13,471,train
472,332,60,2,38,8,4,1,4,9,4.761904761904762,6.868970318607317,2.0,9.588142857142858,40,7,13,3,33,13,472,train
473,341,66,2,45,6,5,3,5,6,9.406060606060606,7.793537801064561,4.0,8.07709393939394,46,3,11,2,36,8,473,train
474,146,30,0,23,6,2,3,1,3,4.333333333333334,5.985473137389441,1.25,10.3245,24,4,5,1,21,3,474,test
475,654,123,3,81,12,4,5,5,18,6.749150036954916,7.686295010490155,2.090909090909091,8.170711677753141,76,11,23,7,66,21,475,train
476,204,36,3,31,8,5,2,0,8,8.133333333333335,9.725611199111238,2.0,9.056422222222224,30,3,6,4,25,7,476,test
477,355,65,1,48,8,5,0,3,8,7.410256410256411,8.841846274778883,2.3333333333333335,8.30352564102564,45,6,14,6,34,11,477,train
478,342,65,1,45,10,5,2,2,8,5.564102564102565,7.168621630094336,2.0,8.060602564102565,46,6,12,3,32,12,478,train
479,312,59,0,49,7,3,6,2,13,5.967231638418079,7.168621630094336,1.8333333333333333,9.744402824858758,49,6,10,3,42,9,479,train
480,267,50,2,37,9,8,3,3,8,8.133333333333335,8.841846274778883,2.1666666666666665,10.050033333333333,38,6,13,6,30,11,480,train
481,548,105,2,63,14,8,2,3,11,5.428571428571429,6.42735559955562,2.3333333333333335,8.876976190476192,59,9,21,3,50,22,481,train
482,246,50,0,39,6,3,2,1,7,4.0,3.1291,1.2,8.553700000000001,40,5,6,0,26,4,482,test
483,125,26,0,23,1,1,0,1,3,2.6,3.1291,0.75,8.817361538461538,22,4,3,0,14,4,483,test
484,500,88,4,59,16,7,4,3,13,8.593939393939394,8.841846274778883,3.1666666666666665,8.670330303030303,62,6,19,7,52,20,484,train
485,97,20,0,19,2,2,1,2,2,8.0,3.1291,3.0,6.997,19,1,3,0,9,2,485,train
486,509,91,4,63,9,3,8,2,16,6.747802197802199,8.07648339933343,2.125,9.579710989010989,69,8,17,6,66,12,486,train
487,557,111,4,77,14,7,10,5,19,9.562162162162162,8.841846274778883,2.6666666666666665,8.110406306306306,73,6,16,6,57,12,487,train
488,438,81,1,57,14,5,3,3,12,5.616225749559083,6.18269132825596,1.8571428571428572,8.499084832451498,56,7,13,2,38,15,488,train
489,278,49,1,43,10,3,1,1,8,7.348979591836735,8.07648339933343,2.5,9.400018367346938,42,4,10,3,31,9,489,train
490,179,35,0,29,5,2,2,1,9,5.80952380952381,6.42735559955562,2.0,7.824309523809524,30,3,5,1,22,3,490,test
491,69,13,0,13,2,1,0,0,0,8.276923076923078,8.841846274778883,3.0,10.354376923076924,15,1,3,1,9,2,491,train
492,70,14,0,14,2,0,0,1,3,5.6000000000000005,3.1291,1.0,8.842328571428572,15,1,1,0,8,2,492,test
493,501,88,5,65,13,3,8,4,12,9.957575757575757,10.864195022040775,3.5,10.105784848484848,63,6,21,11,57,20,493,train
494,103,20,0,20,0,0,2,1,4,4.0,3.1291,1.0,8.08,21,2,2,0,9,2,494,train
495,132,22,0,20,2,1,1,1,1,6.218181818181819,8.841846274778883,3.0,9.20619090909091,23,2,6,2,13,3,495,test
496,310,61,0,48,9,4,2,1,11,4.722404371584699,5.46131890053228,1.3333333333333333,8.800110928961749,49,6,7,1,36,6,496,train
497,64,14,0,13,1,0,0,1,3,5.6000000000000005,3.1291,2.0,6.586614285714286,14,1,2,0,4,2,497,train
498,151,29,1,25,4,0,0,0,3,5.245977011494253,6.42735559955562,1.6666666666666667,11.738725287356322,28,3,5,1,19,7,498,test
499,215,36,3,33,6,1,1,0,4,5.102222222222223,6.742157984588678,1.8,8.818342222222224,40,5,7,1,27,7,499,train
500,66,14,0,13,1,1,2,2,0,5.6000000000000005,3.1291,1.0,7.714471428571429,13,1,1,0,5,2,500,train
501,457,87,0,59,10,2,1,3,20,5.431198686371101,6.18269132825596,2.0,8.790313464696222,59,7,14,2,44,9,501,test
502,281,57,0,43,5,1,4,3,5,4.5600000000000005,3.1291,1.2,7.249132982456141,42,5,6,0,23,7,502,train
503,999,170,14,106,29,12,3,8,27,7.542537804076267,9.150863307647796,2.611111111111111,10.642425575279422,105,18,45,20,125,43,503,train
504,323,58,1,44,8,3,0,2,11,7.398620689655172,8.238735603445708,2.2,8.567722068965516,45,5,11,4,34,9,504,train
505,107,19,0,18,6,3,0,0,2,8.010526315789475,8.841846274778883,3.0,11.587173684210526,19,2,6,2,12,6,505,train
506,88,15,0,14,3,0,0,1,2,4.666666666666667,6.42735559955562,1.6666666666666667,12.305833333333334,15,3,5,1,13,3,506,train
507,81,16,0,16,1,0,0,1,2,3.2,3.1291,1.0,7.9808,17,2,2,0,6,3,507,train
508,368,71,0,48,12,2,3,3,7,5.238095238095238,6.42735559955562,2.3333333333333335,8.27545238095238,47,6,13,2,42,10,508,test
509,126,25,0,21,6,2,0,2,4,3.333333333333334,6.42735559955562,1.3333333333333333,7.207833333333333,23,3,4,1,15,4,509,train
510,380,68,2,57,6,2,4,5,11,3.6104575163398693,5.033348758259628,1.6666666666666667,10.048608496732026,53,9,15,1,47,11,510,train
511,345,64,1,48,10,6,3,2,13,12.283333333333333,11.20814326018867,3.3333333333333335,9.382289583333334,49,3,10,6,38,7,511,train
512,345,62,2,50,7,3,1,4,9,5.423655913978495,6.42735559955562,2.1666666666666665,9.751936559139786,53,6,13,2,41,14,512,train
513,648,116,4,65,17,10,5,4,15,6.97680250783699,8.575989854853784,2.3636363636363638,8.787657993730408,62,11,26,10,58,20,513,train
514,104,16,0,16,5,1,0,1,4,8.9,11.20814326018867,6.0,7.390725,17,1,6,2,9,2,514,train
515,227,36,0,31,6,1,0,0,4,6.9333333333333345,8.07648339933343,2.75,10.662066666666666,32,4,11,3,23,9,515,train
516,529,95,1,65,14,6,5,1,15,5.980861244019139,7.686295010490155,2.090909090909091,9.3836004784689,62,11,23,7,57,16,516,test
517,171,32,0,26,4,1,0,3,7,4.266666666666667,3.1291,1.3333333333333333,6.139316666666667,27,3,4,0,13,2,517,train
518,411,73,2,52,10,2,6,1,10,5.4362252663622534,7.3871296695380915,1.6666666666666667,10.311550837138508,55,9,15,5,55,14,518,train
519,310,51,1,41,7,2,4,3,8,8.237254901960785,10.125756701596842,3.5,10.4610568627451,43,4,14,6,38,11,519,train
520,257,48,1,37,2,0,2,2,11,5.633333333333334,5.985473137389441,2.25,8.1792,39,4,9,1,26,6,520,test
521,160,34,0,28,3,1,4,3,5,6.800000000000001,7.168621630094336,0.5,5.872935294117648,28,2,1,1,11,0,521,train
522,263,49,0,42,11,6,0,2,9,6.53265306122449,7.168621630094336,2.0,9.077773469387754,43,4,8,2,28,10,522,train
523,211,40,0,33,4,3,3,2,9,6.333333333333334,6.42735559955562,2.0,7.850583333333333,34,3,6,1,22,4,523,train
524,159,31,0,25,2,2,0,1,6,7.490322580645162,8.841846274778883,2.5,8.989493548387095,27,2,5,2,17,4,524,train
525,631,119,4,80,12,5,8,8,16,6.776806722689077,7.554174236665414,1.8,9.26892487394958,78,10,18,6,65,20,525,train
526,237,44,2,37,7,3,2,1,8,8.593939393939394,8.841846274778883,2.6666666666666665,7.95260303030303,38,3,8,3,20,8,526,train
527,294,55,2,37,3,1,1,5,10,4.4,3.1291,2.0,9.349736363636364,37,5,9,0,38,7,527,train
528,360,69,0,46,7,5,5,3,11,5.179710144927537,5.46131890053228,1.3333333333333333,8.32603043478261,45,6,7,1,36,6,528,train
529,474,91,2,68,14,5,4,2,14,6.476190476190476,7.447530270364452,2.2857142857142856,8.660325396825398,65,7,16,4,44,13,529,train
530,275,49,0,45,7,3,2,1,8,6.53265306122449,8.07648339933343,1.75,8.755528571428572,51,4,6,3,36,6,530,train
531,151,30,0,26,5,3,1,2,3,14.666666666666666,11.20814326018867,5.0,8.808833333333332,26,1,5,2,12,4,531,test
532,259,45,0,38,4,2,5,3,8,7.444444444444445,8.344100000000001,1.8333333333333333,10.67538888888889,39,6,11,5,30,10,532,train
533,124,24,0,23,2,1,1,1,4,3.2,3.1291,1.3333333333333333,7.9808,24,3,4,0,13,2,533,train
534,317,62,2,45,13,6,1,3,8,6.2,3.1291,2.75,8.225461290322581,45,4,11,0,34,6,534,train
535,723,135,2,82,22,11,7,5,20,9.492063492063492,8.418075326091056,3.4285714285714284,8.569812169312168,79,7,24,6,69,22,535,train
536,541,112,3,65,9,5,5,8,13,11.557142857142857,7.168621630094336,1.75,7.7039607142857145,66,4,7,2,44,8,536,train
537,192,47,0,34,6,4,1,3,8,18.8,3.1291,0.0,7.647487234042553,37,1,0,0,15,2,537,train
538,232,46,1,37,6,4,1,1,7,4.6000000000000005,3.1291,1.0,7.296247826086956,38,4,3,0,22,5,538,train
539,71,11,0,11,3,1,0,0,2,8.036363636363637,8.841846274778883,4.0,11.359372727272728,11,1,4,1,8,3,539,train
540,356,59,5,46,9,5,1,2,7,10.035028248587572,10.125756701596842,2.3333333333333335,10.54728418079096,46,6,14,9,43,15,540,train
541,105,19,0,16,2,0,0,1,2,3.8000000000000003,3.1291,1.0,8.262963157894736,17,2,2,0,11,2,541,train
542,207,44,0,34,5,1,4,3,3,5.866666666666667,8.841846274778883,1.0,6.517148484848485,35,3,3,3,12,1,542,train
543,208,40,2,36,5,3,0,2,5,4.2,6.742157984588678,1.2,7.58605,40,5,6,2,27,4,543,train
544,190,30,1,26,7,1,2,2,5,9.333333333333334,10.504223727775692,3.0,11.501166666666666,29,3,9,5,21,8,544,test
545,505,91,4,61,10,7,4,1,11,6.242246642246642,7.3871296695380915,2.111111111111111,9.690538583638585,61,9,19,5,58,19,545,train
546,403,77,2,54,6,0,2,5,13,5.958441558441558,6.868970318607317,1.5714285714285714,7.668203896103896,54,7,11,3,36,10,546,test
547,200,33,4,30,5,2,1,0,4,5.724242424242425,7.168621630094336,2.0,9.787518181818182,32,4,8,2,27,6,547,test
548,217,40,1,33,3,1,3,0,6,7.0,8.07648339933343,1.5,7.68525,35,4,6,3,26,5,548,train
549,21,5,0,5,0,0,0,0,0,2.0,3.1291,0.0,13.3585,5,1,0,0,3,0,549,train
550,541,98,1,71,12,5,7,3,15,9.47265306122449,9.888512548439397,3.8,8.314476326530613,70,5,18,7,56,8,550,test
551,519,92,3,69,16,11,4,5,10,9.1768115942029,10.125756701596842,2.1666666666666665,7.658011594202899,69,6,12,9,50,12,551,train
552,137,28,0,23,1,0,1,0,4,11.200000000000001,13.023866798666859,4.0,8.9728,23,1,4,3,13,2,552,train
553,647,120,6,87,20,11,9,5,13,7.03030303030303,8.00094639256281,2.272727272727273,9.177757575757575,86,11,25,7,79,25,553,train
554,292,51,2,45,9,4,4,3,5,10.721568627450981,10.504223727775692,3.6666666666666665,9.743033333333335,46,3,11,5,32,12,554,train
555,498,95,1,60,12,2,2,0,18,10.763157894736842,8.07648339933343,4.75,8.637342105263158,59,4,17,3,44,11,555,train
556,161,29,0,22,2,2,1,2,3,4.279310344827586,5.985473137389441,1.25,9.440927586206897,22,4,5,1,19,3,556,train
557,350,70,0,51,8,3,4,2,12,5.238095238095238,6.42735559955562,1.3333333333333333,8.049880952380953,49,6,8,2,38,7,557,train
558,89,16,1,14,0,0,3,0,3,2.1333333333333333,3.1291,1.0,9.822283333333335,17,3,2,0,12,2,558,test
559,86,14,0,14,1,0,0,1,2,8.514285714285714,8.841846274778883,2.5,11.8787,16,2,5,2,11,5,559,train
560,106,22,0,20,2,1,0,2,5,8.8,11.20814326018867,2.0,7.5986090909090915,21,1,2,2,9,1,560,test
561,538,98,1,65,11,7,7,5,13,7.348979591836735,8.07648339933343,2.0,8.59440612244898,62,8,16,6,53,18,561,train
562,163,34,0,30,2,1,0,2,5,5.612121212121213,6.42735559955562,1.6666666666666667,7.53149393939394,30,3,5,1,15,4,562,test
563,185,34,0,27,1,1,1,3,6,3.4431372549019614,5.46131890053228,1.3333333333333333,9.954919607843138,27,6,8,1,21,6,563,train
564,317,52,0,40,10,4,3,4,5,7.236923076923077,9.3871,3.0,9.01080153846154,38,5,15,6,30,9,564,test
565,256,53,0,40,6,1,5,1,9,10.600000000000001,7.168621630094336,2.0,8.525994339622642,41,2,4,1,27,4,565,test
566,619,107,4,79,19,7,5,3,16,8.731108144192257,9.606745405546679,3.4285714285714284,9.559624699599468,84,7,24,9,71,19,566,train
567,549,106,1,76,14,10,6,4,17,5.677358490566038,6.6274283507984215,2.0,7.868794339622641,74,8,15,3,58,9,567,train
568,288,56,1,39,8,5,1,2,8,5.194285714285715,6.742157984588678,1.8,8.703448571428572,42,5,9,2,32,6,568,train
569,317,59,2,44,4,3,5,3,10,5.397966101694916,5.683917801722854,1.6,7.700932542372882,44,5,8,1,33,6,569,test
570,77,14,1,14,0,0,3,2,1,2.8000000000000003,3.1291,1.0,10.750842857142857,17,2,2,0,9,3,570,test
571,128,26,0,22,2,1,0,1,4,5.2,3.1291,1.5,9.139761538461538,23,2,3,0,11,3,571,train
572,315,56,2,46,6,2,4,3,10,6.314285714285715,5.985473137389441,3.25,7.996435714285715,47,4,13,1,34,8,572,train
573,171,33,1,26,1,1,3,1,4,3.8521212121212116,5.683917801722854,1.2,9.705678181818183,26,5,6,1,18,7,573,train
574,421,71,3,60,9,4,4,3,15,7.437424547283702,8.418075326091056,2.5714285714285716,10.366627967806842,66,7,18,6,55,15,574,train
575,269,48,0,35,7,3,1,2,10,6.34,8.238735603445708,2.0,10.362868333333335,36,5,10,4,30,9,575,train
576,281,50,1,35,6,3,4,4,8,5.6000000000000005,6.742157984588678,2.0,10.1327,36,5,10,2,34,9,576,test
577,200,36,0,30,3,1,2,2,6,7.022222222222223,8.841846274778883,2.3333333333333335,8.1792,33,3,7,3,27,5,577,test
578,109,23,0,21,0,0,1,3,1,4.805797101449276,6.42735559955562,1.0,8.822418840579711,22,3,3,1,11,3,578,train
579,264,52,0,36,4,3,2,3,7,4.92923076923077,5.683917801722854,1.4,7.492532307692308,35,5,6,1,21,6,579,train
580,274,50,0,37,5,2,2,1,10,7.2,8.238735603445708,2.0,10.1327,37,5,10,4,28,11,580,train
581,319,59,0,46,7,3,4,0,7,8.611864406779661,9.516144504307135,3.0,7.847252542372882,47,4,10,5,32,9,581,train
582,108,19,0,16,2,1,0,0,3,4.63859649122807,7.793537801064561,1.6666666666666667,10.599054385964912,17,3,5,2,10,4,582,train
583,118,24,1,23,2,1,1,2,4,6.466666666666668,7.168621630094336,1.0,8.837116666666667,25,2,2,1,10,3,583,train
584,211,40,1,36,5,3,1,2,11,7.333333333333335,7.793537801064561,1.6666666666666667,8.640083333333333,37,3,5,2,23,5,584,train
585,236,41,0,37,3,2,3,2,6,6.206829268292683,8.238735603445708,1.8,8.664683414634148,39,5,9,4,26,7,585,train
586,157,30,0,22,6,3,1,3,5,2.4000000000000004,3.1291,1.0,9.197433333333334,22,5,5,0,20,6,586,train
587,566,105,5,68,14,9,8,2,10,6.485714285714287,7.908726449838941,1.9,7.766442857142858,68,10,19,7,66,15,587,train
588,664,121,3,95,16,6,10,4,15,6.714049586776859,8.00094639256281,1.8181818181818181,8.357967768595042,92,11,20,8,79,19,588,train
589,366,67,5,49,6,5,1,6,9,8.048756218905472,8.841846274778883,2.0,8.668127860696519,48,6,12,6,37,10,589,train
590,347,62,0,43,11,7,2,3,14,7.540645161290323,8.238735603445708,3.4,9.599765806451613,43,5,17,4,38,16,590,train
591,208,43,2,32,4,4,0,4,3,2.8000000000000003,3.1291,1.0,8.11917619047619,33,6,6,0,24,6,591,train
592,65,13,0,12,0,0,1,0,2,2.6,3.1291,0.5,7.602746153846153,13,2,1,0,7,1,592,train
593,279,51,0,43,12,3,4,3,10,9.15294117647059,9.725611199111238,3.0,8.504601960784314,42,3,9,4,27,9,593,train
594,135,24,0,22,7,4,0,1,2,4.866666666666667,6.42735559955562,2.0,9.954550000000001,26,3,5,1,18,4,594,train
595,73,12,0,12,2,1,1,0,1,9.066666666666668,8.841846274778883,1.5,10.513266666666667,13,2,3,2,8,3,595,train
596,306,52,2,37,4,2,0,1,9,9.046153846153846,9.516144504307135,3.0,8.836107692307692,37,4,11,5,30,9,596,train
597,32,7,0,7,1,1,0,0,0,2.8000000000000003,3.1291,0.0,8.495128571428573,8,1,0,0,3,2,597,train
598,108,21,0,19,4,3,0,0,4,10.304761904761905,8.841846274778883,1.0,7.685719047619047,20,1,1,1,9,3,598,train
599,77,13,0,13,1,0,1,0,2,8.276923076923078,8.841846274778883,3.0,7.925146153846153,15,1,3,1,8,2,599,train
600,636,102,7,80,20,8,2,5,20,10.594554455445545,10.9516,3.0,10.516165346534653,83,8,22,15,76,27,600,train
601,307,62,2,50,5,2,2,5,12,6.845161290322581,8.841846274778883,2.0,6.697396774193548,51,4,8,4,28,3,601,train
602,198,38,0,27,4,3,0,2,4,4.852631578947369,5.985473137389441,2.0,8.678489473684209,27,4,8,1,19,7,602,train
603,277,49,0,41,9,2,0,0,10,9.79795918367347,10.686352973137792,3.0,8.755528571428572,41,4,12,7,26,10,603,train
604,282,53,0,41,6,3,4,2,8,6.809433962264151,7.168621630094336,2.0,7.570869811320755,42,4,7,2,29,6,604,train
605,218,43,1,31,1,0,2,3,5,4.727131782945737,6.42735559955562,1.0,9.500106201550388,30,6,6,2,25,7,605,train
606,532,99,1,65,9,6,7,3,17,6.0611832611832615,5.288315135182226,2.0,8.325359451659452,65,7,14,1,54,15,606,train
607,313,58,0,44,7,3,3,1,7,4.279310344827586,5.985473137389441,1.5,10.257651724137933,44,8,12,2,41,12,607,train
608,528,101,2,69,11,6,4,4,18,7.525412541254124,6.42735559955562,3.0,7.910839273927393,68,6,17,2,51,10,608,train
609,105,20,0,18,1,0,0,0,2,6.666666666666668,7.793537801064561,1.3333333333333333,10.283166666666666,19,3,4,2,11,3,609,train
610,367,63,0,50,12,2,4,5,5,6.139682539682539,7.447530270364452,2.4285714285714284,9.847503174603174,53,7,17,4,47,13,610,train
611,311,62,3,44,5,6,3,3,6,6.2,3.1291,2.0,7.206751612903226,45,4,8,0,32,7,611,train
612,259,48,0,33,7,3,1,1,7,8.066666666666668,7.793537801064561,3.3333333333333335,8.377600000000001,37,3,9,2,25,9,612,train
613,370,71,2,48,9,3,4,2,10,6.806760563380282,6.742157984588678,2.8,8.788707323943662,47,5,14,2,38,12,613,train
614,484,91,2,64,13,5,2,5,13,4.627772227772228,6.574015621080383,1.2727272727272727,8.38473936063936,64,11,14,4,52,11,614,train
615,234,39,0,31,5,2,0,1,7,5.171282051282052,6.742157984588678,2.2,10.096456923076923,32,5,11,2,25,7,615,train
616,238,47,1,41,6,3,0,4,3,6.402127659574468,8.07648339933343,2.0,7.914831914893617,40,4,8,3,21,8,616,train
617,215,35,3,31,7,1,2,1,7,5.7857142857142865,7.168621630094336,2.5,9.935357142857143,33,4,10,2,28,6,617,test
618,212,42,2,35,4,3,4,3,6,7.504761904761906,7.793537801064561,1.6666666666666667,8.842328571428572,34,3,5,2,24,5,618,train
619,432,78,4,57,6,3,2,4,8,7.251282051282051,7.793537801064561,2.6666666666666665,9.342197435897436,58,6,16,4,41,16,619,train
620,421,78,3,60,8,5,7,4,10,6.508424908424908,7.447530270364452,2.2857142857142856,7.630595970695971,58,7,16,4,44,10,620,train
621,142,28,2,26,8,2,3,2,3,12.62857142857143,8.841846274778883,2.0,7.844942857142858,28,1,2,1,17,3,621,train
622,167,33,0,30,4,2,0,1,7,15.624242424242425,11.20814326018867,4.0,7.187239393939394,31,1,4,2,12,3,622,train
623,499,87,5,60,11,3,8,3,16,8.558620689655172,9.2995712137729,4.166666666666667,9.074550574712644,59,6,23,7,58,16,623,train
624,891,165,10,121,31,12,11,10,19,5.804195804195804,6.297961479604793,2.0,8.285311188811189,112,13,25,4,117,27,624,train
625,137,26,1,25,5,1,0,1,5,8.276923076923078,8.841846274778883,1.5,8.532453846153846,25,2,3,2,12,4,625,train
626,232,47,0,36,5,5,5,1,8,6.266666666666667,3.1291,1.6666666666666667,8.445056028368795,35,3,5,0,22,7,626,test
627,79,15,0,14,0,0,1,1,3,3.0,3.1291,1.0,8.219166666666666,16,2,2,0,9,2,627,train
628,106,19,0,17,0,0,3,1,5,4.63859649122807,6.42735559955562,1.3333333333333333,8.936949122807018,19,3,4,1,15,3,628,train
629,142,29,0,24,5,2,3,1,3,7.179310344827586,7.168621630094336,1.5,7.622596551724138,25,2,3,1,14,5,629,train
630,270,49,1,39,8,1,2,1,7,5.715646258503401,7.168621630094336,1.8333333333333333,9.841974829931974,43,6,11,3,32,8,630,train
631,92,18,0,17,2,1,0,0,3,7.2,3.1291,4.0,8.915411111111112,19,1,4,0,8,1,631,train
632,36,9,0,8,1,0,1,1,1,3.6,3.1291,0.0,7.591788888888889,8,1,0,0,3,0,632,train
633,219,45,2,34,3,1,1,1,8,4.5,3.1291,1.25,8.405166666666666,35,4,5,0,22,4,633,test
634,364,65,1,47,13,6,1,3,9,5.560439560439561,7.447530270364452,1.7142857142857142,10.170148351648352,50,7,12,4,41,15,634,test
635,478,88,0,55,9,4,2,2,20,4.854545454545455,5.985473137389441,2.375,8.847327272727274,56,8,19,2,54,11,635,train
636,181,38,0,28,8,3,0,1,6,16.25263157894737,8.841846274778883,6.0,9.676563157894737,29,1,6,1,14,5,636,train
637,114,19,0,17,5,3,0,0,2,10.115789473684211,10.125756701596842,2.5,8.262963157894736,17,2,5,3,12,3,637,test
638,98,17,0,17,4,3,1,1,2,9.325490196078432,8.841846274778883,1.6666666666666667,9.490507843137255,17,3,5,3,11,5,638,train
639,247,43,1,35,6,3,0,2,7,5.657364341085271,7.168621630094336,1.6666666666666667,10.968943410852713,37,6,9,3,27,8,639,train
640,382,72,2,51,12,6,2,2,14,5.2253968253968255,6.18269132825596,2.0,9.190699206349207,51,7,14,2,39,12,640,train
641,362,65,4,49,7,3,1,3,12,4.945054945054945,6.18269132825596,2.142857142857143,9.198456043956044,52,7,15,2,41,10,641,train
642,170,28,1,24,4,3,3,0,5,5.161904761904762,6.42735559955562,2.6666666666666665,9.174790476190477,23,3,8,1,22,5,642,train
643,300,51,2,42,9,4,1,3,9,7.217254901960785,8.238735603445708,2.0,8.786537647058823,46,5,9,4,34,9,643,train
644,119,24,0,21,5,2,0,3,3,12.933333333333335,11.20814326018867,4.0,8.116483333333333,20,1,4,2,10,4,644,train
645,211,42,0,39,6,1,2,1,8,10.304761904761905,8.841846274778883,2.5,8.43762380952381,39,2,5,2,18,6,645,train
646,756,138,5,89,19,8,7,9,16,7.1582608695652175,8.238735603445708,1.6666666666666667,9.241733043478261,83,15,24,12,77,28,646,train
647,843,160,6,106,18,9,10,3,24,7.016666666666666,8.447377352677275,1.8,8.705191666666666,105,15,27,13,101,26,647,train
648,16,4,0,4,0,0,0,0,0,1.2000000000000002,3.1291,0.0,0.1488,5,1,0,0,3,0,648,train
649,81,15,0,11,3,0,0,1,6,3.0,3.1291,1.0,7.1665,13,2,2,0,10,1,649,train
650,214,37,2,30,2,2,1,1,8,4.781081081081081,5.985473137389441,2.25,10.069894594594595,33,4,8,1,29,6,650,test
651,213,41,0,32,6,1,3,0,8,4.255609756097561,5.683917801722854,1.8,8.664683414634148,30,5,9,1,25,5,651,train
652,55,12,0,12,0,0,0,0,1,2.4000000000000004,3.1291,0.5,9.197433333333334,12,2,1,0,5,1,652,test
653,137,26,0,23,1,0,1,2,5,5.2,8.841846274778883,3.0,7.317838461538462,24,2,6,2,11,2,653,train
654,293,56,0,42,7,5,1,2,10,7.028571428571429,7.168621630094336,2.25,9.124292857142859,40,4,9,2,28,9,654,train
655,233,47,0,38,5,5,5,3,8,8.819858156028369,9.725611199111238,2.3333333333333335,7.4371836879432625,37,3,7,4,17,7,655,train
656,761,133,8,82,14,6,6,6,24,6.538596491228072,7.793537801064561,2.4166666666666665,8.222774686716793,80,12,29,8,85,22,656,train
657,96,18,0,18,2,0,0,1,4,5.822222222222223,7.168621630094336,2.0,7.591788888888889,19,2,4,1,11,2,657,train
658,182,33,1,24,8,1,1,0,5,3.8521212121212116,5.683917801722854,1.2,9.705678181818183,24,5,6,1,20,6,658,train
659,147,31,0,26,4,2,2,0,6,4.133333333333334,3.1291,1.0,7.2051623655913986,26,3,3,0,13,2,659,train
660,233,37,0,34,6,4,1,2,6,12.805405405405407,13.023866798666859,6.0,8.821667567567568,35,2,12,6,20,9,660,test
661,301,48,2,37,7,1,1,1,6,6.076190476190476,7.447530270364452,2.142857142857143,11.871614285714285,40,7,15,4,41,14,661,test
662,352,65,3,49,11,3,8,3,12,8.346153846153845,8.841846274778883,4.0,8.329269230769231,48,4,16,4,37,13,662,train
663,125,22,1,18,1,1,2,1,0,8.036363636363637,8.841846274778883,2.5,9.20619090909091,21,2,4,2,12,4,663,test
664,21,5,0,5,0,0,0,0,1,2.0,3.1291,0.0,7.0425,5,1,0,0,1,1,664,train
665,232,42,0,35,4,1,2,2,8,7.057142857142857,8.07648339933343,2.5,10.548490476190477,36,4,10,3,24,9,665,train
666,36,9,0,9,1,1,2,2,0,3.6,3.1291,0.0,5.837344444444444,10,1,0,0,4,0,666,train
667,153,27,2,21,6,4,1,2,4,6.562962962962963,7.793537801064561,2.3333333333333335,9.931048148148149,22,3,7,2,18,6,667,test
668,307,54,2,41,8,3,3,4,10,5.307936507936508,7.447530270364452,1.7142857142857142,7.820424867724867,42,7,12,4,37,7,668,train
669,180,34,1,31,6,3,1,3,7,5.7098039215686285,6.42735559955562,1.6666666666666667,8.378339215686275,32,3,5,1,21,5,669,test
670,105,19,0,18,3,0,0,1,2,9.705263157894738,8.841846274778883,4.0,8.734163157894738,19,1,4,1,9,2,670,train
671,509,94,4,61,10,4,4,1,18,6.305437352245864,7.3871296695380915,2.4444444444444446,8.857948699763593,60,9,22,5,53,17,671,train
672,178,33,1,27,4,0,0,2,4,2.64,3.1291,1.2,8.748708484848486,28,5,6,0,20,4,672,train
673,382,72,3,58,5,4,5,7,8,9.977777777777778,9.516144504307135,2.5,9.134716666666668,60,4,10,5,40,11,673,train
674,257,46,2,37,5,3,4,2,8,5.237267080745342,6.868970318607317,1.1428571428571428,10.827660248447206,38,7,7,3,34,7,674,train
675,57,11,0,10,2,1,0,0,1,4.4,3.1291,2.0,7.053009090909091,12,1,2,0,6,1,675,train
676,180,33,1,29,5,3,2,1,6,6.824242424242425,7.793537801064561,2.6666666666666665,8.966948484848485,31,3,8,2,19,6,676,train
677,1213,217,4,119,29,9,14,10,35,6.341767909509845,7.846244985919111,1.9545454545454546,9.146519773774614,112,22,43,15,141,34,677,train
678,198,37,1,29,5,2,1,1,8,4.0410810810810815,5.683917801722854,1.2,9.978134594594597,30,5,6,1,22,6,678,train
679,107,23,0,21,2,2,1,2,3,4.6000000000000005,3.1291,1.5,6.952986956521739,20,2,3,0,8,2,679,test
680,166,31,2,23,1,0,1,2,6,3.7703225806451615,5.683917801722854,1.6,8.528213548387097,24,5,7,1,22,5,680,train
681,376,70,2,47,12,4,0,2,13,7.885714285714286,8.238735603445708,3.0,10.195757142857143,47,5,14,4,42,13,681,train
682,156,31,2,26,2,0,0,1,3,7.490322580645162,7.168621630094336,2.0,6.952074193548387,27,2,4,1,14,3,682,train
683,77,13,0,13,1,0,0,2,2,2.6,3.1291,1.0,10.031976923076924,15,2,2,0,9,2,683,train
684,249,45,0,35,1,1,3,0,7,4.777777777777778,6.42735559955562,1.3333333333333333,9.973611111111111,35,6,8,2,32,9,684,train
685,121,22,1,22,3,2,0,2,2,4.751515151515152,6.42735559955562,1.3333333333333333,7.588869696969697,24,3,4,1,12,3,685,train
686,662,110,3,75,15,5,3,1,12,7.020979020979022,8.384062270229773,2.230769230769231,10.228646853146854,73,13,29,11,77,25,686,train
687,369,72,2,46,7,4,2,4,10,5.911111111111111,6.42735559955562,1.8333333333333333,9.71433888888889,46,6,11,2,38,12,687,test
688,140,25,0,23,2,0,2,1,1,4.1000000000000005,5.985473137389441,1.25,8.9993,26,4,5,1,15,7,688,train
689,563,105,1,69,12,3,3,3,29,5.969230769230769,5.985473137389441,2.125,7.621492307692307,65,8,15,2,52,11,689,train
690,367,72,0,51,11,3,4,5,12,6.871111111111111,6.742157984588678,1.8,7.421017777777777,50,5,9,2,35,8,690,train
691,345,63,0,46,8,2,5,1,7,9.474603174603175,9.516144504307135,2.5,9.430398412698413,47,4,10,5,36,13,691,train
692,453,87,3,53,7,4,3,2,15,4.3500000000000005,3.1291,1.375,8.350267816091954,52,8,10,0,56,9,692,test
693,357,65,0,48,7,4,1,2,8,3.8653846153846154,5.148860815047168,1.375,7.926269230769231,48,8,10,1,43,7,693,train
694,334,62,0,46,8,3,2,4,11,8.135483870967743,8.07648339933343,3.5,8.989493548387095,47,4,13,2,31,10,694,train
695,721,133,5,86,24,7,4,5,16,5.295315211104685,6.297961479604793,1.5384615384615385,8.417931116252168,83,13,20,4,66,18,695,train
696,77,16,0,16,5,2,0,0,1,6.4,3.1291,3.0,8.377600000000001,16,1,3,0,6,3,696,train
697,660,125,0,82,10,4,9,6,21,7.53,7.168621630094336,3.0,8.32742,79,8,22,4,67,18,697,train
698,104,21,1,17,3,2,0,1,4,10.304761904761905,8.841846274778883,3.0,6.933814285714286,19,1,3,1,9,2,698,train
699,48,11,0,11,2,1,0,0,1,2.2,3.1291,0.5,8.215663636363637,12,2,1,0,7,2,699,train
700,279,53,0,39,5,2,7,2,6,6.047439353099731,8.418075326091056,1.4285714285714286,9.970533423180594,39,7,10,6,33,9,700,train
701,353,61,2,51,8,2,6,3,10,8.666666666666666,9.2995712137729,2.8333333333333335,9.922166666666667,55,6,17,7,45,13,701,train
702,465,77,0,52,12,5,2,4,11,7.578066378066379,8.841846274778883,2.4444444444444446,10.212803607503607,52,9,22,9,49,18,702,train
703,165,36,0,26,3,3,3,1,6,16.622222222222224,11.20814326018867,5.0,8.930988888888889,28,1,4,2,14,3,703,train
704,340,65,1,45,5,4,2,2,13,4.948717948717949,5.46131890053228,1.6666666666666667,8.546448717948719,44,6,10,1,36,10,704,test
705,228,43,1,36,3,0,4,1,7,7.090697674418604,8.07648339933343,2.25,8.576211627906977,36,4,9,3,22,8,705,train
706,486,90,0,59,11,6,4,2,15,7.166666666666668,8.472884824447931,2.0,9.457833333333333,57,8,15,6,48,16,706,train
707,269,57,0,40,4,1,2,2,10,5.7,5.985473137389441,1.75,6.559440350877193,41,4,7,1,22,3,707,train
708,263,49,0,39,5,5,2,4,6,6.53265306122449,7.168621630094336,2.0,8.755528571428572,37,4,8,2,22,8,708,train
709,338,63,0,41,5,1,6,1,10,6.73968253968254,7.793537801064561,2.5,8.919363492063493,41,6,14,4,35,11,709,train
710,324,68,0,43,9,2,2,1,10,6.028235294117647,5.683917801722854,1.4,6.633118823529411,42,5,7,1,32,5,710,train
711,709,132,9,85,15,6,7,4,24,8.290909090909091,9.444778638647367,2.4444444444444446,9.148815151515151,84,9,22,11,72,18,711,train
712,424,71,2,49,13,7,2,3,9,6.366901408450705,7.6454224807358475,2.5,11.41571408450704,50,8,20,5,50,18,712,test
713,288,51,4,44,4,2,3,4,4,8.0,8.841846274778883,2.6,9.501100000000001,46,5,13,5,38,12,713,train
714,271,48,0,42,7,2,3,2,7,4.033333333333334,6.42735559955562,1.6666666666666667,8.638716666666667,41,6,10,2,25,8,714,test
715,304,50,0,40,7,0,5,2,7,8.0,8.841846274778883,2.6,9.501100000000001,40,5,13,4,33,10,715,train
716,197,39,0,33,0,0,3,2,6,9.851282051282052,8.841846274778883,2.5,7.437802564102564,32,2,5,2,17,5,716,test
717,404,66,1,44,6,1,4,2,9,6.330303030303031,8.472884824447931,2.5,10.026760606060606,45,8,20,7,43,14,717,train
718,117,23,0,23,3,0,3,1,2,2.3000000000000003,3.1291,0.75,8.04083043478261,23,4,3,0,13,4,718,train
719,303,54,2,37,5,4,2,2,8,2.7,5.148860815047168,1.625,9.234633333333335,37,8,13,1,36,8,719,train
720,610,123,4,74,10,5,13,6,20,9.50081300813008,7.793537801064561,2.3333333333333335,8.376145528455284,74,6,13,4,54,13,720,train
721,528,107,1,63,19,7,10,0,16,6.488117489986649,6.18269132825596,2.142857142857143,6.903363017356476,63,7,13,2,56,9,721,train
722,76,16,0,15,0,0,3,0,1,6.4,3.1291,2.0,7.390725,16,1,2,0,9,1,722,train
723,131,25,0,23,4,3,0,1,5,11.600000000000001,8.841846274778883,7.0,9.2977,23,1,7,1,10,5,723,train
724,78,17,0,16,2,1,1,1,2,3.4000000000000004,3.1291,0.5,6.844570588235294,18,2,1,0,6,1,724,train
725,334,57,1,42,5,2,4,0,7,5.905263157894737,7.793537801064561,2.6666666666666665,11.033138596491229,42,6,16,4,40,11,725,test
726,292,63,0,41,5,1,3,4,14,8.4,3.1291,1.6666666666666667,6.181909523809524,41,3,5,0,22,4,726,train
727,530,105,0,65,14,9,5,2,18,6.571428571428571,7.793537801064561,1.4444444444444444,7.974690476190476,60,9,13,6,48,13,727,test
728,400,82,0,52,13,3,4,6,11,6.56,3.1291,1.6,7.530915609756097,52,5,8,0,29,8,728,train
729,553,102,4,73,14,5,2,8,17,8.573669467787115,8.841846274778883,2.5714285714285716,9.00336050420168,76,7,17,6,54,18,729,train
730,374,69,1,45,8,5,0,4,13,6.339130434782609,7.168621630094336,2.3333333333333335,8.783711594202899,44,6,14,3,41,12,730,train
731,405,71,2,51,6,2,4,3,13,7.437424547283702,8.418075326091056,2.4285714285714284,9.699444869215291,53,7,17,6,47,14,731,train
732,144,25,1,21,4,2,1,0,4,7.300000000000001,8.07648339933343,1.75,12.157300000000001,21,4,7,3,18,7,732,train
733,274,55,3,35,6,2,2,0,8,6.2272727272727275,5.985473137389441,2.0,8.050681818181818,35,4,8,1,26,6,733,train
734,456,85,0,54,6,2,4,5,12,4.25,3.1291,1.75,8.993382352941177,54,8,14,0,50,13,734,train
735,409,78,0,52,8,3,3,1,17,5.9512820512820515,7.168621630094336,1.75,8.16881794871795,50,8,13,4,41,10,735,train
736,190,34,0,31,5,3,4,1,6,8.062745098039215,9.725611199111238,2.0,8.842750980392157,34,3,6,4,22,5,736,train
737,8,1,0,1,1,0,0,0,0,0.4,3.1291,1.0,19.476100000000002,1,1,1,0,1,0,737,train
738,274,49,1,35,4,3,2,1,9,4.0829931972789115,5.46131890053228,1.6666666666666667,10.48646462585034,35,6,10,1,33,10,738,train
739,288,57,0,44,7,4,4,4,6,9.003508771929825,9.725611199111238,3.3333333333333335,7.626092982456141,45,3,10,4,23,7,739,train
740,292,53,0,40,4,3,4,3,10,6.809433962264151,7.168621630094336,2.5,8.166718867924528,38,4,10,2,29,8,740,train
741,203,39,1,31,0,0,0,1,5,10.876923076923077,10.125756701596842,4.0,9.867033333333335,33,2,7,3,19,6,741,train
742,301,63,2,43,5,2,3,4,9,8.4,3.1291,1.6666666666666667,7.184449206349207,40,3,5,0,30,3,742,train
743,108,19,0,16,2,1,1,0,2,8.010526315789475,8.841846274778883,2.5,9.094015789473683,17,2,5,2,12,4,743,test
744,167,30,0,26,4,2,2,3,3,5.666666666666668,7.168621630094336,1.75,10.3245,27,4,7,2,15,7,744,train
745,355,67,2,50,7,2,1,1,13,2.977777777777778,3.1291,1.3333333333333333,10.13320713101161,50,9,12,0,46,11,745,train
746,248,46,0,34,4,1,1,3,6,3.6799999999999997,3.1291,2.0,9.928254782608697,34,5,10,0,29,8,746,test
747,187,33,0,29,2,0,2,3,6,6.824242424242425,7.793537801064561,2.3333333333333335,8.966948484848485,30,3,7,2,18,7,747,train
748,203,35,1,32,1,0,4,3,5,5.7857142857142865,7.168621630094336,2.0,10.386500000000002,32,4,8,2,25,6,748,train
749,149,22,0,21,5,3,0,2,1,8.036363636363637,8.841846274778883,3.5,8.488463636363637,22,2,7,2,16,5,749,train
750,87,17,0,15,2,2,2,0,3,3.4000000000000004,3.1291,1.0,7.773394117647059,16,2,2,0,8,2,750,train
751,278,52,0,43,8,4,3,3,6,4.92923076923077,6.742157984588678,1.6,8.403493846153847,41,5,8,2,29,5,751,test
752,240,44,2,36,5,2,3,4,7,8.8,3.1291,2.5,6.522018181818182,38,2,8,0,21,1,752,train
753,126,23,0,22,6,1,1,1,5,6.339130434782609,7.168621630094336,3.0,11.758639130434783,26,2,6,1,19,7,753,train
754,270,56,0,39,3,2,3,2,8,4.4799999999999995,3.1291,1.0,7.857555714285715,39,5,6,0,26,6,754,train
755,490,94,5,66,7,3,8,1,18,5.879905437352246,7.3871296695380915,1.6666666666666667,8.521991252955083,61,9,15,5,61,13,755,train
756,379,82,0,48,8,3,3,3,15,10.933333333333334,3.1291,3.0,7.11040406504065,49,3,9,0,24,5,756,test
757,216,38,1,33,3,1,3,2,5,8.010526315789475,8.841846274778883,2.5,9.925068421052632,34,4,10,4,22,9,757,test
758,524,96,3,59,12,6,2,2,17,5.506666666666667,6.742157984588678,1.9,9.5404725,58,10,19,4,62,14,758,train
759,414,80,1,59,9,6,5,7,12,12.666666666666668,9.725611199111238,4.666666666666667,7.919791666666667,59,3,14,4,33,11,759,train
760,484,95,1,73,12,6,8,1,16,8.350151975683891,9.236282656511921,2.4285714285714284,7.662131610942249,72,7,17,8,50,12,760,test
761,79,16,0,15,0,0,0,2,3,5.7,7.168621630094336,1.5,8.967675,16,2,3,1,7,3,761,test
762,514,94,3,68,15,8,7,4,14,7.968794326241135,8.344100000000001,3.1666666666666665,8.109098581560284,67,6,19,5,53,15,762,train
763,331,62,3,46,6,3,6,0,8,8.911827956989248,7.793537801064561,3.0,8.481727956989248,48,3,9,2,34,8,763,test
764,25,5,0,5,0,0,0,1,1,2.0,3.1291,1.0,10.200500000000002,6,1,1,0,3,1,764,train
765,165,33,1,26,2,0,2,1,4,2.64,3.1291,0.8,8.748708484848486,28,5,4,0,17,5,765,train
766,559,95,2,74,15,3,6,1,16,5.828019323671498,7.3871296695380915,2.7777777777777777,9.6356961352657,71,9,25,5,66,17,766,train
767,19,3,0,3,1,0,1,0,0,1.2000000000000002,3.1291,1.0,14.311966666666669,4,1,1,0,2,0,767,train
768,107,20,0,18,2,2,0,2,3,8.666666666666668,8.841846274778883,1.6666666666666667,10.283166666666666,18,3,5,3,12,5,768,train
769,379,68,2,51,5,3,2,5,13,6.298039215686275,7.168621630094336,2.8333333333333335,8.610545098039216,53,6,16,3,43,12,769,train
770,227,44,4,32,2,1,1,3,7,5.152380952380953,5.985473137389441,1.75,9.420633333333335,33,4,7,1,29,5,770,test
771,556,103,2,75,15,6,4,4,14,7.827461858529819,8.418075326091056,3.142857142857143,7.738949930651873,72,7,22,6,53,13,771,train
772,87,15,0,15,2,1,1,1,1,3.0,7.168621630094336,2.0,9.271833333333333,16,2,4,1,9,3,772,train
773,250,48,0,40,10,5,1,1,10,6.466666666666668,7.168621630094336,1.75,8.837116666666667,39,4,7,2,25,8,773,train
774,163,31,0,25,9,5,0,2,6,8.780645161290323,8.841846274778883,3.0,9.498848387096775,26,2,6,2,18,6,774,test
775,163,33,0,30,3,2,1,2,5,7.8121212121212125,7.168621630094336,2.0,10.675203030303031,32,2,4,1,18,5,775,train
776,262,44,0,38,8,2,2,4,6,7.156363636363636,8.238735603445708,2.8,9.09707090909091,40,5,14,4,27,11,776,test
777,106,21,1,20,2,0,3,0,4,4.2,3.1291,2.0,10.172538095238096,21,2,4,0,12,3,777,train
778,331,64,0,44,7,2,3,0,15,7.65,7.168621630094336,2.75,8.62431875,44,4,11,2,31,9,778,test
779,528,94,5,64,10,8,6,7,11,6.827659574468085,7.6454224807358475,2.5,8.418768085106382,62,8,20,5,60,16,779,train
780,388,71,0,50,6,2,1,2,13,5.860093896713615,6.42735559955562,2.5,9.338503755868544,50,6,14,2,38,12,780,train
781,109,23,0,22,1,1,2,2,4,6.339130434782609,7.168621630094336,1.0,6.266465217391304,22,2,2,1,10,1,781,train
782,35,6,0,6,1,0,0,0,2,9.066666666666668,8.841846274778883,1.0,9.197433333333334,7,1,1,1,5,1,782,test
783,99,19,0,17,5,2,1,1,3,9.705263157894738,8.841846274778883,3.0,7.90311052631579,18,1,3,1,7,3,783,train
784,96,18,0,18,2,0,0,1,5,9.422222222222222,8.841846274778883,5.0,10.669855555555555,19,1,5,1,10,4,784,train
785,320,61,2,46,10,6,1,0,11,5.378142076502733,6.42735559955562,2.1666666666666665,9.576668306010928,46,6,13,2,35,10,785,train
786,147,26,1,26,5,2,2,2,3,8.082051282051282,8.841846274778883,2.0,9.532135897435897,27,3,6,3,16,6,786,train
787,388,73,5,48,8,5,6,6,8,8.031780821917808,8.238735603445708,2.4,8.902988767123288,48,5,12,4,42,12,787,train
788,239,39,2,30,5,4,2,2,2,6.976923076923078,8.07648339933343,3.5,12.622407692307693,29,4,14,3,26,15,788,test
789,455,88,2,59,8,7,4,7,17,7.94909090909091,6.742157984588678,2.2,7.559800909090908,58,5,10,2,42,10,789,train
790,464,86,1,57,9,4,2,4,14,8.989147286821705,9.2995712137729,2.6666666666666665,10.222782170542636,56,6,16,7,43,17,790,train
791,216,38,0,33,4,1,3,1,4,5.145263157894737,6.742157984588678,2.0,9.415302105263159,33,5,10,2,24,5,791,train
792,677,115,6,80,12,9,3,3,15,4.8768115942028984,6.42735559955562,2.0,8.780181159420291,76,12,22,4,74,21,792,train
793,195,34,0,28,5,1,3,0,4,6.886274509803923,8.841846274778883,2.6666666666666665,9.771574509803923,29,3,8,3,17,6,793,train
794,301,60,1,41,7,2,1,4,11,9.333333333333334,7.793537801064561,2.0,8.049666666666667,42,3,6,2,28,7,794,train
795,164,33,0,29,2,1,3,2,3,3.8100000000000005,5.683917801722854,0.8,9.87519,27,5,4,1,24,5,795,train
796,224,41,0,32,4,4,1,3,6,5.231219512195122,7.554174236665414,1.8,9.049805365853658,32,5,9,3,23,6,796,train
797,284,54,0,43,9,4,1,1,8,7.622222222222224,8.841846274778883,1.25,7.814988888888889,43,4,5,4,28,6,797,train
798,209,38,0,30,3,1,1,1,10,4.852631578947369,7.168621630094336,2.75,8.262963157894736,31,4,10,2,23,5,798,train
799,338,59,3,53,15,4,3,5,5,6.075932203389831,7.554174236665414,1.8,7.433305423728814,56,5,9,3,43,7,799,train
800,182,37,0,28,4,3,2,1,6,9.257657657657658,9.725611199111238,2.0,8.942557657657659,28,3,6,4,18,6,800,train
801,218,39,2,37,5,3,1,1,7,8.276923076923078,8.841846274778883,2.0,8.734889743589743,38,3,6,3,23,8,801,test
802,268,51,0,36,7,4,3,2,8,4.864313725490196,5.683917801722854,1.8,8.476929803921568,36,5,9,1,30,7,802,train
803,223,43,1,38,6,3,1,2,8,5.2302325581395355,5.985473137389441,1.75,8.576211627906977,39,4,7,1,23,5,803,train
804,332,61,2,51,7,4,5,6,7,9.378688524590164,10.125756701596842,2.75,8.534539344262296,49,4,11,6,34,10,804,train
805,417,77,5,56,9,5,7,4,9,3.4222222222222225,3.1291,1.2222222222222223,8.777349062049062,55,9,11,0,53,9,805,train
806,267,51,2,41,1,1,5,2,7,5.752941176470589,7.168621630094336,1.0,7.463786274509804,42,6,6,3,30,7,806,test
807,267,49,1,42,8,6,0,3,8,6.53265306122449,7.168621630094336,2.25,9.077773469387754,44,4,9,2,26,7,807,train
808,270,46,0,32,2,1,2,0,5,5.237267080745342,7.447530270364452,2.0,11.170921118012423,32,7,14,4,29,11,808,train
809,78,14,0,13,5,1,0,0,2,11.314285714285715,11.20814326018867,3.0,7.714471428571429,13,1,3,2,7,2,809,train
810,187,40,1,29,4,0,1,0,7,5.333333333333334,3.1291,0.6666666666666666,7.061083333333333,32,3,2,0,18,3,810,train
811,162,31,1,27,6,5,1,1,6,13.690322580645162,8.841846274778883,6.0,8.230229032258064,28,1,6,1,12,5,811,train
812,5,1,0,1,0,0,0,0,0,0.4,3.1291,0.0,0.0496,2,1,0,0,1,0,812,train
813,401,75,1,55,8,3,8,1,13,8.666666666666668,8.841846274778883,3.2,8.380633333333332,56,5,15,5,45,10,813,train
814,107,19,0,16,4,3,0,1,2,9.705263157894738,8.841846274778883,4.0,6.241005263157895,17,1,4,1,9,1,814,test
815,31,6,0,6,0,0,0,1,1,2.4000000000000004,3.1291,2.0,9.197433333333334,7,1,2,0,4,1,815,train
816,392,69,0,54,13,2,0,3,10,5.102277432712216,6.18269132825596,2.0,8.244544720496894,53,7,14,2,35,11,816,train
817,393,79,0,51,9,7,3,4,16,5.772995780590717,5.46131890053228,1.5,6.688047679324894,53,6,9,1,29,7,817,train
818,327,58,3,44,6,2,1,5,11,6.019310344827587,6.742157984588678,2.8,9.656687586206896,42,5,14,2,36,12,818,train
819,44,8,0,7,1,0,1,0,0,8.200000000000001,8.841846274778883,1.0,9.954550000000001,8,1,1,1,5,1,819,train
820,128,26,0,18,7,5,1,3,0,11.938461538461539,8.841846274778883,3.0,8.569946153846153,18,1,3,1,12,4,820,train
821,347,66,1,45,9,2,4,6,9,3.9060606060606062,5.148860815047168,1.25,8.112821212121212,47,8,10,1,40,9,821,train
822,333,61,0,47,8,2,2,1,13,9.444808743169398,8.841846274778883,4.333333333333333,9.304377595628416,46,3,13,3,27,12,822,test
823,241,47,0,35,6,3,2,1,13,6.266666666666667,3.1291,3.0,9.116970921985814,37,3,9,0,27,5,823,train
824,227,45,3,36,6,4,6,1,6,6.888888888888889,6.42735559955562,2.0,7.187611111111111,37,3,6,1,21,6,824,train
825,73,17,0,17,1,1,1,1,2,6.800000000000001,3.1291,1.0,9.123817647058823,18,1,1,0,8,1,825,train
826,320,60,1,48,7,2,1,1,12,6.133333333333334,7.554174236665414,2.4,8.705533333333333,47,5,12,3,45,10,826,train
827,76,14,0,13,2,1,0,0,3,5.6000000000000005,3.1291,3.0,7.714471428571429,15,1,3,0,8,1,827,train
828,193,36,0,32,2,2,1,3,3,4.711111111111111,5.985473137389441,1.25,8.907622222222223,33,4,5,1,18,6,828,train
829,306,57,2,43,8,3,5,2,5,5.203508771929825,6.42735559955562,2.1666666666666665,8.816998245614034,45,6,12,2,35,10,829,train
830,576,103,9,76,15,7,3,5,15,10.361812297734629,10.125756701596842,3.3333333333333335,9.853500647249192,74,6,19,9,68,17,830,train
831,337,62,2,50,7,5,2,5,10,5.423655913978495,7.168621630094336,2.0,8.478549462365592,51,6,12,3,37,9,831,train
832,31,8,0,8,1,1,0,0,1,3.2,3.1291,0.0,0.3968,8,1,0,0,2,0,832,train
833,340,64,2,47,7,3,1,2,14,8.275,8.07648339933343,3.25,8.62431875,50,4,13,3,32,10,833,train
834,262,46,3,39,7,1,0,0,8,4.805797101449276,6.42735559955562,1.5,10.538723188405797,41,6,9,2,34,8,834,train
835,465,99,0,63,9,4,9,3,13,6.0611832611832615,5.288315135182226,1.0,7.527884704184704,60,7,7,1,49,7,835,train
836,296,50,0,35,9,5,1,1,10,5.6000000000000005,7.554174236665414,3.2,10.448500000000001,36,5,15,3,32,12,836,train
837,290,55,2,37,3,1,2,1,14,7.681818181818182,8.07648339933343,2.5,10.634500000000001,38,4,10,3,35,8,837,train
838,383,70,3,49,11,8,3,2,11,6.2857142857142865,7.447530270364452,2.0,7.2905,48,7,12,4,37,9,838,test
839,524,98,6,72,11,4,9,4,15,7.348979591836735,8.07648339933343,2.25,8.916651020408164,73,8,17,6,65,18,839,train
840,666,115,3,69,25,14,8,2,19,8.078260869565218,9.120678840339163,3.3,8.875247826086957,65,10,31,11,76,24,840,train
841,493,88,5,64,11,4,6,2,14,7.092929292929293,8.167268648758528,2.2222222222222223,9.68386414141414,65,9,20,7,61,18,841,train
842,219,41,1,35,6,3,4,1,8,5.231219512195122,6.742157984588678,1.4,9.049805365853658,36,5,7,2,27,5,842,train
843,320,53,2,41,9,4,0,4,6,6.504150943396226,7.554174236665414,2.6,10.120750566037737,39,5,13,3,32,11,843,train
844,383,72,2,54,8,2,2,3,13,7.5777777777777775,8.344100000000001,2.3333333333333335,9.495033333333335,53,6,14,5,41,10,844,train
845,74,14,0,14,3,1,1,3,0,4.723809523809524,6.42735559955562,0.3333333333333333,8.379395238095238,15,3,1,1,7,2,845,train
846,346,65,3,51,10,3,5,3,10,8.346153846153845,8.07648339933343,2.5,7.6005,54,4,10,3,34,7,846,test
847,110,23,0,20,3,2,0,1,4,9.200000000000001,3.1291,2.0,9.582952173913045,21,1,2,0,8,3,847,test
848,226,49,1,40,5,3,4,4,10,3.9200000000000004,3.1291,0.8,6.378294285714286,37,5,4,0,25,1,848,train
849,163,30,1,27,4,1,3,2,5,3.0,3.1291,1.5,8.7455,29,4,6,0,22,4,849,test
850,339,63,0,47,11,4,6,1,9,6.73968253968254,7.793537801064561,1.8333333333333333,8.919363492063493,47,6,11,4,34,10,850,test
851,269,49,0,37,8,4,2,1,6,7.348979591836735,8.07648339933343,2.5,9.077773469387754,38,4,10,3,32,7,851,train
852,257,45,0,39,9,3,1,3,8,6.888888888888889,7.793537801064561,4.0,9.994722222222222,39,3,12,2,26,11,852,train
853,226,47,0,35,2,1,5,1,9,5.469565217391305,5.985473137389441,1.0,7.982769565217391,35,4,4,1,27,3,853,test
854,23,5,0,5,0,0,0,1,0,2.0,3.1291,1.0,7.0425,5,1,1,0,2,1,854,train
855,436,82,0,55,8,2,4,8,14,6.636933797909407,7.447530270364452,2.4285714285714284,7.876187108013937,53,7,17,4,43,10,855,train
856,119,21,1,21,4,1,3,1,3,6.609523809523811,7.793537801064561,1.6666666666666667,12.254652380952383,25,3,5,2,18,5,856,train
857,151,29,0,27,6,3,1,2,3,5.245977011494253,6.42735559955562,1.6666666666666667,7.3828632183908045,28,3,5,1,18,4,857,train
858,276,49,0,43,9,4,5,3,7,7.185306122448981,8.841846274778883,1.8,7.667273877551021,46,5,9,5,34,8,858,train
859,325,61,0,51,5,1,5,5,6,10.100546448087432,8.841846274778883,3.0,8.268967759562841,54,3,8,3,29,8,859,train
860,656,109,4,77,21,9,8,3,18,9.53132372214941,9.957137785484202,3.4285714285714284,9.189301572739186,76,7,24,10,78,21,860,train
861,136,22,0,20,3,1,0,2,4,4.0181818181818185,5.985473137389441,2.0,10.368845454545454,22,4,8,1,18,5,861,test
862,170,34,0,28,5,3,2,1,2,5.7098039215686285,6.42735559955562,0.6666666666666666,6.985103921568628,28,3,2,1,14,2,862,train
863,324,59,0,43,4,3,2,4,7,6.075932203389831,6.742157984588678,2.4,9.841949491525424,45,5,12,2,34,13,863,train
864,494,86,5,62,8,3,4,1,12,4.28733850129199,6.937597516519254,2.111111111111111,10.169409043927649,59,9,19,4,66,15,864,train
865,255,51,0,40,8,2,2,2,10,8.368627450980393,7.793537801064561,2.6666666666666665,8.81420980392157,41,3,8,2,24,8,865,train
866,288,58,1,46,3,2,6,0,5,5.203508771929825,6.42735559955562,1.1666666666666667,7.154892982456141,46,6,7,2,28,6,866,train
867,164,30,0,27,5,2,2,1,6,8.666666666666668,8.841846274778883,3.0,9.1175,28,2,5,2,14,6,867,test
868,282,47,2,36,6,4,2,2,4,7.253191489361703,8.07648339933343,4.0,11.610363829787236,37,4,16,3,31,14,868,train
869,160,29,0,26,6,3,2,2,2,9.937931034482759,10.125756701596842,3.0,9.800527586206897,27,2,6,3,14,6,869,test
870,27,7,0,7,1,1,0,1,0,2.8000000000000003,3.1291,0.0,6.239414285714286,7,1,0,0,4,0,870,train
871,179,37,0,31,3,2,2,3,8,4.933333333333334,3.1291,1.6666666666666667,8.515800900900901,32,3,5,0,19,3,871,test
872,194,36,0,30,5,2,3,2,2,10.533333333333335,10.125756701596842,3.5,9.792633333333335,31,2,7,3,19,8,872,test
873,260,45,0,35,9,3,0,1,10,9.555555555555555,9.725611199111238,4.0,8.240277777777777,37,3,12,4,25,9,873,train
874,486,86,3,57,11,7,12,6,8,8.020930232558142,9.188382445141503,2.25,10.228653488372093,56,8,18,9,55,18,874,train
875,320,60,1,45,5,3,3,2,8,5.0,7.168621630094336,1.375,8.219166666666666,47,8,11,4,36,9,875,train
876,624,121,2,66,14,8,6,8,20,8.897756788665879,8.418075326091056,2.5714285714285716,7.8867639905549,65,7,18,6,56,13,876,train
877,265,51,0,42,4,1,7,3,4,4.864313725490196,6.742157984588678,1.2,7.857714117647059,42,5,5,2,31,6,877,train
878,34,7,0,7,2,1,0,0,2,2.8000000000000003,3.1291,2.0,0.3472,8,1,2,0,5,0,878,test
879,212,43,0,33,3,1,5,2,6,5.2302325581395355,5.985473137389441,1.0,7.474583720930233,33,4,4,1,20,3,879,train
880,177,32,0,28,7,2,0,1,5,5.516666666666667,6.42735559955562,1.6666666666666667,8.113066666666667,30,3,4,1,18,3,880,train
881,172,37,2,28,3,1,0,0,6,7.4,3.1291,1.0,7.968154054054054,29,2,2,0,15,2,881,train
882,410,77,0,53,9,4,3,4,11,6.691774891774893,7.168621630094336,3.0,7.554072294372295,52,6,17,3,38,11,882,train
883,312,56,1,41,9,7,0,5,4,7.3047619047619055,8.344100000000001,2.5,9.456754761904762,43,6,15,4,34,11,883,train
884,100,20,0,20,3,1,1,3,2,8.0,3.1291,1.0,8.576,21,1,1,0,10,1,884,train
885,289,53,2,38,6,2,3,3,10,7.564150943396226,8.841846274778883,2.25,6.975020754716981,38,4,9,4,26,7,885,train
886,358,59,6,41,4,0,5,3,10,10.035028248587572,10.125756701596842,3.1666666666666665,12.420674011299434,42,6,19,9,48,19,886,train
887,234,46,1,37,8,2,2,3,7,4.549565217391304,5.683917801722854,1.4,8.898472173913044,39,5,7,1,27,9,887,train
888,777,138,5,99,22,7,9,7,19,6.275139353400224,7.610546881738771,2.6923076923076925,9.197515830546266,97,13,35,8,90,28,888,test
889,168,28,0,24,4,2,1,1,6,9.885714285714286,10.125756701596842,4.5,9.970185714285716,24,2,9,3,16,6,889,test
890,165,29,0,22,1,0,1,3,3,5.245977011494253,6.42735559955562,2.3333333333333335,10.649759770114944,21,3,7,1,19,8,890,train
891,142,27,0,22,2,3,0,4,1,6.881481481481481,8.841846274778883,3.5,8.98461851851852,23,2,7,2,14,5,891,test
892,133,27,1,24,4,2,1,2,5,10.8,3.1291,1.0,7.899774074074074,24,1,1,0,9,2,892,train
893,119,21,0,21,3,1,1,1,3,6.104761904761905,7.168621630094336,2.0,9.420633333333335,22,2,4,1,12,3,893,train
894,188,35,0,29,6,2,1,1,6,2.8000000000000003,3.1291,1.0,8.495128571428573,32,5,5,0,18,5,894,test
895,160,27,0,26,2,2,1,2,4,6.881481481481481,7.168621630094336,3.0,7.814988888888889,29,2,4,1,16,5,895,train
896,231,48,0,38,7,3,3,2,6,4.800000000000001,3.1291,0.5,7.192325,36,4,2,0,22,4,896,test
897,234,41,0,30,5,5,1,0,8,13.078048780487805,12.161744961471694,5.5,9.274763414634148,30,2,11,5,22,8,897,train
898,236,48,1,31,1,1,3,2,7,5.633333333333334,7.168621630094336,0.75,8.837116666666667,31,4,3,2,27,3,898,train
899,442,83,2,58,7,4,3,6,13,4.283855421686748,6.2581,1.5,8.804204096385543,58,10,15,3,55,13,899,test
900,157,27,0,23,5,2,0,3,3,6.562962962962963,7.793537801064561,2.0,9.346233333333334,24,3,6,2,19,6,900,train
901,232,47,0,37,3,3,3,3,8,7.968794326241135,7.793537801064561,2.0,8.781013475177305,36,3,6,2,19,5,901,train
902,71,16,0,15,2,2,1,2,2,6.4,3.1291,2.0,8.377600000000001,16,1,2,0,7,2,902,train
903,381,66,1,55,10,4,4,4,10,7.406593406593408,8.841846274778883,2.0,9.441379120879121,54,7,14,7,47,10,903,train
904,67,14,0,12,2,0,4,0,1,2.8000000000000003,3.1291,0.5,7.367271428571428,13,2,1,0,7,1,904,train
905,55,11,0,11,1,1,1,1,0,4.4,3.1291,3.0,9.923918181818184,11,1,3,0,4,3,905,train
906,275,50,1,39,4,2,3,3,9,7.4,8.841846274778883,2.5,9.3093,40,4,10,4,29,7,906,test
907,262,47,0,38,5,2,5,2,7,8.819858156028369,9.725611199111238,3.0,7.773141134751773,38,3,9,4,26,6,907,train
908,56,8,0,8,3,0,0,1,3,3.2,8.841846274778883,4.0,7.9808,9,1,4,1,5,1,908,test
909,448,87,3,54,12,4,2,5,14,7.879540229885058,6.742157984588678,3.0,9.218390574712643,55,5,15,2,49,13,909,train
910,557,111,3,62,13,4,5,3,19,6.374774774774775,6.937597516519254,1.5555555555555556,7.804539639639639,60,9,14,4,57,10,910,train
911,681,122,8,76,10,5,4,8,12,8.158688524590165,9.3871,2.7,9.80694786885246,73,10,27,12,79,21,911,train
912,398,67,4,47,10,4,4,2,11,8.007675906183369,9.957137785484202,2.142857142857143,10.238705543710022,45,7,15,10,49,12,912,train
913,54,13,0,13,2,2,0,1,1,5.2,3.1291,1.0,5.495915384615385,13,1,1,0,5,0,913,train
914,108,20,0,20,5,1,0,2,2,6.0,7.168621630094336,2.0,9.659,22,2,4,1,13,3,914,train
915,76,15,0,15,0,0,1,0,3,5.666666666666668,7.168621630094336,1.5,7.1665,15,2,3,1,7,2,915,train
916,120,23,0,21,4,1,0,0,4,10.93913043478261,8.841846274778883,3.0,8.896430434782609,22,1,3,1,10,3,916,train
917,48,10,0,10,0,0,0,1,0,2.0,3.1291,0.5,7.0425,11,2,1,0,4,0,917,train
918,154,26,0,23,2,1,3,2,4,6.738461538461539,7.168621630094336,3.0,10.961684615384616,25,2,6,1,19,5,918,test
919,353,67,0,52,9,3,6,4,9,7.894029850746269,8.07648339933343,3.0,7.295359701492537,53,4,12,3,34,6,919,train
920,475,81,5,60,13,8,0,9,13,9.350617283950617,9.725611199111238,2.5,9.569433333333334,62,6,15,8,54,15,920,test
921,588,100,3,69,11,3,3,7,14,6.836363636363638,8.00094639256281,2.090909090909091,10.561309090909091,71,11,23,8,64,23,921,train
922,433,80,4,55,6,4,3,2,13,5.571428571428572,6.18269132825596,2.142857142857143,8.545607142857143,57,7,15,2,46,11,922,train
923,135,29,0,24,2,0,5,1,5,5.800000000000001,7.168621630094336,1.0,7.078113793103448,24,2,2,1,11,3,923,train
924,501,100,0,58,13,8,7,3,19,6.6000000000000005,7.168621630094336,1.625,8.677700000000002,55,8,13,4,49,13,924,test
925,441,85,4,60,10,4,11,3,12,5.798319327731093,6.18269132825596,2.142857142857143,8.511373949579832,60,7,14,2,57,11,925,train
926,448,79,2,49,8,2,1,3,17,5.030098452883263,7.3871296695380915,2.111111111111111,9.868206891701828,49,9,19,5,55,11,926,train
927,62,14,0,10,2,2,2,2,0,5.6000000000000005,3.1291,2.0,7.714471428571429,11,1,2,0,6,2,927,train
928,352,70,1,53,5,2,4,2,11,9.028571428571428,9.3871,2.2,8.842328571428572,55,5,11,6,31,13,928,train
929,413,80,0,57,6,2,8,3,15,9.0,8.07648339933343,2.25,7.983875,57,4,9,3,37,10,929,train
930,499,86,0,67,11,3,5,3,12,7.090697674418604,8.07648339933343,2.875,9.127025581395348,66,8,22,6,52,18,930,test
931,336,66,3,48,6,3,4,2,9,3.539393939393939,5.033348758259628,1.1111111111111112,8.306596969696969,45,9,10,1,39,7,931,train
932,134,23,0,22,3,1,0,1,4,8.078260869565218,8.841846274778883,3.0,8.32603043478261,23,2,6,2,12,5,932,train
933,374,72,1,52,15,5,4,3,8,4.66984126984127,5.288315135182226,2.0,9.190699206349207,55,7,14,1,48,14,933,train
934,86,15,0,15,2,0,0,1,2,3.0,3.1291,1.5,9.271833333333333,17,2,3,0,10,4,934,train
935,70,13,0,13,1,2,0,1,2,5.676923076923078,7.168621630094336,1.0,8.817361538461538,14,2,2,1,10,2,935,train
936,227,50,0,31,1,2,1,1,8,4.0,3.1291,0.2,8.553700000000001,30,5,1,0,19,1,936,train
937,376,74,1,50,4,1,3,2,11,5.473873873873874,5.46131890053228,1.5,8.302422522522523,50,6,8,1,37,6,937,train
938,442,80,1,60,9,6,2,3,13,6.071428571428572,7.447530270364452,2.5714285714285716,9.532482142857143,61,7,18,4,47,11,938,train
939,278,50,0,39,11,5,0,3,9,8.266666666666667,7.793537801064561,4.333333333333333,8.568566666666667,40,3,13,2,26,8,939,train
940,215,41,0,33,7,4,3,2,7,6.051219512195122,7.168621630094336,2.25,7.61099756097561,32,4,9,2,19,5,940,train
941,154,33,0,28,6,1,2,1,1,4.4,3.1291,0.3333333333333333,7.053009090909091,30,3,1,0,14,1,941,train
942,156,31,0,26,4,0,1,0,5,8.780645161290323,8.841846274778883,2.0,9.498848387096775,26,2,4,2,16,3,942,train
943,285,59,0,44,2,3,3,1,11,8.544632768361582,8.841846274778883,3.0,7.82349209039548,43,3,9,3,20,6,943,train
944,201,38,0,32,6,4,1,3,10,8.65263157894737,8.841846274778883,5.0,8.734163157894738,33,2,10,2,22,5,944,train
945,118,23,0,21,4,3,0,2,4,4.6000000000000005,3.1291,1.5,9.012552173913043,22,2,3,0,11,3,945,train
946,227,43,0,35,4,3,2,2,5,12.32093023255814,11.20814326018867,3.0,8.742202325581395,34,2,6,4,14,5,946,train
947,572,110,1,72,20,9,6,6,18,9.89090909090909,7.554174236665414,2.8,8.890518181818182,71,5,14,3,57,13,947,train
948,164,30,0,26,5,3,0,1,6,5.333333333333334,6.42735559955562,2.0,9.395833333333334,26,3,6,1,21,8,948,train
949,239,49,1,41,5,4,6,4,11,6.533333333333333,3.1291,1.0,7.346837414965987,42,3,3,0,24,2,949,train
950,36,8,0,8,3,1,0,0,0,3.2,3.1291,1.0,7.9808,9,1,1,0,6,2,950,train
951,99,19,0,17,1,1,2,0,1,3.8000000000000003,7.168621630094336,1.5,8.262963157894736,18,2,3,1,9,3,951,train
952,299,50,2,42,6,4,0,3,10,4.9,6.6274283507984215,1.625,8.683499999999999,41,8,12,3,39,9,952,train
953,94,16,1,15,1,1,1,1,3,8.200000000000001,8.841846274778883,2.0,9.954550000000001,17,2,4,2,12,4,953,test
954,195,37,0,28,4,1,0,2,10,4.933333333333334,3.1291,2.6666666666666665,8.515800900900901,28,3,8,0,21,4,954,train
955,1303,231,9,143,31,12,20,17,41,11.84057971014493,11.698219412168324,4.166666666666667,8.98090579710145,137,12,50,27,125,48,955,train
956,445,76,0,50,14,3,3,4,6,4.618947368421053,6.742157984588678,2.0,9.830828421052633,49,10,20,4,50,14,956,train
957,437,81,3,55,10,7,6,1,15,6.110052910052911,6.868970318607317,1.8571428571428572,9.278837918871252,54,7,13,3,50,13,957,train
958,489,92,1,56,9,4,2,4,21,4.21501976284585,5.565023196281405,1.5454545454545454,9.200249407114626,56,11,17,2,53,13,958,test
959,70,14,0,12,3,2,2,0,2,5.6000000000000005,3.1291,1.0,8.842328571428572,13,1,1,0,7,2,959,train
960,272,54,1,44,6,4,1,4,8,4.32,3.1291,1.6,8.558291111111112,44,5,8,0,31,7,960,train
961,140,21,0,19,3,1,1,1,4,8.514285714285714,8.841846274778883,3.0,12.254652380952383,20,3,9,3,17,7,961,train
962,280,49,1,41,6,3,2,2,8,5.715646258503401,7.168621630094336,2.0,9.519729931972789,42,6,12,3,31,10,962,test
963,248,46,0,33,6,3,4,1,7,7.0028985507246375,6.42735559955562,2.6666666666666665,8.172902898550724,35,3,7,1,29,4,963,train
964,526,103,3,75,15,8,7,3,17,8.165986394557823,8.344100000000001,2.5,8.796939455782312,75,6,15,5,62,11,964,train
965,392,69,2,51,11,6,3,1,11,5.768840579710146,7.6454224807358475,2.125,9.785314492753624,52,8,17,5,45,14,965,train
966,239,45,0,36,5,2,1,0,4,7.777777777777778,7.793537801064561,3.0,9.292944444444444,38,3,8,2,23,9,966,test
967,167,31,0,25,2,2,2,4,4,12.4,3.1291,6.0,7.720874193548386,26,1,6,0,13,3,967,train
968,286,55,1,41,3,1,1,3,10,3.142857142857143,3.1291,1.5714285714285714,8.90675974025974,43,7,11,0,30,9,968,train
969,602,105,7,78,14,3,4,3,15,5.342857142857143,6.2581,2.0,8.367966666666668,74,10,20,3,71,16,969,train
970,278,49,1,33,7,5,2,1,6,6.53265306122449,7.168621630094336,3.0,11.011242857142857,34,4,12,2,33,12,970,train
971,248,44,0,37,7,1,0,1,6,6.775757575757575,7.793537801064561,3.6666666666666665,9.02919393939394,38,3,11,2,25,5,971,train
972,292,55,1,42,7,5,5,0,12,10.969696969696969,10.504223727775692,2.6666666666666665,8.56510606060606,42,3,8,5,26,10,972,test
973,182,34,1,29,4,1,1,1,5,7.976470588235294,7.168621630094336,3.0,9.588229411764706,32,2,6,1,21,5,973,train
974,59,11,1,11,1,0,0,1,3,4.4,3.1291,2.0,8.488463636363637,15,1,2,0,10,1,974,train
975,321,54,0,43,11,2,3,3,8,3.8264550264550268,6.18269132825596,1.7142857142857142,8.69764708994709,45,7,11,2,31,8,975,train
976,203,44,1,34,5,2,2,2,6,8.6,3.1291,2.5,9.476620930232558,34,2,5,0,24,5,976,train
977,150,26,0,22,3,2,2,3,3,6.543589743589743,8.841846274778883,2.0,8.924828205128204,23,3,6,3,14,5,977,train
978,723,127,4,78,12,2,7,5,24,6.438057742782153,7.793537801064561,2.3333333333333335,9.88064593175853,74,12,28,8,88,26,978,train
979,307,58,0,46,9,6,4,2,9,10.491954022988507,9.725611199111238,4.0,7.045605747126436,47,3,12,4,31,8,979,train
980,94,17,0,16,4,1,0,1,3,3.4000000000000004,3.1291,2.5,9.631041176470589,17,2,4,0,11,4,980,train
981,73,13,0,13,3,1,0,1,2,8.753846153846155,8.841846274778883,2.0,12.461207692307694,15,2,4,2,9,5,981,test
982,299,54,0,45,7,4,7,5,6,9.103703703703705,10.125756701596842,3.25,8.399803703703704,46,4,13,6,29,11,982,train
983,365,66,0,50,8,4,5,1,9,8.31030303030303,9.888512548439397,2.8,9.076068484848484,50,5,14,7,36,13,983,train
984,301,50,1,44,10,2,2,0,10,5.6000000000000005,7.554174236665414,3.2,10.7643,43,5,15,3,40,12,984,train
985,323,60,3,46,11,2,1,0,8,4.666666666666667,5.46131890053228,1.6666666666666667,9.395833333333334,48,6,10,1,37,10,985,train
986,409,68,4,47,7,0,3,2,12,9.15294117647059,11.20814326018867,5.0,9.820435294117647,47,4,20,8,47,13,986,train
987,374,64,1,52,12,7,1,5,10,6.766666666666666,8.841846274778883,3.1666666666666665,9.099941666666666,54,6,19,6,39,15,987,train
988,165,28,0,23,2,0,4,2,5,7.028571428571429,8.841846274778883,3.0,9.406257142857143,24,2,6,2,17,2,988,train
989,338,61,0,46,12,7,5,2,4,6.689617486338799,7.793537801064561,2.0,9.835520765027322,44,6,12,4,42,9,989,train
990,318,56,2,42,11,3,2,0,11,3.9142857142857146,5.288315135182226,2.0,8.544728571428571,42,7,14,1,42,11,990,train
991,99,19,0,18,2,2,1,2,3,7.6000000000000005,3.1291,3.0,7.072057894736842,20,1,3,0,9,2,991,train
992,313,57,2,42,3,1,3,3,9,6.358771929824562,7.6454224807358475,1.625,10.638321052631579,43,8,13,5,38,12,992,train
993,313,59,0,42,4,2,2,1,10,5.397966101694916,5.683917801722854,2.0,8.771441016949153,39,5,10,1,29,6,993,train
994,271,49,2,40,2,1,5,2,5,6.368979591836736,8.238735603445708,1.8,8.956253469387756,42,5,9,4,36,8,994,train
995,390,64,3,51,6,4,6,3,12,7.391666666666666,8.344100000000001,2.8333333333333335,8.359785416666666,49,6,17,5,44,13,995,train
996,278,57,1,40,7,5,1,3,7,7.103508771929825,7.168621630094336,2.0,8.221545614035088,38,4,8,2,26,10,996,train
997,183,32,1,27,4,3,0,3,5,10.15,10.125756701596842,3.5,8.377600000000001,29,2,6,3,18,5,997,train
998,156,31,0,26,3,2,2,2,5,6.2,3.1291,1.0,10.00820322580645,29,2,2,0,20,4,998,train
999,122,22,0,20,5,2,0,1,1,2.9333333333333336,3.1291,2.0,11.895233333333334,22,3,6,0,16,6,999,train
1000,434,84,1,59,12,5,9,3,9,9.100952380952382,8.841846274778883,3.0,7.853351428571428,56,5,13,5,41,10,1000,train
1001,339,64,1,45,7,2,1,4,13,6.995000000000001,7.554174236665414,2.6,8.95903625,48,5,13,3,41,11,1001,train
1002,287,53,0,45,8,5,2,1,10,9.241025641025642,8.841846274778883,3.6666666666666665,9.962002564102564,43,3,11,3,32,10,1002,train
1003,381,72,2,52,9,4,6,2,12,4.311111111111112,6.42735559955562,1.3333333333333333,8.858022222222223,52,9,12,3,45,11,1003,train
1004,580,106,5,69,16,10,7,4,15,6.504150943396226,7.554174236665414,2.4,9.078014716981132,65,10,24,6,65,16,1004,train
1005,190,32,0,27,4,2,0,3,6,4.45,5.985473137389441,1.75,10.4479875,27,4,7,1,23,5,1005,test
1006,223,42,0,33,4,1,2,2,6,7.057142857142857,8.07648339933343,2.25,8.668728571428572,34,4,9,3,23,8,1006,train
1007,285,53,2,37,9,4,0,0,9,4.9947169811320755,5.683917801722854,2.2,8.929052452830188,38,5,11,1,31,7,1007,train
1008,416,74,1,54,12,6,5,3,14,8.082162162162163,8.238735603445708,2.8,8.424769189189188,57,5,14,4,39,12,1008,train
1009,284,55,0,41,6,4,1,2,10,6.954545454545455,8.07648339933343,1.25,7.189409090909091,40,4,5,3,29,4,1009,train
1010,215,36,0,30,2,0,1,1,5,6.213333333333335,7.554174236665414,2.0,11.011397777777777,31,5,10,3,28,9,1010,train
1011,135,23,1,21,3,1,0,2,5,10.023188405797102,9.725611199111238,2.6666666666666665,12.94154927536232,23,3,8,4,18,6,1011,test
1012,334,64,0,45,6,1,5,4,12,4.2821428571428575,5.288315135182226,1.7142857142857142,7.790766964285714,45,7,11,1,35,7,1012,train
1013,432,82,2,56,12,3,4,5,15,8.511219512195122,9.3871,3.0,7.723476585365853,51,5,15,6,42,7,1013,train
1014,150,31,2,30,6,2,1,1,8,7.490322580645162,7.168621630094336,2.5,5.933364516129032,31,2,5,1,14,2,1014,train
1015,77,16,0,15,2,0,1,0,3,8.9,8.841846274778883,2.0,9.364474999999999,15,1,2,1,8,2,1015,train
1016,291,58,0,41,11,5,2,2,5,4.693596059113301,6.18269132825596,1.2857142857142858,8.1310921182266,40,7,9,2,33,7,1016,train
1017,45,8,0,8,0,0,2,0,1,8.200000000000001,8.841846274778883,2.0,7.9808,9,1,2,1,5,2,1017,train
1018,166,30,2,28,2,2,2,0,4,8.0,8.841846274778883,2.3333333333333335,8.343166666666667,28,3,7,3,16,5,1018,train
1019,589,103,3,76,17,6,6,5,11,5.375080906148868,6.816661863887846,2.25,10.19427216828479,74,12,27,5,69,25,1019,train
1020,139,27,0,19,3,2,1,2,3,12.281481481481482,8.841846274778883,6.0,9.069403703703703,19,1,6,1,14,6,1020,train
1021,353,64,2,44,8,3,3,2,9,4.094444444444444,6.42735559955562,1.4444444444444444,7.936711111111111,45,9,11,3,45,7,1021,train
1022,375,67,0,47,10,3,1,3,9,5.738059701492538,7.168621630094336,2.0,10.179362686567163,49,8,16,4,44,13,1022,test
1023,169,31,1,29,4,2,1,0,4,6.713978494623657,7.793537801064561,1.6666666666666667,9.242581720430108,31,3,5,2,19,5,1023,train
1024,418,79,2,56,5,2,5,3,11,5.266666666666667,3.1291,2.1666666666666665,7.68741476793249,57,6,12,0,47,9,1024,train
1025,396,78,0,53,16,7,2,3,10,10.876923076923077,10.125756701596842,2.5,9.664597435897436,53,4,10,6,45,12,1025,train
1026,398,76,3,54,8,5,1,3,10,4.852631578947369,6.6274283507984215,1.5,8.0552,50,8,12,3,40,9,1026,test
1027,261,53,0,41,6,4,2,1,7,6.809433962264151,7.168621630094336,1.75,8.762567924528302,40,4,7,2,24,8,1027,train
1028,229,45,1,34,7,4,1,4,4,6.277777777777779,8.07648339933343,1.75,7.3525,35,4,7,3,21,5,1028,train
1029,183,35,1,29,2,1,3,2,6,4.666666666666667,3.1291,1.0,6.922023809523809,34,3,3,0,20,1,1029,train
1030,243,44,0,35,2,1,1,3,7,5.33818181818182,7.554174236665414,2.0,9.09707090909091,33,5,10,3,25,6,1030,train
1031,354,62,3,44,4,3,1,1,9,5.680645161290323,7.168621630094336,1.875,10.133158064516131,46,8,14,4,41,12,1031,train
1032,134,24,0,21,2,2,1,1,3,4.866666666666667,8.841846274778883,2.0,9.954550000000001,20,3,6,3,11,4,1032,train
1033,326,52,3,41,8,3,1,5,7,8.082051282051282,8.841846274778883,3.0,11.961366666666667,40,6,18,6,39,16,1033,test
1034,154,26,0,25,4,5,1,0,2,5.2,8.841846274778883,4.0,8.532453846153846,25,2,8,2,17,3,1034,train
1035,621,114,4,78,13,6,6,9,16,11.108771929824563,10.864195022040775,3.6666666666666665,8.041619298245614,75,6,21,11,57,17,1035,test
1036,175,34,2,25,8,5,0,5,5,9.15294117647059,8.841846274778883,2.5,7.266170588235294,25,2,5,2,14,4,1036,train
1037,372,67,1,53,9,7,0,5,7,5.619616204690832,6.868970318607317,1.4285714285714286,8.353332409381665,54,7,9,3,38,5,1037,train
1038,262,47,1,39,8,2,1,2,8,4.611063829787234,5.683917801722854,1.6,8.134229361702129,43,5,8,1,34,7,1038,train
1039,150,25,1,24,4,3,2,2,3,9.733333333333334,9.725611199111238,2.0,10.365833333333335,23,3,6,4,18,7,1039,train
1040,131,27,0,23,2,1,3,2,4,6.881481481481481,7.168621630094336,1.5,8.98461851851852,23,2,3,1,12,4,1040,train
1041,133,26,0,25,3,1,3,1,5,6.543589743589743,7.793537801064561,1.0,8.317520512820513,25,3,3,2,15,3,1041,test
1042,110,21,0,17,3,1,0,0,5,12.20952380952381,11.20814326018867,4.0,8.43762380952381,17,1,4,2,6,3,1042,test
1043,471,89,1,60,14,9,2,9,9,5.798314606741574,6.6274283507984215,2.0,8.801108988764046,57,8,16,3,54,15,1043,train
1044,96,18,1,17,2,2,1,1,3,5.822222222222223,7.168621630094336,1.5,10.223455555555555,19,2,3,1,12,3,1044,test
1045,396,71,0,51,8,3,4,2,9,6.806760563380282,8.238735603445708,3.0,8.343918591549297,50,5,14,4,32,10,1045,test
1046,262,51,0,39,7,1,0,2,10,5.1000000000000005,5.985473137389441,2.0,8.603409803921569,36,4,8,1,25,7,1046,test
1047,103,18,0,18,2,1,0,2,4,3.6,3.1291,2.0,10.223455555555555,19,2,4,0,9,3,1047,train
1048,223,46,1,39,2,2,1,2,4,10.069565217391306,7.168621630094336,4.0,8.896430434782609,39,2,8,1,21,5,1048,train
1049,125,25,1,22,4,2,0,1,6,13.200000000000001,11.20814326018867,3.0,8.6661,23,1,3,2,13,5,1049,train
1050,94,20,0,17,1,1,0,1,3,4.0,3.1291,0.5,8.8695,19,2,1,0,8,1,1050,train
1051,452,84,1,59,12,6,2,3,15,6.076190476190476,6.42735559955562,3.1666666666666665,9.030304761904763,58,6,19,2,48,12,1051,train
1052,772,137,0,96,22,10,5,4,18,8.193497013934971,8.841846274778883,2.272727272727273,9.325486330457863,95,11,25,11,84,23,1052,train
1053,481,97,2,59,9,6,2,0,14,5.955228276877762,5.288315135182226,1.7142857142857142,7.579484388807069,56,7,12,1,46,10,1053,train
1054,98,20,0,16,4,2,0,2,3,10.0,8.841846274778883,4.0,7.7865,17,1,4,1,11,2,1054,test
1055,345,62,1,49,9,4,3,0,13,5.423655913978495,7.168621630094336,2.3333333333333335,8.73322688172043,49,6,14,3,38,9,1055,train
1056,345,66,0,40,8,3,1,1,12,2.9333333333333336,3.1291,0.7777777777777778,8.785081818181819,41,9,7,0,44,6,1056,train
1057,436,86,0,63,16,6,10,1,8,5.2302325581395355,5.985473137389441,0.875,8.392606976744187,60,8,7,2,45,11,1057,train
1058,129,27,0,22,3,2,2,1,3,6.881481481481481,7.168621630094336,2.0,9.569433333333334,23,2,4,1,13,4,1058,train
1059,529,101,0,57,10,4,2,1,22,4.860846084608461,6.574015621080383,1.3636363636363635,8.938353825382539,53,11,15,4,52,14,1059,train
1060,294,49,3,39,7,3,1,2,8,4.899319727891157,7.168621630094336,2.3333333333333335,11.45319931972789,40,6,14,3,38,11,1060,train
1061,136,28,0,22,4,1,1,2,5,8.457142857142857,8.841846274778883,1.5,7.714471428571429,24,2,3,2,10,3,1061,test
1062,97,17,0,16,4,0,1,2,4,9.15294117647059,8.841846274778883,5.0,8.19499411764706,19,1,4,1,9,2,1062,train
1063,378,66,2,51,13,6,3,1,12,7.4303030303030315,8.344100000000001,2.3333333333333335,8.966948484848485,53,6,14,5,44,10,1063,train
1064,301,60,0,42,3,3,4,5,10,6.133333333333334,6.742157984588678,1.6,8.1792,43,5,8,2,33,7,1064,train
1065,203,42,0,31,3,2,0,1,5,5.6000000000000005,3.1291,1.6666666666666667,8.46637619047619,32,3,5,0,17,5,1065,train
1066,330,61,0,43,5,5,4,3,9,6.847213114754098,7.554174236665414,2.2,8.900964262295084,44,5,11,3,36,10,1066,train
1067,41,10,0,10,1,1,0,1,1,4.0,3.1291,0.0,7.2905,10,1,0,0,2,1,1067,train
1068,379,77,1,54,5,2,1,2,14,3.4222222222222225,3.1291,1.2222222222222223,8.162154256854258,52,9,11,0,42,7,1068,train
1069,259,51,2,37,6,1,2,1,10,5.648627450980392,6.742157984588678,1.6,9.09614549019608,37,5,8,2,28,7,1069,train
1070,166,35,2,27,2,0,3,2,7,8.142857142857144,7.168621630094336,2.0,6.309071428571428,27,2,4,1,14,3,1070,train
1071,173,35,4,32,9,3,2,2,4,4.666666666666667,3.1291,1.6666666666666667,8.72659523809524,33,3,5,0,20,4,1071,train
1072,342,64,1,46,7,3,4,3,10,9.525,9.516144504307135,2.75,8.13088125,47,4,11,5,32,11,1072,train
1073,21,5,0,5,0,0,0,1,0,2.0,3.1291,0.0,0.248,6,1,0,0,3,0,1073,train
1074,601,107,3,81,13,5,4,3,12,5.401495327102804,6.742157984588678,2.1,8.446752710280373,77,10,20,4,67,18,1074,test
1075,196,36,1,31,1,1,5,2,7,4.711111111111111,5.985473137389441,2.25,7.591788888888889,32,4,8,1,18,5,1075,test
1076,90,15,0,14,3,1,1,2,2,8.666666666666668,8.841846274778883,4.0,11.749166666666667,14,1,4,1,10,5,1076,train
1077,380,73,0,53,8,5,6,5,8,9.491780821917809,8.841846274778883,3.25,8.65142602739726,53,4,12,4,41,9,1077,train
1078,63,9,0,9,1,1,0,0,0,8.044444444444444,11.20814326018867,4.0,14.60956666666667,10,1,4,2,7,3,1078,train
1079,127,22,0,22,5,2,0,0,3,6.56969696969697,7.793537801064561,1.3333333333333333,8.306596969696969,23,3,4,2,12,4,1079,test
1080,179,33,0,27,3,1,2,1,5,3.3000000000000003,3.1291,1.5,9.309033333333335,28,4,6,0,22,5,1080,train
1081,621,113,6,83,19,5,2,7,13,4.817055510860822,6.112484441749459,1.2727272727272727,9.316204263877715,81,11,13,3,82,15,1081,train
1082,660,128,2,78,16,7,2,4,19,7.3375,6.6274283507984215,2.375,8.254240625000001,81,8,19,3,62,16,1082,train
1083,118,21,0,20,1,0,0,1,1,4.2,3.1291,2.5,9.420633333333335,20,2,5,0,15,3,1083,train
1084,87,17,0,14,1,2,0,1,4,6.800000000000001,3.1291,3.0,8.19499411764706,15,1,3,0,9,0,1084,train
1085,148,28,1,24,4,0,1,1,3,3.733333333333334,3.1291,2.0,10.302647619047619,27,3,5,0,17,3,1085,train
1086,87,17,0,15,1,1,1,1,3,6.800000000000001,3.1291,3.0,7.266170588235294,16,1,3,0,7,1,1086,train
1087,154,25,1,21,3,1,1,2,3,9.8,10.125756701596842,4.5,11.2041,23,2,9,3,18,6,1087,train
1088,39,9,0,9,1,1,2,0,0,3.6,3.1291,1.0,7.591788888888889,10,1,1,0,4,1,1088,train
1089,375,71,1,46,4,2,2,1,7,5.860093896713615,6.42735559955562,2.1666666666666665,9.116109389671362,46,6,13,2,38,12,1089,train
1090,812,150,4,86,19,11,4,6,25,6.74871794871795,7.882392219407189,2.3846153846153846,8.524741025641026,83,13,30,9,80,26,1090,train
1091,65,15,0,15,1,1,0,2,3,6.0,8.841846274778883,2.0,0.744,14,1,2,1,2,0,1091,train
1092,372,68,0,47,12,7,3,2,14,6.886274509803923,8.344100000000001,2.5,8.378339215686275,48,6,14,5,40,8,1092,test
1093,551,95,5,66,10,2,5,2,16,5.559808612440192,7.348242739294969,2.090909090909091,10.380863636363637,69,11,23,6,67,19,1093,test
1094,107,21,1,18,5,4,0,2,2,6.104761904761905,7.168621630094336,2.5,10.172538095238096,20,2,5,1,12,6,1094,train
1095,296,52,1,40,4,1,2,3,7,6.048351648351648,7.957251820313856,1.7142857142857142,10.078034065934066,43,7,12,5,36,10,1095,test
1096,420,81,0,58,10,7,4,6,12,8.949135802469135,8.841846274778883,3.2,7.364094074074075,57,5,16,5,37,13,1096,train
1097,296,54,4,41,9,2,3,0,12,4.32,3.1291,2.8,9.435513333333335,39,5,14,0,36,10,1097,train
1098,238,38,1,32,6,6,2,3,2,9.063157894736841,9.516144504307135,3.25,10.340594736842105,35,4,13,5,27,10,1098,train
1099,249,49,0,38,4,2,3,3,10,6.53265306122449,7.168621630094336,1.5,8.111038775510204,36,4,6,2,24,5,1099,train
1100,94,19,1,17,1,1,0,1,2,9.705263157894738,8.841846274778883,3.0,7.90311052631579,19,1,3,1,10,3,1100,train
1101,482,88,4,66,8,3,6,4,12,6.63838383838384,7.793537801064561,2.0,8.607273232323234,64,9,18,6,54,13,1101,train
1102,271,46,0,41,10,3,1,2,7,5.469565217391305,5.985473137389441,3.0,9.012552173913043,41,4,12,1,31,8,1102,train
1103,248,43,0,36,10,6,0,4,4,8.020930232558142,8.841846274778883,3.25,10.412258139534885,35,4,14,4,28,10,1103,train
1104,276,48,0,36,6,1,1,1,9,6.34,7.554174236665414,2.4,9.047035000000001,38,5,12,3,33,5,1104,train
1105,324,61,4,41,8,3,3,0,6,5.535737704918033,6.742157984588678,2.0,8.124406885245902,40,5,8,2,41,5,1105,test
1106,413,81,0,60,15,9,3,1,14,5.122398589065256,6.18269132825596,2.0,8.304146560846561,58,7,13,2,44,12,1106,train
1107,733,128,6,90,21,12,5,7,19,10.15,10.125756701596842,3.375,8.747678125,89,8,27,12,75,27,1107,train
1108,111,22,0,22,4,1,1,0,3,10.618181818181819,8.841846274778883,3.0,10.469518181818183,24,1,3,1,16,4,1108,train
1109,171,30,0,29,4,3,1,0,5,7.333333333333333,8.841846274778883,4.0,9.1175,29,2,8,2,16,7,1109,train
1110,222,40,0,31,9,6,0,1,5,12.0,11.20814326018867,5.5,8.970749999999999,34,2,10,4,24,8,1110,train
1111,361,67,1,52,11,5,3,1,5,4.544029850746269,6.6274283507984215,1.625,8.765332835820896,52,8,13,3,36,8,1111,train
1112,691,123,5,81,20,7,4,6,22,7.846829268292684,8.548686976883017,2.8,9.253165365853658,75,10,27,9,74,23,1112,test
1113,332,59,0,41,4,2,5,4,11,6.075932203389831,7.554174236665414,3.0,9.841949491525424,42,5,15,3,36,12,1113,train
1114,244,46,3,35,6,3,2,1,9,6.339130434782609,7.168621630094336,3.0,9.35581304347826,37,4,11,2,30,9,1114,train
1115,517,104,5,64,12,3,4,4,15,7.702564102564103,7.168621630094336,2.1666666666666665,8.140079487179488,65,6,12,3,59,10,1115,train
1116,430,87,0,61,8,2,9,6,11,7.419770114942529,7.554174236665414,2.0,7.584942298850574,59,5,10,3,39,4,1116,train
1117,179,35,2,32,2,0,5,0,6,4.666666666666667,7.793537801064561,1.0,7.824309523809524,34,3,3,2,22,2,1117,train
1118,254,46,2,36,4,2,2,1,6,8.078260869565218,8.841846274778883,2.25,9.012552173913043,35,4,9,4,27,9,1118,train
1119,395,73,2,56,6,2,1,3,13,5.414611872146119,5.46131890053228,2.5,7.917089954337899,56,6,15,1,42,8,1119,train
1120,334,60,0,39,7,5,2,0,9,8.0,8.841846274778883,2.5,9.395833333333334,37,6,15,6,34,12,1120,train
1121,231,45,1,38,6,4,2,4,5,4.488888888888889,5.683917801722854,1.2,7.942677777777778,41,5,5,1,24,7,1121,train
1122,620,118,9,82,13,6,8,5,12,7.956308851224105,8.515128840125781,2.0,8.836472128060263,79,9,18,8,67,18,1122,train
1123,304,55,0,42,5,2,3,2,11,5.65909090909091,7.168621630094336,1.625,10.006409090909091,42,8,13,4,35,10,1123,train
1124,337,66,1,51,9,4,7,3,10,3.771428571428572,5.288315135182226,1.4285714285714286,7.692793506493507,51,7,10,1,34,7,1124,train
1125,91,16,1,15,3,1,1,2,3,6.4,3.1291,1.0,6.40385,17,1,1,0,8,0,1125,train
1126,10,2,0,2,1,0,0,0,0,0.8,3.1291,0.0,19.5257,3,1,0,0,2,0,1126,train
1127,673,118,9,76,14,5,4,5,22,7.278342749529191,8.167268648758528,2.888888888888889,9.237912806026365,71,9,25,7,91,16,1127,train
1128,215,41,1,31,4,0,2,1,7,5.0756097560975615,5.985473137389441,1.25,9.921729268292683,32,4,5,0,28,5,1128,train
1129,515,98,4,64,11,7,6,5,17,4.736326530612245,6.2581,1.7,7.989518775510204,63,10,16,3,63,15,1129,train
1130,324,63,0,51,7,4,4,2,12,9.034920634920637,7.793537801064561,3.3333333333333335,7.184449206349207,53,3,9,2,26,4,1130,test
1131,333,63,0,49,11,7,1,1,9,7.5796825396825405,8.238735603445708,2.2,9.023523492063493,49,5,11,4,34,10,1131,train
1132,749,136,5,86,18,11,5,7,14,8.35686274509804,9.075114841892004,2.5,9.42326568627451,82,12,30,13,80,24,1132,test
1133,282,51,0,40,3,0,7,1,9,5.752941176470589,7.793537801064561,2.1666666666666665,6.534962745098039,39,6,13,4,27,7,1133,test
1134,184,34,0,31,3,3,1,1,6,5.7098039215686285,6.42735559955562,2.3333333333333335,8.378339215686275,31,3,7,1,18,6,1134,train
1135,239,42,1,37,4,2,1,2,8,8.457142857142857,8.841846274778883,2.6666666666666665,9.970185714285716,40,3,8,3,24,8,1135,train
1136,492,99,0,68,11,7,3,4,11,10.708080808080808,7.168621630094336,3.0,8.213493939393938,69,4,11,2,45,9,1136,train
1137,233,46,0,34,5,2,0,1,10,6.133333333333334,3.1291,2.3333333333333335,7.829642028985507,34,3,7,0,27,5,1137,test
1138,424,82,2,61,11,6,8,2,13,6.636933797909407,7.447530270364452,1.8571428571428572,7.876187108013937,59,7,13,4,44,11,1138,train
1139,155,27,0,24,4,1,3,0,5,6.881481481481481,7.168621630094336,4.0,7.814988888888889,27,2,7,1,16,3,1139,train
1140,90,18,0,17,5,2,0,4,4,9.422222222222222,8.841846274778883,2.0,6.283744444444444,18,1,2,1,8,1,1140,train
1141,150,28,0,26,4,0,1,1,3,8.457142857142857,8.841846274778883,2.5,8.842328571428572,27,2,5,2,14,4,1141,train
1142,124,25,0,20,5,2,2,0,5,5.0,3.1291,3.0,7.4145,19,2,6,0,13,1,1142,train
1143,343,64,3,49,7,1,6,1,15,7.025,5.985473137389441,2.5,7.63744375,50,4,8,1,39,5,1143,train
1144,265,49,2,41,2,2,4,2,8,5.55265306122449,6.742157984588678,2.2,9.922988163265307,42,5,10,2,32,9,1144,test
1145,451,84,1,53,11,9,2,1,12,7.980952380952381,9.2995712137729,2.5,9.594233333333335,56,6,13,7,47,13,1145,train
1146,348,63,4,48,10,2,4,1,9,5.478341013824886,6.868970318607317,2.0,10.188072350230415,47,7,14,3,43,12,1146,train
1147,177,37,0,27,5,2,2,3,3,8.481081081081081,7.168621630094336,1.5,6.261127027027027,27,2,3,1,15,2,1147,test
1148,214,53,0,27,2,1,4,3,11,21.200000000000003,3.1291,2.0,7.15907358490566,26,1,2,0,10,2,1148,train
1149,257,48,1,37,5,3,5,4,7,3.576190476190476,6.868970318607317,1.2857142857142858,8.253072619047618,38,7,9,3,30,5,1149,train
1150,606,112,2,76,13,8,4,8,20,7.114285714285714,8.418075326091056,3.142857142857143,8.518582142857142,75,7,21,6,60,12,1150,train
1151,345,64,1,50,8,3,1,5,12,9.158333333333333,7.793537801064561,4.0,9.875727083333334,55,3,12,1,36,12,1151,train
1152,461,87,3,68,10,7,5,7,13,7.568390804597701,8.472884824447931,2.375,8.531762068965516,64,8,19,7,49,15,1152,train
1153,217,45,0,34,3,2,0,2,10,10.777777777777779,8.841846274778883,3.5,9.314055555555555,34,2,6,2,23,5,1153,test
1154,500,95,1,73,11,6,7,2,14,6.748538011695906,8.167268648758528,1.5555555555555556,8.647739766081871,73,9,14,7,61,16,1154,train
1155,43,11,0,11,1,0,0,0,2,4.4,3.1291,0.0,8.488463636363637,11,1,0,0,3,0,1155,train
1156,356,67,2,52,8,3,7,3,10,8.491044776119404,8.07648339933343,3.0,8.709389552238807,52,4,11,3,38,10,1156,train
1157,127,26,0,23,4,3,0,2,5,3.466666666666667,3.1291,1.3333333333333333,8.317520512820513,24,3,4,0,15,3,1157,train
1158,327,58,1,45,6,2,1,2,9,9.248275862068965,10.125756701596842,3.0,8.711562068965517,46,4,11,6,32,10,1158,train
1159,479,82,3,54,9,2,2,9,16,8.002439024390245,8.841846274778883,3.125,10.691973170731707,54,8,25,8,52,21,1159,train
1160,127,25,0,21,2,1,1,1,4,6.533333333333335,7.793537801064561,1.0,7.207833333333333,22,3,3,2,11,2,1160,train
1161,370,65,0,51,9,5,5,2,12,8.276923076923078,9.3871,2.8,9.139761538461538,50,5,14,6,39,11,1161,train
1162,16,3,0,3,0,0,0,0,0,1.2000000000000002,3.1291,1.0,14.311966666666669,4,1,1,0,3,0,1162,train
1163,90,14,1,14,2,1,1,0,3,8.514285714285714,8.841846274778883,2.5,10.750842857142857,16,2,5,2,11,4,1163,test
1164,138,26,0,23,7,4,0,1,2,3.466666666666667,3.1291,2.3333333333333335,9.532135897435897,24,3,7,0,14,6,1164,train
1165,157,30,0,26,8,2,0,0,5,4.0,3.1291,1.6666666666666667,8.343166666666667,28,3,5,0,14,4,1165,train
1166,611,115,4,80,10,5,9,7,22,6.686956521739131,7.908726449838941,1.8,8.463334782608696,82,10,18,7,71,18,1166,train
1167,516,92,0,66,10,4,1,5,16,7.86583850931677,8.841846274778883,3.0,9.780559627329193,66,7,21,7,56,16,1167,train
1168,419,76,1,57,12,4,1,2,10,6.606315789473683,5.683917801722854,2.4,9.58449894736842,55,5,12,1,41,8,1168,train
1169,217,43,2,31,5,2,1,0,6,5.733333333333334,3.1291,1.3333333333333333,9.488363565891472,33,3,4,0,21,5,1169,test
1170,499,88,1,61,7,4,4,3,13,8.593939393939394,9.2995712137729,3.1666666666666665,10.105784848484848,64,6,19,6,50,13,1170,train
1171,457,88,0,55,10,5,3,4,13,6.775757575757575,6.42735559955562,2.8333333333333335,8.13203484848485,52,6,17,2,37,12,1171,train
1172,195,40,0,29,1,1,4,1,4,2.666666666666667,3.1291,1.1666666666666667,9.098916666666668,30,6,7,0,21,5,1172,train
1173,487,90,0,58,12,4,1,2,20,5.777777777777779,6.937597516519254,2.2222222222222223,8.8695,55,9,20,4,48,17,1173,train
1174,726,128,2,83,22,5,6,6,24,6.842045454545455,7.686295010490155,2.727272727272727,9.518116761363636,86,11,30,7,88,24,1174,test
1175,241,47,0,40,5,1,5,4,10,6.402127659574468,7.168621630094336,1.75,8.922704255319148,42,4,7,2,30,6,1175,train
1176,432,72,1,58,14,7,5,4,12,8.133333333333335,9.2995712137729,3.0,9.275727777777778,59,6,17,7,53,16,1176,train
1177,150,23,1,20,3,1,2,1,3,4.805797101449276,6.42735559955562,2.6666666666666665,12.255027536231886,24,3,7,1,20,7,1177,train
1178,444,84,1,57,8,2,2,3,17,5.628571428571429,6.6274283507984215,1.75,9.796585714285715,55,8,14,3,52,12,1178,train
1179,145,29,2,25,2,1,0,1,4,5.245977011494253,6.42735559955562,1.6666666666666667,7.927345977011494,26,3,5,1,15,4,1179,train
1180,276,55,0,42,4,2,2,4,6,7.333333333333333,3.1291,3.0,7.703833333333334,42,3,8,0,23,8,1180,train
1181,394,78,0,48,9,5,0,2,13,6.225641025641026,6.42735559955562,2.0,9.342197435897436,47,6,12,2,35,11,1181,train
1182,458,86,0,60,8,3,6,4,15,5.682687338501292,7.3871296695380915,1.4444444444444444,8.700571834625322,61,9,13,5,52,9,1182,train
1183,145,28,0,25,3,1,1,1,5,3.733333333333334,3.1291,1.0,6.919076190476191,29,3,3,0,18,1,1183,train
1184,128,24,0,21,4,1,1,2,3,8.133333333333335,10.125756701596842,2.0,6.863366666666667,22,2,4,3,11,2,1184,train
1185,75,16,0,14,4,2,0,0,1,6.4,8.841846274778883,1.0,6.40385,15,1,1,1,7,1,1185,train
1186,133,25,0,22,3,1,5,0,1,8.200000000000001,8.841846274778883,2.5,8.0461,24,2,3,2,15,4,1186,train
1187,109,20,2,18,4,2,1,0,2,8.0,3.1291,3.0,10.155000000000001,20,1,3,0,15,3,1187,test
1188,326,59,1,38,9,3,4,5,10,8.109830508474577,8.841846274778883,3.2,9.841949491525424,40,5,16,5,40,11,1188,train
1189,633,119,0,67,14,10,5,7,15,7.6418300653594775,8.167268648758528,2.111111111111111,8.803750793650796,67,9,18,7,60,20,1189,train
1190,301,54,3,39,10,5,0,2,9,7.282962962962964,8.238735603445708,3.2,10.605142962962963,42,5,15,4,36,12,1190,test
1191,190,35,0,29,3,2,2,1,6,4.642857142857143,5.985473137389441,2.0,9.033071428571429,29,4,8,1,24,5,1191,train
1192,386,64,2,48,11,6,1,2,9,8.016666666666666,8.841846274778883,2.8333333333333335,10.333535416666667,48,6,17,6,41,13,1192,train
1193,333,64,2,44,6,5,1,1,7,6.1571428571428575,7.447530270364452,1.8571428571428572,9.271079464285714,43,7,13,4,33,10,1193,train
1194,225,42,0,34,4,1,3,1,5,4.312380952380953,5.683917801722854,1.4,7.060759047619047,35,5,5,1,25,4,1194,test
1195,285,49,2,34,4,2,0,3,9,7.185306122448981,8.238735603445708,2.6,10.24523306122449,38,5,12,4,34,9,1195,train
1196,440,72,4,57,14,5,5,2,7,6.9333333333333345,8.07648339933343,2.25,9.126927777777777,58,8,17,6,54,12,1196,train
1197,328,61,0,41,5,1,2,1,16,5.4529274004683845,7.447530270364452,1.8571428571428572,9.245777751756439,42,7,13,4,34,9,1197,train
1198,208,43,1,32,5,2,0,2,10,5.733333333333334,3.1291,1.6666666666666667,5.8162705426356585,31,3,5,0,19,2,1198,train
1199,244,44,0,37,11,7,0,1,8,7.684848484848485,7.793537801064561,4.0,10.464648484848485,37,3,12,2,25,12,1199,train
1200,269,52,2,38,4,3,2,1,7,3.740659340659341,5.288315135182226,1.1428571428571428,9.167072527472527,34,7,8,1,33,8,1200,train
1201,495,83,2,59,17,9,3,1,15,8.598278829604132,9.236282656511921,3.142857142857143,10.502566092943201,58,7,22,8,53,21,1201,train
1202,179,38,0,32,5,4,0,0,7,8.65263157894737,7.168621630094336,2.5,8.318636842105263,31,2,5,1,13,5,1202,train
1203,99,15,0,14,3,1,0,1,3,5.666666666666668,7.168621630094336,2.5,12.429833333333335,17,2,5,1,13,3,1203,test
1204,381,76,1,56,14,11,4,4,11,11.185964912280703,7.793537801064561,3.0,7.593954385964913,56,3,9,2,32,6,1204,train
1205,317,60,1,53,5,0,2,2,14,5.466666666666667,6.742157984588678,2.0,6.6002,52,5,10,2,32,5,1205,test
1206,599,109,4,68,12,4,6,0,17,4.821736062103035,6.297961479604793,1.9230769230769231,10.571184262526465,66,13,24,4,78,19,1206,train
1207,232,44,0,34,4,3,5,4,6,4.42909090909091,5.683917801722854,1.0,9.455934545454546,35,5,5,1,26,5,1207,train
1208,127,21,0,19,4,0,0,0,2,12.20952380952381,11.20814326018867,6.0,9.189528571428571,21,1,6,2,12,3,1208,train
1209,220,44,0,32,1,2,0,2,7,3.5200000000000005,3.1291,1.0,8.379343636363636,35,5,5,0,24,5,1209,train
1210,177,31,1,29,8,5,1,1,4,6.713978494623657,7.793537801064561,2.3333333333333335,8.73322688172043,32,3,6,2,19,5,1210,train
1211,244,44,0,32,1,1,3,2,6,4.42909090909091,5.683917801722854,1.8,9.09707090909091,32,5,10,1,22,6,1211,train
1212,226,40,4,36,2,1,3,2,8,7.0,8.07648339933343,2.0,9.659,38,4,8,3,27,8,1212,train
1213,350,68,1,45,5,3,5,3,14,7.976470588235294,7.168621630094336,2.0,8.4272,45,4,7,2,36,7,1213,train
1214,223,41,0,35,6,3,3,2,5,4.255609756097561,6.742157984588678,1.6,9.049805365853658,33,5,8,2,28,7,1214,train
1215,356,67,4,46,6,4,3,3,10,7.894029850746269,7.168621630094336,3.5,8.238046268656717,48,4,12,2,36,9,1215,train
1216,223,41,1,33,5,0,5,1,9,5.231219512195122,6.742157984588678,1.8,9.434927317073171,34,5,9,2,21,9,1216,test
1217,114,24,0,22,5,2,0,0,5,9.600000000000001,3.1291,3.0,10.74815,24,1,3,0,14,4,1217,train
1218,237,40,0,32,6,2,1,1,6,9.0,9.516144504307135,2.75,9.659,32,4,11,5,20,9,1218,train
1219,258,55,0,37,1,0,5,5,8,4.4,3.1291,0.6,6.191736363636363,39,5,3,0,21,4,1219,train
1220,192,34,0,30,5,2,1,3,5,4.576470588235295,5.985473137389441,2.0,9.631041176470589,32,4,8,1,24,6,1220,train
1221,628,119,5,73,19,7,5,11,15,6.800000000000001,5.288315135182226,3.0,8.725750420168067,71,7,21,1,70,17,1221,train
1222,227,39,0,31,5,3,4,2,3,8.002564102564103,9.516144504307135,2.75,9.788305128205128,30,4,11,5,21,9,1222,train
1223,173,30,0,25,2,1,3,0,4,6.666666666666668,8.841846274778883,2.0,7.2905,28,3,6,3,21,3,1223,test
1224,239,45,0,35,4,1,3,0,5,3.888888888888889,5.46131890053228,1.3333333333333333,9.271833333333333,35,6,8,1,27,6,1224,train
1225,401,76,0,56,13,4,2,2,14,6.6456140350877195,7.168621630094336,2.8333333333333335,8.835556140350878,55,6,17,3,41,13,1225,train
1226,145,29,0,26,4,2,0,1,5,3.8666666666666667,3.1291,1.0,9.560794252873563,28,3,3,0,15,2,1226,train
1227,212,39,1,34,5,2,0,3,9,5.9512820512820515,7.168621630094336,2.0,10.598048717948718,34,4,8,2,28,9,1227,train
1228,304,62,1,40,6,2,4,4,10,5.605161290322581,5.683917801722854,0.8,7.307669032258065,39,5,4,1,29,5,1228,test
1229,439,81,2,61,8,5,5,6,14,6.519135802469136,7.6454224807358475,1.875,9.012156790123457,59,8,15,5,45,13,1229,train
1230,48,10,0,10,0,0,1,0,3,2.0,3.1291,0.5,8.621500000000001,10,2,1,0,5,1,1230,train
1231,204,38,0,31,2,0,1,2,8,3.8000000000000003,7.168621630094336,1.75,7.847436842105264,30,4,7,2,18,5,1231,test
1232,348,65,0,45,5,2,7,6,9,4.945054945054945,6.18269132825596,1.7142857142857142,8.226763736263736,46,7,12,2,38,9,1232,train
1233,274,55,0,44,5,2,3,4,10,4.4,5.683917801722854,1.2,7.914281818181818,46,5,6,1,32,4,1233,train
1234,176,33,1,25,4,0,5,3,7,3.3000000000000003,3.1291,1.25,7.39509393939394,27,4,5,0,20,3,1234,train
1235,154,27,1,23,6,4,0,1,3,15.244444444444447,13.023866798666859,7.0,10.823848148148148,25,1,7,3,16,6,1235,train
1236,66,13,0,13,4,3,0,0,1,8.276923076923078,8.841846274778883,3.0,9.139761538461538,13,1,3,1,7,3,1236,train
1237,37,7,0,7,3,0,0,0,0,2.8000000000000003,3.1291,0.0,15.262271428571431,8,1,0,0,6,2,1237,train
1238,62,11,0,10,3,2,0,0,3,8.036363636363637,8.841846274778883,2.0,8.488463636363637,9,1,2,1,4,2,1238,test
1239,314,61,1,44,4,1,3,2,8,6.689617486338799,7.793537801064561,1.6666666666666667,9.058963387978142,46,6,10,4,32,10,1239,train
1240,208,41,1,33,3,1,3,3,8,7.417886178861789,7.793537801064561,2.3333333333333335,8.5507081300813,35,3,7,2,21,5,1240,train
1241,50,11,0,10,1,1,1,1,0,4.4,3.1291,0.0,8.488463636363637,10,1,0,0,4,2,1241,train
1242,157,31,0,26,2,1,2,3,4,8.780645161290323,8.841846274778883,2.5,8.989493548387095,28,2,5,2,13,6,1242,train
1243,460,85,1,59,11,5,2,4,9,6.601307189542485,7.793537801064561,1.8888888888888888,9.306356209150326,59,9,17,6,44,16,1243,test
1244,346,58,1,45,10,3,1,3,10,7.314942528735632,8.344100000000001,2.8333333333333335,11.466483908045976,47,6,17,5,47,13,1244,train
1245,331,56,3,46,9,3,2,2,11,8.019047619047619,8.841846274778883,2.8333333333333335,10.86657619047619,46,6,17,6,44,14,1245,train
1246,238,42,1,29,5,0,1,1,8,3.752380952380953,5.46131890053228,1.5,10.374890476190476,30,6,8,1,30,8,1246,train
1247,433,88,0,58,10,6,9,3,13,6.775757575757575,7.168621630094336,1.3333333333333333,7.773171212121212,56,6,7,3,46,4,1247,test
1248,433,79,6,55,9,3,9,1,13,5.5269439421338165,6.868970318607317,2.142857142857143,7.5941195298372515,50,7,15,3,42,7,1248,train
1249,305,61,1,51,7,2,4,3,11,8.067213114754098,8.841846274778883,2.25,7.240277049180328,50,4,9,4,27,7,1249,train
1250,62,12,0,11,4,2,1,1,0,8.133333333333335,8.841846274778883,2.0,8.1792,12,1,2,1,9,2,1250,test
1251,363,68,0,47,10,3,4,0,11,5.1647058823529415,6.6274283507984215,1.625,9.631041176470589,46,8,13,3,40,11,1251,train
1252,504,92,0,68,13,6,4,1,15,10.504347826086956,8.07648339933343,4.25,8.7248,66,4,16,3,45,14,1252,train
1253,235,46,1,41,12,6,4,4,6,8.078260869565218,8.841846274778883,1.5,8.32603043478261,43,4,6,4,28,8,1253,train
1254,106,21,0,19,3,1,0,1,3,8.009523809523811,10.125756701596842,2.0,7.164919047619048,20,2,4,3,10,2,1254,test
1255,198,39,0,31,4,2,1,2,5,5.2,6.42735559955562,2.0,7.925146153846153,31,3,6,1,16,5,1255,train
1256,79,13,0,13,1,0,1,0,3,8.753846153846155,8.841846274778883,2.0,11.246592307692307,14,2,4,2,10,4,1256,train
1257,365,67,3,55,9,6,7,3,10,6.854726368159205,8.344100000000001,2.1666666666666665,8.196784577114428,56,6,11,5,45,10,1257,train
1258,169,41,0,29,6,5,0,1,3,16.400000000000002,3.1291,2.0,7.595709756097561,31,1,2,0,13,2,1258,train
1259,187,30,1,26,5,2,0,1,5,7.0,8.07648339933343,2.25,12.429833333333335,29,4,9,3,26,7,1259,train
1260,389,71,2,48,10,3,1,1,11,4.282316118935838,5.82211442006289,1.5555555555555556,9.1428593114241,51,9,13,2,45,12,1260,train
1261,290,51,1,36,6,4,3,1,7,3.3343137254901962,5.148860815047168,1.125,11.073680392156863,38,8,9,1,37,10,1261,train
1262,85,17,0,14,1,0,0,0,2,6.800000000000001,3.1291,2.0,6.3373470588235294,15,1,2,0,8,2,1262,train
1263,455,87,3,54,10,7,7,5,14,5.729310344827586,6.6274283507984215,2.25,8.894750574712644,52,8,17,3,47,14,1263,test
1264,378,68,3,45,9,7,5,2,12,5.650420168067227,7.447530270364452,2.2857142857142856,8.298034453781511,47,7,15,4,40,10,1264,test
1265,191,37,0,35,4,3,0,1,7,9.562162162162162,8.841846274778883,3.0,8.39491081081081,36,2,5,2,15,5,1265,train
1266,621,115,1,67,14,11,5,4,23,5.225296442687747,6.980632752743321,1.9090909090909092,7.862262845849803,66,11,21,5,71,14,1266,train
1267,291,55,2,42,6,4,1,4,6,3.142857142857143,3.1291,1.5714285714285714,8.61966883116883,43,7,10,0,31,7,1267,train
1268,469,79,3,56,16,4,4,3,11,10.836286919831224,10.864195022040775,3.8333333333333335,9.48627552742616,54,6,23,11,53,17,1268,train
1269,273,52,0,41,5,4,1,1,8,8.471794871794872,7.793537801064561,3.0,8.443733333333334,41,3,9,2,25,8,1269,train
1270,128,26,0,24,2,1,2,0,6,5.2,3.1291,2.5,6.710530769230769,25,2,5,0,12,4,1270,train
1271,200,43,0,34,3,1,1,2,6,3.44,3.1291,0.8,9.20399023255814,33,5,4,0,20,5,1271,train
1272,100,19,0,19,2,0,1,1,3,3.8000000000000003,3.1291,1.5,9.094015789473683,19,2,3,0,14,2,1272,test
1273,187,42,0,30,5,2,3,0,4,8.4,3.1291,1.0,5.805957142857142,31,2,2,0,13,1,1273,train
1274,125,24,1,20,4,2,0,0,2,3.2,3.1291,1.6666666666666667,11.270383333333335,22,3,5,0,14,7,1274,train
1275,262,51,0,38,2,1,0,2,6,4.864313725490196,5.683917801722854,1.6,9.09614549019608,38,5,8,1,26,7,1275,train
1276,281,55,0,37,2,3,2,3,9,3.6666666666666665,3.1291,1.1666666666666667,10.120075757575759,35,6,7,0,33,7,1276,train
1277,268,52,0,41,4,4,7,2,6,5.698461538461539,6.742157984588678,1.6,7.796186153846154,39,5,8,2,25,7,1277,test
1278,304,56,1,42,9,5,2,1,14,4.628571428571429,6.18269132825596,1.8571428571428572,9.390621428571428,44,7,11,2,39,6,1278,train
1279,291,54,3,46,7,1,3,4,10,5.4,5.985473137389441,2.5,7.522581481481481,49,4,10,1,31,7,1279,train
1280,297,58,2,42,2,0,2,3,11,4.55632183908046,6.42735559955562,1.5,8.199587356321839,42,6,9,2,33,3,1280,train
1281,291,58,1,45,7,4,2,2,14,6.019310344827587,6.742157984588678,1.8,7.750997931034483,44,5,9,2,30,8,1281,train
1282,294,63,0,41,8,4,1,0,7,10.93968253968254,10.504223727775692,2.0,7.685719047619047,40,3,6,5,23,7,1282,test
1283,123,22,0,19,4,2,3,2,2,6.218181818181819,7.168621630094336,2.0,7.770736363636364,20,2,4,1,13,3,1283,train
1284,771,143,5,99,16,5,13,7,17,6.724708624708625,7.793537801064561,2.1666666666666665,8.533930303030303,104,12,23,8,90,17,1284,train
1285,144,28,0,23,6,1,0,1,6,12.62857142857143,8.841846274778883,4.0,7.281014285714286,25,1,3,1,10,1,1285,train
1286,102,23,0,21,3,0,1,2,4,4.6000000000000005,3.1291,0.0,6.266465217391304,21,2,0,0,8,0,1286,train
1287,260,46,2,34,7,3,3,2,5,4.805797101449276,6.42735559955562,2.1666666666666665,11.56850579710145,36,6,13,2,32,11,1287,test
1288,313,55,3,48,9,1,2,2,12,6.954545454545455,8.07648339933343,2.75,8.624863636363637,50,4,11,3,41,10,1288,train
1289,479,94,4,70,11,6,6,6,19,8.796595744680852,8.238735603445708,2.6,7.760575744680851,70,5,13,4,50,8,1289,train
1290,89,17,0,17,4,0,3,0,2,2.266666666666667,3.1291,0.6666666666666666,10.41933137254902,18,3,2,0,13,2,1290,train
1291,423,83,1,56,12,6,2,4,12,5.595783132530121,6.6274283507984215,1.875,8.907124096385543,55,8,14,3,46,13,1291,train
1292,147,29,1,27,3,1,1,2,5,5.800000000000001,3.1291,0.5,7.078113793103448,30,2,1,0,15,2,1292,train
1293,510,90,4,65,13,7,5,2,14,6.222222222222222,7.793537801064561,2.5555555555555554,11.501166666666666,66,9,23,6,67,19,1293,train
1294,110,19,1,18,2,1,0,0,2,4.63859649122807,6.42735559955562,1.6666666666666667,11.430107017543861,18,3,5,1,13,3,1294,test
1295,57,12,0,12,1,1,1,3,1,4.800000000000001,3.1291,1.0,8.1792,12,1,1,0,4,1,1295,train
1296,228,45,2,36,9,4,4,1,7,9.0,3.1291,3.5,7.9105,38,2,7,0,25,6,1296,test
1297,1176,227,6,129,26,14,6,9,41,4.311967694566814,5.148860815047168,1.2916666666666667,7.583606901615271,116,24,32,3,120,24,1297,train
1298,613,94,4,66,11,2,4,11,14,12.75225806451613,11.407655852321103,3.3,12.24745741935484,67,10,33,21,83,33,1298,train
1299,215,45,0,39,7,5,2,2,8,9.0,3.1291,3.0,8.612277777777777,39,2,6,0,23,7,1299,train
1300,236,47,3,36,3,2,2,1,5,10.251063829787235,7.168621630094336,3.0,8.497631914893617,36,2,6,1,19,7,1300,train
1301,286,60,3,43,12,5,3,3,5,6.0,3.1291,1.25,7.801666666666667,43,4,5,0,36,5,1301,train
1302,177,33,1,30,4,3,3,3,6,7.8121212121212125,8.841846274778883,3.5,7.325809090909091,30,2,7,2,19,3,1302,train
1303,216,44,0,33,6,1,2,3,5,8.8,3.1291,2.5,7.5986090909090915,33,2,5,0,16,3,1303,test
1304,271,46,1,39,6,4,4,2,4,6.339130434782609,8.07648339933343,3.25,9.012552173913043,39,4,13,3,25,9,1304,train
1305,164,33,0,26,2,1,1,2,3,5.516666666666667,6.42735559955562,1.3333333333333333,7.619629166666667,27,3,4,1,20,3,1305,train
1306,83,17,0,15,1,0,1,0,3,4.619607843137255,6.42735559955562,1.0,8.56168431372549,16,3,3,1,10,4,1306,train
1307,279,51,3,41,5,3,5,3,6,13.07450980392157,12.457975602129121,3.3333333333333335,7.885386274509804,42,3,10,8,23,9,1307,test
1308,371,63,3,49,7,5,4,2,9,7.409523809523811,8.841846274778883,2.0,10.098138095238095,47,7,14,7,43,15,1308,test
1309,537,102,0,62,16,8,5,3,17,6.612885154061624,6.18269132825596,2.5714285714285716,9.158164425770309,61,7,18,2,55,17,1309,train
1310,119,24,0,21,1,1,1,1,3,3.2,3.1291,0.6666666666666666,7.9808,21,3,1,0,15,4,1310,train
1311,771,142,10,103,18,4,9,4,21,5.777681473456122,7.32110970712323,1.6153846153846154,8.73736912242687,103,13,20,7,105,19,1311,train
1312,287,49,2,35,4,0,1,1,8,7.348299319727892,8.841846274778883,2.5,10.808709523809522,35,6,15,6,32,13,1312,train
1313,205,44,0,33,4,4,0,3,7,6.218181818181819,7.168621630094336,1.25,7.411872727272727,32,4,5,2,17,5,1313,train
1314,38,8,0,8,1,1,0,0,1,3.2,3.1291,0.0,6.00705,10,1,0,0,5,0,1314,test
1315,387,67,1,50,13,5,1,1,11,7.151044776119403,8.238735603445708,3.8,9.957259402985075,49,5,19,4,39,14,1315,train
1316,296,55,1,43,8,2,2,4,7,6.954545454545455,8.07648339933343,1.75,8.624863636363637,45,4,7,3,33,5,1316,train
1317,169,33,2,29,2,0,1,2,4,4.4,3.1291,1.6666666666666667,8.009978787878788,31,3,5,0,19,5,1317,train
1318,90,17,0,15,1,1,1,2,0,9.15294117647059,8.841846274778883,3.0,7.266170588235294,16,1,3,1,9,2,1318,train
1319,268,48,0,41,6,1,2,3,11,3.576190476190476,5.288315135182226,1.7142857142857142,9.568905952380952,39,7,12,1,31,8,1319,train
1320,327,59,1,50,6,4,4,1,10,4.049394673123487,5.288315135182226,1.8571428571428572,9.942353753026634,47,7,12,1,40,11,1320,train
1321,159,27,1,23,3,2,1,1,4,6.562962962962963,7.793537801064561,2.6666666666666665,11.100677777777777,26,3,8,2,17,8,1321,train
1322,151,29,1,22,4,2,0,2,4,2.9000000000000004,3.1291,1.5,8.896444827586208,23,4,6,0,17,4,1322,train
1323,165,35,0,31,6,2,1,1,7,7.0,3.1291,2.0,7.6625000000000005,32,2,3,0,15,2,1323,train
1324,259,51,1,41,6,2,1,1,10,7.584313725490197,6.42735559955562,2.3333333333333335,7.885386274509804,42,3,6,1,27,2,1324,test
1325,394,70,1,44,6,4,3,4,10,4.825396825396826,6.42735559955562,1.8888888888888888,8.759277777777777,46,9,15,3,44,12,1325,train
1326,124,22,0,22,2,0,2,1,3,2.9333333333333336,6.42735559955562,1.6666666666666667,9.742051515151516,23,3,5,1,16,3,1326,train
1327,122,24,0,22,4,1,0,2,4,9.600000000000001,3.1291,3.0,10.090233333333334,24,1,3,0,12,4,1327,train
1328,107,21,1,19,2,0,0,1,4,4.2,3.1291,2.0,7.91682380952381,20,2,4,0,12,2,1328,train
1329,101,20,0,20,3,2,0,1,3,6.0,7.168621630094336,2.0,8.8695,21,2,4,1,9,4,1329,train
1330,1067,201,6,111,21,8,14,14,25,8.13091684434968,8.841846274778883,2.2142857142857144,8.590703837953093,109,14,31,14,126,24,1330,train
1331,313,56,2,41,8,3,2,2,12,7.742857142857144,8.841846274778883,2.5,9.970185714285716,42,4,10,4,34,7,1331,train
1332,554,106,4,67,6,2,3,2,15,8.476190476190476,9.150863307647796,1.8888888888888888,7.974690476190476,61,9,17,10,54,13,1332,train
1333,83,16,0,15,4,1,0,3,3,8.9,8.841846274778883,2.0,8.377600000000001,16,1,2,1,6,3,1333,test
1334,406,72,3,53,10,6,3,0,15,7.447619047619049,8.418075326091056,2.5714285714285716,9.848615873015873,56,7,17,6,49,13,1334,train
1335,225,42,2,36,7,4,0,2,8,12.20952380952381,11.20814326018867,4.0,7.685719047619047,38,2,8,4,22,5,1335,train
1336,174,32,0,28,4,3,2,2,2,5.516666666666667,6.42735559955562,2.0,7.126191666666667,28,3,6,1,17,5,1336,train
1337,452,82,3,58,11,5,1,3,16,6.083468834688347,7.3871296695380915,1.8888888888888888,9.672679403794039,54,9,17,5,51,14,1337,train
1338,290,58,0,42,7,4,4,0,10,11.600000000000001,3.1291,2.0,9.430762068965517,44,2,4,0,32,6,1338,train
1339,362,63,2,46,8,4,3,2,9,6.774603174603175,7.957251820313856,2.142857142857143,11.60194761904762,44,7,15,5,44,14,1339,train
1340,246,49,0,37,2,2,5,1,5,4.6000000000000005,3.1291,1.5,7.639508695652174,37,4,5,0,25,5,1340,train
1341,301,58,1,39,7,4,3,3,8,5.329655172413793,6.742157984588678,1.6,9.112204827586208,39,5,8,2,29,6,1341,train
1342,336,65,0,47,7,4,2,1,12,16.076923076923077,12.161744961471694,6.0,9.864038461538462,47,2,11,5,29,11,1342,test
1343,170,33,0,27,3,0,3,0,7,3.3000000000000003,3.1291,0.75,7.873578787878788,28,4,3,0,19,3,1343,train
1344,170,34,0,28,10,2,1,1,5,4.533333333333334,3.1291,2.0,6.520692156862745,27,3,6,0,18,2,1344,train
1345,224,38,2,31,6,2,2,0,4,5.145263157894737,6.742157984588678,2.2,9.830828421052633,34,5,11,2,34,6,1345,train
1346,283,47,1,36,4,2,2,1,11,6.313191489361703,7.554174236665414,2.4,10.149974042553193,37,5,12,3,37,8,1346,train
1347,331,60,0,44,6,4,2,2,12,6.333333333333334,8.07648339933343,1.625,10.587666666666667,43,8,13,6,35,13,1347,test
1348,158,29,0,26,5,3,1,2,5,3.8666666666666667,3.1291,2.0,9.016311494252873,28,3,4,0,21,3,1348,train
1349,803,150,4,93,32,19,6,7,24,7.854545454545455,8.841846274778883,2.6363636363636362,9.049863636363636,89,11,27,11,83,26,1349,train
1350,187,31,1,28,9,5,0,1,3,5.680645161290323,7.168621630094336,2.25,10.642512903225807,30,4,9,2,26,8,1350,test
1351,706,137,5,81,13,7,4,3,23,5.565759787657598,5.565023196281405,1.7272727272727273,7.481398739216988,79,11,19,2,72,10,1351,train
1352,203,37,1,30,2,3,4,0,6,10.643243243243244,10.125756701596842,4.5,10.528694594594596,31,2,9,3,23,9,1352,test
1353,173,32,0,31,4,0,1,2,6,5.516666666666667,6.42735559955562,2.6666666666666665,8.113066666666667,30,3,8,1,18,4,1353,test
1354,34,8,0,8,1,1,0,0,2,3.2,3.1291,0.0,7.9808,8,1,0,0,2,1,1354,train
1355,218,42,0,33,7,4,1,1,6,7.057142857142857,8.07648339933343,1.5,7.91682380952381,32,4,6,3,20,6,1355,train
1356,250,48,0,42,4,3,4,1,8,8.133333333333335,9.516144504307135,2.5,8.1792,42,4,10,5,23,7,1356,train
1357,81,17,0,17,2,2,0,0,2,9.15294117647059,8.841846274778883,2.0,8.19499411764706,18,1,2,1,6,2,1357,train
1358,489,92,1,60,13,2,3,2,13,5.6919254658385094,6.18269132825596,2.2857142857142856,7.720994409937888,60,7,13,2,53,9,1358,test
1359,340,61,1,43,6,2,2,2,8,6.689617486338799,7.793537801064561,2.3333333333333335,8.800110928961749,45,6,14,4,36,10,1359,train
1360,106,19,0,15,2,1,0,2,2,8.010526315789475,8.841846274778883,2.5,6.600857894736842,16,2,5,1,9,2,1360,train
1361,364,68,1,51,10,4,3,4,8,7.792941176470589,8.238735603445708,3.0,8.25856,52,5,15,4,33,10,1361,train
1362,444,82,3,61,8,5,9,4,12,6.636933797909407,7.447530270364452,1.8571428571428572,7.683626132404181,61,7,12,4,48,9,1362,train
1363,363,72,0,53,8,4,6,3,11,3.755555555555556,5.033348758259628,0.8888888888888888,8.858022222222223,52,9,8,1,39,8,1363,train
1364,372,64,2,50,14,1,0,4,10,6.766666666666666,7.793537801064561,2.6666666666666665,10.086816666666667,49,6,16,4,45,13,1364,train
1365,114,25,0,19,0,0,1,1,2,3.333333333333334,3.1291,0.3333333333333333,7.207833333333333,20,3,1,0,7,1,1365,train
1366,200,37,1,31,2,1,4,1,4,7.4,3.1291,2.5,9.248424324324326,32,2,5,0,23,7,1366,train
1367,328,61,0,49,9,2,2,2,12,6.847213114754098,7.554174236665414,2.4,9.936374098360655,48,5,12,3,40,8,1367,train
1368,257,42,1,38,8,3,2,1,5,3.752380952380953,6.42735559955562,1.8333333333333333,9.247033333333334,44,6,10,2,33,9,1368,train
1369,468,85,3,60,10,6,1,5,13,6.26890756302521,6.868970318607317,2.142857142857143,9.254432773109244,61,7,14,3,50,13,1369,train
1370,835,145,5,94,25,12,8,8,20,7.755485893416928,9.095868883498916,3.0,9.408456112852665,92,11,33,12,91,30,1370,train
1371,416,75,4,54,12,3,4,3,12,6.95,8.07648339933343,1.75,9.996433333333334,53,8,14,6,51,14,1371,train
1372,208,42,1,34,3,1,2,2,6,3.3600000000000003,3.1291,0.8,7.8126638095238095,34,5,4,0,23,2,1372,train
1373,396,74,1,60,11,3,7,3,9,9.163243243243244,9.888512548439397,2.6,8.21139081081081,64,5,13,7,45,12,1373,train
1374,598,111,1,80,15,7,8,2,18,7.7979797979797985,8.841846274778883,2.3333333333333335,9.553904040404039,80,9,21,9,70,20,1374,train
1375,385,68,5,52,7,3,1,5,13,5.1647058823529415,7.6454224807358475,1.625,10.327658823529411,52,8,13,5,48,14,1375,train
1376,265,51,0,39,4,5,3,2,7,4.864313725490196,5.683917801722854,1.8,8.167321960784314,40,5,9,1,24,7,1376,train
1377,195,33,1,28,7,1,4,1,3,5.724242424242425,7.168621630094336,2.25,12.179942424242425,29,4,9,2,27,9,1377,train
1378,35,6,0,6,0,0,0,0,2,2.4000000000000004,3.1291,1.0,14.460766666666668,7,1,1,0,6,1,1378,train
1379,300,60,0,38,5,1,4,5,10,8.666666666666668,7.793537801064561,2.0,8.576,38,3,6,2,26,5,1379,train
1380,713,126,4,78,20,8,5,4,23,6.099145299145299,7.32110970712323,2.4615384615384617,9.505889255189256,75,13,31,7,82,24,1380,train
1381,223,41,0,33,4,1,4,0,8,7.417886178861789,7.793537801064561,3.6666666666666665,7.780464227642277,34,3,10,2,21,4,1381,train
1382,675,127,6,80,22,14,4,5,18,4.863254593175854,5.46131890053228,1.9166666666666667,8.140016010498687,77,12,23,2,72,15,1382,train
1383,285,53,1,38,12,4,0,1,9,4.9947169811320755,5.683917801722854,2.0,8.333203396226416,38,5,10,1,29,8,1383,test
1384,433,79,0,61,8,3,7,2,13,6.785654008438819,7.793537801064561,2.6666666666666665,9.086528691983123,60,6,16,4,44,13,1384,train
1385,210,40,0,33,5,2,3,1,3,6.0,8.07648339933343,1.75,8.47475,35,4,7,3,22,4,1385,train
1386,392,75,0,44,8,4,2,0,16,6.066666666666666,6.42735559955562,2.3333333333333335,8.467166666666667,45,6,14,2,40,9,1386,train
1387,195,36,1,28,2,1,3,1,6,4.711111111111111,5.985473137389441,1.75,8.0304,29,4,7,1,19,4,1387,train
1388,353,67,0,50,11,4,0,2,18,6.25771144278607,7.168621630094336,1.6666666666666667,8.903799502487562,47,6,10,3,37,6,1388,train
1389,299,53,2,37,6,4,2,0,12,5.969230769230769,8.07648339933343,3.0,9.443415384615385,35,4,12,3,33,7,1389,train
1390,204,38,0,28,4,2,0,2,7,8.22456140350877,8.841846274778883,2.0,9.25108245614035,30,3,6,3,21,7,1390,train
1391,385,75,3,55,5,3,4,2,14,6.6000000000000005,7.793537801064561,2.1666666666666665,8.256633333333333,52,6,13,4,40,11,1391,train
1392,368,62,2,47,9,6,3,3,11,8.004301075268819,8.841846274778883,2.6666666666666665,11.02532365591398,48,6,16,6,43,15,1392,train
1393,527,88,9,53,8,0,6,2,17,6.115151515151515,7.492282038375204,2.0,10.280346969696971,54,12,23,7,62,20,1393,train
1394,132,25,1,23,3,2,2,0,4,11.600000000000001,8.841846274778883,4.0,8.034500000000001,24,1,4,1,10,3,1394,train
1395,144,29,2,24,4,1,2,0,3,5.800000000000001,3.1291,1.5,8.711562068965517,25,2,3,0,15,2,1395,train
1396,158,29,0,24,6,1,3,1,8,7.179310344827586,7.168621630094336,3.0,8.167079310344828,26,2,6,1,18,3,1396,train
1397,251,43,1,40,6,3,3,2,7,8.524031007751939,11.20814326018867,3.3333333333333335,7.652317054263566,40,3,10,6,24,5,1397,train
1398,145,24,2,22,5,2,0,1,4,6.533333333333335,7.793537801064561,2.6666666666666665,9.954550000000001,23,3,8,2,17,5,1398,train
1399,91,16,0,16,1,0,1,0,4,6.4,3.1291,5.0,10.35135,17,1,5,0,11,3,1399,train
1400,306,55,0,43,7,2,1,2,8,5.848484848484849,7.793537801064561,1.8333333333333333,8.971712121212121,43,6,11,4,32,10,1400,train
1401,176,34,0,28,1,0,4,0,5,6.249411764705883,7.554174236665414,1.0,9.546721176470589,30,5,5,3,22,4,1401,train
1402,41,8,0,8,2,1,0,0,2,3.2,3.1291,1.0,7.9808,8,1,1,0,5,0,1402,test
1403,304,56,0,41,9,1,3,2,9,6.622857142857143,8.238735603445708,2.2,8.421484285714286,42,5,11,4,28,8,1403,train
1404,474,88,4,57,8,4,2,2,11,6.247272727272728,7.554174236665414,1.8,9.635366363636365,56,10,18,6,54,18,1404,train
1405,300,59,0,42,7,4,2,3,10,7.933898305084746,8.841846274778883,2.0,9.185388135593222,41,4,8,4,31,8,1405,train
1406,257,47,0,41,7,1,2,1,3,4.611063829787234,5.683917801722854,2.0,9.142101702127661,42,5,10,1,25,7,1406,train
1407,129,26,0,20,2,2,1,1,3,6.738461538461539,7.168621630094336,1.0,9.139761538461538,21,2,2,1,13,1,1407,test
1408,341,57,1,39,8,4,2,2,9,8.169423558897243,8.841846274778883,2.857142857142857,10.965824310776943,39,7,20,7,39,17,1408,train
1409,231,38,0,31,10,5,0,2,6,9.063157894736841,9.516144504307135,3.75,11.171647368421052,31,4,15,5,27,12,1409,train
1410,134,26,0,20,3,1,3,2,1,8.276923076923078,8.841846274778883,1.0,9.747069230769231,21,2,2,2,13,3,1410,test
1411,447,77,5,59,11,2,3,3,9,7.2112554112554115,8.841846274778883,2.8333333333333335,9.194591774891775,64,6,16,6,55,13,1411,train
1412,205,38,0,29,5,1,2,1,3,8.65263157894737,8.841846274778883,3.5,10.811794736842106,31,2,7,2,22,5,1412,train
1413,195,31,0,26,5,1,1,1,5,6.970967741935485,8.07648339933343,2.0,10.642512903225807,29,4,8,3,21,7,1413,train
1414,288,52,2,39,5,3,2,4,7,5.279120879120879,6.868970318607317,1.5714285714285714,11.292649450549451,40,7,11,3,36,12,1414,test
1415,255,47,3,32,1,0,1,0,11,3.5367781155015194,5.288315135182226,1.5714285714285714,10.016762613981765,33,7,10,1,34,7,1415,test
1416,154,29,1,25,1,1,3,0,2,4.279310344827586,7.168621630094336,1.5,10.529893103448277,28,4,6,2,19,7,1416,train
1417,404,75,2,50,8,4,1,3,11,5.885714285714286,6.868970318607317,2.142857142857143,9.852328571428572,53,7,15,3,47,11,1417,train
1418,247,47,0,38,2,1,3,0,7,6.402127659574468,7.168621630094336,1.25,9.59461914893617,40,4,5,2,29,6,1418,train
1419,204,38,1,35,7,2,0,2,5,4.852631578947369,5.985473137389441,2.0,9.925068421052632,35,4,8,1,21,7,1419,train
1420,287,51,1,41,10,4,1,4,8,5.648627450980392,7.554174236665414,2.6,8.476929803921568,43,5,12,3,34,6,1420,test
1421,641,115,4,75,17,6,8,4,22,7.489130434782609,8.07648339933343,3.25,8.743239130434784,75,8,27,6,74,20,1421,test
1422,128,28,0,25,5,4,2,1,1,3.733333333333334,3.1291,0.0,5.227290476190476,25,3,0,0,13,1,1422,test
1423,358,63,1,44,9,5,4,1,8,11.37936507936508,11.20814326018867,3.5,9.430398412698413,40,4,14,8,39,13,1423,test
1424,364,67,5,50,9,6,2,2,14,6.854726368159205,7.793537801064561,2.1666666666666665,8.668127860696519,48,6,13,4,40,11,1424,train
1425,723,129,0,71,12,5,5,4,25,5.20954084675015,7.610546881738771,2.1538461538461537,9.269614847942755,71,13,27,8,83,20,1425,test
1426,38,8,0,8,1,1,0,0,2,3.2,3.1291,1.0,9.954550000000001,9,1,1,0,5,1,1426,train
1427,114,21,0,19,1,1,2,1,3,4.704761904761905,6.42735559955562,1.6666666666666667,7.74322380952381,21,3,4,1,13,3,1427,train
1428,302,55,2,38,2,0,5,2,9,6.2272727272727275,5.985473137389441,2.75,9.486136363636364,39,4,10,1,37,9,1428,train
1429,693,134,5,70,12,4,7,2,24,5.957014925373135,6.2581,2.6,8.543229552238806,66,10,26,3,70,17,1429,train
1430,172,30,1,25,6,3,0,2,6,10.0,10.125756701596842,4.0,8.064833333333333,26,2,8,3,13,6,1430,train
1431,423,76,0,51,7,5,1,3,15,9.764210526315791,9.888512548439397,4.4,8.33792,52,5,21,7,36,13,1431,train
1432,289,51,1,41,6,5,6,1,4,8.00156862745098,9.3871,2.4,9.405753333333333,42,5,12,6,30,11,1432,train
1433,216,44,2,36,9,5,1,3,6,6.663565891472868,6.42735559955562,2.3333333333333335,8.753944961240311,38,3,7,1,23,8,1433,test
1434,159,31,0,27,2,2,0,3,3,3.7703225806451615,5.683917801722854,1.4,9.037568387096774,25,5,7,1,17,5,1434,train
1435,283,56,2,40,11,2,3,5,7,6.314285714285715,5.985473137389441,1.5,6.868578571428571,40,4,5,1,29,4,1435,train
1436,244,45,0,32,7,3,2,1,11,4.488888888888889,5.683917801722854,1.6,9.697122222222223,33,5,8,1,28,5,1436,test
1437,209,43,0,32,4,4,0,3,8,5.2302325581395355,5.985473137389441,1.5,8.209002325581395,32,4,6,1,16,5,1437,train
1438,403,71,3,51,11,5,7,2,10,6.366901408450705,7.6454224807358475,2.0,9.636559154929579,49,8,16,5,46,16,1438,test
1439,218,38,0,27,5,3,1,1,4,4.63859649122807,6.42735559955562,1.8333333333333333,10.183528070175438,28,6,11,2,25,7,1439,train
1440,342,60,5,46,5,2,2,4,9,7.428571428571428,8.418075326091056,1.8571428571428572,9.588142857142858,47,7,13,6,38,13,1440,test
1441,218,38,0,29,6,3,0,0,3,6.197894736842105,7.554174236665414,2.2,9.830828421052633,27,5,11,3,21,9,1441,train
1442,204,40,1,33,4,0,1,0,4,4.0,3.1291,1.5,9.26425,35,4,6,0,22,5,1442,train
1443,215,40,0,33,3,3,0,1,4,4.0,8.07648339933343,1.75,8.8695,35,4,7,3,21,4,1443,test
1444,224,40,2,35,5,2,2,1,7,6.0,7.168621630094336,2.25,9.26425,36,4,9,2,27,6,1444,train
1445,186,33,0,27,3,1,3,3,4,5.724242424242425,7.168621630094336,2.5,10.74448787878788,27,4,10,2,25,9,1445,train
1446,119,22,0,21,4,2,1,1,6,6.218181818181819,7.168621630094336,3.0,9.20619090909091,24,2,6,1,16,2,1446,test
1447,407,82,3,60,10,4,3,2,15,7.04780487804878,5.683917801722854,2.0,7.1457936585365855,57,5,9,1,40,5,1447,train
1448,371,68,1,51,7,2,1,7,12,6.826890756302522,8.418075326091056,1.8571428571428572,8.762446218487394,52,7,13,6,42,12,1448,test
1449,155,28,1,21,1,1,3,1,5,6.590476190476192,7.793537801064561,2.3333333333333335,10.302647619047619,22,3,7,2,15,6,1449,train
1450,281,48,0,36,10,5,1,2,8,4.033333333333334,5.46131890053228,1.6666666666666667,8.967675,41,6,11,1,32,8,1450,train
1451,125,24,1,22,2,0,3,0,3,6.533333333333335,7.793537801064561,1.6666666666666667,9.296633333333334,23,3,5,2,14,4,1451,train
1452,135,26,0,21,4,1,0,1,6,5.2,3.1291,2.5,7.925146153846153,22,2,5,0,12,4,1452,train
1453,246,48,0,37,9,5,2,4,5,21.700000000000003,13.023866798666859,6.0,9.9648,38,1,6,3,19,8,1453,train
1454,215,38,1,32,4,1,4,1,5,7.171929824561403,9.725611199111238,2.6666666666666665,8.835556140350878,32,3,8,4,21,7,1454,train
1455,312,54,3,39,4,0,4,4,8,4.9222222222222225,6.6274283507984215,1.5,11.573892592592593,37,8,12,3,42,15,1455,train
1456,163,30,0,25,4,2,1,3,5,6.0,7.168621630094336,3.5,8.064833333333333,26,2,7,1,15,2,1456,test
1457,150,31,0,25,3,2,1,2,2,6.2,7.168621630094336,1.5,8.48013870967742,27,2,3,1,17,3,1457,test
1458,385,69,1,54,6,3,2,2,11,5.102277432712216,6.18269132825596,2.142857142857143,9.159907039337474,56,7,15,2,39,14,1458,train
1459,292,49,2,42,7,5,4,2,8,10.61360544217687,10.125756701596842,2.3333333333333335,10.48646462585034,44,6,14,9,36,15,1459,test
1460,699,129,1,77,20,12,4,1,21,6.470542635658915,7.793537801064561,2.0833333333333335,9.065824031007752,77,12,25,8,72,22,1460,train
1461,271,56,0,42,6,2,5,3,9,12.62857142857143,8.841846274778883,2.5,7.844942857142858,43,2,5,2,24,5,1461,test
1462,434,82,2,53,11,6,2,3,14,6.442276422764228,6.42735559955562,2.3333333333333335,8.5507081300813,53,6,13,2,43,10,1462,train
1463,714,131,6,92,14,6,7,4,21,6.156030534351145,6.2581,2.2,8.022824885496183,91,10,22,3,72,21,1463,train
1464,93,16,0,16,4,1,1,0,4,5.7,7.168621630094336,2.5,8.967675,17,2,5,1,12,4,1464,train
1465,386,70,0,50,7,4,1,6,11,6.9523809523809526,7.793537801064561,2.0,8.50102380952381,49,6,12,4,39,9,1465,test
1466,288,50,2,41,8,0,4,4,9,6.4,8.841846274778883,2.6,8.553700000000001,42,5,13,5,32,6,1466,train
1467,241,36,0,27,5,4,2,3,7,9.155555555555557,9.516144504307135,3.0,9.784844444444445,28,4,12,5,24,11,1467,test
1468,176,33,0,30,6,2,1,1,5,7.8121212121212125,8.841846274778883,3.0,8.282778787878788,32,2,6,2,16,4,1468,train
1469,25,7,0,7,1,1,0,0,0,2.4000000000000004,3.1291,1.0,6.565766666666667,7,1,1,0,2,1,1469,train
1470,154,30,0,26,5,4,0,1,4,5.333333333333334,6.42735559955562,1.6666666666666667,8.8695,27,3,5,1,18,4,1470,train
1471,828,153,4,85,23,14,3,8,25,7.191503267973856,8.07648339933343,2.5,9.119422875816994,83,12,30,9,84,29,1471,train
1472,304,57,2,45,4,1,4,1,9,7.103508771929825,7.168621630094336,3.25,7.944528070175439,45,4,12,2,29,6,1472,train
1473,677,133,7,83,17,4,7,4,19,5.9370927318295745,6.816661863887846,1.5,8.816383709273182,81,12,18,5,74,19,1473,test
1474,1480,292,1,151,45,18,13,9,37,9.6695468914647,7.32110970712323,3.1538461538461537,8.319564910432033,152,13,40,7,144,38,1474,train
1475,88,18,0,16,3,1,0,0,3,3.6,3.1291,0.5,7.591788888888889,18,2,1,0,9,0,1475,train
1476,478,85,5,64,11,7,9,4,12,9.431372549019608,9.725611199111238,2.6666666666666665,9.169049019607844,65,6,16,8,55,17,1476,train
1477,255,45,0,39,6,2,5,1,5,5.666666666666668,7.168621630094336,1.6666666666666667,8.570055555555555,39,6,8,3,30,7,1477,test
1478,211,41,0,35,6,3,1,1,7,7.026829268292683,8.07648339933343,1.75,9.921729268292683,36,4,7,3,23,5,1478,train
1479,155,30,0,26,6,1,2,0,6,4.0,3.1291,2.0,8.8695,27,3,6,0,20,3,1479,train
1480,234,42,2,38,7,3,4,3,3,6.104761904761905,7.168621630094336,2.0,9.796585714285715,39,4,8,2,25,7,1480,train
1481,114,22,0,22,2,2,1,1,2,4.751515151515152,6.42735559955562,1.6666666666666667,7.588869696969697,21,3,5,1,11,3,1481,test
1482,84,16,0,15,3,1,0,1,3,8.9,8.841846274778883,3.0,9.364474999999999,16,1,3,1,8,4,1482,train
1483,361,66,5,54,7,4,5,5,15,9.024242424242425,9.516144504307135,2.75,7.80429393939394,59,4,11,5,46,7,1483,test
1484,409,73,0,48,11,7,2,1,11,5.414611872146119,5.46131890053228,2.3333333333333335,9.431199543378996,50,6,13,1,47,14,1484,test
1485,219,39,1,32,5,1,2,3,6,7.251282051282051,7.793537801064561,3.0,9.544633333333334,32,3,9,2,24,8,1485,train
1486,1142,211,5,109,17,11,14,13,24,8.470268562401264,9.210782826323648,2.7333333333333334,8.150746951026857,106,15,40,17,108,31,1486,test
1487,222,44,1,33,3,1,2,7,5,6.775757575757575,7.793537801064561,1.6666666666666667,7.234875757575757,34,3,5,2,21,4,1487,train
1488,162,31,0,29,2,1,3,1,7,3.1,3.1291,1.0,7.586383870967742,29,4,4,0,20,2,1488,train
1489,299,56,2,42,11,5,2,3,5,3.9142857142857146,5.288315135182226,1.7142857142857142,9.672585714285715,46,7,11,1,39,11,1489,train
1490,182,30,1,27,2,1,0,1,5,7.0,8.07648339933343,2.0,10.850833333333334,29,4,8,3,23,7,1490,train
1491,319,57,0,49,10,6,1,4,6,8.068771929824562,9.888512548439397,3.0,9.465273333333334,50,5,15,7,32,11,1491,test
1492,154,28,0,25,2,0,1,1,5,3.733333333333334,3.1291,2.0,9.738719047619048,27,3,5,0,17,5,1492,train
1493,340,62,0,45,5,4,0,2,7,4.833179723502305,6.18269132825596,1.8571428571428572,10.442749769585253,43,7,13,2,40,12,1493,test
1494,324,55,0,44,8,2,2,2,10,8.036363636363637,8.841846274778883,3.4,9.636827272727274,45,5,16,5,36,12,1494,train
1495,231,46,0,35,2,0,1,1,6,3.936231884057971,5.46131890053228,1.0,9.852201449275363,36,6,6,1,26,6,1495,test
1496,152,30,0,27,4,2,1,1,5,8.0,8.841846274778883,1.6666666666666667,8.8695,29,3,5,3,15,5,1496,train
1497,293,57,5,46,6,4,4,4,9,8.301754385964912,6.42735559955562,2.0,7.90311052631579,47,3,6,1,30,5,1497,train
1498,226,41,1,33,6,0,2,1,8,6.051219512195122,7.168621630094336,1.75,9.15148536585366,35,4,6,2,26,6,1498,test
1499,386,76,4,58,13,3,5,0,13,7.132631578947368,8.238735603445708,2.6,8.96120947368421,59,5,12,4,52,8,1499,train
1500,558,106,0,73,14,9,7,5,16,6.432075471698113,7.168621630094336,2.625,9.209454716981131,71,8,21,4,57,20,1500,train
1501,240,40,2,31,2,0,2,2,5,8.0,9.516144504307135,2.75,11.63275,33,4,11,5,26,9,1501,train
1502,94,20,0,17,1,0,1,1,4,6.0,7.168621630094336,1.0,9.659,18,2,2,1,9,2,1502,train
1503,36,6,0,6,0,0,0,0,1,2.4000000000000004,3.1291,3.0,14.460766666666668,7,1,3,0,6,2,1503,train
1504,238,45,0,37,5,1,4,1,6,5.388888888888889,5.985473137389441,2.0,8.405166666666666,39,4,7,1,24,6,1504,test
1505,137,27,2,25,5,1,2,1,4,12.281481481481482,11.20814326018867,5.0,7.899774074074074,27,1,5,2,14,4,1505,train
1506,286,54,2,41,8,4,4,2,10,13.022222222222224,11.20814326018867,6.5,8.776996296296296,40,2,13,4,27,10,1506,test
1507,417,76,2,57,11,4,4,3,10,8.185263157894736,8.238735603445708,3.6,8.545683157894736,56,5,17,4,43,11,1507,train
1508,488,78,5,62,11,6,3,6,8,7.056410256410257,8.515128840125781,2.2222222222222223,8.722392307692306,66,9,19,7,61,15,1508,train
1509,326,60,0,45,12,5,5,3,9,6.133333333333334,6.742157984588678,2.8,8.9687,45,5,14,2,33,11,1509,test
1510,139,27,0,25,4,1,1,2,6,5.081481481481482,6.42735559955562,2.3333333333333335,9.346233333333334,24,3,7,1,15,7,1510,train
1511,436,86,1,63,9,6,7,4,12,5.84451827242525,6.868970318607317,1.2857142857142858,7.7343598006644525,61,7,9,3,43,9,1511,train
1512,407,73,2,53,8,4,3,2,11,7.459099804305286,8.841846274778883,2.2857142857142856,9.561291389432487,51,7,16,7,43,14,1512,train
1513,465,80,2,51,10,5,2,6,11,6.2,7.554174236665414,2.0,10.151925,54,10,19,5,55,18,1513,train
1514,33,6,0,6,2,0,0,0,1,2.4000000000000004,3.1291,1.0,9.197433333333334,7,1,1,0,5,1,1514,train
1515,557,99,1,67,13,6,4,2,17,6.869264069264069,7.447530270364452,3.2857142857142856,9.282329148629149,64,7,23,4,61,18,1515,train
1516,321,53,1,41,9,1,1,4,7,8.318867924528304,9.516144504307135,3.25,10.252190566037736,40,4,13,5,34,9,1516,test
1517,321,61,1,44,5,3,2,1,11,4.88,3.1291,1.8,8.900964262295084,41,5,7,0,32,5,1517,test
1518,474,88,4,70,9,5,1,1,13,6.846753246753247,7.447530270364452,1.7142857142857142,7.84867922077922,65,7,12,4,45,13,1518,train
1519,67,11,0,11,2,1,2,1,2,11.672727272727274,11.20814326018867,4.0,11.359372727272728,13,1,4,2,9,3,1519,train
1520,510,101,6,70,14,8,6,7,15,9.268118811881187,7.554174236665414,2.4,7.452479405940594,65,5,12,3,54,11,1520,train
1521,372,66,2,48,8,1,2,3,7,4.983549783549783,6.18269132825596,2.2857142857142856,9.845975324675326,50,7,15,2,47,13,1521,test
1522,146,28,1,24,2,1,2,1,3,5.161904761904762,6.42735559955562,1.3333333333333333,8.610861904761904,26,3,4,1,16,4,1522,train
1523,485,94,5,62,11,3,6,3,16,5.028841607565012,5.82211442006289,1.6666666666666667,8.521991252955083,59,9,15,2,53,11,1523,train
1524,426,73,4,46,13,6,5,5,8,4.745890410958904,6.6274283507984215,2.0,9.92923698630137,46,8,16,3,58,13,1524,test
1525,84,14,0,13,2,0,2,0,3,2.8000000000000003,3.1291,1.5,9.622985714285715,15,2,3,0,9,3,1525,train
1526,464,92,5,65,13,6,8,6,15,7.431055900621118,8.418075326091056,2.0,8.579146583850932,64,7,14,6,50,14,1526,train
1527,249,44,2,35,9,2,2,2,6,11.52727272727273,11.20814326018867,4.0,9.751790909090909,38,2,8,4,29,7,1527,test
1528,260,53,0,42,9,4,4,3,10,12.109433962264152,8.841846274778883,3.0,7.632220754716981,41,2,6,2,23,6,1528,train
1529,107,23,0,22,4,1,0,3,4,6.339130434782609,7.168621630094336,1.0,8.32603043478261,22,2,2,1,10,2,1529,train
1530,63,14,0,13,2,1,1,1,2,8.457142857142857,8.841846274778883,2.0,6.586614285714286,13,1,2,1,5,2,1530,train
1531,300,52,4,38,3,2,2,2,9,6.543589743589743,7.793537801064561,1.8333333333333333,10.746751282051282,40,6,12,4,38,14,1531,train
1532,391,76,2,49,7,4,5,4,7,5.9218045112781965,7.447530270364452,1.4285714285714286,8.953566917293234,54,7,10,4,45,10,1532,train
1533,374,71,1,42,4,3,2,1,10,6.806760563380282,6.742157984588678,2.2,7.6767354929577465,43,5,11,2,32,11,1533,train
1534,178,34,2,27,4,1,1,3,2,17.129411764705885,13.023866798666859,5.0,9.502605882352942,29,1,5,3,13,5,1534,train
1535,358,66,0,44,11,7,2,2,9,6.8017316017316025,7.957251820313856,1.8571428571428572,9.606732900432903,43,7,13,5,38,12,1535,train
1536,488,97,0,62,12,6,4,4,18,7.2914089347079045,6.42735559955562,2.6666666666666665,8.019603780068728,61,6,16,2,37,15,1536,train
1537,250,48,1,42,8,3,2,1,10,6.466666666666668,7.168621630094336,1.75,8.508158333333334,40,4,7,2,29,7,1537,train
1538,79,16,0,13,2,1,1,1,2,3.2,3.1291,0.5,8.967675,15,2,1,0,9,1,1538,test
1539,385,71,2,47,11,6,3,1,11,9.353521126760564,9.516144504307135,3.5,9.854364788732394,49,4,13,5,39,14,1539,train
1540,233,44,1,36,6,3,2,2,7,7.684848484848485,7.793537801064561,2.0,8.311466666666668,38,3,6,2,25,4,1540,train
1541,664,128,4,77,17,11,8,4,21,9.158333333333333,7.168621630094336,4.0,8.148695833333333,76,6,25,3,67,13,1541,train
1542,466,89,5,68,13,3,5,3,18,9.798876404494383,7.168621630094336,3.0,8.288414606741572,66,4,12,2,48,8,1542,train
1543,636,125,5,75,15,12,4,6,19,8.49,8.472884824447931,2.125,8.45374,71,8,16,7,63,21,1543,train
1544,415,83,2,59,11,4,7,2,15,6.015261044176707,5.46131890053228,1.6666666666666667,8.317693574297188,62,6,10,1,45,7,1544,test
1545,333,69,1,50,8,3,7,3,14,7.976470588235294,8.07648339933343,1.5,7.266170588235294,51,4,6,3,37,6,1545,train
1546,402,75,0,52,8,3,2,3,13,9.733333333333334,10.355215969177355,2.8,8.591166666666666,50,5,14,8,34,13,1546,train
1547,109,21,0,19,5,1,1,0,4,4.2,3.1291,2.0,8.668728571428572,20,2,4,0,13,3,1547,train
1548,409,81,2,52,9,4,0,3,15,6.973827160493826,7.554174236665414,2.4,7.559032345679012,51,5,12,3,38,9,1548,train
1549,134,27,0,25,4,3,1,0,2,3.6,6.42735559955562,1.3333333333333333,8.761418518518518,25,3,4,1,14,2,1549,test
1550,49,10,0,9,0,0,0,0,1,8.0,8.841846274778883,2.0,8.8695,9,1,2,1,3,3,1550,train
1551,116,20,0,19,3,1,0,0,1,10.0,13.023866798666859,3.0,6.997,21,1,3,3,10,1,1551,train
1552,244,45,0,38,5,4,1,2,10,5.377777777777778,6.742157984588678,1.8,9.346233333333334,36,5,9,2,24,9,1552,test
1553,661,122,4,82,24,11,2,3,18,5.747839046199703,6.574015621080383,2.1818181818181817,9.493084500745155,83,11,24,4,85,22,1553,test
1554,179,35,0,28,0,0,3,2,2,4.642857142857143,5.985473137389441,1.0,8.581928571428573,31,4,4,1,16,3,1554,test
1555,559,100,2,65,12,7,2,6,18,6.800000000000001,7.908726449838941,2.1,9.3432,64,10,21,7,55,18,1555,train
1556,162,32,0,27,3,2,1,0,4,14.05,8.841846274778883,4.0,8.184325000000001,28,1,4,1,14,3,1556,train
1557,114,25,0,20,2,2,2,2,2,5.0,3.1291,0.5,8.0461,21,2,1,0,12,3,1557,train
1558,62,14,0,12,0,0,0,1,3,5.6000000000000005,3.1291,1.0,6.586614285714286,12,1,1,0,5,2,1558,test
1559,368,73,1,57,10,5,3,3,13,7.058447488584474,7.793537801064561,1.3333333333333333,8.56599406392694,55,6,8,4,30,9,1559,train
1560,119,21,0,20,0,1,1,2,2,9.914285714285715,10.125756701596842,2.0,8.668728571428572,22,2,4,3,12,4,1560,train
1561,162,31,0,26,5,0,0,2,3,3.1,3.1291,1.75,10.133158064516131,26,4,7,0,18,8,1561,train
1562,691,116,6,79,16,1,5,2,16,6.631974921630094,8.00094639256281,3.0,10.693347648902822,75,11,33,8,90,24,1562,train
1563,58,12,0,11,0,0,0,0,1,4.800000000000001,3.1291,1.0,6.863366666666667,12,1,1,0,4,1,1563,train
1564,372,62,2,48,8,4,3,2,11,8.814426229508198,9.888512548439397,3.0,9.418669180327868,50,5,15,7,48,14,1564,train
1565,174,31,0,29,4,1,2,1,5,8.780645161290323,10.125756701596842,2.5,6.952074193548387,32,2,5,3,22,3,1565,test
1566,627,114,3,84,19,9,5,4,14,8.156140350877193,8.472884824447931,2.875,8.91408947368421,80,8,22,7,62,17,1566,train
1567,522,101,2,66,16,8,3,6,19,7.355586987270155,7.447530270364452,1.8571428571428572,7.009879915134371,62,7,13,4,41,8,1567,test
1568,440,80,2,53,13,6,5,1,16,6.055555555555556,7.793537801064561,2.2222222222222223,8.617013888888888,52,9,19,6,54,13,1568,train
1569,210,38,0,28,6,4,1,1,3,4.092631578947368,6.742157984588678,2.2,10.246354736842106,29,5,10,2,24,6,1569,train
1570,175,32,0,25,5,2,1,2,6,7.65,7.168621630094336,3.0,7.8841625,26,2,6,1,15,4,1570,test
1571,124,27,0,20,1,1,0,0,5,2.7,3.1291,0.75,7.480188888888889,20,4,3,0,8,3,1571,train
1572,257,46,0,38,5,2,3,1,8,4.549565217391304,5.683917801722854,1.8,9.584993913043478,37,5,8,1,28,7,1572,test
1573,114,21,0,19,3,2,0,0,4,8.009523809523811,8.841846274778883,2.0,8.668728571428572,19,2,4,2,8,4,1573,train
1574,235,44,3,35,6,2,0,2,8,5.33818181818182,6.742157984588678,1.4,9.814798181818183,36,5,7,2,30,5,1574,test
1575,304,49,1,41,9,1,3,5,6,7.185306122448981,9.3871,3.2,9.600743265306122,43,5,16,6,36,9,1575,train
1576,75,15,0,14,2,0,0,1,2,3.0,3.1291,1.5,6.113833333333334,15,2,3,0,7,0,1576,train
1577,165,33,1,27,3,3,2,3,2,2.64,3.1291,1.0,10.18416303030303,29,5,5,0,21,3,1577,test
1578,114,24,1,21,4,2,2,0,2,4.800000000000001,3.1291,1.5,8.1792,22,2,3,0,13,3,1578,train
1579,111,19,0,18,3,1,0,0,1,5.905263157894737,7.168621630094336,3.0,10.75612105263158,18,2,6,1,10,5,1579,train
1580,171,31,0,30,6,2,0,1,4,6.713978494623657,7.793537801064561,2.3333333333333335,9.751936559139786,30,3,6,2,16,7,1580,test
1581,201,40,0,29,4,2,2,4,4,17.0,11.20814326018867,6.0,9.568,29,1,5,2,15,3,1581,train
1582,480,87,2,66,11,8,2,7,12,5.319080459770115,6.742157984588678,1.6,8.242387816091954,70,10,15,4,56,16,1582,test
1583,276,50,0,42,8,5,2,1,6,8.200000000000001,8.841846274778883,3.25,8.677700000000002,44,4,13,4,27,10,1583,train
1584,618,104,6,77,17,8,3,7,14,6.858741258741259,8.00094639256281,2.1818181818181817,10.3303493006993,81,11,25,9,84,26,1584,train
1585,109,22,1,18,0,0,0,1,4,2.9333333333333336,3.1291,1.0,9.024324242424242,19,3,3,0,12,4,1585,train
1586,433,76,3,63,10,3,8,3,9,5.905263157894737,7.6454224807358475,2.0,10.132831578947368,69,8,15,5,64,14,1586,test
1587,225,41,0,35,5,4,2,2,7,7.026829268292683,8.07648339933343,2.5,9.15148536585366,36,4,10,3,23,9,1587,train
1588,272,51,2,40,6,2,3,0,9,4.864313725490196,5.683917801722854,2.6,8.167321960784314,41,5,12,1,31,8,1588,train
1589,89,18,0,16,0,0,0,2,3,7.2,3.1291,2.0,8.03818888888889,17,1,2,0,7,1,1589,train
1590,277,52,2,43,6,2,1,4,6,9.046153846153846,9.516144504307135,2.5,9.747069230769231,44,4,10,5,30,10,1590,train
1591,88,17,0,17,2,0,0,1,4,3.4000000000000004,3.1291,1.0,7.773394117647059,19,2,2,0,9,1,1591,train
1592,241,49,0,35,9,2,5,2,4,10.616326530612247,8.841846274778883,3.5,6.7851693877551025,36,2,7,2,24,2,1592,train
1593,193,35,3,32,8,3,2,0,5,4.642857142857143,5.985473137389441,2.0,9.033071428571429,35,4,8,1,29,7,1593,train
1594,728,142,3,90,16,10,8,7,22,5.296713615023474,5.985473137389441,1.5833333333333333,8.671320657276997,85,12,19,3,75,17,1594,train
1595,371,73,1,53,7,5,5,3,11,4.888280060882801,6.937597516519254,1.2222222222222223,9.662646727549467,52,9,11,4,43,10,1595,train
1596,105,19,0,18,2,1,0,2,1,3.8000000000000003,7.168621630094336,1.0,7.431910526315789,19,2,2,1,8,1,1596,train
1597,152,29,0,25,4,2,1,1,4,4.279310344827586,7.168621630094336,1.25,8.351962068965516,25,4,5,2,14,4,1597,test
1598,258,50,0,38,9,3,2,5,5,6.6000000000000005,7.168621630094336,1.75,6.7829,39,4,4,1,20,4,1598,train
1599,48,10,0,10,0,0,1,1,2,2.0,3.1291,1.0,10.200500000000002,11,2,2,0,7,2,1599,test
1600,277,51,2,40,11,3,0,4,7,7.217254901960785,8.238735603445708,1.8,9.715361176470589,41,5,9,4,27,9,1600,train
1601,293,56,5,44,10,4,1,5,8,9.609523809523811,8.841846274778883,3.3333333333333335,8.227902380952381,45,3,10,2,37,8,1601,test
1602,539,96,2,66,5,2,8,3,7,5.242857142857144,6.868970318607317,1.3571428571428572,10.555780952380953,65,14,19,6,75,17,1602,train
1603,267,55,0,36,5,4,3,1,6,6.2272727272727275,5.985473137389441,2.25,7.763590909090909,33,4,9,1,20,9,1603,test
1604,387,70,1,49,8,6,4,4,10,5.214285714285714,6.6274283507984215,1.375,9.935357142857143,49,8,11,3,45,16,1604,test
1605,111,22,2,21,2,1,1,1,4,4.4,3.1291,1.0,9.923918181818184,22,2,2,0,14,3,1605,test
1606,472,74,4,62,15,7,3,6,13,10.879279279279281,10.864195022040775,3.5,10.436206306306307,61,6,21,11,52,22,1606,train
1607,439,82,1,54,10,4,4,3,14,7.90569105691057,8.344100000000001,2.6666666666666665,9.12839105691057,57,6,15,5,53,13,1607,train
1608,159,30,0,28,5,2,1,0,7,8.666666666666668,8.841846274778883,2.0,8.591166666666666,29,2,4,2,15,4,1608,train
1609,487,94,5,79,11,8,7,6,11,6.63010752688172,5.46131890053228,2.5,8.649923655913978,73,6,13,1,55,15,1609,test
1610,165,34,0,28,1,2,1,2,5,6.886274509803923,7.793537801064561,1.3333333333333333,6.520692156862745,27,3,4,2,15,3,1610,train
1611,276,52,0,46,10,5,2,4,10,7.5076923076923086,8.07648339933343,2.5,9.443415384615385,44,4,9,3,31,8,1611,train
1612,70,13,0,12,1,0,0,0,3,5.2,3.1291,3.0,5.495915384615385,13,1,3,0,7,1,1612,train
1613,279,53,0,38,7,3,1,0,10,5.042767295597485,6.42735559955562,1.5,9.139350314465409,38,6,9,2,29,8,1613,train
1614,144,29,0,27,5,3,1,1,5,6.625287356321839,7.793537801064561,1.0,7.927345977011494,27,3,3,2,18,3,1614,train
1615,172,29,0,28,8,1,1,0,5,6.625287356321839,8.841846274778883,2.3333333333333335,10.105277011494252,31,3,7,3,21,7,1615,train
1616,366,71,4,51,5,3,3,3,11,5.860093896713615,6.42735559955562,2.0,8.671320657276997,49,6,12,2,40,9,1616,train
1617,14,4,0,4,1,1,0,1,0,1.6,3.1291,0.0,7.7824,5,1,0,0,2,0,1617,train
1618,27,7,0,7,1,1,0,1,1,2.8000000000000003,3.1291,0.0,6.239414285714286,8,1,0,0,2,1,1618,train
1619,86,18,0,16,1,1,0,0,4,4.622222222222223,6.42735559955562,0.6666666666666666,8.320211111111112,17,3,2,1,9,5,1619,train
1620,92,19,0,17,1,1,0,2,2,5.905263157894737,7.168621630094336,1.0,9.925068421052632,18,2,2,1,11,3,1620,train
1621,265,48,0,34,4,1,1,2,4,5.7,7.168621630094336,1.8333333333333333,8.638716666666667,33,6,11,3,25,10,1621,test
1622,546,95,4,58,15,7,2,1,17,8.010526315789475,8.841846274778883,2.3,10.58991052631579,55,10,23,10,64,23,1622,train
1623,397,74,4,53,10,5,2,0,16,7.095495495495496,8.344100000000001,2.6666666666666665,8.729179279279279,52,6,15,5,45,12,1623,train
1624,266,53,1,41,4,2,2,4,9,7.8213836477987435,6.42735559955562,2.3333333333333335,8.981634591194968,41,3,6,1,27,7,1624,train
1625,543,103,3,71,18,6,3,8,15,8.031715210355989,7.168621630094336,3.3333333333333335,7.707287055016182,71,6,18,3,58,12,1625,train
1626,140,27,1,24,3,1,0,2,2,3.6,3.1291,1.6666666666666667,9.931048148148149,27,3,5,0,17,4,1626,train
1627,354,61,1,44,7,5,2,1,6,6.689617486338799,7.793537801064561,2.6666666666666665,10.35322568306011,43,6,15,4,39,12,1627,train
1628,88,18,0,17,2,2,1,1,3,5.822222222222223,7.168621630094336,1.5,7.591788888888889,18,2,2,1,9,2,1628,train
1629,523,94,1,62,5,4,7,5,14,5.238905775075988,7.447530270364452,1.3571428571428572,8.840911550151976,58,14,19,8,63,15,1629,train
1630,247,46,0,40,7,3,3,1,7,7.208695652173913,8.07648339933343,3.0,10.385595652173913,41,4,12,3,29,11,1630,test
1631,383,69,0,50,8,2,3,4,13,7.498550724637681,8.344100000000001,2.6666666666666665,9.470233333333335,50,6,15,5,41,14,1631,test
1632,257,48,4,42,5,2,5,2,6,8.9,9.725611199111238,2.0,9.035516666666666,43,3,6,4,29,10,1632,train
1633,449,80,4,59,11,4,5,4,13,8.559706959706961,9.236282656511921,2.5714285714285716,9.452519047619049,60,7,18,8,58,16,1633,test
1634,100,19,0,16,3,0,0,0,3,3.8000000000000003,3.1291,1.5,10.75612105263158,17,2,3,0,11,2,1634,train
1635,460,74,4,62,13,4,4,4,9,10.727027027027027,10.411451182825502,2.875,10.92340810810811,66,8,22,12,62,20,1635,train
1636,266,52,2,43,9,5,0,1,12,5.2,5.985473137389441,1.75,7.317838461538462,44,4,7,1,30,6,1636,train
1637,40,7,0,7,1,1,0,0,1,2.8000000000000003,3.1291,2.0,10.750842857142857,7,1,2,0,5,2,1637,train
1638,263,47,1,34,8,1,3,1,7,5.686524822695036,7.168621630094336,2.0,11.416097163120568,36,6,12,3,38,12,1638,train
1639,314,62,0,43,8,3,0,1,14,5.605161290322581,5.683917801722854,1.8,8.071701290322581,43,5,8,1,34,8,1639,train
1640,193,38,0,29,4,3,0,1,6,6.1192982456140355,6.42735559955562,1.6666666666666667,8.00450350877193,29,3,5,1,16,4,1640,train
1641,267,54,0,44,12,6,1,1,10,7.8213836477987435,6.42735559955562,2.0,7.789936477987422,45,3,6,1,28,4,1641,test
1642,421,81,0,62,8,3,8,3,13,6.519135802469136,8.07648339933343,1.625,8.037465432098767,58,8,13,6,42,12,1642,train
1643,769,142,0,73,15,7,3,2,27,6.806760563380282,6.742157984588678,2.6,9.23349605633803,69,10,22,4,81,18,1643,train
1644,265,52,0,41,5,3,1,3,7,4.92923076923077,5.683917801722854,1.4,7.1888784615384616,40,5,6,1,24,3,1644,train
1645,188,34,1,26,5,4,0,3,3,7.425882352941177,8.238735603445708,1.8,10.939956470588236,26,5,9,4,23,7,1645,test
1646,91,20,0,17,3,1,1,2,3,8.0,3.1291,0.0,8.576,18,1,0,0,9,0,1646,train
1647,70,14,0,13,2,1,0,0,1,2.8000000000000003,3.1291,0.5,11.8787,16,2,1,0,9,2,1647,train
1648,179,34,2,30,4,1,2,0,6,7.976470588235294,7.168621630094336,4.0,8.19499411764706,33,2,7,1,20,6,1648,test
1649,251,45,3,39,8,2,3,1,8,6.277777777777779,7.168621630094336,2.0,8.756055555555555,40,4,8,2,31,6,1649,train
1650,338,61,2,49,9,6,1,2,9,6.191475409836066,6.742157984588678,2.2,8.900964262295084,50,5,11,2,39,9,1650,train
1651,203,43,1,30,4,0,4,6,6,8.6,3.1291,1.0,7.640574418604651,32,2,2,0,18,2,1651,train
1652,198,39,0,33,9,2,0,1,8,7.251282051282051,7.793537801064561,2.3333333333333335,9.949505128205129,34,3,7,2,21,7,1652,train
1653,45,8,0,8,2,1,0,1,1,8.200000000000001,8.841846274778883,2.0,9.954550000000001,9,1,2,1,6,2,1653,test
1654,225,39,1,34,3,2,3,2,7,7.251282051282051,7.793537801064561,3.6666666666666665,9.949505128205129,35,3,11,2,24,10,1654,train
1655,312,57,4,41,6,2,1,1,10,7.308771929824562,8.344100000000001,2.0,9.648050877192983,42,6,12,5,33,12,1655,train
1656,357,61,4,46,10,2,3,1,10,8.001092896174864,8.841846274778883,2.3333333333333335,10.35322568306011,46,6,14,6,43,14,1656,train
1657,485,88,0,62,11,7,3,4,11,6.183838383838385,7.793537801064561,1.8888888888888888,8.786705050505052,60,9,17,6,45,15,1657,train
1658,288,53,0,38,9,5,1,2,9,5.79748427672956,7.168621630094336,1.5,9.437274842767295,35,6,9,3,29,9,1658,train
1659,464,77,3,56,17,5,1,1,11,8.757402597402598,8.841846274778883,4.4,9.526963376623376,57,5,21,5,55,14,1659,train
1660,319,61,0,50,8,2,4,2,10,6.1000000000000005,5.985473137389441,2.25,8.016834426229508,49,4,9,1,30,6,1660,train
1661,361,73,4,43,4,3,5,1,14,4.171428571428572,3.1291,1.0,8.047181800391389,41,7,7,0,36,6,1661,train
1662,181,38,0,30,8,4,1,2,6,4.852631578947369,7.168621630094336,1.0,8.678489473684209,31,4,3,2,24,6,1662,train
1663,485,97,3,61,14,7,1,4,18,6.779970544918999,7.447530270364452,2.0,7.41670088365243,59,7,14,4,44,8,1663,train
1664,251,49,0,36,7,3,3,4,8,7.349659863945579,6.42735559955562,2.0,8.635817006802721,36,3,6,1,24,5,1664,train
1665,305,58,0,44,5,3,5,3,7,11.600000000000001,7.168621630094336,5.5,8.069555172413793,46,2,10,1,24,6,1665,train
1666,270,48,0,38,7,4,3,2,8,8.9,8.841846274778883,3.6666666666666665,9.364474999999999,38,3,10,3,29,12,1666,test
1667,305,58,0,46,7,3,5,3,9,3.8666666666666667,3.1291,1.6666666666666667,8.199587356321839,47,6,9,0,36,6,1667,train
1668,207,41,1,34,3,2,3,1,8,5.466666666666667,3.1291,2.0,8.165586178861789,35,3,6,0,22,4,1668,train
1669,130,23,0,18,3,1,0,0,2,4.805797101449276,6.42735559955562,1.6666666666666667,11.56850579710145,19,3,5,1,14,6,1669,train
1670,141,26,1,25,5,3,1,1,5,6.738461538461539,7.168621630094336,3.0,8.532453846153846,26,2,6,1,15,5,1670,train
1671,424,79,0,54,13,7,2,3,10,7.79831223628692,8.841846274778883,2.6666666666666665,8.287035021097047,52,6,16,6,36,10,1671,train
1672,444,75,5,55,7,6,5,6,10,7.485714285714287,8.841846274778883,3.0,11.326061904761906,53,7,21,7,53,20,1672,test
1673,213,42,0,31,0,1,3,2,4,5.152380952380953,5.985473137389441,1.75,7.91682380952381,31,4,7,1,18,5,1673,train
1674,874,161,1,102,22,6,13,6,31,8.894685990338164,8.167268648758528,3.4444444444444446,8.250621187025533,100,9,31,7,76,25,1674,train
1675,201,34,1,27,5,0,0,0,4,3.8964705882352946,6.742157984588678,1.6,10.475544705882353,29,5,8,2,26,7,1675,test
1676,349,62,1,49,8,6,2,4,10,7.540645161290323,8.841846274778883,2.8,8.835733548387097,54,5,14,5,39,13,1676,train
1677,266,51,0,36,7,4,2,3,6,4.08,6.742157984588678,1.2,7.857714117647059,36,5,6,2,23,5,1677,train
1678,373,69,0,47,9,4,2,3,10,6.2616977225672885,7.447530270364452,1.5714285714285714,8.702225879917183,46,7,11,4,31,9,1678,train
1679,469,89,0,62,18,8,8,3,11,7.146629213483147,8.07648339933343,2.0,9.51077191011236,60,8,16,6,50,19,1679,train
1680,519,104,1,68,12,9,4,5,16,8.704615384615385,5.683917801722854,2.6,8.463853076923076,67,5,13,1,51,14,1680,train
1681,349,71,1,49,8,5,1,4,8,4.057142857142857,3.1291,1.0,8.587473038229376,46,7,7,0,35,10,1681,train
1682,306,58,1,43,6,4,5,5,4,8.088275862068967,8.841846274778883,2.0,8.839963448275862,43,5,10,5,35,9,1682,train
1683,234,38,1,30,8,4,1,2,4,5.145263157894737,6.742157984588678,2.4,10.66188105263158,33,5,12,2,28,9,1683,train
1684,333,59,4,49,8,6,6,2,7,8.088275862068967,9.3871,3.0,7.750997931034483,49,5,15,6,38,9,1684,train
1685,458,84,5,59,14,6,3,4,11,5.628571428571429,7.6454224807358475,2.25,8.668728571428572,55,8,18,5,51,12,1685,train
1686,337,61,1,44,4,2,0,3,11,8.158688524590165,8.841846274778883,2.4,9.936374098360655,45,5,12,5,36,12,1686,train
1687,177,34,0,29,2,2,0,3,7,6.249411764705883,7.554174236665414,1.2,9.546721176470589,29,5,6,3,22,6,1687,train
1688,577,107,3,83,15,7,9,1,17,6.845327102803738,8.07648339933343,1.75,8.43186261682243,81,8,14,6,67,14,1688,train
1689,416,77,1,47,10,7,3,4,9,6.477922077922078,7.957251820313856,2.2857142857142856,9.308723376623377,47,7,16,5,42,11,1689,train
1690,143,27,2,25,4,1,2,0,6,8.362962962962964,8.841846274778883,3.5,10.739062962962963,25,2,7,2,20,8,1690,train
1691,527,103,3,67,9,5,2,3,20,6.315048543689321,7.168621630094336,2.0,9.027430097087379,67,8,16,4,59,15,1691,train
1692,162,33,1,28,4,1,1,3,8,5.612121212121213,6.42735559955562,1.6666666666666667,8.966948484848485,29,3,5,1,17,5,1692,train
1693,343,66,2,49,10,6,3,3,7,5.006060606060607,5.46131890053228,1.6666666666666667,8.009978787878788,47,6,10,1,35,8,1693,train
1694,409,76,3,55,9,5,8,2,10,5.483040935672515,6.937597516519254,1.4444444444444444,9.249423391812865,54,9,13,4,53,12,1694,train
1695,611,108,2,74,12,6,8,5,16,8.133333333333335,9.444778638647367,2.6666666666666665,8.471607407407408,74,9,24,11,65,18,1695,train
1696,1260,231,20,143,38,19,11,13,22,4.71948051948052,5.852544927426893,1.5454545454545454,8.190243722943723,127,22,33,5,190,28,1696,train
1697,421,75,1,54,9,2,1,3,16,5.883333333333333,7.168621630094336,2.625,9.7859,56,8,21,4,48,15,1697,test
1698,365,66,4,46,10,7,2,3,11,6.824242424242425,7.793537801064561,2.0,9.445433333333334,45,6,12,4,43,13,1698,train
1699,162,30,1,29,3,1,2,3,5,12.0,3.1291,6.0,9.8615,31,1,6,0,17,3,1699,test
1700,792,147,6,86,18,8,3,5,27,5.8836211407639984,7.010146845296333,2.1538461538461537,8.816205075876503,82,13,28,6,88,24,1700,train
1701,46,10,0,10,2,2,0,0,1,4.0,3.1291,0.0,8.8695,10,1,0,0,6,0,1701,train
1702,233,44,1,34,3,2,3,2,5,6.775757575757575,6.42735559955562,2.6666666666666665,8.670330303030303,34,3,8,1,28,4,1702,train
1703,77,16,0,16,3,1,0,2,1,6.4,3.1291,1.0,5.416975,17,1,1,0,4,1,1703,train
1704,118,21,0,20,5,0,1,1,5,10.304761904761905,8.841846274778883,4.0,7.685719047619047,20,1,4,1,9,4,1704,train
1705,85,16,0,16,4,1,0,1,3,3.2,3.1291,1.5,7.9808,18,2,3,0,8,3,1705,test
1706,228,44,1,38,6,2,3,2,9,4.4,3.1291,2.5,9.20619090909091,40,4,10,0,24,7,1706,train
1707,333,66,0,46,4,2,0,2,7,7.8121212121212125,7.168621630094336,2.5,8.282778787878788,43,4,10,2,28,10,1707,train
1708,20,5,0,5,0,0,0,0,1,2.0,3.1291,0.0,7.0425,5,1,0,0,1,1,1708,train
1709,365,75,0,40,7,0,1,0,15,6.0,3.1291,0.8,7.959566666666667,40,5,4,0,34,4,1709,test
1710,108,25,0,20,3,0,0,2,4,5.0,7.168621630094336,0.5,5.5197,21,2,1,1,8,0,1710,train
1711,307,57,1,41,8,4,3,3,14,8.50701754385965,8.841846274778883,3.0,8.775580701754386,41,4,12,4,28,11,1711,train
1712,241,53,0,38,4,1,9,2,4,10.600000000000001,3.1291,0.5,7.632220754716981,39,2,1,0,17,2,1712,train
1713,158,27,0,23,5,1,0,1,6,4.181481481481482,5.985473137389441,1.5,12.158707407407407,25,4,6,1,20,5,1713,train
1714,387,77,2,58,9,6,4,6,13,9.25844155844156,9.516144504307135,3.0,8.897663636363635,59,4,11,5,37,9,1714,train
1715,425,81,3,52,11,6,3,2,15,8.455308641975309,8.238735603445708,2.2,7.948908888888889,51,5,11,4,36,11,1715,train
1716,373,70,1,51,6,5,5,1,13,7.0,3.1291,3.25,7.888071428571428,52,4,12,0,33,7,1716,test
1717,210,41,1,35,8,4,3,1,3,12.102439024390245,11.20814326018867,3.5,9.274763414634148,36,2,6,3,18,7,1717,train
1718,290,55,0,42,3,3,3,0,8,3.87012987012987,5.288315135182226,1.4285714285714286,8.332577922077922,38,7,9,1,29,8,1718,train
1719,461,83,4,59,7,4,4,5,9,8.085783132530121,7.554174236665414,3.4,8.8354021686747,59,5,16,3,48,12,1719,train
1720,455,88,3,59,14,7,5,3,13,8.403636363636364,7.554174236665414,2.4,7.559800909090908,56,5,12,3,40,12,1720,train
1721,414,73,0,48,8,6,4,2,14,5.4362252663622534,6.937597516519254,1.4444444444444444,7.9322357686453575,47,9,13,4,46,8,1721,train
1722,97,18,0,16,3,0,0,1,1,5.822222222222223,7.168621630094336,2.0,8.469011111111111,16,2,4,1,8,4,1722,test
1723,225,43,1,36,8,2,3,2,6,6.663565891472868,6.42735559955562,2.3333333333333335,9.488363565891472,38,3,6,1,23,6,1723,test
1724,249,44,0,37,9,7,1,3,4,7.16093023255814,8.841846274778883,2.4,10.305618139534884,37,5,12,5,29,12,1724,test
1725,815,143,3,87,23,10,10,7,23,5.812762237762238,7.6454224807358475,1.875,9.932037762237762,90,16,30,10,99,28,1725,train
1726,90,18,0,17,2,2,0,0,2,9.15294117647059,8.841846274778883,3.0,9.123817647058823,17,1,3,1,8,3,1726,train
1727,350,66,0,47,7,4,4,4,9,5.612121212121213,6.42735559955562,1.6666666666666667,9.20619090909091,47,6,10,2,35,11,1727,train
1728,351,68,0,47,8,3,3,0,13,5.06218487394958,6.18269132825596,1.2857142857142858,7.83362268907563,45,7,9,2,36,6,1728,train
1729,291,53,1,39,10,5,0,3,6,6.552201257861636,7.793537801064561,2.0,10.628972955974843,41,6,12,4,34,13,1729,train
1730,454,82,0,65,12,3,3,4,11,6.442276422764228,6.42735559955562,2.1666666666666665,8.743269105691056,65,6,12,2,50,13,1730,train
1731,305,54,2,44,9,4,5,4,10,6.140740740740741,7.168621630094336,2.25,8.399803703703704,46,4,9,2,37,8,1731,train
1732,97,20,0,18,1,0,1,0,3,10.0,8.841846274778883,1.0,6.2075,18,1,1,1,7,2,1732,train
1733,432,76,1,55,12,4,4,3,10,6.6456140350877195,7.168621630094336,2.5,8.00450350877193,53,6,15,3,44,9,1733,train
1734,110,20,0,19,2,0,2,1,4,2.666666666666667,6.42735559955562,1.0,7.125166666666667,22,3,3,1,14,2,1734,train
1735,205,34,2,32,4,2,1,1,6,10.329411764705883,11.20814326018867,5.0,10.052641176470589,34,2,10,4,22,7,1735,train
1736,136,24,0,23,3,1,1,3,3,6.466666666666668,7.168621630094336,2.5,8.1792,25,2,5,1,16,4,1736,train
1737,154,26,0,22,4,2,3,4,3,18.092307692307692,15.903189008614273,6.0,8.569946153846153,22,1,6,5,14,5,1737,train
1738,155,29,0,28,4,4,1,3,2,12.979310344827589,8.841846274778883,4.0,8.341796551724137,28,1,4,1,14,3,1738,train
1739,183,31,1,30,6,0,2,3,5,7.490322580645162,7.168621630094336,4.0,10.00820322580645,31,2,8,1,20,7,1739,train
1740,292,52,0,48,14,4,2,3,10,6.738461538461539,8.07648339933343,2.75,9.139761538461538,47,4,11,3,32,7,1740,train
1741,219,41,1,36,4,3,4,2,5,5.0756097560975615,7.168621630094336,1.5,8.766363414634146,39,4,6,2,26,7,1741,train
1742,132,26,0,21,3,1,0,0,5,5.2,3.1291,1.5,7.317838461538462,23,2,3,0,13,1,1742,test
1743,423,77,2,56,10,5,2,1,11,6.477922077922078,7.447530270364452,2.2857142857142856,10.334048051948052,56,7,16,4,52,18,1743,train
1744,225,43,2,37,4,2,0,2,7,5.2302325581395355,5.985473137389441,1.5,7.841793023255814,36,4,6,1,20,6,1744,test
1745,444,76,4,53,7,4,0,4,10,5.395488721804512,7.447530270364452,2.857142857142857,9.992382706766918,53,7,19,4,53,15,1745,train
1746,769,136,4,90,15,6,7,4,20,7.156078431372549,8.238735603445708,2.2666666666666666,10.123559607843138,87,15,34,12,86,32,1746,train
1747,219,46,1,36,7,2,2,3,7,10.069565217391306,8.841846274778883,1.0,8.209908695652175,38,2,2,2,19,1,1747,test
1748,83,17,0,16,4,4,0,1,3,2.266666666666667,3.1291,1.0,7.632860784313726,19,3,0,0,8,0,1748,train
1749,224,48,1,24,4,0,1,5,5,6.466666666666668,7.168621630094336,1.0,7.192325,26,4,4,2,21,4,1749,test
1750,306,56,0,39,4,1,5,3,9,3.5142857142857147,5.148860815047168,0.875,9.059057142857142,40,8,7,1,38,7,1750,train
1751,273,50,2,40,7,3,3,1,9,7.4,8.841846274778883,2.0,8.3619,40,4,8,4,31,6,1751,train
1752,457,86,0,58,7,3,6,5,18,5.695348837209302,6.6274283507984215,1.875,8.576211627906977,57,8,15,3,47,12,1752,train
1753,197,38,1,31,4,4,1,0,7,7.171929824561403,7.793537801064561,2.3333333333333335,8.00450350877193,34,3,7,2,20,5,1753,train
1754,134,25,0,23,2,1,2,1,4,5.7,7.168621630094336,1.25,9.6309,25,4,5,2,16,5,1754,train
1755,589,109,1,71,22,11,2,7,14,5.431526271893245,6.980632752743321,1.6363636363636365,8.90844962468724,70,11,18,5,78,14,1755,test
1756,224,40,3,37,6,4,0,1,7,6.333333333333334,8.841846274778883,3.6666666666666665,10.219083333333334,37,3,11,3,24,9,1756,test
1757,216,42,0,37,2,2,2,0,6,8.4,3.1291,2.0,8.81357619047619,39,2,4,0,23,4,1757,train
1758,401,74,2,54,10,6,2,3,8,5.30965250965251,6.868970318607317,2.0,8.428410424710425,55,7,14,3,43,10,1758,train
1759,58,12,1,11,0,0,0,0,2,4.800000000000001,3.1291,1.0,8.1792,12,1,1,0,6,1,1759,train
1760,404,78,2,52,6,4,1,3,12,6.738461538461539,7.168621630094336,2.0,8.330017948717948,52,6,12,3,38,9,1760,test
1761,168,30,3,26,5,0,1,1,2,4.333333333333334,5.985473137389441,1.5,9.798166666666667,30,4,6,1,22,6,1761,train
1762,94,17,0,17,2,3,0,1,3,9.15294117647059,8.841846274778883,1.0,7.266170588235294,17,1,1,1,7,1,1762,train
1763,143,27,0,23,3,1,1,1,3,3.6,3.1291,1.3333333333333333,10.515862962962963,25,3,3,0,16,3,1763,train
1764,317,63,0,44,7,6,2,6,7,7.56984126984127,7.168621630094336,1.75,5.420239682539682,40,4,5,2,28,4,1764,train
1765,189,35,0,32,7,2,2,1,8,5.80952380952381,6.42735559955562,2.3333333333333335,9.628880952380953,33,3,7,1,22,6,1765,train
1766,291,53,1,43,7,1,4,0,6,5.042767295597485,6.42735559955562,1.8333333333333333,8.841425786163523,46,6,11,2,34,11,1766,train
1767,127,24,1,20,5,1,1,0,3,4.800000000000001,7.168621630094336,3.0,7.521283333333333,21,2,6,1,12,3,1767,train
1768,196,36,1,30,10,5,2,2,5,18.844444444444445,14.554592549557764,8.0,9.3696,32,1,8,4,20,7,1768,train
1769,132,27,0,24,1,0,0,1,3,5.4,3.1291,1.0,6.645359259259259,25,2,2,0,12,1,1769,train
1770,415,77,3,55,7,4,2,5,12,11.336363636363638,10.686352973137792,3.5,9.512858441558441,55,4,14,7,41,15,1770,train
1771,229,47,1,39,2,1,5,1,7,10.251063829787235,8.841846274778883,2.5,7.825717021276596,41,2,5,2,21,5,1771,train
1772,289,53,0,41,6,2,5,1,6,7.564150943396226,8.841846274778883,2.5,8.464643396226416,41,4,10,4,30,8,1772,train
1773,64,14,0,13,0,0,1,1,2,5.6000000000000005,3.1291,0.0,6.586614285714286,14,1,0,0,4,0,1773,train
1774,76,14,0,14,1,1,0,1,0,2.8000000000000003,7.168621630094336,2.0,9.622985714285715,15,2,4,1,9,3,1774,test
1775,467,88,0,63,4,3,7,5,15,5.206060606060607,6.816661863887846,1.25,9.20375606060606,61,12,15,5,56,10,1775,train
1776,166,35,0,28,7,3,0,1,6,4.666666666666667,3.1291,1.0,8.27545238095238,29,3,3,0,19,4,1776,train
1777,320,61,2,43,5,1,4,3,7,5.4529274004683845,6.868970318607317,1.4285714285714286,8.986925292740047,44,7,10,3,33,9,1777,train
1778,380,75,0,51,12,6,4,6,12,7.6000000000000005,7.554174236665414,2.4,9.4333,52,5,12,3,38,11,1778,test
1779,240,46,0,39,4,2,3,4,7,8.742028985507247,8.841846274778883,2.3333333333333335,7.829642028985507,38,3,7,3,21,5,1779,train
1780,195,42,0,35,4,2,1,5,9,5.6000000000000005,3.1291,1.0,6.9625666666666675,36,3,3,0,19,2,1780,test
1781,338,68,0,54,11,3,3,3,15,5.121568627450981,5.46131890053228,0.8333333333333334,7.217309803921569,54,6,5,1,30,4,1781,train
1782,112,22,0,20,2,1,1,2,4,4.4,3.1291,2.0,7.770736363636364,21,2,4,0,12,4,1782,train
1783,80,16,0,14,3,2,1,2,3,6.4,8.841846274778883,2.0,5.416975,15,1,2,1,8,1,1783,train
1784,346,62,1,46,5,2,4,3,10,6.068817204301076,7.793537801064561,2.0,9.497259139784946,47,6,12,4,37,9,1784,train
1785,25,6,0,6,1,0,1,0,0,2.0,3.1291,0.0,7.0425,6,1,0,0,4,0,1785,test
1786,54,11,0,10,0,0,1,1,3,4.4,3.1291,1.0,8.488463636363637,11,1,1,0,5,1,1786,train
1787,62,11,0,11,0,0,2,1,0,4.4,3.1291,2.0,11.359372727272728,13,1,2,0,8,2,1787,train
1788,194,38,0,26,6,1,3,0,6,4.852631578947369,5.985473137389441,2.0,10.75612105263158,28,4,8,1,22,9,1788,train
1789,328,56,1,40,17,5,1,1,8,5.876190476190477,7.168621630094336,2.1666666666666665,10.302647619047619,41,6,13,3,42,8,1789,train
1790,239,47,0,36,6,2,1,2,8,11.10212765957447,10.125756701596842,2.5,7.489759574468085,37,2,5,3,15,7,1790,test
1791,158,32,0,28,4,1,1,1,5,4.266666666666667,6.42735559955562,1.3333333333333333,8.113066666666667,30,3,4,1,16,3,1791,train
1792,172,33,0,25,3,1,0,3,4,4.512121212121213,5.985473137389441,1.0,9.309033333333335,26,4,4,1,18,5,1792,test
1793,360,69,1,48,12,8,1,3,8,9.218840579710145,8.841846274778883,2.5,8.611230434782609,48,4,10,4,39,10,1793,train
1794,395,71,0,53,3,3,6,3,8,9.623661971830986,10.355215969177355,3.6,7.89912985915493,52,5,17,8,35,11,1794,train
1795,287,50,1,35,4,5,1,5,5,5.733333333333334,7.168621630094336,1.8333333333333333,10.365833333333335,36,6,10,3,36,9,1795,train
1796,704,132,7,100,26,7,6,7,14,5.374323386537127,6.112484441749459,1.8181818181818181,8.686961901457321,96,11,19,3,85,21,1796,train
1797,192,34,0,31,6,2,1,0,3,7.976470588235294,7.168621630094336,4.0,7.730582352941177,32,2,7,1,18,3,1797,test
1798,142,33,1,26,2,1,3,0,3,7.8121212121212125,8.841846274778883,1.0,5.890354545454546,26,2,1,1,13,0,1798,train
