,CH,W,CO,UW,NN,DT,RB,JJ,IN,GF,SMOG,RIX,DC,WT,S,LW,CW,NBW,DW,index,split
0,386,66,1,52,17,7,2,7,6,9.248484848484848,10.125756701596842,2.8333333333333335,8.249221212121213,54,6,17,9,38,14,0,train
1,435,85,3,71,25,11,3,4,11,7.741176470588235,6.742157984588678,1.4,8.566523529411764,70,5,8,2,48,15,1,train
2,240,46,0,35,9,8,0,3,7,7.0028985507246375,6.42735559955562,2.3333333333333335,8.859424637681158,35,3,7,1,25,10,2,train
3,347,67,2,52,13,8,3,3,10,9.530348258706468,6.42735559955562,3.0,6.865278109452737,52,3,9,1,28,4,3,test
4,375,74,2,56,13,6,5,5,8,9.562162162162162,8.841846274778883,1.75,6.687883783783784,55,4,7,4,33,6,4,train
5,624,113,4,78,27,19,4,5,17,14.703716814159293,13.348371206891418,4.6,9.508433451327434,80,5,23,16,62,27,5,train
6,463,89,0,65,20,10,4,5,13,11.147191011235956,9.516144504307135,3.0,8.110998876404494,64,4,14,5,39,15,6,train
7,437,84,2,70,16,6,6,4,9,8.14857142857143,7.554174236665414,2.2,7.665375238095238,66,5,10,3,48,15,7,train
8,396,75,4,58,14,9,5,3,10,13.200000000000001,11.20814326018867,3.6666666666666665,8.455566666666666,57,3,12,6,37,12,8,train
9,684,139,2,87,15,9,8,4,18,15.338848920863311,11.698219412168324,5.25,8.086430935251798,85,4,21,9,59,15,9,train
10,426,83,2,58,11,7,11,4,9,5.113855421686747,5.985473137389441,1.0,7.765678313253012,57,8,9,2,39,7,10,test
11,1129,204,8,126,50,25,13,15,26,9.946218487394958,10.125756701596842,3.0714285714285716,8.77115462184874,118,14,42,21,115,42,11,test
12,646,117,4,75,25,19,11,6,16,9.610683760683763,9.827888789773866,2.625,8.950447008547009,73,8,22,11,69,26,12,train
13,485,95,2,66,19,14,3,4,8,9.218045112781954,9.957137785484202,2.142857142857143,6.63659022556391,66,7,16,10,48,9,13,train
14,765,139,4,104,32,12,9,9,20,8.418550724637681,9.3871,2.5,8.440110434782609,103,10,26,12,81,28,14,train
15,205,36,0,34,9,2,3,1,5,5.911111111111111,6.42735559955562,1.3333333333333333,7.7405888888888885,34,3,5,1,24,4,15,train
16,771,132,14,99,30,15,9,7,15,12.391341991341992,11.765960540728905,4.857142857142857,8.878177922077922,92,7,35,16,84,29,16,train
17,383,70,3,52,22,12,1,7,8,9.028571428571428,9.3871,3.0,8.391185714285715,49,5,16,6,41,15,17,test
18,315,59,2,40,18,14,1,4,9,9.967796610169493,10.125756701596842,2.5,7.579625423728814,38,4,11,6,31,8,18,train
19,676,128,8,87,26,18,9,7,13,9.126388888888888,9.444778638647367,1.5555555555555556,7.795984722222222,83,9,14,11,81,20,19,test
20,738,128,9,87,31,24,2,9,16,17.8,14.554592549557764,8.25,10.158075,87,4,32,16,72,30,20,train
21,1089,179,7,116,36,24,15,10,19,12.894040968342646,13.023866798666859,4.416666666666667,9.139830353817505,111,12,52,36,118,48,21,train
22,272,53,3,43,11,8,3,4,6,8.576100628930819,7.793537801064561,2.0,7.789936477987422,42,3,6,2,25,7,22,train
23,67,12,0,10,4,3,3,1,1,5.733333333333334,7.168621630094336,2.0,7.8816,10,2,4,1,7,3,23,train
24,685,133,0,77,17,11,12,16,13,7.853007518796993,7.6454224807358475,2.375,8.141475939849624,69,8,19,5,59,17,24,train
25,977,175,13,121,36,21,11,5,28,8.119047619047619,9.516144504307135,2.75,7.788519047619048,115,12,33,15,108,28,25,train
26,210,41,0,32,10,4,0,3,8,21.278048780487808,15.903189008614273,7.0,9.13619756097561,32,1,7,5,17,6,26,train
27,845,164,3,117,33,18,15,13,21,8.48319018404908,9.642632912329528,2.6,7.254243803680981,111,10,26,13,75,21,27,train
28,687,132,4,90,18,11,5,7,19,11.481424936386768,10.504223727775692,3.6666666666666665,7.491723409669211,88,6,22,10,63,18,28,train
29,640,129,6,80,25,15,6,5,20,7.251388888888889,7.793537801064561,1.7777777777777777,6.685750347222222,72,9,16,6,63,14,29,train
30,319,60,0,46,11,9,1,5,7,6.666666666666668,7.793537801064561,1.5,8.343166666666667,46,6,9,4,28,11,30,train
31,1191,218,18,151,54,33,8,11,30,9.64347212420607,9.661875296680812,2.923076923076923,8.23467586450247,143,13,40,17,123,39,31,train
32,768,142,4,113,32,11,15,9,19,8.252482269503545,8.841846274778883,2.5555555555555554,8.445056028368795,109,9,23,9,85,26,32,train
33,203,37,0,23,12,10,0,2,8,8.176576576576577,8.841846274778883,3.3333333333333335,8.089044144144143,23,3,10,3,21,8,33,test
34,910,162,4,99,36,12,7,9,29,10.169800569800572,10.560738912317856,2.6923076923076925,8.835641690408357,91,13,35,23,86,34,34,test
35,1023,183,5,123,42,30,5,16,24,11.463288623944363,11.567385478589937,3.090909090909091,8.17188221559861,121,11,36,24,100,30,35,train
36,361,74,0,53,12,8,5,4,11,8.481081081081081,7.168621630094336,2.5,7.328018918918919,52,4,10,2,36,7,36,test
37,275,52,2,42,16,7,3,2,10,14.246153846153845,12.161744961471694,4.0,8.569946153846153,41,2,8,5,26,8,37,test
38,481,87,3,69,19,11,5,7,12,9.61954022988506,8.841846274778883,4.75,8.889667816091954,66,4,20,4,53,17,38,train
39,325,64,0,48,11,8,1,7,6,7.620000000000001,8.841846274778883,1.6,6.98528625,48,5,8,5,23,7,39,test
40,1081,208,6,137,39,22,11,9,34,12.4756038647343,9.827888789773866,4.0,8.505069082125605,129,8,32,11,111,31,40,train
41,459,85,1,59,15,10,5,3,13,11.505882352941178,11.20814326018867,3.2,7.637700000000001,58,5,17,10,45,11,41,test
42,1192,207,6,142,49,25,10,14,28,11.13167701863354,11.629938488055164,3.5,9.404364182194618,138,14,53,31,127,56,42,train
43,683,130,4,85,27,15,9,11,18,9.162393162393164,9.725611199111238,2.3333333333333335,7.753867521367521,77,9,21,12,61,20,43,train
44,985,186,7,123,42,22,10,9,26,15.195698924731184,12.161744961471694,4.166666666666667,9.24893870967742,121,6,25,15,102,34,44,train
45,316,58,0,47,12,9,3,4,14,9.11264367816092,7.793537801064561,4.333333333333333,7.862329885057472,46,3,13,2,30,9,45,test
46,754,145,7,96,33,21,8,9,20,14.082758620689654,11.602472056035307,4.0,8.450693103448277,94,5,20,11,78,23,46,train
47,189,34,0,30,8,5,2,2,6,10.236363636363638,10.125756701596842,4.5,8.761263636363637,30,2,9,3,20,7,47,train
48,980,172,5,104,41,28,4,15,21,9.970025839793282,9.444778638647367,4.0,8.623713436692507,100,9,36,11,99,31,48,test
49,617,115,4,85,21,13,3,16,15,7.198067632850243,7.793537801064561,2.3333333333333335,7.565582125603865,83,9,21,6,65,18,49,test
50,442,87,5,61,18,9,3,8,9,9.61954022988506,8.07648339933343,2.75,7.800702298850575,61,4,11,3,39,11,50,train
51,678,135,2,86,20,16,11,9,15,7.481481481481481,7.3871296695380915,1.5555555555555556,6.485833333333334,82,9,14,5,64,14,51,train
52,818,136,7,95,34,18,7,7,16,11.926797385620915,12.060818386365153,3.6666666666666665,9.610643464052288,90,9,33,22,91,36,52,train
53,229,49,1,36,11,7,0,4,7,10.616326530612247,7.168621630094336,2.0,8.39639387755102,37,2,4,1,16,9,53,test
54,332,60,2,51,13,8,4,7,5,8.0,8.07648339933343,2.25,7.275333333333333,49,4,9,3,31,8,54,train
55,395,75,0,51,16,12,3,10,10,10.700000000000001,10.125756701596842,4.0,7.7245,50,4,16,6,31,13,55,test
56,429,78,0,59,19,11,2,3,12,7.764102564102564,8.344100000000001,2.5,8.330017948717948,58,6,15,5,41,16,56,train
57,1315,248,12,146,50,33,14,23,34,16.91336405529954,12.031772070788634,6.285714285714286,8.322547465437788,142,7,44,17,135,39,57,train
58,431,84,3,66,14,11,8,5,14,8.14857142857143,8.238735603445708,2.2,6.725494285714286,67,5,11,4,43,10,58,train
59,858,158,2,107,30,24,16,8,23,10.356433121019109,10.355215969177355,3.4,8.538723184713376,102,10,33,16,83,32,59,train
60,528,99,3,68,19,11,6,6,15,10.640404040404041,10.864195022040775,2.6666666666666665,8.282778787878788,66,6,15,10,51,20,60,train
61,239,51,0,36,8,2,3,2,6,20.400000000000002,3.1291,3.0,8.642962745098039,36,1,4,0,14,3,61,train
62,561,108,6,73,18,12,12,7,11,9.504761904761905,9.957137785484202,1.8571428571428572,7.03342380952381,72,7,13,10,55,14,62,train
63,633,104,6,66,20,17,7,9,13,14.615022091310752,13.25671669890799,4.428571428571429,10.346803976435936,63,7,31,22,80,29,63,train
64,601,113,1,76,24,19,6,3,20,8.835840707964602,9.516144504307135,3.0,7.830462831858407,73,8,25,10,61,23,64,train
65,301,63,4,39,9,9,3,10,7,5.674920634920635,5.683917801722854,1.0,6.015904444444445,37,5,5,1,26,5,65,test
66,785,134,1,94,37,18,5,8,23,15.201990049751243,14.06817628641468,6.166666666666667,10.282516915422885,93,6,37,22,80,38,66,train
67,512,96,0,61,22,14,1,11,18,11.013333333333334,11.979248473330827,4.6,7.220486666666667,61,5,23,12,41,14,67,train
68,512,98,0,64,19,14,8,6,18,8.86530612244898,9.957137785484202,2.5714285714285716,7.553348979591837,61,7,18,10,45,14,68,train
69,517,92,3,62,20,14,4,3,12,10.88888888888889,10.864195022040775,3.5,9.468388888888889,62,6,21,11,58,21,69,test
70,680,117,3,79,30,19,1,10,17,12.586324786324788,12.161744961471694,4.0,8.922332478632478,82,6,24,15,63,27,70,train
71,800,147,10,100,35,23,5,11,22,10.342857142857142,10.25414643259724,2.5555555555555554,8.635817006802721,95,9,24,14,88,30,71,train
72,321,56,0,48,12,5,6,4,8,28.114285714285717,19.287186520377343,14.0,10.643564285714286,48,1,14,8,28,13,72,train
73,140,24,3,23,9,4,2,0,4,8.133333333333335,8.841846274778883,3.5,8.837116666666667,24,2,7,2,17,5,73,train
74,490,87,1,50,19,15,5,5,14,11.097931034482759,11.20814326018867,3.8,9.399884827586206,52,5,21,10,51,21,74,train
75,828,153,0,109,32,22,6,12,15,12.664425770308124,12.031772070788634,3.5714285714285716,8.848718860877685,104,7,26,17,81,31,75,train
76,437,79,2,60,18,9,2,4,12,5.772995780590717,6.42735559955562,3.1666666666666665,7.68741476793249,56,6,19,2,41,14,76,train
77,252,41,0,38,9,4,4,4,4,9.953658536585365,11.20814326018867,2.75,8.381241463414634,37,4,11,8,30,9,77,train
78,713,127,6,93,27,18,4,7,19,10.129527559055118,10.125756701596842,2.5,8.278151968503938,94,8,21,12,77,26,78,test
79,918,179,1,121,34,22,12,11,21,7.295401804899012,7.610546881738771,1.8461538461538463,7.671520885259992,116,13,26,8,94,26,79,train
80,448,83,7,68,21,7,1,5,13,11.673493975903614,11.20814326018867,3.25,7.138832530120482,66,4,13,8,39,12,80,train
81,797,137,9,92,34,22,8,12,17,11.052392538523925,11.20814326018867,4.111111111111111,8.655974776966747,90,9,36,18,80,31,81,train
82,438,86,1,59,12,7,5,2,12,7.593798449612404,7.793537801064561,2.1666666666666665,6.734293798449612,53,6,13,4,44,11,82,test
83,843,154,8,104,28,23,5,8,20,11.855844155844157,11.20814326018867,4.0,8.3850012987013,100,8,33,16,83,29,83,train
84,392,85,1,54,18,11,2,1,12,34.94117647058824,11.20814326018867,4.0,10.267441176470589,55,1,5,2,23,6,84,train
85,797,149,1,104,36,18,4,7,25,12.617897091722595,10.864195022040775,3.3333333333333335,9.954944742729307,105,6,21,11,83,35,85,train
86,1255,229,11,144,53,24,13,7,36,9.847619047619048,10.125756701596842,3.2142857142857144,8.11475388471178,133,14,47,21,125,45,86,train
87,674,118,5,68,21,17,13,8,16,15.20271186440678,14.554592549557764,5.4,8.286212542372882,66,5,27,20,66,22,87,train
88,348,64,0,50,11,8,9,6,6,8.275,8.841846274778883,3.25,8.8710375,47,4,13,4,36,12,88,train
89,808,154,13,99,33,21,8,10,25,11.825108225108226,10.864195022040775,3.6666666666666665,7.370345887445888,91,6,25,11,85,13,89,train
90,814,133,6,92,35,23,3,7,18,13.915789473684212,13.25671669890799,5.142857142857143,9.090328571428572,90,7,37,22,89,35,90,test
91,163,34,0,27,9,6,1,1,2,14.776470588235293,8.841846274778883,4.0,9.038194117647059,28,1,4,1,15,6,91,test
92,953,182,0,101,30,16,10,11,25,12.817582417582418,12.28987398476788,5.0,7.528847252747252,98,7,36,18,78,22,92,train
93,821,158,3,96,33,24,6,14,16,8.572993630573249,9.3871,2.5,7.633563949044586,92,10,25,12,81,24,93,train
94,980,190,1,124,40,19,5,11,29,8.438596491228072,8.59863814320734,1.8333333333333333,8.078464912280701,122,12,20,11,101,25,94,test
95,400,81,0,58,17,12,2,1,17,9.442962962962964,9.3871,1.8,7.753970617283951,55,5,9,6,38,11,95,test
96,309,62,0,40,14,10,2,1,7,14.335483870967742,10.125756701596842,5.5,8.739583870967742,39,2,11,3,24,10,96,train
97,785,144,8,109,32,18,4,11,19,11.72018779342723,10.125756701596842,4.333333333333333,9.035859624413145,111,6,29,9,90,24,97,train
98,211,37,0,32,12,5,2,1,3,8.133333333333335,10.504223727775692,3.0,9.933644444444447,31,3,9,5,26,10,98,train
99,569,102,6,77,21,10,2,10,14,9.937254901960785,10.125756701596842,3.3333333333333335,8.04019019607843,75,6,21,9,58,17,99,test
100,1095,196,9,128,50,27,9,12,24,12.996825396825399,12.060818386365153,4.333333333333333,8.583616553287982,123,9,38,21,115,36,100,train
101,758,145,4,98,26,15,6,10,21,13.25287356321839,11.538034831475386,4.0,8.102063218390805,89,6,24,13,76,23,101,train
102,1351,251,11,150,56,33,14,13,33,17.370745589072282,12.540900571622839,7.0,9.692783210017074,141,7,50,19,128,50,102,train
103,441,76,3,62,14,8,5,7,10,9.764210526315791,9.888512548439397,3.4,8.753446315789475,63,5,17,7,48,14,103,train
104,499,103,1,62,21,15,12,4,10,13.018446601941747,11.20814326018867,4.25,7.673117475728155,60,4,17,8,46,14,104,train
105,1391,254,9,169,53,30,13,17,37,8.54456692913386,9.255337874911486,2.45,8.058506614173229,149,20,50,24,144,49,105,test
106,952,177,2,112,42,27,5,9,25,8.696250642013354,8.841846274778883,2.5454545454545454,7.913761633281973,109,11,28,11,89,28,106,train
107,696,121,5,92,19,10,8,4,19,14.638677685950412,13.023866798666859,6.4,9.143183636363636,91,5,32,15,62,30,107,test
108,512,99,0,75,23,14,7,8,9,9.132121212121213,7.554174236665414,2.0,7.489489090909091,74,5,10,3,52,13,108,train
109,289,60,1,42,12,9,3,0,8,7.333333333333333,7.168621630094336,1.5,7.275333333333333,38,4,6,2,23,6,109,test
110,625,108,4,70,27,16,5,4,18,9.875132275132277,10.608840637214634,4.285714285714286,9.226479365079367,69,7,31,12,69,25,110,train
111,1056,205,10,122,40,27,13,12,26,10.015009380863042,10.389873798559362,2.5384615384615383,7.345580675422139,114,13,35,21,101,34,111,train
112,993,183,5,132,36,14,4,12,27,11.849180327868853,11.20814326018867,3.3333333333333335,8.010115300546449,126,9,31,18,97,33,112,train
113,418,86,10,59,11,8,3,2,11,9.065116279069768,5.985473137389441,2.5,5.804527906976745,58,4,10,1,45,4,113,train
114,309,53,2,38,19,13,1,3,4,11.337735849056605,11.20814326018867,4.0,8.762567924528302,37,4,16,8,34,13,114,train
115,315,65,0,47,12,12,4,4,5,6.995000000000001,8.238735603445708,1.0,6.49184875,47,5,5,4,31,5,115,train
116,570,110,1,81,20,13,3,8,19,9.558441558441558,9.606745405546679,2.142857142857143,6.999746753246753,81,7,15,9,53,16,116,test
117,875,168,8,106,32,15,7,8,27,11.504761904761907,9.606745405546679,3.0,8.022495238095239,102,7,22,9,84,19,117,train
118,687,127,6,72,33,26,5,5,16,12.296512935883015,11.765960540728905,3.857142857142857,8.017645556805398,68,7,27,16,63,22,118,train
119,872,128,14,100,31,15,8,11,19,15.095833333333331,13.81666964889586,7.833333333333333,11.109320833333333,103,6,44,19,92,39,119,train
120,803,149,5,112,45,21,7,14,17,9.712720156555774,9.236282656511921,3.5714285714285716,8.564438943248533,112,7,25,8,94,26,120,test
121,229,45,1,35,11,7,2,4,8,8.666666666666668,8.841846274778883,2.6666666666666665,7.5385,35,3,8,3,22,6,121,train
122,361,72,6,55,10,8,4,3,13,8.866666666666667,8.841846274778883,2.5,6.50305,55,4,9,3,31,6,122,train
123,352,71,3,56,14,9,1,8,12,9.916901408450705,9.516144504307135,2.75,6.963238028169014,60,4,11,5,35,8,123,train
124,818,148,3,93,26,20,3,8,21,9.163243243243244,9.642632912329528,3.0,8.531458378378378,88,10,30,13,81,31,124,test
125,901,176,9,106,34,23,9,10,20,8.445454545454545,8.841846274778883,2.1818181818181817,7.031861363636364,100,11,26,11,93,22,125,train
126,805,165,3,107,31,15,4,9,24,10.14299363057325,10.411451182825502,2.125,7.3253777070063695,104,8,18,13,94,18,126,test
127,389,68,1,49,19,9,2,4,10,12.094117647058823,11.698219412168324,4.0,10.052641176470589,47,4,17,9,40,20,127,train
128,617,123,4,64,23,15,9,6,19,11.791219512195124,9.888512548439397,2.8,6.910643739837399,63,5,14,7,55,11,128,train
129,208,41,0,34,5,3,3,1,3,10.151219512195123,8.841846274778883,3.0,6.193787804878049,35,2,6,2,17,3,129,train
130,244,46,1,38,11,7,0,5,7,9.611594202898551,9.725611199111238,2.6666666666666665,8.516163768115941,38,3,8,4,24,8,130,train
131,811,160,10,107,35,20,4,10,23,6.583333333333335,7.492282038375204,1.5,6.765020833333333,106,12,19,7,86,17,131,train
132,353,67,1,54,12,8,4,5,11,10.879104477611941,11.20814326018867,3.0,7.295359701492537,53,4,12,8,27,10,132,train
133,258,52,1,41,14,9,0,2,6,5.752941176470589,7.793537801064561,1.1666666666666667,7.463786274509804,40,6,7,4,28,8,133,train
134,730,131,2,84,20,12,6,5,15,10.097031382527566,10.74609503303851,3.5555555555555554,7.853951738761663,80,9,33,16,74,22,134,train
135,571,113,1,78,21,9,12,6,19,8.581036662452592,8.841846274778883,2.0,7.092141466498104,74,7,14,7,58,13,135,train
136,540,95,3,69,24,8,1,5,18,15.192982456140351,11.20814326018867,5.666666666666667,10.193482456140352,69,3,19,6,52,27,136,train
137,265,49,0,37,13,10,2,3,7,9.79795918367347,10.686352973137792,2.5,7.78879387755102,37,4,10,7,27,10,137,test
138,467,80,0,65,19,10,4,4,15,12.456962025316457,12.161744961471694,4.75,9.812808860759493,71,4,20,10,60,23,138,train
139,830,154,3,91,40,26,4,9,28,13.383549783549785,11.20814326018867,4.333333333333333,9.420995238095239,87,6,26,12,79,31,139,train
140,347,64,2,48,14,11,3,4,9,7.620000000000001,8.238735603445708,2.6,8.712317500000001,47,5,13,4,35,12,140,train
141,374,69,1,44,13,11,4,10,6,10.957971014492754,10.686352973137792,3.5,8.840071014492754,43,4,14,7,36,17,141,train
142,749,130,6,92,30,15,6,3,23,7.931623931623932,8.515128840125781,3.3333333333333335,8.72555982905983,92,9,30,8,89,29,142,train
143,829,163,4,98,25,17,5,10,22,10.849386503067485,10.125756701596842,3.125,7.165750306748467,92,8,26,11,70,18,143,test
144,1374,239,14,167,43,26,24,19,31,12.572552301255229,12.516099999999998,5.2,9.248425355648536,161,10,52,26,149,44,144,train
145,527,93,1,71,23,14,5,5,17,13.170967741935485,11.698219412168324,6.0,9.713463440860217,71,4,24,9,46,26,145,test
146,611,115,2,73,24,16,3,4,23,9.57608695652174,9.827888789773866,2.625,7.644804347826087,70,8,20,11,58,20,146,train
147,360,61,4,48,15,10,2,8,7,8.158688524590165,8.841846274778883,3.4,9.159816721311476,48,5,17,5,43,14,147,train
148,343,65,2,54,16,13,3,5,8,8.346153846153845,8.841846274778883,2.0,7.6005,52,4,9,4,36,9,148,train
149,709,124,7,89,26,16,10,11,17,11.038709677419355,10.9516,3.25,8.734816129032257,91,8,27,15,75,26,149,train
150,671,127,5,81,27,14,6,3,16,10.406749156355456,10.290406445055957,3.0,7.893314848143982,75,7,21,11,61,21,150,train
151,307,59,0,39,10,6,2,1,6,10.578531073446328,9.725611199111238,3.6666666666666665,8.358746327683615,38,3,11,4,23,10,151,test
152,303,59,1,47,10,7,6,3,8,7.4318644067796615,8.238735603445708,1.2,7.165678305084746,46,5,6,4,27,7,152,train
153,1438,235,10,133,47,35,18,35,31,12.371158392434987,11.958738252310603,3.8333333333333335,9.995332151300236,124,18,70,44,168,82,153,train
154,259,48,0,37,10,4,4,0,7,7.233333333333333,6.42735559955562,2.0,7.390725,35,3,7,1,21,4,154,train
155,108,21,0,20,3,2,3,1,5,12.0,11.20814326018867,4.0,6.997,21,1,4,2,12,2,155,train
156,783,141,6,94,26,16,9,19,19,8.815215989684075,9.339509955726097,2.1818181818181817,8.079799548678272,87,11,24,13,87,27,156,train
157,1162,211,13,112,32,23,24,8,26,10.662923806051769,10.560738912317856,3.1538461538461537,8.407754684651842,100,13,42,22,119,44,157,train
158,594,105,7,69,28,15,3,7,14,12.333333333333336,12.745084868956482,3.6666666666666665,9.166309523809524,65,6,22,17,68,25,158,train
159,281,54,1,40,10,7,3,5,3,8.023703703703704,8.841846274778883,2.0,7.973476296296296,38,5,10,5,23,7,159,train
160,172,31,0,26,7,3,1,3,5,6.713978494623657,7.793537801064561,2.3333333333333335,8.73322688172043,26,3,7,2,17,8,160,test
161,483,96,2,56,22,16,0,6,12,8.93,8.238735603445708,3.2,7.220486666666667,56,5,17,4,39,13,161,train
162,326,63,7,45,12,8,0,9,10,14.504761904761905,11.20814326018867,6.5,7.203979365079365,42,2,13,4,28,8,162,train
163,318,62,2,44,15,10,2,2,12,9.378688524590164,9.516144504307135,2.5,8.275686885245902,43,4,11,5,29,13,163,test
164,404,85,1,51,18,11,1,4,15,12.745098039215685,9.725611199111238,2.3333333333333335,8.385598039215687,51,3,8,4,36,9,164,train
165,774,148,4,88,28,18,3,8,22,10.102702702702704,10.125756701596842,2.5,8.074843243243244,83,8,21,12,70,25,165,test
166,155,31,0,24,5,5,1,2,5,5.423655913978495,6.42735559955562,1.3333333333333333,5.677097849462365,22,3,4,1,7,3,166,train
167,636,111,7,80,22,15,11,6,14,9.97837837837838,10.25414643259724,3.0,9.653818918918919,78,9,27,14,69,30,167,train
168,60,10,0,9,3,3,0,0,1,12.0,11.20814326018867,4.0,8.8695,9,1,4,2,5,3,168,train
169,134,25,0,22,7,4,1,1,6,8.200000000000001,8.841846274778883,2.0,8.677700000000002,22,2,4,2,11,5,169,train
170,1130,209,13,133,41,21,14,11,30,10.853588516746413,10.63711953065702,3.3636363636363638,7.827560287081339,122,11,38,19,107,36,170,test
171,993,181,7,114,37,23,9,6,29,11.222702159718734,11.20814326018867,3.3636363636363638,8.029385786037167,108,11,39,22,88,36,171,train
172,308,59,1,48,13,7,2,6,5,8.544632768361582,8.841846274778883,1.6666666666666667,7.555864971751412,48,3,5,3,30,5,172,test
173,714,134,3,93,30,15,9,5,16,8.290909090909091,8.841846274778883,2.5555555555555554,7.8329818181818185,92,9,23,9,74,18,173,train
174,331,68,0,55,8,4,4,6,14,7.151044776119403,7.554174236665414,1.0,5.950841492537314,56,5,6,3,33,7,174,train
175,1271,221,13,150,48,28,17,22,28,10.831168831168831,11.35114627814755,3.2857142857142856,8.219883116883118,138,14,46,29,128,43,175,train
176,700,131,1,94,26,12,5,8,19,10.844492911668485,10.608840637214634,2.857142857142857,8.421827808069793,96,7,19,12,78,23,176,train
177,410,81,1,55,13,9,1,1,10,10.07530864197531,8.841846274778883,2.75,7.954850617283951,57,4,11,4,40,11,177,train
178,530,89,4,61,22,15,2,11,12,12.674906367041201,12.161744961471694,3.8333333333333335,8.985042322097378,62,6,23,15,54,22,178,train
179,704,128,1,87,29,22,7,8,15,12.283333333333333,11.538034831475386,3.6666666666666665,7.901977083333334,86,6,23,13,74,21,179,train
180,667,123,4,86,27,16,12,6,15,11.041873278236915,10.504223727775692,4.0,9.204122038567494,87,6,24,9,72,23,180,train
181,439,82,0,49,22,15,3,6,13,9.36910569105691,9.725611199111238,3.0,8.358147154471546,46,6,18,8,39,16,181,train
182,1046,190,2,122,43,21,8,9,36,12.632804232804233,11.645159339076184,4.666666666666667,8.938893650793652,122,9,42,20,106,37,182,train
183,938,158,7,105,48,22,4,11,23,15.864014466546113,14.554592549557764,5.571428571428571,10.452435262206148,102,7,40,28,94,44,183,train
184,841,161,8,109,34,18,5,9,20,8.43210702341137,9.265573868473778,1.7692307692307692,7.487236550406116,102,13,23,15,94,23,184,test
185,1134,207,12,104,43,30,14,12,21,13.82826086956522,12.602617957971052,4.625,7.818547342995169,99,8,37,22,101,32,185,train
186,352,66,0,50,13,8,5,7,7,7.704242424242423,8.238735603445708,1.8,7.64061393939394,48,5,9,4,29,9,186,train
187,960,168,5,101,38,21,9,7,22,7.406159110350727,8.841846274778883,3.357142857142857,8.388396663815227,96,14,46,14,93,34,187,train
188,561,113,0,70,22,16,5,4,18,16.48259587020649,10.504223727775692,5.333333333333333,7.600784365781711,68,3,18,5,50,10,188,train
189,567,110,2,75,21,12,6,6,15,7.07070707070707,8.167268648758528,1.8888888888888888,6.682994949494949,72,9,17,7,57,12,189,train
190,842,150,15,97,32,7,12,7,23,9.415384615384616,10.035473477838034,2.1538461538461537,7.787874358974359,87,13,27,19,89,30,190,train
191,396,76,0,51,16,11,4,4,7,8.711578947368421,8.841846274778883,2.4,7.922393684210526,52,5,12,5,37,14,191,test
192,409,75,3,55,16,7,1,2,11,10.166666666666668,9.516144504307135,4.25,7.935033333333333,54,4,18,5,35,12,192,train
193,653,119,0,71,33,24,5,5,14,9.311344537815126,9.827888789773866,3.125,7.956905042016807,66,8,25,11,56,23,193,train
194,240,45,0,36,9,6,2,3,8,5.377777777777778,6.742157984588678,1.8,6.539122222222222,35,5,9,2,27,7,194,test
195,679,120,9,88,29,13,4,3,16,8.986367880485528,9.725611199111238,2.0,8.53837264239029,81,9,19,12,76,23,195,train
196,966,174,4,113,43,27,8,11,21,9.54566353187043,9.80015041476705,3.090909090909091,8.141714002089865,113,11,36,15,96,28,196,train
197,426,76,4,57,21,8,4,5,14,11.284210526315789,10.686352973137792,4.25,10.396268421052632,56,4,17,7,45,21,197,train
198,963,164,9,120,38,24,8,14,25,16.2006968641115,14.756829357015494,6.428571428571429,10.190264459930315,116,7,45,29,99,49,198,test
199,970,184,6,114,39,19,14,9,21,8.285792349726776,8.841846274778883,2.4166666666666665,7.067708743169399,108,12,29,12,92,24,199,train
200,581,102,3,78,23,11,4,7,13,11.505882352941178,11.20814326018867,3.1666666666666665,8.969013725490196,77,6,20,12,63,21,200,train
201,661,122,5,78,28,18,5,8,16,11.412021857923499,10.864195022040775,4.0,8.657246448087431,73,6,26,11,63,25,201,train
202,735,133,8,91,30,12,9,9,19,8.617878028404345,9.444778638647367,2.7777777777777777,7.812410108604846,91,9,24,11,84,20,202,train
203,279,56,0,43,8,5,2,4,10,9.609523809523811,8.841846274778883,2.3333333333333335,7.663973809523809,43,3,7,3,24,7,203,test
204,348,61,3,47,10,7,3,2,11,29.645901639344267,20.267338824336647,15.0,10.027181967213115,50,1,15,9,29,11,204,train
205,1039,179,6,123,37,21,12,17,22,10.882867783985104,10.864195022040775,3.5833333333333335,8.963405772811917,121,12,42,22,113,41,205,train
206,1175,227,8,143,37,18,11,26,37,9.318181818181818,9.827888789773866,2.25,7.404727272727273,130,16,38,22,134,29,206,test
207,247,43,4,31,13,9,0,3,7,12.24496124031008,11.855464076750408,3.3333333333333335,10.222782170542636,32,3,10,7,29,9,207,train
208,906,159,1,110,40,21,12,9,15,8.517130801687765,9.3871,2.6666666666666665,8.45623181434599,111,15,41,18,95,39,208,train
209,536,97,3,69,22,16,6,7,13,10.596666666666668,10.355215969177355,4.2,8.700799166666666,71,5,20,8,50,21,209,test
210,346,66,1,43,23,13,1,3,7,5.064242424242424,7.908726449838941,1.1,8.030981212121212,45,10,13,7,43,11,210,train
211,918,168,3,111,43,20,6,14,34,13.409523809523812,12.031772070788634,4.0,9.056364285714286,108,7,28,17,96,35,211,train
212,948,168,3,113,36,19,13,11,19,12.933333333333335,11.765960540728905,5.0,9.15035238095238,108,7,35,16,93,35,212,train
213,654,120,3,88,24,10,4,8,20,16.333333333333336,14.554592549557764,6.5,8.808833333333332,87,4,26,16,65,20,213,train
214,471,92,0,56,21,16,0,3,16,11.200000000000001,10.793553405168563,3.2,8.03818888888889,57,5,16,9,47,15,214,test
215,270,45,2,36,14,9,0,1,8,10.763636363636364,10.686352973137792,4.0,9.923918181818184,35,4,16,7,31,13,215,test
216,160,30,0,25,6,4,2,5,4,5.333333333333334,8.841846274778883,2.3333333333333335,5.1851666666666665,24,3,7,3,14,2,216,train
217,934,157,10,107,41,25,7,11,21,14.06696997270246,13.25671669890799,6.0,9.978766060054596,111,7,43,21,105,40,217,train
218,208,38,0,33,6,3,0,1,2,7.171929824561403,7.793537801064561,2.3333333333333335,8.835556140350878,32,3,7,2,19,7,218,train
219,1537,275,15,135,61,40,15,20,37,9.816042780748663,10.056822442137396,3.1176470588235294,7.424598395721926,123,17,52,25,130,48,219,train
220,376,67,2,55,15,8,1,6,7,7.704242424242423,8.238735603445708,2.6,9.31531090909091,56,5,14,4,38,15,220,test
221,987,177,2,122,38,18,13,13,21,9.513950456323338,10.035473477838034,2.6153846153846154,8.683066014776184,120,13,35,19,104,32,221,train
222,306,57,2,42,19,11,3,2,5,12.466666666666669,11.855464076750408,4.0,9.355759523809525,42,3,13,7,32,13,222,train
223,333,60,1,48,12,5,2,5,8,7.466666666666668,8.841846274778883,2.4,7.126533333333334,50,5,11,5,28,8,223,train
224,168,29,0,22,9,6,0,2,6,11.317241379310346,11.20814326018867,2.5,9.800527586206897,21,2,5,4,16,10,224,train
225,793,160,8,99,25,16,10,12,15,12.416666666666668,10.504223727775692,3.1666666666666665,6.538166666666667,90,6,19,10,70,11,225,train
226,746,140,3,91,21,14,3,8,22,13.714285714285715,12.785403640627713,3.5714285714285716,8.688785714285714,86,7,25,20,67,29,226,train
227,967,173,6,115,32,22,7,5,18,11.77146614069691,11.645159339076184,4.0,9.332907363576595,116,9,38,19,104,38,227,train
228,129,26,0,20,6,6,1,1,5,8.276923076923078,8.841846274778883,2.0,6.103223076923077,21,2,4,2,11,3,228,train
229,530,88,4,63,20,12,5,3,11,8.85818181818182,8.841846274778883,5.2,9.174687272727272,59,5,27,5,55,19,229,train
230,260,51,1,45,11,4,1,4,9,6.6686274509803924,8.07648339933343,1.25,6.436154901960784,45,4,5,3,23,5,230,train
231,361,64,2,50,15,10,2,5,9,8.275,8.07648339933343,4.25,9.364474999999999,48,4,17,3,40,14,231,train
232,1133,192,8,119,44,25,11,13,22,12.17224880382775,12.079253325248377,4.090909090909091,9.313332535885168,109,11,45,27,109,49,232,train
233,850,164,3,110,39,23,8,9,19,10.200981595092026,10.577609850970193,2.5,8.029213128834357,108,10,25,17,97,26,233,test
234,379,71,3,54,11,7,2,4,9,9.353521126760564,8.841846274778883,2.5,7.40802676056338,56,4,10,4,39,11,234,train
235,354,67,2,54,10,5,8,1,9,7.748059701492538,8.238735603445708,2.0,7.600542985074627,51,5,11,4,36,10,235,train
236,438,85,0,62,20,12,6,3,15,8.624761904761906,8.238735603445708,2.2,8.22930380952381,58,5,11,4,41,12,236,train
237,618,116,0,87,25,15,7,11,14,9.387192118226602,9.606745405546679,2.142857142857143,8.269822167487686,85,7,15,9,56,18,237,train
238,1387,249,13,150,60,34,5,18,34,11.352208835341365,11.038039088145766,3.3333333333333335,8.216864658634538,139,12,40,23,139,41,238,train
239,955,178,7,113,32,21,9,12,23,11.787853107344633,10.9516,4.0,8.302261581920904,108,8,34,15,94,32,239,train
240,954,176,5,111,41,25,5,14,29,6.411111111111111,8.344100000000001,1.7777777777777777,7.799830050505051,102,18,33,15,96,25,240,train
241,339,68,0,54,12,12,6,3,14,8.564705882352943,8.07648339933343,2.5,7.498376470588235,52,4,10,3,32,10,241,train
242,523,96,5,70,25,17,4,10,15,13.350000000000001,12.161744961471694,4.0,8.445441666666667,69,4,16,10,52,16,242,train
243,497,92,0,65,23,14,3,6,11,11.273043478260869,11.20814326018867,3.2,8.153379130434782,64,5,18,10,43,17,243,train
244,515,99,1,75,19,10,4,6,12,7.0040404040404045,5.46131890053228,1.0,7.166314141414142,74,6,6,1,48,14,244,train
245,788,142,4,109,28,16,13,7,22,9.916901408450705,9.516144504307135,3.5,8.631195774647889,109,8,26,10,86,29,245,train
246,522,95,1,67,25,13,4,6,16,9.284210526315789,8.841846274778883,2.6,9.066584210526315,64,5,12,5,54,12,246,test
247,656,135,0,90,25,16,5,8,23,8.074074074074074,8.167268648758528,1.6666666666666667,6.017981481481481,85,9,15,7,59,11,247,train
248,698,125,8,83,32,22,3,7,17,11.302857142857144,11.491704259439757,3.2857142857142856,8.817094285714285,78,7,23,15,72,23,248,train
249,505,89,9,69,13,10,8,10,12,13.39438202247191,13.023866798666859,5.25,7.756167415730337,68,4,22,12,44,16,249,train
250,654,121,3,71,20,16,9,8,18,8.352984389348027,9.150863307647796,3.0,7.8267328741965105,72,9,28,10,68,20,250,train
251,871,152,11,101,37,23,1,9,26,12.633082706766919,12.031772070788634,5.142857142857143,9.803725939849624,100,7,37,17,96,35,251,train
252,325,63,0,50,12,9,2,7,9,7.5796825396825405,8.238735603445708,1.6,8.020983809523809,47,5,8,4,26,10,252,train
253,278,53,0,47,10,6,4,1,6,7.8213836477987435,6.42735559955562,1.3333333333333333,8.385785534591195,48,3,5,1,28,10,253,train
254,853,167,9,106,34,15,9,6,23,10.05695276114438,9.444778638647367,2.2222222222222223,7.677035196274119,101,9,20,11,81,25,254,train
255,374,66,4,45,12,7,3,10,9,14.254545454545458,14.06817628641468,4.666666666666667,8.07709393939394,46,3,14,11,38,11,255,train
256,562,100,4,74,26,15,3,7,12,9.866666666666667,10.125756701596842,3.3333333333333335,8.568566666666667,70,6,22,9,59,23,256,train
257,1027,184,7,118,42,24,13,14,29,11.490434782608695,11.20814326018867,4.3,9.354792173913044,112,10,44,20,110,48,257,train
258,406,72,0,55,15,9,8,8,4,8.688888888888888,9.2995712137729,2.5,7.959894444444444,53,6,17,7,38,13,258,train
259,538,106,1,86,18,12,8,8,17,7.18921832884097,7.957251820313856,1.8571428571428572,7.664755525606469,86,7,14,5,56,15,259,train
260,323,67,3,49,12,7,4,9,6,7.151044776119403,8.238735603445708,1.0,5.7151698507462685,49,5,6,4,25,6,260,train
261,412,78,1,65,13,9,8,2,7,7.251282051282051,7.793537801064561,1.3333333333333333,8.127582051282051,63,6,8,4,43,13,261,train
262,312,60,2,45,16,10,1,3,7,8.666666666666668,8.841846274778883,2.5,8.328,46,4,10,4,32,12,262,test
263,466,83,4,65,20,12,1,4,10,12.637349397590363,12.602617957971052,4.5,9.0412421686747,62,4,19,11,53,18,263,train
264,319,61,3,48,14,8,4,5,6,8.814426229508198,9.3871,2.2,7.865554426229508,46,5,11,6,31,11,264,test
265,854,166,1,87,27,21,11,14,17,8.927929901423878,9.573946990214175,2.4545454545454546,7.333744030668127,79,11,27,14,71,27,265,test
266,816,145,11,86,24,21,10,16,20,11.663793103448278,11.698219412168324,4.75,9.000258620689655,81,8,38,18,85,34,266,train
267,1010,180,8,111,43,24,13,9,21,9.422222222222222,10.125756701596842,3.7,8.739966666666668,111,10,37,15,102,39,267,test
268,282,52,1,43,9,5,3,3,6,10.77948717948718,11.20814326018867,3.6666666666666665,6.925464102564103,44,3,11,6,24,8,268,train
269,708,139,1,94,27,16,3,7,21,12.55884892086331,8.841846274778883,2.4,8.082502302158273,96,5,11,5,66,16,269,test
270,728,139,4,88,22,15,10,6,16,10.245015416238438,9.957137785484202,2.5714285714285716,7.00695385405961,86,7,20,10,67,15,270,train
271,1206,203,12,127,45,25,7,13,29,12.899059561128524,12.719339214003902,4.636363636363637,9.452190282131662,122,11,52,31,120,56,271,test
272,580,113,4,74,18,11,5,6,18,12.225840707964602,10.793553405168563,3.6,8.11108831858407,71,5,18,9,47,18,272,train
273,653,109,5,70,32,18,4,5,14,10.93639143730887,11.855464076750408,4.5,9.173162996941898,73,6,30,14,75,24,273,train
274,91,15,0,13,5,5,0,1,3,8.333333333333334,8.841846274778883,2.0,8.219166666666666,13,2,4,2,9,3,274,train
275,313,60,0,43,13,11,3,2,7,8.8,9.3871,2.2,7.652866666666667,41,5,12,6,31,13,275,train
276,1094,205,8,129,46,22,6,15,31,10.186252771618626,9.80015041476705,2.5454545454545454,7.718863636363636,123,11,29,15,107,30,276,train
277,753,141,0,92,34,23,4,8,22,10.454255319148936,10.411451182825502,3.25,8.43020354609929,88,8,27,13,72,26,277,train
278,823,144,3,89,32,22,4,5,26,12.610256410256412,11.538034831475386,6.166666666666667,8.793738228438228,88,6,38,13,78,26,278,train
279,951,170,5,104,34,26,8,15,22,9.46606334841629,10.389873798559362,3.1538461538461537,8.279056561085973,99,13,41,21,95,35,279,train
280,216,36,0,33,10,4,1,2,8,5.911111111111111,6.42735559955562,4.333333333333333,9.056422222222224,34,3,13,1,23,8,280,train
281,871,142,3,100,33,17,10,8,21,11.38153364632238,11.645159339076184,4.0,8.533373552425665,98,9,36,20,100,30,281,test
282,407,76,3,66,15,7,7,7,12,11.284210526315789,11.20814326018867,3.5,8.526399999999999,64,4,14,8,44,12,282,train
283,171,32,0,26,7,4,3,2,3,8.9,10.125756701596842,3.5,8.8710375,27,2,7,3,19,8,283,test
284,826,147,5,102,30,18,7,10,19,11.431292517006803,12.060818386365153,3.6666666666666665,9.280306802721089,95,9,34,22,81,32,284,train
285,586,105,4,77,22,10,10,4,13,10.304761904761905,9.888512548439397,4.4,7.535338095238095,78,5,23,7,58,12,285,train
286,439,85,0,62,17,9,5,2,15,11.035294117647059,10.793553405168563,2.8,7.080405882352941,59,5,14,9,34,11,286,train
287,683,133,5,85,24,10,11,8,22,6.738461538461539,7.168621630094336,1.9,7.196376923076922,74,10,19,5,83,13,287,train
288,701,126,7,91,25,19,6,9,23,9.474603174603175,10.125756701596842,2.0,7.801271428571428,89,8,17,11,80,17,288,test
289,481,90,3,67,18,9,1,7,12,7.166666666666668,8.07648339933343,1.0,7.001611111111111,63,8,9,6,46,14,289,train
290,809,158,3,112,33,13,4,10,25,8.851645569620255,8.841846274778883,2.3,8.017901518987342,110,10,26,10,81,26,290,train
291,393,77,1,53,20,9,6,5,9,7.1989610389610394,6.742157984588678,2.0,7.681378961038961,53,5,10,2,37,11,291,train
292,185,36,0,31,9,5,1,2,3,6.9333333333333345,8.07648339933343,2.0,8.469011111111111,30,4,8,3,21,5,292,train
293,314,61,3,46,17,9,1,1,11,12.723497267759562,11.855464076750408,2.6666666666666665,8.010115300546449,46,3,8,7,29,10,293,train
294,525,98,3,62,17,11,6,10,13,8.982312925170069,9.2995712137729,2.6666666666666665,7.507959863945578,62,6,16,7,46,15,294,train
295,610,112,9,75,28,14,5,4,20,11.395238095238097,11.20814326018867,3.8333333333333335,8.65084880952381,73,6,24,12,64,24,295,train
296,392,77,5,60,17,12,1,8,12,9.25844155844156,8.07648339933343,2.0,7.6672740259740255,56,4,9,3,46,11,296,train
297,965,174,7,100,38,27,6,7,23,9.339244663382596,9.784248007369934,2.642857142857143,9.244049096880133,89,14,37,19,112,45,297,train
298,762,141,2,85,34,19,2,10,27,17.787943262411346,13.81666964889586,8.0,8.856460283687944,85,4,32,14,67,24,298,train
299,380,65,6,46,22,12,0,7,11,10.807692307692308,10.686352973137792,5.0,9.786807692307693,46,4,20,7,41,20,299,train
300,236,40,1,34,7,5,4,3,4,9.333333333333334,9.725611199111238,3.3333333333333335,8.640083333333333,35,3,10,4,20,10,300,train
301,201,43,1,32,5,4,1,5,2,9.530232558139536,7.168621630094336,0.5,7.27336511627907,31,2,1,1,18,2,301,test
302,346,67,1,51,14,7,4,2,8,9.088059701492538,8.841846274778883,2.5,8.002374626865672,52,4,10,4,34,9,302,train
303,421,81,0,56,14,9,2,4,16,12.281481481481482,9.725611199111238,4.333333333333333,8.094712345679012,53,3,13,4,34,11,303,train
304,934,154,9,112,31,23,10,6,16,11.874285714285715,11.602472056035307,4.0,10.347223116883118,114,10,37,20,93,39,304,test
305,773,145,2,94,19,15,12,12,19,7.479623824451412,8.00094639256281,2.272727272727273,7.992800940438872,88,11,26,8,77,21,305,train
306,667,119,2,87,25,15,2,8,19,10.833613445378152,10.608840637214634,3.5714285714285716,9.256506722689076,86,7,25,12,65,27,306,train
307,197,37,0,23,11,8,1,2,2,15.881081081081081,8.841846274778883,5.0,9.739267567567568,22,1,5,1,16,7,307,train
308,229,46,1,38,8,3,2,2,5,8.742028985507247,8.841846274778883,1.3333333333333333,7.48638115942029,39,3,4,3,24,8,308,train
309,1297,226,11,144,49,31,8,11,38,11.427138643067847,11.20814326018867,4.0,8.902403244837759,143,12,49,24,143,43,309,train
310,707,130,2,89,28,18,10,9,17,8.653846153846155,9.516144504307135,2.5,7.479038461538462,88,8,21,10,61,15,310,train
311,908,169,5,122,33,18,10,12,24,9.222377622377623,9.80015041476705,3.0,7.948950564819795,110,11,34,15,87,30,311,test
312,466,80,4,60,24,9,3,7,12,9.833333333333336,10.125756701596842,2.5,9.232208333333332,61,6,15,9,52,19,312,train
313,142,26,0,26,7,2,0,2,4,13.476923076923079,11.20814326018867,3.0,9.784561538461539,27,1,3,2,16,6,313,train
314,152,28,0,23,7,5,2,1,4,11.314285714285715,12.161744961471694,3.0,9.406257142857143,23,2,6,5,14,7,314,train
315,183,36,0,30,7,5,3,2,5,8.311111111111112,7.168621630094336,3.5,8.4768,30,2,7,1,20,4,315,train
316,767,146,11,107,29,12,4,13,27,9.217808219178082,8.841846274778883,2.5,8.00252191780822,103,8,20,8,80,18,316,train
317,382,71,0,52,20,10,2,2,9,7.6633802816901415,5.985473137389441,3.75,8.07520985915493,49,4,15,1,37,12,317,train
318,1056,197,5,120,34,21,9,10,24,9.10722374072628,9.851270322608155,2.5384615384615383,7.834678992581023,115,13,33,18,102,33,318,train
319,543,106,2,78,20,9,8,7,16,6.809433962264151,7.6454224807358475,1.0,7.570869811320755,75,8,10,5,56,9,319,train
320,531,100,2,66,16,11,8,4,14,11.600000000000001,11.20814326018867,3.0,8.1023,67,5,17,10,54,18,320,train
321,451,84,2,62,16,8,7,6,9,12.20952380952381,11.20814326018867,4.0,8.6256,62,4,16,8,42,19,321,train
322,1196,207,5,138,44,27,19,12,24,11.392007026789635,11.741389052700956,4.545454545454546,8.765292446201142,133,11,52,25,123,44,322,train
323,998,170,2,116,44,21,7,13,29,13.20261437908497,13.5591,5.333333333333333,9.589035947712418,109,9,49,30,91,44,323,train
324,495,95,0,58,15,6,10,7,17,10.547368421052632,9.888512548439397,3.6,7.404478947368421,55,5,18,7,48,12,324,train
325,311,64,1,50,13,5,4,4,5,9.495000000000001,9.888512548439397,1.4,7.725442500000001,49,5,7,7,28,10,325,train
326,397,75,4,55,15,8,4,4,10,10.533333333333333,6.42735559955562,3.6666666666666665,7.823966666666667,54,3,11,1,37,11,326,test
327,280,56,1,46,6,4,3,5,9,5.6000000000000005,7.168621630094336,1.75,5.458757142857143,47,4,7,2,21,1,327,test
328,442,83,2,64,14,12,10,7,11,13.95823293172691,11.855464076750408,5.333333333333333,9.003826907630522,62,3,16,7,46,14,328,train
329,458,86,4,55,16,8,3,1,12,11.390697674418604,10.686352973137792,4.5,8.558597674418605,53,4,18,7,46,14,329,train
330,222,42,2,35,11,8,0,6,3,9.36910569105691,9.725611199111238,3.0,7.780464227642277,36,3,9,4,20,9,330,test
331,390,79,0,54,17,10,3,5,11,9.925316455696203,9.516144504307135,2.5,7.414327848101266,55,4,10,5,32,11,331,test
332,539,106,7,82,27,18,5,4,9,8.666666666666668,8.841846274778883,1.7142857142857142,7.5385,79,7,12,7,61,15,332,test
333,400,71,4,58,12,10,7,7,11,8.564185110663983,9.606745405546679,2.142857142857143,8.587473038229376,51,7,16,9,44,16,333,test
334,159,36,0,27,7,3,0,0,4,15.511111111111113,8.841846274778883,2.0,8.053766666666668,28,1,2,1,10,2,334,test
335,403,71,2,56,13,7,4,8,11,8.496901408450704,9.888512548439397,3.0,8.343918591549297,54,5,16,7,35,13,335,train
336,773,144,11,106,29,14,9,11,23,7.704444444444445,8.548686976883017,2.0,8.736851111111111,101,10,21,9,93,23,336,train
337,704,130,7,83,35,17,7,5,11,9.777777777777779,9.994966539143718,3.0,7.87532905982906,81,9,28,13,80,25,337,train
338,934,166,13,119,39,18,10,9,24,11.212121212121213,10.74609503303851,3.4444444444444446,7.799530303030303,111,9,31,16,106,27,338,train
339,786,146,1,94,26,13,9,6,22,11.35655577299413,10.608840637214634,4.285714285714286,7.482932093933464,90,7,31,12,70,20,339,train
340,810,152,3,86,31,19,13,10,22,11.58045112781955,11.20814326018867,4.0,7.829975939849624,85,7,28,14,75,20,340,train
341,317,57,3,46,17,10,0,4,10,11.108771929824563,11.855464076750408,4.333333333333333,9.565215789473683,45,3,13,7,31,14,341,train
342,1038,182,11,123,43,29,13,9,20,10.254945054945054,10.7630783206399,2.7142857142857144,9.66031098901099,115,14,38,25,127,44,342,train
343,484,95,3,63,13,9,13,8,9,8.859649122807019,8.841846274778883,2.3333333333333335,7.081201754385965,64,6,14,6,43,12,343,train
344,774,138,7,98,24,16,8,9,19,12.117391304347827,12.602617957971052,4.125,8.954491304347826,95,8,32,21,83,30,344,train
345,614,105,3,68,24,14,3,9,9,15.452380952380953,13.81666964889586,6.0,10.201833333333335,70,4,24,14,63,24,345,train
346,234,43,0,33,7,6,5,3,6,10.38449612403101,10.504223727775692,3.0,7.285107751937985,32,3,9,5,23,7,346,train
347,571,107,2,72,21,16,5,5,8,5.877050882658359,8.167268648758528,2.0,7.177590758047767,69,9,19,7,56,13,347,train
348,633,131,1,72,31,19,6,6,23,19.794871794871796,12.457975602129121,6.0,9.186756410256411,72,3,18,8,58,17,348,test
349,260,45,0,30,5,7,3,4,4,10.777777777777779,8.841846274778883,2.5,7.559611111111111,31,2,5,2,50,4,349,train
350,865,160,6,109,37,20,6,6,27,12.91666666666667,10.864195022040775,4.5,9.005354166666667,109,6,28,11,88,36,350,train
351,237,44,0,37,8,6,3,4,5,10.412121212121214,10.504223727775692,3.0,7.95260303030303,39,3,9,5,22,7,351,train
352,234,47,2,41,13,6,1,3,6,20.50212765957447,11.20814326018867,5.0,7.983444680851064,41,1,6,2,21,6,352,train
353,601,108,5,76,21,14,4,5,15,9.10493991989319,9.957137785484202,3.7142857142857144,7.936353671562083,74,7,29,10,60,21,353,train
354,629,119,2,84,25,14,8,11,13,8.975210084033614,9.188382445141503,1.875,7.956905042016807,78,8,15,9,64,18,354,train
355,666,123,2,64,29,18,0,5,21,22.253658536585366,17.879347455551382,9.333333333333334,9.521319512195122,61,3,27,20,54,21,355,test
356,1074,187,12,137,45,18,13,14,26,11.29197860962567,11.022393298168332,3.4545454545454546,9.46157165775401,126,11,40,21,120,45,356,train
357,139,28,0,19,4,1,1,4,3,11.200000000000001,3.1291,3.0,6.153157142857143,20,1,3,0,8,1,357,train
358,394,79,1,57,16,9,3,1,12,9.851282051282052,8.841846274778883,2.5,7.032930769230769,56,4,10,4,39,10,358,train
359,829,151,2,90,32,21,6,15,18,8.404816375677303,8.841846274778883,3.3636363636363638,7.768167429259482,87,11,38,12,77,28,359,train
360,781,148,7,106,33,17,4,17,18,7.5008717310087185,8.00094639256281,2.272727272727273,7.971950560398506,103,11,25,8,84,25,360,train
361,382,72,0,55,18,11,2,5,13,7.982222222222223,8.238735603445708,2.4,7.2017122222222225,53,5,12,4,39,10,361,train
362,440,79,2,52,17,12,0,7,7,10.370632911392406,10.355215969177355,3.8,8.817395189873418,52,5,18,8,42,16,362,train
363,1270,242,16,140,43,23,13,22,35,10.236961378870093,10.727762888450027,3.0,7.504347941270348,130,13,39,23,121,38,363,train
364,473,90,3,60,18,13,3,7,12,9.111111111111112,9.725611199111238,2.1666666666666665,8.76661111111111,58,6,13,8,48,19,364,train
365,853,152,4,108,44,22,8,9,14,9.211483253588517,10.23097548852734,2.8181818181818183,8.373263397129186,107,11,31,18,92,30,365,train
366,928,175,6,115,33,21,13,13,26,9.149206349206349,8.841846274778883,3.4444444444444446,7.758944444444444,112,9,32,9,92,26,366,test
367,194,39,1,28,7,6,3,4,5,7.800000000000001,3.1291,1.5,7.032930769230769,30,2,3,0,19,2,367,train
368,356,73,0,49,19,13,4,3,11,7.4838356164383555,7.554174236665414,1.6,7.388879178082192,47,5,8,3,32,10,368,train
369,1042,187,10,118,49,29,12,11,31,11.526021505376345,11.407655852321103,4.5,8.379221290322581,115,10,45,21,101,37,369,train
370,539,98,3,68,21,15,4,5,10,10.614965986394559,10.504223727775692,2.8333333333333335,9.280306802721089,67,6,17,10,57,19,370,train
371,662,130,2,80,25,13,8,8,14,11.743589743589745,10.504223727775692,3.3333333333333335,7.383320512820513,76,6,21,10,51,18,371,test
372,533,98,1,75,22,13,6,4,15,11.431292517006803,11.538034831475386,3.3333333333333335,8.635817006802721,72,6,20,13,57,22,372,train
373,347,71,0,48,8,6,4,4,10,5.860093896713615,6.42735559955562,1.5,6.89216572769953,47,6,9,2,35,6,373,train
374,1255,242,5,143,44,22,13,26,30,10.933333333333334,8.841846274778883,3.5,7.5901499999999995,135,10,36,10,109,28,374,test
375,761,146,2,98,35,20,9,5,17,9.127671232876713,9.642632912329528,2.3,8.362235342465754,91,10,24,13,81,29,375,train
376,1213,217,11,144,44,21,16,5,29,9.81056362991847,10.389873798559362,3.3076923076923075,7.957157355547678,139,13,44,21,133,40,376,train
377,817,154,1,108,35,17,8,13,18,7.470995670995672,8.344100000000001,1.3333333333333333,7.349007359307359,99,12,18,10,71,20,377,train
378,816,148,8,102,25,13,12,11,23,13.920720720720722,13.023866798666859,5.0,9.020845045045046,99,6,31,18,79,31,378,test
379,144,29,0,23,7,4,0,1,5,12.979310344827589,8.841846274778883,4.0,8.341796551724137,25,1,4,1,11,6,379,train
380,1028,181,5,115,46,30,11,11,21,9.547131321716959,10.389873798559362,3.5384615384615383,8.68896306842329,111,13,47,21,96,40,380,train
381,484,95,2,66,19,12,6,6,13,10.547368421052632,9.888512548439397,2.8,8.06932105263158,63,5,15,7,45,14,381,train
382,1058,183,9,116,30,20,5,4,33,14.610148321623733,13.25671669890799,5.0,8.72968844652615,113,7,38,22,106,40,382,test
383,369,81,0,55,16,11,7,3,10,10.07530864197531,8.841846274778883,1.25,6.3953444444444445,52,4,5,4,31,6,383,train
384,235,43,1,34,13,5,2,6,6,8.524031007751939,8.841846274778883,2.3333333333333335,8.386735658914729,35,3,7,3,26,7,384,train
385,552,108,3,79,18,11,5,8,12,6.511111111111112,8.472884824447931,2.125,6.937766666666667,78,8,17,7,54,13,385,train
386,210,40,2,29,7,5,1,3,5,4.852631578947369,5.985473137389441,2.25,7.016384210526317,30,4,9,1,25,6,386,train
387,516,93,2,68,21,15,6,5,12,8.780645161290323,9.2995712137729,3.6666666666666665,8.48013870967742,65,6,22,7,48,19,387,train
388,367,68,0,53,21,12,3,2,11,9.15294117647059,9.516144504307135,3.25,8.65940588235294,51,4,13,5,41,13,388,train
389,532,97,1,71,24,8,1,4,22,8.017083946980854,9.236282656511921,1.8571428571428572,7.905051399116347,71,7,13,8,52,11,389,train
390,797,138,9,97,27,19,8,15,20,9.867826086956523,10.125756701596842,3.3,8.096849565217392,93,10,35,15,82,27,390,train
391,241,49,0,41,8,5,1,3,8,6.53265306122449,7.168621630094336,1.0,5.855324489795919,41,4,5,2,21,3,391,train
392,911,173,0,105,31,14,7,8,23,9.527903310562271,10.018931242160765,2.909090909090909,8.432526484498162,100,11,33,16,94,34,392,train
393,714,138,1,81,16,12,18,9,22,9.624844720496895,9.606745405546679,2.7142857142857144,6.788314078674948,76,7,19,9,64,12,393,train
394,429,83,1,57,17,14,3,4,11,7.152495697074011,7.957251820313856,1.7142857142857142,6.317264888123924,55,7,12,5,38,7,394,train
395,1169,215,5,123,57,38,12,15,30,10.226435246995997,10.608840637214634,3.4285714285714284,8.010138718291055,117,14,48,24,120,38,395,train
396,240,45,0,33,13,7,0,2,4,11.333333333333336,11.855464076750408,3.3333333333333335,7.5385,33,3,10,7,19,9,396,test
397,372,80,0,53,16,11,2,8,8,7.4,7.554174236665414,0.8,6.7986,51,5,4,3,27,7,397,train
398,844,155,9,101,31,17,10,9,16,9.985663082437277,9.994966539143718,2.888888888888889,7.852464157706093,97,9,28,13,82,25,398,train
399,780,137,6,101,34,19,4,9,13,11.566137566137566,11.20814326018867,4.285714285714286,8.686775132275132,98,7,31,14,77,30,399,train
400,374,69,1,52,17,14,3,4,8,10.378260869565217,10.686352973137792,2.75,7.695868115942029,52,4,11,7,38,12,400,train
401,977,175,13,110,45,30,6,13,24,12.057142857142857,10.290406445055957,4.0,8.395414285714285,111,7,30,11,93,30,401,test
402,1043,201,5,113,47,34,6,11,26,18.46805970149254,12.340626583579944,6.4,9.086937412935324,103,5,33,13,93,38,402,train
403,1031,180,17,126,39,22,10,20,17,18.118882681564244,14.554592549557764,7.8,9.558157653631284,126,5,39,20,122,37,403,train
404,796,151,8,100,30,21,6,10,27,7.273710073710075,7.686295010490155,2.5454545454545454,7.39783194103194,92,11,29,7,88,22,404,train
405,397,78,1,49,17,11,4,5,14,10.364102564102565,9.516144504307135,3.5,7.032930769230769,49,4,14,5,36,9,405,train
406,831,143,6,97,34,20,4,10,18,9.116083916083916,10.018931242160765,3.090909090909091,8.918922377622378,95,11,35,16,85,33,406,train
407,583,105,6,85,23,13,3,4,12,10.19047619047619,10.290406445055957,2.5714285714285716,7.989642857142857,83,7,18,11,58,16,407,train
408,283,54,4,39,11,6,4,7,9,26.044444444444448,17.122413403193683,6.0,10.70101111111111,40,1,6,6,29,10,408,train
409,762,145,4,96,26,16,10,8,20,10.216748768472907,9.236282656511921,3.0,7.93082512315271,93,7,22,8,67,18,409,train
410,751,141,9,101,29,13,8,15,20,7.964152159896841,9.095868883498916,2.272727272727273,8.303771179883945,95,11,25,12,81,28,410,train
411,311,51,2,36,12,11,2,2,3,13.858823529411765,14.06817628641468,5.0,9.743033333333335,36,3,15,11,31,14,411,train
412,665,120,3,94,28,14,8,8,17,9.4890756302521,9.957137785484202,3.5714285714285716,7.7969268907563025,96,7,25,10,77,17,412,train
413,818,146,3,80,40,26,6,7,18,9.52420091324201,10.686352973137792,2.0833333333333335,8.782295433789955,75,12,25,21,82,27,413,train
414,1037,191,5,117,45,30,10,15,35,10.990785340314137,10.577609850970193,4.3,8.800038010471205,111,10,44,17,101,39,414,train
415,191,40,0,29,3,2,3,4,4,16.0,8.841846274778883,4.0,2.7735000000000003,30,1,4,1,11,1,415,test
416,938,165,3,115,36,21,13,10,22,15.363636363636363,13.023866798666859,5.666666666666667,9.593954545454546,110,6,36,18,87,36,416,test
417,188,36,0,31,8,5,2,1,8,8.133333333333335,8.841846274778883,2.3333333333333335,6.863366666666667,30,3,7,3,19,5,417,train
418,550,102,0,73,21,11,10,5,12,9.357983193277311,9.957137785484202,2.857142857142857,7.919733053221289,71,7,20,10,52,18,418,train
419,615,110,8,72,28,18,3,4,13,9.97979797979798,10.980518767755715,3.0,8.118449494949495,70,9,28,17,57,19,419,train
420,395,76,0,47,16,9,4,5,10,13.291228070175439,11.20814326018867,4.666666666666667,8.217243859649123,47,3,14,6,39,13,420,train
421,234,48,1,36,10,6,0,2,7,5.633333333333334,8.07648339933343,1.5,7.192325,37,4,6,3,23,6,421,train
422,328,60,3,46,16,9,0,1,9,9.333333333333334,9.516144504307135,2.5,8.854333333333333,47,4,12,5,35,12,422,test
423,242,45,2,39,7,4,4,7,2,7.777777777777778,7.793537801064561,1.6666666666666667,8.240277777777777,40,3,5,2,25,7,423,train
424,668,115,2,74,28,18,2,15,17,13.579710144927539,13.023866798666859,5.333333333333333,8.98090579710145,75,6,32,18,65,27,424,test
425,423,75,1,49,19,14,1,7,8,6.5549549549549555,8.344100000000001,3.8333333333333335,8.515800900900901,48,6,23,5,39,16,425,train
426,799,149,3,102,33,18,6,9,22,8.523825503355706,7.168621630094336,3.75,8.481306711409395,98,8,31,4,86,24,426,test
427,350,68,5,52,17,11,3,3,9,10.329411764705883,10.125756701596842,2.75,7.266170588235294,52,4,11,5,31,9,427,test
428,606,113,2,77,20,13,5,4,19,8.538095238095238,7.793537801064561,2.3333333333333335,6.818080952380953,79,6,14,4,64,13,428,train
429,268,51,2,42,8,6,10,5,5,11.768627450980393,8.841846274778883,4.0,7.378162745098039,43,2,8,2,28,8,429,test
430,589,126,0,69,25,16,7,5,21,6.195555555555556,6.42735559955562,1.2222222222222223,6.093868888888888,65,9,11,3,47,5,430,train
431,418,78,2,57,19,15,4,10,9,7.265641025641026,6.742157984588678,2.2,7.851670256410257,62,5,11,2,44,10,431,train
432,525,99,4,67,22,15,7,10,13,13.576565656565657,13.023866798666859,3.4,8.127468888888888,67,5,14,15,45,15,432,test
433,318,61,0,45,12,10,3,7,7,9.47016393442623,9.888512548439397,2.4,6.830144590163934,44,5,12,7,27,8,433,train
434,854,161,2,108,27,12,13,13,17,12.429813664596274,11.765960540728905,2.7142857142857144,7.62146149068323,104,7,19,16,66,15,434,train
435,1006,194,11,114,37,23,9,8,25,6.8228178694158075,7.3011,1.8,7.0453129209622,102,15,28,8,100,23,435,train
436,1171,201,12,144,50,29,15,14,29,12.714427860696517,11.645159339076184,4.666666666666667,9.064880099502489,140,9,40,20,130,38,436,train
437,1065,198,4,112,37,16,19,6,25,7.910489510489511,9.057496981413337,2.6923076923076925,7.581845143745143,105,13,36,14,97,26,437,train
438,332,58,1,45,17,10,2,4,8,12.560919540229884,11.855464076750408,4.333333333333333,10.04026091954023,47,3,13,7,38,14,438,train
439,338,62,2,45,12,10,3,8,7,16.134426229508197,13.023866798666859,4.5,8.514381967213115,45,2,9,6,49,9,439,train
440,117,22,1,19,7,6,0,1,3,9.854545454545455,11.20814326018867,2.5,9.923918181818184,19,2,5,4,15,5,440,train
441,898,165,5,107,37,23,3,12,20,9.863636363636363,10.31748142421505,2.5,8.337772727272727,103,12,30,19,87,34,441,test
442,523,98,3,66,24,20,0,11,14,13.766666666666666,12.161744961471694,5.0,8.116483333333333,63,4,20,10,45,16,442,train
443,87,14,0,13,5,3,0,0,3,8.457142857142857,8.841846274778883,4.0,9.970185714285716,12,1,4,1,9,6,443,train
444,251,49,3,36,9,7,1,4,5,11.43265306122449,8.841846274778883,3.5,7.751904081632653,35,2,7,2,23,8,444,train
445,134,27,0,24,6,4,1,2,4,8.362962962962964,10.125756701596842,2.5,6.060544444444444,24,2,5,3,12,3,445,test
446,377,72,1,51,12,10,4,3,11,9.093333333333334,9.3871,2.4,6.763101111111111,51,5,12,6,31,8,446,train
447,375,73,5,56,14,8,4,5,8,6.510502283105024,7.168621630094336,1.6666666666666667,6.835583105022831,55,6,10,3,35,11,447,train
448,1328,261,0,149,51,27,11,16,30,9.869849690539347,8.841846274778883,2.6923076923076925,7.95971002063071,143,13,35,13,137,34,448,train
449,440,83,0,59,15,11,5,4,11,11.548594377510042,7.793537801064561,3.6666666666666665,8.433104016064256,62,3,10,2,40,12,449,train
450,523,92,3,73,20,11,9,5,9,7.86583850931677,9.236282656511921,2.5714285714285716,8.235885714285715,70,7,18,8,61,16,450,test
451,468,84,3,53,23,15,7,3,14,11.005714285714285,11.20814326018867,4.4,8.22930380952381,54,5,22,10,46,16,451,test
452,843,161,7,96,26,18,8,8,30,13.466252587991718,11.855464076750408,4.333333333333333,7.811594824016563,89,6,26,14,75,20,452,train
453,198,38,0,31,10,7,2,2,5,7.095495495495496,7.793537801064561,2.3333333333333335,8.515800900900901,30,3,7,2,18,8,453,train
454,365,72,1,57,17,6,3,6,7,14.955555555555556,8.841846274778883,4.5,7.8344611111111115,57,2,10,2,33,7,454,test
455,430,79,1,66,24,5,2,1,13,6.033273056057867,7.957251820313856,1.5714285714285714,8.193739783001808,67,7,11,5,52,8,455,train
456,231,44,0,36,9,4,0,3,7,11.52727272727273,10.125756701596842,3.0,7.239745454545455,35,2,6,3,19,6,456,train
457,449,80,3,61,20,8,3,2,9,7.071428571428573,7.957251820313856,1.7142857142857142,7.953482142857143,63,7,12,5,58,10,457,train
458,472,89,6,64,22,14,4,6,9,7.3329052969502415,8.841846274778883,2.142857142857143,7.638027447833066,61,7,15,7,44,11,458,test
459,1123,195,8,114,52,31,10,10,32,11.725274725274726,12.031772070788634,3.642857142857143,8.780946886446886,102,14,51,34,106,46,459,train
460,849,155,0,95,36,23,7,11,25,9.55483870967742,10.793553405168563,2.7,8.072654838709678,93,10,27,17,79,25,460,train
461,1226,223,17,152,42,25,19,14,30,9.731493618489134,10.560738912317856,3.1538461538461537,7.956882338737496,141,13,41,22,135,37,461,test
462,508,100,3,62,22,15,0,3,18,11.960404040404041,11.20814326018867,3.0,7.648984040404041,58,5,15,10,44,15,462,train
463,586,115,7,83,24,15,8,10,15,9.006211180124224,8.841846274778883,1.8571428571428572,7.74666149068323,76,7,13,7,63,18,463,train
464,416,75,1,52,22,14,1,2,11,12.3,11.698219412168324,3.75,9.198233333333334,47,4,16,9,40,15,464,test
465,286,58,1,47,9,5,3,2,9,8.301754385964912,6.42735559955562,2.3333333333333335,7.349075438596492,49,3,7,1,29,8,465,train
466,362,66,1,52,15,9,3,5,6,10.15,10.125756701596842,2.5,9.364474999999999,53,4,11,6,48,16,466,train
467,612,115,6,89,24,14,8,14,18,11.634782608695653,9.888512548439397,2.4,7.797995652173913,84,5,13,7,63,17,467,train
468,1232,219,11,141,58,23,12,11,25,9.119601328903654,9.424239791934728,3.2142857142857144,8.878167774086378,134,14,45,16,151,41,468,train
469,1034,174,2,117,51,16,10,9,23,14.4,13.5591,4.666666666666667,9.405031034482759,113,9,42,30,96,42,469,train
470,1089,197,5,128,47,26,9,17,28,9.984415584415585,10.018931242160765,3.0,8.306659369202226,121,11,34,16,108,37,470,test
471,1017,188,8,122,41,24,8,14,19,9.815087040618955,9.80015041476705,2.5454545454545454,7.591815473887815,117,11,26,15,103,23,471,test
472,853,159,15,110,38,19,9,8,22,12.356154537286614,11.765960540728905,3.5714285714285716,8.834763791554359,103,7,27,16,106,32,472,train
473,407,86,1,60,10,7,3,1,14,12.86201550387597,8.841846274778883,2.6666666666666665,7.628831782945737,58,3,8,3,26,9,473,train
474,265,50,1,43,8,4,3,4,5,8.0,8.841846274778883,1.8,6.9747,44,5,9,5,24,8,474,train
475,91,17,0,16,3,2,1,4,1,8.105882352941178,8.841846274778883,1.5,6.844570588235294,16,2,3,2,9,3,475,train
476,349,69,4,49,17,9,3,1,13,6.099710144927537,5.683917801722854,1.8,6.15170463768116,47,5,9,1,30,8,476,train
477,513,90,6,69,23,12,6,5,10,8.253968253968255,8.841846274778883,2.7142857142857144,9.53754761904762,71,7,19,7,56,18,477,train
478,390,68,2,48,14,8,3,8,7,9.914285714285715,10.504223727775692,2.8333333333333335,8.919363492063493,50,6,17,10,43,16,478,train
479,93,16,0,13,4,4,0,1,3,10.700000000000001,10.125756701596842,2.5,7.9808,13,2,5,3,10,3,479,train
480,371,70,0,57,14,8,5,3,10,12.19047619047619,11.20814326018867,3.0,8.854119047619047,56,3,12,6,30,13,480,test
481,521,94,3,65,16,6,3,3,13,12.171182795698925,11.602472056035307,4.2,8.973468602150538,65,5,22,11,51,18,481,train
482,298,52,3,42,14,10,0,0,7,13.476923076923079,11.20814326018867,8.5,9.177253846153846,42,2,17,4,28,12,482,train
483,1313,243,10,143,48,28,12,11,39,12.024526748971194,10.793553405168563,4.2,8.545607160493827,134,10,44,18,129,39,483,train
484,376,76,0,59,11,7,4,6,7,5.378947368421053,7.168621630094336,1.0,7.016384210526317,57,8,8,4,40,10,484,train
485,230,43,0,30,13,9,1,2,5,5.2302325581395355,5.985473137389441,2.0,7.474583720930233,30,4,8,1,19,6,485,test
486,392,72,2,55,12,6,4,5,10,8.537777777777778,9.888512548439397,3.2,6.543795555555556,51,5,16,7,36,7,486,train
487,462,82,6,55,17,10,7,8,9,8.88130081300813,9.725611199111238,3.3333333333333335,7.010220325203252,52,6,20,8,38,14,487,test
488,981,180,5,103,45,28,3,13,17,9.333333333333334,9.516144504307135,2.6666666666666665,8.328,96,12,35,15,90,35,488,train
489,395,76,3,55,21,12,1,1,14,13.817543859649124,11.855464076750408,5.333333333333333,7.80171754385965,56,3,16,7,32,11,489,test
490,246,45,0,39,10,5,1,0,9,7.777777777777778,7.793537801064561,3.3333333333333335,7.889388888888889,41,3,10,2,26,7,490,train
491,159,29,0,25,6,4,1,1,5,9.937931034482759,10.125756701596842,3.5,7.078113793103448,25,2,7,3,16,5,491,test
492,877,174,1,118,36,18,11,7,20,7.706583072100314,8.00094639256281,1.8181818181818181,7.506484117032393,115,11,20,8,83,14,492,test
493,919,157,13,102,30,21,10,18,22,12.690764331210191,12.38480682065935,4.75,8.230536942675158,102,8,38,21,99,31,493,train
494,421,80,0,61,20,13,5,8,11,12.5,11.698219412168324,2.75,8.970749999999999,58,4,11,9,34,16,494,test
495,643,121,2,89,22,12,2,6,14,11.37245179063361,10.504223727775692,3.1666666666666665,8.290650964187328,87,6,20,10,61,19,495,train
496,480,96,2,65,24,15,4,4,13,7.924620060790274,9.236282656511921,1.5714285714285714,8.334046504559272,65,7,11,8,48,13,496,train
497,359,67,2,44,19,15,2,6,9,10.879104477611941,10.686352973137792,3.5,8.002374626865672,44,4,14,7,32,14,497,test
498,967,172,8,128,36,17,7,15,17,6.248689771766696,7.70948699238394,2.4285714285714284,9.467432206255282,130,14,37,9,121,34,498,train
499,567,105,2,71,21,13,4,3,15,9.04761904761905,9.606745405546679,2.7142857142857144,8.290404761904762,68,7,21,9,52,19,499,test
500,63,12,2,12,3,2,1,3,0,14.8,13.023866798666859,3.0,9.495033333333335,12,1,3,3,6,4,500,train
501,281,53,0,43,11,4,2,6,6,9.330817610062894,9.725611199111238,2.6666666666666665,7.789936477987422,43,3,8,4,22,8,501,test
502,616,107,7,79,23,14,5,6,12,11.721762349799732,12.031772070788634,2.857142857142857,8.379063951935915,79,7,21,17,68,20,502,test
503,209,43,0,36,10,7,0,3,6,7.090697674418604,8.07648339933343,1.25,5.638537209302326,33,4,5,3,19,3,503,train
504,778,144,6,100,28,21,10,15,20,8.793650793650794,9.444778638647367,2.4444444444444446,7.453269841269841,98,9,23,11,91,17,504,train
505,1260,233,17,156,50,29,11,18,36,14.56845493562232,11.698219412168324,4.375,8.605048497854078,150,8,35,18,131,41,505,train
506,492,97,0,73,19,11,5,8,16,7.604712812960236,7.957251820313856,1.7142857142857142,7.253917378497791,70,7,12,5,46,12,506,train
507,199,38,1,32,4,4,1,4,5,7.171929824561403,7.793537801064561,3.0,8.00450350877193,33,3,9,2,19,5,507,train
508,736,140,4,94,42,21,2,5,21,9.285714285714286,9.516144504307135,2.625,8.000857142857143,87,8,21,10,71,21,508,train
509,676,122,5,90,22,10,5,7,18,13.646942148760331,12.340626583579944,5.4,9.665167107438016,88,5,27,13,71,25,509,train
510,439,87,0,50,19,14,3,1,10,8.339310344827586,8.238735603445708,2.4,7.584942298850574,48,5,11,4,41,11,510,train
511,862,164,3,115,45,22,5,10,26,9.453033401499658,9.444778638647367,2.6666666666666665,8.312786571233811,114,9,24,11,91,23,511,train
512,408,78,1,61,17,10,4,4,9,11.938461538461539,9.725611199111238,2.6666666666666665,7.760202564102564,63,3,8,4,36,8,512,train
513,540,97,7,80,23,13,4,8,13,9.66656848306333,9.957137785484202,3.0,8.556185419734906,76,7,21,10,59,16,513,train
514,282,57,0,39,12,7,5,2,8,11.4,3.1291,2.5,8.374310526315789,39,2,5,0,28,7,514,train
515,216,40,0,29,11,9,1,3,5,8.333333333333334,8.841846274778883,2.0,9.034833333333333,28,3,6,3,21,6,515,test
516,513,92,4,60,20,10,1,4,15,10.686956521739132,10.9516,2.875,8.840921739130437,58,8,23,15,51,22,516,train
517,539,100,0,70,23,12,7,3,17,8.114285714285714,8.841846274778883,2.4285714285714284,8.45047142857143,69,7,17,7,46,14,517,train
518,345,74,1,44,10,9,7,6,10,9.916901408450705,10.125756701596842,2.0,6.963238028169014,43,4,9,6,30,10,518,test
519,1005,177,4,110,46,22,8,20,22,10.921807909604519,11.003577315987393,4.0,8.350408700564973,104,10,41,19,98,38,519,train
520,1105,202,6,112,45,28,7,12,32,11.644356435643566,11.20814326018867,4.6,8.625004158415841,108,10,46,20,103,38,520,train
521,897,181,1,107,28,18,17,15,16,7.68679055750879,8.00094639256281,1.5454545454545454,7.5931979407333,99,11,17,8,89,21,521,test
522,402,77,0,50,13,7,3,3,14,9.25844155844156,8.841846274778883,2.25,7.052079220779221,49,4,9,4,32,9,522,train
523,881,175,0,92,34,24,14,9,24,7.4333333333333345,7.793537801064561,1.9166666666666667,6.61554761904762,85,12,23,8,69,16,523,train
524,235,42,2,33,6,5,3,5,9,9.40952380952381,9.725611199111238,3.6666666666666665,8.46637619047619,33,3,11,4,28,9,524,train
525,1054,188,10,127,48,33,5,25,23,10.711489361702128,10.577609850970193,3.4,8.432490638297873,124,10,34,17,111,33,525,train
526,539,99,1,72,20,11,4,3,17,8.485425685425685,8.841846274778883,2.0,7.208894805194806,71,7,14,7,51,14,526,train
527,281,57,0,39,9,7,3,0,12,24.905263157894737,13.023866798666859,8.0,9.510892982456141,39,1,8,3,25,5,527,train
528,803,155,1,84,27,18,6,7,20,7.700879765395896,8.575989854853784,2.4545454545454546,7.697151026392962,82,11,28,10,71,25,528,train
529,916,165,7,116,27,19,17,12,25,13.064935064935066,11.765960540728905,4.285714285714286,8.442127705627705,112,7,30,16,94,30,529,test
530,492,97,2,73,18,11,6,5,12,4.058075601374571,5.985473137389441,1.0,7.130319931271478,66,12,14,3,47,16,530,test
531,327,64,2,47,15,7,2,4,6,5.745000000000001,5.683917801722854,1.2,6.7385675,46,5,6,1,28,5,531,train
532,331,65,1,52,12,7,7,2,11,8.346153846153845,8.841846274778883,2.5,7.114653846153846,50,4,10,4,34,8,532,train
533,230,42,0,37,12,6,0,0,6,9.40952380952381,9.725611199111238,1.6666666666666667,9.594233333333335,37,3,5,4,26,9,533,train
534,962,169,13,121,41,19,11,25,21,9.69575040344271,10.436869588844216,3.1818181818181817,8.509542280796127,116,11,35,18,114,30,534,train
535,555,100,8,75,19,13,3,11,15,15.333333333333336,10.504223727775692,6.666666666666667,9.711033333333333,75,3,21,5,62,20,535,train
536,465,85,2,63,23,11,4,4,9,8.457142857142857,8.841846274778883,3.0,8.842328571428572,63,6,21,6,54,20,536,train
537,690,126,4,84,29,18,4,14,22,10.109523809523811,10.411451182825502,3.125,8.803811111111113,81,8,26,13,63,26,537,test
538,181,34,0,30,8,4,3,2,6,9.15294117647059,8.841846274778883,2.5,8.65940588235294,30,2,5,2,17,7,538,train
539,876,168,4,110,36,19,7,12,21,8.264468864468865,9.057496981413337,1.9230769230769231,8.130996520146521,99,13,25,14,95,26,539,train
540,96,16,0,15,2,2,2,1,2,11.4,11.20814326018867,4.0,9.364474999999999,16,1,4,2,8,5,540,train
541,771,143,1,86,29,19,9,10,22,13.37163120567376,12.457975602129121,4.333333333333333,9.057560992907801,88,6,23,15,64,19,541,train
542,521,99,2,66,17,11,10,9,14,8.72808080808081,8.238735603445708,2.6,7.489489090909091,69,5,14,4,49,9,542,train
543,692,122,13,93,27,13,6,9,10,13.36655737704918,11.979248473330827,4.0,9.117805573770493,91,5,20,12,76,28,543,train
544,927,177,8,107,33,23,15,12,23,9.374216743708269,9.573946990214175,2.3636363636363638,7.021671237801747,104,11,27,14,82,23,544,train
545,701,132,1,89,31,15,6,11,13,10.162126245847176,9.957137785484202,2.5714285714285716,8.834665669988926,92,7,19,10,75,25,545,train
546,157,28,0,23,10,6,0,0,5,11.314285714285715,11.20814326018867,4.0,7.714471428571429,23,2,8,4,14,6,546,train
547,898,170,11,109,31,20,13,11,20,12.53781512605042,10.914260884657427,3.5714285714285716,8.184836134453782,107,7,26,13,89,31,547,train
548,486,84,4,64,16,12,7,3,10,11.257142857142858,10.686352973137792,4.25,8.24964761904762,62,4,17,7,52,16,548,train
549,425,76,0,54,19,12,4,6,7,7.698245614035088,8.344100000000001,2.5,8.420029824561404,53,6,16,5,42,15,549,train
550,504,89,3,70,21,11,3,6,12,15.012734082397003,12.457975602129121,5.666666666666667,10.607854307116106,70,3,18,8,57,21,550,train
551,1213,218,12,137,53,29,9,18,20,7.4406764574988875,9.725611199111238,2.5238095238095237,8.495265376056965,128,21,54,28,141,42,551,train
552,652,113,6,76,23,17,9,4,16,10.350948166877371,10.608840637214634,3.4285714285714284,8.34975208596713,78,7,25,12,68,24,552,train
553,1138,193,11,131,42,25,11,11,27,13.937616580310882,13.81666964889586,5.3,9.33896134715026,127,10,53,35,110,51,553,train
554,631,110,9,88,22,11,9,9,14,10.64935064935065,11.20814326018867,3.5714285714285716,8.722292207792208,88,7,25,14,69,24,554,train
555,261,47,0,34,5,5,3,3,9,22.20425531914894,14.554592549557764,9.0,7.983444680851064,34,1,9,4,17,6,555,train
556,199,40,0,33,8,4,3,7,4,9.0,7.168621630094336,2.0,8.18125,34,2,4,1,19,4,556,train
557,1032,185,15,119,39,24,7,18,30,18.793005464480878,14.836745963215662,8.0,10.111204262295082,114,5,41,20,101,43,557,train
558,452,84,2,64,21,10,2,3,19,9.100952380952382,8.841846274778883,2.6,7.853351428571428,61,5,16,5,41,16,558,train
559,476,91,1,63,23,14,1,6,15,10.796483516483518,10.355215969177355,3.0,8.00954967032967,62,5,15,8,44,16,559,test
560,501,94,0,67,17,12,8,3,17,10.073191489361703,10.355215969177355,3.6,8.096533191489362,63,5,18,8,49,14,560,train
561,233,46,0,29,10,8,0,0,9,7.208695652173913,8.07648339933343,2.5,7.639508695652174,27,4,10,3,22,8,561,train
562,527,104,1,64,17,17,7,5,14,11.553846153846154,8.841846274778883,4.25,7.507157692307692,63,4,17,4,40,13,562,train
563,388,74,1,53,20,16,4,3,5,6.402702702702704,8.07648339933343,1.5,6.86921891891892,50,8,12,6,36,11,563,train
564,1049,180,10,124,50,30,8,17,26,12.755555555555556,12.161744961471694,4.5,9.96807777777778,118,10,45,25,122,49,564,train
565,918,163,6,114,39,22,16,11,15,9.605112474437629,10.504223727775692,2.5,8.669435787321063,110,12,31,20,103,39,565,test
566,202,35,1,28,5,4,2,2,2,10.428571428571429,10.125756701596842,4.5,7.6625000000000005,30,2,9,3,18,7,566,train
567,724,127,11,86,36,24,6,3,13,10.986351706036746,10.864195022040775,4.666666666666667,8.913610761154857,79,6,30,12,78,26,567,train
568,905,176,6,112,35,22,6,12,19,7.460839160839161,8.139509932561175,1.9230769230769231,6.909769055944055,104,13,24,10,92,22,568,train
569,720,132,1,94,22,10,9,12,14,9.361038961038963,9.236282656511921,3.0,8.040829437229437,92,7,21,8,69,20,569,train
570,489,88,3,64,20,14,2,5,15,11.52727272727273,10.125756701596842,4.5,8.854631818181819,61,4,20,6,43,20,570,train
571,468,88,1,61,17,12,5,0,11,9.76727272727273,9.3871,2.8,7.380369090909092,59,5,14,6,44,12,571,train
572,788,141,6,95,35,19,4,12,16,8.593406593406593,9.265573868473778,1.7692307692307692,8.343725274725275,91,13,24,15,78,28,572,train
573,866,157,11,107,29,20,7,12,19,13.014437367303612,11.855464076750408,5.333333333333333,8.555003609341826,106,6,35,14,87,29,573,train
574,224,46,0,38,10,7,3,3,6,8.742028985507247,8.841846274778883,2.6666666666666665,7.48638115942029,37,3,8,3,24,7,574,train
575,888,156,1,76,35,32,12,3,17,12.415384615384617,12.38480682065935,4.5,8.956071794871796,78,8,36,21,91,38,575,test
576,772,141,8,101,28,18,6,11,21,12.028774062816616,11.20814326018867,3.7142857142857144,8.331117629179332,94,7,27,14,70,27,576,test
577,577,111,1,69,21,15,4,5,21,10.643243243243244,10.864195022040775,2.8333333333333335,7.541397297297298,69,6,17,11,47,15,577,test
578,932,161,10,111,35,22,9,12,26,11.876052449965494,11.429527900616531,4.333333333333333,8.93714292615597,105,9,39,19,97,37,578,train
579,375,73,0,51,18,12,3,4,13,9.491780821917809,8.841846274778883,2.75,7.786220547945206,50,4,11,4,35,11,579,train
580,420,84,0,54,17,11,3,4,10,13.58095238095238,10.504223727775692,3.6666666666666665,8.220895238095238,52,3,11,5,34,11,580,train
581,249,49,0,36,10,8,1,3,6,8.981632653061224,9.516144504307135,1.75,6.499814285714287,36,4,7,5,20,5,581,train
582,438,83,3,54,18,12,3,8,9,11.126829268292683,10.125756701596842,3.0,8.504519512195122,60,4,12,6,50,19,582,train
583,312,63,3,48,10,8,2,2,7,14.504761904761905,11.20814326018867,4.0,7.705249206349206,45,2,8,4,28,8,583,train
584,432,84,6,62,16,11,4,7,12,12.62857142857143,8.841846274778883,4.666666666666667,7.468990476190476,62,3,14,3,36,9,584,train
585,373,72,2,57,19,13,3,4,12,9.422222222222222,8.841846274778883,2.0,8.696105555555556,52,4,9,4,40,16,585,test
586,306,54,0,35,12,9,2,0,12,9.844444444444445,10.125756701596842,4.5,7.522581481481481,32,4,18,6,27,10,586,test
587,174,33,0,29,8,1,1,2,6,15.624242424242425,11.20814326018867,4.0,8.62269393939394,29,1,4,2,13,4,587,train
588,616,116,3,71,23,15,3,6,17,15.39310344827586,12.602617957971052,5.75,9.56688275862069,71,4,23,11,62,27,588,train
589,459,87,0,58,18,13,4,6,13,7.108620689655172,8.07648339933343,1.875,7.624290804597702,54,8,15,6,42,16,589,train
590,1187,219,3,139,44,29,11,12,36,11.772669826224329,11.855464076750408,4.083333333333333,8.624510110584518,131,12,51,28,134,44,590,test
591,873,188,0,86,31,24,6,5,22,16.103829787234044,8.841846274778883,2.0,7.013268510638298,79,5,10,5,52,9,591,train
592,615,112,10,79,25,13,8,10,15,9.528571428571428,9.827888789773866,2.75,8.137417857142857,76,8,22,11,63,20,592,test
593,1347,235,11,152,60,32,10,12,40,11.731623931623933,11.37473899888905,4.916666666666667,8.382503418803418,148,12,61,26,135,46,593,train
594,1031,179,1,120,39,20,4,14,28,10.65243445692884,11.038039088145766,3.3333333333333335,8.186671535580524,122,12,41,22,96,37,594,train
595,950,166,9,123,36,22,9,13,24,9.650821467688939,10.23097548852734,3.0,8.284948849945236,119,11,35,17,103,35,595,train
596,1282,225,10,139,43,30,8,22,25,9.027450980392159,9.773937934552698,2.588235294117647,8.152748366013071,126,17,45,23,124,46,596,test
597,909,161,5,119,31,20,13,15,26,9.084359119141729,9.573946990214175,2.909090909090909,7.991221400338792,115,11,32,14,100,33,597,train
598,666,115,5,80,22,14,7,6,14,10.049689440993788,9.957137785484202,3.0,8.295878881987578,80,7,22,10,78,24,598,train
599,1018,194,11,129,43,19,13,14,25,9.17077720207254,8.548686976883017,3.0,7.784505388601037,124,10,30,9,110,26,599,train
600,307,54,3,42,14,6,1,2,8,11.644444444444446,11.855464076750408,4.333333333333333,8.623003703703704,44,3,13,7,30,12,600,train
601,475,97,3,77,25,11,6,8,14,6.36759941089838,6.868970318607317,1.0,7.41670088365243,73,7,7,3,47,10,601,train
602,366,69,1,54,13,7,3,3,8,7.498550724637681,8.344100000000001,1.0,6.952986956521739,53,6,6,5,37,9,602,train
603,1158,196,2,131,53,31,11,14,26,10.326050420168068,10.843485225782072,3.2941176470588234,9.122593517406962,126,17,57,31,135,48,603,train
604,153,29,1,23,6,4,0,4,3,8.558620689655172,8.841846274778883,3.5,8.167079310344828,24,2,7,2,14,5,604,train
605,290,53,0,43,12,9,0,4,7,9.828301886792453,10.125756701596842,3.5,7.868794339622641,41,4,14,6,22,11,605,train
606,702,139,7,99,26,13,9,15,16,8.19216626698641,8.167268648758528,1.8888888888888888,8.151249480415668,96,9,18,7,75,18,606,train
607,487,93,2,72,22,11,2,6,10,7.230645161290323,8.841846274778883,1.5,7.948368817204301,67,8,13,8,49,13,607,test
608,990,184,7,108,40,22,2,14,29,9.387577639751553,9.957137785484202,2.4285714285714284,8.493331366459628,97,14,37,20,90,37,608,train
609,425,77,0,51,17,12,3,6,7,12.375324675324677,11.698219412168324,5.5,8.487533766233767,51,4,22,9,43,18,609,train
610,548,111,1,78,14,10,8,5,12,16.601801801801802,11.855464076750408,4.666666666666667,7.605483783783784,67,3,14,7,45,7,610,train
611,448,85,3,56,23,15,3,6,10,11.323529411764707,10.125756701596842,3.75,7.476970588235295,56,4,15,6,40,10,611,test
612,373,73,7,61,20,10,1,8,6,6.387945205479452,5.683917801722854,1.6,7.821481917808219,61,5,8,1,44,10,612,train
613,1071,192,15,125,50,39,6,12,27,10.731818181818182,10.832165505486643,3.1818181818181817,8.61422462121212,119,11,35,19,115,41,613,train
614,669,116,6,86,25,13,8,13,18,11.456157635467981,11.20814326018867,3.5714285714285716,8.814304926108374,84,7,25,14,75,27,614,train
615,544,112,0,65,20,15,5,8,12,11.102857142857143,9.3871,3.0,7.708165,62,5,16,6,41,14,615,train
616,786,147,7,104,24,14,7,11,21,12.793197278911565,12.457975602129121,4.166666666666667,7.644489115646259,102,6,26,16,81,18,616,train
617,492,96,6,63,26,18,1,5,12,7.152380952380952,7.447530270364452,1.7142857142857142,5.797041071428572,60,7,12,4,44,6,617,train
618,336,56,1,43,17,10,0,2,6,12.02857142857143,11.698219412168324,4.25,9.124292857142859,42,4,17,9,31,16,618,test
619,302,54,1,43,15,9,1,2,7,9.828301886792453,10.125756701596842,3.75,8.762567924528302,41,4,15,6,32,12,619,train
620,358,56,3,48,17,6,2,4,6,11.622857142857143,11.20814326018867,3.4,10.67719857142857,48,5,16,10,39,16,620,test
621,649,121,1,80,21,14,4,10,18,8.36404958677686,8.841846274778883,3.25,6.9966173553719,79,8,26,8,56,14,621,train
622,360,64,0,50,12,9,5,2,8,6.766666666666666,7.793537801064561,2.0,8.113066666666667,51,6,12,4,40,14,622,train
623,1057,191,13,134,40,25,11,19,25,13.096218731820827,12.650343791298138,4.222222222222222,9.235980860965679,132,9,40,25,123,43,623,train
624,196,36,3,32,12,5,2,1,4,9.422222222222222,8.841846274778883,3.0,7.599577777777777,33,2,6,2,19,6,624,train
625,430,90,0,61,22,17,1,2,11,9.88888888888889,7.168621630094336,1.25,7.384166666666667,61,4,6,2,36,11,625,train
626,836,168,3,95,37,23,6,12,22,10.085714285714287,9.725611199111238,2.7777777777777777,7.663973809523809,91,9,25,12,77,22,626,train
627,228,43,0,34,11,8,1,1,4,9.530232558139536,7.168621630094336,5.0,8.007783720930233,35,2,9,1,20,7,627,train
628,402,76,3,61,16,7,1,8,9,7.426666666666667,8.238735603445708,2.2,8.29824,60,5,11,4,46,12,628,train
629,486,83,1,66,21,5,2,9,11,10.35261044176707,10.504223727775692,2.5,10.029862248995984,66,6,15,10,48,19,629,train
630,329,66,2,47,10,4,2,4,10,5.006060606060607,5.46131890053228,1.6666666666666667,6.574524242424243,48,6,9,1,34,5,630,test
631,800,150,2,110,27,18,9,7,22,9.600000000000001,9.725611199111238,2.4444444444444446,8.4633,105,9,24,12,88,27,631,train
632,662,118,6,79,27,20,2,11,15,7.680739599383668,8.841846274778883,2.8181818181818183,8.182979506933744,74,11,31,11,69,25,632,test
633,871,164,2,97,33,22,9,6,23,11.126829268292683,10.411451182825502,3.0,8.504519512195122,90,8,29,13,71,26,633,train
634,1031,181,24,108,47,30,5,7,24,12.101878453038674,11.602472056035307,4.6,9.594039005524863,99,10,46,22,117,47,634,train
635,313,58,1,39,11,8,2,6,8,9.802298850574713,10.504223727775692,3.3333333333333335,8.134571264367818,42,3,10,5,26,9,635,train
636,540,95,3,72,20,12,4,6,10,9.639097744360903,10.914260884657427,3.2857142857142856,7.966274436090226,68,7,24,13,54,15,636,train
637,629,119,4,87,26,14,4,9,12,8.639075630252101,8.841846274778883,1.875,8.354972268907563,86,8,15,8,65,25,637,train
638,286,54,2,43,14,9,1,5,8,14.503703703703705,13.023866798666859,5.0,8.192181481481482,43,2,10,6,23,8,638,train
639,687,136,0,79,26,14,8,7,26,10.712605042016806,9.957137785484202,3.142857142857143,7.154421848739496,77,7,22,10,59,19,639,train
640,508,98,0,67,14,8,2,3,14,8.165986394557823,7.793537801064561,2.1666666666666665,6.863470068027211,65,6,13,4,47,12,640,test
641,788,149,5,91,40,22,7,14,23,14.542702702702705,11.20814326018867,6.2,9.692295135135137,94,5,30,10,84,33,641,train
642,845,149,12,96,29,13,10,8,24,9.55075075075075,10.504223727775692,3.7777777777777777,8.292955255255254,92,9,34,15,96,27,642,train
643,523,92,3,63,21,13,6,12,9,10.481159420289856,10.504223727775692,3.5,9.545946376811594,63,6,21,10,58,27,643,train
644,444,77,4,55,24,11,4,2,12,9.808658008658009,10.125756701596842,3.0,8.579396969696969,60,6,17,7,46,18,644,test
645,950,160,7,106,34,14,9,22,26,14.392857142857146,14.554592549557764,5.714285714285714,8.322964285714285,103,7,40,28,93,34,645,train
646,944,171,7,114,39,25,9,7,26,13.462280701754388,12.38480682065935,4.75,8.113249707602339,112,8,38,21,91,35,646,train
647,256,47,0,39,12,5,3,4,9,14.506382978723407,13.023866798666859,5.5,9.169546808510638,40,2,11,6,26,9,647,train
648,1099,200,11,134,30,20,16,19,22,9.514285714285714,10.290406445055957,2.642857142857143,7.739921428571429,127,14,38,22,118,36,648,train
649,352,62,1,43,15,9,5,3,6,5.605161290322581,10.355215969177355,3.4,6.034281935483871,45,5,16,9,36,3,649,train
650,253,53,1,38,7,8,4,7,5,9.330817610062894,9.725611199111238,2.3333333333333335,6.002389308176101,40,3,7,4,21,4,650,train
651,804,152,9,97,26,19,14,12,16,11.810526315789474,11.45678717892309,3.375,7.383702631578948,93,8,27,17,76,23,651,train
652,962,176,5,127,32,16,6,11,20,9.003660886319848,9.725611199111238,2.9166666666666665,9.280237186897882,124,12,38,16,100,35,652,train
653,209,44,0,30,11,9,0,2,9,5.3090909090909095,5.985473137389441,1.25,6.335281818181818,29,4,5,1,20,5,653,train
654,373,74,4,53,15,10,7,3,13,9.021621621621623,8.07648339933343,2.25,6.901262162162162,51,4,9,3,35,8,654,train
655,373,80,0,51,11,8,3,6,11,34.0,15.903189008614273,8.0,9.1835,51,1,8,5,25,6,655,train
656,328,54,5,48,17,6,4,0,6,9.505185185185187,9.888512548439397,3.0,10.312735555555555,47,5,15,7,39,15,656,train
657,359,67,2,53,13,6,3,6,7,9.685074626865672,9.516144504307135,2.25,7.766702985074627,51,4,9,5,32,11,657,test
658,243,54,0,35,8,0,4,2,6,23.081481481481482,11.20814326018867,7.0,9.823788888888888,36,1,7,2,25,4,658,train
659,268,51,0,38,12,9,1,3,6,6.432941176470589,7.554174236665414,1.6,8.167321960784314,36,5,8,3,27,7,659,train
660,213,44,0,31,13,9,1,3,6,7.127272727272729,8.07648339933343,1.5,7.770736363636364,30,4,6,3,23,6,660,train
661,1152,207,16,135,40,23,11,15,30,13.4512077294686,12.261556223090622,4.888888888888889,8.286188888888889,127,9,44,23,120,43,661,train
662,343,68,6,58,11,8,5,7,7,9.15294117647059,9.516144504307135,2.0,6.801758823529411,58,4,8,5,35,6,662,train
663,905,173,1,106,27,13,5,15,18,5.9542439914815946,7.85451343220497,1.263157894736842,6.82627134164892,103,19,25,13,90,24,663,train
664,288,57,0,41,13,9,3,4,8,8.010526315789475,8.841846274778883,1.6666666666666667,7.154892982456141,37,6,10,6,24,10,664,train
665,348,59,7,45,9,7,6,7,7,8.109830508474577,8.841846274778883,2.4,7.96855966101695,46,5,12,5,39,13,665,train
666,225,37,0,21,10,8,0,0,3,10.33873873873874,10.504223727775692,4.666666666666667,10.649584684684685,22,3,14,5,23,14,666,train
667,320,66,0,50,10,8,2,2,8,5.612121212121213,6.42735559955562,1.3333333333333333,6.813766666666667,49,6,9,2,33,6,667,train
668,282,54,0,38,11,9,3,2,2,7.622222222222224,8.07648339933343,2.0,8.107396296296296,36,4,8,3,26,10,668,train
669,234,46,1,37,12,8,1,3,6,9.611594202898551,9.725611199111238,2.0,9.202685507246377,39,3,7,4,26,10,669,train
670,1070,198,4,128,38,17,11,11,26,10.842424242424244,11.20814326018867,2.5833333333333335,8.442273737373737,114,12,35,24,98,40,670,train
671,1006,184,6,124,43,19,7,9,35,12.308212560386472,11.429527900616531,3.888888888888889,9.112935748792271,116,9,35,19,100,39,671,train
672,875,160,10,104,43,23,7,8,21,8.818181818181818,9.80015041476705,2.3636363636363638,8.897579545454544,103,11,29,15,97,33,672,train
673,347,59,2,45,15,8,0,4,8,10.645762711864407,12.161744961471694,4.25,9.45301525423729,45,4,17,10,30,12,673,train
674,613,118,6,84,33,15,5,4,18,12.095042735042735,10.793553405168563,3.4,8.57594341880342,84,5,17,9,70,20,674,train
675,139,28,0,21,5,3,6,2,0,11.200000000000001,3.1291,3.0,7.281014285714286,21,1,3,0,16,3,675,train
676,736,148,5,95,23,16,6,13,18,6.696326530612246,7.554174236665414,1.5,5.976844489795918,86,10,15,6,63,9,676,train
677,466,99,2,68,18,18,4,3,13,6.941496598639455,5.46131890053228,0.8333333333333334,5.735612925170068,68,6,5,1,41,6,677,test
678,503,97,0,72,23,10,3,3,14,6.36759941089838,6.868970318607317,1.2857142857142858,7.579484388807069,70,7,10,3,51,12,678,train
679,388,71,6,50,16,8,5,1,12,11.607042253521128,11.698219412168324,3.75,8.07520985915493,49,4,15,9,42,13,679,test
680,828,151,12,97,31,19,13,12,20,12.304761904761904,11.765960540728905,3.4285714285714284,8.383690476190477,93,7,24,16,87,25,680,train
681,1270,235,11,131,57,29,14,19,31,8.05675965665236,8.660442795831768,2.5,8.560430901287553,120,16,41,15,128,40,681,train
682,970,183,10,104,41,25,12,8,25,7.2444444444444445,8.238735603445708,2.0,7.828311111111112,93,15,30,12,117,36,682,train
683,228,45,0,35,8,3,1,5,6,12.555555555555557,11.20814326018867,3.0,8.261388888888888,35,2,6,4,20,9,683,train
684,494,94,2,69,21,11,6,6,12,6.800537634408602,8.07648339933343,2.125,8.627508602150538,68,8,17,6,52,17,684,train
685,1509,299,6,166,57,35,13,16,45,6.907935542718153,7.348242739294969,1.5,7.16231477652782,155,22,35,12,144,35,685,train
686,833,147,4,101,28,19,9,7,21,12.247959183673471,11.93303328291395,4.0,8.629668707482994,99,8,32,19,82,32,686,train
687,744,126,1,94,29,9,8,4,11,9.474603174603175,10.411451182825502,3.5,8.803811111111113,95,8,28,13,75,25,687,train
688,961,180,14,123,31,20,10,14,21,9.644444444444446,9.888512548439397,3.3,7.950466666666667,116,10,33,14,100,29,688,train
689,458,77,5,60,14,10,1,3,12,12.375324675324677,11.698219412168324,4.75,9.307793506493507,62,4,20,9,49,22,689,train
690,113,22,0,21,5,3,0,3,2,6.218181818181819,7.168621630094336,2.5,7.053009090909091,19,2,5,1,11,4,690,train
691,805,140,4,101,38,21,4,9,24,10.668115942028985,11.45678717892309,4.625,8.382389855072464,96,8,38,17,77,28,691,train
692,483,102,1,70,21,13,6,6,16,7.192156862745098,5.46131890053228,0.8333333333333334,5.563327450980392,65,6,5,1,41,5,692,train
693,896,161,12,111,40,25,14,7,25,10.575042348955392,10.63711953065702,3.1818181818181817,8.285445002823263,105,11,35,19,98,34,693,train
694,457,88,3,63,24,10,6,6,10,10.618181818181819,8.841846274778883,2.75,7.239745454545455,60,4,11,4,37,10,694,test
695,616,117,4,78,23,14,10,1,19,8.736996336996338,8.841846274778883,2.5714285714285716,8.78416105006105,77,7,18,7,71,15,695,train
696,919,169,2,112,28,13,11,8,20,11.329490022172948,11.567385478589937,2.909090909090909,8.130929933481152,109,11,34,24,94,33,696,train
697,793,147,5,106,22,15,9,8,27,11.66530612244898,10.608840637214634,3.7142857142857144,8.43762380952381,106,7,27,12,81,30,697,test
698,769,141,3,88,29,16,5,16,23,9.031884057971016,9.444778638647367,3.7777777777777777,8.516163768115941,86,9,34,11,81,30,698,train
699,671,133,0,89,28,17,6,8,19,7.114118629908105,7.3871296695380915,1.8888888888888888,7.3375228905597325,86,9,18,5,63,18,699,train
700,955,174,11,98,33,17,10,13,28,12.837931034482759,11.93303328291395,4.125,8.526679310344829,94,8,34,19,93,33,700,train
701,406,79,7,62,17,11,5,3,9,6.033273056057867,7.447530270364452,1.5714285714285714,6.794625858951175,64,7,10,4,44,10,701,train
702,165,30,0,27,9,5,1,3,6,8.666666666666668,10.125756701596842,4.0,8.064833333333333,26,2,8,3,15,6,702,test
703,823,145,5,92,32,22,4,8,23,16.797777777777778,14.836745963215662,7.0,9.341438333333333,92,5,35,21,86,31,703,test
704,756,142,6,100,27,12,7,4,21,13.050140845070423,9.888512548439397,4.8,10.160210422535211,98,5,29,7,78,26,704,train
705,272,51,0,39,9,7,1,4,9,10.590196078431374,10.686352973137792,2.5,7.674586274509804,38,4,10,7,23,10,705,train
706,404,71,3,47,17,14,3,1,10,13.973708920187796,12.457975602129121,7.333333333333333,9.035859624413145,46,3,22,8,37,18,706,test
707,267,50,2,40,6,5,6,5,4,11.600000000000001,8.841846274778883,3.5,8.3503,38,2,7,2,23,7,707,test
708,455,86,0,46,16,13,1,6,13,9.919379844961242,10.864195022040775,3.3333333333333335,7.468712403100775,44,6,20,11,36,13,708,train
709,1273,240,6,162,46,23,10,21,38,12.237824267782427,10.577609850970193,3.1,8.521688953974895,161,10,31,17,120,38,709,train
710,282,57,4,48,8,3,8,2,10,8.301754385964912,6.42735559955562,1.3333333333333333,7.349075438596492,50,3,4,1,31,3,710,train
711,469,88,2,62,21,14,1,8,14,7.2100840336134455,8.418075326091056,2.2857142857142856,6.467962184873949,63,7,15,6,48,9,711,test
712,780,143,9,94,27,12,16,8,15,7.563869463869463,8.59863814320734,1.9166666666666667,8.423510722610722,91,12,24,11,89,27,712,train
713,351,66,1,50,8,7,5,5,9,5.886060606060607,7.554174236665414,2.2,5.726674545454546,48,5,11,3,32,5,713,train
714,856,158,9,108,37,22,5,10,20,9.553867791842476,9.994966539143718,3.3333333333333335,8.304850492264418,104,9,30,13,95,28,714,test
715,541,110,3,76,16,6,12,6,17,7.74025974025974,8.418075326091056,1.7142857142857142,6.28201948051948,75,7,13,6,54,11,715,train
716,515,88,4,56,25,20,3,5,11,12.301298701298704,11.765960540728905,4.0,9.284133766233765,53,7,28,16,52,27,716,train
717,987,178,13,106,34,24,14,9,16,14.068539325842696,13.227904075235838,3.875,9.264201123595505,99,8,31,25,103,40,717,train
718,810,146,12,118,33,17,6,7,23,9.732758620689657,9.188382445141503,3.125,8.455775862068965,111,8,26,9,91,26,718,train
719,429,85,3,53,15,11,7,11,14,12.735294117647058,11.698219412168324,2.75,7.291205882352941,49,4,11,9,34,11,719,train
720,264,51,1,41,11,4,4,6,3,9.15294117647059,8.841846274778883,2.0,8.19499411764706,42,3,6,3,24,9,720,test
721,1028,179,12,122,45,27,8,9,27,10.97836465210767,11.20814326018867,3.6363636363636362,8.677817216861351,119,11,40,22,120,39,721,test
722,408,73,0,60,18,8,5,2,9,14.116894977168949,13.5591,6.666666666666667,8.304255251141551,60,3,20,10,40,16,722,train
723,305,60,0,48,10,4,0,5,10,6.666666666666668,7.793537801064561,1.5,6.764166666666667,45,6,9,4,27,9,723,test
724,544,92,5,68,22,15,6,2,12,10.474534161490684,10.914260884657427,2.857142857142857,10.295450931677019,70,7,22,13,72,25,724,test
725,348,65,0,54,13,9,7,3,7,7.661538461538462,8.238735603445708,2.0,7.925146153846153,52,5,9,4,41,9,725,train
726,877,166,10,105,39,22,6,10,20,10.495421686746988,10.577609850970193,2.5,7.979317831325302,98,10,26,17,88,28,726,train
727,637,110,5,79,20,9,6,7,12,11.331308411214955,11.20814326018867,2.75,9.16971308411215,73,8,22,16,64,24,727,train
728,432,83,0,43,13,10,0,5,13,7.152495697074011,7.957251820313856,2.857142857142857,6.887987779690189,41,7,19,5,35,13,728,train
729,635,123,4,83,14,10,3,10,19,12.82983050847458,11.979248473330827,4.0,7.349517627118644,82,5,20,12,56,18,729,test
730,1098,204,8,112,41,22,13,17,33,9.575044563279858,9.339509955726097,3.5454545454545454,8.116844741532978,101,11,40,13,111,27,730,train
731,351,66,1,53,14,6,4,3,9,29.07692307692308,15.903189008614273,12.0,11.961884615384616,54,1,12,5,37,11,731,test
732,981,176,13,122,43,21,12,11,26,10.633333333333335,10.864195022040775,2.75,8.781033333333333,112,12,34,22,108,38,732,train
733,318,60,0,46,12,5,3,4,10,9.333333333333334,9.516144504307135,3.25,9.1175,45,4,14,5,31,13,733,train
734,1169,201,13,128,50,27,12,12,28,10.553846153846155,10.727762888450027,3.6153846153846154,8.741826923076923,116,13,48,23,121,44,734,train
735,257,50,2,36,10,4,1,2,9,4.800000000000001,5.683917801722854,1.8,6.9747,38,5,8,1,28,5,735,train
736,399,75,1,52,16,13,3,2,9,7.666666666666668,8.344100000000001,1.8333333333333333,7.6250333333333336,48,6,11,5,36,12,736,train
737,893,149,10,103,34,17,11,12,12,12.796718866517526,12.457975602129121,3.5555555555555554,9.120474347501865,101,9,34,24,105,37,737,train
738,328,68,1,50,16,12,2,4,9,14.776470588235293,11.20814326018867,3.5,8.109370588235294,51,2,7,4,28,5,738,train
739,553,95,10,76,24,12,6,8,12,12.447368421052632,11.20814326018867,4.5,9.135973684210526,74,4,18,8,63,23,739,train
740,331,63,2,50,7,4,6,2,9,8.204761904761906,8.07648339933343,2.5,7.9265888888888885,48,4,10,3,34,11,740,train
741,455,86,0,46,16,13,1,6,13,9.919379844961242,10.864195022040775,3.3333333333333335,7.468712403100775,44,6,20,11,36,13,741,test
742,456,79,0,45,22,12,6,3,9,12.902278481012658,12.340626583579944,4.2,9.217142025316456,43,5,21,13,35,18,742,train
743,499,91,6,64,22,13,3,5,17,10.796483516483518,10.355215969177355,3.8,8.00954967032967,62,5,19,8,52,19,743,train
744,336,66,1,52,12,10,4,6,7,11.224242424242426,10.504223727775692,2.6666666666666665,6.163154545454546,52,3,8,5,30,8,744,test
745,1008,178,10,121,45,30,6,4,22,9.753558052434457,10.125756701596842,3.25,8.71891872659176,112,12,38,18,109,39,745,train
746,1315,246,4,159,54,32,21,16,34,7.902056432329029,9.007467420416297,2.411764705882353,7.499403778096605,154,17,41,18,141,38,746,train
747,319,58,0,39,17,12,3,3,7,11.871264367816092,11.20814326018867,4.333333333333333,10.312502298850575,38,3,13,6,30,16,747,test
748,531,102,6,72,20,10,9,6,16,10.512941176470589,10.355215969177355,2.4,7.74441843137255,71,5,12,8,53,11,748,train
749,269,48,2,32,11,8,6,2,5,9.033333333333335,10.125756701596842,2.3333333333333335,7.322883333333333,33,6,14,9,29,10,749,train
750,573,108,3,81,25,17,5,8,13,9.134391534391535,9.606745405546679,2.4285714285714284,7.325831216931217,80,7,17,9,62,17,750,test
751,764,146,2,94,35,21,6,10,21,8.954642313546422,9.150863307647796,2.888888888888889,7.901944140030441,89,9,28,10,72,26,751,train
752,419,73,0,56,16,8,1,3,12,11.135616438356164,11.698219412168324,3.75,8.65142602739726,56,4,13,8,45,18,752,train
753,767,137,5,88,38,22,5,8,18,14.09683698296837,12.745084868956482,4.666666666666667,9.609763260340632,89,6,28,17,81,37,753,train
754,506,98,1,59,22,15,4,2,16,12.601290322580645,12.340626583579944,3.6,7.275619139784946,57,5,18,13,47,15,754,test
755,854,163,1,96,22,18,9,6,19,10.4346284935242,9.994966539143718,2.888888888888889,7.440946080436264,88,9,28,13,69,24,755,train
756,972,184,1,110,32,20,8,9,29,13.122981366459626,10.914260884657427,4.714285714285714,8.630325776397516,102,7,33,13,92,29,756,train
757,460,85,2,66,18,12,1,5,15,7.078431372549019,7.793537801064561,2.3333333333333335,8.42599019607843,64,6,15,4,48,15,757,train
758,503,85,2,65,20,12,4,8,13,11.784313725490197,11.538034831475386,4.166666666666667,8.983284313725491,64,6,25,13,51,21,758,train
759,443,85,3,59,21,14,3,3,11,7.078431372549019,8.344100000000001,1.6666666666666667,7.311401960784314,55,6,11,5,38,12,759,train
760,478,86,7,62,20,10,4,4,22,9.670697674418605,11.20814326018867,3.0,7.794503720930233,61,5,15,10,49,11,760,train
761,1003,184,12,121,38,21,16,13,21,11.656038647342996,11.855464076750408,3.4444444444444446,8.340598792270532,117,9,34,21,101,30,761,train
762,170,33,0,28,5,4,0,5,4,9.024242424242425,10.125756701596842,3.0,7.80429393939394,26,2,6,3,13,5,762,test
763,390,63,2,53,15,9,2,4,7,12.024126984126983,12.340626583579944,3.4,9.274158412698412,55,5,17,13,42,16,763,train
764,821,153,13,100,32,21,6,10,24,10.198692810457516,10.25414643259724,2.7777777777777777,7.78218366013072,97,9,25,14,83,26,764,train
765,578,107,0,79,25,13,4,9,16,9.453369272237197,9.957137785484202,2.857142857142857,8.1116423180593,75,7,20,10,53,18,765,train
766,845,155,5,105,39,17,12,11,12,6.059553349875931,7.010146845296333,1.7692307692307692,7.589626550868486,101,13,24,6,83,22,766,train
767,186,39,3,31,8,5,1,7,6,5.9512820512820515,7.168621630094336,0.75,6.549330769230769,32,4,3,2,21,3,767,train
768,453,76,4,54,19,7,3,1,7,11.233333333333334,11.698219412168324,5.25,9.619299999999999,53,4,20,9,45,16,768,train
769,632,113,7,84,23,11,7,5,14,9.89829619921363,10.290406445055957,2.4285714285714284,9.189301572739186,88,7,18,11,90,22,769,train
770,413,79,2,58,18,7,3,7,12,10.370632911392406,10.355215969177355,2.0,7.818028101265823,59,5,10,8,44,13,770,test
771,795,150,6,100,25,14,9,13,18,7.866666666666667,8.238735603445708,2.6,7.2227,93,10,26,8,68,21,771,train
772,308,58,1,40,13,12,2,5,7,10.491954022988507,9.725611199111238,3.3333333333333335,8.134571264367818,40,3,10,4,28,12,772,train
773,808,147,8,98,25,13,9,13,19,10.07108843537415,10.411451182825502,3.25,7.877763945578232,94,8,27,13,75,28,773,train
774,620,121,2,97,27,14,11,7,16,7.041735537190083,8.472884824447931,1.75,7.388104958677687,92,8,14,7,64,18,774,train
775,825,151,1,106,31,17,11,7,25,10.463907284768212,10.411451182825502,3.75,8.650911920529802,103,8,33,13,84,28,775,train
776,459,85,1,63,18,12,4,7,11,7.2100840336134455,8.418075326091056,2.2857142857142856,7.582550420168067,64,7,15,6,46,12,776,train
777,709,122,3,79,26,17,7,6,10,7.18775956284153,8.447377352677275,1.6,9.087536284153005,80,15,24,13,87,24,777,train
778,1138,221,5,109,37,19,17,15,30,13.533548804137041,8.418075326091056,3.857142857142857,8.060361409179055,99,7,30,6,90,28,778,train
779,147,27,0,25,6,1,2,1,2,9.844444444444445,10.125756701596842,3.0,7.230174074074075,26,2,6,3,15,3,779,train
780,339,69,0,53,12,7,3,5,11,11.518840579710146,9.725611199111238,3.6666666666666665,7.294546376811594,52,3,12,4,25,10,780,train
781,237,48,1,39,8,5,2,7,5,7.968794326241135,7.793537801064561,1.6666666666666667,7.101226241134752,39,3,5,2,23,4,781,train
782,657,116,1,79,24,13,8,11,13,10.282758620689656,10.411451182825502,3.625,8.3032,77,8,30,13,58,22,782,train
783,422,86,5,69,15,9,4,5,11,6.309634551495018,7.447530270364452,1.4285714285714286,6.449127242524916,63,7,10,4,43,9,783,train
784,396,78,0,53,19,11,3,3,13,10.855384615384615,10.793553405168563,2.6,7.244362564102564,51,5,13,9,40,13,784,train
785,196,41,2,29,8,6,2,5,4,6.442276422764228,6.42735559955562,1.0,6.239976422764228,28,3,3,1,17,4,785,test
786,658,132,5,87,23,16,11,7,14,5.33818181818182,7.554174236665414,1.0666666666666667,6.106540606060606,83,15,16,9,69,12,786,train
787,665,120,4,75,25,16,6,5,18,12.266666666666667,10.355215969177355,4.4,9.037566666666667,74,5,24,8,67,28,787,train
788,402,75,1,57,12,4,3,4,12,10.700000000000001,10.686352973137792,4.0,8.145566666666667,57,4,16,7,39,15,788,train
789,280,58,1,41,13,7,0,2,8,7.179310344827586,7.168621630094336,1.0,7.622596551724138,39,4,4,2,21,7,789,train
790,353,64,3,48,16,9,4,5,9,15.925,13.81666964889586,5.5,8.6777625,47,2,11,7,29,9,790,train
791,352,71,5,45,12,11,5,2,11,10.593427230046949,8.841846274778883,2.0,7.701493427230046,45,3,9,3,28,9,791,train
792,78,14,0,14,4,0,1,0,2,5.6000000000000005,8.841846274778883,2.0,6.586614285714286,14,1,2,1,9,2,792,test
793,465,80,0,51,20,14,4,5,11,13.0,13.023866798666859,6.0,9.168125,51,4,24,12,41,21,793,train
794,241,44,0,32,13,10,0,4,5,10.412121212121214,10.504223727775692,3.3333333333333335,8.670330303030303,31,3,10,5,20,9,794,test
795,263,51,0,42,9,4,7,3,4,10.984313725490196,7.168621630094336,4.0,8.61659411764706,41,2,9,1,22,8,795,test
796,533,99,0,73,23,9,3,3,13,11.152323232323234,10.793553405168563,3.8,8.286963838383839,70,5,19,9,49,20,796,train
797,1048,184,8,116,39,26,9,12,23,11.212121212121213,11.567385478589937,4.2727272727272725,8.65880303030303,111,11,47,24,112,44,797,train
798,1069,191,5,116,38,23,13,23,21,10.483320867614061,11.491704259439757,3.0,7.619991997008228,106,14,42,30,109,36,798,test
799,423,72,1,54,17,9,2,4,13,10.533333333333335,10.125756701596842,5.0,9.354022222222223,55,4,20,6,44,17,799,train
800,221,36,5,28,11,5,1,4,3,9.244444444444445,9.725611199111238,3.6666666666666665,9.495033333333335,27,3,11,4,25,10,800,train
801,666,126,2,85,27,21,3,9,17,9.73968253968254,9.606745405546679,3.0,8.539458730158731,81,7,21,9,59,23,801,train
802,420,82,2,57,13,7,9,4,12,12.77530864197531,11.20814326018867,3.3333333333333335,7.899774074074074,58,3,10,6,42,10,802,train
803,644,118,5,90,26,17,10,4,11,8.63427495291902,9.725611199111238,2.5555555555555554,8.033590772128061,82,9,23,12,65,19,803,train
804,661,125,7,91,22,16,6,10,19,10.982857142857142,10.608840637214634,2.2857142857142856,7.048614285714286,88,7,16,12,62,18,804,train
805,354,66,6,54,18,7,1,7,10,8.036363636363637,8.841846274778883,1.8333333333333333,8.72770606060606,52,6,12,6,42,11,805,train
806,129,28,1,22,7,5,1,2,4,11.938461538461539,11.20814326018867,4.0,8.569946153846153,23,1,4,2,13,4,806,test
807,83,16,0,15,4,3,2,1,2,5.7,7.168621630094336,1.5,6.00705,15,2,3,1,7,2,807,train
808,275,54,0,39,13,10,1,6,7,10.162962962962965,10.504223727775692,2.6666666666666665,7.745781481481481,39,3,8,5,22,7,808,test
809,782,136,2,91,32,21,10,7,22,16.541176470588237,12.161744961471694,7.75,9.618708823529412,97,4,30,9,71,26,809,train
810,429,81,1,56,21,12,5,3,13,18.5,12.161744961471694,8.0,9.96275,57,2,17,5,41,14,810,train
811,488,96,2,61,19,17,6,1,12,8.066666666666668,8.344100000000001,2.8333333333333335,7.061766666666667,58,6,17,5,41,15,811,train
812,876,159,1,104,39,22,5,13,21,16.24201257861635,14.265292616868656,7.8,9.583339748427672,101,5,40,19,83,36,812,test
813,1137,188,9,134,44,23,10,23,16,11.373049645390072,11.538034831475386,4.416666666666667,10.124843262411346,135,12,54,25,119,52,813,train
814,544,102,7,75,16,11,6,9,15,10.721568627450981,10.864195022040775,3.6666666666666665,7.57577843137255,69,6,22,11,52,15,814,train
815,264,47,2,37,12,6,2,5,5,9.670921985815603,9.725611199111238,3.0,8.781013475177305,38,3,9,4,23,10,815,train
816,1009,177,11,114,40,24,7,8,24,14.182082324455207,12.540900571622839,5.571428571428571,8.994287247780468,107,7,41,19,115,36,816,train
817,648,116,7,77,28,19,3,3,18,11.526436781609195,10.864195022040775,4.5,8.134571264367818,78,6,26,11,56,20,817,test
818,665,122,6,86,24,15,6,8,10,11.071475409836067,8.841846274778883,3.8,8.600100655737705,81,5,23,5,65,22,818,train
819,551,107,2,75,21,11,8,7,17,11.550654205607477,10.793553405168563,3.4,8.09205214953271,71,5,18,9,54,20,819,train
820,865,161,3,125,31,9,6,15,25,11.0,10.125756701596842,3.625,9.168125,125,8,29,12,86,34,820,train
821,778,140,10,103,35,13,11,8,18,11.285714285714286,11.20814326018867,3.25,8.790357142857143,100,8,27,16,87,32,821,train
822,412,78,0,58,19,13,5,3,12,8.276923076923078,9.2995712137729,1.6666666666666667,6.508094871794872,56,6,10,7,36,10,822,train
823,467,80,2,58,18,8,5,5,12,11.0,10.686352973137792,6.5,8.970749999999999,58,4,26,7,43,20,823,train
824,319,64,0,51,13,8,3,6,10,8.275,8.07648339933343,2.0,5.66369375,51,4,8,3,30,4,824,train
825,89,17,0,15,6,4,0,1,1,9.15294117647059,8.841846274778883,4.0,9.123817647058823,15,1,4,1,8,4,825,train
826,1006,184,13,121,49,30,12,13,23,9.394202898550725,9.928628108626363,2.6666666666666665,8.344533333333334,112,12,32,17,108,35,826,train
827,105,21,1,19,5,4,1,2,2,12.0,11.20814326018867,5.0,7.7865,20,1,5,2,12,3,827,train
828,733,125,7,82,28,17,4,10,21,17.3,14.554592549557764,8.0,9.48138,82,4,33,16,75,31,828,train
829,202,35,2,34,10,5,2,5,2,5.7857142857142865,7.168621630094336,1.5,8.581928571428573,35,4,6,2,29,6,829,test
830,336,68,3,54,9,8,4,5,4,6.616470588235294,7.554174236665414,1.2,6.633118823529411,49,5,6,3,31,7,830,train
831,552,97,3,71,18,8,3,4,18,12.708453608247423,11.979248473330827,4.4,8.342760618556701,69,5,22,12,57,20,831,train
832,271,56,2,39,9,4,6,8,8,8.180952380952382,7.793537801064561,1.6666666666666667,6.25415238095238,38,3,5,2,19,4,832,train
833,214,38,0,33,9,4,3,4,7,10.757894736842106,10.125756701596842,3.5,9.980742105263158,34,2,7,3,21,8,833,train
834,954,170,8,108,33,18,11,15,19,12.5,11.45678717892309,4.0,8.405794117647059,100,8,32,17,98,30,834,train
835,641,121,3,76,30,22,6,10,13,8.033471074380165,8.472884824447931,2.375,7.649096694214876,75,8,19,7,66,17,835,train
836,307,62,2,46,12,8,3,5,6,8.911827956989248,7.793537801064561,3.0,6.189631182795699,45,3,9,2,24,5,836,test
837,1140,200,9,136,40,20,10,17,25,18.216666666666665,15.247664890283005,8.0,10.075835416666667,136,6,48,27,121,52,837,train
838,794,139,4,101,39,20,5,8,13,10.494324540367707,10.980518767755715,2.888888888888889,9.173623581135093,100,9,27,17,84,32,838,train
839,483,91,1,61,24,10,3,8,16,8.159120879120879,8.238735603445708,2.6,8.356582637362637,60,5,13,4,39,15,839,train
840,947,170,3,103,36,23,6,16,22,10.171945701357467,10.727762888450027,2.6153846153846154,8.464821266968325,99,13,35,23,79,35,840,train
841,568,107,1,77,15,9,6,8,16,9.421844660194175,9.827888789773866,1.875,7.187818446601941,76,8,15,11,55,15,841,test
842,861,164,8,113,26,12,9,14,24,11.416223585548739,11.429527900616531,3.0,8.215915405589639,107,9,27,19,81,28,842,train
843,744,149,3,90,28,18,5,13,17,9.44993288590604,10.125756701596842,1.8,7.13084201342282,85,10,18,15,62,20,843,train
844,406,69,3,57,13,8,3,6,9,10.93913043478261,8.841846274778883,6.0,9.354111594202898,59,3,18,4,36,16,844,test
845,516,89,1,68,23,12,3,4,15,9.528838951310863,9.725611199111238,2.8333333333333335,9.162458052434456,67,6,17,8,56,21,845,train
846,483,92,1,63,23,12,2,2,15,10.838260869565218,10.355215969177355,3.4,7.981748695652174,60,5,17,8,48,16,846,train
847,667,123,4,74,29,17,5,8,10,10.668123861566485,10.74609503303851,3.0,8.838773588342441,71,9,28,16,68,30,847,train
848,722,135,2,91,25,18,10,10,20,12.555555555555557,11.538034831475386,4.166666666666667,8.72924074074074,94,6,25,13,75,27,848,train
849,462,87,4,62,15,7,4,4,18,12.837931034482759,11.698219412168324,3.75,7.619208045977011,61,4,15,9,43,13,849,train
850,535,111,2,73,23,16,8,5,17,11.042162162162164,9.888512548439397,2.2,6.871403783783784,74,5,11,7,49,14,850,train
851,87,15,0,15,5,2,1,1,2,8.666666666666668,8.841846274778883,4.0,8.591166666666666,15,1,4,1,8,2,851,train
852,458,86,0,65,23,13,2,4,14,10.460465116279071,9.516144504307135,3.25,8.558597674418605,64,4,11,5,41,11,852,test
853,91,17,1,14,6,4,0,0,2,10.458823529411767,10.125756701596842,2.5,8.702217647058824,15,2,5,3,9,5,853,train
854,375,69,5,55,14,7,6,3,5,7.838840579710146,8.238735603445708,2.4,7.524748115942029,55,5,12,4,36,9,854,train
855,312,62,0,48,18,8,0,3,13,12.137634408602151,11.20814326018867,3.3333333333333335,8.227050537634408,46,3,10,6,26,10,855,train
856,741,146,9,89,22,14,6,7,19,9.491780821917809,8.841846274778883,2.375,6.2721109589041095,80,8,19,8,63,15,856,train
857,991,171,6,124,42,24,11,15,19,10.607843137254903,11.038039088145766,3.9166666666666665,9.354813725490196,118,12,48,23,101,45,857,train
858,1420,255,9,156,51,38,5,31,22,9.512254901960786,9.516144504307135,2.4375,8.451901960784314,149,16,39,20,137,43,858,train
859,884,160,4,105,40,24,4,9,19,10.611111111111112,10.74609503303851,3.4444444444444446,8.564465277777778,100,9,34,16,85,29,859,train
860,585,109,2,77,23,14,2,6,16,9.486697247706422,9.827888789773866,2.625,8.078722018348625,71,8,21,11,52,21,860,train
861,769,147,0,94,38,24,8,8,21,12.793197278911565,10.864195022040775,4.0,8.074148979591836,90,6,24,11,71,17,861,test
862,468,93,0,60,20,10,4,2,17,9.210752688172043,9.2995712137729,2.3333333333333335,7.4614290322580645,58,6,14,7,41,12,862,train
863,314,60,0,41,20,5,3,3,7,28.0,17.122413403193683,8.0,10.296833333333334,40,1,8,6,24,8,863,train
864,897,158,9,115,36,18,12,11,26,9.796087456846951,10.018931242160765,2.909090909090909,8.146531300345224,110,11,33,16,89,33,864,train
865,339,66,0,50,18,9,2,2,12,8.346153846153845,8.07648339933343,1.75,7.357576923076923,50,4,7,3,29,8,865,train
866,723,133,0,103,32,15,6,6,22,10.306766917293233,9.957137785484202,2.7142857142857144,8.49671954887218,100,7,20,10,68,23,866,train
867,400,74,5,58,14,10,1,5,12,8.082162162162163,8.841846274778883,3.2,6.717742162162162,54,5,16,5,33,10,867,test
868,761,136,1,99,31,16,5,7,24,11.300840336134454,11.491704259439757,3.7142857142857144,8.663760084033612,97,7,29,15,68,27,868,train
869,361,69,4,53,14,5,6,1,13,9.577971014492755,9.888512548439397,2.0,7.982429275362319,52,5,10,7,36,12,869,train
870,1113,200,11,125,41,24,9,19,33,11.153846153846155,11.051253699011982,3.1538461538461537,8.268126923076924,120,13,41,25,102,39,870,train
871,676,133,0,79,27,17,7,12,21,8.454511278195488,8.472884824447931,2.375,8.022754135338346,76,8,19,7,61,23,871,train
872,389,76,1,53,17,12,4,4,10,12.336842105263159,11.698219412168324,3.75,8.734163157894738,54,4,15,9,39,15,872,train
873,846,155,0,92,32,21,9,11,17,11.275985663082437,11.20814326018867,3.0,8.259948028673836,89,9,28,18,71,29,873,train
874,621,113,6,84,22,13,6,4,15,12.135103244837758,11.538034831475386,3.5,8.06399616519174,82,6,21,13,64,20,874,train
875,407,76,4,62,20,12,1,6,9,12.133333333333333,10.504223727775692,3.3333333333333335,7.823966666666667,64,3,10,5,51,9,875,train
876,317,58,0,39,10,8,3,2,8,12.00689655172414,12.161744961471694,3.25,7.622596551724138,37,4,13,10,26,11,876,train
877,352,69,3,60,18,9,2,5,8,7.151044776119403,7.554174236665414,1.2,9.014572835820896,60,5,7,3,42,12,877,train
878,925,170,8,87,37,20,10,7,23,13.686274509803923,10.504223727775692,4.833333333333333,8.757127450980391,84,6,30,10,90,36,878,train
879,281,48,2,38,13,7,1,3,8,22.533333333333335,14.554592549557764,13.0,11.609591666666667,42,1,14,4,27,17,879,train
880,452,90,0,65,20,8,4,5,13,9.422222222222222,8.841846274778883,1.6,7.160966666666667,62,5,8,5,43,9,880,train
881,549,104,4,71,11,9,1,8,13,7.827461858529819,8.418075326091056,1.8571428571428572,7.279047018030513,69,7,14,6,53,12,881,train
882,682,128,3,85,25,20,11,7,21,10.751785714285715,10.290406445055957,3.4285714285714284,8.490971428571429,82,7,23,10,66,22,882,train
883,822,142,8,88,35,26,8,11,20,14.790070921985816,13.81666964889586,6.5,9.84146170212766,90,6,41,21,89,40,883,train
884,901,172,13,107,35,22,5,13,24,8.682352941176472,8.841846274778883,3.1,7.637700000000001,100,10,30,10,97,24,884,train
885,425,77,5,60,13,7,6,5,10,14.422510822510823,13.023866798666859,4.0,8.600735497835498,59,3,12,9,41,13,885,train
886,339,66,3,49,9,5,3,4,8,8.275,8.07648339933343,1.75,6.65056875,49,4,7,3,40,6,886,train
887,831,156,2,106,28,11,10,7,25,7.620512820512821,8.384062270229773,2.230769230769231,7.268238461538462,103,13,31,11,86,21,887,train
888,616,115,8,68,20,14,7,4,15,6.850241545893721,7.3871296695380915,2.3333333333333335,8.114799516908214,66,9,22,5,66,18,888,train
889,1202,216,13,156,45,20,7,21,29,10.261952861952864,10.018931242160765,3.4545454545454546,8.411759932659933,149,11,38,15,146,35,889,train
890,306,55,2,37,16,9,2,4,8,10.969696969696969,10.504223727775692,2.6666666666666665,8.278015151515152,37,3,8,5,26,10,890,train
891,397,69,1,51,16,10,2,4,9,14.997101449275362,13.5591,6.333333333333333,10.498314492753623,51,3,19,10,42,23,891,train
892,396,70,0,45,19,4,4,2,15,8.142857142857144,7.168621630094336,2.5,8.339214285714286,45,4,11,2,36,14,892,train
893,159,29,0,29,7,2,2,1,4,6.590476190476192,8.841846274778883,2.3333333333333335,8.046933333333333,28,3,7,3,16,5,893,train
894,152,32,0,26,6,4,1,0,5,5.516666666666667,6.42735559955562,1.0,6.6327541666666665,27,3,3,1,12,1,894,train
895,404,80,0,62,21,6,5,5,14,9.0,8.07648339933343,2.0,7.589125,62,4,8,3,39,13,895,test
896,585,113,7,83,22,12,8,8,15,8.581036662452592,9.236282656511921,2.7142857142857144,7.23187597977244,80,7,20,8,69,15,896,train
897,442,77,1,49,19,14,4,4,11,10.315844155844156,10.793553405168563,4.2,8.501638701298702,51,5,21,9,39,15,897,train
898,194,34,1,28,13,7,0,3,5,10.458823529411767,10.125756701596842,2.25,9.631041176470589,29,4,9,6,18,11,898,train
899,123,23,0,21,7,3,1,2,2,4.805797101449276,6.42735559955562,1.0,8.822418840579711,22,3,3,1,12,4,899,test
900,718,135,5,92,31,18,6,10,22,16.759259259259263,13.81666964889586,5.75,7.883685185185185,89,4,23,14,63,21,900,train
901,885,171,8,95,32,19,10,8,23,12.110609857978279,10.290406445055957,3.0,7.525993400167084,88,7,21,11,84,22,901,train
902,683,134,1,74,26,18,6,8,23,7.7466003316749585,8.515128840125781,2.3333333333333335,6.496033665008293,70,9,21,8,58,14,902,train
903,1083,194,15,118,46,33,10,15,26,11.686586067933218,11.429527900616531,4.777777777777778,8.95444496257916,114,9,45,19,116,39,903,train
904,428,86,3,63,11,8,3,5,16,9.995348837209303,8.07648339933343,2.5,7.27336511627907,60,4,10,3,38,9,904,train
905,541,101,5,79,25,13,6,10,16,9.10957095709571,9.2995712137729,2.8333333333333335,6.9728194719471945,77,6,17,7,57,14,905,train
906,382,64,3,45,17,11,4,3,11,14.158333333333331,13.5591,6.333333333333333,9.135570833333333,45,3,19,10,34,14,906,train
907,705,128,3,88,25,17,7,7,20,11.0875,11.45678717892309,3.75,8.254240625000001,85,8,31,17,75,27,907,train
908,754,145,2,83,34,23,2,5,22,11.873563218390807,10.125756701596842,3.1666666666666665,8.319856321839081,81,6,20,9,69,23,908,train
909,663,113,7,72,28,20,4,7,17,12.474841972187106,12.031772070788634,4.571428571428571,8.76895562579014,70,7,32,17,73,28,909,train
910,305,54,1,40,11,6,3,6,8,9.844444444444445,10.125756701596842,3.25,8.399803703703704,42,4,13,6,26,12,910,train
911,701,133,2,81,33,22,4,12,17,14.202255639097746,8.841846274778883,6.25,8.728632330827068,80,4,24,4,63,17,911,train
912,430,81,0,67,17,9,7,1,16,7.375308641975309,8.344100000000001,1.8333333333333333,7.230174074074075,64,6,11,5,39,12,912,train
913,827,146,6,105,35,22,3,11,20,12.933333333333335,11.538034831475386,5.333333333333333,9.541969444444444,103,6,33,13,86,34,913,test
914,196,37,0,28,7,6,2,1,6,10.643243243243244,11.20814326018867,5.0,7.541397297297298,29,2,10,4,16,7,914,train
915,385,72,5,50,20,10,2,3,12,11.088888888888889,10.686352973137792,2.5,8.257494444444443,50,4,11,7,35,11,915,train
916,918,171,7,122,34,20,11,9,21,11.408855472013366,8.841846274778883,3.2857142857142856,8.63406357560568,114,7,23,7,101,25,916,train
917,654,119,10,77,26,14,16,10,19,7.617325800376648,8.841846274778883,2.0,8.167404331450093,73,9,19,10,79,21,917,test
918,803,130,7,88,20,15,11,9,16,11.115384615384617,11.20814326018867,4.5,8.329269230769231,88,8,36,16,95,26,918,train
919,206,41,0,33,9,5,2,1,7,9.36910569105691,9.725611199111238,2.0,7.395342276422764,32,3,6,4,18,6,919,train
920,276,50,0,37,16,11,0,1,6,9.8,10.686352973137792,3.0,7.7303,36,4,12,7,28,9,920,train
921,826,142,9,100,28,16,6,14,22,14.818779342723005,13.5591,5.166666666666667,9.703042723004696,104,6,30,20,89,32,921,test
922,522,93,2,70,16,13,6,3,10,10.501075268817203,10.864195022040775,3.0,10.00820322580645,69,6,18,11,55,18,922,train
923,573,103,4,69,20,13,2,5,14,11.297254901960784,10.793553405168563,4.2,8.98284980392157,69,5,22,9,61,21,923,train
924,350,66,0,51,16,8,0,2,7,8.31030303030303,9.3871,2.0,7.401371515151515,49,5,10,6,30,8,924,train
925,573,122,0,65,21,15,4,12,12,6.733697632058288,6.937597516519254,1.1111111111111112,6.379675227686703,63,9,10,4,50,9,925,train
926,530,100,1,77,21,13,6,6,15,8.514285714285714,9.236282656511921,2.2857142857142856,7.345171428571429,75,7,16,8,53,14,926,train
927,923,156,14,117,36,16,14,11,17,9.82974358974359,11.003577315987393,3.5,8.357759999999999,106,10,34,18,109,30,927,test
928,435,81,1,67,18,8,4,5,7,8.455308641975309,8.238735603445708,2.0,7.753970617283951,67,5,11,4,43,11,928,train
929,556,104,6,60,24,16,4,9,13,11.781538461538462,10.793553405168563,4.2,8.615680000000001,59,5,21,9,49,20,929,test
930,916,168,13,109,27,14,13,14,18,11.276190476190477,10.74609503303851,3.2222222222222223,8.227902380952381,102,9,28,16,96,31,930,train
931,931,167,8,121,36,11,13,12,23,8.946978769733262,9.339509955726097,2.6363636363636362,8.171554109961894,114,11,29,13,96,27,931,train
932,946,179,5,110,43,31,6,11,21,13.318684047175669,13.023866798666859,3.5555555555555554,8.15148050900062,107,9,32,27,90,33,932,train
933,962,171,9,116,38,20,5,9,35,10.582690058479534,10.793553405168563,3.0,8.270566432748538,111,10,32,18,99,32,933,train
934,372,77,0,58,10,4,7,5,8,6.16,3.1291,1.2,5.8357945454545455,59,5,6,0,34,4,934,train
935,707,126,6,91,27,9,5,6,19,7.262222222222222,8.841846274778883,2.6,7.8956663492063495,82,10,29,10,74,22,935,test
936,113,21,0,20,5,3,0,3,3,8.009523809523811,8.841846274778883,2.5,7.91682380952381,20,2,5,2,10,4,936,train
937,305,56,1,44,12,5,3,6,7,14.057142857142859,11.20814326018867,4.5,8.126907142857142,44,2,9,4,27,8,937,train
938,1015,185,8,126,49,29,4,14,27,17.918688524590163,13.662883650711645,7.0,9.248362732240437,123,5,36,17,99,34,938,train
939,360,69,0,52,15,8,3,4,8,8.63913043478261,8.841846274778883,2.0,7.695868115942029,50,4,8,4,29,9,939,train
940,391,81,2,55,8,6,9,9,8,6.881481481481481,8.344100000000001,1.0,7.230174074074075,55,6,6,5,37,6,940,train
941,846,159,9,109,38,21,9,11,27,7.869433962264151,8.238735603445708,2.5,7.702309811320755,104,10,24,8,82,23,941,train
942,503,92,3,64,18,11,5,4,14,6.9962732919254655,9.236282656511921,2.7142857142857144,5.833059627329193,61,7,20,8,50,9,942,train
943,355,62,3,49,16,7,1,5,8,15.625806451612902,13.023866798666859,6.5,10.012970967741936,48,2,13,6,34,13,943,train
944,625,119,3,78,22,17,8,6,18,10.286274509803922,10.504223727775692,3.6666666666666665,7.2740148459383756,77,6,22,10,52,14,944,train
945,286,56,0,38,7,7,7,5,1,7.337142857142857,8.238735603445708,1.6,6.4477342857142865,36,5,8,4,27,6,945,train
946,1106,202,1,93,44,34,10,17,23,10.363719862227326,10.389873798559362,2.923076923076923,8.33125300420972,90,13,40,21,106,46,946,train
947,776,138,10,89,33,22,5,7,21,10.668115942028985,10.686352973137792,4.0,8.725650724637681,86,8,32,14,77,28,947,train
948,1064,205,10,146,35,18,15,11,32,10.163279857397505,9.80015041476705,2.1818181818181817,8.581256506238859,136,11,27,15,110,29,948,train
949,811,142,7,103,26,13,14,7,16,9.916901408450705,10.411451182825502,3.875,8.297604225352114,102,8,32,13,85,26,949,train
950,752,133,12,93,30,20,7,10,23,14.449465648854963,13.023866798666859,6.2,8.91365358778626,89,5,32,15,83,30,950,train
951,319,64,1,48,13,9,3,2,9,5.745000000000001,5.683917801722854,1.8,6.49184875,48,5,9,1,27,8,951,train
952,183,29,3,25,5,3,2,1,3,17.117241379310343,15.903189008614273,11.0,8.886279310344827,26,1,13,5,18,6,952,train
953,459,86,1,65,18,13,1,7,12,9.670697674418605,9.3871,2.8,7.978108372093024,64,5,15,6,46,13,953,train
954,751,134,8,94,28,17,10,13,16,11.53773987206823,11.20814326018867,3.857142857142857,9.29941855010661,88,7,27,14,77,28,954,train
955,442,87,1,60,14,11,4,4,13,10.539080459770116,8.841846274778883,2.25,7.9821965517241384,58,4,9,4,46,13,955,train
956,330,68,1,51,9,8,8,2,9,8.564705882352943,8.07648339933343,1.25,6.3373470588235294,50,4,5,3,25,4,956,train
957,957,175,8,105,37,27,9,10,24,12.178571428571429,10.9516,4.75,8.781785714285714,98,8,39,15,95,35,957,train
958,954,171,3,106,44,29,3,15,24,10.194790005316321,10.832165505486643,3.4545454545454546,8.747496065922382,101,11,38,20,100,37,958,train
959,621,114,1,70,25,11,5,4,20,11.225263157894737,9.3871,3.8,7.676064210526317,69,5,22,6,55,16,959,test
960,192,37,0,26,10,6,0,3,7,9.257657657657658,9.725611199111238,3.0,7.235530630630631,24,3,9,4,15,7,960,train
961,432,79,5,65,22,9,1,3,9,9.357974683544304,9.3871,2.6,9.417015443037975,63,5,15,6,44,15,961,train
962,929,176,7,133,37,18,13,13,18,7.385163776493257,7.793537801064561,2.0,7.272260308285164,133,12,27,8,104,21,962,train
963,246,45,1,32,7,5,4,4,6,7.166666666666668,8.07648339933343,2.25,7.001611111111111,35,4,9,3,24,8,963,train
964,393,75,3,57,15,11,6,3,9,9.200000000000001,9.3871,2.2,6.9069,60,5,11,6,33,9,964,train
965,1105,192,17,134,46,18,5,16,31,12.258522396742293,11.20814326018867,4.777777777777778,9.483991332169866,129,9,43,18,128,47,965,train
966,254,45,3,35,11,6,3,3,4,8.944444444444445,10.125756701596842,2.25,9.106944444444444,36,4,9,6,25,11,966,train
967,567,103,5,70,27,20,4,3,15,11.735145631067963,10.793553405168563,4.0,8.0308813592233,68,5,20,9,51,21,967,train
968,560,95,4,70,21,10,6,6,17,8.539473684210526,9.516144504307135,3.25,8.546973684210526,70,8,27,10,54,24,968,train
969,410,74,0,44,20,15,3,4,11,12.264864864864865,12.161744961471694,5.0,8.60828918918919,43,4,20,10,36,17,969,train
970,880,144,5,93,33,15,6,10,17,12.511111111111113,12.261556223090622,5.0,9.693433333333335,94,9,45,23,92,40,970,train
971,498,93,2,70,17,9,8,8,12,11.310967741935485,11.602472056035307,2.4,7.954758924731183,68,5,13,11,44,10,971,train
972,490,89,1,59,15,7,1,6,9,9.367191011235956,9.888512548439397,3.4,7.535447415730337,58,5,18,7,48,14,972,train
973,1066,189,12,120,33,20,9,14,26,10.734751773049645,11.038039088145766,3.6666666666666665,8.025109219858155,119,12,44,23,111,37,973,train
974,1432,272,13,151,71,47,13,12,42,15.805882352941177,12.602617957971052,6.0,9.212348529411765,144,8,48,22,153,45,974,train
975,962,184,1,97,42,21,11,13,28,9.57458193979933,10.560738912317856,2.6153846153846154,8.543476421404684,96,13,32,20,85,30,975,train
976,279,54,1,46,16,5,1,2,9,23.081481481481482,11.20814326018867,6.0,8.069344444444443,49,1,6,2,26,5,976,test
977,490,92,6,66,18,15,9,5,13,9.1768115942029,9.725611199111238,2.8333333333333335,7.143120289855072,63,6,17,8,52,12,977,train
978,410,78,3,59,18,11,2,6,10,8.804102564102564,9.3871,2.8,8.25654205128205,58,5,14,6,37,14,978,train
979,562,110,6,79,20,15,4,4,16,8.424242424242424,7.793537801064561,1.3333333333333333,7.27319696969697,78,6,8,4,59,14,979,test
980,496,96,2,67,17,12,9,3,15,10.850000000000001,8.841846274778883,2.75,8.7744,67,4,12,4,45,17,980,train
981,616,110,1,76,23,10,8,7,12,8.4,9.120678840339163,2.2,7.627190909090909,72,10,22,11,62,20,981,train
982,268,52,1,45,9,4,5,3,9,8.471794871794872,7.793537801064561,2.3333333333333335,6.621810256410257,46,3,6,2,25,5,982,train
983,259,47,0,39,11,8,3,4,5,10.251063829787235,8.841846274778883,4.5,8.497631914893617,39,2,9,2,27,9,983,train
984,331,70,1,54,11,9,4,6,10,7.571428571428571,5.985473137389441,1.25,6.309071428571428,50,4,5,1,26,5,984,test
985,472,77,6,62,19,12,4,7,5,9.808658008658009,11.20814326018867,3.3333333333333335,9.80978658008658,63,6,21,12,51,22,985,train
986,561,107,3,66,33,23,0,3,18,12.298317757009347,11.602472056035307,4.2,8.82990261682243,62,5,22,11,53,23,986,test
987,691,126,4,88,28,18,5,11,20,12.493333333333334,11.855464076750408,4.333333333333333,8.080473333333334,82,6,27,14,62,23,987,train
988,515,102,2,72,26,9,6,5,10,8.573669467787115,8.841846274778883,1.2857142857142858,8.074536974789916,65,7,9,7,53,15,988,test
989,581,101,8,72,21,15,8,8,14,10.127864214992929,10.608840637214634,3.7142857142857144,9.511266053748233,71,7,26,12,62,30,989,train
990,57,10,0,10,3,2,0,0,2,4.0,3.1291,2.0,7.2905,10,1,2,0,6,2,990,train
991,834,146,12,111,34,22,5,10,14,9.94958904109589,10.125756701596842,3.2,8.14593397260274,106,10,31,15,91,24,991,test
992,323,65,2,48,12,7,2,4,13,8.961538461538462,8.841846274778883,2.0,6.628807692307692,49,4,8,4,29,6,992,test
993,895,150,6,102,34,22,5,12,17,10.254545454545456,10.832165505486643,3.6363636363636362,9.049863636363636,103,11,40,20,101,37,993,test
994,567,107,1,76,18,10,10,12,15,9.37632398753894,9.725611199111238,3.0,7.7675753894081,72,6,18,8,50,17,994,train
995,524,94,1,66,25,12,11,4,10,9.806382978723406,10.411451182825502,2.875,8.754725531914893,66,8,23,13,57,24,995,train
996,774,137,2,90,34,10,3,11,18,8.893795620437956,8.472884824447931,2.375,8.058819708029198,87,8,20,7,77,22,996,train
997,1116,204,7,103,45,24,12,8,27,8.760784313725491,8.344100000000001,2.4166666666666665,8.65940588235294,99,12,29,10,114,34,997,train
998,1003,187,11,122,40,16,5,7,28,10.260748663101605,10.125756701596842,3.1,7.603806096256685,118,10,33,15,113,28,998,train
999,636,131,0,80,25,17,7,7,16,7.04359626802375,7.793537801064561,1.8888888888888888,6.407539525021205,72,9,17,6,55,15,999,train
1000,387,71,2,59,16,11,2,2,9,8.11361502347418,10.125756701596842,2.1666666666666665,7.1145600938967135,58,6,13,9,43,9,1000,test
1001,691,130,4,70,20,16,8,7,18,13.897435897435898,12.745084868956482,4.333333333333333,8.47647435897436,68,6,26,17,57,27,1001,test
1002,513,107,0,81,25,14,5,5,17,12.486792452830189,10.125756701596842,3.25,7.632220754716981,76,4,13,6,49,9,1002,train
1003,107,20,0,18,5,3,0,1,5,12.0,11.20814326018867,4.0,7.7865,18,1,4,2,11,3,1003,train
1004,1179,231,7,154,46,18,9,17,34,8.136645962732919,8.418075326091056,1.9285714285714286,7.609357142857143,143,14,29,12,119,28,1004,train
1005,294,54,0,48,15,5,4,5,7,10.162962962962965,9.725611199111238,2.0,10.085040740740741,49,3,6,4,32,12,1005,test
1006,327,63,1,51,16,8,4,5,10,8.214603174603175,8.841846274778883,1.8,8.020983809523809,52,5,9,5,31,12,1006,train
1007,1082,215,1,116,39,22,8,12,31,10.989906542056076,9.642632912329528,2.8,7.280416635514019,111,10,28,13,81,26,1007,test
1008,1095,209,1,143,38,23,11,15,29,8.445893719806763,8.841846274778883,2.0,8.229829468599034,138,12,27,12,107,27,1008,train
1009,653,123,1,79,20,10,9,4,16,10.052439024390246,10.411451182825502,3.25,8.378693495934959,78,8,26,13,57,23,1009,train
1010,670,130,0,82,31,16,4,12,9,7.316239316239316,7.3871296695380915,1.6666666666666667,7.02509829059829,78,9,15,5,60,16,1010,train
1011,956,177,6,120,32,17,6,11,24,9.289830508474578,9.516144504307135,2.3333333333333335,7.758043502824859,112,12,29,16,94,27,1011,train
1012,976,184,6,120,38,19,8,8,26,11.808695652173913,10.686352973137792,4.0,8.381539130434783,116,8,33,14,98,31,1012,train
1013,627,117,4,80,21,13,9,9,16,9.268803418803419,10.125756701596842,2.75,8.545575213675214,78,8,23,12,67,25,1013,train
1014,143,24,0,21,6,5,0,0,2,6.544927536231885,7.793537801064561,2.6666666666666665,11.56850579710145,24,3,8,2,20,8,1014,test
1015,417,76,0,54,22,11,2,3,10,10.8,10.793553405168563,3.2,9.643833333333333,55,5,16,9,45,14,1015,train
1016,607,120,3,77,17,11,11,4,15,9.2225988700565,7.793537801064561,3.0,8.091119209039547,73,6,19,4,58,18,1016,train
1017,627,126,5,87,16,9,10,8,20,11.257142857142858,10.504223727775692,2.1666666666666665,7.184449206349207,80,6,13,10,56,14,1017,train
1018,833,171,3,89,29,15,16,11,26,9.237426900584795,8.167268648758528,1.5555555555555556,6.425683625730994,85,9,14,7,83,11,1018,test
1019,325,58,2,47,12,6,4,6,7,9.248275862068965,9.516144504307135,3.25,8.439320689655172,48,4,13,5,34,12,1019,train
1020,790,146,5,86,35,20,12,7,19,10.313698630136987,9.827888789773866,3.25,9.084028767123288,80,8,28,11,79,34,1020,train
1021,433,87,1,62,18,10,2,10,12,14.257364341085273,11.20814326018867,4.0,9.097668992248062,66,3,12,6,44,11,1021,train
1022,352,67,1,47,15,8,4,4,12,10.127363184079602,8.841846274778883,4.333333333333333,8.04363631840796,49,3,13,3,30,10,1022,train
1023,78,11,0,11,6,2,0,0,0,9.472727272727274,8.841846274778883,1.5,16.82839090909091,11,2,3,2,12,4,1023,train
1024,564,104,2,69,24,18,8,5,17,9.019780219780221,9.606745405546679,2.4285714285714284,8.320914285714286,65,7,19,9,55,19,1024,train
1025,809,145,4,91,34,20,2,6,21,14.080459770114942,12.745084868956482,4.666666666666667,8.864339080459771,92,6,29,17,71,24,1025,train
1026,279,52,0,41,14,9,1,3,6,5.698461538461539,6.742157984588678,1.8,7.796186153846154,41,5,9,2,27,6,1026,train
1027,314,62,3,49,16,8,2,4,11,8.135483870967743,8.07648339933343,1.5,6.952074193548387,45,4,6,3,28,6,1027,train
1028,701,126,3,77,29,21,3,8,20,10.426984126984127,10.411451182825502,3.375,9.054446031746032,73,8,28,13,73,31,1028,train
1029,584,109,3,82,25,15,5,7,12,10.162962962962965,9.725611199111238,3.0,8.330596296296296,84,6,18,8,69,20,1029,train
1030,1380,237,16,155,56,26,8,21,39,12.018046088932165,12.091993763477543,4.076923076923077,8.937961343719572,146,13,55,32,139,54,1030,test
1031,638,116,5,85,25,16,6,13,15,6.631974921630094,8.296473431620573,1.9090909090909092,8.515416614420062,80,11,21,9,73,22,1031,train
1032,400,70,3,55,15,8,2,6,8,10.428571428571429,10.125756701596842,3.5,9.918214285714285,57,4,14,7,47,16,1032,test
1033,141,27,0,23,6,5,0,1,5,8.362962962962964,8.841846274778883,2.5,8.399803703703704,22,2,5,2,13,7,1033,train
1034,422,71,1,55,17,6,1,5,15,13.567323943661973,13.023866798666859,3.8,8.343918591549297,55,5,19,15,39,18,1034,train
1035,669,127,3,91,27,19,5,5,22,10.304761904761905,9.2995712137729,3.5,8.186988888888889,92,6,21,7,74,18,1035,train
1036,679,139,2,91,30,19,5,9,19,7.5743884892086335,7.908726449838941,1.5,7.052270935251798,87,10,15,7,63,16,1036,train
1037,1095,196,9,128,36,21,9,11,29,11.02312925170068,11.37473899888905,3.3333333333333335,7.749643537414966,118,12,41,25,102,35,1037,test
1038,1141,193,15,120,39,20,8,13,23,11.614680483592402,11.538034831475386,3.9166666666666665,9.261228151986183,111,12,47,26,117,49,1038,train
1039,1431,256,15,162,54,24,17,12,33,11.814583333333333,11.20814326018867,3.9166666666666665,8.518773958333334,148,12,50,23,151,50,1039,train
1040,814,165,1,97,21,14,14,16,25,7.8121212121212125,8.548686976883017,1.7,6.560233333333334,91,10,17,9,66,15,1040,train
1041,321,59,1,51,12,8,8,4,5,5.397966101694916,5.683917801722854,1.2,8.503813898305085,50,5,6,1,36,9,1041,train
1042,347,64,1,54,12,7,2,4,8,16.40952380952381,14.554592549557764,7.0,8.95842380952381,55,2,15,8,30,14,1042,train
1043,633,124,5,77,24,15,7,11,12,6.801433691756273,6.937597516519254,1.7777777777777777,6.102619713261649,73,9,16,4,52,11,1043,train
1044,780,149,2,105,22,12,14,7,19,9.866107382550336,10.411451182825502,2.75,8.163387248322149,103,8,23,13,81,22,1044,train
1045,456,85,8,63,17,11,3,7,13,8.019607843137255,8.344100000000001,2.5,8.054460784313726,62,6,15,5,56,12,1045,train
1046,489,93,2,69,20,11,2,3,16,9.477802197802196,9.3871,2.6,8.00954967032967,71,5,13,6,55,16,1046,train
1047,547,102,5,76,20,10,7,5,14,10.329411764705883,10.504223727775692,2.6666666666666665,7.885386274509804,74,6,16,10,58,16,1047,train
1048,342,63,0,41,11,9,6,6,10,9.474603174603175,10.125756701596842,4.0,7.174684126984127,41,4,16,6,28,9,1048,train
1049,560,117,0,66,20,16,8,7,16,8.395115995115995,8.418075326091056,2.142857142857143,6.89475934065934,63,7,15,6,45,10,1049,train
1050,225,39,4,32,5,5,4,3,3,8.002564102564103,8.841846274778883,2.0,8.978561538461538,31,4,8,4,28,8,1050,test
1051,338,69,1,48,20,13,1,7,11,6.339130434782609,7.793537801064561,1.1666666666666667,7.181827536231884,47,6,7,4,32,11,1051,train
1052,404,81,6,61,15,9,3,4,13,9.925316455696203,8.841846274778883,2.0,7.014581012658228,59,4,8,4,40,8,1052,test
1053,482,90,1,75,13,10,5,6,11,4.888888888888889,6.42735559955562,1.3333333333333333,6.939611111111111,73,9,15,3,52,15,1053,train
1054,254,52,1,42,14,8,2,6,5,5.005128205128205,6.42735559955562,1.0,7.710212820512821,41,6,6,2,30,7,1054,train
1055,882,165,3,120,31,20,11,8,20,7.681818181818182,8.07648339933343,1.5,7.093712121212121,120,12,20,9,92,22,1055,train
1056,865,176,5,110,36,23,11,9,28,13.324242424242426,9.2995712137729,2.6666666666666665,7.4240469696969695,108,6,16,7,90,17,1056,train
1057,1048,192,10,122,36,23,15,11,25,9.032692307692308,9.661875296680812,2.8461538461538463,7.7408767628205135,113,13,37,17,98,35,1057,train
1058,1100,205,7,123,46,25,4,21,28,8.784552845528456,9.2995712137729,2.75,7.256711382113821,119,12,34,14,106,26,1058,train
1059,804,140,9,109,39,17,8,10,16,8.128695652173914,9.120678840339163,2.5,8.096849565217392,105,10,29,10,95,24,1059,train
1060,979,182,3,109,34,20,7,15,29,10.286691086691087,9.150863307647796,3.7777777777777777,8.109851892551893,104,9,34,10,95,26,1060,train
1061,512,93,3,75,16,9,3,7,12,9.640860215053763,10.504223727775692,2.6666666666666665,8.48013870967742,74,6,17,10,53,22,1061,train
1062,129,27,0,24,6,3,0,2,5,10.8,3.1291,2.0,1.9240148148148148,24,1,2,0,9,1,1062,test
1063,697,131,6,90,25,14,8,11,18,10.233805888767723,10.290406445055957,2.7142857142857144,7.0959499454743735,85,7,20,11,69,16,1063,test
1064,342,64,3,54,15,5,2,3,11,11.033333333333333,10.504223727775692,3.6666666666666665,8.888852083333333,53,3,11,5,33,10,1064,train
1065,162,36,0,28,7,6,1,4,1,7.2,3.1291,1.0,6.722355555555556,29,2,2,0,15,0,1065,train
1066,250,42,4,34,7,6,3,2,6,11.257142857142858,10.125756701596842,6.0,8.43762380952381,35,2,14,3,23,9,1066,train
1067,1023,188,2,128,35,19,7,6,30,8.534594816947758,9.466822959209587,2.6153846153846154,8.234148046071574,126,13,36,16,97,31,1067,train
1068,678,129,1,80,32,17,8,10,9,7.640620155038761,8.841846274778883,1.8,7.336417519379845,78,10,18,10,64,17,1068,train
1069,354,72,0,50,16,12,2,3,8,9.422222222222222,9.516144504307135,2.0,6.50305,49,4,8,5,26,5,1069,test
1070,752,133,11,97,25,14,7,10,21,13.647518796992484,11.979248473330827,5.4,8.87367954887218,93,5,29,12,78,25,1070,train
1071,1119,194,8,130,50,26,15,16,22,14.236082474226805,13.427899808715576,4.875,9.071671134020619,130,8,35,25,125,34,1071,train
1072,1055,190,4,135,46,20,7,16,28,12.231578947368423,11.792908689023552,4.6,9.897636842105264,130,10,46,23,113,47,1072,train
1073,404,80,3,55,13,9,6,4,9,9.4,9.3871,2.8,7.193350000000001,53,5,14,6,38,13,1073,train
1074,298,56,0,41,10,6,8,4,10,10.323809523809524,9.725611199111238,3.6666666666666665,7.945938095238095,41,3,11,4,28,11,1074,train
1075,891,174,5,110,27,19,17,19,20,9.718620689655172,9.888512548439397,1.9,6.949712413793103,103,10,19,14,78,19,1075,train
1076,203,37,0,30,5,3,3,3,7,5.8621621621621625,7.168621630094336,1.5,7.936110810810811,32,4,3,1,18,3,1076,train
1077,314,60,1,49,11,6,3,3,10,8.666666666666668,9.516144504307135,2.75,7.275333333333333,50,4,11,5,26,8,1077,train
1078,450,79,2,63,23,15,0,5,11,10.876962025316457,11.602472056035307,3.4,8.6175217721519,61,5,18,11,46,18,1078,train
1079,368,72,1,54,16,8,3,7,11,9.977777777777778,9.516144504307135,2.5,8.257494444444443,55,4,11,5,31,12,1079,train
1080,723,140,3,72,25,15,7,12,28,11.904761904761905,10.504223727775692,3.1666666666666665,8.064619047619047,70,6,19,10,62,18,1080,train
1081,1031,189,9,129,37,15,6,17,30,11.9725768321513,11.20814326018867,4.333333333333333,8.620088888888889,128,9,39,18,105,40,1081,train
1082,703,129,2,88,29,18,9,9,15,9.8375,9.827888789773866,3.375,8.8710375,88,8,27,11,75,29,1082,train
1083,332,61,1,49,15,9,7,5,5,8.158688524590165,8.841846274778883,1.6,7.347849508196721,49,5,8,5,36,9,1083,train
1084,906,156,9,114,35,14,10,13,17,11.054545454545455,11.20814326018867,3.6363636363636362,9.149925974025974,111,11,40,22,100,39,1084,train
1085,961,177,4,113,44,22,19,15,20,8.661920903954803,8.548686976883017,2.6,8.61803581920904,107,10,26,9,102,24,1085,train
1086,41,10,0,10,0,0,0,0,0,4.0,3.1291,0.0,0.496,10,1,0,0,4,0,1086,train
1087,466,90,0,50,14,11,5,5,13,8.666666666666668,8.841846274778883,2.5,6.661277777777777,45,6,15,6,36,12,1087,train
1088,260,52,0,39,13,7,6,2,10,11.16923076923077,8.841846274778883,3.0,7.962638461538462,39,2,6,2,23,6,1088,train
1089,2167,375,12,194,76,37,18,28,56,15.834285714285716,14.348710955821954,6.785714285714286,9.259951428571428,188,14,97,54,216,83,1089,test
1090,1375,251,21,150,52,21,14,15,42,12.11171314741036,10.125756701596842,4.6,7.523611394422311,140,10,44,13,138,37,1090,test
1091,642,114,1,73,24,18,7,6,18,13.882706766917295,13.023866798666859,3.5714285714285716,9.292078446115289,71,7,25,21,65,32,1091,train
1092,431,75,2,61,18,8,4,7,6,5.466666666666668,6.937597516519254,1.2222222222222223,8.049966666666666,56,9,14,4,47,16,1092,train
1093,589,111,0,86,17,9,6,6,15,8.505019305019307,8.841846274778883,1.8571428571428572,8.5483296010296,84,7,14,7,57,22,1093,train
1094,645,122,2,93,26,15,5,10,20,12.710819672131148,11.20814326018867,4.4,9.247231803278689,92,5,22,10,70,25,1094,train
1095,507,89,3,67,22,13,2,9,9,7.146629213483147,8.841846274778883,2.5,9.155940449438202,69,8,19,8,63,17,1095,train
1096,557,99,4,68,26,18,6,9,8,8.586363636363638,9.516144504307135,2.75,8.397168686868687,65,8,22,11,57,19,1096,train
1097,429,76,1,49,13,11,3,7,7,18.88421052631579,15.247664890283005,8.5,10.299852631578947,49,2,18,9,34,21,1097,train
1098,269,50,2,41,12,8,0,2,10,13.200000000000001,12.161744961471694,5.0,7.0871,41,2,10,5,29,8,1098,train
1099,524,99,3,69,23,14,3,8,11,7.6773448773448765,7.957251820313856,2.0,7.527884704184704,66,7,15,5,47,17,1099,train
1100,314,58,2,48,15,7,0,4,9,10.491954022988507,9.725611199111238,3.3333333333333335,11.129226436781611,49,3,11,4,31,16,1100,test
1101,579,112,1,71,22,14,5,6,16,9.257142857142858,9.236282656511921,1.7142857142857142,7.813671428571428,68,7,13,8,51,13,1101,train
1102,374,68,1,47,15,7,4,2,7,13.184313725490197,11.855464076750408,4.333333333333333,10.565913725490196,48,3,13,7,36,19,1102,train
1103,608,125,1,80,20,19,5,10,16,14.42,10.686352973137792,3.25,7.33394,79,4,13,7,48,10,1103,test
1104,765,146,2,92,30,18,8,9,23,9.217808219178082,9.188382445141503,3.375,8.218823287671233,91,8,27,9,71,27,1104,train
1105,431,77,4,62,18,11,5,6,9,5.408441558441559,7.168621630094336,1.75,7.805068831168832,57,8,14,4,48,14,1105,train
1106,738,137,2,89,31,20,7,11,22,10.645620437956206,11.20814326018867,3.25,7.597797810218978,86,8,26,16,69,22,1106,train
1107,598,112,10,76,27,17,3,7,15,11.46,9.888512548439397,4.2,8.695039999999999,75,5,21,7,63,20,1107,train
1108,1064,203,9,123,41,24,16,8,28,7.967487684729065,8.418075326091056,2.5,7.078113793103448,115,14,35,12,104,26,1108,train
1109,676,124,4,91,25,17,8,6,15,12.06775956284153,11.20814326018867,3.6666666666666665,8.139541530054645,91,6,23,12,68,23,1109,test
1110,428,73,5,58,14,9,3,10,6,10.346118721461188,10.864195022040775,3.3333333333333335,9.431199543378996,58,6,20,11,47,23,1110,train
1111,1011,194,3,130,33,15,21,12,23,6.420375985445725,7.724431198458867,1.2352941176470589,8.190719405700424,117,17,24,11,117,21,1111,test
1112,285,53,2,39,11,6,1,1,13,13.618867924528303,11.20814326018867,5.5,8.823918867924528,39,2,11,4,29,9,1112,train
1113,146,29,1,26,3,0,2,1,4,11.600000000000001,3.1291,4.0,7.2528310344827585,28,1,4,0,13,2,1113,train
1114,1023,195,1,134,41,20,15,12,22,9.371794871794872,10.125756701596842,2.75,7.681474358974359,129,12,35,18,100,33,1114,train
1115,762,139,3,96,29,19,8,12,23,11.683864337101747,11.765960540728905,4.428571428571429,9.278896300102776,96,7,33,16,75,27,1115,train
1116,317,59,1,42,13,10,1,3,11,11.934463276836158,11.20814326018867,3.6666666666666665,8.626373446327683,43,3,11,6,32,14,1116,train
1117,760,136,4,100,37,19,6,12,11,8.327518796992482,9.120678840339163,2.1,9.045052180451128,101,10,23,11,105,28,1117,train
1118,926,173,6,114,32,16,10,10,21,9.908496732026144,9.725611199111238,3.111111111111111,8.4744477124183,113,9,30,12,101,27,1118,test
1119,221,43,0,37,8,8,0,5,6,13.078048780487805,12.161744961471694,4.5,8.504519512195122,36,2,9,5,22,7,1119,train
1120,204,38,0,35,10,5,0,2,6,6.1192982456140355,6.42735559955562,1.3333333333333333,7.173450877192983,34,3,5,1,19,3,1120,test
1121,365,69,0,50,15,8,4,5,8,13.257971014492753,11.855464076750408,4.333333333333333,8.43874927536232,51,3,13,7,34,12,1121,train
1122,715,135,0,75,29,20,3,7,27,14.651851851851854,13.348371206891418,5.6,8.601551851851852,76,5,28,16,67,26,1122,train
1123,614,113,4,74,33,18,3,6,16,8.208062930186825,9.444778638647367,2.3333333333333335,8.032087413962635,72,9,21,11,67,24,1123,test
1124,148,28,1,24,5,5,2,3,4,8.457142857142857,8.841846274778883,1.5,7.714471428571429,26,2,3,2,18,6,1124,train
1125,468,86,0,61,24,17,3,6,8,9.670697674418605,9.3871,3.2,9.263340930232559,61,5,16,6,43,20,1125,train
1126,860,161,1,99,32,21,9,6,19,12.969358178053831,11.20814326018867,4.333333333333333,7.9096693581780535,94,6,27,12,74,19,1126,train
1127,515,101,3,60,22,16,6,4,18,10.852277227722773,10.793553405168563,3.0,7.60881603960396,58,5,15,9,59,15,1127,train
1128,388,71,1,52,19,10,1,1,14,9.916901408450705,9.516144504307135,2.5,8.07520985915493,52,4,13,5,35,13,1128,test
1129,1052,204,2,119,35,24,6,10,26,7.64947209653092,7.32110970712323,2.230769230769231,7.356112971342384,110,13,30,7,94,23,1129,train
1130,758,145,1,95,30,17,8,10,21,10.836206896551724,10.411451182825502,2.625,7.366810344827586,92,8,22,13,66,22,1130,train
1131,225,50,0,39,8,5,5,3,6,8.266666666666667,7.793537801064561,0.6666666666666666,6.357966666666666,39,3,2,2,17,4,1131,train
1132,791,133,7,89,32,15,6,9,28,16.909022556390976,14.554592549557764,9.25,9.084797744360902,86,4,40,16,81,29,1132,train
1133,901,174,7,113,30,14,15,12,25,6.708965517241379,8.021203637495837,1.6,6.662032413793103,104,15,24,11,84,18,1133,train
1134,819,158,1,109,29,17,11,9,19,10.800723327305606,8.841846274778883,2.857142857142857,7.954017540687161,108,7,21,7,80,20,1134,train
1135,1035,186,10,124,36,24,18,19,21,9.626126126126128,9.928628108626363,3.0833333333333335,8.241977477477477,120,12,38,17,110,32,1135,train
1136,623,109,6,87,23,17,4,14,12,11.30336391437309,10.864195022040775,3.5,8.883438226299695,85,6,21,11,68,22,1136,train
1137,588,99,1,77,26,11,5,7,17,9.697546897546898,10.290406445055957,3.2857142857142856,8.64434935064935,78,7,24,11,62,23,1137,train
1138,584,111,4,84,25,14,5,6,13,14.703603603603604,12.161744961471694,3.5,8.711458558558558,83,4,14,10,56,18,1138,train
1139,628,119,6,85,29,15,4,9,13,8.302941176470588,9.188382445141503,1.875,7.558837815126051,84,8,14,8,68,15,1139,train
1140,883,159,8,107,33,17,6,16,24,9.58238993710692,9.150863307647796,3.3333333333333335,7.988552830188679,107,9,30,10,100,28,1140,train
1141,488,88,1,61,18,8,2,11,11,6.846753246753247,7.447530270364452,2.4285714285714284,8.566406493506493,58,7,19,4,55,14,1141,test
1142,331,56,1,45,14,6,0,6,3,10.90857142857143,11.20814326018867,3.0,7.857555714285715,45,5,15,10,30,10,1142,test
1143,481,93,0,59,19,12,2,2,15,10.020645161290325,9.3871,3.4,7.784973978494624,57,5,17,6,42,13,1143,train
1144,406,79,4,56,16,11,4,2,12,18.331645569620253,12.161744961471694,7.5,9.193421518987343,56,2,15,5,37,10,1144,train
1145,662,123,3,93,28,17,2,7,20,8.751626016260163,9.188382445141503,3.0,9.148937398373985,87,8,23,9,70,20,1145,train
1146,840,155,13,96,40,17,10,7,22,10.721568627450981,10.504223727775692,3.7777777777777777,8.298196732026144,89,9,34,15,89,31,1146,test
1147,493,91,2,69,20,12,1,6,18,11.236043956043957,11.20814326018867,3.4,8.356582637362637,66,5,16,9,46,16,1147,train
1148,805,149,5,105,39,22,8,4,18,7.0289200732153745,7.686295010490155,1.8181818181818181,8.547280719951189,102,11,19,7,91,29,1148,train
1149,360,68,5,42,12,9,2,3,12,7.47450980392157,8.344100000000001,1.8333333333333333,6.520692156862745,43,6,11,5,33,9,1149,train
1150,784,143,5,101,29,17,4,9,19,9.991919191919193,10.25414643259724,3.2222222222222223,8.951791686091685,94,9,30,14,75,31,1150,train
1151,773,155,1,96,28,13,4,11,26,11.365591397849464,8.841846274778883,3.1666666666666665,7.158994623655913,94,6,19,6,68,13,1151,train
1152,148,25,1,22,6,4,1,0,3,16.400000000000002,14.554592549557764,9.0,11.1925,24,1,9,4,15,9,1152,test
1153,766,143,7,95,27,18,7,9,17,11.807792207792208,10.914260884657427,3.5714285714285716,8.293603296703296,92,7,27,13,75,28,1153,train
1154,1190,215,9,143,37,27,20,17,29,15.176123407109323,12.031772070788634,5.142857142857143,8.852329912810195,141,7,36,17,128,41,1154,train
1155,1415,266,21,164,57,32,12,21,33,9.191037735849056,9.978442167317969,3.0625,7.437245283018868,159,16,53,23,161,42,1155,test
1156,350,60,5,43,11,10,6,7,5,14.646327683615821,13.5591,5.333333333333333,9.696881920903955,41,3,16,10,41,19,1156,train
1157,645,114,11,86,29,15,2,4,15,14.26666666666667,13.295006501635747,3.8333333333333335,8.872671929824563,82,6,23,19,77,24,1157,train
1158,329,63,0,42,13,11,2,1,13,9.669841269841271,8.841846274778883,3.6666666666666665,7.936353968253968,43,3,10,3,31,9,1158,train
1159,136,25,0,25,2,1,5,1,5,6.6000000000000005,7.168621630094336,2.0,6.7829,25,2,4,1,13,3,1159,train
1160,473,91,2,67,17,12,5,5,10,10.618181818181819,8.841846274778883,3.25,8.854631818181819,69,4,13,4,49,16,1160,train
1161,760,145,10,82,25,15,10,11,22,9.759270516717326,8.841846274778883,4.285714285714286,7.3232452887537995,79,7,25,7,81,18,1161,train
1162,1045,182,10,111,45,26,14,9,27,14.462515262515263,13.731508374201276,4.666666666666667,8.803917826617827,107,9,43,30,103,42,1162,train
1163,950,152,4,97,32,20,9,11,20,13.59766081871345,13.5591,5.555555555555555,9.460504678362572,100,9,50,30,89,42,1163,train
1164,395,74,2,53,18,10,4,5,10,16.42162162162162,11.20814326018867,5.5,8.458997297297298,53,2,11,4,33,10,1164,train
1165,610,114,7,81,21,14,5,9,17,9.705263157894738,9.2995712137729,3.1666666666666665,8.180128070175439,81,6,19,7,59,14,1165,train
1166,123,24,0,22,4,2,1,1,3,9.600000000000001,3.1291,4.0,6.80065,23,1,4,0,9,3,1166,test
1167,356,65,2,52,16,11,0,4,6,11.423076923076923,11.698219412168324,3.5,7.843423076923077,52,4,13,9,35,11,1167,train
1168,137,26,0,26,6,1,5,4,1,6.543589743589743,8.841846274778883,1.3333333333333333,6.4955974358974355,25,3,4,3,13,3,1168,train
1169,369,69,5,54,17,8,2,7,10,6.298039215686275,7.168621630094336,1.8333333333333333,7.913927450980393,54,6,11,3,45,12,1169,train
1170,440,91,0,57,15,13,5,3,16,8.159120879120879,6.742157984588678,1.4,7.315483736263737,54,5,7,2,37,11,1170,train
1171,231,47,0,37,9,6,1,4,7,11.953191489361704,10.125756701596842,2.0,8.161674468085106,36,2,4,3,20,8,1171,train
1172,391,71,5,60,17,8,5,7,8,8.11361502347418,8.841846274778883,1.3333333333333333,8.671320657276997,60,6,8,6,44,12,1172,train
1173,713,127,7,85,31,21,7,8,14,8.84952380952381,9.642632912329528,2.6,9.023523492063493,83,10,27,13,78,30,1173,test
1174,358,67,0,48,18,9,2,2,8,7.151044776119403,7.554174236665414,2.2,7.836214626865672,46,5,11,3,37,10,1174,train
1175,834,160,3,96,20,16,14,8,18,12.892857142857146,12.540900571622839,3.7142857142857144,7.829526785714286,94,7,26,19,78,18,1175,train
1176,567,117,2,72,22,11,3,12,16,7.800000000000001,7.168621630094336,2.1666666666666665,6.358144444444444,66,6,13,3,46,4,1176,train
1177,342,69,3,48,14,9,7,6,12,6.918840579710146,7.793537801064561,1.0,6.7241463768115945,46,6,6,4,36,6,1177,test
1178,830,151,11,108,31,9,4,11,18,11.258609271523179,11.20814326018867,3.625,8.232633774834436,108,8,28,15,92,26,1178,train
1179,825,144,7,101,33,18,6,7,24,12.45211267605634,11.93303328291395,4.625,9.075984507042254,98,8,37,19,85,28,1179,train
1180,727,129,6,86,27,14,7,11,20,9.860852713178296,10.125756701596842,3.25,8.96521472868217,81,8,26,12,77,31,1180,train
1181,479,94,1,60,19,12,7,4,16,7.968794326241135,7.793537801064561,2.1666666666666665,6.597290070921986,55,6,13,4,39,8,1181,train
1182,1552,261,10,168,74,35,10,23,37,12.323984674329502,12.340626583579944,4.533333333333333,9.460382911877394,158,15,69,39,169,69,1182,train
1183,865,155,8,120,28,13,12,17,19,8.733137829912025,9.573946990214175,2.8181818181818183,8.308376832844575,117,11,30,14,87,25,1183,train
1184,809,154,8,102,30,21,10,14,19,8.374825174825176,9.851270322608155,2.0,7.197510789210789,97,13,26,18,81,24,1184,train
1185,494,96,1,68,19,12,5,7,13,8.066666666666668,8.344100000000001,2.3333333333333335,6.8972875,67,6,14,5,37,10,1185,train
1186,643,125,7,87,20,15,9,8,20,10.662857142857144,10.290406445055957,2.2857142857142856,7.806534285714286,81,7,16,11,63,18,1186,train
1187,681,133,0,78,17,12,11,11,18,11.272681704260652,10.125756701596842,3.0,6.754237343358396,76,6,18,9,55,14,1187,test
1188,445,81,1,61,18,13,1,8,11,9.844444444444445,11.20814326018867,2.6666666666666665,7.814988888888889,63,6,16,12,42,15,1188,train
1189,290,56,3,37,14,9,2,3,8,5.908571428571428,6.742157984588678,1.0,6.4477342857142865,34,5,5,2,27,4,1189,train
1190,430,85,0,52,20,17,1,6,15,10.639024390243904,9.516144504307135,2.5,7.734275609756097,51,4,11,5,38,12,1190,train
1191,387,75,1,55,18,6,6,6,9,17.133333333333336,11.20814326018867,5.0,8.6545,56,2,10,4,32,9,1191,train
1192,1309,232,10,152,57,34,13,24,30,7.010547667342799,8.124751697461797,2.9411764705882355,8.39701480730223,135,17,50,13,143,41,1192,train
1193,54,10,0,10,2,1,0,0,1,4.0,3.1291,2.0,8.8695,10,1,2,0,5,2,1193,train
1194,898,153,7,115,28,17,14,13,24,10.460130718954249,10.25414643259724,4.0,8.711007189542483,110,9,36,14,104,34,1194,train
1195,617,112,2,80,26,13,7,5,16,10.600000000000001,10.686352973137792,2.75,8.560364285714286,79,8,23,14,63,21,1195,test
1196,505,95,2,73,20,11,4,12,11,7.697368421052632,8.472884824447931,1.75,7.8821315789473685,68,8,14,7,52,15,1196,train
1197,480,83,7,52,25,17,5,4,9,10.415060240963856,10.411451182825502,2.75,8.907124096385543,51,8,22,13,52,22,1197,train
1198,525,94,4,69,17,9,8,4,2,7.67872340425532,8.472884824447931,1.5,7.410895744680851,66,8,12,7,48,14,1198,test
1199,769,151,5,98,33,22,6,8,23,6.577404921700225,7.793537801064561,1.9166666666666667,7.2196149888143175,88,12,22,8,76,23,1199,train
1200,317,62,0,44,14,11,0,2,8,9.425806451612903,10.125756701596842,2.75,7.970783870967742,43,4,12,6,28,9,1200,train
1201,717,130,5,91,34,18,3,9,19,8.93062015503876,9.188382445141503,2.5,8.59800542635659,91,8,21,9,74,22,1201,train
1202,235,44,0,35,6,6,1,2,7,11.52727272727273,10.125756701596842,4.5,7.9574727272727275,35,2,9,3,21,7,1202,test
1203,375,60,5,47,13,8,6,6,9,11.466666666666669,11.602472056035307,4.2,9.231866666666667,50,5,21,11,40,13,1203,train
1204,614,111,0,82,31,14,5,7,16,11.748262548262549,11.765960540728905,2.5714285714285716,9.11733861003861,81,7,19,16,65,24,1204,train
1205,280,53,0,44,11,6,5,5,5,5.749433962264151,7.554174236665414,1.6,6.247731698113208,42,5,8,3,30,6,1205,train
1206,989,190,7,120,37,28,13,9,25,7.171929824561403,8.447377352677275,1.3333333333333333,7.256556140350877,115,15,20,13,98,23,1206,train
1207,929,185,1,118,38,19,5,8,37,12.517374517374519,9.957137785484202,3.0,7.593249034749035,115,7,21,10,75,17,1207,train
1208,472,92,7,64,16,15,2,3,10,8.742028985507247,8.841846274778883,2.1666666666666665,7.48638115942029,62,6,13,6,46,12,1208,train
1209,1075,207,7,123,41,25,2,25,29,9.632657004830918,9.120678840339163,3.4,7.790707922705314,117,10,34,11,90,29,1209,train
1210,791,151,0,111,28,18,12,9,27,16.689403973509936,11.698219412168324,4.75,8.43684701986755,111,4,21,9,72,21,1210,train
1211,736,132,8,104,30,15,12,6,15,8.687404580152672,9.188382445141503,3.25,8.30579923664122,102,8,27,9,77,25,1211,test
1212,328,58,0,38,16,13,0,4,8,10.846896551724138,10.793553405168563,3.2,9.384446206896552,38,5,15,9,32,15,1212,test
1213,145,28,0,27,7,2,2,1,6,15.485714285714288,13.023866798666859,5.0,8.9728,27,1,5,3,13,5,1213,train
1214,586,111,4,87,19,9,6,7,15,7.351801801801802,8.07648339933343,2.0,7.738754054054054,82,8,15,6,65,18,1214,train
1215,862,155,10,94,31,20,8,8,15,12.728110599078342,12.031772070788634,3.7142857142857144,9.217108294930876,86,7,26,17,79,32,1215,train
1216,420,82,7,60,17,6,8,8,6,8.10034843205575,8.841846274778883,1.2857142857142858,7.876187108013937,59,7,9,7,53,13,1216,train
1217,239,51,0,43,8,3,6,5,6,4.864313725490196,5.683917801722854,0.4,6.928890588235294,41,5,2,1,22,5,1217,train
1218,722,137,4,85,26,14,12,13,24,14.17167883211679,11.602472056035307,4.4,9.144737080291971,81,5,22,11,73,26,1218,train
1219,1386,255,15,150,59,39,9,24,39,13.978609625668453,12.563389971838223,4.7272727272727275,8.625455436720141,142,11,52,30,141,53,1219,train
1220,781,134,5,101,31,13,3,12,20,13.112437810945273,12.161744961471694,5.166666666666667,9.104158706467661,101,6,33,15,82,31,1220,test
1221,180,33,0,31,7,3,3,1,6,9.024242424242425,10.125756701596842,3.0,6.847324242424243,31,2,6,3,13,3,1221,train
1222,737,131,5,88,30,23,7,15,13,10.519465648854961,10.411451182825502,3.625,8.30579923664122,90,8,30,13,76,27,1222,train
1223,443,83,4,57,14,9,7,6,11,8.085783132530121,7.554174236665414,2.8,7.88419734939759,54,5,13,3,46,8,1223,train
1224,159,31,2,28,4,2,3,3,4,6.2,8.841846274778883,2.0,7.970783870967742,29,2,4,2,20,2,1224,train
1225,1094,196,7,129,50,32,11,16,26,10.410884353741498,10.504223727775692,3.4166666666666665,8.555255782312924,123,12,41,21,113,38,1225,test
1226,475,94,0,66,14,7,4,5,11,14.235460992907802,11.20814326018867,3.3333333333333335,7.038399290780141,67,3,10,6,37,8,1226,train
1227,1151,206,13,135,47,22,9,11,30,11.138511326860844,11.538034831475386,3.4166666666666665,8.39714142394822,134,12,42,26,122,39,1227,train
1228,503,96,0,72,22,13,3,4,11,7.65,8.344100000000001,2.3333333333333335,7.8841625,68,6,15,5,49,15,1228,test
1229,436,78,3,56,13,11,4,4,13,12.964102564102564,10.504223727775692,6.333333333333333,10.189433333333334,57,3,19,5,45,16,1229,test
1230,685,121,2,78,32,19,8,4,21,11.041873278236915,10.125756701596842,5.0,8.290650964187328,76,6,30,9,73,22,1230,train
1231,662,125,1,74,31,20,3,8,24,10.893333333333334,9.725611199111238,4.0,8.585753333333333,73,6,24,8,63,28,1231,train
1232,789,144,2,101,30,20,5,12,19,10.761971830985916,10.411451182825502,3.0,8.964787323943662,101,8,23,13,81,33,1232,train
1233,743,151,6,84,24,12,4,22,14,8.079801324503313,6.6274283507984215,2.125,6.977799337748344,81,8,17,3,84,10,1233,test
1234,667,122,6,72,31,19,4,4,15,7.739344262295082,8.472884824447931,2.875,8.79339180327869,68,8,23,7,70,28,1234,train
1235,295,57,0,44,13,9,6,6,4,7.3670175438596495,8.238735603445708,1.6,8.080185614035088,43,5,8,4,25,7,1235,train
1236,353,68,4,56,16,9,1,4,14,9.654901960784315,6.42735559955562,2.6666666666666665,8.011649019607844,57,3,8,1,34,5,1236,train
1237,344,67,1,49,12,9,3,4,9,8.345074626865673,8.841846274778883,2.4,7.129199701492537,48,5,13,5,34,9,1237,train
1238,318,56,1,42,15,9,0,2,7,10.323809523809524,10.504223727775692,5.666666666666667,9.63772380952381,41,3,17,5,33,15,1238,train
1239,823,155,5,106,37,21,4,15,15,8.47507331378299,9.095868883498916,2.5454545454545454,7.799021994134897,99,11,29,12,77,29,1239,train
1240,784,140,4,88,26,17,13,5,13,11.079365079365079,11.20814326018867,2.7777777777777777,8.581126984126984,83,9,25,18,80,31,1240,train
1241,533,110,0,81,16,9,5,2,22,12.090909090909092,8.07648339933343,2.75,7.871409090909092,78,4,11,3,43,14,1241,train
1242,801,148,7,108,30,15,11,15,19,8.892972972972974,9.3871,2.3,7.571255675675676,103,10,23,12,90,25,1242,test
1243,805,146,2,97,29,18,6,7,23,10.836206896551724,10.411451182825502,3.875,7.257913793103448,92,8,31,13,82,23,1243,train
1244,681,121,7,70,31,21,3,6,18,10.333333333333336,10.686352973137792,3.875,8.459583333333333,69,8,31,14,69,24,1244,train
1245,544,108,1,69,17,17,0,11,15,11.232592592592594,10.355215969177355,2.6,7.48573037037037,69,5,14,7,44,13,1245,train
1246,678,132,3,82,28,22,8,6,21,8.721212121212123,8.472884824447931,2.0,7.20618787878788,74,8,16,7,60,14,1246,train
1247,837,153,3,106,33,18,6,3,25,11.807379375591296,10.914260884657427,3.7142857142857144,8.680085241248818,106,7,27,13,85,27,1247,train
1248,706,132,10,98,31,15,7,9,20,8.687404580152672,8.472884824447931,3.25,8.064730534351146,97,8,26,7,70,22,1248,train
1249,270,53,0,40,14,10,1,1,12,13.618867924528303,12.161744961471694,4.5,7.930145283018868,40,2,9,5,23,8,1249,test
1250,477,87,2,64,18,11,5,2,11,12.37816091954023,11.698219412168324,4.5,8.163690804597701,62,4,18,9,41,13,1250,train
1251,232,41,0,34,10,5,0,0,7,19.326829268292684,13.023866798666859,8.0,11.446929268292683,34,1,10,3,24,14,1251,train
1252,235,47,0,42,14,5,2,4,3,8.742028985507247,8.841846274778883,2.0,9.202685507246377,42,3,6,3,22,7,1252,train
1253,765,142,13,97,24,15,11,14,22,10.254773082942098,10.504223727775692,2.3333333333333335,8.088584820031299,89,9,21,16,92,23,1253,test
1254,704,141,3,99,20,14,5,17,21,10.042958459979737,8.841846274778883,2.5714285714285716,6.875302026342451,92,7,17,7,60,14,1254,test
1255,611,110,2,80,32,16,0,3,20,10.981818181818182,10.355215969177355,5.2,9.17760909090909,76,5,26,8,62,24,1255,train
1256,341,68,0,52,15,11,0,2,10,6.30984126984127,6.742157984588678,1.8,7.018444126984127,49,5,9,2,43,4,1256,train
1257,582,110,1,64,27,16,5,7,15,8.772727272727272,9.516144504307135,2.375,7.907136363636363,62,8,19,10,52,19,1257,train
1258,215,37,1,32,8,4,3,2,6,13.886486486486488,13.023866798666859,5.0,9.675181081081082,34,2,10,6,20,10,1258,train
1259,557,108,3,76,17,11,5,6,16,10.491851851851854,8.841846274778883,3.0,7.48573037037037,76,5,15,5,55,13,1259,test
1260,636,116,6,72,19,13,5,9,21,9.189823008849558,10.411451182825502,3.0,8.529135398230089,69,8,25,13,66,21,1260,train
1261,455,97,0,64,14,9,11,7,12,8.116151202749142,7.793537801064561,1.5,6.228985223367697,62,6,9,4,37,7,1261,train
1262,384,72,0,50,14,10,3,3,12,9.977777777777778,10.125756701596842,3.75,7.818883333333333,48,4,15,6,39,8,1262,train
1263,434,78,4,59,19,13,3,5,10,11.902564102564103,12.161744961471694,3.25,7.235366666666668,57,4,13,10,33,11,1263,train
1264,703,129,7,91,28,17,11,5,14,10.170930232558142,10.411451182825502,3.125,8.475602325581395,83,8,27,13,78,28,1264,train
1265,384,76,0,61,13,9,3,5,7,7.132631578947368,8.238735603445708,2.2,6.883577894736842,59,5,11,4,33,9,1265,train
1266,95,18,2,16,5,4,1,2,2,13.866666666666669,13.023866798666859,4.0,8.03818888888889,18,1,4,3,12,4,1266,train
1267,337,65,3,46,13,9,6,3,8,6.794871794871796,7.793537801064561,1.1666666666666667,7.088910256410256,47,6,7,4,31,8,1267,train
1268,262,48,1,38,11,8,1,0,8,9.673333333333334,9.888512548439397,2.2,8.06016,38,5,11,7,25,12,1268,test
1269,1062,195,13,118,43,30,10,19,16,13.237179487179487,12.161744961471694,4.875,8.975192307692307,112,8,40,20,104,40,1269,train
1270,186,37,0,30,9,4,2,3,4,4.800000000000001,3.1291,1.3333333333333333,6.863366666666667,30,3,4,0,20,4,1270,train
1271,698,129,7,79,23,9,8,9,20,8.834108527131784,9.444778638647367,3.4444444444444446,7.285107751937985,79,9,30,9,74,24,1271,train
1272,828,163,0,92,22,18,8,6,27,7.746993865030674,7.554174236665414,1.9,7.544857300613497,88,10,20,6,76,17,1272,train
1273,128,22,0,17,6,6,1,2,4,14.254545454545458,13.023866798666859,7.0,9.751790909090909,17,1,7,3,12,5,1273,train
1274,804,145,4,94,27,21,9,6,20,8.858934169278996,10.018931242160765,2.272727272727273,8.101697492163009,88,11,25,16,88,25,1274,train
1275,526,108,2,73,22,10,8,3,14,13.022222222222224,10.125756701596842,2.75,8.045977777777777,74,4,11,6,43,12,1275,train
1276,429,89,3,55,20,13,6,5,14,9.816629213483147,9.3871,1.8,7.7128631460674155,54,5,9,6,40,14,1276,train
1277,504,99,4,71,16,11,8,8,12,8.483333333333333,8.841846274778883,2.0,6.239370833333334,70,6,12,6,52,9,1277,test
1278,802,150,8,101,33,15,10,3,26,24.0,16.32212239822248,7.0,10.432433333333334,104,3,21,15,83,30,1278,train
1279,370,77,1,59,15,11,2,3,17,10.786147186147188,6.42735559955562,2.3333333333333335,7.165280952380953,59,3,7,1,32,8,1279,train
1280,262,50,0,44,10,4,4,3,7,6.4,7.554174236665414,1.4,7.2905,43,5,7,3,24,7,1280,train
1281,355,70,6,51,14,9,4,4,10,10.428571428571429,10.125756701596842,2.25,7.211357142857143,50,4,9,6,35,12,1281,train
1282,1007,190,10,128,41,16,8,16,24,14.873758865248227,12.161744961471694,4.166666666666667,8.382229078014184,120,6,26,15,98,26,1282,train
1283,639,119,0,88,23,17,7,6,10,7.6418300653594775,8.167268648758528,2.111111111111111,8.53837264239029,83,9,20,7,66,24,1283,train
1284,537,104,1,72,21,14,9,10,13,7.892307692307693,8.841846274778883,1.5,6.862357692307692,70,8,12,8,51,12,1284,train
1285,501,104,1,68,21,13,3,6,21,8.856410256410255,9.2995712137729,1.8333333333333333,6.166329487179487,63,6,11,7,40,8,1285,train
1286,918,173,3,108,36,28,7,8,18,7.99925857275255,8.841846274778883,2.8461538461538463,9.025877942539388,99,13,37,13,110,37,1286,test
1287,359,68,0,53,14,11,0,8,10,11.32139303482587,11.20814326018867,5.0,8.04363631840796,54,3,15,6,30,10,1287,train
1288,539,111,1,68,17,10,1,2,17,6.631081081081081,8.07648339933343,1.375,6.600736036036036,64,8,11,6,51,11,1288,train
1289,243,48,2,36,8,7,1,2,7,8.066666666666668,7.793537801064561,2.6666666666666665,6.074891666666666,35,3,8,2,23,5,1289,train
1290,275,52,0,46,8,4,5,4,8,10.01025641025641,9.725611199111238,3.0,7.532771794871795,45,3,9,4,27,7,1290,train
1291,971,169,13,128,28,14,16,11,24,10.824720578566733,10.504223727775692,3.5555555555555554,9.239475410913872,125,9,33,15,113,39,1291,test
1292,620,116,4,84,23,15,7,7,16,7.86896551724138,8.472884824447931,2.75,8.030958620689656,76,8,23,7,59,20,1292,train
1293,988,177,9,116,39,20,7,10,22,11.256497175141243,11.429527900616531,3.7777777777777777,8.269537288135593,112,9,36,19,96,37,1293,train
1294,505,91,1,61,17,15,5,6,11,10.035164835164835,10.608840637214634,3.0,7.578113186813187,59,7,21,12,45,14,1294,test
1295,294,54,0,48,13,8,2,5,7,5.060740740740741,5.683917801722854,1.8,8.558291111111112,47,5,9,1,27,9,1295,train
1296,312,56,4,41,15,10,3,2,10,7.742857142857144,8.841846274778883,3.25,7.714471428571429,41,4,13,4,32,12,1296,train
1297,746,139,3,91,33,24,7,12,19,9.343245403677058,9.725611199111238,2.7777777777777777,7.696860991207035,89,9,27,12,65,22,1297,test
1298,210,39,0,36,7,3,3,7,4,6.196923076923078,7.554174236665414,1.2,7.26235435897436,35,5,7,3,21,7,1298,train
1299,837,157,15,111,25,14,12,18,17,9.270771408351026,8.841846274778883,1.8888888888888888,7.518941896673744,106,9,21,9,90,21,1299,train
1300,691,119,9,85,24,15,5,10,18,12.881344537815128,11.979248473330827,5.0,8.66496319327731,84,5,25,12,70,28,1300,train
1301,354,68,1,54,13,11,0,2,9,13.184313725490197,11.855464076750408,3.3333333333333335,8.940472549019608,54,3,11,7,33,13,1301,train
1302,827,157,4,111,28,15,10,6,22,9.592101910828026,9.642632912329528,2.7,8.438149936305733,109,10,29,13,85,29,1302,test
1303,546,111,1,75,16,11,6,4,15,4.92923076923077,6.2581,0.9,6.277916923076923,75,10,9,3,76,7,1303,train
1304,276,57,0,40,11,8,5,4,8,9.003508771929825,7.793537801064561,2.3333333333333335,7.349075438596492,40,3,7,2,25,8,1304,train
1305,1029,190,9,122,39,23,9,15,24,16.035087719298247,13.023866798666859,5.333333333333333,9.362429824561403,116,6,32,18,99,40,1305,train
1306,102,19,0,16,4,3,0,1,2,11.810526315789474,11.20814326018867,2.0,12.058373684210528,17,1,2,2,11,5,1306,train
1307,539,101,4,57,20,13,6,10,11,8.6,9.516144504307135,2.5,7.4145,54,8,20,10,50,20,1307,train
1308,629,103,11,74,21,15,6,8,12,13.468608414239483,12.745084868956482,4.166666666666667,10.313403559870551,69,6,25,17,70,29,1308,train
1309,89,16,0,12,6,6,0,0,1,11.4,11.20814326018867,4.0,9.364474999999999,13,1,4,2,7,4,1309,train
1310,218,44,1,34,11,7,0,1,6,19.41818181818182,11.20814326018867,7.0,10.125263636363636,38,1,6,2,20,8,1310,train
1311,375,78,0,59,17,10,1,8,16,5.995604395604396,6.868970318607317,0.8571428571428571,7.630595970695971,55,7,6,3,35,10,1311,train
1312,733,138,4,86,32,18,5,8,21,10.784265010351968,10.290406445055957,3.142857142857143,8.390198136645964,83,7,22,11,67,23,1312,train
1313,319,60,0,41,17,12,1,3,9,8.133333333333335,8.841846274778883,2.6,7.916033333333333,39,5,13,5,27,12,1313,train
1314,371,74,0,57,17,13,1,6,9,7.636036036036036,8.344100000000001,1.6666666666666667,7.022152252252253,55,6,10,5,34,10,1314,train
1315,258,52,0,39,10,5,5,5,4,10.4,3.1291,2.5,6.44436923076923,38,2,5,0,18,3,1315,train
1316,361,72,0,46,9,7,4,3,11,8.537777777777778,8.841846274778883,2.4,7.8596288888888886,43,5,12,5,33,12,1316,train
1317,936,172,3,106,38,24,8,13,27,10.60093023255814,10.577609850970193,3.1,8.62072465116279,104,10,34,17,90,28,1317,train
1318,383,71,1,52,21,13,1,4,7,10.145882352941179,10.355215969177355,2.4,8.722971764705882,52,5,10,8,51,13,1318,train
1319,591,108,3,84,24,12,5,5,18,10.497819314641745,10.864195022040775,3.5,9.538416510903428,82,6,21,11,64,24,1319,train
1320,474,87,1,65,24,11,7,7,17,11.918390804597701,10.686352973137792,3.5,9.797139080459772,67,4,15,7,55,23,1320,train
1321,279,54,2,40,12,8,3,1,6,10.162962962962965,10.504223727775692,3.0,7.745781481481481,42,3,9,5,27,8,1321,train
1322,236,44,3,31,10,4,4,1,10,9.70909090909091,8.841846274778883,5.0,7.239745454545455,32,2,10,2,22,5,1322,train
1323,470,81,4,55,19,9,2,1,13,11.418271604938273,11.20814326018867,4.4,9.703353333333334,55,5,24,10,52,21,1323,train
1324,942,163,8,125,40,25,9,11,14,12.12449965493444,11.855464076750408,4.444444444444445,8.839068391994479,120,9,41,22,99,33,1324,train
1325,478,94,3,73,20,11,1,5,16,7.945531914893618,5.683917801722854,2.2,7.256639574468085,74,5,11,1,48,9,1325,train
1326,590,115,5,80,22,15,9,9,21,10.449275362318842,10.504223727775692,2.5,7.195949275362318,79,6,15,10,62,14,1326,train
1327,373,70,2,47,16,13,2,3,10,12.142857142857144,11.698219412168324,3.75,8.564785714285716,47,4,15,9,40,14,1327,test
1328,829,155,2,94,29,23,9,8,22,10.501792114695341,10.504223727775692,2.888888888888889,7.954335125448028,91,9,28,15,71,23,1328,train
1329,348,65,0,51,14,8,7,5,8,8.275,9.516144504307135,2.25,7.63744375,51,4,8,5,35,7,1329,train
1330,1097,199,27,126,40,23,9,11,36,13.166080402010051,11.20814326018867,4.5,8.996330150753769,119,8,35,15,134,37,1330,train
1331,398,72,3,58,9,7,2,8,8,12.283568075117373,10.504223727775692,5.0,7.701493427230046,60,3,15,5,39,10,1331,train
1332,253,56,0,36,10,7,3,6,5,22.400000000000002,3.1291,0.0,7.541957142857143,35,1,0,0,22,4,1332,train
1333,363,71,3,61,12,7,7,3,7,7.370140845070423,7.554174236665414,1.6,7.6767354929577465,64,5,8,3,45,7,1333,train
1334,563,112,1,72,23,15,7,9,13,11.102857142857143,9.3871,2.4,7.990129285714286,69,5,12,6,49,18,1334,train
1335,776,135,3,89,33,23,6,11,17,7.872053872053873,8.841846274778883,3.1818181818181817,8.923745791245793,89,11,34,11,79,32,1335,train
1336,266,51,0,38,8,8,3,4,7,7.584313725490197,6.42735559955562,2.3333333333333335,6.646954901960784,36,3,7,1,22,6,1336,train
1337,207,36,0,29,8,4,0,2,5,6.9333333333333345,8.07648339933343,1.75,8.469011111111111,29,4,7,3,22,7,1337,train
1338,500,95,10,63,13,4,12,4,13,9.701754385964913,9.725611199111238,1.8333333333333333,6.914991228070175,63,6,11,8,61,12,1338,train
1339,775,146,4,103,29,18,11,14,14,10.050532724505327,9.994966539143718,2.888888888888889,8.65899893455099,100,9,27,13,86,30,1339,train
1340,363,71,1,53,12,7,4,6,10,10.593427230046949,7.793537801064561,3.3333333333333335,8.146282159624413,52,3,10,2,30,10,1340,train
1341,158,29,2,20,9,6,1,0,4,9.937931034482759,10.125756701596842,3.5,8.711562068965517,19,2,7,3,14,8,1341,train
1342,863,160,3,104,33,24,16,18,15,11.861111111111112,12.060818386365153,3.111111111111111,8.367090277777777,99,9,29,22,77,32,1342,train
1343,803,146,4,95,30,17,7,11,19,9.502587519025875,9.994966539143718,2.7777777777777777,7.144889345509894,94,9,26,13,79,23,1343,train
1344,492,93,6,64,24,12,4,7,12,10.020645161290325,9.3871,3.0,7.784973978494624,63,5,15,6,47,13,1344,train
1345,435,78,4,61,19,6,7,2,6,5.5001443001443,7.3871296695380915,1.4444444444444444,8.367219191919192,59,9,13,5,52,11,1345,test
1346,470,92,7,60,19,16,9,3,13,8.664347826086956,8.238735603445708,2.4,6.951966086956522,60,5,13,4,48,14,1346,train
1347,562,104,3,67,24,15,6,4,17,10.173626373626375,10.290406445055957,3.0,7.258125824175824,64,7,20,11,57,16,1347,train
1348,585,105,3,77,17,11,7,9,16,8.857142857142858,9.994966539143718,2.3333333333333335,8.12507142857143,74,9,21,13,57,20,1348,train
1349,471,85,3,67,23,11,3,7,16,9.911764705882355,8.07648339933343,3.75,9.148852941176472,69,4,15,3,56,14,1349,train
1350,829,152,4,108,38,24,6,10,23,11.788410596026491,11.698219412168324,3.625,8.44177284768212,102,8,29,18,76,30,1350,test
1351,256,49,4,36,10,9,2,3,5,8.982312925170069,8.841846274778883,3.0,7.346837414965987,36,3,9,3,24,8,1351,train
1352,452,89,0,62,20,12,7,2,16,10.248314606741573,9.516144504307135,3.0,8.820661797752809,62,4,12,5,47,12,1352,train
1353,578,102,2,77,19,9,2,8,15,12.290196078431373,11.855464076750408,4.0,9.743033333333335,79,6,22,14,66,21,1353,test
1354,570,105,6,77,18,11,7,4,10,9.666666666666668,10.125756701596842,3.0,8.26402380952381,74,6,18,9,65,21,1354,train
1355,284,51,0,38,14,9,2,4,9,12.290196078431373,11.855464076750408,4.0,8.504601960784314,37,3,13,7,24,11,1355,train
1356,364,70,3,51,14,11,5,3,7,11.047619047619047,8.841846274778883,3.6666666666666665,7.951833333333333,50,3,11,3,31,11,1356,train
1357,765,142,8,99,22,9,7,9,24,10.610334346504558,9.957137785484202,3.5714285714285716,7.211259473150962,95,7,27,10,75,19,1357,test
1358,722,147,10,99,27,15,9,9,21,8.165986394557823,8.167268648758528,1.4444444444444444,6.809762585034013,89,9,14,7,65,11,1358,test
1359,210,39,0,34,7,3,3,1,9,11.902564102564103,12.161744961471694,3.0,7.032930769230769,35,2,6,5,18,5,1359,train
1360,335,58,1,43,15,10,1,4,8,8.088275862068967,11.602472056035307,3.6,7.206515172413793,43,5,18,11,33,11,1360,train
1361,310,62,2,49,12,9,6,3,9,6.713978494623657,7.793537801064561,1.5,6.441130107526881,46,6,9,4,31,7,1361,train
1362,446,87,3,66,14,11,8,6,10,10.998850574712645,9.516144504307135,2.75,7.2562195402298855,65,4,11,5,39,8,1362,train
1363,777,148,7,95,23,19,5,11,13,10.848979591836736,9.606745405546679,3.7142857142857144,7.148644217687075,90,7,26,9,74,20,1363,test
1364,974,175,5,119,44,26,7,6,20,7.735064935064935,7.686295010490155,3.090909090909091,7.944505194805195,116,11,37,6,101,27,1364,test
1365,439,88,1,61,14,10,5,5,17,9.670697674418605,9.3871,1.8,6.6928758139534885,58,5,9,6,36,8,1365,test
1366,713,125,10,93,29,11,10,7,16,10.982857142857142,10.608840637214634,3.142857142857143,9.448694285714286,86,7,23,12,79,26,1366,train
1367,673,120,4,86,28,15,6,13,13,13.266666666666666,11.979248473330827,4.6,9.16915,85,5,25,12,64,20,1367,train
1368,456,78,4,53,20,14,3,6,11,10.61098901098901,10.914260884657427,3.2857142857142856,8.642775457875459,53,7,25,13,42,19,1368,train
1369,956,183,7,129,41,19,12,16,24,6.97431693989071,7.168621630094336,2.3333333333333335,8.103118579234973,125,12,29,6,96,22,1369,train
1370,508,91,2,68,23,12,4,12,10,5.837802197802198,7.168621630094336,2.0,8.252255604395604,65,10,21,5,51,20,1370,train
1371,920,165,3,88,35,23,9,10,26,10.0,9.444778638647367,4.0,8.278015151515152,85,9,37,11,87,28,1371,train
1372,577,106,10,82,20,12,7,7,13,10.04761904761905,9.725611199111238,2.5,8.715166666666669,80,6,18,8,61,21,1372,train
1373,309,58,0,46,13,7,2,3,10,10.627586206896552,10.686352973137792,3.25,8.98380344827586,44,4,14,7,25,13,1373,train
1374,474,92,2,67,16,9,3,7,12,8.742028985507247,8.841846274778883,2.1666666666666665,7.48638115942029,66,6,13,6,41,11,1374,test
1375,440,91,0,61,20,9,4,6,14,6.506227106227107,6.42735559955562,1.1666666666666667,7.859096336996337,60,6,7,2,46,8,1375,train
1376,645,120,3,82,23,11,9,8,11,7.363636363636363,8.575989854853784,2.1818181818181817,7.598757575757576,79,11,24,10,62,22,1376,train
1377,497,93,7,70,19,7,10,5,8,9.590537634408603,9.888512548439397,2.8,7.275619139784946,67,5,13,7,45,12,1377,test
1378,506,88,3,63,24,14,3,5,12,11.585454545454546,11.602472056035307,2.8,8.277528181818182,59,5,15,11,55,16,1378,train
1379,828,160,3,96,39,25,2,15,22,8.59848101265823,9.120678840339163,2.4,7.618154683544304,92,10,24,11,89,20,1379,test
1380,919,166,9,95,45,32,5,11,16,11.715127175368139,11.20814326018867,4.0,9.117127576974564,87,9,36,18,94,39,1380,train
1381,666,113,2,78,29,13,4,8,17,12.135103244837758,11.855464076750408,4.0,8.762668731563423,76,6,26,14,62,22,1381,test
1382,758,129,2,86,32,19,5,10,12,10.120000000000001,10.577609850970193,3.1,8.712317500000001,82,10,32,17,74,29,1382,train
1383,577,100,7,85,24,10,5,8,13,9.314285714285715,9.606745405546679,3.0,8.924171428571428,84,7,22,9,66,24,1383,train
1384,129,24,1,23,6,4,0,0,4,8.133333333333335,8.841846274778883,2.0,8.837116666666667,23,2,4,2,16,6,1384,test
1385,856,146,4,96,28,24,8,12,23,14.09628180039139,13.023866798666859,4.857142857142857,8.99704168297456,93,7,34,21,74,35,1385,train
1386,392,76,1,54,11,8,9,3,10,6.1192982456140355,6.42735559955562,1.1666666666666667,6.757924561403509,53,6,7,2,36,9,1386,train
1387,265,46,2,38,11,7,2,1,5,10.481159420289856,10.504223727775692,3.0,9.545946376811594,41,3,9,5,28,10,1387,test
1388,497,101,0,53,18,8,5,11,14,20.992079207920796,8.841846274778883,4.5,10.675062376237625,52,2,9,2,45,13,1388,train
1389,703,138,6,89,29,12,3,13,23,12.25925925925926,10.864195022040775,3.8333333333333335,8.378351851851852,83,6,23,11,75,25,1389,test
1390,188,38,0,31,6,3,1,3,8,7.022222222222223,7.793537801064561,2.0,5.986144444444444,31,3,6,2,14,3,1390,test
1391,722,109,3,81,41,15,0,6,20,11.733158584534733,12.031772070788634,5.285714285714286,10.493063040629096,80,7,35,18,77,32,1391,train
1392,633,115,0,83,23,9,7,6,16,8.532608695652174,8.841846274778883,2.75,8.194021739130434,80,8,22,8,60,23,1392,train
1393,841,161,3,107,31,15,6,14,18,6.339130434782609,7.447530270364452,1.7857142857142858,7.8356577639751555,106,14,26,8,86,27,1393,train
1394,269,54,0,35,8,5,3,3,7,23.081481481481482,11.20814326018867,8.0,8.65415925925926,35,1,8,2,22,5,1394,train
1395,346,68,2,50,8,1,5,7,8,6.800000000000001,5.985473137389441,2.75,5.872935294117648,48,4,11,1,30,4,1395,train
1396,444,87,0,66,14,6,7,5,15,9.61954022988506,7.168621630094336,3.0,7.9821965517241384,65,4,12,2,39,10,1396,test
1397,434,81,2,64,20,9,1,3,10,11.787654320987656,7.793537801064561,3.3333333333333335,9.069403703703703,65,3,10,2,39,19,1397,test
1398,1355,227,13,140,60,33,3,26,32,11.339676945668135,11.20814326018867,3.933333333333333,9.534514214390603,133,15,61,30,156,63,1398,train
1399,128,23,0,20,6,4,1,2,4,11.556521739130435,11.20814326018867,3.0,9.012552173913043,20,2,6,4,14,5,1399,test
1400,127,24,0,23,6,4,0,3,3,4.800000000000001,3.1291,3.0,5.547533333333334,24,2,5,0,9,1,1400,train
1401,958,166,10,122,39,22,17,19,26,14.304991394148022,12.785403640627713,4.714285714285714,9.093150258175559,118,7,35,20,106,39,1401,test
1402,677,127,0,88,25,14,9,5,18,9.738932633420823,10.74609503303851,2.5555555555555554,7.817670953630796,82,9,23,16,56,21,1402,train
1403,517,103,1,64,17,11,8,4,17,10.570097087378642,9.3871,3.4,7.264376504854369,63,5,17,6,41,11,1403,train
1404,344,64,0,45,18,13,3,2,11,8.83968253968254,9.516144504307135,2.75,7.9265888888888885,44,4,10,5,35,8,1404,test
1405,328,61,3,44,14,8,3,6,10,8.067213114754098,8.841846274778883,3.0,7.499129508196721,47,4,11,4,32,8,1405,train
1406,552,104,1,75,20,15,4,9,16,8.276923076923078,9.188382445141503,2.0,7.621492307692307,71,8,16,9,51,17,1406,test
1407,83,16,0,15,3,2,0,0,2,8.9,8.841846274778883,3.0,9.364474999999999,15,1,3,1,7,4,1407,train
1408,473,91,0,67,22,13,4,9,12,9.917362637362638,9.888512548439397,2.6,7.48900021978022,67,5,13,7,43,10,1408,train
1409,322,56,4,47,13,5,5,5,8,9.885714285714286,10.686352973137792,2.25,9.124292857142859,48,4,9,7,33,9,1409,train
1410,816,145,5,102,39,14,3,9,14,9.410658307210031,10.23097548852734,2.3636363636363638,8.319490595611285,95,11,26,16,82,23,1410,train
1411,767,145,6,91,33,18,4,3,26,8.905172413793103,8.472884824447931,2.125,7.14901724137931,90,8,18,7,77,18,1411,train
1412,665,123,4,88,31,16,9,7,17,6.847213114754098,7.908726449838941,1.4,7.218423278688524,84,10,15,7,69,17,1412,test
1413,166,31,1,26,6,5,2,3,3,7.490322580645162,7.168621630094336,1.5,8.989493548387095,30,2,3,1,23,6,1413,train
1414,324,59,0,43,10,8,10,6,4,9.900564971751415,9.725611199111238,3.6666666666666665,7.555864971751412,41,3,11,4,32,9,1414,train
1415,716,135,5,94,31,19,5,14,19,8.666666666666668,9.444778638647367,1.8888888888888888,6.719759259259259,88,9,16,11,65,15,1415,train
1416,534,96,6,56,18,17,10,7,10,11.810526315789474,11.602472056035307,3.6,7.7369,54,5,19,11,55,18,1416,test
1417,348,63,3,36,15,13,3,4,11,8.214603174603175,8.841846274778883,3.6,8.27161873015873,35,5,18,5,35,12,1417,train
1418,374,66,3,50,11,9,1,5,8,10.842424242424244,10.686352973137792,4.0,9.00050606060606,49,4,16,7,39,14,1418,train
1419,211,41,0,33,12,6,2,3,6,9.36910569105691,9.725611199111238,2.3333333333333335,8.935830081300814,33,3,7,4,21,7,1419,train
1420,720,135,3,92,20,8,10,8,14,13.762962962962963,11.602472056035307,4.2,7.548885185185185,89,5,21,11,65,20,1420,test
1421,668,130,3,91,27,15,11,7,13,6.794871794871796,8.07648339933343,1.25,6.967448717948718,93,12,15,9,65,15,1421,train
1422,477,89,2,63,18,11,3,6,11,11.072727272727272,9.516144504307135,4.25,7.778040909090909,61,4,17,5,47,13,1422,train
1423,439,82,0,54,12,9,8,2,11,10.151219512195123,9.516144504307135,3.0,6.964031707317073,52,4,12,5,38,9,1423,test
1424,1043,186,0,117,35,18,11,9,35,13.170967741935485,11.93303328291395,4.75,8.60986129032258,115,8,39,19,98,35,1424,train
1425,792,158,7,90,35,19,8,10,28,8.7943741209564,8.841846274778883,2.111111111111111,7.005673277074543,86,9,19,9,79,17,1425,train
1426,1204,213,11,148,52,27,16,9,33,9.730624092888243,10.21488967967688,2.6923076923076925,8.318380406386066,141,13,40,20,125,43,1426,train
1427,797,147,8,108,29,12,5,3,19,6.972056514913658,8.139509932561175,2.0,7.204980586080586,100,13,26,9,81,24,1427,train
1428,363,69,3,56,11,8,5,2,9,9.779710144927536,7.793537801064561,2.6666666666666665,8.209908695652175,53,3,9,2,39,12,1428,test
1429,351,69,1,49,13,10,0,4,10,8.63913043478261,9.516144504307135,2.5,6.7805057971014495,50,4,10,5,30,7,1429,train
1430,326,62,3,47,15,12,3,2,12,10.84731182795699,10.504223727775692,3.6666666666666665,7.208340860215054,48,3,11,5,31,8,1430,test
1431,703,118,4,79,32,21,1,10,18,9.967796610169493,10.686352973137792,4.25,8.783947457627118,76,8,34,16,79,25,1431,train
1432,419,86,1,61,13,7,4,8,13,6.663565891472868,7.793537801064561,1.5,6.550689147286821,59,6,9,4,29,7,1432,test
1433,876,164,2,110,33,21,7,10,22,11.614634146341466,10.686352973137792,3.125,9.178482926829268,107,8,26,14,91,32,1433,train
1434,308,62,0,44,11,9,2,5,10,5.423655913978495,6.42735559955562,0.8333333333333334,6.950484946236559,44,6,5,2,25,4,1434,train
1435,847,154,7,104,27,18,13,14,24,12.955844155844156,12.031772070788634,4.428571428571429,8.316336363636363,102,7,31,17,83,31,1435,test
1436,1011,193,6,122,36,23,7,12,27,11.686586067933218,10.980518767755715,3.5555555555555554,7.972683304548071,116,9,31,17,96,29,1436,train
1437,325,60,1,40,11,8,1,3,7,7.466666666666668,8.841846274778883,2.6,7.126533333333334,41,5,13,5,32,9,1437,train
1438,711,139,3,93,31,17,11,8,15,10.691007194244605,10.686352973137792,2.5,8.019810791366908,90,8,20,13,69,20,1438,train
1439,486,87,3,60,18,13,6,3,10,9.569129720853859,9.957137785484202,2.2857142857142856,8.064336453201971,58,7,17,10,54,18,1439,train
1440,575,102,1,69,27,16,7,9,15,8.573669467787115,9.606745405546679,2.7142857142857144,8.074536974789916,68,7,18,9,51,19,1440,train
1441,1016,176,7,115,35,25,6,12,25,11.571428571428573,11.792908689023552,3.7,8.203871428571428,116,10,37,23,120,30,1441,test
1442,381,73,0,56,18,12,2,8,9,9.491780821917809,9.516144504307135,2.5,8.00252191780822,56,4,10,5,34,11,1442,train
1443,467,83,5,63,18,12,4,10,10,11.316465863453816,11.538034831475386,3.1666666666666665,8.888416465863454,63,6,20,13,49,17,1443,test
1444,1089,201,8,140,42,25,3,18,24,9.697150610583448,9.80015041476705,3.090909090909091,8.392130755314337,137,11,36,15,106,38,1444,train
1445,360,67,3,50,16,9,4,5,6,11.476119402985075,11.20814326018867,3.25,8.94506119402985,49,4,13,8,36,13,1445,train
1446,613,104,3,80,23,7,6,8,16,12.702564102564104,12.161744961471694,4.333333333333333,9.506521794871794,79,6,27,15,61,26,1446,test
1447,430,83,1,70,15,8,4,5,12,18.527710843373494,11.20814326018867,6.0,9.309478313253011,73,2,12,4,44,14,1447,train
1448,628,115,2,67,29,12,6,7,12,8.127876106194691,9.188382445141503,2.5,9.088073451327434,64,8,21,9,63,18,1448,train
1449,683,128,5,85,31,21,8,12,14,19.974603174603175,15.470042427545799,7.333333333333333,9.103271428571428,83,3,23,14,73,22,1449,test
1450,146,31,0,27,6,4,0,1,2,7.490322580645162,7.168621630094336,1.0,1.2781548387096775,27,2,2,1,8,1,1450,train
1451,531,99,2,55,22,21,3,10,16,11.852525252525254,11.855464076750408,3.5,8.920758585858586,52,6,21,14,47,25,1451,train
1452,600,118,0,86,24,16,6,7,16,7.617325800376648,8.167268648758528,1.5555555555555556,7.4983365348399245,84,9,14,7,55,14,1452,train
1453,556,110,4,73,19,11,5,9,12,8.045454545454545,8.841846274778883,2.0,7.3329545454545455,73,8,16,8,52,14,1453,test
1454,653,128,11,88,26,19,7,11,18,14.05,8.841846274778883,4.5,9.171199999999999,86,4,18,4,76,21,1454,test
1455,381,70,2,56,16,13,2,7,11,8.0,9.236282656511921,1.7142857142857142,7.064928571428572,52,7,13,8,38,11,1455,train
1456,400,77,1,53,15,11,3,6,11,8.237922077922079,8.238735603445708,2.4,7.681378961038961,51,5,12,4,38,12,1456,train
1457,541,99,3,67,27,15,2,4,8,9.293506493506493,9.606745405546679,2.0,9.1228341991342,64,7,14,9,65,23,1457,train
1458,724,127,13,88,24,18,3,16,18,11.961904761904762,11.765960540728905,4.714285714285714,8.41414126984127,80,7,33,16,75,30,1458,test
1459,886,167,6,110,37,19,10,13,22,10.296473719228212,9.994966539143718,2.3333333333333335,8.149789687292083,104,9,22,13,90,27,1459,train
1460,916,178,6,113,31,14,12,12,25,16.71191011235955,11.979248473330827,5.4,8.950574606741572,107,5,29,12,84,24,1460,train
1461,710,128,4,96,28,15,3,8,20,9.126388888888888,9.444778638647367,2.6666666666666665,9.152937847222223,92,9,26,11,71,29,1461,test
1462,342,62,0,43,11,8,0,0,10,10.84731182795699,9.725611199111238,4.333333333333333,8.736405376344086,42,3,13,4,31,11,1462,train
1463,789,155,5,97,29,21,6,5,26,9.25844155844156,8.841846274778883,3.375,7.3596766233766235,98,8,27,8,76,19,1463,train
1464,339,66,3,49,11,8,5,6,12,7.704242424242423,8.841846274778883,1.6,7.162129090909091,50,5,9,5,34,8,1464,test
1465,721,132,5,93,25,16,6,11,16,10.236363636363638,10.125756701596842,3.125,8.163157575757577,86,8,25,12,76,24,1465,train
1466,592,105,5,80,23,13,6,6,14,10.80952380952381,10.864195022040775,4.0,8.86554761904762,81,6,24,11,62,24,1466,train
1467,374,66,0,46,16,9,2,1,12,30.03636363636364,18.243605946275583,21.0,10.25949393939394,45,1,21,7,34,12,1467,train
1468,715,119,8,96,35,14,5,13,14,12.514285714285714,12.031772070788634,4.142857142857143,9.787263025210084,91,7,30,17,78,32,1468,train
1469,870,163,5,102,31,21,12,8,21,10.985537918871252,9.957137785484202,3.7142857142857144,7.903398059964726,92,7,26,10,86,27,1469,train
1470,193,38,4,33,10,4,5,2,5,7.171929824561403,7.793537801064561,1.0,10.0821350877193,34,3,3,2,27,6,1470,train
1471,868,158,1,107,36,22,8,9,26,9.864303797468356,9.888512548439397,3.0,8.41764835443038,108,10,32,14,88,27,1471,train
1472,188,36,0,24,11,9,0,2,6,18.844444444444445,14.554592549557764,8.0,8.930988888888889,24,1,8,4,14,8,1472,train
1473,825,158,6,107,36,22,7,11,12,8.15267770204479,8.841846274778883,1.8461538461538463,7.637178870496592,97,13,24,13,75,23,1473,train
1474,366,66,2,53,20,11,4,0,9,8.31030303030303,8.841846274778883,2.8,8.358341212121212,50,5,13,5,35,12,1474,train
1475,243,41,0,29,13,10,1,4,3,10.929268292682927,10.686352973137792,3.25,9.15148536585366,30,4,13,7,25,13,1475,train
1476,536,97,4,70,22,13,5,8,17,14.236082474226805,12.602617957971052,5.25,8.420537113402062,69,4,23,11,49,19,1476,train
1477,1233,222,15,135,46,35,10,14,37,11.515453915453916,11.20814326018867,3.769230769230769,8.679956826056827,125,13,51,26,132,53,1477,train
1478,185,36,0,28,8,5,0,0,5,16.622222222222224,11.20814326018867,7.0,8.492377777777778,28,1,7,2,11,6,1478,train
1479,347,70,4,49,15,14,2,4,8,13.257971014492753,11.855464076750408,4.0,7.065705797101449,44,3,12,7,34,10,1479,train
1480,586,101,5,78,22,8,8,5,8,9.18851485148515,9.888512548439397,2.1,8.983895643564356,76,10,22,14,67,23,1480,test
1481,552,108,1,73,21,14,2,5,13,13.022222222222224,10.686352973137792,3.5,7.6073666666666675,73,4,14,7,44,15,1481,train
1482,496,94,3,65,9,6,4,6,18,10.49872340425532,9.888512548439397,4.2,6.920682127659575,62,5,21,7,43,13,1482,train
1483,1084,197,3,111,34,22,18,6,31,12.550050761421321,12.340626583579944,4.2,8.380777360406093,108,10,41,26,102,37,1483,train
1484,509,91,3,70,21,11,7,4,12,10.901831501831502,10.864195022040775,3.3333333333333335,8.55316227106227,66,6,21,11,53,22,1484,train
1485,847,162,4,112,30,21,9,10,25,7.375308641975309,8.344100000000001,1.75,6.7428283950617285,111,12,21,10,85,13,1485,test
1486,517,90,3,60,24,17,0,6,17,10.0,10.504223727775692,3.8333333333333335,8.240277777777777,61,6,22,9,44,17,1486,train
1487,1224,234,9,137,48,27,11,16,33,9.07887667887668,9.424239791934728,2.642857142857143,7.4345884004884,124,14,37,17,114,32,1487,train
1488,993,195,1,109,41,17,22,15,28,8.731934731934732,8.296473431620573,2.0,7.835721445221445,106,11,23,9,95,21,1488,test
1489,696,136,4,90,27,14,7,4,19,10.712605042016806,10.608840637214634,2.4285714285714284,7.502730672268908,86,7,19,12,68,17,1489,test
1490,861,160,3,89,28,19,10,3,23,9.65,9.888512548439397,2.9,6.40385,87,10,29,14,75,16,1490,test
1491,353,70,0,49,10,7,1,7,7,12.19047619047619,10.504223727775692,4.0,7.951833333333333,48,3,12,5,24,11,1491,train
1492,477,88,3,64,14,8,7,11,9,11.130909090909093,10.793553405168563,3.4,7.739232727272728,64,5,17,9,44,15,1492,test
1493,823,149,8,97,37,20,2,13,25,14.228635346756153,12.745084868956482,4.833333333333333,8.365347427293065,93,6,29,17,73,22,1493,train
1494,234,50,0,36,7,6,9,2,3,9.066666666666668,9.725611199111238,0.6666666666666666,5.726366666666666,36,3,2,4,20,4,1494,test
1495,512,95,1,75,16,9,9,7,10,9.218045112781954,10.608840637214634,2.0,7.633853383458646,75,7,17,12,52,16,1495,train
1496,520,98,2,72,16,11,7,6,17,7.6408163265306115,8.841846274778883,2.142857142857143,7.069981632653061,71,7,16,7,53,14,1496,train
1497,349,66,0,44,16,10,1,2,10,11.830303030303032,10.504223727775692,4.333333333333333,9.991033333333334,46,3,12,5,37,17,1497,train
1498,633,119,5,85,21,8,5,14,13,7.305695611577964,8.167268648758528,2.3333333333333335,8.53837264239029,82,9,22,7,61,19,1498,train
1499,575,107,5,69,22,13,7,4,13,10.12398753894081,9.725611199111238,3.0,7.324865109034269,70,6,18,8,63,17,1499,train
1500,608,108,3,66,22,18,3,6,16,10.955555555555556,11.698219412168324,3.25,8.399803703703704,68,8,26,18,61,24,1500,train
1501,915,170,1,105,30,18,14,7,31,8.77005347593583,9.339509955726097,3.090909090909091,7.282398395721925,110,11,29,11,81,20,1501,test
1502,1064,200,2,138,38,18,10,12,29,10.272727272727273,10.23097548852734,3.090909090909091,8.248968181818181,134,11,36,17,110,36,1502,train
1503,353,71,0,46,11,10,10,3,14,8.790140845070423,8.07648339933343,2.25,6.518449295774648,43,4,9,3,31,8,1503,test
1504,934,177,5,120,32,17,11,5,21,8.661920903954803,8.238735603445708,2.7,7.815154463276836,115,10,28,8,99,26,1504,test
1505,745,131,3,72,34,23,2,12,23,10.519465648854961,10.411451182825502,3.75,9.993280152671755,68,8,30,13,79,32,1505,test
1506,642,118,5,87,27,15,4,6,21,12.490847457627119,11.602472056035307,4.6,7.88477186440678,85,5,23,11,64,20,1506,train
1507,812,143,2,92,38,26,4,8,21,11.807792207792208,11.20814326018867,4.857142857142857,9.50821868131868,90,7,34,14,87,36,1507,test
1508,190,35,0,29,10,7,1,4,2,5.085714285714286,7.554174236665414,1.4,8.495128571428573,29,5,7,3,22,7,1508,train
1509,725,130,5,98,29,16,7,8,17,8.717045454545454,9.80015041476705,2.6363636363636362,8.777960511363636,95,11,30,15,91,26,1509,train
1510,368,71,0,57,19,7,3,8,8,8.790140845070423,8.07648339933343,1.75,7.185632394366197,56,4,7,3,34,9,1510,train
1511,1047,181,10,117,47,24,8,11,25,9.790239410681401,10.31748142421505,3.6666666666666665,9.618887476979744,112,12,45,18,112,46,1511,test
1512,1110,207,7,131,46,30,9,11,36,7.653416149068324,8.634040054169528,2.2857142857142856,8.336441476880609,123,14,37,13,122,37,1512,test
1513,536,99,1,60,16,11,3,6,16,8.08138528138528,8.841846274778883,2.5714285714285716,8.006369552669554,62,7,20,7,48,21,1513,train
1514,446,87,3,64,14,8,10,6,14,7.179310344827586,7.168621630094336,1.6666666666666667,6.715125287356322,63,6,10,3,41,8,1514,test
1515,658,128,9,90,28,14,7,9,15,7.079166666666666,8.59863814320734,1.4166666666666667,7.496269791666666,83,12,18,12,73,18,1515,train
1516,1140,213,6,124,37,26,7,14,30,8.68469483568075,9.210782826323648,2.533333333333333,7.15781530516432,117,15,41,17,107,31,1516,test
1517,829,157,2,104,36,21,8,14,18,8.572993630573249,8.841846274778883,2.9,7.532990700636942,103,10,29,10,85,20,1517,train
1518,367,63,1,45,16,8,2,6,7,7.374603174603175,9.725611199111238,2.8333333333333335,8.919363492063493,47,6,17,8,39,12,1518,train
1519,584,112,4,80,26,10,4,11,16,10.03142857142857,9.3871,2.4,7.426200714285715,76,5,12,6,56,11,1519,test
1520,741,132,3,85,31,14,7,11,21,9.806060606060607,9.994966539143718,3.5555555555555554,8.431087878787878,79,9,32,13,75,29,1520,test
1521,162,34,1,29,4,3,1,2,4,9.15294117647059,8.841846274778883,2.5,5.872935294117648,29,2,5,2,13,3,1521,train
1522,947,164,5,108,33,19,10,11,25,11.085587583148559,11.022393298168332,3.8181818181818183,9.190015299334812,107,11,42,21,103,45,1522,test
1523,287,55,0,45,10,6,3,2,8,9.422222222222222,8.841846274778883,3.3333333333333335,7.453374074074074,46,3,10,3,27,10,1523,train
1524,736,142,10,97,25,13,10,14,21,8.001251956181534,9.150863307647796,1.8888888888888888,8.088584820031299,92,9,18,10,80,20,1524,train
1525,581,113,2,77,23,14,10,9,14,8.227054361567637,7.957251820313856,1.2857142857142858,7.23187597977244,74,7,10,5,57,12,1525,train
1526,356,66,0,44,11,11,3,5,9,10.618181818181819,10.504223727775692,4.333333333333333,6.880881818181818,45,3,13,5,30,6,1526,train
1527,889,156,11,105,37,16,1,10,25,17.095384615384614,14.836745963215662,6.8,9.637609743589744,102,5,36,21,94,35,1527,train
1528,869,167,3,104,31,14,13,12,30,8.680439121756487,9.2995712137729,1.6666666666666667,6.501437325349301,96,12,20,14,78,17,1528,test
1529,557,106,6,69,24,15,6,7,15,7.941509433962264,8.841846274778883,2.5,7.7198320754716985,63,8,20,8,58,19,1529,test
1530,620,119,7,84,23,17,6,4,14,13.244537815126051,11.698219412168324,3.75,8.29663781512605,84,4,16,9,65,12,1530,train
1531,562,115,0,69,23,9,5,5,22,10.591304347826089,8.841846274778883,2.2,6.8368652173913045,71,5,10,5,49,11,1531,test
1532,599,113,7,78,18,14,8,8,20,11.363963963963965,11.538034831475386,4.0,7.968154054054054,75,6,24,13,59,21,1532,train
1533,1054,194,3,110,49,30,2,17,33,9.66656848306333,10.290406445055957,2.642857142857143,7.579484388807069,104,14,38,21,97,30,1533,test
1534,440,81,6,56,18,12,5,6,11,13.269135802469137,10.504223727775692,5.666666666666667,8.094712345679012,55,3,17,5,45,12,1534,train
1535,191,36,0,27,9,8,0,2,7,10.533333333333335,10.125756701596842,3.5,8.03818888888889,28,2,7,3,19,6,1535,test
1536,939,175,9,116,34,21,9,13,19,10.63816091954023,10.355215969177355,3.4,8.038677931034483,115,10,34,16,98,33,1536,train
1537,256,51,1,40,10,7,2,4,5,11.768627450980393,8.841846274778883,2.5,7.99737843137255,42,2,5,2,25,3,1537,test
1538,752,143,9,90,18,11,14,11,20,15.076363636363638,12.68835289967788,5.2,8.14680825174825,86,5,26,14,64,21,1538,test
1539,667,127,1,78,25,15,3,7,15,10.671391076115487,9.2995712137729,2.6666666666666665,8.167626509186352,77,6,16,7,54,25,1539,train
1540,1092,202,6,126,53,32,7,15,21,9.505610561056105,9.725611199111238,2.1666666666666665,8.614354125412541,119,12,28,16,114,37,1540,train
1541,1865,336,21,182,76,53,24,29,41,10.276512175962294,10.882677951670543,3.6315789473684212,7.6218919874312645,162,19,70,35,180,54,1541,train
1542,835,148,11,95,34,16,3,11,21,11.724324324324325,11.45678717892309,4.0,9.035045945945946,91,8,33,17,90,38,1542,train
1543,746,137,6,97,27,13,7,10,16,9.592538523925384,9.725611199111238,2.5555555555555554,8.771230251419302,94,9,24,12,77,28,1543,train
1544,360,68,0,46,15,12,2,5,8,7.792941176470589,8.841846274778883,2.4,6.633118823529411,44,5,12,5,29,8,1544,train
1545,442,90,1,61,17,12,5,4,13,8.666666666666668,9.2995712137729,2.1666666666666665,6.661277777777777,61,6,13,7,37,9,1545,train
1546,279,53,3,42,10,6,3,3,9,7.564150943396226,8.07648339933343,1.75,6.975020754716981,39,4,7,3,27,7,1546,train
1547,866,154,10,98,40,18,9,11,19,14.254545454545458,13.023866798666859,4.571428571428571,9.341661038961039,94,7,32,21,86,34,1547,train
1548,399,73,0,60,17,6,1,5,7,8.57972602739726,8.841846274778883,2.6,8.254084657534246,57,5,13,5,41,12,1548,train
1549,317,67,2,48,18,6,3,4,8,8.491044776119404,8.07648339933343,1.0,8.47371791044776,44,4,4,3,26,6,1549,train
1550,456,92,3,67,18,10,1,6,11,11.373913043478261,9.516144504307135,2.75,7.523386956521739,69,4,11,5,42,10,1550,train
1551,1065,184,10,133,39,20,11,13,24,12.794782608695654,12.68835289967788,4.3,8.582455217391304,133,10,44,28,118,36,1551,train
1552,266,52,0,40,11,7,1,2,7,7.5076923076923086,8.07648339933343,1.75,7.621492307692307,37,4,7,3,23,8,1552,train
1553,455,92,2,64,13,9,7,7,12,8.307246376811595,8.841846274778883,1.0,6.11333768115942,62,6,6,6,35,8,1553,test
1554,351,66,0,46,15,11,1,3,7,8.31030303030303,9.888512548439397,2.8,7.162129090909091,43,5,14,7,28,11,1554,test
1555,371,70,3,54,20,6,1,3,11,8.095238095238095,9.2995712137729,1.8333333333333333,7.373166666666667,52,6,12,7,36,10,1555,train
1556,506,88,6,69,16,10,5,6,15,10.67636363636364,10.355215969177355,3.4,8.995255454545454,70,5,18,8,56,18,1556,train
1557,734,129,9,85,31,20,7,6,21,9.764341085271319,10.25414643259724,2.888888888888889,8.019526356589147,81,9,26,13,76,24,1557,train
1558,174,35,0,28,8,5,0,4,5,15.142857142857142,8.841846274778883,5.0,8.981642857142857,28,1,5,1,14,6,1558,train
1559,1085,199,11,133,40,29,9,15,31,10.05043398812243,10.018931242160765,3.4545454545454546,8.580492507994517,123,11,36,16,120,38,1559,train
1560,677,125,1,79,27,19,6,8,9,8.065454545454546,10.436869588844216,2.3636363636363638,7.737096363636364,75,11,26,18,59,19,1560,train
1561,954,170,9,104,48,26,5,10,23,12.970588235294116,12.161744961471694,4.375,9.334617647058824,99,8,35,20,99,37,1561,train
1562,705,129,1,84,21,10,8,6,21,10.162126245847176,9.957137785484202,3.7142857142857144,7.855440863787376,81,7,28,10,62,18,1562,test
1563,321,66,0,49,14,10,4,3,10,10.012121212121214,7.793537801064561,2.6666666666666665,6.641639393939394,49,3,7,2,30,5,1563,train
1564,572,102,1,72,21,16,11,2,11,11.11372549019608,11.855464076750408,3.1666666666666665,8.19499411764706,70,6,19,14,55,18,1564,train
1565,1015,189,8,110,37,14,13,13,32,8.362962962962964,9.236282656511921,2.357142857142857,8.149168783068783,102,14,34,16,100,33,1565,train
1566,547,114,0,72,17,14,4,5,17,9.35438596491228,8.841846274778883,2.0,6.933549122807017,67,6,13,6,43,10,1566,train
1567,1323,259,14,163,43,14,15,13,34,11.08062015503876,10.31748142421505,3.0,7.824179069767442,156,12,38,19,140,40,1567,train
1568,672,122,5,89,24,13,7,6,19,9.772677595628416,8.841846274778883,3.8333333333333335,8.139541530054645,90,6,23,6,70,20,1568,train
1569,462,81,2,64,18,9,5,4,10,9.93679012345679,9.888512548439397,3.8,8.533723703703703,63,5,22,7,45,19,1569,train
1570,301,53,1,49,18,6,3,7,5,6.809433962264151,7.168621630094336,1.75,9.954266037735849,53,4,6,1,35,15,1570,train
1571,520,103,3,68,18,14,4,7,15,8.420064724919095,7.793537801064561,2.3333333333333335,6.48087928802589,65,6,14,4,45,11,1571,test
1572,478,78,2,66,14,8,5,7,9,12.393846153846155,11.979248473330827,4.0,10.078465128205128,67,5,21,12,56,22,1572,train
1573,310,58,0,48,13,6,1,5,9,11.1816091954023,11.855464076750408,4.0,7.590088505747127,46,3,12,7,25,9,1573,train
1574,498,95,3,64,19,10,5,3,15,17.21418439716312,14.554592549557764,5.333333333333333,9.390101418439716,62,3,16,12,52,18,1574,train
1575,722,143,2,82,28,17,6,6,30,13.398041958041958,10.355215969177355,4.8,7.59471034965035,79,5,24,8,59,18,1575,test
1576,717,130,12,98,29,16,9,12,15,10.813186813186816,11.491704259439757,3.142857142857143,9.17318131868132,92,7,23,15,84,27,1576,train
1577,604,107,10,77,25,12,4,10,10,13.41981308411215,12.68835289967788,3.6,9.420182990654206,76,5,19,14,67,24,1577,train
1578,194,34,2,26,5,5,2,2,3,10.329411764705883,10.125756701596842,4.5,7.266170588235294,26,2,9,3,18,6,1578,test
1579,400,85,0,58,18,10,4,4,13,7.270588235294118,5.683917801722854,0.8,6.523111764705883,56,5,4,1,39,8,1579,train
1580,564,102,5,69,25,15,2,4,11,25.498039215686276,17.693802365651003,10.5,10.655413725490195,67,2,22,13,52,22,1580,train
1581,647,123,2,78,25,12,2,10,15,10.476422764227642,10.125756701596842,3.6666666666666665,8.247771544715448,74,6,22,9,56,20,1581,train
1582,265,59,0,49,13,8,1,4,6,5.9,3.1291,0.25,5.706235593220339,45,4,1,0,23,2,1582,train
1583,540,92,2,72,26,11,6,8,10,10.039751552795032,10.914260884657427,3.142857142857143,8.922407453416149,71,7,22,13,57,21,1583,train
1584,487,84,5,67,19,10,2,4,13,9.577142857142858,10.355215969177355,4.6,9.545137142857143,65,5,24,8,50,19,1584,train
1585,482,87,3,68,21,8,4,8,10,6.810509031198686,7.957251820313856,2.4285714285714284,7.519853694581281,65,7,17,5,43,12,1585,train
1586,255,44,0,34,11,6,1,4,5,16.072727272727274,15.247664890283005,7.0,9.392927272727274,34,2,14,9,23,9,1586,train
1587,472,84,11,64,16,11,3,10,12,7.980952380952381,8.344100000000001,2.8333333333333335,8.46637619047619,66,6,18,5,61,17,1587,train
1588,986,175,3,103,43,24,3,19,26,9.971428571428573,9.888512548439397,3.6,8.474557142857144,98,10,36,14,100,30,1588,train
1589,1012,194,3,130,45,27,6,12,30,7.596492626544441,7.610546881738771,1.7692307692307692,8.627169748903945,127,13,24,8,111,41,1589,train
1590,485,90,2,65,12,9,11,7,11,7.365079365079365,8.841846274778883,2.142857142857143,7.256769841269842,63,7,15,7,47,12,1590,train
1591,272,47,2,43,10,5,1,3,5,10.521985815602838,11.855464076750408,3.6666666666666665,8.445056028368795,41,3,11,7,30,9,1591,train
1592,528,99,2,86,18,6,6,11,14,9.94020202020202,9.3871,2.6,8.924943636363636,77,5,15,6,59,20,1592,train
1593,428,72,1,51,21,13,5,2,3,8.688888888888888,10.504223727775692,3.1666666666666665,9.275727777777778,47,6,19,10,42,18,1593,train
1594,240,46,2,37,12,10,1,2,5,7.156363636363636,8.238735603445708,1.8,7.661616363636364,38,5,10,4,33,7,1594,train
1595,760,144,7,99,33,20,5,10,20,10.255555555555556,9.827888789773866,3.0,8.805758333333333,91,8,25,11,79,26,1595,test
1596,113,26,0,20,3,3,2,2,2,8.276923076923078,8.841846274778883,1.0,5.495915384615385,20,2,2,2,6,2,1596,train
1597,984,200,3,129,39,21,13,9,26,8.62051282051282,7.168621630094336,1.9,7.356828205128204,121,10,22,5,104,21,1597,train
1598,785,143,5,89,29,16,8,8,19,11.24835164835165,10.914260884657427,4.0,8.404022877122877,85,7,30,13,76,25,1598,train
1599,742,130,13,91,21,17,9,9,17,12.974358974358976,12.457975602129121,3.8333333333333335,9.569628205128204,94,6,23,16,92,31,1599,train
1600,790,143,3,94,34,24,8,6,20,9.667482517482519,9.516144504307135,3.375,7.9461069930069925,92,8,27,10,75,25,1600,train
1601,795,147,5,104,27,16,8,14,17,8.873197278911565,9.3871,2.2,8.447388707482993,102,10,23,12,77,25,1601,test
1602,579,115,0,88,25,16,2,3,21,13.423893805309735,10.125756701596842,4.5,9.509204424778762,87,4,18,6,61,21,1602,train
1603,605,109,3,74,22,7,5,5,16,9.89829619921363,9.957137785484202,2.5714285714285716,7.740677719528178,73,7,19,10,58,17,1603,train
1604,329,63,1,53,15,10,2,3,13,7.56984126984127,7.168621630094336,1.75,7.675953968253968,53,4,7,2,32,5,1604,test
1605,151,30,2,26,9,4,0,1,6,7.333333333333333,7.168621630094336,1.5,8.064833333333333,27,2,4,1,15,5,1605,train
1606,361,66,1,57,15,9,3,6,7,10.842424242424244,10.686352973137792,2.5,7.565051515151515,56,4,10,7,33,12,1606,train
1607,735,117,7,92,28,12,7,9,14,13.568888888888887,12.516099999999998,3.2,9.480153333333334,89,10,33,27,78,35,1607,train
1608,1070,196,6,147,42,19,9,8,31,10.188497217068646,10.436869588844216,2.909090909090909,8.790026716141004,139,11,34,18,104,32,1608,train
1609,919,170,11,122,40,22,6,10,26,13.243697478991596,11.491704259439757,3.5714285714285716,8.927894957983193,120,7,27,15,92,35,1609,train
1610,325,60,1,39,14,9,1,2,13,11.333333333333336,10.504223727775692,4.666666666666667,8.576,39,3,14,5,27,13,1610,train
1611,326,64,0,49,16,12,2,8,9,6.766666666666666,8.344100000000001,1.8333333333333333,7.619629166666667,47,6,11,5,30,12,1611,train
1612,552,101,1,56,18,11,2,1,18,14.02059405940594,13.023866798666859,4.8,8.703172475247525,54,5,24,15,45,22,1612,train
1613,410,72,2,53,14,12,1,5,6,9.244444444444445,9.725611199111238,2.1666666666666665,7.521283333333333,50,6,14,8,31,13,1613,train
1614,241,44,0,37,10,3,0,4,4,13.345454545454544,13.023866798666859,5.0,9.034063636363637,37,2,10,6,24,12,1614,train
1615,735,143,5,100,28,18,5,12,28,14.516923076923078,12.340626583579944,4.0,7.59471034965035,96,5,20,13,63,15,1615,train
1616,909,159,12,114,27,18,13,14,21,14.625157232704403,13.81666964889586,6.0,8.923227044025158,110,6,37,21,87,26,1616,train
1617,556,95,3,56,26,17,6,2,15,12.586466165413535,12.031772070788634,3.857142857142857,9.29595864661654,54,7,27,17,55,26,1617,train
1618,990,180,6,125,39,21,2,14,26,10.088888888888889,10.355215969177355,3.7,8.564522222222223,123,10,36,16,117,29,1618,train
1619,260,45,0,34,7,6,3,2,8,8.055555555555555,9.516144504307135,3.75,8.054277777777777,34,4,15,5,28,10,1619,train
1620,639,121,14,84,30,21,5,2,16,10.622408963585436,10.125756701596842,3.0,8.20283837535014,81,6,18,9,81,16,1620,train
1621,501,92,3,60,19,9,4,4,8,9.968695652173913,9.888512548439397,2.8,7.466857391304348,60,5,14,7,46,14,1621,train
1622,350,55,2,45,13,6,1,2,11,11.696969696969697,11.20814326018867,6.666666666666667,11.148924242424243,46,3,21,6,41,18,1622,train
1623,663,123,4,87,22,14,7,6,17,10.476422764227642,9.2995712137729,3.5,8.11939756097561,85,6,22,7,63,21,1623,train
1624,963,176,0,122,41,25,6,13,22,8.369930069930069,9.661875296680812,2.1538461538461537,8.076075874125873,115,13,29,17,94,34,1624,train
1625,724,132,2,89,30,15,11,8,15,8.593939393939394,9.150863307647796,2.3333333333333335,7.713360606060606,86,9,21,10,71,21,1625,train
1626,1452,284,6,126,60,28,13,14,48,18.200402414486923,12.031772070788634,5.714285714285714,8.261976659959759,121,7,41,17,130,36,1626,test
1627,198,40,3,34,11,9,0,2,5,7.333333333333335,8.841846274778883,2.0,6.666333333333333,33,3,6,3,16,3,1627,train
1628,863,162,5,94,27,21,10,8,21,8.609876543209877,9.2995712137729,2.25,6.645359259259259,87,12,27,14,77,24,1628,test
1629,319,60,4,44,15,10,6,4,9,10.0,9.725611199111238,3.3333333333333335,6.733833333333333,44,3,10,4,27,7,1629,train
1630,739,148,0,86,23,16,13,10,17,8.751351351351351,8.07648339933343,2.125,8.181532432432434,80,8,17,6,69,17,1630,train
1631,816,125,5,77,31,22,3,5,24,8.200000000000001,9.120678840339163,2.6,7.54082,82,10,23,9,175,16,1631,train
1632,537,97,2,68,24,17,4,3,11,8.973711340206185,9.516144504307135,2.75,7.9819206185567015,68,8,22,10,52,18,1632,train
1633,442,91,1,58,17,10,7,3,11,14.770695970695972,11.20814326018867,3.3333333333333335,8.264330036630037,59,3,11,6,40,12,1633,train
1634,1326,230,17,125,53,35,11,10,27,11.35072463768116,11.473099999999999,3.933333333333333,8.859424637681158,119,15,60,32,141,60,1634,test
1635,173,33,1,30,10,6,1,0,5,15.624242424242425,11.20814326018867,7.0,8.144209090909092,31,1,7,2,16,5,1635,train
1636,999,189,8,128,24,15,16,10,24,7.931786731786733,9.057496981413337,2.230769230769231,7.782951607651608,119,13,29,14,105,27,1636,train
1637,945,178,9,130,45,22,3,9,27,8.917752808988764,9.3871,2.5,7.890278876404494,123,10,27,12,103,28,1637,train
1638,601,108,5,86,18,14,7,13,7,7.729979035639414,9.150863307647796,2.6666666666666665,7.348885324947589,86,9,24,10,66,19,1638,test
1639,1276,222,13,137,59,29,6,13,28,13.564684684684686,12.857556352371635,5.2,9.716448828828828,131,10,52,29,133,54,1639,train
1640,998,188,11,126,32,14,18,16,26,7.499088145896657,8.418075326091056,2.142857142857143,7.3261741641337395,116,14,30,12,112,22,1640,train
1641,905,160,7,107,39,22,5,7,31,16.8,14.265292616868656,8.2,9.2698875,105,5,41,19,84,35,1641,test
1642,1165,216,4,122,38,24,11,10,33,13.577777777777778,11.45678717892309,4.375,8.703894444444444,120,8,35,17,107,40,1642,train
1643,264,51,0,34,15,9,0,1,9,9.937254901960785,9.725611199111238,3.3333333333333335,8.504601960784314,33,3,10,4,21,10,1643,train
1644,216,43,0,35,11,8,3,2,8,8.524031007751939,9.725611199111238,2.3333333333333335,8.386735658914729,35,3,7,4,17,7,1644,test
1645,449,87,0,55,18,15,5,5,12,7.179310344827586,8.841846274778883,2.6666666666666665,6.533631034482758,52,6,16,6,36,9,1645,test
1646,214,38,1,33,8,5,2,2,3,21.51578947368421,17.122413403193683,10.0,8.84551052631579,35,1,10,6,19,8,1646,train
1647,248,43,1,38,9,7,3,2,6,4.3,7.168621630094336,2.5,8.209002325581395,39,4,10,2,25,10,1647,train
1648,833,165,8,111,33,19,8,7,23,9.272727272727272,9.150863307647796,2.3333333333333335,7.799530303030303,106,9,21,10,86,20,1648,train
1649,877,153,13,107,31,17,11,9,23,13.187301587301588,12.031772070788634,5.0,9.880745004668533,104,7,35,17,100,38,1649,train
1650,91,15,0,15,3,4,2,1,3,11.333333333333336,11.20814326018867,4.0,9.643833333333333,15,1,4,2,9,5,1650,train
1651,251,47,0,38,8,6,2,0,5,12.804255319148936,13.023866798666859,5.5,9.169546808510638,38,2,11,6,22,9,1651,test
1652,159,30,0,24,5,6,4,1,3,8.666666666666668,8.841846274778883,3.0,7.012166666666667,26,2,6,2,16,4,1652,test
1653,583,114,9,79,23,15,7,3,17,13.423893805309735,11.698219412168324,4.0,8.251593805309735,77,4,16,9,61,14,1653,test
1654,682,118,1,82,30,15,5,8,16,10.471670702179177,10.608840637214634,4.571428571428571,9.156088861985472,82,7,31,12,66,28,1654,test
1655,447,77,3,56,21,16,2,5,8,12.894805194805196,13.427899808715576,4.5,7.6672740259740255,56,4,18,13,46,16,1655,train
1656,671,134,0,96,29,16,5,3,17,8.491044776119404,8.07648339933343,1.75,7.531031343283582,96,8,15,6,67,16,1656,train
1657,461,84,2,60,21,15,1,2,14,10.053333333333335,9.888512548439397,3.8,8.793232380952382,58,5,21,7,46,20,1657,train
1658,183,35,1,28,7,3,1,3,6,16.28571428571429,11.20814326018867,6.0,9.432785714285714,29,1,7,2,17,7,1658,train
1659,375,74,0,44,15,13,4,2,11,8.622702702702703,8.841846274778883,2.0,7.357877297297298,43,5,11,5,36,11,1659,train
1660,385,70,4,53,15,10,4,8,6,9.028571428571428,9.888512548439397,3.0,9.0679,54,5,16,7,43,14,1660,train
1661,238,41,0,33,13,7,0,1,4,11.320325203252033,11.855464076750408,3.3333333333333335,9.320952032520324,34,3,11,7,28,12,1661,train
1662,1006,187,17,116,44,25,13,9,20,9.227985739750446,9.2995712137729,2.5833333333333335,8.46248146167558,108,12,34,14,107,29,1662,train
1663,525,96,0,57,24,17,4,5,14,10.06904761904762,10.608840637214634,3.857142857142857,8.099749404761905,55,7,27,12,46,18,1663,train
1664,827,151,6,104,27,16,10,12,17,10.41972038263429,10.980518767755715,3.4444444444444446,7.710333406916851,102,9,32,17,84,28,1664,train
1665,889,166,4,123,29,14,11,15,24,6.497188755020081,7.168621630094336,1.75,7.842091164658635,114,12,21,6,84,22,1665,train
1666,132,22,0,18,7,5,0,2,4,9.854545454545455,10.125756701596842,3.5,10.641645454545454,18,2,7,3,11,7,1666,train
1667,160,29,1,28,6,4,2,1,2,9.796551724137933,9.516144504307135,1.75,8.896444827586208,29,4,7,5,18,8,1667,train
1668,646,120,1,74,25,18,7,6,21,10.666666666666668,10.125756701596842,4.166666666666667,7.39175,67,6,25,9,59,20,1668,train
1669,504,97,1,63,19,15,6,4,15,8.940893470790378,9.725611199111238,3.1666666666666665,6.717335738831615,61,6,19,8,44,11,1669,train
1670,730,121,5,85,26,13,10,9,13,12.203541912632822,12.540900571622839,4.142857142857143,9.583210271546635,87,7,30,19,78,30,1670,train
1671,266,56,0,49,9,5,4,5,8,8.457142857142857,9.516144504307135,1.25,6.3046500000000005,46,4,5,5,24,5,1671,test
1672,98,20,1,19,3,3,2,1,3,8.0,3.1291,1.0,7.7865,22,1,1,0,11,3,1672,train
1673,885,162,6,109,37,21,7,8,25,12.960846560846562,11.765960540728905,5.0,8.878089417989418,106,7,36,16,95,29,1673,test
1674,424,81,2,54,19,8,3,6,12,9.073015873015875,9.957137785484202,2.142857142857143,7.329455202821869,52,7,15,10,39,12,1674,train
1675,679,128,6,90,22,13,10,11,17,11.970833333333333,11.20814326018867,3.5,8.272055208333333,91,6,21,12,69,19,1675,train
1676,863,156,6,92,36,28,12,10,25,13.154545454545456,13.023866798666859,4.875,8.692598701298701,88,8,40,24,79,34,1676,test
1677,751,147,1,94,30,17,5,5,15,16.604761904761904,11.20814326018867,4.5,9.433653741496599,93,4,18,8,68,23,1677,train
1678,538,99,4,72,20,12,9,6,13,9.293506493506493,9.957137785484202,2.5714285714285716,8.006369552669554,71,7,18,10,55,15,1678,test
1679,772,146,2,87,34,19,4,11,19,11.366666666666667,10.9516,3.25,8.367147222222222,85,8,26,15,75,29,1679,train
1680,628,112,2,81,22,13,4,8,21,9.971428571428573,9.957137785484202,3.142857142857143,8.800546428571428,79,7,23,10,62,25,1680,train
1681,736,131,8,86,31,20,7,3,11,9.807500000000001,10.355215969177355,2.6,9.575833124999999,85,10,28,16,93,37,1681,train
1682,659,126,2,96,32,18,3,12,15,11.213333333333333,10.504223727775692,3.1666666666666665,8.964713333333332,96,6,19,10,74,20,1682,train
1683,519,100,8,75,19,9,8,4,14,9.066666666666668,8.841846274778883,2.0,6.989566666666667,72,6,12,6,45,13,1683,train
1684,755,132,7,90,28,20,11,4,21,11.482251082251082,10.914260884657427,4.285714285714286,8.878177922077922,87,7,30,13,83,31,1684,test
1685,1297,239,2,151,52,31,10,12,39,13.634774523477454,11.429527900616531,5.0,8.65340450953045,151,9,45,19,126,41,1685,train
1686,606,109,0,73,21,14,6,7,16,9.615086646279307,9.994966539143718,2.6666666666666665,7.858770744138634,69,9,24,13,60,19,1686,train
1687,682,122,6,88,28,15,5,9,15,10.676328502415458,10.74609503303851,2.888888888888889,8.252103864734298,85,9,26,16,73,26,1687,train
1688,166,34,0,28,3,2,1,1,9,8.062745098039215,8.841846274778883,1.3333333333333333,6.056280392156863,28,3,4,3,13,4,1688,test
1689,344,65,0,48,18,12,1,5,11,11.743589743589745,11.20814326018867,3.3333333333333335,7.869166666666667,48,3,10,6,26,11,1689,train
1690,550,97,3,70,18,13,6,7,12,11.883711340206185,11.20814326018867,4.6,8.179977113402062,69,5,23,10,54,17,1690,train
1691,553,101,3,63,26,17,1,4,20,8.147666195190949,8.841846274778883,2.2857142857142856,9.042256152758133,64,7,19,7,62,19,1691,train
1692,699,131,2,83,27,18,6,6,14,9.209465648854962,9.888512548439397,2.3,7.420153129770993,80,10,23,14,69,18,1692,train
1693,420,78,3,55,16,11,4,10,9,8.711578947368421,8.841846274778883,3.0,8.753446315789475,54,5,18,5,40,18,1693,train
1694,423,80,5,60,13,8,3,8,10,8.851645569620255,8.841846274778883,3.2,7.418281265822785,56,5,16,5,43,12,1694,train
1695,231,43,2,35,14,7,0,1,10,13.161904761904763,12.161744961471694,4.5,9.941433333333334,35,2,9,5,26,8,1695,train
1696,267,54,0,43,10,6,4,4,7,7.622222222222224,8.841846274778883,2.0,7.230174074074075,43,4,8,4,24,8,1696,train
1697,609,122,1,87,20,12,7,5,25,9.92224824355972,9.957137785484202,2.2857142857142856,6.57177681498829,80,7,16,10,51,12,1697,train
1698,683,127,0,81,24,15,7,7,18,13.506036745406826,12.457975602129121,3.8333333333333335,8.29195721784777,77,6,23,16,66,23,1698,train
1699,176,35,1,28,3,3,1,3,6,8.142857142857144,7.168621630094336,3.0,7.211357142857143,29,2,6,1,14,5,1699,train
1700,430,77,6,54,18,10,8,1,9,6.477922077922078,7.957251820313856,2.142857142857143,8.488463636363637,53,7,16,5,47,19,1700,train
1701,315,60,0,45,9,8,6,4,8,5.333333333333334,7.793537801064561,1.6666666666666667,7.027333333333333,44,6,10,4,30,10,1701,test
1702,426,82,2,54,13,13,6,8,9,7.124738675958188,7.957251820313856,1.5714285714285714,7.105943205574913,54,7,12,5,46,11,1702,test
1703,1136,215,5,129,40,22,9,15,34,12.27586854460094,11.407655852321103,3.5,8.103026948356808,123,10,35,21,109,35,1703,train
1704,93,18,0,17,4,3,1,1,4,13.866666666666669,13.023866798666859,2.0,8.915411111111112,17,1,2,3,8,4,1704,train
1705,619,113,2,80,25,13,4,11,13,8.56204523107178,9.725611199111238,2.2222222222222223,8.451290953785644,78,9,20,12,75,19,1705,train
1706,509,101,6,61,12,10,11,5,10,12.872277227722774,10.686352973137792,3.0,7.233949504950495,61,4,12,7,48,10,1706,test
1707,1098,206,14,137,37,16,14,16,24,8.021636615811373,8.418075326091056,1.6428571428571428,8.122202357836338,131,14,28,12,117,32,1707,train
1708,596,117,0,66,22,13,4,6,21,17.651282051282053,11.20814326018867,5.666666666666667,8.674917094017093,64,3,17,6,43,15,1708,test
1709,402,80,0,57,15,13,1,8,11,9.0,7.168621630094336,2.25,6.997,56,4,9,2,34,5,1709,train
1710,867,163,12,113,29,9,11,9,25,10.03510261854211,10.504223727775692,3.3333333333333335,8.926967374380752,109,9,31,15,100,30,1710,train
1711,224,43,0,36,9,7,5,3,5,8.020930232558142,8.841846274778883,1.0,7.474583720930233,38,4,4,4,26,5,1711,test
1712,1178,218,10,147,41,23,19,17,29,9.285015290519878,9.075114841892004,2.6666666666666665,8.303988685015291,143,12,33,13,130,37,1712,train
1713,651,116,5,79,29,21,3,6,18,10.306821106821108,10.608840637214634,4.428571428571429,8.832834105534106,74,7,32,12,83,23,1713,test
1714,719,132,1,85,29,15,5,8,24,12.681212121212122,10.355215969177355,4.6,8.89344,86,5,23,8,65,22,1714,train
1715,390,72,6,50,15,9,5,10,7,9.244444444444445,9.725611199111238,2.1666666666666665,7.7405888888888885,50,6,13,8,41,9,1715,train
1716,337,58,4,50,15,8,3,4,6,14.908771929824562,12.161744961471694,5.5,8.928345614035088,51,2,12,5,41,11,1716,train
1717,682,122,9,75,28,15,11,7,18,10.362295081967213,10.686352973137792,3.625,8.275686885245902,73,8,27,14,77,20,1717,train
1718,355,63,1,51,13,8,4,2,9,8.214603174603175,9.3871,3.4,8.522253650793651,50,5,17,6,38,15,1718,test
1719,459,83,7,62,21,13,6,4,10,9.049638554216868,8.841846274778883,2.6,9.02564313253012,57,5,13,5,54,20,1719,train
1720,904,170,9,103,30,21,18,10,24,12.029411764705884,11.698219412168324,4.125,8.12714705882353,96,8,33,18,82,29,1720,train
1721,324,62,0,45,9,6,4,4,8,8.004301075268819,8.841846274778883,1.8333333333333333,7.7145172043010755,43,6,11,6,27,13,1721,train
1722,788,142,4,109,28,16,13,7,22,9.916901408450705,9.516144504307135,3.5,8.631195774647889,109,8,26,10,86,29,1722,train
1723,792,142,3,93,36,18,14,6,22,7.651830985915493,8.548686976883017,2.4,8.232721408450704,93,10,27,9,83,26,1723,train
1724,561,110,0,81,16,8,12,5,16,8.103896103896103,7.957251820313856,1.7142857142857142,6.856201298701299,78,7,12,5,47,13,1724,test
1725,492,89,6,65,19,11,6,2,14,11.776029962546817,11.855464076750408,2.8333333333333335,7.388300749063671,62,6,17,14,50,14,1725,train
