,index,EssayText,bsq,label,set,b
0,460,white :: White affects the dog house temperature becau se it has less heat obsorbing in it.,Does the answer provide a clear and logical connection between the experiment results and the chosen color?,0,train,c5
1,1479,"dark gray :: If Brandi and Jerry painted the doghouse dark gray, I think it would be just warm enough in the winter and just cool e nough in the summer, because dark gray has the medium-warm temperature on the chart about the colored lids.",Does the answer provide a clear and logical connection between the experiment results and the chosen color?,1,train,c5
2,1355,black ::  black would affect the doghouse because if it was to hot the dog wouldnt have know where to go but the doghouse the the dog house would be extremely hot,Does the answer provide a clear and logical connection between the experiment results and the chosen color?,0,train,c5
3,1503,"white :: usually a dog house is only used in the summe r so to keep the dog a little less cooler they should use a white paint. bc i learned that all the colors bounce off white and go somewhere else a long with their heat. but blck has all the colors so it obsorbs all color s and their heat. so white would be best in the table it shows that the average temput ure for a white house is 42(DEG)c. the average temputure for lightgray i s 45(DEG)c, the average temp. for dark gray is 48(DEG)c, and black's av erage temp. is 53(DEG)c. thats an 11(DEG)c difference. whitch could be very important.",Does the answer provide a clear and logical connection between the experiment results and the chosen color?,1,train,c5
4,281,"black :: if they painted the doghouse black, then it w ill be hotter inside the doghouse because the darker the color the more heat it will absorb. example: the black lid created the hottest air temperature in the jar.",Does the answer provide a clear and logical connection between the experiment results and the chosen color?,1,train,c5
5,961,dark gray ::  the color will effect the dog house because i f it is black it will be hotter because it atracts more heat but if its w hite then it will atracts less heat.,Does the answer provide a clear and logical connection between the experiment results and the chosen color?,0,train,c5
6,570,black :: Black would change the temperature of the dog house by making it warmer beacause black absorbs heat to most. With the black lid the temperture was 53(DEG)C. With the white lid the temperature was 42(DEG)C. There was 11(DEG)C difference.,Does the answer provide a clear and logical connection between the experiment results and the chosen color?,1,train,c5
7,332,"white ::  white will effect the dog house.first this wi ll effect it because white will make it cooler in the summer,because whit e doesnt absorb very much heat.",Does the answer provide a clear and logical connection between the experiment results and the chosen color?,0,train,c5
8,86,white :: the white is better for the dog house because it wont get to hot inside and not to cold.the hotest it would get in the house is 43 and the coldest it would get is 41,Does the answer provide a clear and logical connection between the experiment results and the chosen color?,0,train,c5
9,717,"white :: If you paint the dog house white, it will sta y nice and cool and won't get too hot because the data showed that when t he lid was white, the average temperature, 42(DEG)C, was colder than the others. When the lid was black the average temperature was highest, 53(DEG) C, which is 11(DEG) more than the white lid's average.",Does the answer provide a clear and logical connection between the experiment results and the chosen color?,1,val,c5
10,287,black :: The color might affect by since it is black i t will absorb more light energy which then makes the temputure higher so the inside will be warmer/hotter.,Does the answer provide a clear and logical connection between the experiment results and the chosen color?,0,train,c5
11,996,white :: because in the graph is says the average is 4 2 and thats why i picked white cause different chemical.,Does the answer provide a clear and logical connection between the experiment results and the chosen color?,0,train,c5
12,1045,white ::  reflect more heat to keep the inside cooler i n the sumer,Does the answer provide a clear and logical connection between the experiment results and the chosen color?,0,train,c5
13,1198,"black :: The black paint will make the dog house warme r for the dog because the black lid on the jar aborbed the most heat, wit h the highest average temperature (53(DEG)C).",Does the answer provide a clear and logical connection between the experiment results and the chosen color?,1,train,c5
14,676,black :: it will make the dog house really hot.,Does the answer provide a clear and logical connection between the experiment results and the chosen color?,0,train,c5
15,55,white :: The color white would be a great color to use in a doghouse because the inside of the doghouse would be cooler for the dog soo when its hot then it wont be to hot in its house. I say this bec ause the average temp of the color white is 42(DEG)C while the other 3 c olors are above this average temp.,Does the answer provide a clear and logical connection between the experiment results and the chosen color?,1,val,c5
16,944,"black :: The color black will affect the doghouse by m aking it a warmer environment for the dog. Plus if it is a cold winter, t he doghouse will help to keep the dog warmer. The data table shows that u sing the black lid color the air temperature was clearly around 12(DEG) higher then the white lid, about 10(DEG) higher in temperature than the light gray lid, and about 6(DEG) higher in temperature than the dark gray lid each trial. The average temperature was 53(DEG)C for the black lid, the average temperature for the dark gray lid was 48(DEG)C, the average tem perature for the light gray lid was 45(DEG)C, and the average temperatur e for the white lid was 42(DEG)C. It shows the black lid absorbs more he at to keep the doghouse warmer.",Does the answer provide a clear and logical connection between the experiment results and the chosen color?,1,train,c5
17,1487,dark gray ::  the darker the color the warmer it is inside. and if it was black it would be to hot and white or light gray would get to cold.,Does the answer provide a clear and logical connection between the experiment results and the chosen color?,0,train,c5
18,920,black :: Black will affect the dog house because when is sunny and bright the color will attract the heat and it will make it e ven hotter in the out side and the inside of the dog house,Does the answer provide a clear and logical connection between the experiment results and the chosen color?,0,val,c5
19,37,white :: white will keep the dog house nice and cool s ince according to there data the white lid kept the air in the jar cooles t.,Does the answer provide a clear and logical connection between the experiment results and the chosen color?,0,train,c5
20,916,white :: white will make the dog house cooler so its m ore comferable in hot weather.,Does the answer provide a clear and logical connection between the experiment results and the chosen color?,0,train,c5
21,7,"black ::  The color ""Black"" would be the best color for the roof of a dog house because according to the results from the experiment, the air temperature inside is higher compared to other co lors.",Does the answer provide a clear and logical connection between the experiment results and the chosen color?,0,train,c5
22,663,"black :: this would make the doghouse very hot and unc omfortable because, as shown in the expirament, black attracts heat bring ing more thermal energy to the dog house than other colors such as white.",Does the answer provide a clear and logical connection between the experiment results and the chosen color?,1,train,c5
23,183,black :: Black will affect the dog house by heating it up because black absorbes more energy.,Does the answer provide a clear and logical connection between the experiment results and the chosen color?,0,train,c5
24,694,black :: The color black might affect the dog house be cause black is the drakest color out of the's four colors.,Does the answer provide a clear and logical connection between the experiment results and the chosen color?,0,train,c5
25,641,"dark gray :: If Brandi and Jerry used the color dark gray for their doghouse that would be the best color because it would keep the doghouse warm and cool depending on the seasons. The color dark gray in the jar experiment had an average of 48(DEG)C. That makes the temp erature of the doghouse in general, not to hot and not to cool based on t he jar experiment.",Does the answer provide a clear and logical connection between the experiment results and the chosen color?,1,val,c5
26,913,white :: The color white does not absorb as much heat as a darker color and the doghouse wont get as hot.,Does the answer provide a clear and logical connection between the experiment results and the chosen color?,1,val,c5
27,955,white :: the color on the outside will either heat up or cool down the doghouse and since white was still warm but not too hot so white is the best color for the doghouse.,Does the answer provide a clear and logical connection between the experiment results and the chosen color?,0,train,c5
28,1461,"white :: White would be the best color. this is becaus e on average it had the lowest tempature inside, so it asorbed or blocked the most heat, it had an averge of 42 degrees while black had an average of 53 degrees",Does the answer provide a clear and logical connection between the experiment results and the chosen color?,1,train,c5
29,358,dark gray :: This will keep the dog warm but it wont get to hot or cold.,Does the answer provide a clear and logical connection between the experiment results and the chosen color?,0,train,c5
30,109,"white ::  The darker the color, the greatest increase i n temperature because darker colors absorb more energy. The white would keep the doghouse's roof cool on a very sunny day, since the light color doesnt absorb energy as fast as the dark colors.",Does the answer provide a clear and logical connection between the experiment results and the chosen color?,1,train,c5
31,1533,white ::  its obsorves less energy from the sun than al l the darker colors,Does the answer provide a clear and logical connection between the experiment results and the chosen color?,0,train,c5
32,53,white ::  If the color is a dark color then the tempera ture will increase more than if the color is a lighter shade. White was t he color that affected the temperature the least in the experiment and th at would be the best color for the doghouse's temperature.,Does the answer provide a clear and logical connection between the experiment results and the chosen color?,1,train,c5
33,865,"dark gray :: The dog house would not be too hot in the sum mer if you did a dark gray, also if you chose a light gray it could be co ld in the winter, so there for dark gray would be the best color.",Does the answer provide a clear and logical connection between the experiment results and the chosen color?,0,train,c5
34,1338,light gray ::  light gray is more as cooler than black or dark gray in the summer but black and dark gray will be warmer in the winter light gray or white. Meaning light gray is in the middle.,Does the answer provide a clear and logical connection between the experiment results and the chosen color?,0,train,c5
35,529,white :: so if it is hot out side and the dog wants to go in side the dog house then it will be cooler because the color of the dog house is white.,Does the answer provide a clear and logical connection between the experiment results and the chosen color?,0,train,c5
36,369,white :: it will make it cooler inside because the whi te coloer will deflect light from the house,Does the answer provide a clear and logical connection between the experiment results and the chosen color?,0,val,c5
37,141,"white :: This color will make the air in the doghouse less hot, so the dog will be a lot cooler while in the doghouse. I know t his because in the experiment the air is hottest with a black lid and coo lest with a white one. So if the sun is beating down on the doghouse, it will only reach about 42(DEG) C, instead of 45(DEG) C or higher.",Does the answer provide a clear and logical connection between the experiment results and the chosen color?,1,train,c5
38,1090,white :: white doesnt take in colors from the rainbow like black and other colors,Does the answer provide a clear and logical connection between the experiment results and the chosen color?,0,val,c5
39,823,dark gray :: It will take in heat in the winter and won't take as much in in the summer as black would.,Does the answer provide a clear and logical connection between the experiment results and the chosen color?,0,val,c5
40,682,"black :: The dark paint color is better because the gr eater the increase in air temprature in the doghouse ,becouse darker colo r absorbs more energy.",Does the answer provide a clear and logical connection between the experiment results and the chosen color?,0,train,c5
41,1077,white :: If they colored the doghouse white then it wi ll be cool inside and not so hot like it would be if it was black. Because when the jar lid was black the inside of the jar was 53(DEG)C an d when it was white the inside of the jar was 42(DEG)C,Does the answer provide a clear and logical connection between the experiment results and the chosen color?,1,val,c5
42,767,black :: Black is a dark color so it will absorb more heat and make the dog house a hot temperature.,Does the answer provide a clear and logical connection between the experiment results and the chosen color?,0,train,c5
43,306,"dark gray :: That color (dark gray) might affect the dog h ouse by absorbing heat cause it is a dark color,but not as dark black,so it won't absorb so munch heat.",Does the answer provide a clear and logical connection between the experiment results and the chosen color?,0,train,c5
44,465,black :: it wil heat the dog house up more than the ot her colors.,Does the answer provide a clear and logical connection between the experiment results and the chosen color?,0,train,c5
45,151,white :: The darker colors will absorb heat faster tha n lighter colors.,Does the answer provide a clear and logical connection between the experiment results and the chosen color?,0,train,c5
46,1368,"white :: If you paint the doghouse white, it will be c ooler inside than if you painted it black. Since black absorbs more energ y it will get hotter faster than if it was painted white.",Does the answer provide a clear and logical connection between the experiment results and the chosen color?,1,train,c5
47,569,black :: i think the color black will make the isnside of the dog house warm because it is a dark color.,Does the answer provide a clear and logical connection between the experiment results and the chosen color?,0,train,c5
48,669,"black :: black might affect the doghouse because its going to be dark,hot, and not cmfortable.",Does the answer provide a clear and logical connection between the experiment results and the chosen color?,0,train,c5
49,170,dark gray :: the dark gray will keep the inside of the dog house warm enough in the winter and not to hot during the summer. the dar k gray was an average of 48(DEG)C which is not as hot as the black lid w hich was an average of 53(DEG)C and not as cold as the light gray which was and average of 45(DEG)C.,Does the answer provide a clear and logical connection between the experiment results and the chosen color?,1,train,c5
50,624,white ::  Less heat in the dog house so there would be much more comfort for the dog.,Does the answer provide a clear and logical connection between the experiment results and the chosen color?,0,train,c5
51,809,"white :: It might not give it much light from the sun or any heat because darker colors attract more energy and light. Just lik e with the jars and the lamp. The jar with a black lid had the highest av erage, therefore proving that darker colors attract more energy.",Does the answer provide a clear and logical connection between the experiment results and the chosen color?,1,train,c5
52,296,white :: White will reduce the temperature in side the doghouse. In the experiment white had an average of 42(DEG)C while the other colors had higher temperature averages.,Does the answer provide a clear and logical connection between the experiment results and the chosen color?,1,train,c5
53,169,white ::  painting a dog house white will keep it coole r than other colors. in the experiment white had an average temp of 42(DEG) C while black had a 53(DEG)C average,Does the answer provide a clear and logical connection between the experiment results and the chosen color?,1,train,c5
54,872,"white ::  if the doghouse is painted white the air temp erature will be lower than light gray, dark gray, or black. the white lid jar had an average temperature of 42(DEG)C. the light gray lid had an a verage temperature of 45(DEG)C. the dark gray lid had an average tempera ture of 48(DEG)C. and the black lid had an average temperature of 53(DEG) C. therefor white will help make the inside of the doghouse cooler.",Does the answer provide a clear and logical connection between the experiment results and the chosen color?,1,val,c5
55,1463,"white ::  white would make the dog house less hot. the data table shows that the white paint kept the jar cooler than the other paint in trial 1,2, and 3.",Does the answer provide a clear and logical connection between the experiment results and the chosen color?,1,train,c5
56,1099,"light gray :: The doghouse should be light gray because tha t way the air temperature isn't to hot or to cold, it's just about in the middle.",Does the answer provide a clear and logical connection between the experiment results and the chosen color?,0,val,c5
57,252,"white :: The color white will keep the doghouse cool u nder sunlight, because in the expirement, the white color reflects sunlig ht, not absorbing it. so, the doghouse will be cooler",Does the answer provide a clear and logical connection between the experiment results and the chosen color?,1,train,c5
58,1454,black :: The color my affect the dog house because the dog might not be the same color as the house or the house will be to dar k because its black.,Does the answer provide a clear and logical connection between the experiment results and the chosen color?,0,train,c5
59,855,"black ::  The darker the color, the warmer it will be i nside of the doghouse becuase darker colors absorb more energy.",Does the answer provide a clear and logical connection between the experiment results and the chosen color?,0,train,c5
60,253,light gray ::  it would keep the dog house at a good temp. the entire year round.,Does the answer provide a clear and logical connection between the experiment results and the chosen color?,0,train,c5
61,566,white :: It Was The Coolest With the Temp. Of 42(DEG) C. It would Be To Hot To Use Black Which Was 53(DEG)C. Inside The Jar.,Does the answer provide a clear and logical connection between the experiment results and the chosen color?,1,train,c5
62,817,"dark gray :: This color would keep the temperature just ri ght. It wouldn't be too hot or to too cold. The average (DEG)C was 48(DEG) C, the lowest average wsa 42(DEG)C and the highest average was 53(DEG)C.",Does the answer provide a clear and logical connection between the experiment results and the chosen color?,0,train,c5
63,1191,white :: White would make it more comfortable for the dog and it would be warmer than black because the black absorbs more ener gy than light colors.,Does the answer provide a clear and logical connection between the experiment results and the chosen color?,1,train,c5
64,1103,"white :: you would probably want to choose white becua se that is the color that will keep it the coolest inside the dogouse, wh en the sun is shinning it is usually warm outside, and the dog will want to use it to cool off, not to get even more hot.",Does the answer provide a clear and logical connection between the experiment results and the chosen color?,1,train,c5
65,1580,"dark gray :: The best paint color for the doghouse would b e dark gray. In the experiment of the glass jar it had an average of 48(DEG) C and was the second highest temperature. The highest temperature was the black lid with 53(DEG)C. The difference of the highest temperature and second highest temperature was the 5(DEG)C. If using the dark gray paint color it would still absorb energy to keep the dogs warm, but yet be a bit coo l for them too.",Does the answer provide a clear and logical connection between the experiment results and the chosen color?,1,train,c5
66,291,dark gray :: I think dark gray is good because the t empeture is 48(DEG) and that's not hot so the dog is not going to be hot .And 48(DEG) is not cold either it's cool so the dog wont be cold or hot it'll be just right.But that's my opinion.,Does the answer provide a clear and logical connection between the experiment results and the chosen color?,0,train,c5
67,591,"white :: The color of the dog house being white wil ca use the doghouse to stay cooler under sunlight. This is beacuse the color white reflects the light away from the doghouse, and the light will not be absorbed and turned into heat energy inside the doghouse.",Does the answer provide a clear and logical connection between the experiment results and the chosen color?,1,train,c5
68,1532,white ::  if they used white for the color of the dog hous it would keep the inside of it cool because white reflects ligh t.,Does the answer provide a clear and logical connection between the experiment results and the chosen color?,0,train,c5
69,197,black ::  It will make the inside of the dog house cold or warm .,Does the answer provide a clear and logical connection between the experiment results and the chosen color?,0,train,c5
70,852,light gray :: This color should make the doghouse a nice co ol temperature cosistantly. I say this because in the data table light gr ay's average temp. was 45(DEG).,Does the answer provide a clear and logical connection between the experiment results and the chosen color?,0,train,c5
71,760,black :: The black doghouse would keep you warmer in t he winter but it would be really hot in the summer,Does the answer provide a clear and logical connection between the experiment results and the chosen color?,0,train,c5
72,1399,"light gray :: Using Light Gray would keep the tempurature a t an even or equal rate. If it was cold, it wouldn't keep it as warm, but not super cold either. If it was hot outside, the dog house would keep s orta cool, but not extremely hot either. The average of Black is a high a t 53 degrees. which is super hot. Then White would be too cold at an aver age temp at 42 degrees.",Does the answer provide a clear and logical connection between the experiment results and the chosen color?,1,train,c5
73,211,black :: black is a darker color so there forth it att racts heat which would cause th tempatuer to go up,Does the answer provide a clear and logical connection between the experiment results and the chosen color?,0,train,c5
74,1377,white :: it would keep the inside of the doghouse cool er,Does the answer provide a clear and logical connection between the experiment results and the chosen color?,0,train,c5
75,1206,"black ::  The black paint because it will absorb more light energy causing the inside of the dog house to be warmer, keeping the dog warm at night. The average temperature for the black lid was 53(DEG), while the white was 42(DEG). The black paint had the highest temperature out of all colors and was 11(DEG) higher than the white paint.",Does the answer provide a clear and logical connection between the experiment results and the chosen color?,1,train,c5
76,174,light gray :: IT will affect it because it will absorb less heat,Does the answer provide a clear and logical connection between the experiment results and the chosen color?,0,train,c5
77,710,"white :: the white color will attract less energy than the others, thus making the doghouse cooler",Does the answer provide a clear and logical connection between the experiment results and the chosen color?,1,train,c5
78,3,white :: I chose white for the color of paint for the dog house. White might affect the doghouse by keeping the inside cooler d uring the day. When the glass jar had a black lid the average temperature was 53(DEG)C. When the glass jar had a white lid after ten minutes the average temperature in the jar was only 42(DEG)C. This is a difference o f 11(DEG)C. White is the better choice for paint color on a doghouse bec ause it will keep a dog cool in the middle of the day.,Does the answer provide a clear and logical connection between the experiment results and the chosen color?,1,train,c5
79,1438,"black :: i chose the black color becasue that if the d og likes it hot then this would be the right becasue when they see what c olor would be the hotes and the trials number are 54(DEG), 52(DEG), 53(DEG) ((DEG)c) and the average temp. is 53(DEG)c if the dog likes it hot in there",Does the answer provide a clear and logical connection between the experiment results and the chosen color?,0,train,c5
80,1384,light gray :: light gray because it wont make the inside of the dog house to hot because the dog already has a large coat of fur and dark gray wont over heat the dog house.,Does the answer provide a clear and logical connection between the experiment results and the chosen color?,0,train,c5
81,748,"white :: Assuming that the location of the doghouse ha s a warm climate, the white paint color will be more likely to keep the t emperature of the air inside the doghouse at a cooler, or lower, temperat ure. This can be said because the white paint color, on average, made the air inside the glass jar a temperature of 42(DEG) C, compared to 53(DEG) C for black paint, 48(DEG) C for dark gray paint, and 45(DEG) C for light gr ay paint. It is vital that the doghouse maintains a low temperature so th at the dog, that stays inside the doghouse, doesn't overheat.",Does the answer provide a clear and logical connection between the experiment results and the chosen color?,1,train,c5
82,1113,black ::  if you use black paint then it will take in m ore heat because dark colors absorb more energy like they found out in th e lab hot lamp the black was at least 5(DEG)c hotter then all the other colors.,Does the answer provide a clear and logical connection between the experiment results and the chosen color?,1,train,c5
83,1484,"white :: The white paint should keep the inside temper ature of the doghouse cooler on a hot day, than say black paint for examp le. When comparing the average temperatures of all the lid colors the whi te lid kept the glass jar at a cooler temperature. On average about 6.6(DEG) C cooler, compared with the averages for the other lids. So, therefore white pa int is the better choice, especially if you are looking to keep the insid e of the dog house cool for your dog on a hot day.",Does the answer provide a clear and logical connection between the experiment results and the chosen color?,1,train,c5
84,312,black :: it would increase the temerature more than an y colors selected.,Does the answer provide a clear and logical connection between the experiment results and the chosen color?,0,train,c5
85,1491,black :: it will keep the dog house warmer because the black attracks heat,Does the answer provide a clear and logical connection between the experiment results and the chosen color?,0,train,c5
86,640,black :: it will effect it because the suns rays will heat it,Does the answer provide a clear and logical connection between the experiment results and the chosen color?,0,train,c5
87,959,"white ::  White because in the data it say that white had the lowest tempature with a average of 42(DEG)C. If the they painted it white, it would keep the dog house at a cooler tempature during hot sunny days.",Does the answer provide a clear and logical connection between the experiment results and the chosen color?,1,train,c5
88,186,black ::  The color black because it would be warm in t he doghouse. Since black absorbs more heat black would be best to keep th e dog warm rather than cold.,Does the answer provide a clear and logical connection between the experiment results and the chosen color?,0,train,c5
89,167,black :: The sun absorbs more energy in the color. Mak ing the inside of the doghouse hot &amp; warm.,Does the answer provide a clear and logical connection between the experiment results and the chosen color?,0,train,c5
90,1249,"white :: If you were to build a dog house you wouldn't want it to get to hot, so I would choose white. The average was 42(DEG) C, since it was the coolest of the jars I think it would be best for the dog house.",Does the answer provide a clear and logical connection between the experiment results and the chosen color?,1,val,c5
91,286,white :: because white is the the color that regects a ll light there for keeping the light rays from soaking in causing heat,Does the answer provide a clear and logical connection between the experiment results and the chosen color?,0,train,c5
92,791,"white ::  By painting the dog house white, it would make the inside of the doghouse cooler. This is proven because in each trial, white had the lowest temperature. For example, in the experiment, White's average tempurate was 42(DEG), compared to black's average, which was 53(DEG); a huge difference!",Does the answer provide a clear and logical connection between the experiment results and the chosen color?,1,train,c5
93,1020,"light gray ::  The color light gray would have to be the be st color to paint the doghouse. They wouldnt want to use black because si nce black is a dark color itll absorb more energy &amp; make the air temp erature rise high. So black wouldnt be a good color because they wouldnt want the dogs to get to hot. That is why i chose light gray because i thi nk its just righ to paint the doghouse. With light gray, the dogs wouldnt be to hot or too cold. They would be just right.",Does the answer provide a clear and logical connection between the experiment results and the chosen color?,0,train,c5
94,36,white :: i would say white because in the experiment t he darker the color the hotter it got. And with white being the lightest color the dog would not get as hot.,Does the answer provide a clear and logical connection between the experiment results and the chosen color?,1,train,c5
95,165,light gray :: light gray because it wouldn't be that hot in the summer time and in would not be that cold. becaue in the results the average for light grey was 45(DEG).and that in perfect tempature,Does the answer provide a clear and logical connection between the experiment results and the chosen color?,0,train,c5
96,438,black ::  The black lid will attract more heat to the d og house.,Does the answer provide a clear and logical connection between the experiment results and the chosen color?,0,train,c5
97,1634,"white :: by painting the doghouse white it would make the doghouse cooler inside than painting it black dark gray or light gray because in the data it shows that the average temperature of the air in the jar that had the white lid was 42(DEG)c , and the average temprature for the air inside the jar that had the black lid was 53(DEG)c. by painting the doghouse white there would be a difference in heat of 11(DEG)c t han painting the doghouse black. therefore painting the doghouse white would be the best choice of color to paint the doghouse because it would keep it the coolist temperature.",Does the answer provide a clear and logical connection between the experiment results and the chosen color?,1,train,c5
98,106,dark gray ::  the color affect the dog house because with dark gray the temperature is kept the same instead of varying from one temp to the other. Plus dog dont want it to be too cold in there dog house so i figured they want a temperature that will keep them warm and kinda chill,Does the answer provide a clear and logical connection between the experiment results and the chosen color?,0,val,c5
99,51,"white :: White would affect the inside of the doghouse becuase it is a light color so it will absorb less enrgy becuase the dar ker the color the more enrgy it will absorb. In teh data table from their experiment, black absorbed the most energy and white absorbed the least energy so that is why they should choose white for the doghouse",Does the answer provide a clear and logical connection between the experiment results and the chosen color?,1,val,c5
100,1537,black ::  i would chooose black for my dog's house brco use during the winters the dog house would need all the heat it could get so i would choose black. black is the best color to choose becouse in th e test it was an average of 11(DEG)c hotter!,Does the answer provide a clear and logical connection between the experiment results and the chosen color?,1,train,c5
101,1606,white :: the best color to choose would be white becau se on average white had the lowest temperature of all the colors meeaning the inside of the doghouse would be cooler,Does the answer provide a clear and logical connection between the experiment results and the chosen color?,1,train,c5
102,795,black :: will absord more energy,Does the answer provide a clear and logical connection between the experiment results and the chosen color?,0,train,c5
103,552,dark gray ::  Dark gray would be a good color to paint the doghouse because it's not too hot and it's not too cold. The average temperature would be 48(DEG) C. Just right.,Does the answer provide a clear and logical connection between the experiment results and the chosen color?,0,train,c5
104,2,white :: The color white is the best choice. It will keep the doghouse a cooler tempture. This is proven by the data gathered by the trials. According to the data the average air temperature of a black lid on a jar was 53(DEG) C. When the lid was changed the white the temperature droped to an average of 42(DEG) C. This proves that white would be a better temperature control factor.,Does the answer provide a clear and logical connection between the experiment results and the chosen color?,1,train,c5
105,1092,light gray ::  i chose light gray because the inside of the doghouse would be warm and the dogs fur would keep the dog warm in the wi nter.,Does the answer provide a clear and logical connection between the experiment results and the chosen color?,0,train,c5
106,260,"white ::  On a hot summer day, it's easy for dogs to ge t overheated, harming them and even killing them. Therefore, white is the best color of paint to use because the air inside of it only increases b y 18(DEG)C after ten minutes of exposure to light and heat. With black p aint, it increases by 29(DEG)C, which could definately be detrimental to a dogs health.",Does the answer provide a clear and logical connection between the experiment results and the chosen color?,1,train,c5
107,450,white ::  because the whit well not be as heated in the dog house unlike black because that welll heat the whole doghouse,Does the answer provide a clear and logical connection between the experiment results and the chosen color?,0,train,c5
108,459,white :: If the dark the color the hotter it gets why not choose white to keep the dog nice and cool in some ways.,Does the answer provide a clear and logical connection between the experiment results and the chosen color?,0,train,c5
109,1199,"white ::  White would be the best color for a dog house because according to this expiriment whit absorbs the most heat with an average temperature of 42(DEG)C compared to the black paint which had an average tempurature of 53.25(DEG)C, making the dog house a cooler place to live.",Does the answer provide a clear and logical connection between the experiment results and the chosen color?,1,train,c5
110,726,"white ::  It could get dirty, you could piant it over agia,and you could draw on the walls.",Does the answer provide a clear and logical connection between the experiment results and the chosen color?,0,train,c5
111,188,"white :: If the color of the doghouse is white, this w ill keep the house cool. According to the experiment, the black lid incre ased the air temperature by 29(DEG)C in 10 minutes, while the white lid only increased it by 18(DEG)C.",Does the answer provide a clear and logical connection between the experiment results and the chosen color?,1,train,c5
112,990,"white ::  Using white paint would make the doghouse col der than if they used black paint. As was shown by the table, the average temperature of the jar with a black lid was 53(DEG)C, while the average temperature of the jar with a white lid was 42(DEG)C. The jar with the black lid was 11(DEG)C warmer than the jar with the white lid. Thus, usi ng white paint would also make the doghouse colder than using black paint , and Brandi and Jerry should use white paint.",Does the answer provide a clear and logical connection between the experiment results and the chosen color?,1,train,c5
113,473,black ::  The color black absorbs all the colors of lig ht so the inside of the doghouse would be hot becase the color is absorbi ng and trapping the heat from the light.,Does the answer provide a clear and logical connection between the experiment results and the chosen color?,0,train,c5
114,1234,dark gray :: dark gray may attract more heat to the dog ho use but no as much as black.,Does the answer provide a clear and logical connection between the experiment results and the chosen color?,0,train,c5
115,803,"dark gray :: If they choose dark gray as the color for the doghouse, the temperature of doghouse would be neither too hot or too co ld for the dog. I chose dark gray because black would be too hot for dogs because they have furs but white would be too cold because even though t he dogs have furs, if the temperature is cold, thye will get cold. So i t hink dark gray is the best color to choose.",Does the answer provide a clear and logical connection between the experiment results and the chosen color?,0,train,c5
116,1017,"white :: using white paint would keep the temperature inside of the doghouse low on a sunny day. the average temperature of the white lid was 42(DEG)C and the average temperature of the blace lid was 53(DEG)C, the white lid was 11(DEG)C cooler then the jar with the blac k lid",Does the answer provide a clear and logical connection between the experiment results and the chosen color?,1,train,c5
117,1153,"black :: We can see from this expirement that darker colors absorb more heat. Knowing this information, for the dog to be more warm and comfortable inside his doghouse, Brandi and Jerry should paint the house Black.",Does the answer provide a clear and logical connection between the experiment results and the chosen color?,1,train,c5
118,336,"light gray :: Well ,I pick Light gray because I wouldnt wan t too much energy in my dogs house if i had to pick a color . Most dogs g oes in their house soo they can either cool off or to relax .",Does the answer provide a clear and logical connection between the experiment results and the chosen color?,0,train,c5
119,1423,light gray ::  it will keep it warm for those cold night an d keep it cool for those hot summer days.,Does the answer provide a clear and logical connection between the experiment results and the chosen color?,0,train,c5
120,57,dark gray ::  I think that they should paint the dog house black because it absorbs more sunlight and allow the house to be warmer. The black had the highest temperture that was 54 degrees and the white on e had 41 degrees.,Does the answer provide a clear and logical connection between the experiment results and the chosen color?,1,train,c5
121,289,"white ::  having this colour will effect the dog house because light colours reflect heat, so if you paint the house white, then there wont as much heat on the walls, making the doghouse cooler. this i s shown by the fact that in the jar experement, black had the hottest dat a and white had the coolest.",Does the answer provide a clear and logical connection between the experiment results and the chosen color?,1,train,c5
122,536,white :: White. Because the black attracts light so th en the dog house would heat up. th edark Gray is also like the black so t hat wont work either. The last decision was light gray or white so i pick ed white because that color doesnt attract light.,Does the answer provide a clear and logical connection between the experiment results and the chosen color?,0,train,c5
123,1421,white :: That will affect the doghouse becuase that wa y there wont be to much pressure in the dog house. Then the dog wil l be comfortable,Does the answer provide a clear and logical connection between the experiment results and the chosen color?,0,train,c5
124,975,white :: I would use a light color like White in this case because if its 95 degrees outside and you have a black dog house the dog house is going to be hot.Like in the experiment they used they used a black lid because it would make the jar the hotest.,Does the answer provide a clear and logical connection between the experiment results and the chosen color?,1,train,c5
125,858,"white ::  hite will keep the doghouse cooler inside bec uase white attracks less energy than black, dark grey, and light grey. th e white was the lowest average tempatue a 42(DEG)C",Does the answer provide a clear and logical connection between the experiment results and the chosen color?,1,train,c5
126,199,"black :: Black absorbs light. Just like with the jar l id when it was black, it absorbed the most. So if you colored the doghous e black it would increase the temperature inside it.",Does the answer provide a clear and logical connection between the experiment results and the chosen color?,1,train,c5
127,577,light gray ::  You dont want the dog to hot so make it so it will be cooler inside. It will be about 45(DEG)C,Does the answer provide a clear and logical connection between the experiment results and the chosen color?,0,train,c5
128,1535,white ::  white would not attract as much heat as the o ther darker colors,Does the answer provide a clear and logical connection between the experiment results and the chosen color?,0,train,c5
129,1396,"light gray ::  On hot sunny days the color of the house wouldn't absorb so much heat, So the house woldnt get so hot, But if it was a cold day the colors of the house could reflect the cold air, Becuas e, Lighter colors reflect heat, &amp; darker colors absorb heat.",Does the answer provide a clear and logical connection between the experiment results and the chosen color?,0,train,c5
130,1220,"white ::  white would be best because it reflects more energy, the table shows that the average temp. after three trials for the white lid was 42 degrees celcius which is 11 dgrees cooler than the h ighest average(52 degrees celcius) or the black lid.",Does the answer provide a clear and logical connection between the experiment results and the chosen color?,1,train,c5
131,460,white :: White affects the dog house temperature becau se it has less heat obsorbing in it.,"Does the answer address all parts of the question (color choice, effect description, and experiment support)?",0,train,c6
132,1479,"dark gray :: If Brandi and Jerry painted the doghouse dark gray, I think it would be just warm enough in the winter and just cool e nough in the summer, because dark gray has the medium-warm temperature on the chart about the colored lids.","Does the answer address all parts of the question (color choice, effect description, and experiment support)?",1,train,c6
133,1355,black ::  black would affect the doghouse because if it was to hot the dog wouldnt have know where to go but the doghouse the the dog house would be extremely hot,"Does the answer address all parts of the question (color choice, effect description, and experiment support)?",0,train,c6
134,1503,"white :: usually a dog house is only used in the summe r so to keep the dog a little less cooler they should use a white paint. bc i learned that all the colors bounce off white and go somewhere else a long with their heat. but blck has all the colors so it obsorbs all color s and their heat. so white would be best in the table it shows that the average temput ure for a white house is 42(DEG)c. the average temputure for lightgray i s 45(DEG)c, the average temp. for dark gray is 48(DEG)c, and black's av erage temp. is 53(DEG)c. thats an 11(DEG)c difference. whitch could be very important.","Does the answer address all parts of the question (color choice, effect description, and experiment support)?",1,train,c6
135,281,"black :: if they painted the doghouse black, then it w ill be hotter inside the doghouse because the darker the color the more heat it will absorb. example: the black lid created the hottest air temperature in the jar.","Does the answer address all parts of the question (color choice, effect description, and experiment support)?",1,train,c6
136,961,dark gray ::  the color will effect the dog house because i f it is black it will be hotter because it atracts more heat but if its w hite then it will atracts less heat.,"Does the answer address all parts of the question (color choice, effect description, and experiment support)?",0,train,c6
137,570,black :: Black would change the temperature of the dog house by making it warmer beacause black absorbs heat to most. With the black lid the temperture was 53(DEG)C. With the white lid the temperature was 42(DEG)C. There was 11(DEG)C difference.,"Does the answer address all parts of the question (color choice, effect description, and experiment support)?",1,train,c6
138,332,"white ::  white will effect the dog house.first this wi ll effect it because white will make it cooler in the summer,because whit e doesnt absorb very much heat.","Does the answer address all parts of the question (color choice, effect description, and experiment support)?",0,train,c6
139,86,white :: the white is better for the dog house because it wont get to hot inside and not to cold.the hotest it would get in the house is 43 and the coldest it would get is 41,"Does the answer address all parts of the question (color choice, effect description, and experiment support)?",1,train,c6
140,717,"white :: If you paint the dog house white, it will sta y nice and cool and won't get too hot because the data showed that when t he lid was white, the average temperature, 42(DEG)C, was colder than the others. When the lid was black the average temperature was highest, 53(DEG) C, which is 11(DEG) more than the white lid's average.","Does the answer address all parts of the question (color choice, effect description, and experiment support)?",1,val,c6
141,287,black :: The color might affect by since it is black i t will absorb more light energy which then makes the temputure higher so the inside will be warmer/hotter.,"Does the answer address all parts of the question (color choice, effect description, and experiment support)?",0,train,c6
142,996,white :: because in the graph is says the average is 4 2 and thats why i picked white cause different chemical.,"Does the answer address all parts of the question (color choice, effect description, and experiment support)?",0,train,c6
143,1045,white ::  reflect more heat to keep the inside cooler i n the sumer,"Does the answer address all parts of the question (color choice, effect description, and experiment support)?",0,train,c6
144,1198,"black :: The black paint will make the dog house warme r for the dog because the black lid on the jar aborbed the most heat, wit h the highest average temperature (53(DEG)C).","Does the answer address all parts of the question (color choice, effect description, and experiment support)?",1,train,c6
145,676,black :: it will make the dog house really hot.,"Does the answer address all parts of the question (color choice, effect description, and experiment support)?",0,train,c6
146,55,white :: The color white would be a great color to use in a doghouse because the inside of the doghouse would be cooler for the dog soo when its hot then it wont be to hot in its house. I say this bec ause the average temp of the color white is 42(DEG)C while the other 3 c olors are above this average temp.,"Does the answer address all parts of the question (color choice, effect description, and experiment support)?",1,val,c6
147,944,"black :: The color black will affect the doghouse by m aking it a warmer environment for the dog. Plus if it is a cold winter, t he doghouse will help to keep the dog warmer. The data table shows that u sing the black lid color the air temperature was clearly around 12(DEG) higher then the white lid, about 10(DEG) higher in temperature than the light gray lid, and about 6(DEG) higher in temperature than the dark gray lid each trial. The average temperature was 53(DEG)C for the black lid, the average temperature for the dark gray lid was 48(DEG)C, the average tem perature for the light gray lid was 45(DEG)C, and the average temperatur e for the white lid was 42(DEG)C. It shows the black lid absorbs more he at to keep the doghouse warmer.","Does the answer address all parts of the question (color choice, effect description, and experiment support)?",1,train,c6
148,1487,dark gray ::  the darker the color the warmer it is inside. and if it was black it would be to hot and white or light gray would get to cold.,"Does the answer address all parts of the question (color choice, effect description, and experiment support)?",0,train,c6
149,920,black :: Black will affect the dog house because when is sunny and bright the color will attract the heat and it will make it e ven hotter in the out side and the inside of the dog house,"Does the answer address all parts of the question (color choice, effect description, and experiment support)?",0,val,c6
150,37,white :: white will keep the dog house nice and cool s ince according to there data the white lid kept the air in the jar cooles t.,"Does the answer address all parts of the question (color choice, effect description, and experiment support)?",0,train,c6
151,916,white :: white will make the dog house cooler so its m ore comferable in hot weather.,"Does the answer address all parts of the question (color choice, effect description, and experiment support)?",0,train,c6
152,7,"black ::  The color ""Black"" would be the best color for the roof of a dog house because according to the results from the experiment, the air temperature inside is higher compared to other co lors.","Does the answer address all parts of the question (color choice, effect description, and experiment support)?",0,train,c6
153,663,"black :: this would make the doghouse very hot and unc omfortable because, as shown in the expirament, black attracts heat bring ing more thermal energy to the dog house than other colors such as white.","Does the answer address all parts of the question (color choice, effect description, and experiment support)?",1,train,c6
154,183,black :: Black will affect the dog house by heating it up because black absorbes more energy.,"Does the answer address all parts of the question (color choice, effect description, and experiment support)?",0,train,c6
155,694,black :: The color black might affect the dog house be cause black is the drakest color out of the's four colors.,"Does the answer address all parts of the question (color choice, effect description, and experiment support)?",0,train,c6
156,641,"dark gray :: If Brandi and Jerry used the color dark gray for their doghouse that would be the best color because it would keep the doghouse warm and cool depending on the seasons. The color dark gray in the jar experiment had an average of 48(DEG)C. That makes the temp erature of the doghouse in general, not to hot and not to cool based on t he jar experiment.","Does the answer address all parts of the question (color choice, effect description, and experiment support)?",1,val,c6
157,913,white :: The color white does not absorb as much heat as a darker color and the doghouse wont get as hot.,"Does the answer address all parts of the question (color choice, effect description, and experiment support)?",0,val,c6
158,955,white :: the color on the outside will either heat up or cool down the doghouse and since white was still warm but not too hot so white is the best color for the doghouse.,"Does the answer address all parts of the question (color choice, effect description, and experiment support)?",0,train,c6
159,1461,"white :: White would be the best color. this is becaus e on average it had the lowest tempature inside, so it asorbed or blocked the most heat, it had an averge of 42 degrees while black had an average of 53 degrees","Does the answer address all parts of the question (color choice, effect description, and experiment support)?",1,train,c6
160,358,dark gray :: This will keep the dog warm but it wont get to hot or cold.,"Does the answer address all parts of the question (color choice, effect description, and experiment support)?",0,train,c6
161,109,"white ::  The darker the color, the greatest increase i n temperature because darker colors absorb more energy. The white would keep the doghouse's roof cool on a very sunny day, since the light color doesnt absorb energy as fast as the dark colors.","Does the answer address all parts of the question (color choice, effect description, and experiment support)?",1,train,c6
162,1533,white ::  its obsorves less energy from the sun than al l the darker colors,"Does the answer address all parts of the question (color choice, effect description, and experiment support)?",0,train,c6
163,53,white ::  If the color is a dark color then the tempera ture will increase more than if the color is a lighter shade. White was t he color that affected the temperature the least in the experiment and th at would be the best color for the doghouse's temperature.,"Does the answer address all parts of the question (color choice, effect description, and experiment support)?",1,train,c6
164,865,"dark gray :: The dog house would not be too hot in the sum mer if you did a dark gray, also if you chose a light gray it could be co ld in the winter, so there for dark gray would be the best color.","Does the answer address all parts of the question (color choice, effect description, and experiment support)?",0,train,c6
165,1338,light gray ::  light gray is more as cooler than black or dark gray in the summer but black and dark gray will be warmer in the winter light gray or white. Meaning light gray is in the middle.,"Does the answer address all parts of the question (color choice, effect description, and experiment support)?",0,train,c6
166,529,white :: so if it is hot out side and the dog wants to go in side the dog house then it will be cooler because the color of the dog house is white.,"Does the answer address all parts of the question (color choice, effect description, and experiment support)?",0,train,c6
167,369,white :: it will make it cooler inside because the whi te coloer will deflect light from the house,"Does the answer address all parts of the question (color choice, effect description, and experiment support)?",0,val,c6
168,141,"white :: This color will make the air in the doghouse less hot, so the dog will be a lot cooler while in the doghouse. I know t his because in the experiment the air is hottest with a black lid and coo lest with a white one. So if the sun is beating down on the doghouse, it will only reach about 42(DEG) C, instead of 45(DEG) C or higher.","Does the answer address all parts of the question (color choice, effect description, and experiment support)?",1,train,c6
169,1090,white :: white doesnt take in colors from the rainbow like black and other colors,"Does the answer address all parts of the question (color choice, effect description, and experiment support)?",0,val,c6
170,823,dark gray :: It will take in heat in the winter and won't take as much in in the summer as black would.,"Does the answer address all parts of the question (color choice, effect description, and experiment support)?",0,val,c6
171,682,"black :: The dark paint color is better because the gr eater the increase in air temprature in the doghouse ,becouse darker colo r absorbs more energy.","Does the answer address all parts of the question (color choice, effect description, and experiment support)?",0,train,c6
172,1077,white :: If they colored the doghouse white then it wi ll be cool inside and not so hot like it would be if it was black. Because when the jar lid was black the inside of the jar was 53(DEG)C an d when it was white the inside of the jar was 42(DEG)C,"Does the answer address all parts of the question (color choice, effect description, and experiment support)?",1,val,c6
173,767,black :: Black is a dark color so it will absorb more heat and make the dog house a hot temperature.,"Does the answer address all parts of the question (color choice, effect description, and experiment support)?",0,train,c6
174,306,"dark gray :: That color (dark gray) might affect the dog h ouse by absorbing heat cause it is a dark color,but not as dark black,so it won't absorb so munch heat.","Does the answer address all parts of the question (color choice, effect description, and experiment support)?",0,train,c6
175,465,black :: it wil heat the dog house up more than the ot her colors.,"Does the answer address all parts of the question (color choice, effect description, and experiment support)?",0,train,c6
176,151,white :: The darker colors will absorb heat faster tha n lighter colors.,"Does the answer address all parts of the question (color choice, effect description, and experiment support)?",0,train,c6
177,1368,"white :: If you paint the doghouse white, it will be c ooler inside than if you painted it black. Since black absorbs more energ y it will get hotter faster than if it was painted white.","Does the answer address all parts of the question (color choice, effect description, and experiment support)?",1,train,c6
178,569,black :: i think the color black will make the isnside of the dog house warm because it is a dark color.,"Does the answer address all parts of the question (color choice, effect description, and experiment support)?",0,train,c6
179,669,"black :: black might affect the doghouse because its going to be dark,hot, and not cmfortable.","Does the answer address all parts of the question (color choice, effect description, and experiment support)?",0,train,c6
180,170,dark gray :: the dark gray will keep the inside of the dog house warm enough in the winter and not to hot during the summer. the dar k gray was an average of 48(DEG)C which is not as hot as the black lid w hich was an average of 53(DEG)C and not as cold as the light gray which was and average of 45(DEG)C.,"Does the answer address all parts of the question (color choice, effect description, and experiment support)?",1,train,c6
181,624,white ::  Less heat in the dog house so there would be much more comfort for the dog.,"Does the answer address all parts of the question (color choice, effect description, and experiment support)?",0,train,c6
182,809,"white :: It might not give it much light from the sun or any heat because darker colors attract more energy and light. Just lik e with the jars and the lamp. The jar with a black lid had the highest av erage, therefore proving that darker colors attract more energy.","Does the answer address all parts of the question (color choice, effect description, and experiment support)?",1,train,c6
183,296,white :: White will reduce the temperature in side the doghouse. In the experiment white had an average of 42(DEG)C while the other colors had higher temperature averages.,"Does the answer address all parts of the question (color choice, effect description, and experiment support)?",1,train,c6
184,169,white ::  painting a dog house white will keep it coole r than other colors. in the experiment white had an average temp of 42(DEG) C while black had a 53(DEG)C average,"Does the answer address all parts of the question (color choice, effect description, and experiment support)?",1,train,c6
185,872,"white ::  if the doghouse is painted white the air temp erature will be lower than light gray, dark gray, or black. the white lid jar had an average temperature of 42(DEG)C. the light gray lid had an a verage temperature of 45(DEG)C. the dark gray lid had an average tempera ture of 48(DEG)C. and the black lid had an average temperature of 53(DEG) C. therefor white will help make the inside of the doghouse cooler.","Does the answer address all parts of the question (color choice, effect description, and experiment support)?",1,val,c6
186,1463,"white ::  white would make the dog house less hot. the data table shows that the white paint kept the jar cooler than the other paint in trial 1,2, and 3.","Does the answer address all parts of the question (color choice, effect description, and experiment support)?",1,train,c6
187,1099,"light gray :: The doghouse should be light gray because tha t way the air temperature isn't to hot or to cold, it's just about in the middle.","Does the answer address all parts of the question (color choice, effect description, and experiment support)?",0,val,c6
188,252,"white :: The color white will keep the doghouse cool u nder sunlight, because in the expirement, the white color reflects sunlig ht, not absorbing it. so, the doghouse will be cooler","Does the answer address all parts of the question (color choice, effect description, and experiment support)?",1,train,c6
189,1454,black :: The color my affect the dog house because the dog might not be the same color as the house or the house will be to dar k because its black.,"Does the answer address all parts of the question (color choice, effect description, and experiment support)?",0,train,c6
190,855,"black ::  The darker the color, the warmer it will be i nside of the doghouse becuase darker colors absorb more energy.","Does the answer address all parts of the question (color choice, effect description, and experiment support)?",0,train,c6
191,253,light gray ::  it would keep the dog house at a good temp. the entire year round.,"Does the answer address all parts of the question (color choice, effect description, and experiment support)?",0,train,c6
192,566,white :: It Was The Coolest With the Temp. Of 42(DEG) C. It would Be To Hot To Use Black Which Was 53(DEG)C. Inside The Jar.,"Does the answer address all parts of the question (color choice, effect description, and experiment support)?",0,train,c6
193,817,"dark gray :: This color would keep the temperature just ri ght. It wouldn't be too hot or to too cold. The average (DEG)C was 48(DEG) C, the lowest average wsa 42(DEG)C and the highest average was 53(DEG)C.","Does the answer address all parts of the question (color choice, effect description, and experiment support)?",0,train,c6
194,1191,white :: White would make it more comfortable for the dog and it would be warmer than black because the black absorbs more ener gy than light colors.,"Does the answer address all parts of the question (color choice, effect description, and experiment support)?",0,train,c6
195,1103,"white :: you would probably want to choose white becua se that is the color that will keep it the coolest inside the dogouse, wh en the sun is shinning it is usually warm outside, and the dog will want to use it to cool off, not to get even more hot.","Does the answer address all parts of the question (color choice, effect description, and experiment support)?",1,train,c6
196,1580,"dark gray :: The best paint color for the doghouse would b e dark gray. In the experiment of the glass jar it had an average of 48(DEG) C and was the second highest temperature. The highest temperature was the black lid with 53(DEG)C. The difference of the highest temperature and second highest temperature was the 5(DEG)C. If using the dark gray paint color it would still absorb energy to keep the dogs warm, but yet be a bit coo l for them too.","Does the answer address all parts of the question (color choice, effect description, and experiment support)?",1,train,c6
197,291,dark gray :: I think dark gray is good because the t empeture is 48(DEG) and that's not hot so the dog is not going to be hot .And 48(DEG) is not cold either it's cool so the dog wont be cold or hot it'll be just right.But that's my opinion.,"Does the answer address all parts of the question (color choice, effect description, and experiment support)?",0,train,c6
198,591,"white :: The color of the dog house being white wil ca use the doghouse to stay cooler under sunlight. This is beacuse the color white reflects the light away from the doghouse, and the light will not be absorbed and turned into heat energy inside the doghouse.","Does the answer address all parts of the question (color choice, effect description, and experiment support)?",1,train,c6
199,1532,white ::  if they used white for the color of the dog hous it would keep the inside of it cool because white reflects ligh t.,"Does the answer address all parts of the question (color choice, effect description, and experiment support)?",0,train,c6
200,197,black ::  It will make the inside of the dog house cold or warm .,"Does the answer address all parts of the question (color choice, effect description, and experiment support)?",0,train,c6
201,852,light gray :: This color should make the doghouse a nice co ol temperature cosistantly. I say this because in the data table light gr ay's average temp. was 45(DEG).,"Does the answer address all parts of the question (color choice, effect description, and experiment support)?",0,train,c6
202,760,black :: The black doghouse would keep you warmer in t he winter but it would be really hot in the summer,"Does the answer address all parts of the question (color choice, effect description, and experiment support)?",0,train,c6
203,1399,"light gray :: Using Light Gray would keep the tempurature a t an even or equal rate. If it was cold, it wouldn't keep it as warm, but not super cold either. If it was hot outside, the dog house would keep s orta cool, but not extremely hot either. The average of Black is a high a t 53 degrees. which is super hot. Then White would be too cold at an aver age temp at 42 degrees.","Does the answer address all parts of the question (color choice, effect description, and experiment support)?",1,train,c6
204,211,black :: black is a darker color so there forth it att racts heat which would cause th tempatuer to go up,"Does the answer address all parts of the question (color choice, effect description, and experiment support)?",0,train,c6
205,1377,white :: it would keep the inside of the doghouse cool er,"Does the answer address all parts of the question (color choice, effect description, and experiment support)?",0,train,c6
206,1206,"black ::  The black paint because it will absorb more light energy causing the inside of the dog house to be warmer, keeping the dog warm at night. The average temperature for the black lid was 53(DEG), while the white was 42(DEG). The black paint had the highest temperature out of all colors and was 11(DEG) higher than the white paint.","Does the answer address all parts of the question (color choice, effect description, and experiment support)?",1,train,c6
207,174,light gray :: IT will affect it because it will absorb less heat,"Does the answer address all parts of the question (color choice, effect description, and experiment support)?",0,train,c6
208,710,"white :: the white color will attract less energy than the others, thus making the doghouse cooler","Does the answer address all parts of the question (color choice, effect description, and experiment support)?",0,train,c6
209,3,white :: I chose white for the color of paint for the dog house. White might affect the doghouse by keeping the inside cooler d uring the day. When the glass jar had a black lid the average temperature was 53(DEG)C. When the glass jar had a white lid after ten minutes the average temperature in the jar was only 42(DEG)C. This is a difference o f 11(DEG)C. White is the better choice for paint color on a doghouse bec ause it will keep a dog cool in the middle of the day.,"Does the answer address all parts of the question (color choice, effect description, and experiment support)?",1,train,c6
210,1438,"black :: i chose the black color becasue that if the d og likes it hot then this would be the right becasue when they see what c olor would be the hotes and the trials number are 54(DEG), 52(DEG), 53(DEG) ((DEG)c) and the average temp. is 53(DEG)c if the dog likes it hot in there","Does the answer address all parts of the question (color choice, effect description, and experiment support)?",0,train,c6
211,1384,light gray :: light gray because it wont make the inside of the dog house to hot because the dog already has a large coat of fur and dark gray wont over heat the dog house.,"Does the answer address all parts of the question (color choice, effect description, and experiment support)?",0,train,c6
212,748,"white :: Assuming that the location of the doghouse ha s a warm climate, the white paint color will be more likely to keep the t emperature of the air inside the doghouse at a cooler, or lower, temperat ure. This can be said because the white paint color, on average, made the air inside the glass jar a temperature of 42(DEG) C, compared to 53(DEG) C for black paint, 48(DEG) C for dark gray paint, and 45(DEG) C for light gr ay paint. It is vital that the doghouse maintains a low temperature so th at the dog, that stays inside the doghouse, doesn't overheat.","Does the answer address all parts of the question (color choice, effect description, and experiment support)?",1,train,c6
213,1113,black ::  if you use black paint then it will take in m ore heat because dark colors absorb more energy like they found out in th e lab hot lamp the black was at least 5(DEG)c hotter then all the other colors.,"Does the answer address all parts of the question (color choice, effect description, and experiment support)?",1,train,c6
214,1484,"white :: The white paint should keep the inside temper ature of the doghouse cooler on a hot day, than say black paint for examp le. When comparing the average temperatures of all the lid colors the whi te lid kept the glass jar at a cooler temperature. On average about 6.6(DEG) C cooler, compared with the averages for the other lids. So, therefore white pa int is the better choice, especially if you are looking to keep the insid e of the dog house cool for your dog on a hot day.","Does the answer address all parts of the question (color choice, effect description, and experiment support)?",1,train,c6
215,312,black :: it would increase the temerature more than an y colors selected.,"Does the answer address all parts of the question (color choice, effect description, and experiment support)?",0,train,c6
216,1491,black :: it will keep the dog house warmer because the black attracks heat,"Does the answer address all parts of the question (color choice, effect description, and experiment support)?",0,train,c6
217,640,black :: it will effect it because the suns rays will heat it,"Does the answer address all parts of the question (color choice, effect description, and experiment support)?",0,train,c6
218,959,"white ::  White because in the data it say that white had the lowest tempature with a average of 42(DEG)C. If the they painted it white, it would keep the dog house at a cooler tempature during hot sunny days.","Does the answer address all parts of the question (color choice, effect description, and experiment support)?",1,train,c6
219,186,black ::  The color black because it would be warm in t he doghouse. Since black absorbs more heat black would be best to keep th e dog warm rather than cold.,"Does the answer address all parts of the question (color choice, effect description, and experiment support)?",0,train,c6
220,167,black :: The sun absorbs more energy in the color. Mak ing the inside of the doghouse hot &amp; warm.,"Does the answer address all parts of the question (color choice, effect description, and experiment support)?",0,train,c6
221,1249,"white :: If you were to build a dog house you wouldn't want it to get to hot, so I would choose white. The average was 42(DEG) C, since it was the coolest of the jars I think it would be best for the dog house.","Does the answer address all parts of the question (color choice, effect description, and experiment support)?",1,val,c6
222,286,white :: because white is the the color that regects a ll light there for keeping the light rays from soaking in causing heat,"Does the answer address all parts of the question (color choice, effect description, and experiment support)?",0,train,c6
223,791,"white ::  By painting the dog house white, it would make the inside of the doghouse cooler. This is proven because in each trial, white had the lowest temperature. For example, in the experiment, White's average tempurate was 42(DEG), compared to black's average, which was 53(DEG); a huge difference!","Does the answer address all parts of the question (color choice, effect description, and experiment support)?",1,train,c6
224,1020,"light gray ::  The color light gray would have to be the be st color to paint the doghouse. They wouldnt want to use black because si nce black is a dark color itll absorb more energy &amp; make the air temp erature rise high. So black wouldnt be a good color because they wouldnt want the dogs to get to hot. That is why i chose light gray because i thi nk its just righ to paint the doghouse. With light gray, the dogs wouldnt be to hot or too cold. They would be just right.","Does the answer address all parts of the question (color choice, effect description, and experiment support)?",0,train,c6
225,36,white :: i would say white because in the experiment t he darker the color the hotter it got. And with white being the lightest color the dog would not get as hot.,"Does the answer address all parts of the question (color choice, effect description, and experiment support)?",1,train,c6
226,165,light gray :: light gray because it wouldn't be that hot in the summer time and in would not be that cold. becaue in the results the average for light grey was 45(DEG).and that in perfect tempature,"Does the answer address all parts of the question (color choice, effect description, and experiment support)?",0,train,c6
227,438,black ::  The black lid will attract more heat to the d og house.,"Does the answer address all parts of the question (color choice, effect description, and experiment support)?",0,train,c6
228,1634,"white :: by painting the doghouse white it would make the doghouse cooler inside than painting it black dark gray or light gray because in the data it shows that the average temperature of the air in the jar that had the white lid was 42(DEG)c , and the average temprature for the air inside the jar that had the black lid was 53(DEG)c. by painting the doghouse white there would be a difference in heat of 11(DEG)c t han painting the doghouse black. therefore painting the doghouse white would be the best choice of color to paint the doghouse because it would keep it the coolist temperature.","Does the answer address all parts of the question (color choice, effect description, and experiment support)?",1,train,c6
229,106,dark gray ::  the color affect the dog house because with dark gray the temperature is kept the same instead of varying from one temp to the other. Plus dog dont want it to be too cold in there dog house so i figured they want a temperature that will keep them warm and kinda chill,"Does the answer address all parts of the question (color choice, effect description, and experiment support)?",1,val,c6
230,51,"white :: White would affect the inside of the doghouse becuase it is a light color so it will absorb less enrgy becuase the dar ker the color the more enrgy it will absorb. In teh data table from their experiment, black absorbed the most energy and white absorbed the least energy so that is why they should choose white for the doghouse","Does the answer address all parts of the question (color choice, effect description, and experiment support)?",1,val,c6
231,1537,black ::  i would chooose black for my dog's house brco use during the winters the dog house would need all the heat it could get so i would choose black. black is the best color to choose becouse in th e test it was an average of 11(DEG)c hotter!,"Does the answer address all parts of the question (color choice, effect description, and experiment support)?",0,train,c6
232,1606,white :: the best color to choose would be white becau se on average white had the lowest temperature of all the colors meeaning the inside of the doghouse would be cooler,"Does the answer address all parts of the question (color choice, effect description, and experiment support)?",1,train,c6
233,795,black :: will absord more energy,"Does the answer address all parts of the question (color choice, effect description, and experiment support)?",0,train,c6
234,552,dark gray ::  Dark gray would be a good color to paint the doghouse because it's not too hot and it's not too cold. The average temperature would be 48(DEG) C. Just right.,"Does the answer address all parts of the question (color choice, effect description, and experiment support)?",0,train,c6
235,2,white :: The color white is the best choice. It will keep the doghouse a cooler tempture. This is proven by the data gathered by the trials. According to the data the average air temperature of a black lid on a jar was 53(DEG) C. When the lid was changed the white the temperature droped to an average of 42(DEG) C. This proves that white would be a better temperature control factor.,"Does the answer address all parts of the question (color choice, effect description, and experiment support)?",1,train,c6
236,1092,light gray ::  i chose light gray because the inside of the doghouse would be warm and the dogs fur would keep the dog warm in the wi nter.,"Does the answer address all parts of the question (color choice, effect description, and experiment support)?",0,train,c6
237,260,"white ::  On a hot summer day, it's easy for dogs to ge t overheated, harming them and even killing them. Therefore, white is the best color of paint to use because the air inside of it only increases b y 18(DEG)C after ten minutes of exposure to light and heat. With black p aint, it increases by 29(DEG)C, which could definately be detrimental to a dogs health.","Does the answer address all parts of the question (color choice, effect description, and experiment support)?",1,train,c6
238,450,white ::  because the whit well not be as heated in the dog house unlike black because that welll heat the whole doghouse,"Does the answer address all parts of the question (color choice, effect description, and experiment support)?",0,train,c6
239,459,white :: If the dark the color the hotter it gets why not choose white to keep the dog nice and cool in some ways.,"Does the answer address all parts of the question (color choice, effect description, and experiment support)?",0,train,c6
240,1199,"white ::  White would be the best color for a dog house because according to this expiriment whit absorbs the most heat with an average temperature of 42(DEG)C compared to the black paint which had an average tempurature of 53.25(DEG)C, making the dog house a cooler place to live.","Does the answer address all parts of the question (color choice, effect description, and experiment support)?",1,train,c6
241,726,"white ::  It could get dirty, you could piant it over agia,and you could draw on the walls.","Does the answer address all parts of the question (color choice, effect description, and experiment support)?",0,train,c6
242,188,"white :: If the color of the doghouse is white, this w ill keep the house cool. According to the experiment, the black lid incre ased the air temperature by 29(DEG)C in 10 minutes, while the white lid only increased it by 18(DEG)C.","Does the answer address all parts of the question (color choice, effect description, and experiment support)?",1,train,c6
243,990,"white ::  Using white paint would make the doghouse col der than if they used black paint. As was shown by the table, the average temperature of the jar with a black lid was 53(DEG)C, while the average temperature of the jar with a white lid was 42(DEG)C. The jar with the black lid was 11(DEG)C warmer than the jar with the white lid. Thus, usi ng white paint would also make the doghouse colder than using black paint , and Brandi and Jerry should use white paint.","Does the answer address all parts of the question (color choice, effect description, and experiment support)?",1,train,c6
244,473,black ::  The color black absorbs all the colors of lig ht so the inside of the doghouse would be hot becase the color is absorbi ng and trapping the heat from the light.,"Does the answer address all parts of the question (color choice, effect description, and experiment support)?",0,train,c6
245,1234,dark gray :: dark gray may attract more heat to the dog ho use but no as much as black.,"Does the answer address all parts of the question (color choice, effect description, and experiment support)?",0,train,c6
246,803,"dark gray :: If they choose dark gray as the color for the doghouse, the temperature of doghouse would be neither too hot or too co ld for the dog. I chose dark gray because black would be too hot for dogs because they have furs but white would be too cold because even though t he dogs have furs, if the temperature is cold, thye will get cold. So i t hink dark gray is the best color to choose.","Does the answer address all parts of the question (color choice, effect description, and experiment support)?",0,train,c6
247,1017,"white :: using white paint would keep the temperature inside of the doghouse low on a sunny day. the average temperature of the white lid was 42(DEG)C and the average temperature of the blace lid was 53(DEG)C, the white lid was 11(DEG)C cooler then the jar with the blac k lid","Does the answer address all parts of the question (color choice, effect description, and experiment support)?",1,train,c6
248,1153,"black :: We can see from this expirement that darker colors absorb more heat. Knowing this information, for the dog to be more warm and comfortable inside his doghouse, Brandi and Jerry should paint the house Black.","Does the answer address all parts of the question (color choice, effect description, and experiment support)?",1,train,c6
249,336,"light gray :: Well ,I pick Light gray because I wouldnt wan t too much energy in my dogs house if i had to pick a color . Most dogs g oes in their house soo they can either cool off or to relax .","Does the answer address all parts of the question (color choice, effect description, and experiment support)?",0,train,c6
250,1423,light gray ::  it will keep it warm for those cold night an d keep it cool for those hot summer days.,"Does the answer address all parts of the question (color choice, effect description, and experiment support)?",0,train,c6
251,57,dark gray ::  I think that they should paint the dog house black because it absorbs more sunlight and allow the house to be warmer. The black had the highest temperture that was 54 degrees and the white on e had 41 degrees.,"Does the answer address all parts of the question (color choice, effect description, and experiment support)?",0,train,c6
252,289,"white ::  having this colour will effect the dog house because light colours reflect heat, so if you paint the house white, then there wont as much heat on the walls, making the doghouse cooler. this i s shown by the fact that in the jar experement, black had the hottest dat a and white had the coolest.","Does the answer address all parts of the question (color choice, effect description, and experiment support)?",1,train,c6
253,536,white :: White. Because the black attracts light so th en the dog house would heat up. th edark Gray is also like the black so t hat wont work either. The last decision was light gray or white so i pick ed white because that color doesnt attract light.,"Does the answer address all parts of the question (color choice, effect description, and experiment support)?",0,train,c6
254,1421,white :: That will affect the doghouse becuase that wa y there wont be to much pressure in the dog house. Then the dog wil l be comfortable,"Does the answer address all parts of the question (color choice, effect description, and experiment support)?",0,train,c6
255,975,white :: I would use a light color like White in this case because if its 95 degrees outside and you have a black dog house the dog house is going to be hot.Like in the experiment they used they used a black lid because it would make the jar the hotest.,"Does the answer address all parts of the question (color choice, effect description, and experiment support)?",1,train,c6
256,858,"white ::  hite will keep the doghouse cooler inside bec uase white attracks less energy than black, dark grey, and light grey. th e white was the lowest average tempatue a 42(DEG)C","Does the answer address all parts of the question (color choice, effect description, and experiment support)?",1,train,c6
257,199,"black :: Black absorbs light. Just like with the jar l id when it was black, it absorbed the most. So if you colored the doghous e black it would increase the temperature inside it.","Does the answer address all parts of the question (color choice, effect description, and experiment support)?",1,train,c6
258,577,light gray ::  You dont want the dog to hot so make it so it will be cooler inside. It will be about 45(DEG)C,"Does the answer address all parts of the question (color choice, effect description, and experiment support)?",0,train,c6
259,1535,white ::  white would not attract as much heat as the o ther darker colors,"Does the answer address all parts of the question (color choice, effect description, and experiment support)?",0,train,c6
260,1396,"light gray ::  On hot sunny days the color of the house wouldn't absorb so much heat, So the house woldnt get so hot, But if it was a cold day the colors of the house could reflect the cold air, Becuas e, Lighter colors reflect heat, &amp; darker colors absorb heat.","Does the answer address all parts of the question (color choice, effect description, and experiment support)?",0,train,c6
261,1220,"white ::  white would be best because it reflects more energy, the table shows that the average temp. after three trials for the white lid was 42 degrees celcius which is 11 dgrees cooler than the h ighest average(52 degrees celcius) or the black lid.","Does the answer address all parts of the question (color choice, effect description, and experiment support)?",1,train,c6
262,460,white :: White affects the dog house temperature becau se it has less heat obsorbing in it.,Does the answer use results from the experiment?,0,train,c2
263,1479,"dark gray :: If Brandi and Jerry painted the doghouse dark gray, I think it would be just warm enough in the winter and just cool e nough in the summer, because dark gray has the medium-warm temperature on the chart about the colored lids.",Does the answer use results from the experiment?,1,train,c2
264,1355,black ::  black would affect the doghouse because if it was to hot the dog wouldnt have know where to go but the doghouse the the dog house would be extremely hot,Does the answer use results from the experiment?,0,train,c2
265,1503,"white :: usually a dog house is only used in the summe r so to keep the dog a little less cooler they should use a white paint. bc i learned that all the colors bounce off white and go somewhere else a long with their heat. but blck has all the colors so it obsorbs all color s and their heat. so white would be best in the table it shows that the average temput ure for a white house is 42(DEG)c. the average temputure for lightgray i s 45(DEG)c, the average temp. for dark gray is 48(DEG)c, and black's av erage temp. is 53(DEG)c. thats an 11(DEG)c difference. whitch could be very important.",Does the answer use results from the experiment?,1,train,c2
266,281,"black :: if they painted the doghouse black, then it w ill be hotter inside the doghouse because the darker the color the more heat it will absorb. example: the black lid created the hottest air temperature in the jar.",Does the answer use results from the experiment?,1,train,c2
267,961,dark gray ::  the color will effect the dog house because i f it is black it will be hotter because it atracts more heat but if its w hite then it will atracts less heat.,Does the answer use results from the experiment?,0,train,c2
268,570,black :: Black would change the temperature of the dog house by making it warmer beacause black absorbs heat to most. With the black lid the temperture was 53(DEG)C. With the white lid the temperature was 42(DEG)C. There was 11(DEG)C difference.,Does the answer use results from the experiment?,1,train,c2
269,332,"white ::  white will effect the dog house.first this wi ll effect it because white will make it cooler in the summer,because whit e doesnt absorb very much heat.",Does the answer use results from the experiment?,0,train,c2
270,86,white :: the white is better for the dog house because it wont get to hot inside and not to cold.the hotest it would get in the house is 43 and the coldest it would get is 41,Does the answer use results from the experiment?,1,train,c2
271,717,"white :: If you paint the dog house white, it will sta y nice and cool and won't get too hot because the data showed that when t he lid was white, the average temperature, 42(DEG)C, was colder than the others. When the lid was black the average temperature was highest, 53(DEG) C, which is 11(DEG) more than the white lid's average.",Does the answer use results from the experiment?,1,val,c2
272,287,black :: The color might affect by since it is black i t will absorb more light energy which then makes the temputure higher so the inside will be warmer/hotter.,Does the answer use results from the experiment?,0,train,c2
273,996,white :: because in the graph is says the average is 4 2 and thats why i picked white cause different chemical.,Does the answer use results from the experiment?,0,train,c2
274,1045,white ::  reflect more heat to keep the inside cooler i n the sumer,Does the answer use results from the experiment?,0,train,c2
275,1198,"black :: The black paint will make the dog house warme r for the dog because the black lid on the jar aborbed the most heat, wit h the highest average temperature (53(DEG)C).",Does the answer use results from the experiment?,1,train,c2
276,676,black :: it will make the dog house really hot.,Does the answer use results from the experiment?,0,train,c2
277,55,white :: The color white would be a great color to use in a doghouse because the inside of the doghouse would be cooler for the dog soo when its hot then it wont be to hot in its house. I say this bec ause the average temp of the color white is 42(DEG)C while the other 3 c olors are above this average temp.,Does the answer use results from the experiment?,1,val,c2
278,944,"black :: The color black will affect the doghouse by m aking it a warmer environment for the dog. Plus if it is a cold winter, t he doghouse will help to keep the dog warmer. The data table shows that u sing the black lid color the air temperature was clearly around 12(DEG) higher then the white lid, about 10(DEG) higher in temperature than the light gray lid, and about 6(DEG) higher in temperature than the dark gray lid each trial. The average temperature was 53(DEG)C for the black lid, the average temperature for the dark gray lid was 48(DEG)C, the average tem perature for the light gray lid was 45(DEG)C, and the average temperatur e for the white lid was 42(DEG)C. It shows the black lid absorbs more he at to keep the doghouse warmer.",Does the answer use results from the experiment?,1,train,c2
279,1487,dark gray ::  the darker the color the warmer it is inside. and if it was black it would be to hot and white or light gray would get to cold.,Does the answer use results from the experiment?,0,train,c2
280,920,black :: Black will affect the dog house because when is sunny and bright the color will attract the heat and it will make it e ven hotter in the out side and the inside of the dog house,Does the answer use results from the experiment?,0,val,c2
281,37,white :: white will keep the dog house nice and cool s ince according to there data the white lid kept the air in the jar cooles t.,Does the answer use results from the experiment?,1,train,c2
282,916,white :: white will make the dog house cooler so its m ore comferable in hot weather.,Does the answer use results from the experiment?,0,train,c2
283,7,"black ::  The color ""Black"" would be the best color for the roof of a dog house because according to the results from the experiment, the air temperature inside is higher compared to other co lors.",Does the answer use results from the experiment?,1,train,c2
284,663,"black :: this would make the doghouse very hot and unc omfortable because, as shown in the expirament, black attracts heat bring ing more thermal energy to the dog house than other colors such as white.",Does the answer use results from the experiment?,1,train,c2
285,183,black :: Black will affect the dog house by heating it up because black absorbes more energy.,Does the answer use results from the experiment?,0,train,c2
286,694,black :: The color black might affect the dog house be cause black is the drakest color out of the's four colors.,Does the answer use results from the experiment?,0,train,c2
287,641,"dark gray :: If Brandi and Jerry used the color dark gray for their doghouse that would be the best color because it would keep the doghouse warm and cool depending on the seasons. The color dark gray in the jar experiment had an average of 48(DEG)C. That makes the temp erature of the doghouse in general, not to hot and not to cool based on t he jar experiment.",Does the answer use results from the experiment?,1,val,c2
288,913,white :: The color white does not absorb as much heat as a darker color and the doghouse wont get as hot.,Does the answer use results from the experiment?,0,val,c2
289,955,white :: the color on the outside will either heat up or cool down the doghouse and since white was still warm but not too hot so white is the best color for the doghouse.,Does the answer use results from the experiment?,1,train,c2
290,1461,"white :: White would be the best color. this is becaus e on average it had the lowest tempature inside, so it asorbed or blocked the most heat, it had an averge of 42 degrees while black had an average of 53 degrees",Does the answer use results from the experiment?,1,train,c2
291,358,dark gray :: This will keep the dog warm but it wont get to hot or cold.,Does the answer use results from the experiment?,0,train,c2
292,109,"white ::  The darker the color, the greatest increase i n temperature because darker colors absorb more energy. The white would keep the doghouse's roof cool on a very sunny day, since the light color doesnt absorb energy as fast as the dark colors.",Does the answer use results from the experiment?,1,train,c2
293,1533,white ::  its obsorves less energy from the sun than al l the darker colors,Does the answer use results from the experiment?,0,train,c2
294,53,white ::  If the color is a dark color then the tempera ture will increase more than if the color is a lighter shade. White was t he color that affected the temperature the least in the experiment and th at would be the best color for the doghouse's temperature.,Does the answer use results from the experiment?,1,train,c2
295,865,"dark gray :: The dog house would not be too hot in the sum mer if you did a dark gray, also if you chose a light gray it could be co ld in the winter, so there for dark gray would be the best color.",Does the answer use results from the experiment?,0,train,c2
296,1338,light gray ::  light gray is more as cooler than black or dark gray in the summer but black and dark gray will be warmer in the winter light gray or white. Meaning light gray is in the middle.,Does the answer use results from the experiment?,0,train,c2
297,529,white :: so if it is hot out side and the dog wants to go in side the dog house then it will be cooler because the color of the dog house is white.,Does the answer use results from the experiment?,0,train,c2
298,369,white :: it will make it cooler inside because the whi te coloer will deflect light from the house,Does the answer use results from the experiment?,0,val,c2
299,141,"white :: This color will make the air in the doghouse less hot, so the dog will be a lot cooler while in the doghouse. I know t his because in the experiment the air is hottest with a black lid and coo lest with a white one. So if the sun is beating down on the doghouse, it will only reach about 42(DEG) C, instead of 45(DEG) C or higher.",Does the answer use results from the experiment?,1,train,c2
300,1090,white :: white doesnt take in colors from the rainbow like black and other colors,Does the answer use results from the experiment?,0,val,c2
301,823,dark gray :: It will take in heat in the winter and won't take as much in in the summer as black would.,Does the answer use results from the experiment?,0,val,c2
302,682,"black :: The dark paint color is better because the gr eater the increase in air temprature in the doghouse ,becouse darker colo r absorbs more energy.",Does the answer use results from the experiment?,1,train,c2
303,1077,white :: If they colored the doghouse white then it wi ll be cool inside and not so hot like it would be if it was black. Because when the jar lid was black the inside of the jar was 53(DEG)C an d when it was white the inside of the jar was 42(DEG)C,Does the answer use results from the experiment?,1,val,c2
304,767,black :: Black is a dark color so it will absorb more heat and make the dog house a hot temperature.,Does the answer use results from the experiment?,0,train,c2
305,306,"dark gray :: That color (dark gray) might affect the dog h ouse by absorbing heat cause it is a dark color,but not as dark black,so it won't absorb so munch heat.",Does the answer use results from the experiment?,0,train,c2
306,465,black :: it wil heat the dog house up more than the ot her colors.,Does the answer use results from the experiment?,0,train,c2
307,151,white :: The darker colors will absorb heat faster tha n lighter colors.,Does the answer use results from the experiment?,0,train,c2
308,1368,"white :: If you paint the doghouse white, it will be c ooler inside than if you painted it black. Since black absorbs more energ y it will get hotter faster than if it was painted white.",Does the answer use results from the experiment?,1,train,c2
309,569,black :: i think the color black will make the isnside of the dog house warm because it is a dark color.,Does the answer use results from the experiment?,0,train,c2
310,669,"black :: black might affect the doghouse because its going to be dark,hot, and not cmfortable.",Does the answer use results from the experiment?,0,train,c2
311,170,dark gray :: the dark gray will keep the inside of the dog house warm enough in the winter and not to hot during the summer. the dar k gray was an average of 48(DEG)C which is not as hot as the black lid w hich was an average of 53(DEG)C and not as cold as the light gray which was and average of 45(DEG)C.,Does the answer use results from the experiment?,1,train,c2
312,624,white ::  Less heat in the dog house so there would be much more comfort for the dog.,Does the answer use results from the experiment?,0,train,c2
313,809,"white :: It might not give it much light from the sun or any heat because darker colors attract more energy and light. Just lik e with the jars and the lamp. The jar with a black lid had the highest av erage, therefore proving that darker colors attract more energy.",Does the answer use results from the experiment?,1,train,c2
314,296,white :: White will reduce the temperature in side the doghouse. In the experiment white had an average of 42(DEG)C while the other colors had higher temperature averages.,Does the answer use results from the experiment?,1,train,c2
315,169,white ::  painting a dog house white will keep it coole r than other colors. in the experiment white had an average temp of 42(DEG) C while black had a 53(DEG)C average,Does the answer use results from the experiment?,1,train,c2
316,872,"white ::  if the doghouse is painted white the air temp erature will be lower than light gray, dark gray, or black. the white lid jar had an average temperature of 42(DEG)C. the light gray lid had an a verage temperature of 45(DEG)C. the dark gray lid had an average tempera ture of 48(DEG)C. and the black lid had an average temperature of 53(DEG) C. therefor white will help make the inside of the doghouse cooler.",Does the answer use results from the experiment?,1,val,c2
317,1463,"white ::  white would make the dog house less hot. the data table shows that the white paint kept the jar cooler than the other paint in trial 1,2, and 3.",Does the answer use results from the experiment?,1,train,c2
318,1099,"light gray :: The doghouse should be light gray because tha t way the air temperature isn't to hot or to cold, it's just about in the middle.",Does the answer use results from the experiment?,0,val,c2
319,252,"white :: The color white will keep the doghouse cool u nder sunlight, because in the expirement, the white color reflects sunlig ht, not absorbing it. so, the doghouse will be cooler",Does the answer use results from the experiment?,1,train,c2
320,1454,black :: The color my affect the dog house because the dog might not be the same color as the house or the house will be to dar k because its black.,Does the answer use results from the experiment?,0,train,c2
321,855,"black ::  The darker the color, the warmer it will be i nside of the doghouse becuase darker colors absorb more energy.",Does the answer use results from the experiment?,0,train,c2
322,253,light gray ::  it would keep the dog house at a good temp. the entire year round.,Does the answer use results from the experiment?,0,train,c2
323,566,white :: It Was The Coolest With the Temp. Of 42(DEG) C. It would Be To Hot To Use Black Which Was 53(DEG)C. Inside The Jar.,Does the answer use results from the experiment?,1,train,c2
324,817,"dark gray :: This color would keep the temperature just ri ght. It wouldn't be too hot or to too cold. The average (DEG)C was 48(DEG) C, the lowest average wsa 42(DEG)C and the highest average was 53(DEG)C.",Does the answer use results from the experiment?,1,train,c2
325,1191,white :: White would make it more comfortable for the dog and it would be warmer than black because the black absorbs more ener gy than light colors.,Does the answer use results from the experiment?,0,train,c2
326,1103,"white :: you would probably want to choose white becua se that is the color that will keep it the coolest inside the dogouse, wh en the sun is shinning it is usually warm outside, and the dog will want to use it to cool off, not to get even more hot.",Does the answer use results from the experiment?,0,train,c2
327,1580,"dark gray :: The best paint color for the doghouse would b e dark gray. In the experiment of the glass jar it had an average of 48(DEG) C and was the second highest temperature. The highest temperature was the black lid with 53(DEG)C. The difference of the highest temperature and second highest temperature was the 5(DEG)C. If using the dark gray paint color it would still absorb energy to keep the dogs warm, but yet be a bit coo l for them too.",Does the answer use results from the experiment?,1,train,c2
328,291,dark gray :: I think dark gray is good because the t empeture is 48(DEG) and that's not hot so the dog is not going to be hot .And 48(DEG) is not cold either it's cool so the dog wont be cold or hot it'll be just right.But that's my opinion.,Does the answer use results from the experiment?,1,train,c2
329,591,"white :: The color of the dog house being white wil ca use the doghouse to stay cooler under sunlight. This is beacuse the color white reflects the light away from the doghouse, and the light will not be absorbed and turned into heat energy inside the doghouse.",Does the answer use results from the experiment?,0,train,c2
330,1532,white ::  if they used white for the color of the dog hous it would keep the inside of it cool because white reflects ligh t.,Does the answer use results from the experiment?,0,train,c2
331,197,black ::  It will make the inside of the dog house cold or warm .,Does the answer use results from the experiment?,0,train,c2
332,852,light gray :: This color should make the doghouse a nice co ol temperature cosistantly. I say this because in the data table light gr ay's average temp. was 45(DEG).,Does the answer use results from the experiment?,1,train,c2
333,760,black :: The black doghouse would keep you warmer in t he winter but it would be really hot in the summer,Does the answer use results from the experiment?,0,train,c2
334,1399,"light gray :: Using Light Gray would keep the tempurature a t an even or equal rate. If it was cold, it wouldn't keep it as warm, but not super cold either. If it was hot outside, the dog house would keep s orta cool, but not extremely hot either. The average of Black is a high a t 53 degrees. which is super hot. Then White would be too cold at an aver age temp at 42 degrees.",Does the answer use results from the experiment?,1,train,c2
335,211,black :: black is a darker color so there forth it att racts heat which would cause th tempatuer to go up,Does the answer use results from the experiment?,0,train,c2
336,1377,white :: it would keep the inside of the doghouse cool er,Does the answer use results from the experiment?,0,train,c2
337,1206,"black ::  The black paint because it will absorb more light energy causing the inside of the dog house to be warmer, keeping the dog warm at night. The average temperature for the black lid was 53(DEG), while the white was 42(DEG). The black paint had the highest temperature out of all colors and was 11(DEG) higher than the white paint.",Does the answer use results from the experiment?,1,train,c2
338,174,light gray :: IT will affect it because it will absorb less heat,Does the answer use results from the experiment?,0,train,c2
339,710,"white :: the white color will attract less energy than the others, thus making the doghouse cooler",Does the answer use results from the experiment?,0,train,c2
340,3,white :: I chose white for the color of paint for the dog house. White might affect the doghouse by keeping the inside cooler d uring the day. When the glass jar had a black lid the average temperature was 53(DEG)C. When the glass jar had a white lid after ten minutes the average temperature in the jar was only 42(DEG)C. This is a difference o f 11(DEG)C. White is the better choice for paint color on a doghouse bec ause it will keep a dog cool in the middle of the day.,Does the answer use results from the experiment?,1,train,c2
341,1438,"black :: i chose the black color becasue that if the d og likes it hot then this would be the right becasue when they see what c olor would be the hotes and the trials number are 54(DEG), 52(DEG), 53(DEG) ((DEG)c) and the average temp. is 53(DEG)c if the dog likes it hot in there",Does the answer use results from the experiment?,1,train,c2
342,1384,light gray :: light gray because it wont make the inside of the dog house to hot because the dog already has a large coat of fur and dark gray wont over heat the dog house.,Does the answer use results from the experiment?,0,train,c2
343,748,"white :: Assuming that the location of the doghouse ha s a warm climate, the white paint color will be more likely to keep the t emperature of the air inside the doghouse at a cooler, or lower, temperat ure. This can be said because the white paint color, on average, made the air inside the glass jar a temperature of 42(DEG) C, compared to 53(DEG) C for black paint, 48(DEG) C for dark gray paint, and 45(DEG) C for light gr ay paint. It is vital that the doghouse maintains a low temperature so th at the dog, that stays inside the doghouse, doesn't overheat.",Does the answer use results from the experiment?,1,train,c2
344,1113,black ::  if you use black paint then it will take in m ore heat because dark colors absorb more energy like they found out in th e lab hot lamp the black was at least 5(DEG)c hotter then all the other colors.,Does the answer use results from the experiment?,1,train,c2
345,1484,"white :: The white paint should keep the inside temper ature of the doghouse cooler on a hot day, than say black paint for examp le. When comparing the average temperatures of all the lid colors the whi te lid kept the glass jar at a cooler temperature. On average about 6.6(DEG) C cooler, compared with the averages for the other lids. So, therefore white pa int is the better choice, especially if you are looking to keep the insid e of the dog house cool for your dog on a hot day.",Does the answer use results from the experiment?,1,train,c2
346,312,black :: it would increase the temerature more than an y colors selected.,Does the answer use results from the experiment?,1,train,c2
347,1491,black :: it will keep the dog house warmer because the black attracks heat,Does the answer use results from the experiment?,0,train,c2
348,640,black :: it will effect it because the suns rays will heat it,Does the answer use results from the experiment?,0,train,c2
349,959,"white ::  White because in the data it say that white had the lowest tempature with a average of 42(DEG)C. If the they painted it white, it would keep the dog house at a cooler tempature during hot sunny days.",Does the answer use results from the experiment?,1,train,c2
350,186,black ::  The color black because it would be warm in t he doghouse. Since black absorbs more heat black would be best to keep th e dog warm rather than cold.,Does the answer use results from the experiment?,0,train,c2
351,167,black :: The sun absorbs more energy in the color. Mak ing the inside of the doghouse hot &amp; warm.,Does the answer use results from the experiment?,0,train,c2
352,1249,"white :: If you were to build a dog house you wouldn't want it to get to hot, so I would choose white. The average was 42(DEG) C, since it was the coolest of the jars I think it would be best for the dog house.",Does the answer use results from the experiment?,1,val,c2
353,286,white :: because white is the the color that regects a ll light there for keeping the light rays from soaking in causing heat,Does the answer use results from the experiment?,0,train,c2
354,791,"white ::  By painting the dog house white, it would make the inside of the doghouse cooler. This is proven because in each trial, white had the lowest temperature. For example, in the experiment, White's average tempurate was 42(DEG), compared to black's average, which was 53(DEG); a huge difference!",Does the answer use results from the experiment?,1,train,c2
355,1020,"light gray ::  The color light gray would have to be the be st color to paint the doghouse. They wouldnt want to use black because si nce black is a dark color itll absorb more energy &amp; make the air temp erature rise high. So black wouldnt be a good color because they wouldnt want the dogs to get to hot. That is why i chose light gray because i thi nk its just righ to paint the doghouse. With light gray, the dogs wouldnt be to hot or too cold. They would be just right.",Does the answer use results from the experiment?,1,train,c2
356,36,white :: i would say white because in the experiment t he darker the color the hotter it got. And with white being the lightest color the dog would not get as hot.,Does the answer use results from the experiment?,1,train,c2
357,165,light gray :: light gray because it wouldn't be that hot in the summer time and in would not be that cold. becaue in the results the average for light grey was 45(DEG).and that in perfect tempature,Does the answer use results from the experiment?,1,train,c2
358,438,black ::  The black lid will attract more heat to the d og house.,Does the answer use results from the experiment?,0,train,c2
359,1634,"white :: by painting the doghouse white it would make the doghouse cooler inside than painting it black dark gray or light gray because in the data it shows that the average temperature of the air in the jar that had the white lid was 42(DEG)c , and the average temprature for the air inside the jar that had the black lid was 53(DEG)c. by painting the doghouse white there would be a difference in heat of 11(DEG)c t han painting the doghouse black. therefore painting the doghouse white would be the best choice of color to paint the doghouse because it would keep it the coolist temperature.",Does the answer use results from the experiment?,1,train,c2
360,106,dark gray ::  the color affect the dog house because with dark gray the temperature is kept the same instead of varying from one temp to the other. Plus dog dont want it to be too cold in there dog house so i figured they want a temperature that will keep them warm and kinda chill,Does the answer use results from the experiment?,0,val,c2
361,51,"white :: White would affect the inside of the doghouse becuase it is a light color so it will absorb less enrgy becuase the dar ker the color the more enrgy it will absorb. In teh data table from their experiment, black absorbed the most energy and white absorbed the least energy so that is why they should choose white for the doghouse",Does the answer use results from the experiment?,1,val,c2
362,1537,black ::  i would chooose black for my dog's house brco use during the winters the dog house would need all the heat it could get so i would choose black. black is the best color to choose becouse in th e test it was an average of 11(DEG)c hotter!,Does the answer use results from the experiment?,1,train,c2
363,1606,white :: the best color to choose would be white becau se on average white had the lowest temperature of all the colors meeaning the inside of the doghouse would be cooler,Does the answer use results from the experiment?,1,train,c2
364,795,black :: will absord more energy,Does the answer use results from the experiment?,0,train,c2
365,552,dark gray ::  Dark gray would be a good color to paint the doghouse because it's not too hot and it's not too cold. The average temperature would be 48(DEG) C. Just right.,Does the answer use results from the experiment?,1,train,c2
366,2,white :: The color white is the best choice. It will keep the doghouse a cooler tempture. This is proven by the data gathered by the trials. According to the data the average air temperature of a black lid on a jar was 53(DEG) C. When the lid was changed the white the temperature droped to an average of 42(DEG) C. This proves that white would be a better temperature control factor.,Does the answer use results from the experiment?,1,train,c2
367,1092,light gray ::  i chose light gray because the inside of the doghouse would be warm and the dogs fur would keep the dog warm in the wi nter.,Does the answer use results from the experiment?,0,train,c2
368,260,"white ::  On a hot summer day, it's easy for dogs to ge t overheated, harming them and even killing them. Therefore, white is the best color of paint to use because the air inside of it only increases b y 18(DEG)C after ten minutes of exposure to light and heat. With black p aint, it increases by 29(DEG)C, which could definately be detrimental to a dogs health.",Does the answer use results from the experiment?,1,train,c2
369,450,white ::  because the whit well not be as heated in the dog house unlike black because that welll heat the whole doghouse,Does the answer use results from the experiment?,0,train,c2
370,459,white :: If the dark the color the hotter it gets why not choose white to keep the dog nice and cool in some ways.,Does the answer use results from the experiment?,0,train,c2
371,1199,"white ::  White would be the best color for a dog house because according to this expiriment whit absorbs the most heat with an average temperature of 42(DEG)C compared to the black paint which had an average tempurature of 53.25(DEG)C, making the dog house a cooler place to live.",Does the answer use results from the experiment?,1,train,c2
372,726,"white ::  It could get dirty, you could piant it over agia,and you could draw on the walls.",Does the answer use results from the experiment?,0,train,c2
373,188,"white :: If the color of the doghouse is white, this w ill keep the house cool. According to the experiment, the black lid incre ased the air temperature by 29(DEG)C in 10 minutes, while the white lid only increased it by 18(DEG)C.",Does the answer use results from the experiment?,1,train,c2
374,990,"white ::  Using white paint would make the doghouse col der than if they used black paint. As was shown by the table, the average temperature of the jar with a black lid was 53(DEG)C, while the average temperature of the jar with a white lid was 42(DEG)C. The jar with the black lid was 11(DEG)C warmer than the jar with the white lid. Thus, usi ng white paint would also make the doghouse colder than using black paint , and Brandi and Jerry should use white paint.",Does the answer use results from the experiment?,1,train,c2
375,473,black ::  The color black absorbs all the colors of lig ht so the inside of the doghouse would be hot becase the color is absorbi ng and trapping the heat from the light.,Does the answer use results from the experiment?,0,train,c2
376,1234,dark gray :: dark gray may attract more heat to the dog ho use but no as much as black.,Does the answer use results from the experiment?,0,train,c2
377,803,"dark gray :: If they choose dark gray as the color for the doghouse, the temperature of doghouse would be neither too hot or too co ld for the dog. I chose dark gray because black would be too hot for dogs because they have furs but white would be too cold because even though t he dogs have furs, if the temperature is cold, thye will get cold. So i t hink dark gray is the best color to choose.",Does the answer use results from the experiment?,0,train,c2
378,1017,"white :: using white paint would keep the temperature inside of the doghouse low on a sunny day. the average temperature of the white lid was 42(DEG)C and the average temperature of the blace lid was 53(DEG)C, the white lid was 11(DEG)C cooler then the jar with the blac k lid",Does the answer use results from the experiment?,1,train,c2
379,1153,"black :: We can see from this expirement that darker colors absorb more heat. Knowing this information, for the dog to be more warm and comfortable inside his doghouse, Brandi and Jerry should paint the house Black.",Does the answer use results from the experiment?,1,train,c2
380,336,"light gray :: Well ,I pick Light gray because I wouldnt wan t too much energy in my dogs house if i had to pick a color . Most dogs g oes in their house soo they can either cool off or to relax .",Does the answer use results from the experiment?,0,train,c2
381,1423,light gray ::  it will keep it warm for those cold night an d keep it cool for those hot summer days.,Does the answer use results from the experiment?,0,train,c2
382,57,dark gray ::  I think that they should paint the dog house black because it absorbs more sunlight and allow the house to be warmer. The black had the highest temperture that was 54 degrees and the white on e had 41 degrees.,Does the answer use results from the experiment?,1,train,c2
383,289,"white ::  having this colour will effect the dog house because light colours reflect heat, so if you paint the house white, then there wont as much heat on the walls, making the doghouse cooler. this i s shown by the fact that in the jar experement, black had the hottest dat a and white had the coolest.",Does the answer use results from the experiment?,1,train,c2
384,536,white :: White. Because the black attracts light so th en the dog house would heat up. th edark Gray is also like the black so t hat wont work either. The last decision was light gray or white so i pick ed white because that color doesnt attract light.,Does the answer use results from the experiment?,0,train,c2
385,1421,white :: That will affect the doghouse becuase that wa y there wont be to much pressure in the dog house. Then the dog wil l be comfortable,Does the answer use results from the experiment?,0,train,c2
386,975,white :: I would use a light color like White in this case because if its 95 degrees outside and you have a black dog house the dog house is going to be hot.Like in the experiment they used they used a black lid because it would make the jar the hotest.,Does the answer use results from the experiment?,1,train,c2
387,858,"white ::  hite will keep the doghouse cooler inside bec uase white attracks less energy than black, dark grey, and light grey. th e white was the lowest average tempatue a 42(DEG)C",Does the answer use results from the experiment?,1,train,c2
388,199,"black :: Black absorbs light. Just like with the jar l id when it was black, it absorbed the most. So if you colored the doghous e black it would increase the temperature inside it.",Does the answer use results from the experiment?,1,train,c2
389,577,light gray ::  You dont want the dog to hot so make it so it will be cooler inside. It will be about 45(DEG)C,Does the answer use results from the experiment?,0,train,c2
390,1535,white ::  white would not attract as much heat as the o ther darker colors,Does the answer use results from the experiment?,0,train,c2
391,1396,"light gray ::  On hot sunny days the color of the house wouldn't absorb so much heat, So the house woldnt get so hot, But if it was a cold day the colors of the house could reflect the cold air, Becuas e, Lighter colors reflect heat, &amp; darker colors absorb heat.",Does the answer use results from the experiment?,0,train,c2
392,1220,"white ::  white would be best because it reflects more energy, the table shows that the average temp. after three trials for the white lid was 42 degrees celcius which is 11 dgrees cooler than the h ighest average(52 degrees celcius) or the black lid.",Does the answer use results from the experiment?,1,train,c2
393,460,white :: White affects the dog house temperature becau se it has less heat obsorbing in it.,"Does the answer include black, dark gray, light gray, or white?",1,train,c11
394,1479,"dark gray :: If Brandi and Jerry painted the doghouse dark gray, I think it would be just warm enough in the winter and just cool e nough in the summer, because dark gray has the medium-warm temperature on the chart about the colored lids.","Does the answer include black, dark gray, light gray, or white?",1,train,c11
395,1355,black ::  black would affect the doghouse because if it was to hot the dog wouldnt have know where to go but the doghouse the the dog house would be extremely hot,"Does the answer include black, dark gray, light gray, or white?",1,train,c11
396,1503,"white :: usually a dog house is only used in the summe r so to keep the dog a little less cooler they should use a white paint. bc i learned that all the colors bounce off white and go somewhere else a long with their heat. but blck has all the colors so it obsorbs all color s and their heat. so white would be best in the table it shows that the average temput ure for a white house is 42(DEG)c. the average temputure for lightgray i s 45(DEG)c, the average temp. for dark gray is 48(DEG)c, and black's av erage temp. is 53(DEG)c. thats an 11(DEG)c difference. whitch could be very important.","Does the answer include black, dark gray, light gray, or white?",1,train,c11
397,281,"black :: if they painted the doghouse black, then it w ill be hotter inside the doghouse because the darker the color the more heat it will absorb. example: the black lid created the hottest air temperature in the jar.","Does the answer include black, dark gray, light gray, or white?",1,train,c11
398,961,dark gray ::  the color will effect the dog house because i f it is black it will be hotter because it atracts more heat but if its w hite then it will atracts less heat.,"Does the answer include black, dark gray, light gray, or white?",1,train,c11
399,570,black :: Black would change the temperature of the dog house by making it warmer beacause black absorbs heat to most. With the black lid the temperture was 53(DEG)C. With the white lid the temperature was 42(DEG)C. There was 11(DEG)C difference.,"Does the answer include black, dark gray, light gray, or white?",1,train,c11
400,332,"white ::  white will effect the dog house.first this wi ll effect it because white will make it cooler in the summer,because whit e doesnt absorb very much heat.","Does the answer include black, dark gray, light gray, or white?",1,train,c11
401,86,white :: the white is better for the dog house because it wont get to hot inside and not to cold.the hotest it would get in the house is 43 and the coldest it would get is 41,"Does the answer include black, dark gray, light gray, or white?",1,train,c11
402,717,"white :: If you paint the dog house white, it will sta y nice and cool and won't get too hot because the data showed that when t he lid was white, the average temperature, 42(DEG)C, was colder than the others. When the lid was black the average temperature was highest, 53(DEG) C, which is 11(DEG) more than the white lid's average.","Does the answer include black, dark gray, light gray, or white?",1,val,c11
403,287,black :: The color might affect by since it is black i t will absorb more light energy which then makes the temputure higher so the inside will be warmer/hotter.,"Does the answer include black, dark gray, light gray, or white?",1,train,c11
404,996,white :: because in the graph is says the average is 4 2 and thats why i picked white cause different chemical.,"Does the answer include black, dark gray, light gray, or white?",1,train,c11
405,1045,white ::  reflect more heat to keep the inside cooler i n the sumer,"Does the answer include black, dark gray, light gray, or white?",1,train,c11
406,1198,"black :: The black paint will make the dog house warme r for the dog because the black lid on the jar aborbed the most heat, wit h the highest average temperature (53(DEG)C).","Does the answer include black, dark gray, light gray, or white?",1,train,c11
407,676,black :: it will make the dog house really hot.,"Does the answer include black, dark gray, light gray, or white?",1,train,c11
408,55,white :: The color white would be a great color to use in a doghouse because the inside of the doghouse would be cooler for the dog soo when its hot then it wont be to hot in its house. I say this bec ause the average temp of the color white is 42(DEG)C while the other 3 c olors are above this average temp.,"Does the answer include black, dark gray, light gray, or white?",1,val,c11
409,944,"black :: The color black will affect the doghouse by m aking it a warmer environment for the dog. Plus if it is a cold winter, t he doghouse will help to keep the dog warmer. The data table shows that u sing the black lid color the air temperature was clearly around 12(DEG) higher then the white lid, about 10(DEG) higher in temperature than the light gray lid, and about 6(DEG) higher in temperature than the dark gray lid each trial. The average temperature was 53(DEG)C for the black lid, the average temperature for the dark gray lid was 48(DEG)C, the average tem perature for the light gray lid was 45(DEG)C, and the average temperatur e for the white lid was 42(DEG)C. It shows the black lid absorbs more he at to keep the doghouse warmer.","Does the answer include black, dark gray, light gray, or white?",1,train,c11
410,1487,dark gray ::  the darker the color the warmer it is inside. and if it was black it would be to hot and white or light gray would get to cold.,"Does the answer include black, dark gray, light gray, or white?",1,train,c11
411,920,black :: Black will affect the dog house because when is sunny and bright the color will attract the heat and it will make it e ven hotter in the out side and the inside of the dog house,"Does the answer include black, dark gray, light gray, or white?",1,val,c11
412,37,white :: white will keep the dog house nice and cool s ince according to there data the white lid kept the air in the jar cooles t.,"Does the answer include black, dark gray, light gray, or white?",1,train,c11
413,916,white :: white will make the dog house cooler so its m ore comferable in hot weather.,"Does the answer include black, dark gray, light gray, or white?",1,train,c11
414,7,"black ::  The color ""Black"" would be the best color for the roof of a dog house because according to the results from the experiment, the air temperature inside is higher compared to other co lors.","Does the answer include black, dark gray, light gray, or white?",1,train,c11
415,663,"black :: this would make the doghouse very hot and unc omfortable because, as shown in the expirament, black attracts heat bring ing more thermal energy to the dog house than other colors such as white.","Does the answer include black, dark gray, light gray, or white?",1,train,c11
416,183,black :: Black will affect the dog house by heating it up because black absorbes more energy.,"Does the answer include black, dark gray, light gray, or white?",1,train,c11
417,694,black :: The color black might affect the dog house be cause black is the drakest color out of the's four colors.,"Does the answer include black, dark gray, light gray, or white?",1,train,c11
418,641,"dark gray :: If Brandi and Jerry used the color dark gray for their doghouse that would be the best color because it would keep the doghouse warm and cool depending on the seasons. The color dark gray in the jar experiment had an average of 48(DEG)C. That makes the temp erature of the doghouse in general, not to hot and not to cool based on t he jar experiment.","Does the answer include black, dark gray, light gray, or white?",1,val,c11
419,913,white :: The color white does not absorb as much heat as a darker color and the doghouse wont get as hot.,"Does the answer include black, dark gray, light gray, or white?",1,val,c11
420,955,white :: the color on the outside will either heat up or cool down the doghouse and since white was still warm but not too hot so white is the best color for the doghouse.,"Does the answer include black, dark gray, light gray, or white?",1,train,c11
421,1461,"white :: White would be the best color. this is becaus e on average it had the lowest tempature inside, so it asorbed or blocked the most heat, it had an averge of 42 degrees while black had an average of 53 degrees","Does the answer include black, dark gray, light gray, or white?",1,train,c11
422,358,dark gray :: This will keep the dog warm but it wont get to hot or cold.,"Does the answer include black, dark gray, light gray, or white?",1,train,c11
423,109,"white ::  The darker the color, the greatest increase i n temperature because darker colors absorb more energy. The white would keep the doghouse's roof cool on a very sunny day, since the light color doesnt absorb energy as fast as the dark colors.","Does the answer include black, dark gray, light gray, or white?",1,train,c11
424,1533,white ::  its obsorves less energy from the sun than al l the darker colors,"Does the answer include black, dark gray, light gray, or white?",1,train,c11
425,53,white ::  If the color is a dark color then the tempera ture will increase more than if the color is a lighter shade. White was t he color that affected the temperature the least in the experiment and th at would be the best color for the doghouse's temperature.,"Does the answer include black, dark gray, light gray, or white?",1,train,c11
426,865,"dark gray :: The dog house would not be too hot in the sum mer if you did a dark gray, also if you chose a light gray it could be co ld in the winter, so there for dark gray would be the best color.","Does the answer include black, dark gray, light gray, or white?",1,train,c11
427,1338,light gray ::  light gray is more as cooler than black or dark gray in the summer but black and dark gray will be warmer in the winter light gray or white. Meaning light gray is in the middle.,"Does the answer include black, dark gray, light gray, or white?",1,train,c11
428,529,white :: so if it is hot out side and the dog wants to go in side the dog house then it will be cooler because the color of the dog house is white.,"Does the answer include black, dark gray, light gray, or white?",1,train,c11
429,369,white :: it will make it cooler inside because the whi te coloer will deflect light from the house,"Does the answer include black, dark gray, light gray, or white?",1,val,c11
430,141,"white :: This color will make the air in the doghouse less hot, so the dog will be a lot cooler while in the doghouse. I know t his because in the experiment the air is hottest with a black lid and coo lest with a white one. So if the sun is beating down on the doghouse, it will only reach about 42(DEG) C, instead of 45(DEG) C or higher.","Does the answer include black, dark gray, light gray, or white?",1,train,c11
431,1090,white :: white doesnt take in colors from the rainbow like black and other colors,"Does the answer include black, dark gray, light gray, or white?",1,val,c11
432,823,dark gray :: It will take in heat in the winter and won't take as much in in the summer as black would.,"Does the answer include black, dark gray, light gray, or white?",1,val,c11
433,682,"black :: The dark paint color is better because the gr eater the increase in air temprature in the doghouse ,becouse darker colo r absorbs more energy.","Does the answer include black, dark gray, light gray, or white?",1,train,c11
434,1077,white :: If they colored the doghouse white then it wi ll be cool inside and not so hot like it would be if it was black. Because when the jar lid was black the inside of the jar was 53(DEG)C an d when it was white the inside of the jar was 42(DEG)C,"Does the answer include black, dark gray, light gray, or white?",1,val,c11
435,767,black :: Black is a dark color so it will absorb more heat and make the dog house a hot temperature.,"Does the answer include black, dark gray, light gray, or white?",1,train,c11
436,306,"dark gray :: That color (dark gray) might affect the dog h ouse by absorbing heat cause it is a dark color,but not as dark black,so it won't absorb so munch heat.","Does the answer include black, dark gray, light gray, or white?",1,train,c11
437,465,black :: it wil heat the dog house up more than the ot her colors.,"Does the answer include black, dark gray, light gray, or white?",1,train,c11
438,151,white :: The darker colors will absorb heat faster tha n lighter colors.,"Does the answer include black, dark gray, light gray, or white?",1,train,c11
439,1368,"white :: If you paint the doghouse white, it will be c ooler inside than if you painted it black. Since black absorbs more energ y it will get hotter faster than if it was painted white.","Does the answer include black, dark gray, light gray, or white?",1,train,c11
440,569,black :: i think the color black will make the isnside of the dog house warm because it is a dark color.,"Does the answer include black, dark gray, light gray, or white?",1,train,c11
441,669,"black :: black might affect the doghouse because its going to be dark,hot, and not cmfortable.","Does the answer include black, dark gray, light gray, or white?",1,train,c11
442,170,dark gray :: the dark gray will keep the inside of the dog house warm enough in the winter and not to hot during the summer. the dar k gray was an average of 48(DEG)C which is not as hot as the black lid w hich was an average of 53(DEG)C and not as cold as the light gray which was and average of 45(DEG)C.,"Does the answer include black, dark gray, light gray, or white?",1,train,c11
443,624,white ::  Less heat in the dog house so there would be much more comfort for the dog.,"Does the answer include black, dark gray, light gray, or white?",1,train,c11
444,809,"white :: It might not give it much light from the sun or any heat because darker colors attract more energy and light. Just lik e with the jars and the lamp. The jar with a black lid had the highest av erage, therefore proving that darker colors attract more energy.","Does the answer include black, dark gray, light gray, or white?",1,train,c11
445,296,white :: White will reduce the temperature in side the doghouse. In the experiment white had an average of 42(DEG)C while the other colors had higher temperature averages.,"Does the answer include black, dark gray, light gray, or white?",1,train,c11
446,169,white ::  painting a dog house white will keep it coole r than other colors. in the experiment white had an average temp of 42(DEG) C while black had a 53(DEG)C average,"Does the answer include black, dark gray, light gray, or white?",1,train,c11
447,872,"white ::  if the doghouse is painted white the air temp erature will be lower than light gray, dark gray, or black. the white lid jar had an average temperature of 42(DEG)C. the light gray lid had an a verage temperature of 45(DEG)C. the dark gray lid had an average tempera ture of 48(DEG)C. and the black lid had an average temperature of 53(DEG) C. therefor white will help make the inside of the doghouse cooler.","Does the answer include black, dark gray, light gray, or white?",1,val,c11
448,1463,"white ::  white would make the dog house less hot. the data table shows that the white paint kept the jar cooler than the other paint in trial 1,2, and 3.","Does the answer include black, dark gray, light gray, or white?",1,train,c11
449,1099,"light gray :: The doghouse should be light gray because tha t way the air temperature isn't to hot or to cold, it's just about in the middle.","Does the answer include black, dark gray, light gray, or white?",1,val,c11
450,252,"white :: The color white will keep the doghouse cool u nder sunlight, because in the expirement, the white color reflects sunlig ht, not absorbing it. so, the doghouse will be cooler","Does the answer include black, dark gray, light gray, or white?",1,train,c11
451,1454,black :: The color my affect the dog house because the dog might not be the same color as the house or the house will be to dar k because its black.,"Does the answer include black, dark gray, light gray, or white?",1,train,c11
452,855,"black ::  The darker the color, the warmer it will be i nside of the doghouse becuase darker colors absorb more energy.","Does the answer include black, dark gray, light gray, or white?",1,train,c11
453,253,light gray ::  it would keep the dog house at a good temp. the entire year round.,"Does the answer include black, dark gray, light gray, or white?",1,train,c11
454,566,white :: It Was The Coolest With the Temp. Of 42(DEG) C. It would Be To Hot To Use Black Which Was 53(DEG)C. Inside The Jar.,"Does the answer include black, dark gray, light gray, or white?",1,train,c11
455,817,"dark gray :: This color would keep the temperature just ri ght. It wouldn't be too hot or to too cold. The average (DEG)C was 48(DEG) C, the lowest average wsa 42(DEG)C and the highest average was 53(DEG)C.","Does the answer include black, dark gray, light gray, or white?",1,train,c11
456,1191,white :: White would make it more comfortable for the dog and it would be warmer than black because the black absorbs more ener gy than light colors.,"Does the answer include black, dark gray, light gray, or white?",1,train,c11
457,1103,"white :: you would probably want to choose white becua se that is the color that will keep it the coolest inside the dogouse, wh en the sun is shinning it is usually warm outside, and the dog will want to use it to cool off, not to get even more hot.","Does the answer include black, dark gray, light gray, or white?",1,train,c11
458,1580,"dark gray :: The best paint color for the doghouse would b e dark gray. In the experiment of the glass jar it had an average of 48(DEG) C and was the second highest temperature. The highest temperature was the black lid with 53(DEG)C. The difference of the highest temperature and second highest temperature was the 5(DEG)C. If using the dark gray paint color it would still absorb energy to keep the dogs warm, but yet be a bit coo l for them too.","Does the answer include black, dark gray, light gray, or white?",1,train,c11
459,291,dark gray :: I think dark gray is good because the t empeture is 48(DEG) and that's not hot so the dog is not going to be hot .And 48(DEG) is not cold either it's cool so the dog wont be cold or hot it'll be just right.But that's my opinion.,"Does the answer include black, dark gray, light gray, or white?",1,train,c11
460,591,"white :: The color of the dog house being white wil ca use the doghouse to stay cooler under sunlight. This is beacuse the color white reflects the light away from the doghouse, and the light will not be absorbed and turned into heat energy inside the doghouse.","Does the answer include black, dark gray, light gray, or white?",1,train,c11
461,1532,white ::  if they used white for the color of the dog hous it would keep the inside of it cool because white reflects ligh t.,"Does the answer include black, dark gray, light gray, or white?",1,train,c11
462,197,black ::  It will make the inside of the dog house cold or warm .,"Does the answer include black, dark gray, light gray, or white?",1,train,c11
463,852,light gray :: This color should make the doghouse a nice co ol temperature cosistantly. I say this because in the data table light gr ay's average temp. was 45(DEG).,"Does the answer include black, dark gray, light gray, or white?",1,train,c11
464,760,black :: The black doghouse would keep you warmer in t he winter but it would be really hot in the summer,"Does the answer include black, dark gray, light gray, or white?",1,train,c11
465,1399,"light gray :: Using Light Gray would keep the tempurature a t an even or equal rate. If it was cold, it wouldn't keep it as warm, but not super cold either. If it was hot outside, the dog house would keep s orta cool, but not extremely hot either. The average of Black is a high a t 53 degrees. which is super hot. Then White would be too cold at an aver age temp at 42 degrees.","Does the answer include black, dark gray, light gray, or white?",1,train,c11
466,211,black :: black is a darker color so there forth it att racts heat which would cause th tempatuer to go up,"Does the answer include black, dark gray, light gray, or white?",1,train,c11
467,1377,white :: it would keep the inside of the doghouse cool er,"Does the answer include black, dark gray, light gray, or white?",1,train,c11
468,1206,"black ::  The black paint because it will absorb more light energy causing the inside of the dog house to be warmer, keeping the dog warm at night. The average temperature for the black lid was 53(DEG), while the white was 42(DEG). The black paint had the highest temperature out of all colors and was 11(DEG) higher than the white paint.","Does the answer include black, dark gray, light gray, or white?",1,train,c11
469,174,light gray :: IT will affect it because it will absorb less heat,"Does the answer include black, dark gray, light gray, or white?",1,train,c11
470,710,"white :: the white color will attract less energy than the others, thus making the doghouse cooler","Does the answer include black, dark gray, light gray, or white?",1,train,c11
471,3,white :: I chose white for the color of paint for the dog house. White might affect the doghouse by keeping the inside cooler d uring the day. When the glass jar had a black lid the average temperature was 53(DEG)C. When the glass jar had a white lid after ten minutes the average temperature in the jar was only 42(DEG)C. This is a difference o f 11(DEG)C. White is the better choice for paint color on a doghouse bec ause it will keep a dog cool in the middle of the day.,"Does the answer include black, dark gray, light gray, or white?",1,train,c11
472,1438,"black :: i chose the black color becasue that if the d og likes it hot then this would be the right becasue when they see what c olor would be the hotes and the trials number are 54(DEG), 52(DEG), 53(DEG) ((DEG)c) and the average temp. is 53(DEG)c if the dog likes it hot in there","Does the answer include black, dark gray, light gray, or white?",1,train,c11
473,1384,light gray :: light gray because it wont make the inside of the dog house to hot because the dog already has a large coat of fur and dark gray wont over heat the dog house.,"Does the answer include black, dark gray, light gray, or white?",1,train,c11
474,748,"white :: Assuming that the location of the doghouse ha s a warm climate, the white paint color will be more likely to keep the t emperature of the air inside the doghouse at a cooler, or lower, temperat ure. This can be said because the white paint color, on average, made the air inside the glass jar a temperature of 42(DEG) C, compared to 53(DEG) C for black paint, 48(DEG) C for dark gray paint, and 45(DEG) C for light gr ay paint. It is vital that the doghouse maintains a low temperature so th at the dog, that stays inside the doghouse, doesn't overheat.","Does the answer include black, dark gray, light gray, or white?",1,train,c11
475,1113,black ::  if you use black paint then it will take in m ore heat because dark colors absorb more energy like they found out in th e lab hot lamp the black was at least 5(DEG)c hotter then all the other colors.,"Does the answer include black, dark gray, light gray, or white?",1,train,c11
476,1484,"white :: The white paint should keep the inside temper ature of the doghouse cooler on a hot day, than say black paint for examp le. When comparing the average temperatures of all the lid colors the whi te lid kept the glass jar at a cooler temperature. On average about 6.6(DEG) C cooler, compared with the averages for the other lids. So, therefore white pa int is the better choice, especially if you are looking to keep the insid e of the dog house cool for your dog on a hot day.","Does the answer include black, dark gray, light gray, or white?",1,train,c11
477,312,black :: it would increase the temerature more than an y colors selected.,"Does the answer include black, dark gray, light gray, or white?",1,train,c11
478,1491,black :: it will keep the dog house warmer because the black attracks heat,"Does the answer include black, dark gray, light gray, or white?",1,train,c11
479,640,black :: it will effect it because the suns rays will heat it,"Does the answer include black, dark gray, light gray, or white?",1,train,c11
480,959,"white ::  White because in the data it say that white had the lowest tempature with a average of 42(DEG)C. If the they painted it white, it would keep the dog house at a cooler tempature during hot sunny days.","Does the answer include black, dark gray, light gray, or white?",1,train,c11
481,186,black ::  The color black because it would be warm in t he doghouse. Since black absorbs more heat black would be best to keep th e dog warm rather than cold.,"Does the answer include black, dark gray, light gray, or white?",1,train,c11
482,167,black :: The sun absorbs more energy in the color. Mak ing the inside of the doghouse hot &amp; warm.,"Does the answer include black, dark gray, light gray, or white?",1,train,c11
483,1249,"white :: If you were to build a dog house you wouldn't want it to get to hot, so I would choose white. The average was 42(DEG) C, since it was the coolest of the jars I think it would be best for the dog house.","Does the answer include black, dark gray, light gray, or white?",1,val,c11
484,286,white :: because white is the the color that regects a ll light there for keeping the light rays from soaking in causing heat,"Does the answer include black, dark gray, light gray, or white?",1,train,c11
485,791,"white ::  By painting the dog house white, it would make the inside of the doghouse cooler. This is proven because in each trial, white had the lowest temperature. For example, in the experiment, White's average tempurate was 42(DEG), compared to black's average, which was 53(DEG); a huge difference!","Does the answer include black, dark gray, light gray, or white?",1,train,c11
486,1020,"light gray ::  The color light gray would have to be the be st color to paint the doghouse. They wouldnt want to use black because si nce black is a dark color itll absorb more energy &amp; make the air temp erature rise high. So black wouldnt be a good color because they wouldnt want the dogs to get to hot. That is why i chose light gray because i thi nk its just righ to paint the doghouse. With light gray, the dogs wouldnt be to hot or too cold. They would be just right.","Does the answer include black, dark gray, light gray, or white?",1,train,c11
487,36,white :: i would say white because in the experiment t he darker the color the hotter it got. And with white being the lightest color the dog would not get as hot.,"Does the answer include black, dark gray, light gray, or white?",1,train,c11
488,165,light gray :: light gray because it wouldn't be that hot in the summer time and in would not be that cold. becaue in the results the average for light grey was 45(DEG).and that in perfect tempature,"Does the answer include black, dark gray, light gray, or white?",1,train,c11
489,438,black ::  The black lid will attract more heat to the d og house.,"Does the answer include black, dark gray, light gray, or white?",1,train,c11
490,1634,"white :: by painting the doghouse white it would make the doghouse cooler inside than painting it black dark gray or light gray because in the data it shows that the average temperature of the air in the jar that had the white lid was 42(DEG)c , and the average temprature for the air inside the jar that had the black lid was 53(DEG)c. by painting the doghouse white there would be a difference in heat of 11(DEG)c t han painting the doghouse black. therefore painting the doghouse white would be the best choice of color to paint the doghouse because it would keep it the coolist temperature.","Does the answer include black, dark gray, light gray, or white?",1,train,c11
491,106,dark gray ::  the color affect the dog house because with dark gray the temperature is kept the same instead of varying from one temp to the other. Plus dog dont want it to be too cold in there dog house so i figured they want a temperature that will keep them warm and kinda chill,"Does the answer include black, dark gray, light gray, or white?",1,val,c11
492,51,"white :: White would affect the inside of the doghouse becuase it is a light color so it will absorb less enrgy becuase the dar ker the color the more enrgy it will absorb. In teh data table from their experiment, black absorbed the most energy and white absorbed the least energy so that is why they should choose white for the doghouse","Does the answer include black, dark gray, light gray, or white?",1,val,c11
493,1537,black ::  i would chooose black for my dog's house brco use during the winters the dog house would need all the heat it could get so i would choose black. black is the best color to choose becouse in th e test it was an average of 11(DEG)c hotter!,"Does the answer include black, dark gray, light gray, or white?",1,train,c11
494,1606,white :: the best color to choose would be white becau se on average white had the lowest temperature of all the colors meeaning the inside of the doghouse would be cooler,"Does the answer include black, dark gray, light gray, or white?",1,train,c11
495,795,black :: will absord more energy,"Does the answer include black, dark gray, light gray, or white?",1,train,c11
496,552,dark gray ::  Dark gray would be a good color to paint the doghouse because it's not too hot and it's not too cold. The average temperature would be 48(DEG) C. Just right.,"Does the answer include black, dark gray, light gray, or white?",1,train,c11
497,2,white :: The color white is the best choice. It will keep the doghouse a cooler tempture. This is proven by the data gathered by the trials. According to the data the average air temperature of a black lid on a jar was 53(DEG) C. When the lid was changed the white the temperature droped to an average of 42(DEG) C. This proves that white would be a better temperature control factor.,"Does the answer include black, dark gray, light gray, or white?",1,train,c11
498,1092,light gray ::  i chose light gray because the inside of the doghouse would be warm and the dogs fur would keep the dog warm in the wi nter.,"Does the answer include black, dark gray, light gray, or white?",1,train,c11
499,260,"white ::  On a hot summer day, it's easy for dogs to ge t overheated, harming them and even killing them. Therefore, white is the best color of paint to use because the air inside of it only increases b y 18(DEG)C after ten minutes of exposure to light and heat. With black p aint, it increases by 29(DEG)C, which could definately be detrimental to a dogs health.","Does the answer include black, dark gray, light gray, or white?",1,train,c11
500,450,white ::  because the whit well not be as heated in the dog house unlike black because that welll heat the whole doghouse,"Does the answer include black, dark gray, light gray, or white?",1,train,c11
501,459,white :: If the dark the color the hotter it gets why not choose white to keep the dog nice and cool in some ways.,"Does the answer include black, dark gray, light gray, or white?",1,train,c11
502,1199,"white ::  White would be the best color for a dog house because according to this expiriment whit absorbs the most heat with an average temperature of 42(DEG)C compared to the black paint which had an average tempurature of 53.25(DEG)C, making the dog house a cooler place to live.","Does the answer include black, dark gray, light gray, or white?",1,train,c11
503,726,"white ::  It could get dirty, you could piant it over agia,and you could draw on the walls.","Does the answer include black, dark gray, light gray, or white?",1,train,c11
504,188,"white :: If the color of the doghouse is white, this w ill keep the house cool. According to the experiment, the black lid incre ased the air temperature by 29(DEG)C in 10 minutes, while the white lid only increased it by 18(DEG)C.","Does the answer include black, dark gray, light gray, or white?",1,train,c11
505,990,"white ::  Using white paint would make the doghouse col der than if they used black paint. As was shown by the table, the average temperature of the jar with a black lid was 53(DEG)C, while the average temperature of the jar with a white lid was 42(DEG)C. The jar with the black lid was 11(DEG)C warmer than the jar with the white lid. Thus, usi ng white paint would also make the doghouse colder than using black paint , and Brandi and Jerry should use white paint.","Does the answer include black, dark gray, light gray, or white?",1,train,c11
506,473,black ::  The color black absorbs all the colors of lig ht so the inside of the doghouse would be hot becase the color is absorbi ng and trapping the heat from the light.,"Does the answer include black, dark gray, light gray, or white?",1,train,c11
507,1234,dark gray :: dark gray may attract more heat to the dog ho use but no as much as black.,"Does the answer include black, dark gray, light gray, or white?",1,train,c11
508,803,"dark gray :: If they choose dark gray as the color for the doghouse, the temperature of doghouse would be neither too hot or too co ld for the dog. I chose dark gray because black would be too hot for dogs because they have furs but white would be too cold because even though t he dogs have furs, if the temperature is cold, thye will get cold. So i t hink dark gray is the best color to choose.","Does the answer include black, dark gray, light gray, or white?",1,train,c11
509,1017,"white :: using white paint would keep the temperature inside of the doghouse low on a sunny day. the average temperature of the white lid was 42(DEG)C and the average temperature of the blace lid was 53(DEG)C, the white lid was 11(DEG)C cooler then the jar with the blac k lid","Does the answer include black, dark gray, light gray, or white?",1,train,c11
510,1153,"black :: We can see from this expirement that darker colors absorb more heat. Knowing this information, for the dog to be more warm and comfortable inside his doghouse, Brandi and Jerry should paint the house Black.","Does the answer include black, dark gray, light gray, or white?",1,train,c11
511,336,"light gray :: Well ,I pick Light gray because I wouldnt wan t too much energy in my dogs house if i had to pick a color . Most dogs g oes in their house soo they can either cool off or to relax .","Does the answer include black, dark gray, light gray, or white?",1,train,c11
512,1423,light gray ::  it will keep it warm for those cold night an d keep it cool for those hot summer days.,"Does the answer include black, dark gray, light gray, or white?",1,train,c11
513,57,dark gray ::  I think that they should paint the dog house black because it absorbs more sunlight and allow the house to be warmer. The black had the highest temperture that was 54 degrees and the white on e had 41 degrees.,"Does the answer include black, dark gray, light gray, or white?",1,train,c11
514,289,"white ::  having this colour will effect the dog house because light colours reflect heat, so if you paint the house white, then there wont as much heat on the walls, making the doghouse cooler. this i s shown by the fact that in the jar experement, black had the hottest dat a and white had the coolest.","Does the answer include black, dark gray, light gray, or white?",1,train,c11
515,536,white :: White. Because the black attracts light so th en the dog house would heat up. th edark Gray is also like the black so t hat wont work either. The last decision was light gray or white so i pick ed white because that color doesnt attract light.,"Does the answer include black, dark gray, light gray, or white?",1,train,c11
516,1421,white :: That will affect the doghouse becuase that wa y there wont be to much pressure in the dog house. Then the dog wil l be comfortable,"Does the answer include black, dark gray, light gray, or white?",1,train,c11
517,975,white :: I would use a light color like White in this case because if its 95 degrees outside and you have a black dog house the dog house is going to be hot.Like in the experiment they used they used a black lid because it would make the jar the hotest.,"Does the answer include black, dark gray, light gray, or white?",1,train,c11
518,858,"white ::  hite will keep the doghouse cooler inside bec uase white attracks less energy than black, dark grey, and light grey. th e white was the lowest average tempatue a 42(DEG)C","Does the answer include black, dark gray, light gray, or white?",1,train,c11
519,199,"black :: Black absorbs light. Just like with the jar l id when it was black, it absorbed the most. So if you colored the doghous e black it would increase the temperature inside it.","Does the answer include black, dark gray, light gray, or white?",1,train,c11
520,577,light gray ::  You dont want the dog to hot so make it so it will be cooler inside. It will be about 45(DEG)C,"Does the answer include black, dark gray, light gray, or white?",1,train,c11
521,1535,white ::  white would not attract as much heat as the o ther darker colors,"Does the answer include black, dark gray, light gray, or white?",1,train,c11
522,1396,"light gray ::  On hot sunny days the color of the house wouldn't absorb so much heat, So the house woldnt get so hot, But if it was a cold day the colors of the house could reflect the cold air, Becuas e, Lighter colors reflect heat, &amp; darker colors absorb heat.","Does the answer include black, dark gray, light gray, or white?",1,train,c11
523,1220,"white ::  white would be best because it reflects more energy, the table shows that the average temp. after three trials for the white lid was 42 degrees celcius which is 11 dgrees cooler than the h ighest average(52 degrees celcius) or the black lid.","Does the answer include black, dark gray, light gray, or white?",1,train,c11
524,460,white :: White affects the dog house temperature becau se it has less heat obsorbing in it.,Does the answer mention specific experimental data?,0,train,c4
525,1479,"dark gray :: If Brandi and Jerry painted the doghouse dark gray, I think it would be just warm enough in the winter and just cool e nough in the summer, because dark gray has the medium-warm temperature on the chart about the colored lids.",Does the answer mention specific experimental data?,1,train,c4
526,1355,black ::  black would affect the doghouse because if it was to hot the dog wouldnt have know where to go but the doghouse the the dog house would be extremely hot,Does the answer mention specific experimental data?,0,train,c4
527,1503,"white :: usually a dog house is only used in the summe r so to keep the dog a little less cooler they should use a white paint. bc i learned that all the colors bounce off white and go somewhere else a long with their heat. but blck has all the colors so it obsorbs all color s and their heat. so white would be best in the table it shows that the average temput ure for a white house is 42(DEG)c. the average temputure for lightgray i s 45(DEG)c, the average temp. for dark gray is 48(DEG)c, and black's av erage temp. is 53(DEG)c. thats an 11(DEG)c difference. whitch could be very important.",Does the answer mention specific experimental data?,1,train,c4
528,281,"black :: if they painted the doghouse black, then it w ill be hotter inside the doghouse because the darker the color the more heat it will absorb. example: the black lid created the hottest air temperature in the jar.",Does the answer mention specific experimental data?,1,train,c4
529,961,dark gray ::  the color will effect the dog house because i f it is black it will be hotter because it atracts more heat but if its w hite then it will atracts less heat.,Does the answer mention specific experimental data?,0,train,c4
530,570,black :: Black would change the temperature of the dog house by making it warmer beacause black absorbs heat to most. With the black lid the temperture was 53(DEG)C. With the white lid the temperature was 42(DEG)C. There was 11(DEG)C difference.,Does the answer mention specific experimental data?,1,train,c4
531,332,"white ::  white will effect the dog house.first this wi ll effect it because white will make it cooler in the summer,because whit e doesnt absorb very much heat.",Does the answer mention specific experimental data?,0,train,c4
532,86,white :: the white is better for the dog house because it wont get to hot inside and not to cold.the hotest it would get in the house is 43 and the coldest it would get is 41,Does the answer mention specific experimental data?,1,train,c4
533,717,"white :: If you paint the dog house white, it will sta y nice and cool and won't get too hot because the data showed that when t he lid was white, the average temperature, 42(DEG)C, was colder than the others. When the lid was black the average temperature was highest, 53(DEG) C, which is 11(DEG) more than the white lid's average.",Does the answer mention specific experimental data?,1,val,c4
534,287,black :: The color might affect by since it is black i t will absorb more light energy which then makes the temputure higher so the inside will be warmer/hotter.,Does the answer mention specific experimental data?,0,train,c4
535,996,white :: because in the graph is says the average is 4 2 and thats why i picked white cause different chemical.,Does the answer mention specific experimental data?,0,train,c4
536,1045,white ::  reflect more heat to keep the inside cooler i n the sumer,Does the answer mention specific experimental data?,0,train,c4
537,1198,"black :: The black paint will make the dog house warme r for the dog because the black lid on the jar aborbed the most heat, wit h the highest average temperature (53(DEG)C).",Does the answer mention specific experimental data?,1,train,c4
538,676,black :: it will make the dog house really hot.,Does the answer mention specific experimental data?,0,train,c4
539,55,white :: The color white would be a great color to use in a doghouse because the inside of the doghouse would be cooler for the dog soo when its hot then it wont be to hot in its house. I say this bec ause the average temp of the color white is 42(DEG)C while the other 3 c olors are above this average temp.,Does the answer mention specific experimental data?,1,val,c4
540,944,"black :: The color black will affect the doghouse by m aking it a warmer environment for the dog. Plus if it is a cold winter, t he doghouse will help to keep the dog warmer. The data table shows that u sing the black lid color the air temperature was clearly around 12(DEG) higher then the white lid, about 10(DEG) higher in temperature than the light gray lid, and about 6(DEG) higher in temperature than the dark gray lid each trial. The average temperature was 53(DEG)C for the black lid, the average temperature for the dark gray lid was 48(DEG)C, the average tem perature for the light gray lid was 45(DEG)C, and the average temperatur e for the white lid was 42(DEG)C. It shows the black lid absorbs more he at to keep the doghouse warmer.",Does the answer mention specific experimental data?,1,train,c4
541,1487,dark gray ::  the darker the color the warmer it is inside. and if it was black it would be to hot and white or light gray would get to cold.,Does the answer mention specific experimental data?,0,train,c4
542,920,black :: Black will affect the dog house because when is sunny and bright the color will attract the heat and it will make it e ven hotter in the out side and the inside of the dog house,Does the answer mention specific experimental data?,0,val,c4
543,37,white :: white will keep the dog house nice and cool s ince according to there data the white lid kept the air in the jar cooles t.,Does the answer mention specific experimental data?,1,train,c4
544,916,white :: white will make the dog house cooler so its m ore comferable in hot weather.,Does the answer mention specific experimental data?,0,train,c4
545,7,"black ::  The color ""Black"" would be the best color for the roof of a dog house because according to the results from the experiment, the air temperature inside is higher compared to other co lors.",Does the answer mention specific experimental data?,0,train,c4
546,663,"black :: this would make the doghouse very hot and unc omfortable because, as shown in the expirament, black attracts heat bring ing more thermal energy to the dog house than other colors such as white.",Does the answer mention specific experimental data?,0,train,c4
547,183,black :: Black will affect the dog house by heating it up because black absorbes more energy.,Does the answer mention specific experimental data?,0,train,c4
548,694,black :: The color black might affect the dog house be cause black is the drakest color out of the's four colors.,Does the answer mention specific experimental data?,0,train,c4
549,641,"dark gray :: If Brandi and Jerry used the color dark gray for their doghouse that would be the best color because it would keep the doghouse warm and cool depending on the seasons. The color dark gray in the jar experiment had an average of 48(DEG)C. That makes the temp erature of the doghouse in general, not to hot and not to cool based on t he jar experiment.",Does the answer mention specific experimental data?,1,val,c4
550,913,white :: The color white does not absorb as much heat as a darker color and the doghouse wont get as hot.,Does the answer mention specific experimental data?,0,val,c4
551,955,white :: the color on the outside will either heat up or cool down the doghouse and since white was still warm but not too hot so white is the best color for the doghouse.,Does the answer mention specific experimental data?,0,train,c4
552,1461,"white :: White would be the best color. this is becaus e on average it had the lowest tempature inside, so it asorbed or blocked the most heat, it had an averge of 42 degrees while black had an average of 53 degrees",Does the answer mention specific experimental data?,1,train,c4
553,358,dark gray :: This will keep the dog warm but it wont get to hot or cold.,Does the answer mention specific experimental data?,0,train,c4
554,109,"white ::  The darker the color, the greatest increase i n temperature because darker colors absorb more energy. The white would keep the doghouse's roof cool on a very sunny day, since the light color doesnt absorb energy as fast as the dark colors.",Does the answer mention specific experimental data?,0,train,c4
555,1533,white ::  its obsorves less energy from the sun than al l the darker colors,Does the answer mention specific experimental data?,0,train,c4
556,53,white ::  If the color is a dark color then the tempera ture will increase more than if the color is a lighter shade. White was t he color that affected the temperature the least in the experiment and th at would be the best color for the doghouse's temperature.,Does the answer mention specific experimental data?,0,train,c4
557,865,"dark gray :: The dog house would not be too hot in the sum mer if you did a dark gray, also if you chose a light gray it could be co ld in the winter, so there for dark gray would be the best color.",Does the answer mention specific experimental data?,0,train,c4
558,1338,light gray ::  light gray is more as cooler than black or dark gray in the summer but black and dark gray will be warmer in the winter light gray or white. Meaning light gray is in the middle.,Does the answer mention specific experimental data?,0,train,c4
559,529,white :: so if it is hot out side and the dog wants to go in side the dog house then it will be cooler because the color of the dog house is white.,Does the answer mention specific experimental data?,0,train,c4
560,369,white :: it will make it cooler inside because the whi te coloer will deflect light from the house,Does the answer mention specific experimental data?,0,val,c4
561,141,"white :: This color will make the air in the doghouse less hot, so the dog will be a lot cooler while in the doghouse. I know t his because in the experiment the air is hottest with a black lid and coo lest with a white one. So if the sun is beating down on the doghouse, it will only reach about 42(DEG) C, instead of 45(DEG) C or higher.",Does the answer mention specific experimental data?,1,train,c4
562,1090,white :: white doesnt take in colors from the rainbow like black and other colors,Does the answer mention specific experimental data?,0,val,c4
563,823,dark gray :: It will take in heat in the winter and won't take as much in in the summer as black would.,Does the answer mention specific experimental data?,0,val,c4
564,682,"black :: The dark paint color is better because the gr eater the increase in air temprature in the doghouse ,becouse darker colo r absorbs more energy.",Does the answer mention specific experimental data?,0,train,c4
565,1077,white :: If they colored the doghouse white then it wi ll be cool inside and not so hot like it would be if it was black. Because when the jar lid was black the inside of the jar was 53(DEG)C an d when it was white the inside of the jar was 42(DEG)C,Does the answer mention specific experimental data?,1,val,c4
566,767,black :: Black is a dark color so it will absorb more heat and make the dog house a hot temperature.,Does the answer mention specific experimental data?,0,train,c4
567,306,"dark gray :: That color (dark gray) might affect the dog h ouse by absorbing heat cause it is a dark color,but not as dark black,so it won't absorb so munch heat.",Does the answer mention specific experimental data?,0,train,c4
568,465,black :: it wil heat the dog house up more than the ot her colors.,Does the answer mention specific experimental data?,0,train,c4
569,151,white :: The darker colors will absorb heat faster tha n lighter colors.,Does the answer mention specific experimental data?,0,train,c4
570,1368,"white :: If you paint the doghouse white, it will be c ooler inside than if you painted it black. Since black absorbs more energ y it will get hotter faster than if it was painted white.",Does the answer mention specific experimental data?,0,train,c4
571,569,black :: i think the color black will make the isnside of the dog house warm because it is a dark color.,Does the answer mention specific experimental data?,0,train,c4
572,669,"black :: black might affect the doghouse because its going to be dark,hot, and not cmfortable.",Does the answer mention specific experimental data?,0,train,c4
573,170,dark gray :: the dark gray will keep the inside of the dog house warm enough in the winter and not to hot during the summer. the dar k gray was an average of 48(DEG)C which is not as hot as the black lid w hich was an average of 53(DEG)C and not as cold as the light gray which was and average of 45(DEG)C.,Does the answer mention specific experimental data?,1,train,c4
574,624,white ::  Less heat in the dog house so there would be much more comfort for the dog.,Does the answer mention specific experimental data?,0,train,c4
575,809,"white :: It might not give it much light from the sun or any heat because darker colors attract more energy and light. Just lik e with the jars and the lamp. The jar with a black lid had the highest av erage, therefore proving that darker colors attract more energy.",Does the answer mention specific experimental data?,1,train,c4
576,296,white :: White will reduce the temperature in side the doghouse. In the experiment white had an average of 42(DEG)C while the other colors had higher temperature averages.,Does the answer mention specific experimental data?,1,train,c4
577,169,white ::  painting a dog house white will keep it coole r than other colors. in the experiment white had an average temp of 42(DEG) C while black had a 53(DEG)C average,Does the answer mention specific experimental data?,1,train,c4
578,872,"white ::  if the doghouse is painted white the air temp erature will be lower than light gray, dark gray, or black. the white lid jar had an average temperature of 42(DEG)C. the light gray lid had an a verage temperature of 45(DEG)C. the dark gray lid had an average tempera ture of 48(DEG)C. and the black lid had an average temperature of 53(DEG) C. therefor white will help make the inside of the doghouse cooler.",Does the answer mention specific experimental data?,1,val,c4
579,1463,"white ::  white would make the dog house less hot. the data table shows that the white paint kept the jar cooler than the other paint in trial 1,2, and 3.",Does the answer mention specific experimental data?,1,train,c4
580,1099,"light gray :: The doghouse should be light gray because tha t way the air temperature isn't to hot or to cold, it's just about in the middle.",Does the answer mention specific experimental data?,0,val,c4
581,252,"white :: The color white will keep the doghouse cool u nder sunlight, because in the expirement, the white color reflects sunlig ht, not absorbing it. so, the doghouse will be cooler",Does the answer mention specific experimental data?,0,train,c4
582,1454,black :: The color my affect the dog house because the dog might not be the same color as the house or the house will be to dar k because its black.,Does the answer mention specific experimental data?,0,train,c4
583,855,"black ::  The darker the color, the warmer it will be i nside of the doghouse becuase darker colors absorb more energy.",Does the answer mention specific experimental data?,0,train,c4
584,253,light gray ::  it would keep the dog house at a good temp. the entire year round.,Does the answer mention specific experimental data?,0,train,c4
585,566,white :: It Was The Coolest With the Temp. Of 42(DEG) C. It would Be To Hot To Use Black Which Was 53(DEG)C. Inside The Jar.,Does the answer mention specific experimental data?,1,train,c4
586,817,"dark gray :: This color would keep the temperature just ri ght. It wouldn't be too hot or to too cold. The average (DEG)C was 48(DEG) C, the lowest average wsa 42(DEG)C and the highest average was 53(DEG)C.",Does the answer mention specific experimental data?,1,train,c4
587,1191,white :: White would make it more comfortable for the dog and it would be warmer than black because the black absorbs more ener gy than light colors.,Does the answer mention specific experimental data?,0,train,c4
588,1103,"white :: you would probably want to choose white becua se that is the color that will keep it the coolest inside the dogouse, wh en the sun is shinning it is usually warm outside, and the dog will want to use it to cool off, not to get even more hot.",Does the answer mention specific experimental data?,0,train,c4
589,1580,"dark gray :: The best paint color for the doghouse would b e dark gray. In the experiment of the glass jar it had an average of 48(DEG) C and was the second highest temperature. The highest temperature was the black lid with 53(DEG)C. The difference of the highest temperature and second highest temperature was the 5(DEG)C. If using the dark gray paint color it would still absorb energy to keep the dogs warm, but yet be a bit coo l for them too.",Does the answer mention specific experimental data?,1,train,c4
590,291,dark gray :: I think dark gray is good because the t empeture is 48(DEG) and that's not hot so the dog is not going to be hot .And 48(DEG) is not cold either it's cool so the dog wont be cold or hot it'll be just right.But that's my opinion.,Does the answer mention specific experimental data?,1,train,c4
591,591,"white :: The color of the dog house being white wil ca use the doghouse to stay cooler under sunlight. This is beacuse the color white reflects the light away from the doghouse, and the light will not be absorbed and turned into heat energy inside the doghouse.",Does the answer mention specific experimental data?,0,train,c4
592,1532,white ::  if they used white for the color of the dog hous it would keep the inside of it cool because white reflects ligh t.,Does the answer mention specific experimental data?,0,train,c4
593,197,black ::  It will make the inside of the dog house cold or warm .,Does the answer mention specific experimental data?,0,train,c4
594,852,light gray :: This color should make the doghouse a nice co ol temperature cosistantly. I say this because in the data table light gr ay's average temp. was 45(DEG).,Does the answer mention specific experimental data?,1,train,c4
595,760,black :: The black doghouse would keep you warmer in t he winter but it would be really hot in the summer,Does the answer mention specific experimental data?,0,train,c4
596,1399,"light gray :: Using Light Gray would keep the tempurature a t an even or equal rate. If it was cold, it wouldn't keep it as warm, but not super cold either. If it was hot outside, the dog house would keep s orta cool, but not extremely hot either. The average of Black is a high a t 53 degrees. which is super hot. Then White would be too cold at an aver age temp at 42 degrees.",Does the answer mention specific experimental data?,1,train,c4
597,211,black :: black is a darker color so there forth it att racts heat which would cause th tempatuer to go up,Does the answer mention specific experimental data?,0,train,c4
598,1377,white :: it would keep the inside of the doghouse cool er,Does the answer mention specific experimental data?,0,train,c4
599,1206,"black ::  The black paint because it will absorb more light energy causing the inside of the dog house to be warmer, keeping the dog warm at night. The average temperature for the black lid was 53(DEG), while the white was 42(DEG). The black paint had the highest temperature out of all colors and was 11(DEG) higher than the white paint.",Does the answer mention specific experimental data?,1,train,c4
600,174,light gray :: IT will affect it because it will absorb less heat,Does the answer mention specific experimental data?,0,train,c4
601,710,"white :: the white color will attract less energy than the others, thus making the doghouse cooler",Does the answer mention specific experimental data?,0,train,c4
602,3,white :: I chose white for the color of paint for the dog house. White might affect the doghouse by keeping the inside cooler d uring the day. When the glass jar had a black lid the average temperature was 53(DEG)C. When the glass jar had a white lid after ten minutes the average temperature in the jar was only 42(DEG)C. This is a difference o f 11(DEG)C. White is the better choice for paint color on a doghouse bec ause it will keep a dog cool in the middle of the day.,Does the answer mention specific experimental data?,1,train,c4
603,1438,"black :: i chose the black color becasue that if the d og likes it hot then this would be the right becasue when they see what c olor would be the hotes and the trials number are 54(DEG), 52(DEG), 53(DEG) ((DEG)c) and the average temp. is 53(DEG)c if the dog likes it hot in there",Does the answer mention specific experimental data?,1,train,c4
604,1384,light gray :: light gray because it wont make the inside of the dog house to hot because the dog already has a large coat of fur and dark gray wont over heat the dog house.,Does the answer mention specific experimental data?,0,train,c4
605,748,"white :: Assuming that the location of the doghouse ha s a warm climate, the white paint color will be more likely to keep the t emperature of the air inside the doghouse at a cooler, or lower, temperat ure. This can be said because the white paint color, on average, made the air inside the glass jar a temperature of 42(DEG) C, compared to 53(DEG) C for black paint, 48(DEG) C for dark gray paint, and 45(DEG) C for light gr ay paint. It is vital that the doghouse maintains a low temperature so th at the dog, that stays inside the doghouse, doesn't overheat.",Does the answer mention specific experimental data?,1,train,c4
606,1113,black ::  if you use black paint then it will take in m ore heat because dark colors absorb more energy like they found out in th e lab hot lamp the black was at least 5(DEG)c hotter then all the other colors.,Does the answer mention specific experimental data?,1,train,c4
607,1484,"white :: The white paint should keep the inside temper ature of the doghouse cooler on a hot day, than say black paint for examp le. When comparing the average temperatures of all the lid colors the whi te lid kept the glass jar at a cooler temperature. On average about 6.6(DEG) C cooler, compared with the averages for the other lids. So, therefore white pa int is the better choice, especially if you are looking to keep the insid e of the dog house cool for your dog on a hot day.",Does the answer mention specific experimental data?,1,train,c4
608,312,black :: it would increase the temerature more than an y colors selected.,Does the answer mention specific experimental data?,0,train,c4
609,1491,black :: it will keep the dog house warmer because the black attracks heat,Does the answer mention specific experimental data?,0,train,c4
610,640,black :: it will effect it because the suns rays will heat it,Does the answer mention specific experimental data?,0,train,c4
611,959,"white ::  White because in the data it say that white had the lowest tempature with a average of 42(DEG)C. If the they painted it white, it would keep the dog house at a cooler tempature during hot sunny days.",Does the answer mention specific experimental data?,1,train,c4
612,186,black ::  The color black because it would be warm in t he doghouse. Since black absorbs more heat black would be best to keep th e dog warm rather than cold.,Does the answer mention specific experimental data?,0,train,c4
613,167,black :: The sun absorbs more energy in the color. Mak ing the inside of the doghouse hot &amp; warm.,Does the answer mention specific experimental data?,0,train,c4
614,1249,"white :: If you were to build a dog house you wouldn't want it to get to hot, so I would choose white. The average was 42(DEG) C, since it was the coolest of the jars I think it would be best for the dog house.",Does the answer mention specific experimental data?,1,val,c4
615,286,white :: because white is the the color that regects a ll light there for keeping the light rays from soaking in causing heat,Does the answer mention specific experimental data?,0,train,c4
616,791,"white ::  By painting the dog house white, it would make the inside of the doghouse cooler. This is proven because in each trial, white had the lowest temperature. For example, in the experiment, White's average tempurate was 42(DEG), compared to black's average, which was 53(DEG); a huge difference!",Does the answer mention specific experimental data?,1,train,c4
617,1020,"light gray ::  The color light gray would have to be the be st color to paint the doghouse. They wouldnt want to use black because si nce black is a dark color itll absorb more energy &amp; make the air temp erature rise high. So black wouldnt be a good color because they wouldnt want the dogs to get to hot. That is why i chose light gray because i thi nk its just righ to paint the doghouse. With light gray, the dogs wouldnt be to hot or too cold. They would be just right.",Does the answer mention specific experimental data?,0,train,c4
618,36,white :: i would say white because in the experiment t he darker the color the hotter it got. And with white being the lightest color the dog would not get as hot.,Does the answer mention specific experimental data?,0,train,c4
619,165,light gray :: light gray because it wouldn't be that hot in the summer time and in would not be that cold. becaue in the results the average for light grey was 45(DEG).and that in perfect tempature,Does the answer mention specific experimental data?,1,train,c4
620,438,black ::  The black lid will attract more heat to the d og house.,Does the answer mention specific experimental data?,0,train,c4
621,1634,"white :: by painting the doghouse white it would make the doghouse cooler inside than painting it black dark gray or light gray because in the data it shows that the average temperature of the air in the jar that had the white lid was 42(DEG)c , and the average temprature for the air inside the jar that had the black lid was 53(DEG)c. by painting the doghouse white there would be a difference in heat of 11(DEG)c t han painting the doghouse black. therefore painting the doghouse white would be the best choice of color to paint the doghouse because it would keep it the coolist temperature.",Does the answer mention specific experimental data?,1,train,c4
622,106,dark gray ::  the color affect the dog house because with dark gray the temperature is kept the same instead of varying from one temp to the other. Plus dog dont want it to be too cold in there dog house so i figured they want a temperature that will keep them warm and kinda chill,Does the answer mention specific experimental data?,0,val,c4
623,51,"white :: White would affect the inside of the doghouse becuase it is a light color so it will absorb less enrgy becuase the dar ker the color the more enrgy it will absorb. In teh data table from their experiment, black absorbed the most energy and white absorbed the least energy so that is why they should choose white for the doghouse",Does the answer mention specific experimental data?,1,val,c4
624,1537,black ::  i would chooose black for my dog's house brco use during the winters the dog house would need all the heat it could get so i would choose black. black is the best color to choose becouse in th e test it was an average of 11(DEG)c hotter!,Does the answer mention specific experimental data?,1,train,c4
625,1606,white :: the best color to choose would be white becau se on average white had the lowest temperature of all the colors meeaning the inside of the doghouse would be cooler,Does the answer mention specific experimental data?,1,train,c4
626,795,black :: will absord more energy,Does the answer mention specific experimental data?,0,train,c4
627,552,dark gray ::  Dark gray would be a good color to paint the doghouse because it's not too hot and it's not too cold. The average temperature would be 48(DEG) C. Just right.,Does the answer mention specific experimental data?,1,train,c4
628,2,white :: The color white is the best choice. It will keep the doghouse a cooler tempture. This is proven by the data gathered by the trials. According to the data the average air temperature of a black lid on a jar was 53(DEG) C. When the lid was changed the white the temperature droped to an average of 42(DEG) C. This proves that white would be a better temperature control factor.,Does the answer mention specific experimental data?,1,train,c4
629,1092,light gray ::  i chose light gray because the inside of the doghouse would be warm and the dogs fur would keep the dog warm in the wi nter.,Does the answer mention specific experimental data?,0,train,c4
630,260,"white ::  On a hot summer day, it's easy for dogs to ge t overheated, harming them and even killing them. Therefore, white is the best color of paint to use because the air inside of it only increases b y 18(DEG)C after ten minutes of exposure to light and heat. With black p aint, it increases by 29(DEG)C, which could definately be detrimental to a dogs health.",Does the answer mention specific experimental data?,1,train,c4
631,450,white ::  because the whit well not be as heated in the dog house unlike black because that welll heat the whole doghouse,Does the answer mention specific experimental data?,0,train,c4
632,459,white :: If the dark the color the hotter it gets why not choose white to keep the dog nice and cool in some ways.,Does the answer mention specific experimental data?,0,train,c4
633,1199,"white ::  White would be the best color for a dog house because according to this expiriment whit absorbs the most heat with an average temperature of 42(DEG)C compared to the black paint which had an average tempurature of 53.25(DEG)C, making the dog house a cooler place to live.",Does the answer mention specific experimental data?,1,train,c4
634,726,"white ::  It could get dirty, you could piant it over agia,and you could draw on the walls.",Does the answer mention specific experimental data?,0,train,c4
635,188,"white :: If the color of the doghouse is white, this w ill keep the house cool. According to the experiment, the black lid incre ased the air temperature by 29(DEG)C in 10 minutes, while the white lid only increased it by 18(DEG)C.",Does the answer mention specific experimental data?,1,train,c4
636,990,"white ::  Using white paint would make the doghouse col der than if they used black paint. As was shown by the table, the average temperature of the jar with a black lid was 53(DEG)C, while the average temperature of the jar with a white lid was 42(DEG)C. The jar with the black lid was 11(DEG)C warmer than the jar with the white lid. Thus, usi ng white paint would also make the doghouse colder than using black paint , and Brandi and Jerry should use white paint.",Does the answer mention specific experimental data?,1,train,c4
637,473,black ::  The color black absorbs all the colors of lig ht so the inside of the doghouse would be hot becase the color is absorbi ng and trapping the heat from the light.,Does the answer mention specific experimental data?,0,train,c4
638,1234,dark gray :: dark gray may attract more heat to the dog ho use but no as much as black.,Does the answer mention specific experimental data?,0,train,c4
639,803,"dark gray :: If they choose dark gray as the color for the doghouse, the temperature of doghouse would be neither too hot or too co ld for the dog. I chose dark gray because black would be too hot for dogs because they have furs but white would be too cold because even though t he dogs have furs, if the temperature is cold, thye will get cold. So i t hink dark gray is the best color to choose.",Does the answer mention specific experimental data?,0,train,c4
640,1017,"white :: using white paint would keep the temperature inside of the doghouse low on a sunny day. the average temperature of the white lid was 42(DEG)C and the average temperature of the blace lid was 53(DEG)C, the white lid was 11(DEG)C cooler then the jar with the blac k lid",Does the answer mention specific experimental data?,1,train,c4
641,1153,"black :: We can see from this expirement that darker colors absorb more heat. Knowing this information, for the dog to be more warm and comfortable inside his doghouse, Brandi and Jerry should paint the house Black.",Does the answer mention specific experimental data?,0,train,c4
642,336,"light gray :: Well ,I pick Light gray because I wouldnt wan t too much energy in my dogs house if i had to pick a color . Most dogs g oes in their house soo they can either cool off or to relax .",Does the answer mention specific experimental data?,0,train,c4
643,1423,light gray ::  it will keep it warm for those cold night an d keep it cool for those hot summer days.,Does the answer mention specific experimental data?,0,train,c4
644,57,dark gray ::  I think that they should paint the dog house black because it absorbs more sunlight and allow the house to be warmer. The black had the highest temperture that was 54 degrees and the white on e had 41 degrees.,Does the answer mention specific experimental data?,1,train,c4
645,289,"white ::  having this colour will effect the dog house because light colours reflect heat, so if you paint the house white, then there wont as much heat on the walls, making the doghouse cooler. this i s shown by the fact that in the jar experement, black had the hottest dat a and white had the coolest.",Does the answer mention specific experimental data?,1,train,c4
646,536,white :: White. Because the black attracts light so th en the dog house would heat up. th edark Gray is also like the black so t hat wont work either. The last decision was light gray or white so i pick ed white because that color doesnt attract light.,Does the answer mention specific experimental data?,0,train,c4
647,1421,white :: That will affect the doghouse becuase that wa y there wont be to much pressure in the dog house. Then the dog wil l be comfortable,Does the answer mention specific experimental data?,0,train,c4
648,975,white :: I would use a light color like White in this case because if its 95 degrees outside and you have a black dog house the dog house is going to be hot.Like in the experiment they used they used a black lid because it would make the jar the hotest.,Does the answer mention specific experimental data?,1,train,c4
649,858,"white ::  hite will keep the doghouse cooler inside bec uase white attracks less energy than black, dark grey, and light grey. th e white was the lowest average tempatue a 42(DEG)C",Does the answer mention specific experimental data?,1,train,c4
650,199,"black :: Black absorbs light. Just like with the jar l id when it was black, it absorbed the most. So if you colored the doghous e black it would increase the temperature inside it.",Does the answer mention specific experimental data?,0,train,c4
651,577,light gray ::  You dont want the dog to hot so make it so it will be cooler inside. It will be about 45(DEG)C,Does the answer mention specific experimental data?,0,train,c4
652,1535,white ::  white would not attract as much heat as the o ther darker colors,Does the answer mention specific experimental data?,0,train,c4
653,1396,"light gray ::  On hot sunny days the color of the house wouldn't absorb so much heat, So the house woldnt get so hot, But if it was a cold day the colors of the house could reflect the cold air, Becuas e, Lighter colors reflect heat, &amp; darker colors absorb heat.",Does the answer mention specific experimental data?,0,train,c4
654,1220,"white ::  white would be best because it reflects more energy, the table shows that the average temp. after three trials for the white lid was 42 degrees celcius which is 11 dgrees cooler than the h ighest average(52 degrees celcius) or the black lid.",Does the answer mention specific experimental data?,1,train,c4
655,460,white :: White affects the dog house temperature becau se it has less heat obsorbing in it.,Does the answer specify which choice had the highest result?,0,train,c10
656,1479,"dark gray :: If Brandi and Jerry painted the doghouse dark gray, I think it would be just warm enough in the winter and just cool e nough in the summer, because dark gray has the medium-warm temperature on the chart about the colored lids.",Does the answer specify which choice had the highest result?,0,train,c10
657,1355,black ::  black would affect the doghouse because if it was to hot the dog wouldnt have know where to go but the doghouse the the dog house would be extremely hot,Does the answer specify which choice had the highest result?,0,train,c10
658,1503,"white :: usually a dog house is only used in the summe r so to keep the dog a little less cooler they should use a white paint. bc i learned that all the colors bounce off white and go somewhere else a long with their heat. but blck has all the colors so it obsorbs all color s and their heat. so white would be best in the table it shows that the average temput ure for a white house is 42(DEG)c. the average temputure for lightgray i s 45(DEG)c, the average temp. for dark gray is 48(DEG)c, and black's av erage temp. is 53(DEG)c. thats an 11(DEG)c difference. whitch could be very important.",Does the answer specify which choice had the highest result?,1,train,c10
659,281,"black :: if they painted the doghouse black, then it w ill be hotter inside the doghouse because the darker the color the more heat it will absorb. example: the black lid created the hottest air temperature in the jar.",Does the answer specify which choice had the highest result?,1,train,c10
660,961,dark gray ::  the color will effect the dog house because i f it is black it will be hotter because it atracts more heat but if its w hite then it will atracts less heat.,Does the answer specify which choice had the highest result?,0,train,c10
661,570,black :: Black would change the temperature of the dog house by making it warmer beacause black absorbs heat to most. With the black lid the temperture was 53(DEG)C. With the white lid the temperature was 42(DEG)C. There was 11(DEG)C difference.,Does the answer specify which choice had the highest result?,1,train,c10
662,332,"white ::  white will effect the dog house.first this wi ll effect it because white will make it cooler in the summer,because whit e doesnt absorb very much heat.",Does the answer specify which choice had the highest result?,0,train,c10
663,86,white :: the white is better for the dog house because it wont get to hot inside and not to cold.the hotest it would get in the house is 43 and the coldest it would get is 41,Does the answer specify which choice had the highest result?,0,train,c10
664,717,"white :: If you paint the dog house white, it will sta y nice and cool and won't get too hot because the data showed that when t he lid was white, the average temperature, 42(DEG)C, was colder than the others. When the lid was black the average temperature was highest, 53(DEG) C, which is 11(DEG) more than the white lid's average.",Does the answer specify which choice had the highest result?,1,val,c10
665,287,black :: The color might affect by since it is black i t will absorb more light energy which then makes the temputure higher so the inside will be warmer/hotter.,Does the answer specify which choice had the highest result?,0,train,c10
666,996,white :: because in the graph is says the average is 4 2 and thats why i picked white cause different chemical.,Does the answer specify which choice had the highest result?,0,train,c10
667,1045,white ::  reflect more heat to keep the inside cooler i n the sumer,Does the answer specify which choice had the highest result?,0,train,c10
668,1198,"black :: The black paint will make the dog house warme r for the dog because the black lid on the jar aborbed the most heat, wit h the highest average temperature (53(DEG)C).",Does the answer specify which choice had the highest result?,1,train,c10
669,676,black :: it will make the dog house really hot.,Does the answer specify which choice had the highest result?,0,train,c10
670,55,white :: The color white would be a great color to use in a doghouse because the inside of the doghouse would be cooler for the dog soo when its hot then it wont be to hot in its house. I say this bec ause the average temp of the color white is 42(DEG)C while the other 3 c olors are above this average temp.,Does the answer specify which choice had the highest result?,1,val,c10
671,944,"black :: The color black will affect the doghouse by m aking it a warmer environment for the dog. Plus if it is a cold winter, t he doghouse will help to keep the dog warmer. The data table shows that u sing the black lid color the air temperature was clearly around 12(DEG) higher then the white lid, about 10(DEG) higher in temperature than the light gray lid, and about 6(DEG) higher in temperature than the dark gray lid each trial. The average temperature was 53(DEG)C for the black lid, the average temperature for the dark gray lid was 48(DEG)C, the average tem perature for the light gray lid was 45(DEG)C, and the average temperatur e for the white lid was 42(DEG)C. It shows the black lid absorbs more he at to keep the doghouse warmer.",Does the answer specify which choice had the highest result?,1,train,c10
672,1487,dark gray ::  the darker the color the warmer it is inside. and if it was black it would be to hot and white or light gray would get to cold.,Does the answer specify which choice had the highest result?,0,train,c10
673,920,black :: Black will affect the dog house because when is sunny and bright the color will attract the heat and it will make it e ven hotter in the out side and the inside of the dog house,Does the answer specify which choice had the highest result?,0,val,c10
674,37,white :: white will keep the dog house nice and cool s ince according to there data the white lid kept the air in the jar cooles t.,Does the answer specify which choice had the highest result?,1,train,c10
675,916,white :: white will make the dog house cooler so its m ore comferable in hot weather.,Does the answer specify which choice had the highest result?,0,train,c10
676,7,"black ::  The color ""Black"" would be the best color for the roof of a dog house because according to the results from the experiment, the air temperature inside is higher compared to other co lors.",Does the answer specify which choice had the highest result?,1,train,c10
677,663,"black :: this would make the doghouse very hot and unc omfortable because, as shown in the expirament, black attracts heat bring ing more thermal energy to the dog house than other colors such as white.",Does the answer specify which choice had the highest result?,1,train,c10
678,183,black :: Black will affect the dog house by heating it up because black absorbes more energy.,Does the answer specify which choice had the highest result?,0,train,c10
679,694,black :: The color black might affect the dog house be cause black is the drakest color out of the's four colors.,Does the answer specify which choice had the highest result?,0,train,c10
680,641,"dark gray :: If Brandi and Jerry used the color dark gray for their doghouse that would be the best color because it would keep the doghouse warm and cool depending on the seasons. The color dark gray in the jar experiment had an average of 48(DEG)C. That makes the temp erature of the doghouse in general, not to hot and not to cool based on t he jar experiment.",Does the answer specify which choice had the highest result?,0,val,c10
681,913,white :: The color white does not absorb as much heat as a darker color and the doghouse wont get as hot.,Does the answer specify which choice had the highest result?,0,val,c10
682,955,white :: the color on the outside will either heat up or cool down the doghouse and since white was still warm but not too hot so white is the best color for the doghouse.,Does the answer specify which choice had the highest result?,0,train,c10
683,1461,"white :: White would be the best color. this is becaus e on average it had the lowest tempature inside, so it asorbed or blocked the most heat, it had an averge of 42 degrees while black had an average of 53 degrees",Does the answer specify which choice had the highest result?,1,train,c10
684,358,dark gray :: This will keep the dog warm but it wont get to hot or cold.,Does the answer specify which choice had the highest result?,0,train,c10
685,109,"white ::  The darker the color, the greatest increase i n temperature because darker colors absorb more energy. The white would keep the doghouse's roof cool on a very sunny day, since the light color doesnt absorb energy as fast as the dark colors.",Does the answer specify which choice had the highest result?,0,train,c10
686,1533,white ::  its obsorves less energy from the sun than al l the darker colors,Does the answer specify which choice had the highest result?,0,train,c10
687,53,white ::  If the color is a dark color then the tempera ture will increase more than if the color is a lighter shade. White was t he color that affected the temperature the least in the experiment and th at would be the best color for the doghouse's temperature.,Does the answer specify which choice had the highest result?,0,train,c10
688,865,"dark gray :: The dog house would not be too hot in the sum mer if you did a dark gray, also if you chose a light gray it could be co ld in the winter, so there for dark gray would be the best color.",Does the answer specify which choice had the highest result?,0,train,c10
689,1338,light gray ::  light gray is more as cooler than black or dark gray in the summer but black and dark gray will be warmer in the winter light gray or white. Meaning light gray is in the middle.,Does the answer specify which choice had the highest result?,0,train,c10
690,529,white :: so if it is hot out side and the dog wants to go in side the dog house then it will be cooler because the color of the dog house is white.,Does the answer specify which choice had the highest result?,0,train,c10
691,369,white :: it will make it cooler inside because the whi te coloer will deflect light from the house,Does the answer specify which choice had the highest result?,0,val,c10
692,141,"white :: This color will make the air in the doghouse less hot, so the dog will be a lot cooler while in the doghouse. I know t his because in the experiment the air is hottest with a black lid and coo lest with a white one. So if the sun is beating down on the doghouse, it will only reach about 42(DEG) C, instead of 45(DEG) C or higher.",Does the answer specify which choice had the highest result?,1,train,c10
693,1090,white :: white doesnt take in colors from the rainbow like black and other colors,Does the answer specify which choice had the highest result?,0,val,c10
694,823,dark gray :: It will take in heat in the winter and won't take as much in in the summer as black would.,Does the answer specify which choice had the highest result?,0,val,c10
695,682,"black :: The dark paint color is better because the gr eater the increase in air temprature in the doghouse ,becouse darker colo r absorbs more energy.",Does the answer specify which choice had the highest result?,1,train,c10
696,1077,white :: If they colored the doghouse white then it wi ll be cool inside and not so hot like it would be if it was black. Because when the jar lid was black the inside of the jar was 53(DEG)C an d when it was white the inside of the jar was 42(DEG)C,Does the answer specify which choice had the highest result?,1,val,c10
697,767,black :: Black is a dark color so it will absorb more heat and make the dog house a hot temperature.,Does the answer specify which choice had the highest result?,0,train,c10
698,306,"dark gray :: That color (dark gray) might affect the dog h ouse by absorbing heat cause it is a dark color,but not as dark black,so it won't absorb so munch heat.",Does the answer specify which choice had the highest result?,0,train,c10
699,465,black :: it wil heat the dog house up more than the ot her colors.,Does the answer specify which choice had the highest result?,0,train,c10
700,151,white :: The darker colors will absorb heat faster tha n lighter colors.,Does the answer specify which choice had the highest result?,0,train,c10
701,1368,"white :: If you paint the doghouse white, it will be c ooler inside than if you painted it black. Since black absorbs more energ y it will get hotter faster than if it was painted white.",Does the answer specify which choice had the highest result?,0,train,c10
702,569,black :: i think the color black will make the isnside of the dog house warm because it is a dark color.,Does the answer specify which choice had the highest result?,0,train,c10
703,669,"black :: black might affect the doghouse because its going to be dark,hot, and not cmfortable.",Does the answer specify which choice had the highest result?,0,train,c10
704,170,dark gray :: the dark gray will keep the inside of the dog house warm enough in the winter and not to hot during the summer. the dar k gray was an average of 48(DEG)C which is not as hot as the black lid w hich was an average of 53(DEG)C and not as cold as the light gray which was and average of 45(DEG)C.,Does the answer specify which choice had the highest result?,1,train,c10
705,624,white ::  Less heat in the dog house so there would be much more comfort for the dog.,Does the answer specify which choice had the highest result?,0,train,c10
706,809,"white :: It might not give it much light from the sun or any heat because darker colors attract more energy and light. Just lik e with the jars and the lamp. The jar with a black lid had the highest av erage, therefore proving that darker colors attract more energy.",Does the answer specify which choice had the highest result?,1,train,c10
707,296,white :: White will reduce the temperature in side the doghouse. In the experiment white had an average of 42(DEG)C while the other colors had higher temperature averages.,Does the answer specify which choice had the highest result?,0,train,c10
708,169,white ::  painting a dog house white will keep it coole r than other colors. in the experiment white had an average temp of 42(DEG) C while black had a 53(DEG)C average,Does the answer specify which choice had the highest result?,1,train,c10
709,872,"white ::  if the doghouse is painted white the air temp erature will be lower than light gray, dark gray, or black. the white lid jar had an average temperature of 42(DEG)C. the light gray lid had an a verage temperature of 45(DEG)C. the dark gray lid had an average tempera ture of 48(DEG)C. and the black lid had an average temperature of 53(DEG) C. therefor white will help make the inside of the doghouse cooler.",Does the answer specify which choice had the highest result?,1,val,c10
710,1463,"white ::  white would make the dog house less hot. the data table shows that the white paint kept the jar cooler than the other paint in trial 1,2, and 3.",Does the answer specify which choice had the highest result?,1,train,c10
711,1099,"light gray :: The doghouse should be light gray because tha t way the air temperature isn't to hot or to cold, it's just about in the middle.",Does the answer specify which choice had the highest result?,0,val,c10
712,252,"white :: The color white will keep the doghouse cool u nder sunlight, because in the expirement, the white color reflects sunlig ht, not absorbing it. so, the doghouse will be cooler",Does the answer specify which choice had the highest result?,0,train,c10
713,1454,black :: The color my affect the dog house because the dog might not be the same color as the house or the house will be to dar k because its black.,Does the answer specify which choice had the highest result?,0,train,c10
714,855,"black ::  The darker the color, the warmer it will be i nside of the doghouse becuase darker colors absorb more energy.",Does the answer specify which choice had the highest result?,0,train,c10
715,253,light gray ::  it would keep the dog house at a good temp. the entire year round.,Does the answer specify which choice had the highest result?,0,train,c10
716,566,white :: It Was The Coolest With the Temp. Of 42(DEG) C. It would Be To Hot To Use Black Which Was 53(DEG)C. Inside The Jar.,Does the answer specify which choice had the highest result?,1,train,c10
717,817,"dark gray :: This color would keep the temperature just ri ght. It wouldn't be too hot or to too cold. The average (DEG)C was 48(DEG) C, the lowest average wsa 42(DEG)C and the highest average was 53(DEG)C.",Does the answer specify which choice had the highest result?,0,train,c10
718,1191,white :: White would make it more comfortable for the dog and it would be warmer than black because the black absorbs more ener gy than light colors.,Does the answer specify which choice had the highest result?,0,train,c10
719,1103,"white :: you would probably want to choose white becua se that is the color that will keep it the coolest inside the dogouse, wh en the sun is shinning it is usually warm outside, and the dog will want to use it to cool off, not to get even more hot.",Does the answer specify which choice had the highest result?,0,train,c10
720,1580,"dark gray :: The best paint color for the doghouse would b e dark gray. In the experiment of the glass jar it had an average of 48(DEG) C and was the second highest temperature. The highest temperature was the black lid with 53(DEG)C. The difference of the highest temperature and second highest temperature was the 5(DEG)C. If using the dark gray paint color it would still absorb energy to keep the dogs warm, but yet be a bit coo l for them too.",Does the answer specify which choice had the highest result?,1,train,c10
721,291,dark gray :: I think dark gray is good because the t empeture is 48(DEG) and that's not hot so the dog is not going to be hot .And 48(DEG) is not cold either it's cool so the dog wont be cold or hot it'll be just right.But that's my opinion.,Does the answer specify which choice had the highest result?,0,train,c10
722,591,"white :: The color of the dog house being white wil ca use the doghouse to stay cooler under sunlight. This is beacuse the color white reflects the light away from the doghouse, and the light will not be absorbed and turned into heat energy inside the doghouse.",Does the answer specify which choice had the highest result?,0,train,c10
723,1532,white ::  if they used white for the color of the dog hous it would keep the inside of it cool because white reflects ligh t.,Does the answer specify which choice had the highest result?,0,train,c10
724,197,black ::  It will make the inside of the dog house cold or warm .,Does the answer specify which choice had the highest result?,0,train,c10
725,852,light gray :: This color should make the doghouse a nice co ol temperature cosistantly. I say this because in the data table light gr ay's average temp. was 45(DEG).,Does the answer specify which choice had the highest result?,0,train,c10
726,760,black :: The black doghouse would keep you warmer in t he winter but it would be really hot in the summer,Does the answer specify which choice had the highest result?,0,train,c10
727,1399,"light gray :: Using Light Gray would keep the tempurature a t an even or equal rate. If it was cold, it wouldn't keep it as warm, but not super cold either. If it was hot outside, the dog house would keep s orta cool, but not extremely hot either. The average of Black is a high a t 53 degrees. which is super hot. Then White would be too cold at an aver age temp at 42 degrees.",Does the answer specify which choice had the highest result?,1,train,c10
728,211,black :: black is a darker color so there forth it att racts heat which would cause th tempatuer to go up,Does the answer specify which choice had the highest result?,0,train,c10
729,1377,white :: it would keep the inside of the doghouse cool er,Does the answer specify which choice had the highest result?,0,train,c10
730,1206,"black ::  The black paint because it will absorb more light energy causing the inside of the dog house to be warmer, keeping the dog warm at night. The average temperature for the black lid was 53(DEG), while the white was 42(DEG). The black paint had the highest temperature out of all colors and was 11(DEG) higher than the white paint.",Does the answer specify which choice had the highest result?,1,train,c10
731,174,light gray :: IT will affect it because it will absorb less heat,Does the answer specify which choice had the highest result?,0,train,c10
732,710,"white :: the white color will attract less energy than the others, thus making the doghouse cooler",Does the answer specify which choice had the highest result?,0,train,c10
733,3,white :: I chose white for the color of paint for the dog house. White might affect the doghouse by keeping the inside cooler d uring the day. When the glass jar had a black lid the average temperature was 53(DEG)C. When the glass jar had a white lid after ten minutes the average temperature in the jar was only 42(DEG)C. This is a difference o f 11(DEG)C. White is the better choice for paint color on a doghouse bec ause it will keep a dog cool in the middle of the day.,Does the answer specify which choice had the highest result?,1,train,c10
734,1438,"black :: i chose the black color becasue that if the d og likes it hot then this would be the right becasue when they see what c olor would be the hotes and the trials number are 54(DEG), 52(DEG), 53(DEG) ((DEG)c) and the average temp. is 53(DEG)c if the dog likes it hot in there",Does the answer specify which choice had the highest result?,0,train,c10
735,1384,light gray :: light gray because it wont make the inside of the dog house to hot because the dog already has a large coat of fur and dark gray wont over heat the dog house.,Does the answer specify which choice had the highest result?,0,train,c10
736,748,"white :: Assuming that the location of the doghouse ha s a warm climate, the white paint color will be more likely to keep the t emperature of the air inside the doghouse at a cooler, or lower, temperat ure. This can be said because the white paint color, on average, made the air inside the glass jar a temperature of 42(DEG) C, compared to 53(DEG) C for black paint, 48(DEG) C for dark gray paint, and 45(DEG) C for light gr ay paint. It is vital that the doghouse maintains a low temperature so th at the dog, that stays inside the doghouse, doesn't overheat.",Does the answer specify which choice had the highest result?,1,train,c10
737,1113,black ::  if you use black paint then it will take in m ore heat because dark colors absorb more energy like they found out in th e lab hot lamp the black was at least 5(DEG)c hotter then all the other colors.,Does the answer specify which choice had the highest result?,1,train,c10
738,1484,"white :: The white paint should keep the inside temper ature of the doghouse cooler on a hot day, than say black paint for examp le. When comparing the average temperatures of all the lid colors the whi te lid kept the glass jar at a cooler temperature. On average about 6.6(DEG) C cooler, compared with the averages for the other lids. So, therefore white pa int is the better choice, especially if you are looking to keep the insid e of the dog house cool for your dog on a hot day.",Does the answer specify which choice had the highest result?,1,train,c10
739,312,black :: it would increase the temerature more than an y colors selected.,Does the answer specify which choice had the highest result?,1,train,c10
740,1491,black :: it will keep the dog house warmer because the black attracks heat,Does the answer specify which choice had the highest result?,0,train,c10
741,640,black :: it will effect it because the suns rays will heat it,Does the answer specify which choice had the highest result?,0,train,c10
742,959,"white ::  White because in the data it say that white had the lowest tempature with a average of 42(DEG)C. If the they painted it white, it would keep the dog house at a cooler tempature during hot sunny days.",Does the answer specify which choice had the highest result?,0,train,c10
743,186,black ::  The color black because it would be warm in t he doghouse. Since black absorbs more heat black would be best to keep th e dog warm rather than cold.,Does the answer specify which choice had the highest result?,0,train,c10
744,167,black :: The sun absorbs more energy in the color. Mak ing the inside of the doghouse hot &amp; warm.,Does the answer specify which choice had the highest result?,0,train,c10
745,1249,"white :: If you were to build a dog house you wouldn't want it to get to hot, so I would choose white. The average was 42(DEG) C, since it was the coolest of the jars I think it would be best for the dog house.",Does the answer specify which choice had the highest result?,0,val,c10
746,286,white :: because white is the the color that regects a ll light there for keeping the light rays from soaking in causing heat,Does the answer specify which choice had the highest result?,0,train,c10
747,791,"white ::  By painting the dog house white, it would make the inside of the doghouse cooler. This is proven because in each trial, white had the lowest temperature. For example, in the experiment, White's average tempurate was 42(DEG), compared to black's average, which was 53(DEG); a huge difference!",Does the answer specify which choice had the highest result?,1,train,c10
748,1020,"light gray ::  The color light gray would have to be the be st color to paint the doghouse. They wouldnt want to use black because si nce black is a dark color itll absorb more energy &amp; make the air temp erature rise high. So black wouldnt be a good color because they wouldnt want the dogs to get to hot. That is why i chose light gray because i thi nk its just righ to paint the doghouse. With light gray, the dogs wouldnt be to hot or too cold. They would be just right.",Does the answer specify which choice had the highest result?,0,train,c10
749,36,white :: i would say white because in the experiment t he darker the color the hotter it got. And with white being the lightest color the dog would not get as hot.,Does the answer specify which choice had the highest result?,0,train,c10
750,165,light gray :: light gray because it wouldn't be that hot in the summer time and in would not be that cold. becaue in the results the average for light grey was 45(DEG).and that in perfect tempature,Does the answer specify which choice had the highest result?,0,train,c10
751,438,black ::  The black lid will attract more heat to the d og house.,Does the answer specify which choice had the highest result?,0,train,c10
752,1634,"white :: by painting the doghouse white it would make the doghouse cooler inside than painting it black dark gray or light gray because in the data it shows that the average temperature of the air in the jar that had the white lid was 42(DEG)c , and the average temprature for the air inside the jar that had the black lid was 53(DEG)c. by painting the doghouse white there would be a difference in heat of 11(DEG)c t han painting the doghouse black. therefore painting the doghouse white would be the best choice of color to paint the doghouse because it would keep it the coolist temperature.",Does the answer specify which choice had the highest result?,1,train,c10
753,106,dark gray ::  the color affect the dog house because with dark gray the temperature is kept the same instead of varying from one temp to the other. Plus dog dont want it to be too cold in there dog house so i figured they want a temperature that will keep them warm and kinda chill,Does the answer specify which choice had the highest result?,0,val,c10
754,51,"white :: White would affect the inside of the doghouse becuase it is a light color so it will absorb less enrgy becuase the dar ker the color the more enrgy it will absorb. In teh data table from their experiment, black absorbed the most energy and white absorbed the least energy so that is why they should choose white for the doghouse",Does the answer specify which choice had the highest result?,1,val,c10
755,1537,black ::  i would chooose black for my dog's house brco use during the winters the dog house would need all the heat it could get so i would choose black. black is the best color to choose becouse in th e test it was an average of 11(DEG)c hotter!,Does the answer specify which choice had the highest result?,1,train,c10
756,1606,white :: the best color to choose would be white becau se on average white had the lowest temperature of all the colors meeaning the inside of the doghouse would be cooler,Does the answer specify which choice had the highest result?,0,train,c10
757,795,black :: will absord more energy,Does the answer specify which choice had the highest result?,0,train,c10
758,552,dark gray ::  Dark gray would be a good color to paint the doghouse because it's not too hot and it's not too cold. The average temperature would be 48(DEG) C. Just right.,Does the answer specify which choice had the highest result?,0,train,c10
759,2,white :: The color white is the best choice. It will keep the doghouse a cooler tempture. This is proven by the data gathered by the trials. According to the data the average air temperature of a black lid on a jar was 53(DEG) C. When the lid was changed the white the temperature droped to an average of 42(DEG) C. This proves that white would be a better temperature control factor.,Does the answer specify which choice had the highest result?,1,train,c10
760,1092,light gray ::  i chose light gray because the inside of the doghouse would be warm and the dogs fur would keep the dog warm in the wi nter.,Does the answer specify which choice had the highest result?,0,train,c10
761,260,"white ::  On a hot summer day, it's easy for dogs to ge t overheated, harming them and even killing them. Therefore, white is the best color of paint to use because the air inside of it only increases b y 18(DEG)C after ten minutes of exposure to light and heat. With black p aint, it increases by 29(DEG)C, which could definately be detrimental to a dogs health.",Does the answer specify which choice had the highest result?,1,train,c10
762,450,white ::  because the whit well not be as heated in the dog house unlike black because that welll heat the whole doghouse,Does the answer specify which choice had the highest result?,0,train,c10
763,459,white :: If the dark the color the hotter it gets why not choose white to keep the dog nice and cool in some ways.,Does the answer specify which choice had the highest result?,0,train,c10
764,1199,"white ::  White would be the best color for a dog house because according to this expiriment whit absorbs the most heat with an average temperature of 42(DEG)C compared to the black paint which had an average tempurature of 53.25(DEG)C, making the dog house a cooler place to live.",Does the answer specify which choice had the highest result?,1,train,c10
765,726,"white ::  It could get dirty, you could piant it over agia,and you could draw on the walls.",Does the answer specify which choice had the highest result?,0,train,c10
766,188,"white :: If the color of the doghouse is white, this w ill keep the house cool. According to the experiment, the black lid incre ased the air temperature by 29(DEG)C in 10 minutes, while the white lid only increased it by 18(DEG)C.",Does the answer specify which choice had the highest result?,1,train,c10
767,990,"white ::  Using white paint would make the doghouse col der than if they used black paint. As was shown by the table, the average temperature of the jar with a black lid was 53(DEG)C, while the average temperature of the jar with a white lid was 42(DEG)C. The jar with the black lid was 11(DEG)C warmer than the jar with the white lid. Thus, usi ng white paint would also make the doghouse colder than using black paint , and Brandi and Jerry should use white paint.",Does the answer specify which choice had the highest result?,1,train,c10
768,473,black ::  The color black absorbs all the colors of lig ht so the inside of the doghouse would be hot becase the color is absorbi ng and trapping the heat from the light.,Does the answer specify which choice had the highest result?,0,train,c10
769,1234,dark gray :: dark gray may attract more heat to the dog ho use but no as much as black.,Does the answer specify which choice had the highest result?,0,train,c10
770,803,"dark gray :: If they choose dark gray as the color for the doghouse, the temperature of doghouse would be neither too hot or too co ld for the dog. I chose dark gray because black would be too hot for dogs because they have furs but white would be too cold because even though t he dogs have furs, if the temperature is cold, thye will get cold. So i t hink dark gray is the best color to choose.",Does the answer specify which choice had the highest result?,0,train,c10
771,1017,"white :: using white paint would keep the temperature inside of the doghouse low on a sunny day. the average temperature of the white lid was 42(DEG)C and the average temperature of the blace lid was 53(DEG)C, the white lid was 11(DEG)C cooler then the jar with the blac k lid",Does the answer specify which choice had the highest result?,1,train,c10
772,1153,"black :: We can see from this expirement that darker colors absorb more heat. Knowing this information, for the dog to be more warm and comfortable inside his doghouse, Brandi and Jerry should paint the house Black.",Does the answer specify which choice had the highest result?,0,train,c10
773,336,"light gray :: Well ,I pick Light gray because I wouldnt wan t too much energy in my dogs house if i had to pick a color . Most dogs g oes in their house soo they can either cool off or to relax .",Does the answer specify which choice had the highest result?,0,train,c10
774,1423,light gray ::  it will keep it warm for those cold night an d keep it cool for those hot summer days.,Does the answer specify which choice had the highest result?,0,train,c10
775,57,dark gray ::  I think that they should paint the dog house black because it absorbs more sunlight and allow the house to be warmer. The black had the highest temperture that was 54 degrees and the white on e had 41 degrees.,Does the answer specify which choice had the highest result?,1,train,c10
776,289,"white ::  having this colour will effect the dog house because light colours reflect heat, so if you paint the house white, then there wont as much heat on the walls, making the doghouse cooler. this i s shown by the fact that in the jar experement, black had the hottest dat a and white had the coolest.",Does the answer specify which choice had the highest result?,1,train,c10
777,536,white :: White. Because the black attracts light so th en the dog house would heat up. th edark Gray is also like the black so t hat wont work either. The last decision was light gray or white so i pick ed white because that color doesnt attract light.,Does the answer specify which choice had the highest result?,0,train,c10
778,1421,white :: That will affect the doghouse becuase that wa y there wont be to much pressure in the dog house. Then the dog wil l be comfortable,Does the answer specify which choice had the highest result?,0,train,c10
779,975,white :: I would use a light color like White in this case because if its 95 degrees outside and you have a black dog house the dog house is going to be hot.Like in the experiment they used they used a black lid because it would make the jar the hotest.,Does the answer specify which choice had the highest result?,0,train,c10
780,858,"white ::  hite will keep the doghouse cooler inside bec uase white attracks less energy than black, dark grey, and light grey. th e white was the lowest average tempatue a 42(DEG)C",Does the answer specify which choice had the highest result?,0,train,c10
781,199,"black :: Black absorbs light. Just like with the jar l id when it was black, it absorbed the most. So if you colored the doghous e black it would increase the temperature inside it.",Does the answer specify which choice had the highest result?,1,train,c10
782,577,light gray ::  You dont want the dog to hot so make it so it will be cooler inside. It will be about 45(DEG)C,Does the answer specify which choice had the highest result?,0,train,c10
783,1535,white ::  white would not attract as much heat as the o ther darker colors,Does the answer specify which choice had the highest result?,0,train,c10
784,1396,"light gray ::  On hot sunny days the color of the house wouldn't absorb so much heat, So the house woldnt get so hot, But if it was a cold day the colors of the house could reflect the cold air, Becuas e, Lighter colors reflect heat, &amp; darker colors absorb heat.",Does the answer specify which choice had the highest result?,0,train,c10
785,1220,"white ::  white would be best because it reflects more energy, the table shows that the average temp. after three trials for the white lid was 42 degrees celcius which is 11 dgrees cooler than the h ighest average(52 degrees celcius) or the black lid.",Does the answer specify which choice had the highest result?,1,train,c10
786,460,white :: White affects the dog house temperature becau se it has less heat obsorbing in it.,Does the answer choose a color?,1,train,c0
787,1479,"dark gray :: If Brandi and Jerry painted the doghouse dark gray, I think it would be just warm enough in the winter and just cool e nough in the summer, because dark gray has the medium-warm temperature on the chart about the colored lids.",Does the answer choose a color?,1,train,c0
788,1355,black ::  black would affect the doghouse because if it was to hot the dog wouldnt have know where to go but the doghouse the the dog house would be extremely hot,Does the answer choose a color?,1,train,c0
789,1503,"white :: usually a dog house is only used in the summe r so to keep the dog a little less cooler they should use a white paint. bc i learned that all the colors bounce off white and go somewhere else a long with their heat. but blck has all the colors so it obsorbs all color s and their heat. so white would be best in the table it shows that the average temput ure for a white house is 42(DEG)c. the average temputure for lightgray i s 45(DEG)c, the average temp. for dark gray is 48(DEG)c, and black's av erage temp. is 53(DEG)c. thats an 11(DEG)c difference. whitch could be very important.",Does the answer choose a color?,1,train,c0
790,281,"black :: if they painted the doghouse black, then it w ill be hotter inside the doghouse because the darker the color the more heat it will absorb. example: the black lid created the hottest air temperature in the jar.",Does the answer choose a color?,1,train,c0
791,961,dark gray ::  the color will effect the dog house because i f it is black it will be hotter because it atracts more heat but if its w hite then it will atracts less heat.,Does the answer choose a color?,1,train,c0
792,570,black :: Black would change the temperature of the dog house by making it warmer beacause black absorbs heat to most. With the black lid the temperture was 53(DEG)C. With the white lid the temperature was 42(DEG)C. There was 11(DEG)C difference.,Does the answer choose a color?,1,train,c0
793,332,"white ::  white will effect the dog house.first this wi ll effect it because white will make it cooler in the summer,because whit e doesnt absorb very much heat.",Does the answer choose a color?,1,train,c0
794,86,white :: the white is better for the dog house because it wont get to hot inside and not to cold.the hotest it would get in the house is 43 and the coldest it would get is 41,Does the answer choose a color?,1,train,c0
795,717,"white :: If you paint the dog house white, it will sta y nice and cool and won't get too hot because the data showed that when t he lid was white, the average temperature, 42(DEG)C, was colder than the others. When the lid was black the average temperature was highest, 53(DEG) C, which is 11(DEG) more than the white lid's average.",Does the answer choose a color?,1,val,c0
796,287,black :: The color might affect by since it is black i t will absorb more light energy which then makes the temputure higher so the inside will be warmer/hotter.,Does the answer choose a color?,1,train,c0
797,996,white :: because in the graph is says the average is 4 2 and thats why i picked white cause different chemical.,Does the answer choose a color?,1,train,c0
798,1045,white ::  reflect more heat to keep the inside cooler i n the sumer,Does the answer choose a color?,1,train,c0
799,1198,"black :: The black paint will make the dog house warme r for the dog because the black lid on the jar aborbed the most heat, wit h the highest average temperature (53(DEG)C).",Does the answer choose a color?,1,train,c0
800,676,black :: it will make the dog house really hot.,Does the answer choose a color?,1,train,c0
801,55,white :: The color white would be a great color to use in a doghouse because the inside of the doghouse would be cooler for the dog soo when its hot then it wont be to hot in its house. I say this bec ause the average temp of the color white is 42(DEG)C while the other 3 c olors are above this average temp.,Does the answer choose a color?,1,val,c0
802,944,"black :: The color black will affect the doghouse by m aking it a warmer environment for the dog. Plus if it is a cold winter, t he doghouse will help to keep the dog warmer. The data table shows that u sing the black lid color the air temperature was clearly around 12(DEG) higher then the white lid, about 10(DEG) higher in temperature than the light gray lid, and about 6(DEG) higher in temperature than the dark gray lid each trial. The average temperature was 53(DEG)C for the black lid, the average temperature for the dark gray lid was 48(DEG)C, the average tem perature for the light gray lid was 45(DEG)C, and the average temperatur e for the white lid was 42(DEG)C. It shows the black lid absorbs more he at to keep the doghouse warmer.",Does the answer choose a color?,1,train,c0
803,1487,dark gray ::  the darker the color the warmer it is inside. and if it was black it would be to hot and white or light gray would get to cold.,Does the answer choose a color?,1,train,c0
804,920,black :: Black will affect the dog house because when is sunny and bright the color will attract the heat and it will make it e ven hotter in the out side and the inside of the dog house,Does the answer choose a color?,1,val,c0
805,37,white :: white will keep the dog house nice and cool s ince according to there data the white lid kept the air in the jar cooles t.,Does the answer choose a color?,1,train,c0
806,916,white :: white will make the dog house cooler so its m ore comferable in hot weather.,Does the answer choose a color?,1,train,c0
807,7,"black ::  The color ""Black"" would be the best color for the roof of a dog house because according to the results from the experiment, the air temperature inside is higher compared to other co lors.",Does the answer choose a color?,1,train,c0
808,663,"black :: this would make the doghouse very hot and unc omfortable because, as shown in the expirament, black attracts heat bring ing more thermal energy to the dog house than other colors such as white.",Does the answer choose a color?,1,train,c0
809,183,black :: Black will affect the dog house by heating it up because black absorbes more energy.,Does the answer choose a color?,1,train,c0
810,694,black :: The color black might affect the dog house be cause black is the drakest color out of the's four colors.,Does the answer choose a color?,1,train,c0
811,641,"dark gray :: If Brandi and Jerry used the color dark gray for their doghouse that would be the best color because it would keep the doghouse warm and cool depending on the seasons. The color dark gray in the jar experiment had an average of 48(DEG)C. That makes the temp erature of the doghouse in general, not to hot and not to cool based on t he jar experiment.",Does the answer choose a color?,1,val,c0
812,913,white :: The color white does not absorb as much heat as a darker color and the doghouse wont get as hot.,Does the answer choose a color?,1,val,c0
813,955,white :: the color on the outside will either heat up or cool down the doghouse and since white was still warm but not too hot so white is the best color for the doghouse.,Does the answer choose a color?,1,train,c0
814,1461,"white :: White would be the best color. this is becaus e on average it had the lowest tempature inside, so it asorbed or blocked the most heat, it had an averge of 42 degrees while black had an average of 53 degrees",Does the answer choose a color?,1,train,c0
815,358,dark gray :: This will keep the dog warm but it wont get to hot or cold.,Does the answer choose a color?,1,train,c0
816,109,"white ::  The darker the color, the greatest increase i n temperature because darker colors absorb more energy. The white would keep the doghouse's roof cool on a very sunny day, since the light color doesnt absorb energy as fast as the dark colors.",Does the answer choose a color?,1,train,c0
817,1533,white ::  its obsorves less energy from the sun than al l the darker colors,Does the answer choose a color?,1,train,c0
818,53,white ::  If the color is a dark color then the tempera ture will increase more than if the color is a lighter shade. White was t he color that affected the temperature the least in the experiment and th at would be the best color for the doghouse's temperature.,Does the answer choose a color?,1,train,c0
819,865,"dark gray :: The dog house would not be too hot in the sum mer if you did a dark gray, also if you chose a light gray it could be co ld in the winter, so there for dark gray would be the best color.",Does the answer choose a color?,1,train,c0
820,1338,light gray ::  light gray is more as cooler than black or dark gray in the summer but black and dark gray will be warmer in the winter light gray or white. Meaning light gray is in the middle.,Does the answer choose a color?,1,train,c0
821,529,white :: so if it is hot out side and the dog wants to go in side the dog house then it will be cooler because the color of the dog house is white.,Does the answer choose a color?,1,train,c0
822,369,white :: it will make it cooler inside because the whi te coloer will deflect light from the house,Does the answer choose a color?,1,val,c0
823,141,"white :: This color will make the air in the doghouse less hot, so the dog will be a lot cooler while in the doghouse. I know t his because in the experiment the air is hottest with a black lid and coo lest with a white one. So if the sun is beating down on the doghouse, it will only reach about 42(DEG) C, instead of 45(DEG) C or higher.",Does the answer choose a color?,1,train,c0
824,1090,white :: white doesnt take in colors from the rainbow like black and other colors,Does the answer choose a color?,1,val,c0
825,823,dark gray :: It will take in heat in the winter and won't take as much in in the summer as black would.,Does the answer choose a color?,1,val,c0
826,682,"black :: The dark paint color is better because the gr eater the increase in air temprature in the doghouse ,becouse darker colo r absorbs more energy.",Does the answer choose a color?,1,train,c0
827,1077,white :: If they colored the doghouse white then it wi ll be cool inside and not so hot like it would be if it was black. Because when the jar lid was black the inside of the jar was 53(DEG)C an d when it was white the inside of the jar was 42(DEG)C,Does the answer choose a color?,1,val,c0
828,767,black :: Black is a dark color so it will absorb more heat and make the dog house a hot temperature.,Does the answer choose a color?,1,train,c0
829,306,"dark gray :: That color (dark gray) might affect the dog h ouse by absorbing heat cause it is a dark color,but not as dark black,so it won't absorb so munch heat.",Does the answer choose a color?,1,train,c0
830,465,black :: it wil heat the dog house up more than the ot her colors.,Does the answer choose a color?,1,train,c0
831,151,white :: The darker colors will absorb heat faster tha n lighter colors.,Does the answer choose a color?,1,train,c0
832,1368,"white :: If you paint the doghouse white, it will be c ooler inside than if you painted it black. Since black absorbs more energ y it will get hotter faster than if it was painted white.",Does the answer choose a color?,1,train,c0
833,569,black :: i think the color black will make the isnside of the dog house warm because it is a dark color.,Does the answer choose a color?,1,train,c0
834,669,"black :: black might affect the doghouse because its going to be dark,hot, and not cmfortable.",Does the answer choose a color?,1,train,c0
835,170,dark gray :: the dark gray will keep the inside of the dog house warm enough in the winter and not to hot during the summer. the dar k gray was an average of 48(DEG)C which is not as hot as the black lid w hich was an average of 53(DEG)C and not as cold as the light gray which was and average of 45(DEG)C.,Does the answer choose a color?,1,train,c0
836,624,white ::  Less heat in the dog house so there would be much more comfort for the dog.,Does the answer choose a color?,1,train,c0
837,809,"white :: It might not give it much light from the sun or any heat because darker colors attract more energy and light. Just lik e with the jars and the lamp. The jar with a black lid had the highest av erage, therefore proving that darker colors attract more energy.",Does the answer choose a color?,1,train,c0
838,296,white :: White will reduce the temperature in side the doghouse. In the experiment white had an average of 42(DEG)C while the other colors had higher temperature averages.,Does the answer choose a color?,1,train,c0
839,169,white ::  painting a dog house white will keep it coole r than other colors. in the experiment white had an average temp of 42(DEG) C while black had a 53(DEG)C average,Does the answer choose a color?,1,train,c0
840,872,"white ::  if the doghouse is painted white the air temp erature will be lower than light gray, dark gray, or black. the white lid jar had an average temperature of 42(DEG)C. the light gray lid had an a verage temperature of 45(DEG)C. the dark gray lid had an average tempera ture of 48(DEG)C. and the black lid had an average temperature of 53(DEG) C. therefor white will help make the inside of the doghouse cooler.",Does the answer choose a color?,1,val,c0
841,1463,"white ::  white would make the dog house less hot. the data table shows that the white paint kept the jar cooler than the other paint in trial 1,2, and 3.",Does the answer choose a color?,1,train,c0
842,1099,"light gray :: The doghouse should be light gray because tha t way the air temperature isn't to hot or to cold, it's just about in the middle.",Does the answer choose a color?,1,val,c0
843,252,"white :: The color white will keep the doghouse cool u nder sunlight, because in the expirement, the white color reflects sunlig ht, not absorbing it. so, the doghouse will be cooler",Does the answer choose a color?,1,train,c0
844,1454,black :: The color my affect the dog house because the dog might not be the same color as the house or the house will be to dar k because its black.,Does the answer choose a color?,1,train,c0
845,855,"black ::  The darker the color, the warmer it will be i nside of the doghouse becuase darker colors absorb more energy.",Does the answer choose a color?,1,train,c0
846,253,light gray ::  it would keep the dog house at a good temp. the entire year round.,Does the answer choose a color?,1,train,c0
847,566,white :: It Was The Coolest With the Temp. Of 42(DEG) C. It would Be To Hot To Use Black Which Was 53(DEG)C. Inside The Jar.,Does the answer choose a color?,1,train,c0
848,817,"dark gray :: This color would keep the temperature just ri ght. It wouldn't be too hot or to too cold. The average (DEG)C was 48(DEG) C, the lowest average wsa 42(DEG)C and the highest average was 53(DEG)C.",Does the answer choose a color?,1,train,c0
849,1191,white :: White would make it more comfortable for the dog and it would be warmer than black because the black absorbs more ener gy than light colors.,Does the answer choose a color?,1,train,c0
850,1103,"white :: you would probably want to choose white becua se that is the color that will keep it the coolest inside the dogouse, wh en the sun is shinning it is usually warm outside, and the dog will want to use it to cool off, not to get even more hot.",Does the answer choose a color?,1,train,c0
851,1580,"dark gray :: The best paint color for the doghouse would b e dark gray. In the experiment of the glass jar it had an average of 48(DEG) C and was the second highest temperature. The highest temperature was the black lid with 53(DEG)C. The difference of the highest temperature and second highest temperature was the 5(DEG)C. If using the dark gray paint color it would still absorb energy to keep the dogs warm, but yet be a bit coo l for them too.",Does the answer choose a color?,1,train,c0
852,291,dark gray :: I think dark gray is good because the t empeture is 48(DEG) and that's not hot so the dog is not going to be hot .And 48(DEG) is not cold either it's cool so the dog wont be cold or hot it'll be just right.But that's my opinion.,Does the answer choose a color?,1,train,c0
853,591,"white :: The color of the dog house being white wil ca use the doghouse to stay cooler under sunlight. This is beacuse the color white reflects the light away from the doghouse, and the light will not be absorbed and turned into heat energy inside the doghouse.",Does the answer choose a color?,1,train,c0
854,1532,white ::  if they used white for the color of the dog hous it would keep the inside of it cool because white reflects ligh t.,Does the answer choose a color?,1,train,c0
855,197,black ::  It will make the inside of the dog house cold or warm .,Does the answer choose a color?,1,train,c0
856,852,light gray :: This color should make the doghouse a nice co ol temperature cosistantly. I say this because in the data table light gr ay's average temp. was 45(DEG).,Does the answer choose a color?,1,train,c0
857,760,black :: The black doghouse would keep you warmer in t he winter but it would be really hot in the summer,Does the answer choose a color?,1,train,c0
858,1399,"light gray :: Using Light Gray would keep the tempurature a t an even or equal rate. If it was cold, it wouldn't keep it as warm, but not super cold either. If it was hot outside, the dog house would keep s orta cool, but not extremely hot either. The average of Black is a high a t 53 degrees. which is super hot. Then White would be too cold at an aver age temp at 42 degrees.",Does the answer choose a color?,1,train,c0
859,211,black :: black is a darker color so there forth it att racts heat which would cause th tempatuer to go up,Does the answer choose a color?,1,train,c0
860,1377,white :: it would keep the inside of the doghouse cool er,Does the answer choose a color?,1,train,c0
861,1206,"black ::  The black paint because it will absorb more light energy causing the inside of the dog house to be warmer, keeping the dog warm at night. The average temperature for the black lid was 53(DEG), while the white was 42(DEG). The black paint had the highest temperature out of all colors and was 11(DEG) higher than the white paint.",Does the answer choose a color?,1,train,c0
862,174,light gray :: IT will affect it because it will absorb less heat,Does the answer choose a color?,1,train,c0
863,710,"white :: the white color will attract less energy than the others, thus making the doghouse cooler",Does the answer choose a color?,1,train,c0
864,3,white :: I chose white for the color of paint for the dog house. White might affect the doghouse by keeping the inside cooler d uring the day. When the glass jar had a black lid the average temperature was 53(DEG)C. When the glass jar had a white lid after ten minutes the average temperature in the jar was only 42(DEG)C. This is a difference o f 11(DEG)C. White is the better choice for paint color on a doghouse bec ause it will keep a dog cool in the middle of the day.,Does the answer choose a color?,1,train,c0
865,1438,"black :: i chose the black color becasue that if the d og likes it hot then this would be the right becasue when they see what c olor would be the hotes and the trials number are 54(DEG), 52(DEG), 53(DEG) ((DEG)c) and the average temp. is 53(DEG)c if the dog likes it hot in there",Does the answer choose a color?,1,train,c0
866,1384,light gray :: light gray because it wont make the inside of the dog house to hot because the dog already has a large coat of fur and dark gray wont over heat the dog house.,Does the answer choose a color?,1,train,c0
867,748,"white :: Assuming that the location of the doghouse ha s a warm climate, the white paint color will be more likely to keep the t emperature of the air inside the doghouse at a cooler, or lower, temperat ure. This can be said because the white paint color, on average, made the air inside the glass jar a temperature of 42(DEG) C, compared to 53(DEG) C for black paint, 48(DEG) C for dark gray paint, and 45(DEG) C for light gr ay paint. It is vital that the doghouse maintains a low temperature so th at the dog, that stays inside the doghouse, doesn't overheat.",Does the answer choose a color?,1,train,c0
868,1113,black ::  if you use black paint then it will take in m ore heat because dark colors absorb more energy like they found out in th e lab hot lamp the black was at least 5(DEG)c hotter then all the other colors.,Does the answer choose a color?,1,train,c0
869,1484,"white :: The white paint should keep the inside temper ature of the doghouse cooler on a hot day, than say black paint for examp le. When comparing the average temperatures of all the lid colors the whi te lid kept the glass jar at a cooler temperature. On average about 6.6(DEG) C cooler, compared with the averages for the other lids. So, therefore white pa int is the better choice, especially if you are looking to keep the insid e of the dog house cool for your dog on a hot day.",Does the answer choose a color?,1,train,c0
870,312,black :: it would increase the temerature more than an y colors selected.,Does the answer choose a color?,1,train,c0
871,1491,black :: it will keep the dog house warmer because the black attracks heat,Does the answer choose a color?,1,train,c0
872,640,black :: it will effect it because the suns rays will heat it,Does the answer choose a color?,1,train,c0
873,959,"white ::  White because in the data it say that white had the lowest tempature with a average of 42(DEG)C. If the they painted it white, it would keep the dog house at a cooler tempature during hot sunny days.",Does the answer choose a color?,1,train,c0
874,186,black ::  The color black because it would be warm in t he doghouse. Since black absorbs more heat black would be best to keep th e dog warm rather than cold.,Does the answer choose a color?,1,train,c0
875,167,black :: The sun absorbs more energy in the color. Mak ing the inside of the doghouse hot &amp; warm.,Does the answer choose a color?,1,train,c0
876,1249,"white :: If you were to build a dog house you wouldn't want it to get to hot, so I would choose white. The average was 42(DEG) C, since it was the coolest of the jars I think it would be best for the dog house.",Does the answer choose a color?,1,val,c0
877,286,white :: because white is the the color that regects a ll light there for keeping the light rays from soaking in causing heat,Does the answer choose a color?,1,train,c0
878,791,"white ::  By painting the dog house white, it would make the inside of the doghouse cooler. This is proven because in each trial, white had the lowest temperature. For example, in the experiment, White's average tempurate was 42(DEG), compared to black's average, which was 53(DEG); a huge difference!",Does the answer choose a color?,1,train,c0
879,1020,"light gray ::  The color light gray would have to be the be st color to paint the doghouse. They wouldnt want to use black because si nce black is a dark color itll absorb more energy &amp; make the air temp erature rise high. So black wouldnt be a good color because they wouldnt want the dogs to get to hot. That is why i chose light gray because i thi nk its just righ to paint the doghouse. With light gray, the dogs wouldnt be to hot or too cold. They would be just right.",Does the answer choose a color?,1,train,c0
880,36,white :: i would say white because in the experiment t he darker the color the hotter it got. And with white being the lightest color the dog would not get as hot.,Does the answer choose a color?,1,train,c0
881,165,light gray :: light gray because it wouldn't be that hot in the summer time and in would not be that cold. becaue in the results the average for light grey was 45(DEG).and that in perfect tempature,Does the answer choose a color?,1,train,c0
882,438,black ::  The black lid will attract more heat to the d og house.,Does the answer choose a color?,1,train,c0
883,1634,"white :: by painting the doghouse white it would make the doghouse cooler inside than painting it black dark gray or light gray because in the data it shows that the average temperature of the air in the jar that had the white lid was 42(DEG)c , and the average temprature for the air inside the jar that had the black lid was 53(DEG)c. by painting the doghouse white there would be a difference in heat of 11(DEG)c t han painting the doghouse black. therefore painting the doghouse white would be the best choice of color to paint the doghouse because it would keep it the coolist temperature.",Does the answer choose a color?,1,train,c0
884,106,dark gray ::  the color affect the dog house because with dark gray the temperature is kept the same instead of varying from one temp to the other. Plus dog dont want it to be too cold in there dog house so i figured they want a temperature that will keep them warm and kinda chill,Does the answer choose a color?,1,val,c0
885,51,"white :: White would affect the inside of the doghouse becuase it is a light color so it will absorb less enrgy becuase the dar ker the color the more enrgy it will absorb. In teh data table from their experiment, black absorbed the most energy and white absorbed the least energy so that is why they should choose white for the doghouse",Does the answer choose a color?,1,val,c0
886,1537,black ::  i would chooose black for my dog's house brco use during the winters the dog house would need all the heat it could get so i would choose black. black is the best color to choose becouse in th e test it was an average of 11(DEG)c hotter!,Does the answer choose a color?,1,train,c0
887,1606,white :: the best color to choose would be white becau se on average white had the lowest temperature of all the colors meeaning the inside of the doghouse would be cooler,Does the answer choose a color?,1,train,c0
888,795,black :: will absord more energy,Does the answer choose a color?,1,train,c0
889,552,dark gray ::  Dark gray would be a good color to paint the doghouse because it's not too hot and it's not too cold. The average temperature would be 48(DEG) C. Just right.,Does the answer choose a color?,1,train,c0
890,2,white :: The color white is the best choice. It will keep the doghouse a cooler tempture. This is proven by the data gathered by the trials. According to the data the average air temperature of a black lid on a jar was 53(DEG) C. When the lid was changed the white the temperature droped to an average of 42(DEG) C. This proves that white would be a better temperature control factor.,Does the answer choose a color?,1,train,c0
891,1092,light gray ::  i chose light gray because the inside of the doghouse would be warm and the dogs fur would keep the dog warm in the wi nter.,Does the answer choose a color?,1,train,c0
892,260,"white ::  On a hot summer day, it's easy for dogs to ge t overheated, harming them and even killing them. Therefore, white is the best color of paint to use because the air inside of it only increases b y 18(DEG)C after ten minutes of exposure to light and heat. With black p aint, it increases by 29(DEG)C, which could definately be detrimental to a dogs health.",Does the answer choose a color?,1,train,c0
893,450,white ::  because the whit well not be as heated in the dog house unlike black because that welll heat the whole doghouse,Does the answer choose a color?,1,train,c0
894,459,white :: If the dark the color the hotter it gets why not choose white to keep the dog nice and cool in some ways.,Does the answer choose a color?,1,train,c0
895,1199,"white ::  White would be the best color for a dog house because according to this expiriment whit absorbs the most heat with an average temperature of 42(DEG)C compared to the black paint which had an average tempurature of 53.25(DEG)C, making the dog house a cooler place to live.",Does the answer choose a color?,1,train,c0
896,726,"white ::  It could get dirty, you could piant it over agia,and you could draw on the walls.",Does the answer choose a color?,1,train,c0
897,188,"white :: If the color of the doghouse is white, this w ill keep the house cool. According to the experiment, the black lid incre ased the air temperature by 29(DEG)C in 10 minutes, while the white lid only increased it by 18(DEG)C.",Does the answer choose a color?,1,train,c0
898,990,"white ::  Using white paint would make the doghouse col der than if they used black paint. As was shown by the table, the average temperature of the jar with a black lid was 53(DEG)C, while the average temperature of the jar with a white lid was 42(DEG)C. The jar with the black lid was 11(DEG)C warmer than the jar with the white lid. Thus, usi ng white paint would also make the doghouse colder than using black paint , and Brandi and Jerry should use white paint.",Does the answer choose a color?,1,train,c0
899,473,black ::  The color black absorbs all the colors of lig ht so the inside of the doghouse would be hot becase the color is absorbi ng and trapping the heat from the light.,Does the answer choose a color?,1,train,c0
900,1234,dark gray :: dark gray may attract more heat to the dog ho use but no as much as black.,Does the answer choose a color?,1,train,c0
901,803,"dark gray :: If they choose dark gray as the color for the doghouse, the temperature of doghouse would be neither too hot or too co ld for the dog. I chose dark gray because black would be too hot for dogs because they have furs but white would be too cold because even though t he dogs have furs, if the temperature is cold, thye will get cold. So i t hink dark gray is the best color to choose.",Does the answer choose a color?,1,train,c0
902,1017,"white :: using white paint would keep the temperature inside of the doghouse low on a sunny day. the average temperature of the white lid was 42(DEG)C and the average temperature of the blace lid was 53(DEG)C, the white lid was 11(DEG)C cooler then the jar with the blac k lid",Does the answer choose a color?,1,train,c0
903,1153,"black :: We can see from this expirement that darker colors absorb more heat. Knowing this information, for the dog to be more warm and comfortable inside his doghouse, Brandi and Jerry should paint the house Black.",Does the answer choose a color?,1,train,c0
904,336,"light gray :: Well ,I pick Light gray because I wouldnt wan t too much energy in my dogs house if i had to pick a color . Most dogs g oes in their house soo they can either cool off or to relax .",Does the answer choose a color?,1,train,c0
905,1423,light gray ::  it will keep it warm for those cold night an d keep it cool for those hot summer days.,Does the answer choose a color?,1,train,c0
906,57,dark gray ::  I think that they should paint the dog house black because it absorbs more sunlight and allow the house to be warmer. The black had the highest temperture that was 54 degrees and the white on e had 41 degrees.,Does the answer choose a color?,1,train,c0
907,289,"white ::  having this colour will effect the dog house because light colours reflect heat, so if you paint the house white, then there wont as much heat on the walls, making the doghouse cooler. this i s shown by the fact that in the jar experement, black had the hottest dat a and white had the coolest.",Does the answer choose a color?,1,train,c0
908,536,white :: White. Because the black attracts light so th en the dog house would heat up. th edark Gray is also like the black so t hat wont work either. The last decision was light gray or white so i pick ed white because that color doesnt attract light.,Does the answer choose a color?,1,train,c0
909,1421,white :: That will affect the doghouse becuase that wa y there wont be to much pressure in the dog house. Then the dog wil l be comfortable,Does the answer choose a color?,1,train,c0
910,975,white :: I would use a light color like White in this case because if its 95 degrees outside and you have a black dog house the dog house is going to be hot.Like in the experiment they used they used a black lid because it would make the jar the hotest.,Does the answer choose a color?,1,train,c0
911,858,"white ::  hite will keep the doghouse cooler inside bec uase white attracks less energy than black, dark grey, and light grey. th e white was the lowest average tempatue a 42(DEG)C",Does the answer choose a color?,1,train,c0
912,199,"black :: Black absorbs light. Just like with the jar l id when it was black, it absorbed the most. So if you colored the doghous e black it would increase the temperature inside it.",Does the answer choose a color?,1,train,c0
913,577,light gray ::  You dont want the dog to hot so make it so it will be cooler inside. It will be about 45(DEG)C,Does the answer choose a color?,1,train,c0
914,1535,white ::  white would not attract as much heat as the o ther darker colors,Does the answer choose a color?,1,train,c0
915,1396,"light gray ::  On hot sunny days the color of the house wouldn't absorb so much heat, So the house woldnt get so hot, But if it was a cold day the colors of the house could reflect the cold air, Becuas e, Lighter colors reflect heat, &amp; darker colors absorb heat.",Does the answer choose a color?,1,train,c0
916,1220,"white ::  white would be best because it reflects more energy, the table shows that the average temp. after three trials for the white lid was 42 degrees celcius which is 11 dgrees cooler than the h ighest average(52 degrees celcius) or the black lid.",Does the answer choose a color?,1,train,c0
917,460,white :: White affects the dog house temperature becau se it has less heat obsorbing in it.,Does the answer describe the effect on the inside of the doghouse?,0,train,c3
918,1479,"dark gray :: If Brandi and Jerry painted the doghouse dark gray, I think it would be just warm enough in the winter and just cool e nough in the summer, because dark gray has the medium-warm temperature on the chart about the colored lids.",Does the answer describe the effect on the inside of the doghouse?,1,train,c3
919,1355,black ::  black would affect the doghouse because if it was to hot the dog wouldnt have know where to go but the doghouse the the dog house would be extremely hot,Does the answer describe the effect on the inside of the doghouse?,0,train,c3
920,1503,"white :: usually a dog house is only used in the summe r so to keep the dog a little less cooler they should use a white paint. bc i learned that all the colors bounce off white and go somewhere else a long with their heat. but blck has all the colors so it obsorbs all color s and their heat. so white would be best in the table it shows that the average temput ure for a white house is 42(DEG)c. the average temputure for lightgray i s 45(DEG)c, the average temp. for dark gray is 48(DEG)c, and black's av erage temp. is 53(DEG)c. thats an 11(DEG)c difference. whitch could be very important.",Does the answer describe the effect on the inside of the doghouse?,1,train,c3
921,281,"black :: if they painted the doghouse black, then it w ill be hotter inside the doghouse because the darker the color the more heat it will absorb. example: the black lid created the hottest air temperature in the jar.",Does the answer describe the effect on the inside of the doghouse?,1,train,c3
922,961,dark gray ::  the color will effect the dog house because i f it is black it will be hotter because it atracts more heat but if its w hite then it will atracts less heat.,Does the answer describe the effect on the inside of the doghouse?,0,train,c3
923,570,black :: Black would change the temperature of the dog house by making it warmer beacause black absorbs heat to most. With the black lid the temperture was 53(DEG)C. With the white lid the temperature was 42(DEG)C. There was 11(DEG)C difference.,Does the answer describe the effect on the inside of the doghouse?,1,train,c3
924,332,"white ::  white will effect the dog house.first this wi ll effect it because white will make it cooler in the summer,because whit e doesnt absorb very much heat.",Does the answer describe the effect on the inside of the doghouse?,1,train,c3
925,86,white :: the white is better for the dog house because it wont get to hot inside and not to cold.the hotest it would get in the house is 43 and the coldest it would get is 41,Does the answer describe the effect on the inside of the doghouse?,1,train,c3
926,717,"white :: If you paint the dog house white, it will sta y nice and cool and won't get too hot because the data showed that when t he lid was white, the average temperature, 42(DEG)C, was colder than the others. When the lid was black the average temperature was highest, 53(DEG) C, which is 11(DEG) more than the white lid's average.",Does the answer describe the effect on the inside of the doghouse?,1,val,c3
927,287,black :: The color might affect by since it is black i t will absorb more light energy which then makes the temputure higher so the inside will be warmer/hotter.,Does the answer describe the effect on the inside of the doghouse?,1,train,c3
928,996,white :: because in the graph is says the average is 4 2 and thats why i picked white cause different chemical.,Does the answer describe the effect on the inside of the doghouse?,0,train,c3
929,1045,white ::  reflect more heat to keep the inside cooler i n the sumer,Does the answer describe the effect on the inside of the doghouse?,1,train,c3
930,1198,"black :: The black paint will make the dog house warme r for the dog because the black lid on the jar aborbed the most heat, wit h the highest average temperature (53(DEG)C).",Does the answer describe the effect on the inside of the doghouse?,1,train,c3
931,676,black :: it will make the dog house really hot.,Does the answer describe the effect on the inside of the doghouse?,1,train,c3
932,55,white :: The color white would be a great color to use in a doghouse because the inside of the doghouse would be cooler for the dog soo when its hot then it wont be to hot in its house. I say this bec ause the average temp of the color white is 42(DEG)C while the other 3 c olors are above this average temp.,Does the answer describe the effect on the inside of the doghouse?,1,val,c3
933,944,"black :: The color black will affect the doghouse by m aking it a warmer environment for the dog. Plus if it is a cold winter, t he doghouse will help to keep the dog warmer. The data table shows that u sing the black lid color the air temperature was clearly around 12(DEG) higher then the white lid, about 10(DEG) higher in temperature than the light gray lid, and about 6(DEG) higher in temperature than the dark gray lid each trial. The average temperature was 53(DEG)C for the black lid, the average temperature for the dark gray lid was 48(DEG)C, the average tem perature for the light gray lid was 45(DEG)C, and the average temperatur e for the white lid was 42(DEG)C. It shows the black lid absorbs more he at to keep the doghouse warmer.",Does the answer describe the effect on the inside of the doghouse?,1,train,c3
934,1487,dark gray ::  the darker the color the warmer it is inside. and if it was black it would be to hot and white or light gray would get to cold.,Does the answer describe the effect on the inside of the doghouse?,1,train,c3
935,920,black :: Black will affect the dog house because when is sunny and bright the color will attract the heat and it will make it e ven hotter in the out side and the inside of the dog house,Does the answer describe the effect on the inside of the doghouse?,1,val,c3
936,37,white :: white will keep the dog house nice and cool s ince according to there data the white lid kept the air in the jar cooles t.,Does the answer describe the effect on the inside of the doghouse?,1,train,c3
937,916,white :: white will make the dog house cooler so its m ore comferable in hot weather.,Does the answer describe the effect on the inside of the doghouse?,1,train,c3
938,7,"black ::  The color ""Black"" would be the best color for the roof of a dog house because according to the results from the experiment, the air temperature inside is higher compared to other co lors.",Does the answer describe the effect on the inside of the doghouse?,0,train,c3
939,663,"black :: this would make the doghouse very hot and unc omfortable because, as shown in the expirament, black attracts heat bring ing more thermal energy to the dog house than other colors such as white.",Does the answer describe the effect on the inside of the doghouse?,1,train,c3
940,183,black :: Black will affect the dog house by heating it up because black absorbes more energy.,Does the answer describe the effect on the inside of the doghouse?,1,train,c3
941,694,black :: The color black might affect the dog house be cause black is the drakest color out of the's four colors.,Does the answer describe the effect on the inside of the doghouse?,0,train,c3
942,641,"dark gray :: If Brandi and Jerry used the color dark gray for their doghouse that would be the best color because it would keep the doghouse warm and cool depending on the seasons. The color dark gray in the jar experiment had an average of 48(DEG)C. That makes the temp erature of the doghouse in general, not to hot and not to cool based on t he jar experiment.",Does the answer describe the effect on the inside of the doghouse?,1,val,c3
943,913,white :: The color white does not absorb as much heat as a darker color and the doghouse wont get as hot.,Does the answer describe the effect on the inside of the doghouse?,0,val,c3
944,955,white :: the color on the outside will either heat up or cool down the doghouse and since white was still warm but not too hot so white is the best color for the doghouse.,Does the answer describe the effect on the inside of the doghouse?,0,train,c3
945,1461,"white :: White would be the best color. this is becaus e on average it had the lowest tempature inside, so it asorbed or blocked the most heat, it had an averge of 42 degrees while black had an average of 53 degrees",Does the answer describe the effect on the inside of the doghouse?,1,train,c3
946,358,dark gray :: This will keep the dog warm but it wont get to hot or cold.,Does the answer describe the effect on the inside of the doghouse?,1,train,c3
947,109,"white ::  The darker the color, the greatest increase i n temperature because darker colors absorb more energy. The white would keep the doghouse's roof cool on a very sunny day, since the light color doesnt absorb energy as fast as the dark colors.",Does the answer describe the effect on the inside of the doghouse?,1,train,c3
948,1533,white ::  its obsorves less energy from the sun than al l the darker colors,Does the answer describe the effect on the inside of the doghouse?,0,train,c3
949,53,white ::  If the color is a dark color then the tempera ture will increase more than if the color is a lighter shade. White was t he color that affected the temperature the least in the experiment and th at would be the best color for the doghouse's temperature.,Does the answer describe the effect on the inside of the doghouse?,1,train,c3
950,865,"dark gray :: The dog house would not be too hot in the sum mer if you did a dark gray, also if you chose a light gray it could be co ld in the winter, so there for dark gray would be the best color.",Does the answer describe the effect on the inside of the doghouse?,1,train,c3
951,1338,light gray ::  light gray is more as cooler than black or dark gray in the summer but black and dark gray will be warmer in the winter light gray or white. Meaning light gray is in the middle.,Does the answer describe the effect on the inside of the doghouse?,0,train,c3
952,529,white :: so if it is hot out side and the dog wants to go in side the dog house then it will be cooler because the color of the dog house is white.,Does the answer describe the effect on the inside of the doghouse?,1,train,c3
953,369,white :: it will make it cooler inside because the whi te coloer will deflect light from the house,Does the answer describe the effect on the inside of the doghouse?,1,val,c3
954,141,"white :: This color will make the air in the doghouse less hot, so the dog will be a lot cooler while in the doghouse. I know t his because in the experiment the air is hottest with a black lid and coo lest with a white one. So if the sun is beating down on the doghouse, it will only reach about 42(DEG) C, instead of 45(DEG) C or higher.",Does the answer describe the effect on the inside of the doghouse?,1,train,c3
955,1090,white :: white doesnt take in colors from the rainbow like black and other colors,Does the answer describe the effect on the inside of the doghouse?,0,val,c3
956,823,dark gray :: It will take in heat in the winter and won't take as much in in the summer as black would.,Does the answer describe the effect on the inside of the doghouse?,1,val,c3
957,682,"black :: The dark paint color is better because the gr eater the increase in air temprature in the doghouse ,becouse darker colo r absorbs more energy.",Does the answer describe the effect on the inside of the doghouse?,0,train,c3
958,1077,white :: If they colored the doghouse white then it wi ll be cool inside and not so hot like it would be if it was black. Because when the jar lid was black the inside of the jar was 53(DEG)C an d when it was white the inside of the jar was 42(DEG)C,Does the answer describe the effect on the inside of the doghouse?,1,val,c3
959,767,black :: Black is a dark color so it will absorb more heat and make the dog house a hot temperature.,Does the answer describe the effect on the inside of the doghouse?,1,train,c3
960,306,"dark gray :: That color (dark gray) might affect the dog h ouse by absorbing heat cause it is a dark color,but not as dark black,so it won't absorb so munch heat.",Does the answer describe the effect on the inside of the doghouse?,1,train,c3
961,465,black :: it wil heat the dog house up more than the ot her colors.,Does the answer describe the effect on the inside of the doghouse?,0,train,c3
962,151,white :: The darker colors will absorb heat faster tha n lighter colors.,Does the answer describe the effect on the inside of the doghouse?,0,train,c3
963,1368,"white :: If you paint the doghouse white, it will be c ooler inside than if you painted it black. Since black absorbs more energ y it will get hotter faster than if it was painted white.",Does the answer describe the effect on the inside of the doghouse?,1,train,c3
964,569,black :: i think the color black will make the isnside of the dog house warm because it is a dark color.,Does the answer describe the effect on the inside of the doghouse?,1,train,c3
965,669,"black :: black might affect the doghouse because its going to be dark,hot, and not cmfortable.",Does the answer describe the effect on the inside of the doghouse?,1,train,c3
966,170,dark gray :: the dark gray will keep the inside of the dog house warm enough in the winter and not to hot during the summer. the dar k gray was an average of 48(DEG)C which is not as hot as the black lid w hich was an average of 53(DEG)C and not as cold as the light gray which was and average of 45(DEG)C.,Does the answer describe the effect on the inside of the doghouse?,1,train,c3
967,624,white ::  Less heat in the dog house so there would be much more comfort for the dog.,Does the answer describe the effect on the inside of the doghouse?,1,train,c3
968,809,"white :: It might not give it much light from the sun or any heat because darker colors attract more energy and light. Just lik e with the jars and the lamp. The jar with a black lid had the highest av erage, therefore proving that darker colors attract more energy.",Does the answer describe the effect on the inside of the doghouse?,1,train,c3
969,296,white :: White will reduce the temperature in side the doghouse. In the experiment white had an average of 42(DEG)C while the other colors had higher temperature averages.,Does the answer describe the effect on the inside of the doghouse?,1,train,c3
970,169,white ::  painting a dog house white will keep it coole r than other colors. in the experiment white had an average temp of 42(DEG) C while black had a 53(DEG)C average,Does the answer describe the effect on the inside of the doghouse?,0,train,c3
971,872,"white ::  if the doghouse is painted white the air temp erature will be lower than light gray, dark gray, or black. the white lid jar had an average temperature of 42(DEG)C. the light gray lid had an a verage temperature of 45(DEG)C. the dark gray lid had an average tempera ture of 48(DEG)C. and the black lid had an average temperature of 53(DEG) C. therefor white will help make the inside of the doghouse cooler.",Does the answer describe the effect on the inside of the doghouse?,1,val,c3
972,1463,"white ::  white would make the dog house less hot. the data table shows that the white paint kept the jar cooler than the other paint in trial 1,2, and 3.",Does the answer describe the effect on the inside of the doghouse?,0,train,c3
973,1099,"light gray :: The doghouse should be light gray because tha t way the air temperature isn't to hot or to cold, it's just about in the middle.",Does the answer describe the effect on the inside of the doghouse?,1,val,c3
974,252,"white :: The color white will keep the doghouse cool u nder sunlight, because in the expirement, the white color reflects sunlig ht, not absorbing it. so, the doghouse will be cooler",Does the answer describe the effect on the inside of the doghouse?,1,train,c3
975,1454,black :: The color my affect the dog house because the dog might not be the same color as the house or the house will be to dar k because its black.,Does the answer describe the effect on the inside of the doghouse?,0,train,c3
976,855,"black ::  The darker the color, the warmer it will be i nside of the doghouse becuase darker colors absorb more energy.",Does the answer describe the effect on the inside of the doghouse?,1,train,c3
977,253,light gray ::  it would keep the dog house at a good temp. the entire year round.,Does the answer describe the effect on the inside of the doghouse?,0,train,c3
978,566,white :: It Was The Coolest With the Temp. Of 42(DEG) C. It would Be To Hot To Use Black Which Was 53(DEG)C. Inside The Jar.,Does the answer describe the effect on the inside of the doghouse?,0,train,c3
979,817,"dark gray :: This color would keep the temperature just ri ght. It wouldn't be too hot or to too cold. The average (DEG)C was 48(DEG) C, the lowest average wsa 42(DEG)C and the highest average was 53(DEG)C.",Does the answer describe the effect on the inside of the doghouse?,1,train,c3
980,1191,white :: White would make it more comfortable for the dog and it would be warmer than black because the black absorbs more ener gy than light colors.,Does the answer describe the effect on the inside of the doghouse?,1,train,c3
981,1103,"white :: you would probably want to choose white becua se that is the color that will keep it the coolest inside the dogouse, wh en the sun is shinning it is usually warm outside, and the dog will want to use it to cool off, not to get even more hot.",Does the answer describe the effect on the inside of the doghouse?,1,train,c3
982,1580,"dark gray :: The best paint color for the doghouse would b e dark gray. In the experiment of the glass jar it had an average of 48(DEG) C and was the second highest temperature. The highest temperature was the black lid with 53(DEG)C. The difference of the highest temperature and second highest temperature was the 5(DEG)C. If using the dark gray paint color it would still absorb energy to keep the dogs warm, but yet be a bit coo l for them too.",Does the answer describe the effect on the inside of the doghouse?,1,train,c3
983,291,dark gray :: I think dark gray is good because the t empeture is 48(DEG) and that's not hot so the dog is not going to be hot .And 48(DEG) is not cold either it's cool so the dog wont be cold or hot it'll be just right.But that's my opinion.,Does the answer describe the effect on the inside of the doghouse?,1,train,c3
984,591,"white :: The color of the dog house being white wil ca use the doghouse to stay cooler under sunlight. This is beacuse the color white reflects the light away from the doghouse, and the light will not be absorbed and turned into heat energy inside the doghouse.",Does the answer describe the effect on the inside of the doghouse?,1,train,c3
985,1532,white ::  if they used white for the color of the dog hous it would keep the inside of it cool because white reflects ligh t.,Does the answer describe the effect on the inside of the doghouse?,1,train,c3
986,197,black ::  It will make the inside of the dog house cold or warm .,Does the answer describe the effect on the inside of the doghouse?,0,train,c3
987,852,light gray :: This color should make the doghouse a nice co ol temperature cosistantly. I say this because in the data table light gr ay's average temp. was 45(DEG).,Does the answer describe the effect on the inside of the doghouse?,0,train,c3
988,760,black :: The black doghouse would keep you warmer in t he winter but it would be really hot in the summer,Does the answer describe the effect on the inside of the doghouse?,1,train,c3
989,1399,"light gray :: Using Light Gray would keep the tempurature a t an even or equal rate. If it was cold, it wouldn't keep it as warm, but not super cold either. If it was hot outside, the dog house would keep s orta cool, but not extremely hot either. The average of Black is a high a t 53 degrees. which is super hot. Then White would be too cold at an aver age temp at 42 degrees.",Does the answer describe the effect on the inside of the doghouse?,1,train,c3
990,211,black :: black is a darker color so there forth it att racts heat which would cause th tempatuer to go up,Does the answer describe the effect on the inside of the doghouse?,1,train,c3
991,1377,white :: it would keep the inside of the doghouse cool er,Does the answer describe the effect on the inside of the doghouse?,1,train,c3
992,1206,"black ::  The black paint because it will absorb more light energy causing the inside of the dog house to be warmer, keeping the dog warm at night. The average temperature for the black lid was 53(DEG), while the white was 42(DEG). The black paint had the highest temperature out of all colors and was 11(DEG) higher than the white paint.",Does the answer describe the effect on the inside of the doghouse?,1,train,c3
993,174,light gray :: IT will affect it because it will absorb less heat,Does the answer describe the effect on the inside of the doghouse?,0,train,c3
994,710,"white :: the white color will attract less energy than the others, thus making the doghouse cooler",Does the answer describe the effect on the inside of the doghouse?,1,train,c3
995,3,white :: I chose white for the color of paint for the dog house. White might affect the doghouse by keeping the inside cooler d uring the day. When the glass jar had a black lid the average temperature was 53(DEG)C. When the glass jar had a white lid after ten minutes the average temperature in the jar was only 42(DEG)C. This is a difference o f 11(DEG)C. White is the better choice for paint color on a doghouse bec ause it will keep a dog cool in the middle of the day.,Does the answer describe the effect on the inside of the doghouse?,1,train,c3
996,1438,"black :: i chose the black color becasue that if the d og likes it hot then this would be the right becasue when they see what c olor would be the hotes and the trials number are 54(DEG), 52(DEG), 53(DEG) ((DEG)c) and the average temp. is 53(DEG)c if the dog likes it hot in there",Does the answer describe the effect on the inside of the doghouse?,0,train,c3
997,1384,light gray :: light gray because it wont make the inside of the dog house to hot because the dog already has a large coat of fur and dark gray wont over heat the dog house.,Does the answer describe the effect on the inside of the doghouse?,1,train,c3
998,748,"white :: Assuming that the location of the doghouse ha s a warm climate, the white paint color will be more likely to keep the t emperature of the air inside the doghouse at a cooler, or lower, temperat ure. This can be said because the white paint color, on average, made the air inside the glass jar a temperature of 42(DEG) C, compared to 53(DEG) C for black paint, 48(DEG) C for dark gray paint, and 45(DEG) C for light gr ay paint. It is vital that the doghouse maintains a low temperature so th at the dog, that stays inside the doghouse, doesn't overheat.",Does the answer describe the effect on the inside of the doghouse?,1,train,c3
999,1113,black ::  if you use black paint then it will take in m ore heat because dark colors absorb more energy like they found out in th e lab hot lamp the black was at least 5(DEG)c hotter then all the other colors.,Does the answer describe the effect on the inside of the doghouse?,0,train,c3
1000,1484,"white :: The white paint should keep the inside temper ature of the doghouse cooler on a hot day, than say black paint for examp le. When comparing the average temperatures of all the lid colors the whi te lid kept the glass jar at a cooler temperature. On average about 6.6(DEG) C cooler, compared with the averages for the other lids. So, therefore white pa int is the better choice, especially if you are looking to keep the insid e of the dog house cool for your dog on a hot day.",Does the answer describe the effect on the inside of the doghouse?,1,train,c3
1001,312,black :: it would increase the temerature more than an y colors selected.,Does the answer describe the effect on the inside of the doghouse?,0,train,c3
1002,1491,black :: it will keep the dog house warmer because the black attracks heat,Does the answer describe the effect on the inside of the doghouse?,1,train,c3
1003,640,black :: it will effect it because the suns rays will heat it,Does the answer describe the effect on the inside of the doghouse?,0,train,c3
1004,959,"white ::  White because in the data it say that white had the lowest tempature with a average of 42(DEG)C. If the they painted it white, it would keep the dog house at a cooler tempature during hot sunny days.",Does the answer describe the effect on the inside of the doghouse?,1,train,c3
1005,186,black ::  The color black because it would be warm in t he doghouse. Since black absorbs more heat black would be best to keep th e dog warm rather than cold.,Does the answer describe the effect on the inside of the doghouse?,1,train,c3
1006,167,black :: The sun absorbs more energy in the color. Mak ing the inside of the doghouse hot &amp; warm.,Does the answer describe the effect on the inside of the doghouse?,1,train,c3
1007,1249,"white :: If you were to build a dog house you wouldn't want it to get to hot, so I would choose white. The average was 42(DEG) C, since it was the coolest of the jars I think it would be best for the dog house.",Does the answer describe the effect on the inside of the doghouse?,0,val,c3
1008,286,white :: because white is the the color that regects a ll light there for keeping the light rays from soaking in causing heat,Does the answer describe the effect on the inside of the doghouse?,1,train,c3
1009,791,"white ::  By painting the dog house white, it would make the inside of the doghouse cooler. This is proven because in each trial, white had the lowest temperature. For example, in the experiment, White's average tempurate was 42(DEG), compared to black's average, which was 53(DEG); a huge difference!",Does the answer describe the effect on the inside of the doghouse?,1,train,c3
1010,1020,"light gray ::  The color light gray would have to be the be st color to paint the doghouse. They wouldnt want to use black because si nce black is a dark color itll absorb more energy &amp; make the air temp erature rise high. So black wouldnt be a good color because they wouldnt want the dogs to get to hot. That is why i chose light gray because i thi nk its just righ to paint the doghouse. With light gray, the dogs wouldnt be to hot or too cold. They would be just right.",Does the answer describe the effect on the inside of the doghouse?,1,train,c3
1011,36,white :: i would say white because in the experiment t he darker the color the hotter it got. And with white being the lightest color the dog would not get as hot.,Does the answer describe the effect on the inside of the doghouse?,0,train,c3
1012,165,light gray :: light gray because it wouldn't be that hot in the summer time and in would not be that cold. becaue in the results the average for light grey was 45(DEG).and that in perfect tempature,Does the answer describe the effect on the inside of the doghouse?,1,train,c3
1013,438,black ::  The black lid will attract more heat to the d og house.,Does the answer describe the effect on the inside of the doghouse?,0,train,c3
1014,1634,"white :: by painting the doghouse white it would make the doghouse cooler inside than painting it black dark gray or light gray because in the data it shows that the average temperature of the air in the jar that had the white lid was 42(DEG)c , and the average temprature for the air inside the jar that had the black lid was 53(DEG)c. by painting the doghouse white there would be a difference in heat of 11(DEG)c t han painting the doghouse black. therefore painting the doghouse white would be the best choice of color to paint the doghouse because it would keep it the coolist temperature.",Does the answer describe the effect on the inside of the doghouse?,1,train,c3
1015,106,dark gray ::  the color affect the dog house because with dark gray the temperature is kept the same instead of varying from one temp to the other. Plus dog dont want it to be too cold in there dog house so i figured they want a temperature that will keep them warm and kinda chill,Does the answer describe the effect on the inside of the doghouse?,1,val,c3
1016,51,"white :: White would affect the inside of the doghouse becuase it is a light color so it will absorb less enrgy becuase the dar ker the color the more enrgy it will absorb. In teh data table from their experiment, black absorbed the most energy and white absorbed the least energy so that is why they should choose white for the doghouse",Does the answer describe the effect on the inside of the doghouse?,1,val,c3
1017,1537,black ::  i would chooose black for my dog's house brco use during the winters the dog house would need all the heat it could get so i would choose black. black is the best color to choose becouse in th e test it was an average of 11(DEG)c hotter!,Does the answer describe the effect on the inside of the doghouse?,1,train,c3
1018,1606,white :: the best color to choose would be white becau se on average white had the lowest temperature of all the colors meeaning the inside of the doghouse would be cooler,Does the answer describe the effect on the inside of the doghouse?,1,train,c3
1019,795,black :: will absord more energy,Does the answer describe the effect on the inside of the doghouse?,0,train,c3
1020,552,dark gray ::  Dark gray would be a good color to paint the doghouse because it's not too hot and it's not too cold. The average temperature would be 48(DEG) C. Just right.,Does the answer describe the effect on the inside of the doghouse?,1,train,c3
1021,2,white :: The color white is the best choice. It will keep the doghouse a cooler tempture. This is proven by the data gathered by the trials. According to the data the average air temperature of a black lid on a jar was 53(DEG) C. When the lid was changed the white the temperature droped to an average of 42(DEG) C. This proves that white would be a better temperature control factor.,Does the answer describe the effect on the inside of the doghouse?,1,train,c3
1022,1092,light gray ::  i chose light gray because the inside of the doghouse would be warm and the dogs fur would keep the dog warm in the wi nter.,Does the answer describe the effect on the inside of the doghouse?,1,train,c3
1023,260,"white ::  On a hot summer day, it's easy for dogs to ge t overheated, harming them and even killing them. Therefore, white is the best color of paint to use because the air inside of it only increases b y 18(DEG)C after ten minutes of exposure to light and heat. With black p aint, it increases by 29(DEG)C, which could definately be detrimental to a dogs health.",Does the answer describe the effect on the inside of the doghouse?,1,train,c3
1024,450,white ::  because the whit well not be as heated in the dog house unlike black because that welll heat the whole doghouse,Does the answer describe the effect on the inside of the doghouse?,0,train,c3
1025,459,white :: If the dark the color the hotter it gets why not choose white to keep the dog nice and cool in some ways.,Does the answer describe the effect on the inside of the doghouse?,1,train,c3
1026,1199,"white ::  White would be the best color for a dog house because according to this expiriment whit absorbs the most heat with an average temperature of 42(DEG)C compared to the black paint which had an average tempurature of 53.25(DEG)C, making the dog house a cooler place to live.",Does the answer describe the effect on the inside of the doghouse?,1,train,c3
1027,726,"white ::  It could get dirty, you could piant it over agia,and you could draw on the walls.",Does the answer describe the effect on the inside of the doghouse?,0,train,c3
1028,188,"white :: If the color of the doghouse is white, this w ill keep the house cool. According to the experiment, the black lid incre ased the air temperature by 29(DEG)C in 10 minutes, while the white lid only increased it by 18(DEG)C.",Does the answer describe the effect on the inside of the doghouse?,1,train,c3
1029,990,"white ::  Using white paint would make the doghouse col der than if they used black paint. As was shown by the table, the average temperature of the jar with a black lid was 53(DEG)C, while the average temperature of the jar with a white lid was 42(DEG)C. The jar with the black lid was 11(DEG)C warmer than the jar with the white lid. Thus, usi ng white paint would also make the doghouse colder than using black paint , and Brandi and Jerry should use white paint.",Does the answer describe the effect on the inside of the doghouse?,1,train,c3
1030,473,black ::  The color black absorbs all the colors of lig ht so the inside of the doghouse would be hot becase the color is absorbi ng and trapping the heat from the light.,Does the answer describe the effect on the inside of the doghouse?,1,train,c3
1031,1234,dark gray :: dark gray may attract more heat to the dog ho use but no as much as black.,Does the answer describe the effect on the inside of the doghouse?,0,train,c3
1032,803,"dark gray :: If they choose dark gray as the color for the doghouse, the temperature of doghouse would be neither too hot or too co ld for the dog. I chose dark gray because black would be too hot for dogs because they have furs but white would be too cold because even though t he dogs have furs, if the temperature is cold, thye will get cold. So i t hink dark gray is the best color to choose.",Does the answer describe the effect on the inside of the doghouse?,1,train,c3
1033,1017,"white :: using white paint would keep the temperature inside of the doghouse low on a sunny day. the average temperature of the white lid was 42(DEG)C and the average temperature of the blace lid was 53(DEG)C, the white lid was 11(DEG)C cooler then the jar with the blac k lid",Does the answer describe the effect on the inside of the doghouse?,1,train,c3
1034,1153,"black :: We can see from this expirement that darker colors absorb more heat. Knowing this information, for the dog to be more warm and comfortable inside his doghouse, Brandi and Jerry should paint the house Black.",Does the answer describe the effect on the inside of the doghouse?,1,train,c3
1035,336,"light gray :: Well ,I pick Light gray because I wouldnt wan t too much energy in my dogs house if i had to pick a color . Most dogs g oes in their house soo they can either cool off or to relax .",Does the answer describe the effect on the inside of the doghouse?,1,train,c3
1036,1423,light gray ::  it will keep it warm for those cold night an d keep it cool for those hot summer days.,Does the answer describe the effect on the inside of the doghouse?,1,train,c3
1037,57,dark gray ::  I think that they should paint the dog house black because it absorbs more sunlight and allow the house to be warmer. The black had the highest temperture that was 54 degrees and the white on e had 41 degrees.,Does the answer describe the effect on the inside of the doghouse?,1,train,c3
1038,289,"white ::  having this colour will effect the dog house because light colours reflect heat, so if you paint the house white, then there wont as much heat on the walls, making the doghouse cooler. this i s shown by the fact that in the jar experement, black had the hottest dat a and white had the coolest.",Does the answer describe the effect on the inside of the doghouse?,1,train,c3
1039,536,white :: White. Because the black attracts light so th en the dog house would heat up. th edark Gray is also like the black so t hat wont work either. The last decision was light gray or white so i pick ed white because that color doesnt attract light.,Does the answer describe the effect on the inside of the doghouse?,1,train,c3
1040,1421,white :: That will affect the doghouse becuase that wa y there wont be to much pressure in the dog house. Then the dog wil l be comfortable,Does the answer describe the effect on the inside of the doghouse?,1,train,c3
1041,975,white :: I would use a light color like White in this case because if its 95 degrees outside and you have a black dog house the dog house is going to be hot.Like in the experiment they used they used a black lid because it would make the jar the hotest.,Does the answer describe the effect on the inside of the doghouse?,0,train,c3
1042,858,"white ::  hite will keep the doghouse cooler inside bec uase white attracks less energy than black, dark grey, and light grey. th e white was the lowest average tempatue a 42(DEG)C",Does the answer describe the effect on the inside of the doghouse?,1,train,c3
1043,199,"black :: Black absorbs light. Just like with the jar l id when it was black, it absorbed the most. So if you colored the doghous e black it would increase the temperature inside it.",Does the answer describe the effect on the inside of the doghouse?,1,train,c3
1044,577,light gray ::  You dont want the dog to hot so make it so it will be cooler inside. It will be about 45(DEG)C,Does the answer describe the effect on the inside of the doghouse?,1,train,c3
1045,1535,white ::  white would not attract as much heat as the o ther darker colors,Does the answer describe the effect on the inside of the doghouse?,0,train,c3
1046,1396,"light gray ::  On hot sunny days the color of the house wouldn't absorb so much heat, So the house woldnt get so hot, But if it was a cold day the colors of the house could reflect the cold air, Becuas e, Lighter colors reflect heat, &amp; darker colors absorb heat.",Does the answer describe the effect on the inside of the doghouse?,1,train,c3
1047,1220,"white ::  white would be best because it reflects more energy, the table shows that the average temp. after three trials for the white lid was 42 degrees celcius which is 11 dgrees cooler than the h ighest average(52 degrees celcius) or the black lid.",Does the answer describe the effect on the inside of the doghouse?,1,train,c3
1048,460,white :: White affects the dog house temperature becau se it has less heat obsorbing in it.,Does the answer demonstrate understanding of the topic?,0,train,c8
1049,1479,"dark gray :: If Brandi and Jerry painted the doghouse dark gray, I think it would be just warm enough in the winter and just cool e nough in the summer, because dark gray has the medium-warm temperature on the chart about the colored lids.",Does the answer demonstrate understanding of the topic?,1,train,c8
1050,1355,black ::  black would affect the doghouse because if it was to hot the dog wouldnt have know where to go but the doghouse the the dog house would be extremely hot,Does the answer demonstrate understanding of the topic?,0,train,c8
1051,1503,"white :: usually a dog house is only used in the summe r so to keep the dog a little less cooler they should use a white paint. bc i learned that all the colors bounce off white and go somewhere else a long with their heat. but blck has all the colors so it obsorbs all color s and their heat. so white would be best in the table it shows that the average temput ure for a white house is 42(DEG)c. the average temputure for lightgray i s 45(DEG)c, the average temp. for dark gray is 48(DEG)c, and black's av erage temp. is 53(DEG)c. thats an 11(DEG)c difference. whitch could be very important.",Does the answer demonstrate understanding of the topic?,1,train,c8
1052,281,"black :: if they painted the doghouse black, then it w ill be hotter inside the doghouse because the darker the color the more heat it will absorb. example: the black lid created the hottest air temperature in the jar.",Does the answer demonstrate understanding of the topic?,1,train,c8
1053,961,dark gray ::  the color will effect the dog house because i f it is black it will be hotter because it atracts more heat but if its w hite then it will atracts less heat.,Does the answer demonstrate understanding of the topic?,0,train,c8
1054,570,black :: Black would change the temperature of the dog house by making it warmer beacause black absorbs heat to most. With the black lid the temperture was 53(DEG)C. With the white lid the temperature was 42(DEG)C. There was 11(DEG)C difference.,Does the answer demonstrate understanding of the topic?,1,train,c8
1055,332,"white ::  white will effect the dog house.first this wi ll effect it because white will make it cooler in the summer,because whit e doesnt absorb very much heat.",Does the answer demonstrate understanding of the topic?,1,train,c8
1056,86,white :: the white is better for the dog house because it wont get to hot inside and not to cold.the hotest it would get in the house is 43 and the coldest it would get is 41,Does the answer demonstrate understanding of the topic?,1,train,c8
1057,717,"white :: If you paint the dog house white, it will sta y nice and cool and won't get too hot because the data showed that when t he lid was white, the average temperature, 42(DEG)C, was colder than the others. When the lid was black the average temperature was highest, 53(DEG) C, which is 11(DEG) more than the white lid's average.",Does the answer demonstrate understanding of the topic?,1,val,c8
1058,287,black :: The color might affect by since it is black i t will absorb more light energy which then makes the temputure higher so the inside will be warmer/hotter.,Does the answer demonstrate understanding of the topic?,1,train,c8
1059,996,white :: because in the graph is says the average is 4 2 and thats why i picked white cause different chemical.,Does the answer demonstrate understanding of the topic?,0,train,c8
1060,1045,white ::  reflect more heat to keep the inside cooler i n the sumer,Does the answer demonstrate understanding of the topic?,1,train,c8
1061,1198,"black :: The black paint will make the dog house warme r for the dog because the black lid on the jar aborbed the most heat, wit h the highest average temperature (53(DEG)C).",Does the answer demonstrate understanding of the topic?,1,train,c8
1062,676,black :: it will make the dog house really hot.,Does the answer demonstrate understanding of the topic?,0,train,c8
1063,55,white :: The color white would be a great color to use in a doghouse because the inside of the doghouse would be cooler for the dog soo when its hot then it wont be to hot in its house. I say this bec ause the average temp of the color white is 42(DEG)C while the other 3 c olors are above this average temp.,Does the answer demonstrate understanding of the topic?,1,val,c8
1064,944,"black :: The color black will affect the doghouse by m aking it a warmer environment for the dog. Plus if it is a cold winter, t he doghouse will help to keep the dog warmer. The data table shows that u sing the black lid color the air temperature was clearly around 12(DEG) higher then the white lid, about 10(DEG) higher in temperature than the light gray lid, and about 6(DEG) higher in temperature than the dark gray lid each trial. The average temperature was 53(DEG)C for the black lid, the average temperature for the dark gray lid was 48(DEG)C, the average tem perature for the light gray lid was 45(DEG)C, and the average temperatur e for the white lid was 42(DEG)C. It shows the black lid absorbs more he at to keep the doghouse warmer.",Does the answer demonstrate understanding of the topic?,1,train,c8
1065,1487,dark gray ::  the darker the color the warmer it is inside. and if it was black it would be to hot and white or light gray would get to cold.,Does the answer demonstrate understanding of the topic?,1,train,c8
1066,920,black :: Black will affect the dog house because when is sunny and bright the color will attract the heat and it will make it e ven hotter in the out side and the inside of the dog house,Does the answer demonstrate understanding of the topic?,1,val,c8
1067,37,white :: white will keep the dog house nice and cool s ince according to there data the white lid kept the air in the jar cooles t.,Does the answer demonstrate understanding of the topic?,1,train,c8
1068,916,white :: white will make the dog house cooler so its m ore comferable in hot weather.,Does the answer demonstrate understanding of the topic?,1,train,c8
1069,7,"black ::  The color ""Black"" would be the best color for the roof of a dog house because according to the results from the experiment, the air temperature inside is higher compared to other co lors.",Does the answer demonstrate understanding of the topic?,0,train,c8
1070,663,"black :: this would make the doghouse very hot and unc omfortable because, as shown in the expirament, black attracts heat bring ing more thermal energy to the dog house than other colors such as white.",Does the answer demonstrate understanding of the topic?,1,train,c8
1071,183,black :: Black will affect the dog house by heating it up because black absorbes more energy.,Does the answer demonstrate understanding of the topic?,1,train,c8
1072,694,black :: The color black might affect the dog house be cause black is the drakest color out of the's four colors.,Does the answer demonstrate understanding of the topic?,0,train,c8
1073,641,"dark gray :: If Brandi and Jerry used the color dark gray for their doghouse that would be the best color because it would keep the doghouse warm and cool depending on the seasons. The color dark gray in the jar experiment had an average of 48(DEG)C. That makes the temp erature of the doghouse in general, not to hot and not to cool based on t he jar experiment.",Does the answer demonstrate understanding of the topic?,1,val,c8
1074,913,white :: The color white does not absorb as much heat as a darker color and the doghouse wont get as hot.,Does the answer demonstrate understanding of the topic?,1,val,c8
1075,955,white :: the color on the outside will either heat up or cool down the doghouse and since white was still warm but not too hot so white is the best color for the doghouse.,Does the answer demonstrate understanding of the topic?,1,train,c8
1076,1461,"white :: White would be the best color. this is becaus e on average it had the lowest tempature inside, so it asorbed or blocked the most heat, it had an averge of 42 degrees while black had an average of 53 degrees",Does the answer demonstrate understanding of the topic?,1,train,c8
1077,358,dark gray :: This will keep the dog warm but it wont get to hot or cold.,Does the answer demonstrate understanding of the topic?,0,train,c8
1078,109,"white ::  The darker the color, the greatest increase i n temperature because darker colors absorb more energy. The white would keep the doghouse's roof cool on a very sunny day, since the light color doesnt absorb energy as fast as the dark colors.",Does the answer demonstrate understanding of the topic?,1,train,c8
1079,1533,white ::  its obsorves less energy from the sun than al l the darker colors,Does the answer demonstrate understanding of the topic?,1,train,c8
1080,53,white ::  If the color is a dark color then the tempera ture will increase more than if the color is a lighter shade. White was t he color that affected the temperature the least in the experiment and th at would be the best color for the doghouse's temperature.,Does the answer demonstrate understanding of the topic?,1,train,c8
1081,865,"dark gray :: The dog house would not be too hot in the sum mer if you did a dark gray, also if you chose a light gray it could be co ld in the winter, so there for dark gray would be the best color.",Does the answer demonstrate understanding of the topic?,1,train,c8
1082,1338,light gray ::  light gray is more as cooler than black or dark gray in the summer but black and dark gray will be warmer in the winter light gray or white. Meaning light gray is in the middle.,Does the answer demonstrate understanding of the topic?,1,train,c8
1083,529,white :: so if it is hot out side and the dog wants to go in side the dog house then it will be cooler because the color of the dog house is white.,Does the answer demonstrate understanding of the topic?,1,train,c8
1084,369,white :: it will make it cooler inside because the whi te coloer will deflect light from the house,Does the answer demonstrate understanding of the topic?,1,val,c8
1085,141,"white :: This color will make the air in the doghouse less hot, so the dog will be a lot cooler while in the doghouse. I know t his because in the experiment the air is hottest with a black lid and coo lest with a white one. So if the sun is beating down on the doghouse, it will only reach about 42(DEG) C, instead of 45(DEG) C or higher.",Does the answer demonstrate understanding of the topic?,1,train,c8
1086,1090,white :: white doesnt take in colors from the rainbow like black and other colors,Does the answer demonstrate understanding of the topic?,0,val,c8
1087,823,dark gray :: It will take in heat in the winter and won't take as much in in the summer as black would.,Does the answer demonstrate understanding of the topic?,1,val,c8
1088,682,"black :: The dark paint color is better because the gr eater the increase in air temprature in the doghouse ,becouse darker colo r absorbs more energy.",Does the answer demonstrate understanding of the topic?,0,train,c8
1089,1077,white :: If they colored the doghouse white then it wi ll be cool inside and not so hot like it would be if it was black. Because when the jar lid was black the inside of the jar was 53(DEG)C an d when it was white the inside of the jar was 42(DEG)C,Does the answer demonstrate understanding of the topic?,1,val,c8
1090,767,black :: Black is a dark color so it will absorb more heat and make the dog house a hot temperature.,Does the answer demonstrate understanding of the topic?,1,train,c8
1091,306,"dark gray :: That color (dark gray) might affect the dog h ouse by absorbing heat cause it is a dark color,but not as dark black,so it won't absorb so munch heat.",Does the answer demonstrate understanding of the topic?,1,train,c8
1092,465,black :: it wil heat the dog house up more than the ot her colors.,Does the answer demonstrate understanding of the topic?,0,train,c8
1093,151,white :: The darker colors will absorb heat faster tha n lighter colors.,Does the answer demonstrate understanding of the topic?,0,train,c8
1094,1368,"white :: If you paint the doghouse white, it will be c ooler inside than if you painted it black. Since black absorbs more energ y it will get hotter faster than if it was painted white.",Does the answer demonstrate understanding of the topic?,1,train,c8
1095,569,black :: i think the color black will make the isnside of the dog house warm because it is a dark color.,Does the answer demonstrate understanding of the topic?,0,train,c8
1096,669,"black :: black might affect the doghouse because its going to be dark,hot, and not cmfortable.",Does the answer demonstrate understanding of the topic?,0,train,c8
1097,170,dark gray :: the dark gray will keep the inside of the dog house warm enough in the winter and not to hot during the summer. the dar k gray was an average of 48(DEG)C which is not as hot as the black lid w hich was an average of 53(DEG)C and not as cold as the light gray which was and average of 45(DEG)C.,Does the answer demonstrate understanding of the topic?,1,train,c8
1098,624,white ::  Less heat in the dog house so there would be much more comfort for the dog.,Does the answer demonstrate understanding of the topic?,1,train,c8
1099,809,"white :: It might not give it much light from the sun or any heat because darker colors attract more energy and light. Just lik e with the jars and the lamp. The jar with a black lid had the highest av erage, therefore proving that darker colors attract more energy.",Does the answer demonstrate understanding of the topic?,1,train,c8
1100,296,white :: White will reduce the temperature in side the doghouse. In the experiment white had an average of 42(DEG)C while the other colors had higher temperature averages.,Does the answer demonstrate understanding of the topic?,1,train,c8
1101,169,white ::  painting a dog house white will keep it coole r than other colors. in the experiment white had an average temp of 42(DEG) C while black had a 53(DEG)C average,Does the answer demonstrate understanding of the topic?,1,train,c8
1102,872,"white ::  if the doghouse is painted white the air temp erature will be lower than light gray, dark gray, or black. the white lid jar had an average temperature of 42(DEG)C. the light gray lid had an a verage temperature of 45(DEG)C. the dark gray lid had an average tempera ture of 48(DEG)C. and the black lid had an average temperature of 53(DEG) C. therefor white will help make the inside of the doghouse cooler.",Does the answer demonstrate understanding of the topic?,1,val,c8
1103,1463,"white ::  white would make the dog house less hot. the data table shows that the white paint kept the jar cooler than the other paint in trial 1,2, and 3.",Does the answer demonstrate understanding of the topic?,1,train,c8
1104,1099,"light gray :: The doghouse should be light gray because tha t way the air temperature isn't to hot or to cold, it's just about in the middle.",Does the answer demonstrate understanding of the topic?,1,val,c8
1105,252,"white :: The color white will keep the doghouse cool u nder sunlight, because in the expirement, the white color reflects sunlig ht, not absorbing it. so, the doghouse will be cooler",Does the answer demonstrate understanding of the topic?,1,train,c8
1106,1454,black :: The color my affect the dog house because the dog might not be the same color as the house or the house will be to dar k because its black.,Does the answer demonstrate understanding of the topic?,0,train,c8
1107,855,"black ::  The darker the color, the warmer it will be i nside of the doghouse becuase darker colors absorb more energy.",Does the answer demonstrate understanding of the topic?,1,train,c8
1108,253,light gray ::  it would keep the dog house at a good temp. the entire year round.,Does the answer demonstrate understanding of the topic?,0,train,c8
1109,566,white :: It Was The Coolest With the Temp. Of 42(DEG) C. It would Be To Hot To Use Black Which Was 53(DEG)C. Inside The Jar.,Does the answer demonstrate understanding of the topic?,1,train,c8
1110,817,"dark gray :: This color would keep the temperature just ri ght. It wouldn't be too hot or to too cold. The average (DEG)C was 48(DEG) C, the lowest average wsa 42(DEG)C and the highest average was 53(DEG)C.",Does the answer demonstrate understanding of the topic?,1,train,c8
1111,1191,white :: White would make it more comfortable for the dog and it would be warmer than black because the black absorbs more ener gy than light colors.,Does the answer demonstrate understanding of the topic?,1,train,c8
1112,1103,"white :: you would probably want to choose white becua se that is the color that will keep it the coolest inside the dogouse, wh en the sun is shinning it is usually warm outside, and the dog will want to use it to cool off, not to get even more hot.",Does the answer demonstrate understanding of the topic?,1,train,c8
1113,1580,"dark gray :: The best paint color for the doghouse would b e dark gray. In the experiment of the glass jar it had an average of 48(DEG) C and was the second highest temperature. The highest temperature was the black lid with 53(DEG)C. The difference of the highest temperature and second highest temperature was the 5(DEG)C. If using the dark gray paint color it would still absorb energy to keep the dogs warm, but yet be a bit coo l for them too.",Does the answer demonstrate understanding of the topic?,1,train,c8
1114,291,dark gray :: I think dark gray is good because the t empeture is 48(DEG) and that's not hot so the dog is not going to be hot .And 48(DEG) is not cold either it's cool so the dog wont be cold or hot it'll be just right.But that's my opinion.,Does the answer demonstrate understanding of the topic?,0,train,c8
1115,591,"white :: The color of the dog house being white wil ca use the doghouse to stay cooler under sunlight. This is beacuse the color white reflects the light away from the doghouse, and the light will not be absorbed and turned into heat energy inside the doghouse.",Does the answer demonstrate understanding of the topic?,1,train,c8
1116,1532,white ::  if they used white for the color of the dog hous it would keep the inside of it cool because white reflects ligh t.,Does the answer demonstrate understanding of the topic?,1,train,c8
1117,197,black ::  It will make the inside of the dog house cold or warm .,Does the answer demonstrate understanding of the topic?,0,train,c8
1118,852,light gray :: This color should make the doghouse a nice co ol temperature cosistantly. I say this because in the data table light gr ay's average temp. was 45(DEG).,Does the answer demonstrate understanding of the topic?,1,train,c8
1119,760,black :: The black doghouse would keep you warmer in t he winter but it would be really hot in the summer,Does the answer demonstrate understanding of the topic?,1,train,c8
1120,1399,"light gray :: Using Light Gray would keep the tempurature a t an even or equal rate. If it was cold, it wouldn't keep it as warm, but not super cold either. If it was hot outside, the dog house would keep s orta cool, but not extremely hot either. The average of Black is a high a t 53 degrees. which is super hot. Then White would be too cold at an aver age temp at 42 degrees.",Does the answer demonstrate understanding of the topic?,1,train,c8
1121,211,black :: black is a darker color so there forth it att racts heat which would cause th tempatuer to go up,Does the answer demonstrate understanding of the topic?,1,train,c8
1122,1377,white :: it would keep the inside of the doghouse cool er,Does the answer demonstrate understanding of the topic?,0,train,c8
1123,1206,"black ::  The black paint because it will absorb more light energy causing the inside of the dog house to be warmer, keeping the dog warm at night. The average temperature for the black lid was 53(DEG), while the white was 42(DEG). The black paint had the highest temperature out of all colors and was 11(DEG) higher than the white paint.",Does the answer demonstrate understanding of the topic?,1,train,c8
1124,174,light gray :: IT will affect it because it will absorb less heat,Does the answer demonstrate understanding of the topic?,0,train,c8
1125,710,"white :: the white color will attract less energy than the others, thus making the doghouse cooler",Does the answer demonstrate understanding of the topic?,1,train,c8
1126,3,white :: I chose white for the color of paint for the dog house. White might affect the doghouse by keeping the inside cooler d uring the day. When the glass jar had a black lid the average temperature was 53(DEG)C. When the glass jar had a white lid after ten minutes the average temperature in the jar was only 42(DEG)C. This is a difference o f 11(DEG)C. White is the better choice for paint color on a doghouse bec ause it will keep a dog cool in the middle of the day.,Does the answer demonstrate understanding of the topic?,1,train,c8
1127,1438,"black :: i chose the black color becasue that if the d og likes it hot then this would be the right becasue when they see what c olor would be the hotes and the trials number are 54(DEG), 52(DEG), 53(DEG) ((DEG)c) and the average temp. is 53(DEG)c if the dog likes it hot in there",Does the answer demonstrate understanding of the topic?,0,train,c8
1128,1384,light gray :: light gray because it wont make the inside of the dog house to hot because the dog already has a large coat of fur and dark gray wont over heat the dog house.,Does the answer demonstrate understanding of the topic?,0,train,c8
1129,748,"white :: Assuming that the location of the doghouse ha s a warm climate, the white paint color will be more likely to keep the t emperature of the air inside the doghouse at a cooler, or lower, temperat ure. This can be said because the white paint color, on average, made the air inside the glass jar a temperature of 42(DEG) C, compared to 53(DEG) C for black paint, 48(DEG) C for dark gray paint, and 45(DEG) C for light gr ay paint. It is vital that the doghouse maintains a low temperature so th at the dog, that stays inside the doghouse, doesn't overheat.",Does the answer demonstrate understanding of the topic?,1,train,c8
1130,1113,black ::  if you use black paint then it will take in m ore heat because dark colors absorb more energy like they found out in th e lab hot lamp the black was at least 5(DEG)c hotter then all the other colors.,Does the answer demonstrate understanding of the topic?,1,train,c8
1131,1484,"white :: The white paint should keep the inside temper ature of the doghouse cooler on a hot day, than say black paint for examp le. When comparing the average temperatures of all the lid colors the whi te lid kept the glass jar at a cooler temperature. On average about 6.6(DEG) C cooler, compared with the averages for the other lids. So, therefore white pa int is the better choice, especially if you are looking to keep the insid e of the dog house cool for your dog on a hot day.",Does the answer demonstrate understanding of the topic?,1,train,c8
1132,312,black :: it would increase the temerature more than an y colors selected.,Does the answer demonstrate understanding of the topic?,0,train,c8
1133,1491,black :: it will keep the dog house warmer because the black attracks heat,Does the answer demonstrate understanding of the topic?,1,train,c8
1134,640,black :: it will effect it because the suns rays will heat it,Does the answer demonstrate understanding of the topic?,0,train,c8
1135,959,"white ::  White because in the data it say that white had the lowest tempature with a average of 42(DEG)C. If the they painted it white, it would keep the dog house at a cooler tempature during hot sunny days.",Does the answer demonstrate understanding of the topic?,1,train,c8
1136,186,black ::  The color black because it would be warm in t he doghouse. Since black absorbs more heat black would be best to keep th e dog warm rather than cold.,Does the answer demonstrate understanding of the topic?,1,train,c8
1137,167,black :: The sun absorbs more energy in the color. Mak ing the inside of the doghouse hot &amp; warm.,Does the answer demonstrate understanding of the topic?,0,train,c8
1138,1249,"white :: If you were to build a dog house you wouldn't want it to get to hot, so I would choose white. The average was 42(DEG) C, since it was the coolest of the jars I think it would be best for the dog house.",Does the answer demonstrate understanding of the topic?,1,val,c8
1139,286,white :: because white is the the color that regects a ll light there for keeping the light rays from soaking in causing heat,Does the answer demonstrate understanding of the topic?,1,train,c8
1140,791,"white ::  By painting the dog house white, it would make the inside of the doghouse cooler. This is proven because in each trial, white had the lowest temperature. For example, in the experiment, White's average tempurate was 42(DEG), compared to black's average, which was 53(DEG); a huge difference!",Does the answer demonstrate understanding of the topic?,1,train,c8
1141,1020,"light gray ::  The color light gray would have to be the be st color to paint the doghouse. They wouldnt want to use black because si nce black is a dark color itll absorb more energy &amp; make the air temp erature rise high. So black wouldnt be a good color because they wouldnt want the dogs to get to hot. That is why i chose light gray because i thi nk its just righ to paint the doghouse. With light gray, the dogs wouldnt be to hot or too cold. They would be just right.",Does the answer demonstrate understanding of the topic?,1,train,c8
1142,36,white :: i would say white because in the experiment t he darker the color the hotter it got. And with white being the lightest color the dog would not get as hot.,Does the answer demonstrate understanding of the topic?,1,train,c8
1143,165,light gray :: light gray because it wouldn't be that hot in the summer time and in would not be that cold. becaue in the results the average for light grey was 45(DEG).and that in perfect tempature,Does the answer demonstrate understanding of the topic?,1,train,c8
1144,438,black ::  The black lid will attract more heat to the d og house.,Does the answer demonstrate understanding of the topic?,0,train,c8
1145,1634,"white :: by painting the doghouse white it would make the doghouse cooler inside than painting it black dark gray or light gray because in the data it shows that the average temperature of the air in the jar that had the white lid was 42(DEG)c , and the average temprature for the air inside the jar that had the black lid was 53(DEG)c. by painting the doghouse white there would be a difference in heat of 11(DEG)c t han painting the doghouse black. therefore painting the doghouse white would be the best choice of color to paint the doghouse because it would keep it the coolist temperature.",Does the answer demonstrate understanding of the topic?,1,train,c8
1146,106,dark gray ::  the color affect the dog house because with dark gray the temperature is kept the same instead of varying from one temp to the other. Plus dog dont want it to be too cold in there dog house so i figured they want a temperature that will keep them warm and kinda chill,Does the answer demonstrate understanding of the topic?,1,val,c8
1147,51,"white :: White would affect the inside of the doghouse becuase it is a light color so it will absorb less enrgy becuase the dar ker the color the more enrgy it will absorb. In teh data table from their experiment, black absorbed the most energy and white absorbed the least energy so that is why they should choose white for the doghouse",Does the answer demonstrate understanding of the topic?,1,val,c8
1148,1537,black ::  i would chooose black for my dog's house brco use during the winters the dog house would need all the heat it could get so i would choose black. black is the best color to choose becouse in th e test it was an average of 11(DEG)c hotter!,Does the answer demonstrate understanding of the topic?,1,train,c8
1149,1606,white :: the best color to choose would be white becau se on average white had the lowest temperature of all the colors meeaning the inside of the doghouse would be cooler,Does the answer demonstrate understanding of the topic?,1,train,c8
1150,795,black :: will absord more energy,Does the answer demonstrate understanding of the topic?,0,train,c8
1151,552,dark gray ::  Dark gray would be a good color to paint the doghouse because it's not too hot and it's not too cold. The average temperature would be 48(DEG) C. Just right.,Does the answer demonstrate understanding of the topic?,1,train,c8
1152,2,white :: The color white is the best choice. It will keep the doghouse a cooler tempture. This is proven by the data gathered by the trials. According to the data the average air temperature of a black lid on a jar was 53(DEG) C. When the lid was changed the white the temperature droped to an average of 42(DEG) C. This proves that white would be a better temperature control factor.,Does the answer demonstrate understanding of the topic?,1,train,c8
1153,1092,light gray ::  i chose light gray because the inside of the doghouse would be warm and the dogs fur would keep the dog warm in the wi nter.,Does the answer demonstrate understanding of the topic?,0,train,c8
1154,260,"white ::  On a hot summer day, it's easy for dogs to ge t overheated, harming them and even killing them. Therefore, white is the best color of paint to use because the air inside of it only increases b y 18(DEG)C after ten minutes of exposure to light and heat. With black p aint, it increases by 29(DEG)C, which could definately be detrimental to a dogs health.",Does the answer demonstrate understanding of the topic?,1,train,c8
1155,450,white ::  because the whit well not be as heated in the dog house unlike black because that welll heat the whole doghouse,Does the answer demonstrate understanding of the topic?,1,train,c8
1156,459,white :: If the dark the color the hotter it gets why not choose white to keep the dog nice and cool in some ways.,Does the answer demonstrate understanding of the topic?,0,train,c8
1157,1199,"white ::  White would be the best color for a dog house because according to this expiriment whit absorbs the most heat with an average temperature of 42(DEG)C compared to the black paint which had an average tempurature of 53.25(DEG)C, making the dog house a cooler place to live.",Does the answer demonstrate understanding of the topic?,1,train,c8
1158,726,"white ::  It could get dirty, you could piant it over agia,and you could draw on the walls.",Does the answer demonstrate understanding of the topic?,0,train,c8
1159,188,"white :: If the color of the doghouse is white, this w ill keep the house cool. According to the experiment, the black lid incre ased the air temperature by 29(DEG)C in 10 minutes, while the white lid only increased it by 18(DEG)C.",Does the answer demonstrate understanding of the topic?,1,train,c8
1160,990,"white ::  Using white paint would make the doghouse col der than if they used black paint. As was shown by the table, the average temperature of the jar with a black lid was 53(DEG)C, while the average temperature of the jar with a white lid was 42(DEG)C. The jar with the black lid was 11(DEG)C warmer than the jar with the white lid. Thus, usi ng white paint would also make the doghouse colder than using black paint , and Brandi and Jerry should use white paint.",Does the answer demonstrate understanding of the topic?,1,train,c8
1161,473,black ::  The color black absorbs all the colors of lig ht so the inside of the doghouse would be hot becase the color is absorbi ng and trapping the heat from the light.,Does the answer demonstrate understanding of the topic?,1,train,c8
1162,1234,dark gray :: dark gray may attract more heat to the dog ho use but no as much as black.,Does the answer demonstrate understanding of the topic?,0,train,c8
1163,803,"dark gray :: If they choose dark gray as the color for the doghouse, the temperature of doghouse would be neither too hot or too co ld for the dog. I chose dark gray because black would be too hot for dogs because they have furs but white would be too cold because even though t he dogs have furs, if the temperature is cold, thye will get cold. So i t hink dark gray is the best color to choose.",Does the answer demonstrate understanding of the topic?,1,train,c8
1164,1017,"white :: using white paint would keep the temperature inside of the doghouse low on a sunny day. the average temperature of the white lid was 42(DEG)C and the average temperature of the blace lid was 53(DEG)C, the white lid was 11(DEG)C cooler then the jar with the blac k lid",Does the answer demonstrate understanding of the topic?,1,train,c8
1165,1153,"black :: We can see from this expirement that darker colors absorb more heat. Knowing this information, for the dog to be more warm and comfortable inside his doghouse, Brandi and Jerry should paint the house Black.",Does the answer demonstrate understanding of the topic?,1,train,c8
1166,336,"light gray :: Well ,I pick Light gray because I wouldnt wan t too much energy in my dogs house if i had to pick a color . Most dogs g oes in their house soo they can either cool off or to relax .",Does the answer demonstrate understanding of the topic?,0,train,c8
1167,1423,light gray ::  it will keep it warm for those cold night an d keep it cool for those hot summer days.,Does the answer demonstrate understanding of the topic?,0,train,c8
1168,57,dark gray ::  I think that they should paint the dog house black because it absorbs more sunlight and allow the house to be warmer. The black had the highest temperture that was 54 degrees and the white on e had 41 degrees.,Does the answer demonstrate understanding of the topic?,1,train,c8
1169,289,"white ::  having this colour will effect the dog house because light colours reflect heat, so if you paint the house white, then there wont as much heat on the walls, making the doghouse cooler. this i s shown by the fact that in the jar experement, black had the hottest dat a and white had the coolest.",Does the answer demonstrate understanding of the topic?,1,train,c8
1170,536,white :: White. Because the black attracts light so th en the dog house would heat up. th edark Gray is also like the black so t hat wont work either. The last decision was light gray or white so i pick ed white because that color doesnt attract light.,Does the answer demonstrate understanding of the topic?,1,train,c8
1171,1421,white :: That will affect the doghouse becuase that wa y there wont be to much pressure in the dog house. Then the dog wil l be comfortable,Does the answer demonstrate understanding of the topic?,0,train,c8
1172,975,white :: I would use a light color like White in this case because if its 95 degrees outside and you have a black dog house the dog house is going to be hot.Like in the experiment they used they used a black lid because it would make the jar the hotest.,Does the answer demonstrate understanding of the topic?,1,train,c8
1173,858,"white ::  hite will keep the doghouse cooler inside bec uase white attracks less energy than black, dark grey, and light grey. th e white was the lowest average tempatue a 42(DEG)C",Does the answer demonstrate understanding of the topic?,1,train,c8
1174,199,"black :: Black absorbs light. Just like with the jar l id when it was black, it absorbed the most. So if you colored the doghous e black it would increase the temperature inside it.",Does the answer demonstrate understanding of the topic?,1,train,c8
1175,577,light gray ::  You dont want the dog to hot so make it so it will be cooler inside. It will be about 45(DEG)C,Does the answer demonstrate understanding of the topic?,0,train,c8
1176,1535,white ::  white would not attract as much heat as the o ther darker colors,Does the answer demonstrate understanding of the topic?,1,train,c8
1177,1396,"light gray ::  On hot sunny days the color of the house wouldn't absorb so much heat, So the house woldnt get so hot, But if it was a cold day the colors of the house could reflect the cold air, Becuas e, Lighter colors reflect heat, &amp; darker colors absorb heat.",Does the answer demonstrate understanding of the topic?,1,train,c8
1178,1220,"white ::  white would be best because it reflects more energy, the table shows that the average temp. after three trials for the white lid was 42 degrees celcius which is 11 dgrees cooler than the h ighest average(52 degrees celcius) or the black lid.",Does the answer demonstrate understanding of the topic?,1,train,c8
1179,460,white :: White affects the dog house temperature becau se it has less heat obsorbing in it.,Does the answer contain any irrelevant or incorrect information?,0,train,c9
1180,1479,"dark gray :: If Brandi and Jerry painted the doghouse dark gray, I think it would be just warm enough in the winter and just cool e nough in the summer, because dark gray has the medium-warm temperature on the chart about the colored lids.",Does the answer contain any irrelevant or incorrect information?,0,train,c9
1181,1355,black ::  black would affect the doghouse because if it was to hot the dog wouldnt have know where to go but the doghouse the the dog house would be extremely hot,Does the answer contain any irrelevant or incorrect information?,1,train,c9
1182,1503,"white :: usually a dog house is only used in the summe r so to keep the dog a little less cooler they should use a white paint. bc i learned that all the colors bounce off white and go somewhere else a long with their heat. but blck has all the colors so it obsorbs all color s and their heat. so white would be best in the table it shows that the average temput ure for a white house is 42(DEG)c. the average temputure for lightgray i s 45(DEG)c, the average temp. for dark gray is 48(DEG)c, and black's av erage temp. is 53(DEG)c. thats an 11(DEG)c difference. whitch could be very important.",Does the answer contain any irrelevant or incorrect information?,0,train,c9
1183,281,"black :: if they painted the doghouse black, then it w ill be hotter inside the doghouse because the darker the color the more heat it will absorb. example: the black lid created the hottest air temperature in the jar.",Does the answer contain any irrelevant or incorrect information?,0,train,c9
1184,961,dark gray ::  the color will effect the dog house because i f it is black it will be hotter because it atracts more heat but if its w hite then it will atracts less heat.,Does the answer contain any irrelevant or incorrect information?,1,train,c9
1185,570,black :: Black would change the temperature of the dog house by making it warmer beacause black absorbs heat to most. With the black lid the temperture was 53(DEG)C. With the white lid the temperature was 42(DEG)C. There was 11(DEG)C difference.,Does the answer contain any irrelevant or incorrect information?,0,train,c9
1186,332,"white ::  white will effect the dog house.first this wi ll effect it because white will make it cooler in the summer,because whit e doesnt absorb very much heat.",Does the answer contain any irrelevant or incorrect information?,0,train,c9
1187,86,white :: the white is better for the dog house because it wont get to hot inside and not to cold.the hotest it would get in the house is 43 and the coldest it would get is 41,Does the answer contain any irrelevant or incorrect information?,0,train,c9
1188,717,"white :: If you paint the dog house white, it will sta y nice and cool and won't get too hot because the data showed that when t he lid was white, the average temperature, 42(DEG)C, was colder than the others. When the lid was black the average temperature was highest, 53(DEG) C, which is 11(DEG) more than the white lid's average.",Does the answer contain any irrelevant or incorrect information?,0,val,c9
1189,287,black :: The color might affect by since it is black i t will absorb more light energy which then makes the temputure higher so the inside will be warmer/hotter.,Does the answer contain any irrelevant or incorrect information?,0,train,c9
1190,996,white :: because in the graph is says the average is 4 2 and thats why i picked white cause different chemical.,Does the answer contain any irrelevant or incorrect information?,1,train,c9
1191,1045,white ::  reflect more heat to keep the inside cooler i n the sumer,Does the answer contain any irrelevant or incorrect information?,0,train,c9
1192,1198,"black :: The black paint will make the dog house warme r for the dog because the black lid on the jar aborbed the most heat, wit h the highest average temperature (53(DEG)C).",Does the answer contain any irrelevant or incorrect information?,0,train,c9
1193,676,black :: it will make the dog house really hot.,Does the answer contain any irrelevant or incorrect information?,0,train,c9
1194,55,white :: The color white would be a great color to use in a doghouse because the inside of the doghouse would be cooler for the dog soo when its hot then it wont be to hot in its house. I say this bec ause the average temp of the color white is 42(DEG)C while the other 3 c olors are above this average temp.,Does the answer contain any irrelevant or incorrect information?,0,val,c9
1195,944,"black :: The color black will affect the doghouse by m aking it a warmer environment for the dog. Plus if it is a cold winter, t he doghouse will help to keep the dog warmer. The data table shows that u sing the black lid color the air temperature was clearly around 12(DEG) higher then the white lid, about 10(DEG) higher in temperature than the light gray lid, and about 6(DEG) higher in temperature than the dark gray lid each trial. The average temperature was 53(DEG)C for the black lid, the average temperature for the dark gray lid was 48(DEG)C, the average tem perature for the light gray lid was 45(DEG)C, and the average temperatur e for the white lid was 42(DEG)C. It shows the black lid absorbs more he at to keep the doghouse warmer.",Does the answer contain any irrelevant or incorrect information?,0,train,c9
1196,1487,dark gray ::  the darker the color the warmer it is inside. and if it was black it would be to hot and white or light gray would get to cold.,Does the answer contain any irrelevant or incorrect information?,0,train,c9
1197,920,black :: Black will affect the dog house because when is sunny and bright the color will attract the heat and it will make it e ven hotter in the out side and the inside of the dog house,Does the answer contain any irrelevant or incorrect information?,0,val,c9
1198,37,white :: white will keep the dog house nice and cool s ince according to there data the white lid kept the air in the jar cooles t.,Does the answer contain any irrelevant or incorrect information?,0,train,c9
1199,916,white :: white will make the dog house cooler so its m ore comferable in hot weather.,Does the answer contain any irrelevant or incorrect information?,0,train,c9
1200,7,"black ::  The color ""Black"" would be the best color for the roof of a dog house because according to the results from the experiment, the air temperature inside is higher compared to other co lors.",Does the answer contain any irrelevant or incorrect information?,0,train,c9
1201,663,"black :: this would make the doghouse very hot and unc omfortable because, as shown in the expirament, black attracts heat bring ing more thermal energy to the dog house than other colors such as white.",Does the answer contain any irrelevant or incorrect information?,0,train,c9
1202,183,black :: Black will affect the dog house by heating it up because black absorbes more energy.,Does the answer contain any irrelevant or incorrect information?,0,train,c9
1203,694,black :: The color black might affect the dog house be cause black is the drakest color out of the's four colors.,Does the answer contain any irrelevant or incorrect information?,0,train,c9
1204,641,"dark gray :: If Brandi and Jerry used the color dark gray for their doghouse that would be the best color because it would keep the doghouse warm and cool depending on the seasons. The color dark gray in the jar experiment had an average of 48(DEG)C. That makes the temp erature of the doghouse in general, not to hot and not to cool based on t he jar experiment.",Does the answer contain any irrelevant or incorrect information?,0,val,c9
1205,913,white :: The color white does not absorb as much heat as a darker color and the doghouse wont get as hot.,Does the answer contain any irrelevant or incorrect information?,0,val,c9
1206,955,white :: the color on the outside will either heat up or cool down the doghouse and since white was still warm but not too hot so white is the best color for the doghouse.,Does the answer contain any irrelevant or incorrect information?,0,train,c9
1207,1461,"white :: White would be the best color. this is becaus e on average it had the lowest tempature inside, so it asorbed or blocked the most heat, it had an averge of 42 degrees while black had an average of 53 degrees",Does the answer contain any irrelevant or incorrect information?,0,train,c9
1208,358,dark gray :: This will keep the dog warm but it wont get to hot or cold.,Does the answer contain any irrelevant or incorrect information?,0,train,c9
1209,109,"white ::  The darker the color, the greatest increase i n temperature because darker colors absorb more energy. The white would keep the doghouse's roof cool on a very sunny day, since the light color doesnt absorb energy as fast as the dark colors.",Does the answer contain any irrelevant or incorrect information?,0,train,c9
1210,1533,white ::  its obsorves less energy from the sun than al l the darker colors,Does the answer contain any irrelevant or incorrect information?,0,train,c9
1211,53,white ::  If the color is a dark color then the tempera ture will increase more than if the color is a lighter shade. White was t he color that affected the temperature the least in the experiment and th at would be the best color for the doghouse's temperature.,Does the answer contain any irrelevant or incorrect information?,0,train,c9
1212,865,"dark gray :: The dog house would not be too hot in the sum mer if you did a dark gray, also if you chose a light gray it could be co ld in the winter, so there for dark gray would be the best color.",Does the answer contain any irrelevant or incorrect information?,0,train,c9
1213,1338,light gray ::  light gray is more as cooler than black or dark gray in the summer but black and dark gray will be warmer in the winter light gray or white. Meaning light gray is in the middle.,Does the answer contain any irrelevant or incorrect information?,0,train,c9
1214,529,white :: so if it is hot out side and the dog wants to go in side the dog house then it will be cooler because the color of the dog house is white.,Does the answer contain any irrelevant or incorrect information?,0,train,c9
1215,369,white :: it will make it cooler inside because the whi te coloer will deflect light from the house,Does the answer contain any irrelevant or incorrect information?,0,val,c9
1216,141,"white :: This color will make the air in the doghouse less hot, so the dog will be a lot cooler while in the doghouse. I know t his because in the experiment the air is hottest with a black lid and coo lest with a white one. So if the sun is beating down on the doghouse, it will only reach about 42(DEG) C, instead of 45(DEG) C or higher.",Does the answer contain any irrelevant or incorrect information?,0,train,c9
1217,1090,white :: white doesnt take in colors from the rainbow like black and other colors,Does the answer contain any irrelevant or incorrect information?,0,val,c9
1218,823,dark gray :: It will take in heat in the winter and won't take as much in in the summer as black would.,Does the answer contain any irrelevant or incorrect information?,0,val,c9
1219,682,"black :: The dark paint color is better because the gr eater the increase in air temprature in the doghouse ,becouse darker colo r absorbs more energy.",Does the answer contain any irrelevant or incorrect information?,1,train,c9
1220,1077,white :: If they colored the doghouse white then it wi ll be cool inside and not so hot like it would be if it was black. Because when the jar lid was black the inside of the jar was 53(DEG)C an d when it was white the inside of the jar was 42(DEG)C,Does the answer contain any irrelevant or incorrect information?,0,val,c9
1221,767,black :: Black is a dark color so it will absorb more heat and make the dog house a hot temperature.,Does the answer contain any irrelevant or incorrect information?,0,train,c9
1222,306,"dark gray :: That color (dark gray) might affect the dog h ouse by absorbing heat cause it is a dark color,but not as dark black,so it won't absorb so munch heat.",Does the answer contain any irrelevant or incorrect information?,0,train,c9
1223,465,black :: it wil heat the dog house up more than the ot her colors.,Does the answer contain any irrelevant or incorrect information?,0,train,c9
1224,151,white :: The darker colors will absorb heat faster tha n lighter colors.,Does the answer contain any irrelevant or incorrect information?,0,train,c9
1225,1368,"white :: If you paint the doghouse white, it will be c ooler inside than if you painted it black. Since black absorbs more energ y it will get hotter faster than if it was painted white.",Does the answer contain any irrelevant or incorrect information?,0,train,c9
1226,569,black :: i think the color black will make the isnside of the dog house warm because it is a dark color.,Does the answer contain any irrelevant or incorrect information?,0,train,c9
1227,669,"black :: black might affect the doghouse because its going to be dark,hot, and not cmfortable.",Does the answer contain any irrelevant or incorrect information?,0,train,c9
1228,170,dark gray :: the dark gray will keep the inside of the dog house warm enough in the winter and not to hot during the summer. the dar k gray was an average of 48(DEG)C which is not as hot as the black lid w hich was an average of 53(DEG)C and not as cold as the light gray which was and average of 45(DEG)C.,Does the answer contain any irrelevant or incorrect information?,0,train,c9
1229,624,white ::  Less heat in the dog house so there would be much more comfort for the dog.,Does the answer contain any irrelevant or incorrect information?,0,train,c9
1230,809,"white :: It might not give it much light from the sun or any heat because darker colors attract more energy and light. Just lik e with the jars and the lamp. The jar with a black lid had the highest av erage, therefore proving that darker colors attract more energy.",Does the answer contain any irrelevant or incorrect information?,0,train,c9
1231,296,white :: White will reduce the temperature in side the doghouse. In the experiment white had an average of 42(DEG)C while the other colors had higher temperature averages.,Does the answer contain any irrelevant or incorrect information?,0,train,c9
1232,169,white ::  painting a dog house white will keep it coole r than other colors. in the experiment white had an average temp of 42(DEG) C while black had a 53(DEG)C average,Does the answer contain any irrelevant or incorrect information?,0,train,c9
1233,872,"white ::  if the doghouse is painted white the air temp erature will be lower than light gray, dark gray, or black. the white lid jar had an average temperature of 42(DEG)C. the light gray lid had an a verage temperature of 45(DEG)C. the dark gray lid had an average tempera ture of 48(DEG)C. and the black lid had an average temperature of 53(DEG) C. therefor white will help make the inside of the doghouse cooler.",Does the answer contain any irrelevant or incorrect information?,0,val,c9
1234,1463,"white ::  white would make the dog house less hot. the data table shows that the white paint kept the jar cooler than the other paint in trial 1,2, and 3.",Does the answer contain any irrelevant or incorrect information?,0,train,c9
1235,1099,"light gray :: The doghouse should be light gray because tha t way the air temperature isn't to hot or to cold, it's just about in the middle.",Does the answer contain any irrelevant or incorrect information?,0,val,c9
1236,252,"white :: The color white will keep the doghouse cool u nder sunlight, because in the expirement, the white color reflects sunlig ht, not absorbing it. so, the doghouse will be cooler",Does the answer contain any irrelevant or incorrect information?,0,train,c9
1237,1454,black :: The color my affect the dog house because the dog might not be the same color as the house or the house will be to dar k because its black.,Does the answer contain any irrelevant or incorrect information?,1,train,c9
1238,855,"black ::  The darker the color, the warmer it will be i nside of the doghouse becuase darker colors absorb more energy.",Does the answer contain any irrelevant or incorrect information?,0,train,c9
1239,253,light gray ::  it would keep the dog house at a good temp. the entire year round.,Does the answer contain any irrelevant or incorrect information?,0,train,c9
1240,566,white :: It Was The Coolest With the Temp. Of 42(DEG) C. It would Be To Hot To Use Black Which Was 53(DEG)C. Inside The Jar.,Does the answer contain any irrelevant or incorrect information?,0,train,c9
1241,817,"dark gray :: This color would keep the temperature just ri ght. It wouldn't be too hot or to too cold. The average (DEG)C was 48(DEG) C, the lowest average wsa 42(DEG)C and the highest average was 53(DEG)C.",Does the answer contain any irrelevant or incorrect information?,0,train,c9
1242,1191,white :: White would make it more comfortable for the dog and it would be warmer than black because the black absorbs more ener gy than light colors.,Does the answer contain any irrelevant or incorrect information?,0,train,c9
1243,1103,"white :: you would probably want to choose white becua se that is the color that will keep it the coolest inside the dogouse, wh en the sun is shinning it is usually warm outside, and the dog will want to use it to cool off, not to get even more hot.",Does the answer contain any irrelevant or incorrect information?,0,train,c9
1244,1580,"dark gray :: The best paint color for the doghouse would b e dark gray. In the experiment of the glass jar it had an average of 48(DEG) C and was the second highest temperature. The highest temperature was the black lid with 53(DEG)C. The difference of the highest temperature and second highest temperature was the 5(DEG)C. If using the dark gray paint color it would still absorb energy to keep the dogs warm, but yet be a bit coo l for them too.",Does the answer contain any irrelevant or incorrect information?,0,train,c9
1245,291,dark gray :: I think dark gray is good because the t empeture is 48(DEG) and that's not hot so the dog is not going to be hot .And 48(DEG) is not cold either it's cool so the dog wont be cold or hot it'll be just right.But that's my opinion.,Does the answer contain any irrelevant or incorrect information?,0,train,c9
1246,591,"white :: The color of the dog house being white wil ca use the doghouse to stay cooler under sunlight. This is beacuse the color white reflects the light away from the doghouse, and the light will not be absorbed and turned into heat energy inside the doghouse.",Does the answer contain any irrelevant or incorrect information?,0,train,c9
1247,1532,white ::  if they used white for the color of the dog hous it would keep the inside of it cool because white reflects ligh t.,Does the answer contain any irrelevant or incorrect information?,0,train,c9
1248,197,black ::  It will make the inside of the dog house cold or warm .,Does the answer contain any irrelevant or incorrect information?,1,train,c9
1249,852,light gray :: This color should make the doghouse a nice co ol temperature cosistantly. I say this because in the data table light gr ay's average temp. was 45(DEG).,Does the answer contain any irrelevant or incorrect information?,0,train,c9
1250,760,black :: The black doghouse would keep you warmer in t he winter but it would be really hot in the summer,Does the answer contain any irrelevant or incorrect information?,0,train,c9
1251,1399,"light gray :: Using Light Gray would keep the tempurature a t an even or equal rate. If it was cold, it wouldn't keep it as warm, but not super cold either. If it was hot outside, the dog house would keep s orta cool, but not extremely hot either. The average of Black is a high a t 53 degrees. which is super hot. Then White would be too cold at an aver age temp at 42 degrees.",Does the answer contain any irrelevant or incorrect information?,0,train,c9
1252,211,black :: black is a darker color so there forth it att racts heat which would cause th tempatuer to go up,Does the answer contain any irrelevant or incorrect information?,0,train,c9
1253,1377,white :: it would keep the inside of the doghouse cool er,Does the answer contain any irrelevant or incorrect information?,0,train,c9
1254,1206,"black ::  The black paint because it will absorb more light energy causing the inside of the dog house to be warmer, keeping the dog warm at night. The average temperature for the black lid was 53(DEG), while the white was 42(DEG). The black paint had the highest temperature out of all colors and was 11(DEG) higher than the white paint.",Does the answer contain any irrelevant or incorrect information?,0,train,c9
1255,174,light gray :: IT will affect it because it will absorb less heat,Does the answer contain any irrelevant or incorrect information?,0,train,c9
1256,710,"white :: the white color will attract less energy than the others, thus making the doghouse cooler",Does the answer contain any irrelevant or incorrect information?,0,train,c9
1257,3,white :: I chose white for the color of paint for the dog house. White might affect the doghouse by keeping the inside cooler d uring the day. When the glass jar had a black lid the average temperature was 53(DEG)C. When the glass jar had a white lid after ten minutes the average temperature in the jar was only 42(DEG)C. This is a difference o f 11(DEG)C. White is the better choice for paint color on a doghouse bec ause it will keep a dog cool in the middle of the day.,Does the answer contain any irrelevant or incorrect information?,0,train,c9
1258,1438,"black :: i chose the black color becasue that if the d og likes it hot then this would be the right becasue when they see what c olor would be the hotes and the trials number are 54(DEG), 52(DEG), 53(DEG) ((DEG)c) and the average temp. is 53(DEG)c if the dog likes it hot in there",Does the answer contain any irrelevant or incorrect information?,1,train,c9
1259,1384,light gray :: light gray because it wont make the inside of the dog house to hot because the dog already has a large coat of fur and dark gray wont over heat the dog house.,Does the answer contain any irrelevant or incorrect information?,0,train,c9
1260,748,"white :: Assuming that the location of the doghouse ha s a warm climate, the white paint color will be more likely to keep the t emperature of the air inside the doghouse at a cooler, or lower, temperat ure. This can be said because the white paint color, on average, made the air inside the glass jar a temperature of 42(DEG) C, compared to 53(DEG) C for black paint, 48(DEG) C for dark gray paint, and 45(DEG) C for light gr ay paint. It is vital that the doghouse maintains a low temperature so th at the dog, that stays inside the doghouse, doesn't overheat.",Does the answer contain any irrelevant or incorrect information?,0,train,c9
1261,1113,black ::  if you use black paint then it will take in m ore heat because dark colors absorb more energy like they found out in th e lab hot lamp the black was at least 5(DEG)c hotter then all the other colors.,Does the answer contain any irrelevant or incorrect information?,0,train,c9
1262,1484,"white :: The white paint should keep the inside temper ature of the doghouse cooler on a hot day, than say black paint for examp le. When comparing the average temperatures of all the lid colors the whi te lid kept the glass jar at a cooler temperature. On average about 6.6(DEG) C cooler, compared with the averages for the other lids. So, therefore white pa int is the better choice, especially if you are looking to keep the insid e of the dog house cool for your dog on a hot day.",Does the answer contain any irrelevant or incorrect information?,0,train,c9
1263,312,black :: it would increase the temerature more than an y colors selected.,Does the answer contain any irrelevant or incorrect information?,0,train,c9
1264,1491,black :: it will keep the dog house warmer because the black attracks heat,Does the answer contain any irrelevant or incorrect information?,0,train,c9
1265,640,black :: it will effect it because the suns rays will heat it,Does the answer contain any irrelevant or incorrect information?,0,train,c9
1266,959,"white ::  White because in the data it say that white had the lowest tempature with a average of 42(DEG)C. If the they painted it white, it would keep the dog house at a cooler tempature during hot sunny days.",Does the answer contain any irrelevant or incorrect information?,0,train,c9
1267,186,black ::  The color black because it would be warm in t he doghouse. Since black absorbs more heat black would be best to keep th e dog warm rather than cold.,Does the answer contain any irrelevant or incorrect information?,0,train,c9
1268,167,black :: The sun absorbs more energy in the color. Mak ing the inside of the doghouse hot &amp; warm.,Does the answer contain any irrelevant or incorrect information?,0,train,c9
1269,1249,"white :: If you were to build a dog house you wouldn't want it to get to hot, so I would choose white. The average was 42(DEG) C, since it was the coolest of the jars I think it would be best for the dog house.",Does the answer contain any irrelevant or incorrect information?,0,val,c9
1270,286,white :: because white is the the color that regects a ll light there for keeping the light rays from soaking in causing heat,Does the answer contain any irrelevant or incorrect information?,0,train,c9
1271,791,"white ::  By painting the dog house white, it would make the inside of the doghouse cooler. This is proven because in each trial, white had the lowest temperature. For example, in the experiment, White's average tempurate was 42(DEG), compared to black's average, which was 53(DEG); a huge difference!",Does the answer contain any irrelevant or incorrect information?,0,train,c9
1272,1020,"light gray ::  The color light gray would have to be the be st color to paint the doghouse. They wouldnt want to use black because si nce black is a dark color itll absorb more energy &amp; make the air temp erature rise high. So black wouldnt be a good color because they wouldnt want the dogs to get to hot. That is why i chose light gray because i thi nk its just righ to paint the doghouse. With light gray, the dogs wouldnt be to hot or too cold. They would be just right.",Does the answer contain any irrelevant or incorrect information?,1,train,c9
1273,36,white :: i would say white because in the experiment t he darker the color the hotter it got. And with white being the lightest color the dog would not get as hot.,Does the answer contain any irrelevant or incorrect information?,0,train,c9
1274,165,light gray :: light gray because it wouldn't be that hot in the summer time and in would not be that cold. becaue in the results the average for light grey was 45(DEG).and that in perfect tempature,Does the answer contain any irrelevant or incorrect information?,0,train,c9
1275,438,black ::  The black lid will attract more heat to the d og house.,Does the answer contain any irrelevant or incorrect information?,0,train,c9
1276,1634,"white :: by painting the doghouse white it would make the doghouse cooler inside than painting it black dark gray or light gray because in the data it shows that the average temperature of the air in the jar that had the white lid was 42(DEG)c , and the average temprature for the air inside the jar that had the black lid was 53(DEG)c. by painting the doghouse white there would be a difference in heat of 11(DEG)c t han painting the doghouse black. therefore painting the doghouse white would be the best choice of color to paint the doghouse because it would keep it the coolist temperature.",Does the answer contain any irrelevant or incorrect information?,0,train,c9
1277,106,dark gray ::  the color affect the dog house because with dark gray the temperature is kept the same instead of varying from one temp to the other. Plus dog dont want it to be too cold in there dog house so i figured they want a temperature that will keep them warm and kinda chill,Does the answer contain any irrelevant or incorrect information?,1,val,c9
1278,51,"white :: White would affect the inside of the doghouse becuase it is a light color so it will absorb less enrgy becuase the dar ker the color the more enrgy it will absorb. In teh data table from their experiment, black absorbed the most energy and white absorbed the least energy so that is why they should choose white for the doghouse",Does the answer contain any irrelevant or incorrect information?,0,val,c9
1279,1537,black ::  i would chooose black for my dog's house brco use during the winters the dog house would need all the heat it could get so i would choose black. black is the best color to choose becouse in th e test it was an average of 11(DEG)c hotter!,Does the answer contain any irrelevant or incorrect information?,0,train,c9
1280,1606,white :: the best color to choose would be white becau se on average white had the lowest temperature of all the colors meeaning the inside of the doghouse would be cooler,Does the answer contain any irrelevant or incorrect information?,0,train,c9
1281,795,black :: will absord more energy,Does the answer contain any irrelevant or incorrect information?,0,train,c9
1282,552,dark gray ::  Dark gray would be a good color to paint the doghouse because it's not too hot and it's not too cold. The average temperature would be 48(DEG) C. Just right.,Does the answer contain any irrelevant or incorrect information?,0,train,c9
1283,2,white :: The color white is the best choice. It will keep the doghouse a cooler tempture. This is proven by the data gathered by the trials. According to the data the average air temperature of a black lid on a jar was 53(DEG) C. When the lid was changed the white the temperature droped to an average of 42(DEG) C. This proves that white would be a better temperature control factor.,Does the answer contain any irrelevant or incorrect information?,0,train,c9
1284,1092,light gray ::  i chose light gray because the inside of the doghouse would be warm and the dogs fur would keep the dog warm in the wi nter.,Does the answer contain any irrelevant or incorrect information?,1,train,c9
1285,260,"white ::  On a hot summer day, it's easy for dogs to ge t overheated, harming them and even killing them. Therefore, white is the best color of paint to use because the air inside of it only increases b y 18(DEG)C after ten minutes of exposure to light and heat. With black p aint, it increases by 29(DEG)C, which could definately be detrimental to a dogs health.",Does the answer contain any irrelevant or incorrect information?,0,train,c9
1286,450,white ::  because the whit well not be as heated in the dog house unlike black because that welll heat the whole doghouse,Does the answer contain any irrelevant or incorrect information?,0,train,c9
1287,459,white :: If the dark the color the hotter it gets why not choose white to keep the dog nice and cool in some ways.,Does the answer contain any irrelevant or incorrect information?,0,train,c9
1288,1199,"white ::  White would be the best color for a dog house because according to this expiriment whit absorbs the most heat with an average temperature of 42(DEG)C compared to the black paint which had an average tempurature of 53.25(DEG)C, making the dog house a cooler place to live.",Does the answer contain any irrelevant or incorrect information?,0,train,c9
1289,726,"white ::  It could get dirty, you could piant it over agia,and you could draw on the walls.",Does the answer contain any irrelevant or incorrect information?,1,train,c9
1290,188,"white :: If the color of the doghouse is white, this w ill keep the house cool. According to the experiment, the black lid incre ased the air temperature by 29(DEG)C in 10 minutes, while the white lid only increased it by 18(DEG)C.",Does the answer contain any irrelevant or incorrect information?,0,train,c9
1291,990,"white ::  Using white paint would make the doghouse col der than if they used black paint. As was shown by the table, the average temperature of the jar with a black lid was 53(DEG)C, while the average temperature of the jar with a white lid was 42(DEG)C. The jar with the black lid was 11(DEG)C warmer than the jar with the white lid. Thus, usi ng white paint would also make the doghouse colder than using black paint , and Brandi and Jerry should use white paint.",Does the answer contain any irrelevant or incorrect information?,0,train,c9
1292,473,black ::  The color black absorbs all the colors of lig ht so the inside of the doghouse would be hot becase the color is absorbi ng and trapping the heat from the light.,Does the answer contain any irrelevant or incorrect information?,0,train,c9
1293,1234,dark gray :: dark gray may attract more heat to the dog ho use but no as much as black.,Does the answer contain any irrelevant or incorrect information?,0,train,c9
1294,803,"dark gray :: If they choose dark gray as the color for the doghouse, the temperature of doghouse would be neither too hot or too co ld for the dog. I chose dark gray because black would be too hot for dogs because they have furs but white would be too cold because even though t he dogs have furs, if the temperature is cold, thye will get cold. So i t hink dark gray is the best color to choose.",Does the answer contain any irrelevant or incorrect information?,0,train,c9
1295,1017,"white :: using white paint would keep the temperature inside of the doghouse low on a sunny day. the average temperature of the white lid was 42(DEG)C and the average temperature of the blace lid was 53(DEG)C, the white lid was 11(DEG)C cooler then the jar with the blac k lid",Does the answer contain any irrelevant or incorrect information?,0,train,c9
1296,1153,"black :: We can see from this expirement that darker colors absorb more heat. Knowing this information, for the dog to be more warm and comfortable inside his doghouse, Brandi and Jerry should paint the house Black.",Does the answer contain any irrelevant or incorrect information?,0,train,c9
1297,336,"light gray :: Well ,I pick Light gray because I wouldnt wan t too much energy in my dogs house if i had to pick a color . Most dogs g oes in their house soo they can either cool off or to relax .",Does the answer contain any irrelevant or incorrect information?,1,train,c9
1298,1423,light gray ::  it will keep it warm for those cold night an d keep it cool for those hot summer days.,Does the answer contain any irrelevant or incorrect information?,0,train,c9
1299,57,dark gray ::  I think that they should paint the dog house black because it absorbs more sunlight and allow the house to be warmer. The black had the highest temperture that was 54 degrees and the white on e had 41 degrees.,Does the answer contain any irrelevant or incorrect information?,0,train,c9
1300,289,"white ::  having this colour will effect the dog house because light colours reflect heat, so if you paint the house white, then there wont as much heat on the walls, making the doghouse cooler. this i s shown by the fact that in the jar experement, black had the hottest dat a and white had the coolest.",Does the answer contain any irrelevant or incorrect information?,0,train,c9
1301,536,white :: White. Because the black attracts light so th en the dog house would heat up. th edark Gray is also like the black so t hat wont work either. The last decision was light gray or white so i pick ed white because that color doesnt attract light.,Does the answer contain any irrelevant or incorrect information?,0,train,c9
1302,1421,white :: That will affect the doghouse becuase that wa y there wont be to much pressure in the dog house. Then the dog wil l be comfortable,Does the answer contain any irrelevant or incorrect information?,1,train,c9
1303,975,white :: I would use a light color like White in this case because if its 95 degrees outside and you have a black dog house the dog house is going to be hot.Like in the experiment they used they used a black lid because it would make the jar the hotest.,Does the answer contain any irrelevant or incorrect information?,0,train,c9
1304,858,"white ::  hite will keep the doghouse cooler inside bec uase white attracks less energy than black, dark grey, and light grey. th e white was the lowest average tempatue a 42(DEG)C",Does the answer contain any irrelevant or incorrect information?,0,train,c9
1305,199,"black :: Black absorbs light. Just like with the jar l id when it was black, it absorbed the most. So if you colored the doghous e black it would increase the temperature inside it.",Does the answer contain any irrelevant or incorrect information?,0,train,c9
1306,577,light gray ::  You dont want the dog to hot so make it so it will be cooler inside. It will be about 45(DEG)C,Does the answer contain any irrelevant or incorrect information?,0,train,c9
1307,1535,white ::  white would not attract as much heat as the o ther darker colors,Does the answer contain any irrelevant or incorrect information?,0,train,c9
1308,1396,"light gray ::  On hot sunny days the color of the house wouldn't absorb so much heat, So the house woldnt get so hot, But if it was a cold day the colors of the house could reflect the cold air, Becuas e, Lighter colors reflect heat, &amp; darker colors absorb heat.",Does the answer contain any irrelevant or incorrect information?,0,train,c9
1309,1220,"white ::  white would be best because it reflects more energy, the table shows that the average temp. after three trials for the white lid was 42 degrees celcius which is 11 dgrees cooler than the h ighest average(52 degrees celcius) or the black lid.",Does the answer contain any irrelevant or incorrect information?,0,train,c9
1310,460,white :: White affects the dog house temperature becau se it has less heat obsorbing in it.,Does the answer provide accurate information?,0,train,c1
1311,1479,"dark gray :: If Brandi and Jerry painted the doghouse dark gray, I think it would be just warm enough in the winter and just cool e nough in the summer, because dark gray has the medium-warm temperature on the chart about the colored lids.",Does the answer provide accurate information?,1,train,c1
1312,1355,black ::  black would affect the doghouse because if it was to hot the dog wouldnt have know where to go but the doghouse the the dog house would be extremely hot,Does the answer provide accurate information?,0,train,c1
1313,1503,"white :: usually a dog house is only used in the summe r so to keep the dog a little less cooler they should use a white paint. bc i learned that all the colors bounce off white and go somewhere else a long with their heat. but blck has all the colors so it obsorbs all color s and their heat. so white would be best in the table it shows that the average temput ure for a white house is 42(DEG)c. the average temputure for lightgray i s 45(DEG)c, the average temp. for dark gray is 48(DEG)c, and black's av erage temp. is 53(DEG)c. thats an 11(DEG)c difference. whitch could be very important.",Does the answer provide accurate information?,1,train,c1
1314,281,"black :: if they painted the doghouse black, then it w ill be hotter inside the doghouse because the darker the color the more heat it will absorb. example: the black lid created the hottest air temperature in the jar.",Does the answer provide accurate information?,1,train,c1
1315,961,dark gray ::  the color will effect the dog house because i f it is black it will be hotter because it atracts more heat but if its w hite then it will atracts less heat.,Does the answer provide accurate information?,0,train,c1
1316,570,black :: Black would change the temperature of the dog house by making it warmer beacause black absorbs heat to most. With the black lid the temperture was 53(DEG)C. With the white lid the temperature was 42(DEG)C. There was 11(DEG)C difference.,Does the answer provide accurate information?,1,train,c1
1317,332,"white ::  white will effect the dog house.first this wi ll effect it because white will make it cooler in the summer,because whit e doesnt absorb very much heat.",Does the answer provide accurate information?,1,train,c1
1318,86,white :: the white is better for the dog house because it wont get to hot inside and not to cold.the hotest it would get in the house is 43 and the coldest it would get is 41,Does the answer provide accurate information?,1,train,c1
1319,717,"white :: If you paint the dog house white, it will sta y nice and cool and won't get too hot because the data showed that when t he lid was white, the average temperature, 42(DEG)C, was colder than the others. When the lid was black the average temperature was highest, 53(DEG) C, which is 11(DEG) more than the white lid's average.",Does the answer provide accurate information?,1,val,c1
1320,287,black :: The color might affect by since it is black i t will absorb more light energy which then makes the temputure higher so the inside will be warmer/hotter.,Does the answer provide accurate information?,1,train,c1
1321,996,white :: because in the graph is says the average is 4 2 and thats why i picked white cause different chemical.,Does the answer provide accurate information?,0,train,c1
1322,1045,white ::  reflect more heat to keep the inside cooler i n the sumer,Does the answer provide accurate information?,1,train,c1
1323,1198,"black :: The black paint will make the dog house warme r for the dog because the black lid on the jar aborbed the most heat, wit h the highest average temperature (53(DEG)C).",Does the answer provide accurate information?,1,train,c1
1324,676,black :: it will make the dog house really hot.,Does the answer provide accurate information?,1,train,c1
1325,55,white :: The color white would be a great color to use in a doghouse because the inside of the doghouse would be cooler for the dog soo when its hot then it wont be to hot in its house. I say this bec ause the average temp of the color white is 42(DEG)C while the other 3 c olors are above this average temp.,Does the answer provide accurate information?,1,val,c1
1326,944,"black :: The color black will affect the doghouse by m aking it a warmer environment for the dog. Plus if it is a cold winter, t he doghouse will help to keep the dog warmer. The data table shows that u sing the black lid color the air temperature was clearly around 12(DEG) higher then the white lid, about 10(DEG) higher in temperature than the light gray lid, and about 6(DEG) higher in temperature than the dark gray lid each trial. The average temperature was 53(DEG)C for the black lid, the average temperature for the dark gray lid was 48(DEG)C, the average tem perature for the light gray lid was 45(DEG)C, and the average temperatur e for the white lid was 42(DEG)C. It shows the black lid absorbs more he at to keep the doghouse warmer.",Does the answer provide accurate information?,1,train,c1
1327,1487,dark gray ::  the darker the color the warmer it is inside. and if it was black it would be to hot and white or light gray would get to cold.,Does the answer provide accurate information?,1,train,c1
1328,920,black :: Black will affect the dog house because when is sunny and bright the color will attract the heat and it will make it e ven hotter in the out side and the inside of the dog house,Does the answer provide accurate information?,1,val,c1
1329,37,white :: white will keep the dog house nice and cool s ince according to there data the white lid kept the air in the jar cooles t.,Does the answer provide accurate information?,1,train,c1
1330,916,white :: white will make the dog house cooler so its m ore comferable in hot weather.,Does the answer provide accurate information?,1,train,c1
1331,7,"black ::  The color ""Black"" would be the best color for the roof of a dog house because according to the results from the experiment, the air temperature inside is higher compared to other co lors.",Does the answer provide accurate information?,0,train,c1
1332,663,"black :: this would make the doghouse very hot and unc omfortable because, as shown in the expirament, black attracts heat bring ing more thermal energy to the dog house than other colors such as white.",Does the answer provide accurate information?,1,train,c1
1333,183,black :: Black will affect the dog house by heating it up because black absorbes more energy.,Does the answer provide accurate information?,1,train,c1
1334,694,black :: The color black might affect the dog house be cause black is the drakest color out of the's four colors.,Does the answer provide accurate information?,0,train,c1
1335,641,"dark gray :: If Brandi and Jerry used the color dark gray for their doghouse that would be the best color because it would keep the doghouse warm and cool depending on the seasons. The color dark gray in the jar experiment had an average of 48(DEG)C. That makes the temp erature of the doghouse in general, not to hot and not to cool based on t he jar experiment.",Does the answer provide accurate information?,1,val,c1
1336,913,white :: The color white does not absorb as much heat as a darker color and the doghouse wont get as hot.,Does the answer provide accurate information?,1,val,c1
1337,955,white :: the color on the outside will either heat up or cool down the doghouse and since white was still warm but not too hot so white is the best color for the doghouse.,Does the answer provide accurate information?,1,train,c1
1338,1461,"white :: White would be the best color. this is becaus e on average it had the lowest tempature inside, so it asorbed or blocked the most heat, it had an averge of 42 degrees while black had an average of 53 degrees",Does the answer provide accurate information?,1,train,c1
1339,358,dark gray :: This will keep the dog warm but it wont get to hot or cold.,Does the answer provide accurate information?,0,train,c1
1340,109,"white ::  The darker the color, the greatest increase i n temperature because darker colors absorb more energy. The white would keep the doghouse's roof cool on a very sunny day, since the light color doesnt absorb energy as fast as the dark colors.",Does the answer provide accurate information?,1,train,c1
1341,1533,white ::  its obsorves less energy from the sun than al l the darker colors,Does the answer provide accurate information?,1,train,c1
1342,53,white ::  If the color is a dark color then the tempera ture will increase more than if the color is a lighter shade. White was t he color that affected the temperature the least in the experiment and th at would be the best color for the doghouse's temperature.,Does the answer provide accurate information?,1,train,c1
1343,865,"dark gray :: The dog house would not be too hot in the sum mer if you did a dark gray, also if you chose a light gray it could be co ld in the winter, so there for dark gray would be the best color.",Does the answer provide accurate information?,0,train,c1
1344,1338,light gray ::  light gray is more as cooler than black or dark gray in the summer but black and dark gray will be warmer in the winter light gray or white. Meaning light gray is in the middle.,Does the answer provide accurate information?,1,train,c1
1345,529,white :: so if it is hot out side and the dog wants to go in side the dog house then it will be cooler because the color of the dog house is white.,Does the answer provide accurate information?,1,train,c1
1346,369,white :: it will make it cooler inside because the whi te coloer will deflect light from the house,Does the answer provide accurate information?,1,val,c1
1347,141,"white :: This color will make the air in the doghouse less hot, so the dog will be a lot cooler while in the doghouse. I know t his because in the experiment the air is hottest with a black lid and coo lest with a white one. So if the sun is beating down on the doghouse, it will only reach about 42(DEG) C, instead of 45(DEG) C or higher.",Does the answer provide accurate information?,1,train,c1
1348,1090,white :: white doesnt take in colors from the rainbow like black and other colors,Does the answer provide accurate information?,0,val,c1
1349,823,dark gray :: It will take in heat in the winter and won't take as much in in the summer as black would.,Does the answer provide accurate information?,1,val,c1
1350,682,"black :: The dark paint color is better because the gr eater the increase in air temprature in the doghouse ,becouse darker colo r absorbs more energy.",Does the answer provide accurate information?,0,train,c1
1351,1077,white :: If they colored the doghouse white then it wi ll be cool inside and not so hot like it would be if it was black. Because when the jar lid was black the inside of the jar was 53(DEG)C an d when it was white the inside of the jar was 42(DEG)C,Does the answer provide accurate information?,1,val,c1
1352,767,black :: Black is a dark color so it will absorb more heat and make the dog house a hot temperature.,Does the answer provide accurate information?,1,train,c1
1353,306,"dark gray :: That color (dark gray) might affect the dog h ouse by absorbing heat cause it is a dark color,but not as dark black,so it won't absorb so munch heat.",Does the answer provide accurate information?,1,train,c1
1354,465,black :: it wil heat the dog house up more than the ot her colors.,Does the answer provide accurate information?,1,train,c1
1355,151,white :: The darker colors will absorb heat faster tha n lighter colors.,Does the answer provide accurate information?,1,train,c1
1356,1368,"white :: If you paint the doghouse white, it will be c ooler inside than if you painted it black. Since black absorbs more energ y it will get hotter faster than if it was painted white.",Does the answer provide accurate information?,1,train,c1
1357,569,black :: i think the color black will make the isnside of the dog house warm because it is a dark color.,Does the answer provide accurate information?,0,train,c1
1358,669,"black :: black might affect the doghouse because its going to be dark,hot, and not cmfortable.",Does the answer provide accurate information?,1,train,c1
1359,170,dark gray :: the dark gray will keep the inside of the dog house warm enough in the winter and not to hot during the summer. the dar k gray was an average of 48(DEG)C which is not as hot as the black lid w hich was an average of 53(DEG)C and not as cold as the light gray which was and average of 45(DEG)C.,Does the answer provide accurate information?,1,train,c1
1360,624,white ::  Less heat in the dog house so there would be much more comfort for the dog.,Does the answer provide accurate information?,1,train,c1
1361,809,"white :: It might not give it much light from the sun or any heat because darker colors attract more energy and light. Just lik e with the jars and the lamp. The jar with a black lid had the highest av erage, therefore proving that darker colors attract more energy.",Does the answer provide accurate information?,1,train,c1
1362,296,white :: White will reduce the temperature in side the doghouse. In the experiment white had an average of 42(DEG)C while the other colors had higher temperature averages.,Does the answer provide accurate information?,1,train,c1
1363,169,white ::  painting a dog house white will keep it coole r than other colors. in the experiment white had an average temp of 42(DEG) C while black had a 53(DEG)C average,Does the answer provide accurate information?,1,train,c1
1364,872,"white ::  if the doghouse is painted white the air temp erature will be lower than light gray, dark gray, or black. the white lid jar had an average temperature of 42(DEG)C. the light gray lid had an a verage temperature of 45(DEG)C. the dark gray lid had an average tempera ture of 48(DEG)C. and the black lid had an average temperature of 53(DEG) C. therefor white will help make the inside of the doghouse cooler.",Does the answer provide accurate information?,1,val,c1
1365,1463,"white ::  white would make the dog house less hot. the data table shows that the white paint kept the jar cooler than the other paint in trial 1,2, and 3.",Does the answer provide accurate information?,1,train,c1
1366,1099,"light gray :: The doghouse should be light gray because tha t way the air temperature isn't to hot or to cold, it's just about in the middle.",Does the answer provide accurate information?,0,val,c1
1367,252,"white :: The color white will keep the doghouse cool u nder sunlight, because in the expirement, the white color reflects sunlig ht, not absorbing it. so, the doghouse will be cooler",Does the answer provide accurate information?,1,train,c1
1368,1454,black :: The color my affect the dog house because the dog might not be the same color as the house or the house will be to dar k because its black.,Does the answer provide accurate information?,0,train,c1
1369,855,"black ::  The darker the color, the warmer it will be i nside of the doghouse becuase darker colors absorb more energy.",Does the answer provide accurate information?,1,train,c1
1370,253,light gray ::  it would keep the dog house at a good temp. the entire year round.,Does the answer provide accurate information?,0,train,c1
1371,566,white :: It Was The Coolest With the Temp. Of 42(DEG) C. It would Be To Hot To Use Black Which Was 53(DEG)C. Inside The Jar.,Does the answer provide accurate information?,1,train,c1
1372,817,"dark gray :: This color would keep the temperature just ri ght. It wouldn't be too hot or to too cold. The average (DEG)C was 48(DEG) C, the lowest average wsa 42(DEG)C and the highest average was 53(DEG)C.",Does the answer provide accurate information?,1,train,c1
1373,1191,white :: White would make it more comfortable for the dog and it would be warmer than black because the black absorbs more ener gy than light colors.,Does the answer provide accurate information?,1,train,c1
1374,1103,"white :: you would probably want to choose white becua se that is the color that will keep it the coolest inside the dogouse, wh en the sun is shinning it is usually warm outside, and the dog will want to use it to cool off, not to get even more hot.",Does the answer provide accurate information?,1,train,c1
1375,1580,"dark gray :: The best paint color for the doghouse would b e dark gray. In the experiment of the glass jar it had an average of 48(DEG) C and was the second highest temperature. The highest temperature was the black lid with 53(DEG)C. The difference of the highest temperature and second highest temperature was the 5(DEG)C. If using the dark gray paint color it would still absorb energy to keep the dogs warm, but yet be a bit coo l for them too.",Does the answer provide accurate information?,1,train,c1
1376,291,dark gray :: I think dark gray is good because the t empeture is 48(DEG) and that's not hot so the dog is not going to be hot .And 48(DEG) is not cold either it's cool so the dog wont be cold or hot it'll be just right.But that's my opinion.,Does the answer provide accurate information?,0,train,c1
1377,591,"white :: The color of the dog house being white wil ca use the doghouse to stay cooler under sunlight. This is beacuse the color white reflects the light away from the doghouse, and the light will not be absorbed and turned into heat energy inside the doghouse.",Does the answer provide accurate information?,1,train,c1
1378,1532,white ::  if they used white for the color of the dog hous it would keep the inside of it cool because white reflects ligh t.,Does the answer provide accurate information?,1,train,c1
1379,197,black ::  It will make the inside of the dog house cold or warm .,Does the answer provide accurate information?,0,train,c1
1380,852,light gray :: This color should make the doghouse a nice co ol temperature cosistantly. I say this because in the data table light gr ay's average temp. was 45(DEG).,Does the answer provide accurate information?,0,train,c1
1381,760,black :: The black doghouse would keep you warmer in t he winter but it would be really hot in the summer,Does the answer provide accurate information?,0,train,c1
1382,1399,"light gray :: Using Light Gray would keep the tempurature a t an even or equal rate. If it was cold, it wouldn't keep it as warm, but not super cold either. If it was hot outside, the dog house would keep s orta cool, but not extremely hot either. The average of Black is a high a t 53 degrees. which is super hot. Then White would be too cold at an aver age temp at 42 degrees.",Does the answer provide accurate information?,1,train,c1
1383,211,black :: black is a darker color so there forth it att racts heat which would cause th tempatuer to go up,Does the answer provide accurate information?,1,train,c1
1384,1377,white :: it would keep the inside of the doghouse cool er,Does the answer provide accurate information?,0,train,c1
1385,1206,"black ::  The black paint because it will absorb more light energy causing the inside of the dog house to be warmer, keeping the dog warm at night. The average temperature for the black lid was 53(DEG), while the white was 42(DEG). The black paint had the highest temperature out of all colors and was 11(DEG) higher than the white paint.",Does the answer provide accurate information?,1,train,c1
1386,174,light gray :: IT will affect it because it will absorb less heat,Does the answer provide accurate information?,0,train,c1
1387,710,"white :: the white color will attract less energy than the others, thus making the doghouse cooler",Does the answer provide accurate information?,1,train,c1
1388,3,white :: I chose white for the color of paint for the dog house. White might affect the doghouse by keeping the inside cooler d uring the day. When the glass jar had a black lid the average temperature was 53(DEG)C. When the glass jar had a white lid after ten minutes the average temperature in the jar was only 42(DEG)C. This is a difference o f 11(DEG)C. White is the better choice for paint color on a doghouse bec ause it will keep a dog cool in the middle of the day.,Does the answer provide accurate information?,1,train,c1
1389,1438,"black :: i chose the black color becasue that if the d og likes it hot then this would be the right becasue when they see what c olor would be the hotes and the trials number are 54(DEG), 52(DEG), 53(DEG) ((DEG)c) and the average temp. is 53(DEG)c if the dog likes it hot in there",Does the answer provide accurate information?,0,train,c1
1390,1384,light gray :: light gray because it wont make the inside of the dog house to hot because the dog already has a large coat of fur and dark gray wont over heat the dog house.,Does the answer provide accurate information?,0,train,c1
1391,748,"white :: Assuming that the location of the doghouse ha s a warm climate, the white paint color will be more likely to keep the t emperature of the air inside the doghouse at a cooler, or lower, temperat ure. This can be said because the white paint color, on average, made the air inside the glass jar a temperature of 42(DEG) C, compared to 53(DEG) C for black paint, 48(DEG) C for dark gray paint, and 45(DEG) C for light gr ay paint. It is vital that the doghouse maintains a low temperature so th at the dog, that stays inside the doghouse, doesn't overheat.",Does the answer provide accurate information?,1,train,c1
1392,1113,black ::  if you use black paint then it will take in m ore heat because dark colors absorb more energy like they found out in th e lab hot lamp the black was at least 5(DEG)c hotter then all the other colors.,Does the answer provide accurate information?,1,train,c1
1393,1484,"white :: The white paint should keep the inside temper ature of the doghouse cooler on a hot day, than say black paint for examp le. When comparing the average temperatures of all the lid colors the whi te lid kept the glass jar at a cooler temperature. On average about 6.6(DEG) C cooler, compared with the averages for the other lids. So, therefore white pa int is the better choice, especially if you are looking to keep the insid e of the dog house cool for your dog on a hot day.",Does the answer provide accurate information?,1,train,c1
1394,312,black :: it would increase the temerature more than an y colors selected.,Does the answer provide accurate information?,0,train,c1
1395,1491,black :: it will keep the dog house warmer because the black attracks heat,Does the answer provide accurate information?,1,train,c1
1396,640,black :: it will effect it because the suns rays will heat it,Does the answer provide accurate information?,0,train,c1
1397,959,"white ::  White because in the data it say that white had the lowest tempature with a average of 42(DEG)C. If the they painted it white, it would keep the dog house at a cooler tempature during hot sunny days.",Does the answer provide accurate information?,1,train,c1
1398,186,black ::  The color black because it would be warm in t he doghouse. Since black absorbs more heat black would be best to keep th e dog warm rather than cold.,Does the answer provide accurate information?,1,train,c1
1399,167,black :: The sun absorbs more energy in the color. Mak ing the inside of the doghouse hot &amp; warm.,Does the answer provide accurate information?,0,train,c1
1400,1249,"white :: If you were to build a dog house you wouldn't want it to get to hot, so I would choose white. The average was 42(DEG) C, since it was the coolest of the jars I think it would be best for the dog house.",Does the answer provide accurate information?,1,val,c1
1401,286,white :: because white is the the color that regects a ll light there for keeping the light rays from soaking in causing heat,Does the answer provide accurate information?,1,train,c1
1402,791,"white ::  By painting the dog house white, it would make the inside of the doghouse cooler. This is proven because in each trial, white had the lowest temperature. For example, in the experiment, White's average tempurate was 42(DEG), compared to black's average, which was 53(DEG); a huge difference!",Does the answer provide accurate information?,1,train,c1
1403,1020,"light gray ::  The color light gray would have to be the be st color to paint the doghouse. They wouldnt want to use black because si nce black is a dark color itll absorb more energy &amp; make the air temp erature rise high. So black wouldnt be a good color because they wouldnt want the dogs to get to hot. That is why i chose light gray because i thi nk its just righ to paint the doghouse. With light gray, the dogs wouldnt be to hot or too cold. They would be just right.",Does the answer provide accurate information?,0,train,c1
1404,36,white :: i would say white because in the experiment t he darker the color the hotter it got. And with white being the lightest color the dog would not get as hot.,Does the answer provide accurate information?,1,train,c1
1405,165,light gray :: light gray because it wouldn't be that hot in the summer time and in would not be that cold. becaue in the results the average for light grey was 45(DEG).and that in perfect tempature,Does the answer provide accurate information?,1,train,c1
1406,438,black ::  The black lid will attract more heat to the d og house.,Does the answer provide accurate information?,0,train,c1
1407,1634,"white :: by painting the doghouse white it would make the doghouse cooler inside than painting it black dark gray or light gray because in the data it shows that the average temperature of the air in the jar that had the white lid was 42(DEG)c , and the average temprature for the air inside the jar that had the black lid was 53(DEG)c. by painting the doghouse white there would be a difference in heat of 11(DEG)c t han painting the doghouse black. therefore painting the doghouse white would be the best choice of color to paint the doghouse because it would keep it the coolist temperature.",Does the answer provide accurate information?,1,train,c1
1408,106,dark gray ::  the color affect the dog house because with dark gray the temperature is kept the same instead of varying from one temp to the other. Plus dog dont want it to be too cold in there dog house so i figured they want a temperature that will keep them warm and kinda chill,Does the answer provide accurate information?,0,val,c1
1409,51,"white :: White would affect the inside of the doghouse becuase it is a light color so it will absorb less enrgy becuase the dar ker the color the more enrgy it will absorb. In teh data table from their experiment, black absorbed the most energy and white absorbed the least energy so that is why they should choose white for the doghouse",Does the answer provide accurate information?,1,val,c1
1410,1537,black ::  i would chooose black for my dog's house brco use during the winters the dog house would need all the heat it could get so i would choose black. black is the best color to choose becouse in th e test it was an average of 11(DEG)c hotter!,Does the answer provide accurate information?,1,train,c1
1411,1606,white :: the best color to choose would be white becau se on average white had the lowest temperature of all the colors meeaning the inside of the doghouse would be cooler,Does the answer provide accurate information?,1,train,c1
1412,795,black :: will absord more energy,Does the answer provide accurate information?,1,train,c1
1413,552,dark gray ::  Dark gray would be a good color to paint the doghouse because it's not too hot and it's not too cold. The average temperature would be 48(DEG) C. Just right.,Does the answer provide accurate information?,0,train,c1
1414,2,white :: The color white is the best choice. It will keep the doghouse a cooler tempture. This is proven by the data gathered by the trials. According to the data the average air temperature of a black lid on a jar was 53(DEG) C. When the lid was changed the white the temperature droped to an average of 42(DEG) C. This proves that white would be a better temperature control factor.,Does the answer provide accurate information?,1,train,c1
1415,1092,light gray ::  i chose light gray because the inside of the doghouse would be warm and the dogs fur would keep the dog warm in the wi nter.,Does the answer provide accurate information?,0,train,c1
1416,260,"white ::  On a hot summer day, it's easy for dogs to ge t overheated, harming them and even killing them. Therefore, white is the best color of paint to use because the air inside of it only increases b y 18(DEG)C after ten minutes of exposure to light and heat. With black p aint, it increases by 29(DEG)C, which could definately be detrimental to a dogs health.",Does the answer provide accurate information?,1,train,c1
1417,450,white ::  because the whit well not be as heated in the dog house unlike black because that welll heat the whole doghouse,Does the answer provide accurate information?,0,train,c1
1418,459,white :: If the dark the color the hotter it gets why not choose white to keep the dog nice and cool in some ways.,Does the answer provide accurate information?,1,train,c1
1419,1199,"white ::  White would be the best color for a dog house because according to this expiriment whit absorbs the most heat with an average temperature of 42(DEG)C compared to the black paint which had an average tempurature of 53.25(DEG)C, making the dog house a cooler place to live.",Does the answer provide accurate information?,1,train,c1
1420,726,"white ::  It could get dirty, you could piant it over agia,and you could draw on the walls.",Does the answer provide accurate information?,0,train,c1
1421,188,"white :: If the color of the doghouse is white, this w ill keep the house cool. According to the experiment, the black lid incre ased the air temperature by 29(DEG)C in 10 minutes, while the white lid only increased it by 18(DEG)C.",Does the answer provide accurate information?,1,train,c1
1422,990,"white ::  Using white paint would make the doghouse col der than if they used black paint. As was shown by the table, the average temperature of the jar with a black lid was 53(DEG)C, while the average temperature of the jar with a white lid was 42(DEG)C. The jar with the black lid was 11(DEG)C warmer than the jar with the white lid. Thus, usi ng white paint would also make the doghouse colder than using black paint , and Brandi and Jerry should use white paint.",Does the answer provide accurate information?,1,train,c1
1423,473,black ::  The color black absorbs all the colors of lig ht so the inside of the doghouse would be hot becase the color is absorbi ng and trapping the heat from the light.,Does the answer provide accurate information?,0,train,c1
1424,1234,dark gray :: dark gray may attract more heat to the dog ho use but no as much as black.,Does the answer provide accurate information?,1,train,c1
1425,803,"dark gray :: If they choose dark gray as the color for the doghouse, the temperature of doghouse would be neither too hot or too co ld for the dog. I chose dark gray because black would be too hot for dogs because they have furs but white would be too cold because even though t he dogs have furs, if the temperature is cold, thye will get cold. So i t hink dark gray is the best color to choose.",Does the answer provide accurate information?,0,train,c1
1426,1017,"white :: using white paint would keep the temperature inside of the doghouse low on a sunny day. the average temperature of the white lid was 42(DEG)C and the average temperature of the blace lid was 53(DEG)C, the white lid was 11(DEG)C cooler then the jar with the blac k lid",Does the answer provide accurate information?,1,train,c1
1427,1153,"black :: We can see from this expirement that darker colors absorb more heat. Knowing this information, for the dog to be more warm and comfortable inside his doghouse, Brandi and Jerry should paint the house Black.",Does the answer provide accurate information?,1,train,c1
1428,336,"light gray :: Well ,I pick Light gray because I wouldnt wan t too much energy in my dogs house if i had to pick a color . Most dogs g oes in their house soo they can either cool off or to relax .",Does the answer provide accurate information?,0,train,c1
1429,1423,light gray ::  it will keep it warm for those cold night an d keep it cool for those hot summer days.,Does the answer provide accurate information?,0,train,c1
1430,57,dark gray ::  I think that they should paint the dog house black because it absorbs more sunlight and allow the house to be warmer. The black had the highest temperture that was 54 degrees and the white on e had 41 degrees.,Does the answer provide accurate information?,1,train,c1
1431,289,"white ::  having this colour will effect the dog house because light colours reflect heat, so if you paint the house white, then there wont as much heat on the walls, making the doghouse cooler. this i s shown by the fact that in the jar experement, black had the hottest dat a and white had the coolest.",Does the answer provide accurate information?,1,train,c1
1432,536,white :: White. Because the black attracts light so th en the dog house would heat up. th edark Gray is also like the black so t hat wont work either. The last decision was light gray or white so i pick ed white because that color doesnt attract light.,Does the answer provide accurate information?,0,train,c1
1433,1421,white :: That will affect the doghouse becuase that wa y there wont be to much pressure in the dog house. Then the dog wil l be comfortable,Does the answer provide accurate information?,0,train,c1
1434,975,white :: I would use a light color like White in this case because if its 95 degrees outside and you have a black dog house the dog house is going to be hot.Like in the experiment they used they used a black lid because it would make the jar the hotest.,Does the answer provide accurate information?,1,train,c1
1435,858,"white ::  hite will keep the doghouse cooler inside bec uase white attracks less energy than black, dark grey, and light grey. th e white was the lowest average tempatue a 42(DEG)C",Does the answer provide accurate information?,1,train,c1
1436,199,"black :: Black absorbs light. Just like with the jar l id when it was black, it absorbed the most. So if you colored the doghous e black it would increase the temperature inside it.",Does the answer provide accurate information?,1,train,c1
1437,577,light gray ::  You dont want the dog to hot so make it so it will be cooler inside. It will be about 45(DEG)C,Does the answer provide accurate information?,0,train,c1
1438,1535,white ::  white would not attract as much heat as the o ther darker colors,Does the answer provide accurate information?,1,train,c1
1439,1396,"light gray ::  On hot sunny days the color of the house wouldn't absorb so much heat, So the house woldnt get so hot, But if it was a cold day the colors of the house could reflect the cold air, Becuas e, Lighter colors reflect heat, &amp; darker colors absorb heat.",Does the answer provide accurate information?,1,train,c1
1440,1220,"white ::  white would be best because it reflects more energy, the table shows that the average temp. after three trials for the white lid was 42 degrees celcius which is 11 dgrees cooler than the h ighest average(52 degrees celcius) or the black lid.",Does the answer provide accurate information?,1,train,c1
1441,460,white :: White affects the dog house temperature becau se it has less heat obsorbing in it.,Does the answer include all required information?,0,train,c7
1442,1479,"dark gray :: If Brandi and Jerry painted the doghouse dark gray, I think it would be just warm enough in the winter and just cool e nough in the summer, because dark gray has the medium-warm temperature on the chart about the colored lids.",Does the answer include all required information?,0,train,c7
1443,1355,black ::  black would affect the doghouse because if it was to hot the dog wouldnt have know where to go but the doghouse the the dog house would be extremely hot,Does the answer include all required information?,0,train,c7
1444,1503,"white :: usually a dog house is only used in the summe r so to keep the dog a little less cooler they should use a white paint. bc i learned that all the colors bounce off white and go somewhere else a long with their heat. but blck has all the colors so it obsorbs all color s and their heat. so white would be best in the table it shows that the average temput ure for a white house is 42(DEG)c. the average temputure for lightgray i s 45(DEG)c, the average temp. for dark gray is 48(DEG)c, and black's av erage temp. is 53(DEG)c. thats an 11(DEG)c difference. whitch could be very important.",Does the answer include all required information?,1,train,c7
1445,281,"black :: if they painted the doghouse black, then it w ill be hotter inside the doghouse because the darker the color the more heat it will absorb. example: the black lid created the hottest air temperature in the jar.",Does the answer include all required information?,1,train,c7
1446,961,dark gray ::  the color will effect the dog house because i f it is black it will be hotter because it atracts more heat but if its w hite then it will atracts less heat.,Does the answer include all required information?,0,train,c7
1447,570,black :: Black would change the temperature of the dog house by making it warmer beacause black absorbs heat to most. With the black lid the temperture was 53(DEG)C. With the white lid the temperature was 42(DEG)C. There was 11(DEG)C difference.,Does the answer include all required information?,0,train,c7
1448,332,"white ::  white will effect the dog house.first this wi ll effect it because white will make it cooler in the summer,because whit e doesnt absorb very much heat.",Does the answer include all required information?,0,train,c7
1449,86,white :: the white is better for the dog house because it wont get to hot inside and not to cold.the hotest it would get in the house is 43 and the coldest it would get is 41,Does the answer include all required information?,0,train,c7
1450,717,"white :: If you paint the dog house white, it will sta y nice and cool and won't get too hot because the data showed that when t he lid was white, the average temperature, 42(DEG)C, was colder than the others. When the lid was black the average temperature was highest, 53(DEG) C, which is 11(DEG) more than the white lid's average.",Does the answer include all required information?,1,val,c7
1451,287,black :: The color might affect by since it is black i t will absorb more light energy which then makes the temputure higher so the inside will be warmer/hotter.,Does the answer include all required information?,0,train,c7
1452,996,white :: because in the graph is says the average is 4 2 and thats why i picked white cause different chemical.,Does the answer include all required information?,0,train,c7
1453,1045,white ::  reflect more heat to keep the inside cooler i n the sumer,Does the answer include all required information?,0,train,c7
1454,1198,"black :: The black paint will make the dog house warme r for the dog because the black lid on the jar aborbed the most heat, wit h the highest average temperature (53(DEG)C).",Does the answer include all required information?,0,train,c7
1455,676,black :: it will make the dog house really hot.,Does the answer include all required information?,0,train,c7
1456,55,white :: The color white would be a great color to use in a doghouse because the inside of the doghouse would be cooler for the dog soo when its hot then it wont be to hot in its house. I say this bec ause the average temp of the color white is 42(DEG)C while the other 3 c olors are above this average temp.,Does the answer include all required information?,0,val,c7
1457,944,"black :: The color black will affect the doghouse by m aking it a warmer environment for the dog. Plus if it is a cold winter, t he doghouse will help to keep the dog warmer. The data table shows that u sing the black lid color the air temperature was clearly around 12(DEG) higher then the white lid, about 10(DEG) higher in temperature than the light gray lid, and about 6(DEG) higher in temperature than the dark gray lid each trial. The average temperature was 53(DEG)C for the black lid, the average temperature for the dark gray lid was 48(DEG)C, the average tem perature for the light gray lid was 45(DEG)C, and the average temperatur e for the white lid was 42(DEG)C. It shows the black lid absorbs more he at to keep the doghouse warmer.",Does the answer include all required information?,1,train,c7
1458,1487,dark gray ::  the darker the color the warmer it is inside. and if it was black it would be to hot and white or light gray would get to cold.,Does the answer include all required information?,0,train,c7
1459,920,black :: Black will affect the dog house because when is sunny and bright the color will attract the heat and it will make it e ven hotter in the out side and the inside of the dog house,Does the answer include all required information?,0,val,c7
1460,37,white :: white will keep the dog house nice and cool s ince according to there data the white lid kept the air in the jar cooles t.,Does the answer include all required information?,0,train,c7
1461,916,white :: white will make the dog house cooler so its m ore comferable in hot weather.,Does the answer include all required information?,0,train,c7
1462,7,"black ::  The color ""Black"" would be the best color for the roof of a dog house because according to the results from the experiment, the air temperature inside is higher compared to other co lors.",Does the answer include all required information?,0,train,c7
1463,663,"black :: this would make the doghouse very hot and unc omfortable because, as shown in the expirament, black attracts heat bring ing more thermal energy to the dog house than other colors such as white.",Does the answer include all required information?,1,train,c7
1464,183,black :: Black will affect the dog house by heating it up because black absorbes more energy.,Does the answer include all required information?,0,train,c7
1465,694,black :: The color black might affect the dog house be cause black is the drakest color out of the's four colors.,Does the answer include all required information?,0,train,c7
1466,641,"dark gray :: If Brandi and Jerry used the color dark gray for their doghouse that would be the best color because it would keep the doghouse warm and cool depending on the seasons. The color dark gray in the jar experiment had an average of 48(DEG)C. That makes the temp erature of the doghouse in general, not to hot and not to cool based on t he jar experiment.",Does the answer include all required information?,0,val,c7
1467,913,white :: The color white does not absorb as much heat as a darker color and the doghouse wont get as hot.,Does the answer include all required information?,0,val,c7
1468,955,white :: the color on the outside will either heat up or cool down the doghouse and since white was still warm but not too hot so white is the best color for the doghouse.,Does the answer include all required information?,0,train,c7
1469,1461,"white :: White would be the best color. this is becaus e on average it had the lowest tempature inside, so it asorbed or blocked the most heat, it had an averge of 42 degrees while black had an average of 53 degrees",Does the answer include all required information?,1,train,c7
1470,358,dark gray :: This will keep the dog warm but it wont get to hot or cold.,Does the answer include all required information?,0,train,c7
1471,109,"white ::  The darker the color, the greatest increase i n temperature because darker colors absorb more energy. The white would keep the doghouse's roof cool on a very sunny day, since the light color doesnt absorb energy as fast as the dark colors.",Does the answer include all required information?,0,train,c7
1472,1533,white ::  its obsorves less energy from the sun than al l the darker colors,Does the answer include all required information?,0,train,c7
1473,53,white ::  If the color is a dark color then the tempera ture will increase more than if the color is a lighter shade. White was t he color that affected the temperature the least in the experiment and th at would be the best color for the doghouse's temperature.,Does the answer include all required information?,0,train,c7
1474,865,"dark gray :: The dog house would not be too hot in the sum mer if you did a dark gray, also if you chose a light gray it could be co ld in the winter, so there for dark gray would be the best color.",Does the answer include all required information?,0,train,c7
1475,1338,light gray ::  light gray is more as cooler than black or dark gray in the summer but black and dark gray will be warmer in the winter light gray or white. Meaning light gray is in the middle.,Does the answer include all required information?,0,train,c7
1476,529,white :: so if it is hot out side and the dog wants to go in side the dog house then it will be cooler because the color of the dog house is white.,Does the answer include all required information?,0,train,c7
1477,369,white :: it will make it cooler inside because the whi te coloer will deflect light from the house,Does the answer include all required information?,0,val,c7
1478,141,"white :: This color will make the air in the doghouse less hot, so the dog will be a lot cooler while in the doghouse. I know t his because in the experiment the air is hottest with a black lid and coo lest with a white one. So if the sun is beating down on the doghouse, it will only reach about 42(DEG) C, instead of 45(DEG) C or higher.",Does the answer include all required information?,1,train,c7
1479,1090,white :: white doesnt take in colors from the rainbow like black and other colors,Does the answer include all required information?,0,val,c7
1480,823,dark gray :: It will take in heat in the winter and won't take as much in in the summer as black would.,Does the answer include all required information?,0,val,c7
1481,682,"black :: The dark paint color is better because the gr eater the increase in air temprature in the doghouse ,becouse darker colo r absorbs more energy.",Does the answer include all required information?,0,train,c7
1482,1077,white :: If they colored the doghouse white then it wi ll be cool inside and not so hot like it would be if it was black. Because when the jar lid was black the inside of the jar was 53(DEG)C an d when it was white the inside of the jar was 42(DEG)C,Does the answer include all required information?,1,val,c7
1483,767,black :: Black is a dark color so it will absorb more heat and make the dog house a hot temperature.,Does the answer include all required information?,0,train,c7
1484,306,"dark gray :: That color (dark gray) might affect the dog h ouse by absorbing heat cause it is a dark color,but not as dark black,so it won't absorb so munch heat.",Does the answer include all required information?,0,train,c7
1485,465,black :: it wil heat the dog house up more than the ot her colors.,Does the answer include all required information?,0,train,c7
1486,151,white :: The darker colors will absorb heat faster tha n lighter colors.,Does the answer include all required information?,0,train,c7
1487,1368,"white :: If you paint the doghouse white, it will be c ooler inside than if you painted it black. Since black absorbs more energ y it will get hotter faster than if it was painted white.",Does the answer include all required information?,0,train,c7
1488,569,black :: i think the color black will make the isnside of the dog house warm because it is a dark color.,Does the answer include all required information?,0,train,c7
1489,669,"black :: black might affect the doghouse because its going to be dark,hot, and not cmfortable.",Does the answer include all required information?,0,train,c7
1490,170,dark gray :: the dark gray will keep the inside of the dog house warm enough in the winter and not to hot during the summer. the dar k gray was an average of 48(DEG)C which is not as hot as the black lid w hich was an average of 53(DEG)C and not as cold as the light gray which was and average of 45(DEG)C.,Does the answer include all required information?,0,train,c7
1491,624,white ::  Less heat in the dog house so there would be much more comfort for the dog.,Does the answer include all required information?,0,train,c7
1492,809,"white :: It might not give it much light from the sun or any heat because darker colors attract more energy and light. Just lik e with the jars and the lamp. The jar with a black lid had the highest av erage, therefore proving that darker colors attract more energy.",Does the answer include all required information?,0,train,c7
1493,296,white :: White will reduce the temperature in side the doghouse. In the experiment white had an average of 42(DEG)C while the other colors had higher temperature averages.,Does the answer include all required information?,1,train,c7
1494,169,white ::  painting a dog house white will keep it coole r than other colors. in the experiment white had an average temp of 42(DEG) C while black had a 53(DEG)C average,Does the answer include all required information?,0,train,c7
1495,872,"white ::  if the doghouse is painted white the air temp erature will be lower than light gray, dark gray, or black. the white lid jar had an average temperature of 42(DEG)C. the light gray lid had an a verage temperature of 45(DEG)C. the dark gray lid had an average tempera ture of 48(DEG)C. and the black lid had an average temperature of 53(DEG) C. therefor white will help make the inside of the doghouse cooler.",Does the answer include all required information?,1,val,c7
1496,1463,"white ::  white would make the dog house less hot. the data table shows that the white paint kept the jar cooler than the other paint in trial 1,2, and 3.",Does the answer include all required information?,1,train,c7
1497,1099,"light gray :: The doghouse should be light gray because tha t way the air temperature isn't to hot or to cold, it's just about in the middle.",Does the answer include all required information?,0,val,c7
1498,252,"white :: The color white will keep the doghouse cool u nder sunlight, because in the expirement, the white color reflects sunlig ht, not absorbing it. so, the doghouse will be cooler",Does the answer include all required information?,1,train,c7
1499,1454,black :: The color my affect the dog house because the dog might not be the same color as the house or the house will be to dar k because its black.,Does the answer include all required information?,0,train,c7
1500,855,"black ::  The darker the color, the warmer it will be i nside of the doghouse becuase darker colors absorb more energy.",Does the answer include all required information?,0,train,c7
1501,253,light gray ::  it would keep the dog house at a good temp. the entire year round.,Does the answer include all required information?,0,train,c7
1502,566,white :: It Was The Coolest With the Temp. Of 42(DEG) C. It would Be To Hot To Use Black Which Was 53(DEG)C. Inside The Jar.,Does the answer include all required information?,0,train,c7
1503,817,"dark gray :: This color would keep the temperature just ri ght. It wouldn't be too hot or to too cold. The average (DEG)C was 48(DEG) C, the lowest average wsa 42(DEG)C and the highest average was 53(DEG)C.",Does the answer include all required information?,0,train,c7
1504,1191,white :: White would make it more comfortable for the dog and it would be warmer than black because the black absorbs more ener gy than light colors.,Does the answer include all required information?,0,train,c7
1505,1103,"white :: you would probably want to choose white becua se that is the color that will keep it the coolest inside the dogouse, wh en the sun is shinning it is usually warm outside, and the dog will want to use it to cool off, not to get even more hot.",Does the answer include all required information?,0,train,c7
1506,1580,"dark gray :: The best paint color for the doghouse would b e dark gray. In the experiment of the glass jar it had an average of 48(DEG) C and was the second highest temperature. The highest temperature was the black lid with 53(DEG)C. The difference of the highest temperature and second highest temperature was the 5(DEG)C. If using the dark gray paint color it would still absorb energy to keep the dogs warm, but yet be a bit coo l for them too.",Does the answer include all required information?,0,train,c7
1507,291,dark gray :: I think dark gray is good because the t empeture is 48(DEG) and that's not hot so the dog is not going to be hot .And 48(DEG) is not cold either it's cool so the dog wont be cold or hot it'll be just right.But that's my opinion.,Does the answer include all required information?,0,train,c7
1508,591,"white :: The color of the dog house being white wil ca use the doghouse to stay cooler under sunlight. This is beacuse the color white reflects the light away from the doghouse, and the light will not be absorbed and turned into heat energy inside the doghouse.",Does the answer include all required information?,1,train,c7
1509,1532,white ::  if they used white for the color of the dog hous it would keep the inside of it cool because white reflects ligh t.,Does the answer include all required information?,0,train,c7
1510,197,black ::  It will make the inside of the dog house cold or warm .,Does the answer include all required information?,0,train,c7
1511,852,light gray :: This color should make the doghouse a nice co ol temperature cosistantly. I say this because in the data table light gr ay's average temp. was 45(DEG).,Does the answer include all required information?,0,train,c7
1512,760,black :: The black doghouse would keep you warmer in t he winter but it would be really hot in the summer,Does the answer include all required information?,0,train,c7
1513,1399,"light gray :: Using Light Gray would keep the tempurature a t an even or equal rate. If it was cold, it wouldn't keep it as warm, but not super cold either. If it was hot outside, the dog house would keep s orta cool, but not extremely hot either. The average of Black is a high a t 53 degrees. which is super hot. Then White would be too cold at an aver age temp at 42 degrees.",Does the answer include all required information?,0,train,c7
1514,211,black :: black is a darker color so there forth it att racts heat which would cause th tempatuer to go up,Does the answer include all required information?,0,train,c7
1515,1377,white :: it would keep the inside of the doghouse cool er,Does the answer include all required information?,0,train,c7
1516,1206,"black ::  The black paint because it will absorb more light energy causing the inside of the dog house to be warmer, keeping the dog warm at night. The average temperature for the black lid was 53(DEG), while the white was 42(DEG). The black paint had the highest temperature out of all colors and was 11(DEG) higher than the white paint.",Does the answer include all required information?,1,train,c7
1517,174,light gray :: IT will affect it because it will absorb less heat,Does the answer include all required information?,0,train,c7
1518,710,"white :: the white color will attract less energy than the others, thus making the doghouse cooler",Does the answer include all required information?,0,train,c7
1519,3,white :: I chose white for the color of paint for the dog house. White might affect the doghouse by keeping the inside cooler d uring the day. When the glass jar had a black lid the average temperature was 53(DEG)C. When the glass jar had a white lid after ten minutes the average temperature in the jar was only 42(DEG)C. This is a difference o f 11(DEG)C. White is the better choice for paint color on a doghouse bec ause it will keep a dog cool in the middle of the day.,Does the answer include all required information?,1,train,c7
1520,1438,"black :: i chose the black color becasue that if the d og likes it hot then this would be the right becasue when they see what c olor would be the hotes and the trials number are 54(DEG), 52(DEG), 53(DEG) ((DEG)c) and the average temp. is 53(DEG)c if the dog likes it hot in there",Does the answer include all required information?,0,train,c7
1521,1384,light gray :: light gray because it wont make the inside of the dog house to hot because the dog already has a large coat of fur and dark gray wont over heat the dog house.,Does the answer include all required information?,0,train,c7
1522,748,"white :: Assuming that the location of the doghouse ha s a warm climate, the white paint color will be more likely to keep the t emperature of the air inside the doghouse at a cooler, or lower, temperat ure. This can be said because the white paint color, on average, made the air inside the glass jar a temperature of 42(DEG) C, compared to 53(DEG) C for black paint, 48(DEG) C for dark gray paint, and 45(DEG) C for light gr ay paint. It is vital that the doghouse maintains a low temperature so th at the dog, that stays inside the doghouse, doesn't overheat.",Does the answer include all required information?,1,train,c7
1523,1113,black ::  if you use black paint then it will take in m ore heat because dark colors absorb more energy like they found out in th e lab hot lamp the black was at least 5(DEG)c hotter then all the other colors.,Does the answer include all required information?,0,train,c7
1524,1484,"white :: The white paint should keep the inside temper ature of the doghouse cooler on a hot day, than say black paint for examp le. When comparing the average temperatures of all the lid colors the whi te lid kept the glass jar at a cooler temperature. On average about 6.6(DEG) C cooler, compared with the averages for the other lids. So, therefore white pa int is the better choice, especially if you are looking to keep the insid e of the dog house cool for your dog on a hot day.",Does the answer include all required information?,1,train,c7
1525,312,black :: it would increase the temerature more than an y colors selected.,Does the answer include all required information?,0,train,c7
1526,1491,black :: it will keep the dog house warmer because the black attracks heat,Does the answer include all required information?,0,train,c7
1527,640,black :: it will effect it because the suns rays will heat it,Does the answer include all required information?,0,train,c7
1528,959,"white ::  White because in the data it say that white had the lowest tempature with a average of 42(DEG)C. If the they painted it white, it would keep the dog house at a cooler tempature during hot sunny days.",Does the answer include all required information?,1,train,c7
1529,186,black ::  The color black because it would be warm in t he doghouse. Since black absorbs more heat black would be best to keep th e dog warm rather than cold.,Does the answer include all required information?,0,train,c7
1530,167,black :: The sun absorbs more energy in the color. Mak ing the inside of the doghouse hot &amp; warm.,Does the answer include all required information?,0,train,c7
1531,1249,"white :: If you were to build a dog house you wouldn't want it to get to hot, so I would choose white. The average was 42(DEG) C, since it was the coolest of the jars I think it would be best for the dog house.",Does the answer include all required information?,0,val,c7
1532,286,white :: because white is the the color that regects a ll light there for keeping the light rays from soaking in causing heat,Does the answer include all required information?,0,train,c7
1533,791,"white ::  By painting the dog house white, it would make the inside of the doghouse cooler. This is proven because in each trial, white had the lowest temperature. For example, in the experiment, White's average tempurate was 42(DEG), compared to black's average, which was 53(DEG); a huge difference!",Does the answer include all required information?,1,train,c7
1534,1020,"light gray ::  The color light gray would have to be the be st color to paint the doghouse. They wouldnt want to use black because si nce black is a dark color itll absorb more energy &amp; make the air temp erature rise high. So black wouldnt be a good color because they wouldnt want the dogs to get to hot. That is why i chose light gray because i thi nk its just righ to paint the doghouse. With light gray, the dogs wouldnt be to hot or too cold. They would be just right.",Does the answer include all required information?,0,train,c7
1535,36,white :: i would say white because in the experiment t he darker the color the hotter it got. And with white being the lightest color the dog would not get as hot.,Does the answer include all required information?,0,train,c7
1536,165,light gray :: light gray because it wouldn't be that hot in the summer time and in would not be that cold. becaue in the results the average for light grey was 45(DEG).and that in perfect tempature,Does the answer include all required information?,0,train,c7
1537,438,black ::  The black lid will attract more heat to the d og house.,Does the answer include all required information?,0,train,c7
1538,1634,"white :: by painting the doghouse white it would make the doghouse cooler inside than painting it black dark gray or light gray because in the data it shows that the average temperature of the air in the jar that had the white lid was 42(DEG)c , and the average temprature for the air inside the jar that had the black lid was 53(DEG)c. by painting the doghouse white there would be a difference in heat of 11(DEG)c t han painting the doghouse black. therefore painting the doghouse white would be the best choice of color to paint the doghouse because it would keep it the coolist temperature.",Does the answer include all required information?,1,train,c7
1539,106,dark gray ::  the color affect the dog house because with dark gray the temperature is kept the same instead of varying from one temp to the other. Plus dog dont want it to be too cold in there dog house so i figured they want a temperature that will keep them warm and kinda chill,Does the answer include all required information?,0,val,c7
1540,51,"white :: White would affect the inside of the doghouse becuase it is a light color so it will absorb less enrgy becuase the dar ker the color the more enrgy it will absorb. In teh data table from their experiment, black absorbed the most energy and white absorbed the least energy so that is why they should choose white for the doghouse",Does the answer include all required information?,1,val,c7
1541,1537,black ::  i would chooose black for my dog's house brco use during the winters the dog house would need all the heat it could get so i would choose black. black is the best color to choose becouse in th e test it was an average of 11(DEG)c hotter!,Does the answer include all required information?,0,train,c7
1542,1606,white :: the best color to choose would be white becau se on average white had the lowest temperature of all the colors meeaning the inside of the doghouse would be cooler,Does the answer include all required information?,0,train,c7
1543,795,black :: will absord more energy,Does the answer include all required information?,0,train,c7
1544,552,dark gray ::  Dark gray would be a good color to paint the doghouse because it's not too hot and it's not too cold. The average temperature would be 48(DEG) C. Just right.,Does the answer include all required information?,0,train,c7
1545,2,white :: The color white is the best choice. It will keep the doghouse a cooler tempture. This is proven by the data gathered by the trials. According to the data the average air temperature of a black lid on a jar was 53(DEG) C. When the lid was changed the white the temperature droped to an average of 42(DEG) C. This proves that white would be a better temperature control factor.,Does the answer include all required information?,1,train,c7
1546,1092,light gray ::  i chose light gray because the inside of the doghouse would be warm and the dogs fur would keep the dog warm in the wi nter.,Does the answer include all required information?,0,train,c7
1547,260,"white ::  On a hot summer day, it's easy for dogs to ge t overheated, harming them and even killing them. Therefore, white is the best color of paint to use because the air inside of it only increases b y 18(DEG)C after ten minutes of exposure to light and heat. With black p aint, it increases by 29(DEG)C, which could definately be detrimental to a dogs health.",Does the answer include all required information?,1,train,c7
1548,450,white ::  because the whit well not be as heated in the dog house unlike black because that welll heat the whole doghouse,Does the answer include all required information?,0,train,c7
1549,459,white :: If the dark the color the hotter it gets why not choose white to keep the dog nice and cool in some ways.,Does the answer include all required information?,0,train,c7
1550,1199,"white ::  White would be the best color for a dog house because according to this expiriment whit absorbs the most heat with an average temperature of 42(DEG)C compared to the black paint which had an average tempurature of 53.25(DEG)C, making the dog house a cooler place to live.",Does the answer include all required information?,1,train,c7
1551,726,"white ::  It could get dirty, you could piant it over agia,and you could draw on the walls.",Does the answer include all required information?,0,train,c7
1552,188,"white :: If the color of the doghouse is white, this w ill keep the house cool. According to the experiment, the black lid incre ased the air temperature by 29(DEG)C in 10 minutes, while the white lid only increased it by 18(DEG)C.",Does the answer include all required information?,0,train,c7
1553,990,"white ::  Using white paint would make the doghouse col der than if they used black paint. As was shown by the table, the average temperature of the jar with a black lid was 53(DEG)C, while the average temperature of the jar with a white lid was 42(DEG)C. The jar with the black lid was 11(DEG)C warmer than the jar with the white lid. Thus, usi ng white paint would also make the doghouse colder than using black paint , and Brandi and Jerry should use white paint.",Does the answer include all required information?,1,train,c7
1554,473,black ::  The color black absorbs all the colors of lig ht so the inside of the doghouse would be hot becase the color is absorbi ng and trapping the heat from the light.,Does the answer include all required information?,0,train,c7
1555,1234,dark gray :: dark gray may attract more heat to the dog ho use but no as much as black.,Does the answer include all required information?,0,train,c7
1556,803,"dark gray :: If they choose dark gray as the color for the doghouse, the temperature of doghouse would be neither too hot or too co ld for the dog. I chose dark gray because black would be too hot for dogs because they have furs but white would be too cold because even though t he dogs have furs, if the temperature is cold, thye will get cold. So i t hink dark gray is the best color to choose.",Does the answer include all required information?,0,train,c7
1557,1017,"white :: using white paint would keep the temperature inside of the doghouse low on a sunny day. the average temperature of the white lid was 42(DEG)C and the average temperature of the blace lid was 53(DEG)C, the white lid was 11(DEG)C cooler then the jar with the blac k lid",Does the answer include all required information?,0,train,c7
1558,1153,"black :: We can see from this expirement that darker colors absorb more heat. Knowing this information, for the dog to be more warm and comfortable inside his doghouse, Brandi and Jerry should paint the house Black.",Does the answer include all required information?,0,train,c7
1559,336,"light gray :: Well ,I pick Light gray because I wouldnt wan t too much energy in my dogs house if i had to pick a color . Most dogs g oes in their house soo they can either cool off or to relax .",Does the answer include all required information?,0,train,c7
1560,1423,light gray ::  it will keep it warm for those cold night an d keep it cool for those hot summer days.,Does the answer include all required information?,0,train,c7
1561,57,dark gray ::  I think that they should paint the dog house black because it absorbs more sunlight and allow the house to be warmer. The black had the highest temperture that was 54 degrees and the white on e had 41 degrees.,Does the answer include all required information?,0,train,c7
1562,289,"white ::  having this colour will effect the dog house because light colours reflect heat, so if you paint the house white, then there wont as much heat on the walls, making the doghouse cooler. this i s shown by the fact that in the jar experement, black had the hottest dat a and white had the coolest.",Does the answer include all required information?,1,train,c7
1563,536,white :: White. Because the black attracts light so th en the dog house would heat up. th edark Gray is also like the black so t hat wont work either. The last decision was light gray or white so i pick ed white because that color doesnt attract light.,Does the answer include all required information?,0,train,c7
1564,1421,white :: That will affect the doghouse becuase that wa y there wont be to much pressure in the dog house. Then the dog wil l be comfortable,Does the answer include all required information?,0,train,c7
1565,975,white :: I would use a light color like White in this case because if its 95 degrees outside and you have a black dog house the dog house is going to be hot.Like in the experiment they used they used a black lid because it would make the jar the hotest.,Does the answer include all required information?,0,train,c7
1566,858,"white ::  hite will keep the doghouse cooler inside bec uase white attracks less energy than black, dark grey, and light grey. th e white was the lowest average tempatue a 42(DEG)C",Does the answer include all required information?,0,train,c7
1567,199,"black :: Black absorbs light. Just like with the jar l id when it was black, it absorbed the most. So if you colored the doghous e black it would increase the temperature inside it.",Does the answer include all required information?,0,train,c7
1568,577,light gray ::  You dont want the dog to hot so make it so it will be cooler inside. It will be about 45(DEG)C,Does the answer include all required information?,0,train,c7
1569,1535,white ::  white would not attract as much heat as the o ther darker colors,Does the answer include all required information?,0,train,c7
1570,1396,"light gray ::  On hot sunny days the color of the house wouldn't absorb so much heat, So the house woldnt get so hot, But if it was a cold day the colors of the house could reflect the cold air, Becuas e, Lighter colors reflect heat, &amp; darker colors absorb heat.",Does the answer include all required information?,0,train,c7
1571,1220,"white ::  white would be best because it reflects more energy, the table shows that the average temp. after three trials for the white lid was 42 degrees celcius which is 11 dgrees cooler than the h ighest average(52 degrees celcius) or the black lid.",Does the answer include all required information?,0,train,c7
